"team_name","league","country","season","transfer_type","player_name","player_url","player_position","player_age","player_nationality","club_2","league_2","country_2","transfer_fee","is_loan","transfer_notes","window","in_squad","appearances","goals","minutes_played"
"FCSB","SuperLiga","Romania","2006","Arrivals","Ovidiu Petre","https://www.transfermarkt.com/ovidiu-petre/profil/spieler/9762","Defensive Midfield","24","Romania","Poli. Timisoara","SuperLiga","Romania",1500000,FALSE,NA,"Summer",31,28,2,1391
"FCSB","SuperLiga","Romania","2006","Arrivals","Valentin Badea","https://www.transfermarkt.com/valentin-badea/profil/spieler/43758","Centre-Forward","23","Romania","FC Vaslui","SuperLiga","Romania",1e+06,FALSE,NA,"Summer",48,47,17,2976
"FCSB","SuperLiga","Romania","2006","Arrivals","Cyril Théréau","https://www.transfermarkt.com/cyril-thereau/profil/spieler/29316","Centre-Forward","23","France","R Charleroi SC","Jupiler Pro League","Belgium",7e+05,FALSE,NA,"Summer",26,25,10,1608
"FCSB","SuperLiga","Romania","2006","Arrivals","Gigel Coman","https://www.transfermarkt.com/gigel-coman/profil/spieler/25930","Left Midfield","27","Romania","Poli. Timisoara","SuperLiga","Romania",450000,FALSE,NA,"Summer",33,21,0,1078
"FCSB","SuperLiga","Romania","2006","Arrivals","Klemi Saban","https://www.transfermarkt.com/klemi-saban/profil/spieler/43764","Right-Back","26","Israel","Maccabi Haifa","Ligat ha'Al","Israel",4e+05,FALSE,NA,"Summer",31,12,0,946
"FCSB","SuperLiga","Romania","2006","Arrivals","Andrey","https://www.transfermarkt.com/andrey/profil/spieler/45500","Goalkeeper","22","Brazil","Figueirense FC","Série A","Brazil",4e+05,FALSE,NA,"Summer",10,7,0,660
"FCSB","SuperLiga","Romania","2006","Arrivals","Stelian Stancu","https://www.transfermarkt.com/stelian-stancu/profil/spieler/45487","Right-Back","24","Romania","Sportul S.",NA,"Romania",250000,FALSE,NA,"Summer",30,22,1,1581
"FCSB","SuperLiga","Romania","2006","Arrivals","Bogdan Panait","https://www.transfermarkt.com/bogdan-panait/profil/spieler/43762","Centre-Back","23","Romania","FC Vaslui","SuperLiga","Romania",1e+05,FALSE,NA,"Summer",11,1,0,8
"FCSB","SuperLiga","Romania","2006","Arrivals","Alexandru Iacob","https://www.transfermarkt.com/alexandru-iacob/profil/spieler/53201","Centre-Back","17","Romania","Corvinul 2005",NA,"Romania",NA,FALSE,"?","Summer",NA,NA,NA,NA
"FCSB","SuperLiga","Romania","2006","Arrivals","Laurentiu Dinita","https://www.transfermarkt.com/laurentiu-dinita/profil/spieler/26493","Centre-Forward","31","Romania","Jiul Petrosani","SuperLiga","Romania",NA,TRUE,"End of loan Jun 30, 2006","Summer",NA,NA,NA,NA
"FCSB","SuperLiga","Romania","2006","Arrivals","Daniel Bălan","https://www.transfermarkt.com/daniel-balan/profil/spieler/26488","Right-Back","26","Romania","FC Vaslui","SuperLiga","Romania",NA,TRUE,"End of loan Jun 30, 2006","Summer",4,1,0,90
"FCSB","SuperLiga","Romania","2006","Departures","George Ogăraru","https://www.transfermarkt.com/george-ogararu/profil/spieler/26501","Right-Back","26","Romania","Ajax","Eredivisie","Netherlands",3e+06,FALSE,NA,"Summer",NA,NA,NA,NA
"FCSB","SuperLiga","Romania","2006","Departures","Andrei Cristea","https://www.transfermarkt.com/andrei-cristea/profil/spieler/26491","Centre-Forward","22","Romania","Poli. Timisoara","SuperLiga","Romania",2e+05,FALSE,NA,"Summer",NA,NA,NA,NA
"FCSB","SuperLiga","Romania","2006","Departures","Valentin Simion","https://www.transfermarkt.com/valentin-simion/profil/spieler/34760","Centre-Forward","19","Romania","UTA Arad","SuperLiga","Romania",1e+05,TRUE,NA,"Summer",NA,NA,NA,NA
"FCSB","SuperLiga","Romania","2006","Departures","Alin Litu","https://www.transfermarkt.com/alin-litu/profil/spieler/34938","Centre-Forward","19","Romania","Jiul Petrosani","SuperLiga","Romania",1e+05,TRUE,NA,"Summer",NA,NA,NA,NA
"FCSB","SuperLiga","Romania","2006","Departures","Laurentiu Dinita","https://www.transfermarkt.com/laurentiu-dinita/profil/spieler/26493","Centre-Forward","31","Romania","Aris Limassol","Cyprus League","Cyprus",0,FALSE,NA,"Summer",NA,NA,NA,NA
"FCSB","SuperLiga","Romania","2006","Departures","Andrei Enescu","https://www.transfermarkt.com/andrei-enescu/profil/spieler/34936","Central Midfield","18","Romania","Pandurii ","SuperLiga","Romania",0,FALSE,NA,"Summer",NA,NA,NA,NA
"FCSB","SuperLiga","Romania","2006","Departures","Daniel Bălan","https://www.transfermarkt.com/daniel-balan/profil/spieler/26488","Right-Back","26","Romania","Omonia Nicosia","Cyprus League","Cyprus",NA,TRUE,"loan transfer","Summer",4,1,0,90
"FCSB","SuperLiga","Romania","2006","Departures","Alexandru Tudose","https://www.transfermarkt.com/alexandru-tudose/profil/spieler/34941","Centre-Back","19","Romania","UTA Arad","SuperLiga","Romania",NA,TRUE,"loan transfer","Summer",NA,NA,NA,NA
"FCSB","SuperLiga","Romania","2006","Arrivals","Élton","https://www.transfermarkt.com/elton/profil/spieler/48669","Attacking Midfield","20","Brazil","Corinthians","Série A","Brazil",1650000,FALSE,NA,"Winter",13,9,1,471
"FCSB","SuperLiga","Romania","2006","Arrivals","Marius Croitoru","https://www.transfermarkt.com/marius-croitoru/profil/spieler/46526","Right Winger","26","Romania","FC Vaslui","SuperLiga","Romania",450000,FALSE,NA,"Winter",16,12,0,701
"FCSB","SuperLiga","Romania","2006","Arrivals","Daniel Bălan","https://www.transfermarkt.com/daniel-balan/profil/spieler/26488","Right-Back","27","Romania","Omonia Nicosia","Cyprus League","Cyprus",NA,TRUE,"End of loan Dec 31, 2006","Winter",4,1,0,90
"FCSB","SuperLiga","Romania","2006","Arrivals","Răzvan Avram","https://www.transfermarkt.com/razvan-avram/profil/spieler/156804","Right Winger","20","Romania","Poiana Campina",NA,"Romania",NA,TRUE,"End of loan Dec 31, 2006","Winter",NA,NA,NA,NA
"FCSB","SuperLiga","Romania","2006","Departures","Bogdan Panait","https://www.transfermarkt.com/bogdan-panait/profil/spieler/43762","Centre-Back","23","Romania","FC Vaslui","SuperLiga","Romania",50000,FALSE,NA,"Winter",11,1,0,8
"FCSB","SuperLiga","Romania","2006","Departures","Daniel Bălan","https://www.transfermarkt.com/daniel-balan/profil/spieler/26488","Right-Back","27","Romania","FC Arges","SuperLiga","Romania",NA,TRUE,"loan transfer","Winter",4,1,0,90
"FCSB","SuperLiga","Romania","2006","Departures","Carlos Fernandes","https://www.transfermarkt.com/carlos-fernandes/profil/spieler/23211","Goalkeeper","27","Angola","Without Club",NA,NA,NA,FALSE,"-","Winter",27,16,0,1440
"FCSB","SuperLiga","Romania","2006","Departures","Marius Toma","https://www.transfermarkt.com/marius-toma/profil/spieler/34939","Goalkeeper","20","Romania","FCSB II",NA,"Romania",NA,FALSE,"-","Winter",1,0,0,0
"FC Rapid 1923","SuperLiga","Romania","2006","Arrivals","Ionuț Mazilu","https://www.transfermarkt.com/ionut-mazilu/profil/spieler/43934","Centre-Forward","24","Romania","Sportul S.",NA,"Romania",1500000,FALSE,NA,"Summer",25,24,9,1444
"FC Rapid 1923","SuperLiga","Romania","2006","Arrivals","Ryan Griffiths","https://www.transfermarkt.com/ryan-griffiths/profil/spieler/42766","Centre-Forward","24","Australia","Progresul","SuperLiga","Romania",7e+05,FALSE,NA,"Summer",26,23,2,1023
"FC Rapid 1923","SuperLiga","Romania","2006","Arrivals","Cristian Săpunaru","https://www.transfermarkt.com/cristian-sapunaru/profil/spieler/25942","Centre-Back","22","Romania","Progresul","SuperLiga","Romania",5e+05,FALSE,NA,"Summer",39,28,1,1974
"FC Rapid 1923","SuperLiga","Romania","2006","Arrivals","Costin Lazăr","https://www.transfermarkt.com/costin-lazar/profil/spieler/44714","Central Midfield","25","Romania","Sportul S.",NA,"Romania",250000,FALSE,NA,"Summer",34,34,2,2464
"FC Rapid 1923","SuperLiga","Romania","2006","Arrivals","Ianis Zicu","https://www.transfermarkt.com/ianis-zicu/profil/spieler/16909","Attacking Midfield","22","Romania","Inter","Serie A","Italy",175000,TRUE,NA,"Summer",43,42,15,3069
"FC Rapid 1923","SuperLiga","Romania","2006","Arrivals","Marius Pistol","https://www.transfermarkt.com/marius-pistol/profil/spieler/53974","Centre-Back","19","Romania","FC Sibiu",NA,"Romania",NA,FALSE,"?","Summer",3,1,0,90
"FC Rapid 1923","SuperLiga","Romania","2006","Arrivals","Lucian Raduta","https://www.transfermarkt.com/lucian-raduta/profil/spieler/53978","Centre-Forward","17","Romania","Rapid 1923 U18",NA,"Romania",NA,FALSE,"-","Summer",3,1,0,90
"FC Rapid 1923","SuperLiga","Romania","2006","Arrivals","Andrei Marinescu","https://www.transfermarkt.com/andrei-marinescu/profil/spieler/45052","Goalkeeper","21","Romania","Rapid 1923 II",NA,"Romania",NA,FALSE,"-","Summer",7,2,0,180
"FC Rapid 1923","SuperLiga","Romania","2006","Arrivals","Andrei Petrescu","https://www.transfermarkt.com/andrei-petrescu/profil/spieler/242121","Striker","20","Romania","Rapid 1923 II",NA,"Romania",NA,FALSE,"-","Summer",3,2,0,29
"FC Rapid 1923","SuperLiga","Romania","2006","Arrivals","Alexandru Dobroiu","https://www.transfermarkt.com/alexandru-dobroiu/profil/spieler/53883","Centre-Forward","18","Romania","Rapid 1923 U18",NA,"Romania",NA,FALSE,"-","Summer",NA,NA,NA,NA
"FC Rapid 1923","SuperLiga","Romania","2006","Arrivals","Apoula Edel","https://www.transfermarkt.com/apoula-edel/profil/spieler/41647","Goalkeeper","20","Armenia","KAA Gent","Jupiler Pro League","Belgium",NA,TRUE,"End of loan Sep 1, 2006","Summer",26,10,0,822
"FC Rapid 1923","SuperLiga","Romania","2006","Departures","Daniel Niculae","https://www.transfermarkt.com/daniel-niculae/profil/spieler/34512","Centre-Forward","23","Romania","AJ Auxerre","Ligue 1","France",3300000,FALSE,NA,"Summer",NA,NA,NA,NA
"FC Rapid 1923","SuperLiga","Romania","2006","Departures","Emilian Dolha","https://www.transfermarkt.com/emilian-dolha/profil/spieler/35430","Goalkeeper","26","Romania","Wisla Kraków","Ekstraklasa","Poland",0,FALSE,NA,"Summer",NA,NA,NA,NA
"FC Rapid 1923","SuperLiga","Romania","2006","Departures","Ionut Flavius Curca","https://www.transfermarkt.com/ionut-flavius-curca/profil/spieler/35429","Goalkeeper","28","Romania","Ceahlaul","SuperLiga","Romania",0,FALSE,NA,"Summer",NA,NA,NA,NA
"FC Rapid 1923","SuperLiga","Romania","2006","Departures","Júnior","https://www.transfermarkt.com/junior/profil/spieler/7022","Defensive Midfield","27","Brazil","Paysandu",NA,"Brazil",NA,FALSE,"?","Summer",NA,NA,NA,NA
"FC Rapid 1923","SuperLiga","Romania","2006","Departures","Gigel Ene","https://www.transfermarkt.com/gigel-ene/profil/spieler/35436","Attacking Midfield","23","Romania","Ceahlaul","SuperLiga","Romania",NA,FALSE,"?","Summer",NA,NA,NA,NA
"FC Rapid 1923","SuperLiga","Romania","2006","Departures","Marius Postolache","https://www.transfermarkt.com/marius-postolache/profil/spieler/35433","Right Midfield","22","Romania","Sportul S.",NA,"Romania",NA,FALSE,"?","Summer",NA,NA,NA,NA
"FC Rapid 1923","SuperLiga","Romania","2006","Departures","Adrian Rusu","https://www.transfermarkt.com/adrian-rusu/profil/spieler/35440","Right-Back","21","Romania","UTA Arad","SuperLiga","Romania",NA,FALSE,"?","Summer",NA,NA,NA,NA
"FC Rapid 1923","SuperLiga","Romania","2006","Departures","Marian Zeciu","https://www.transfermarkt.com/marian-zeciu/profil/spieler/46683","Centre-Back","29","Armenia","Ceahlaul","SuperLiga","Romania",NA,FALSE,"?","Summer",NA,NA,NA,NA
"FC Rapid 1923","SuperLiga","Romania","2006","Departures","Arman Karamyan","https://www.transfermarkt.com/arman-karamyan/profil/spieler/44091","Left Winger","26","Armenia","Ceahlaul","SuperLiga","Romania",NA,FALSE,"?","Summer",NA,NA,NA,NA
"FC Rapid 1923","SuperLiga","Romania","2006","Departures","Andrei Petrescu","https://www.transfermarkt.com/andrei-petrescu/profil/spieler/242121","Striker","21","Romania","Ceahlaul","SuperLiga","Romania",NA,FALSE,"?","Summer",3,2,0,29
"FC Rapid 1923","SuperLiga","Romania","2006","Departures","Apoula Edel","https://www.transfermarkt.com/apoula-edel/profil/spieler/41647","Goalkeeper","20","Armenia","KAA Gent","Jupiler Pro League","Belgium",NA,TRUE,"loan transfer","Summer",26,10,0,822
"FC Rapid 1923","SuperLiga","Romania","2006","Departures","Daniel Pancu","https://www.transfermarkt.com/daniel-pancu/profil/spieler/6888","Centre-Forward","28","Romania","Besiktas","Süper Lig","Türkiye",NA,TRUE,"End of loan Jun 30, 2006","Summer",NA,NA,NA,NA
"FC Rapid 1923","SuperLiga","Romania","2006","Arrivals","Ionel Ganea","https://www.transfermarkt.com/ionel-ganea/profil/spieler/595","Centre-Forward","33","Romania","FC Dinamo","SuperLiga","Romania",NA,FALSE,"?","Winter",14,12,4,694
"FC Rapid 1923","SuperLiga","Romania","2006","Departures","Ryan Griffiths","https://www.transfermarkt.com/ryan-griffiths/profil/spieler/42766","Centre-Forward","25","Australia","Liaoning FC","Super League","China",5e+05,TRUE,NA,"Winter",26,23,2,1023
"FC Rapid 1923","SuperLiga","Romania","2006","Departures","Ciprian Vasilache","https://www.transfermarkt.com/ciprian-vasilache/profil/spieler/34514","Attacking Midfield","23","Romania","Pandurii ","SuperLiga","Romania",150000,FALSE,NA,"Winter",8,4,0,107
"FC Rapid 1923","SuperLiga","Romania","2006","Departures","Artavazd Karamyan","https://www.transfermarkt.com/artavazd-karamyan/profil/spieler/34504","Left Midfield","27","Armenia","Poli. Timisoara","SuperLiga","Romania",0,FALSE,NA,"Winter",29,27,1,2243
"FC Rapid 1923","SuperLiga","Romania","2006","Departures","Valentin Negru","https://www.transfermarkt.com/valentin-negru/profil/spieler/35439","Central Midfield","24","Romania","Unirea Urziceni","SuperLiga","Romania",0,FALSE,NA,"Winter",16,10,0,346
"FC Rapid 1923","SuperLiga","Romania","2006","Departures","Nicolae Constantin","https://www.transfermarkt.com/nicolae-constantin/profil/spieler/34502","Centre-Back","33","Romania","Digenis Morfou","Cyprus League","Cyprus",NA,FALSE,"?","Winter",17,11,2,612
"FC Dinamo 1948","SuperLiga","Romania","2006","Arrivals","Vojislav Vranjkovic","https://www.transfermarkt.com/vojislav-vranjkovic/profil/spieler/36950","Defensive Midfield","23","Serbia","Pandurii ","SuperLiga","Romania",6e+05,FALSE,NA,"Summer",12,9,0,296
"FC Dinamo 1948","SuperLiga","Romania","2006","Arrivals","Silviu Balace","https://www.transfermarkt.com/silviu-balace/profil/spieler/47867","Left-Back","27","Romania","Poli. Timisoara","SuperLiga","Romania",450000,FALSE,NA,"Summer",14,11,0,486
"FC Dinamo 1948","SuperLiga","Romania","2006","Arrivals","Zé Kalanga","https://www.transfermarkt.com/ze-kalanga/profil/spieler/39988","Right Winger","22","Angola","Petro Luanda",NA,"Angola",350000,FALSE,NA,"Summer",29,27,2,1620
"FC Dinamo 1948","SuperLiga","Romania","2006","Arrivals","Glen Moss","https://www.transfermarkt.com/glen-moss/profil/spieler/44940","Goalkeeper","23","New Zealand","NZ Knights FC","A-League Men","New Zealand",1e+05,FALSE,NA,"Summer",17,3,0,270
"FC Dinamo 1948","SuperLiga","Romania","2006","Arrivals","Sreten Stanic","https://www.transfermarkt.com/sreten-stanic/profil/spieler/36071","Left Midfield","22","Serbia","Poli. Timisoara","SuperLiga","Romania",80000,FALSE,NA,"Summer",5,2,0,37
"FC Dinamo 1948","SuperLiga","Romania","2006","Arrivals","Dennis Șerban","https://www.transfermarkt.com/dennis-serban/profil/spieler/7581","Central Midfield","30","Romania","AE Larisa","Super League 1","Greece",0,FALSE,NA,"Summer",17,13,2,693
"FC Dinamo 1948","SuperLiga","Romania","2006","Arrivals","George Blay","https://www.transfermarkt.com/george-blay/profil/spieler/12499","Right-Back","25","Ghana","La Louviere",NA,"Belgium",0,FALSE,NA,"Summer",44,43,0,3661
"FC Dinamo 1948","SuperLiga","Romania","2006","Arrivals","Cosmin Pascovici","https://www.transfermarkt.com/cosmin-pascovici/profil/spieler/44942","Left-Back","28","Romania","Farul Constanta","SuperLiga","Romania",0,FALSE,NA,"Summer",15,6,0,230
"FC Dinamo 1948","SuperLiga","Romania","2006","Arrivals","Jean-Philippe Mendy","https://www.transfermarkt.com/jean-philippe-mendy/profil/spieler/45270","Centre-Forward","19","France","CS Chênois","1. Liga Gr. 1 (- 11/12)","Switzerland",0,FALSE,NA,"Summer",20,11,1,223
"FC Dinamo 1948","SuperLiga","Romania","2006","Arrivals","Ionel Ganea","https://www.transfermarkt.com/ionel-ganea/profil/spieler/595","Centre-Forward","32","Romania","Wolves","Championship","England",NA,FALSE,"?","Summer",24,24,14,1594
"FC Dinamo 1948","SuperLiga","Romania","2006","Arrivals","Dan Codreanu","https://www.transfermarkt.com/dan-codreanu/profil/spieler/44937","Left Winger","23","Romania","U Cluj",NA,"Romania",NA,FALSE,"?","Summer",5,0,0,0
"FC Dinamo 1948","SuperLiga","Romania","2006","Arrivals","Leo Lerinc","https://www.transfermarkt.com/leo-lerinc/profil/spieler/44938","Left Midfield","30","Serbia","Ethnikos","Cyprus League","Cyprus",NA,FALSE,"?","Summer",5,1,0,14
"FC Dinamo 1948","SuperLiga","Romania","2006","Arrivals","Iulian Tameș","https://www.transfermarkt.com/iulian-tames/profil/spieler/26052","Central Midfield","27","Romania","Progresul","SuperLiga","Romania",NA,FALSE,"?","Summer",22,20,0,1063
"FC Dinamo 1948","SuperLiga","Romania","2006","Arrivals","Dino Eze","https://www.transfermarkt.com/dino-eze/profil/spieler/54769","Left Midfield","22","Nigeria","Loko Plovdiv","efbet Liga","Bulgaria",NA,FALSE,"?","Summer",NA,NA,NA,NA
"FC Dinamo 1948","SuperLiga","Romania","2006","Arrivals","Valentin Lemnaru","https://www.transfermarkt.com/valentin-lemnaru/profil/spieler/48690","Centre-Forward","22","Romania","D. Calarasi",NA,"Romania",NA,FALSE,"?","Summer",7,1,0,11
"FC Dinamo 1948","SuperLiga","Romania","2006","Arrivals","Georgian Păun","https://www.transfermarkt.com/georgian-paun/profil/spieler/74552","Left Winger","20","Romania","Astra Giurgiu",NA,"Romania",NA,FALSE,"?","Summer",NA,NA,NA,NA
"FC Dinamo 1948","SuperLiga","Romania","2006","Arrivals","Eugen Craciun","https://www.transfermarkt.com/eugen-craciun/profil/spieler/48666","Right-Back","20","Romania","Dinamo II",NA,"Romania",NA,FALSE,"-","Summer",1,1,0,3
"FC Dinamo 1948","SuperLiga","Romania","2006","Arrivals","Nicolae Musat","https://www.transfermarkt.com/nicolae-musat/profil/spieler/53196","Left-Back","19","Romania","Dinamo U18",NA,"Romania",NA,FALSE,"-","Summer",3,2,0,15
"FC Dinamo 1948","SuperLiga","Romania","2006","Arrivals","Ștefan Radu","https://www.transfermarkt.com/stefan-radu/profil/spieler/44420","Left-Back","19","Romania","Dinamo II",NA,"Romania",NA,FALSE,"-","Summer",44,44,2,3907
"FC Dinamo 1948","SuperLiga","Romania","2006","Arrivals","Liviu Ganea","https://www.transfermarkt.com/liviu-ganea/profil/spieler/45267","Centre-Forward","18","Romania","Dinamo U18",NA,"Romania",NA,FALSE,"-","Summer",16,13,2,561
"FC Dinamo 1948","SuperLiga","Romania","2006","Arrivals","Răzvan Pădurețu","https://www.transfermarkt.com/razvan-paduretu/profil/spieler/46615","Attacking Midfield","25","Romania","Gloria Bistrita","SuperLiga","Romania",NA,TRUE,"End of loan Jun 30, 2006","Summer",1,1,0,69
"FC Dinamo 1948","SuperLiga","Romania","2006","Arrivals","Lucian Goian","https://www.transfermarkt.com/lucian-goian/profil/spieler/26036","Centre-Back","23","Romania","Ceahlaul",NA,"Romania",NA,TRUE,"End of loan Jun 30, 2006","Summer",26,12,0,506
"FC Dinamo 1948","SuperLiga","Romania","2006","Arrivals","Adrian Scarlatache","https://www.transfermarkt.com/adrian-scarlatache/profil/spieler/46644","Centre-Back","19","Romania","Pandurii ","SuperLiga","Romania",NA,TRUE,"End of loan Jun 30, 2006","Summer",15,6,0,390
"FC Dinamo 1948","SuperLiga","Romania","2006","Arrivals","Cornel Predescu","https://www.transfermarkt.com/cornel-predescu/profil/spieler/44943","Attacking Midfield","18","Romania","Unirea Urziceni",NA,"Romania",NA,TRUE,"End of loan Jun 30, 2006","Summer",17,10,0,292
"FC Dinamo 1948","SuperLiga","Romania","2006","Departures","Dan Alexa","https://www.transfermarkt.com/dan-alexa/profil/spieler/47146","Defensive Midfield","26","Romania","Poli. Timisoara","SuperLiga","Romania",1e+06,FALSE,NA,"Summer",NA,NA,NA,NA
"FC Dinamo 1948","SuperLiga","Romania","2006","Departures","Ștefan Grigorie","https://www.transfermarkt.com/stefan-grigorie/profil/spieler/26037","Attacking Midfield","24","Romania","Poli. Timisoara","SuperLiga","Romania",7e+05,FALSE,NA,"Summer",NA,NA,NA,NA
"FC Dinamo 1948","SuperLiga","Romania","2006","Departures","Vlad Munteanu","https://www.transfermarkt.com/vlad-munteanu/profil/spieler/26041","Left Midfield","25","Romania","Energie Cottbus","Bundesliga","Germany",2e+05,FALSE,NA,"Summer",NA,NA,NA,NA
"FC Dinamo 1948","SuperLiga","Romania","2006","Departures","Florentin Petre","https://www.transfermarkt.com/florentin-petre/profil/spieler/26050","Right Winger","30","Romania","CSKA Sofia","efbet Liga","Bulgaria",0,FALSE,NA,"Summer",NA,NA,NA,NA
"FC Dinamo 1948","SuperLiga","Romania","2006","Departures","Daniel Florea","https://www.transfermarkt.com/daniel-florea/profil/spieler/14930","Left-Back","30","Romania","APOEL Nicosia","Cyprus League","Cyprus",0,FALSE,NA,"Summer",NA,NA,NA,NA
"FC Dinamo 1948","SuperLiga","Romania","2006","Departures","Maris Smirnovs","https://www.transfermarkt.com/maris-smirnovs/profil/spieler/15402","Centre-Back","30","Latvia","Daugava Riga","Virsliga","Latvia",0,FALSE,NA,"Summer",3,1,0,90
"FC Dinamo 1948","SuperLiga","Romania","2006","Departures","Octavian Chihaia","https://www.transfermarkt.com/octavian-chihaia/profil/spieler/25929","Centre-Forward","25","Romania","Progresul","SuperLiga","Romania",0,FALSE,NA,"Summer",NA,NA,NA,NA
"FC Dinamo 1948","SuperLiga","Romania","2006","Departures","Cristian Munteanu","https://www.transfermarkt.com/cristian-munteanu/profil/spieler/26032","Goalkeeper","31","Romania","Progresul","SuperLiga","Romania",0,FALSE,NA,"Summer",NA,NA,NA,NA
"FC Dinamo 1948","SuperLiga","Romania","2006","Departures","Tiberiu Curt","https://www.transfermarkt.com/tiberiu-curt/profil/spieler/26492","Centre-Back","31","Romania","Progresul","SuperLiga","Romania",0,FALSE,NA,"Summer",NA,NA,NA,NA
"FC Dinamo 1948","SuperLiga","Romania","2006","Departures","Ionuț Bălan","https://www.transfermarkt.com/ionut-balan/profil/spieler/26034","Right-Back","28","Romania","UTA Arad","SuperLiga","Romania",0,FALSE,NA,"Summer",NA,NA,NA,NA
"FC Dinamo 1948","SuperLiga","Romania","2006","Departures","Dragan Tresnjic","https://www.transfermarkt.com/dragan-tresnjic/profil/spieler/169044","Defensive Midfield","21","Serbia","FC Moscow","Premier Liga","Russia",NA,FALSE,"?","Summer",NA,NA,NA,NA
"FC Dinamo 1948","SuperLiga","Romania","2006","Departures","Răzvan Pădurețu","https://www.transfermarkt.com/razvan-paduretu/profil/spieler/46615","Attacking Midfield","25","Romania","Gloria Bistrita","SuperLiga","Romania",NA,FALSE,"?","Summer",1,1,0,69
"FC Dinamo 1948","SuperLiga","Romania","2006","Departures","Lucian Goian","https://www.transfermarkt.com/lucian-goian/profil/spieler/26036","Centre-Back","23","Romania","Ceahlaul","SuperLiga","Romania",NA,TRUE,"loan transfer","Summer",26,12,0,506
"FC Dinamo 1948","SuperLiga","Romania","2006","Departures","Georgian Păun","https://www.transfermarkt.com/georgian-paun/profil/spieler/74552","Left Winger","20","Romania","Poiana Campina",NA,"Romania",NA,TRUE,"loan transfer","Summer",NA,NA,NA,NA
"FC Dinamo 1948","SuperLiga","Romania","2006","Departures","Adrian Scarlatache","https://www.transfermarkt.com/adrian-scarlatache/profil/spieler/46644","Centre-Back","19","Romania","Jiul Petrosani","SuperLiga","Romania",NA,TRUE,"loan transfer","Summer",15,6,0,390
"FC Dinamo 1948","SuperLiga","Romania","2006","Departures","Ianis Zicu","https://www.transfermarkt.com/ianis-zicu/profil/spieler/16909","Attacking Midfield","22","Romania","Inter","Serie A","Italy",NA,TRUE,"End of loan Jun 30, 2006","Summer",NA,NA,NA,NA
"FC Dinamo 1948","SuperLiga","Romania","2006","Departures","Florin Bratu","https://www.transfermarkt.com/florin-bratu/profil/spieler/9710","Centre-Forward","26","Romania","FC Nantes","Ligue 1","France",NA,TRUE,"End of loan Jun 30, 2006","Summer",NA,NA,NA,NA
"FC Dinamo 1948","SuperLiga","Romania","2006","Departures","Cosmin Barcauan","https://www.transfermarkt.com/cosmin-barcauan/profil/spieler/22099","Centre-Back","27","Romania","Shakhtar D.","Premier Liga","Ukraine",NA,TRUE,"End of loan Jun 1, 2006","Summer",NA,NA,NA,NA
"FC Dinamo 1948","SuperLiga","Romania","2006","Arrivals","Bogdan Lobonț","https://www.transfermarkt.com/bogdan-lobont/profil/spieler/4310","Goalkeeper","28","Romania","Fiorentina","Serie A","Italy",1100000,FALSE,NA,"Winter",17,17,0,1530
"FC Dinamo 1948","SuperLiga","Romania","2006","Arrivals","Fabrice Fernandes","https://www.transfermarkt.com/fabrice-fernandes/profil/spieler/4116","Left Winger","27","France","B. Jerusalem","Ligat ha'Al","Israel",0,FALSE,NA,"Winter",5,5,0,329
"FC Dinamo 1948","SuperLiga","Romania","2006","Arrivals","Maris Smirnovs","https://www.transfermarkt.com/maris-smirnovs/profil/spieler/15402","Centre-Back","30","Latvia","Daugavpils","Virsliga","Latvia",0,FALSE,NA,"Winter",3,1,0,90
"FC Dinamo 1948","SuperLiga","Romania","2006","Arrivals","Sergiu Homei","https://www.transfermarkt.com/sergiu-homei/profil/spieler/48140","Right-Back","19","Romania","FC Sopron","NB I.","Hungary",0,FALSE,NA,"Winter",5,1,0,90
"FC Dinamo 1948","SuperLiga","Romania","2006","Arrivals","Deniss Romanovs","https://www.transfermarkt.com/deniss-romanovs/profil/spieler/24245","Goalkeeper","28","Latvia","Daugavpils","Virsliga","Latvia",NA,FALSE,"?","Winter",15,1,0,90
"FC Dinamo 1948","SuperLiga","Romania","2006","Arrivals","Alexandru Baltoi","https://www.transfermarkt.com/alexandru-baltoi/profil/spieler/26045","Centre-Forward","24","Romania","Otelul Galati","SuperLiga","Romania",NA,TRUE,"End of loan Dec 31, 2006","Winter",NA,NA,NA,NA
"FC Dinamo 1948","SuperLiga","Romania","2006","Arrivals","Adrian Scarlatache","https://www.transfermarkt.com/adrian-scarlatache/profil/spieler/46644","Centre-Back","20","Romania","Jiul Petrosani","SuperLiga","Romania",NA,TRUE,"End of loan Dec 31, 2006","Winter",15,6,0,390
"FC Dinamo 1948","SuperLiga","Romania","2006","Departures","Iulian Tameș","https://www.transfermarkt.com/iulian-tames/profil/spieler/26052","Central Midfield","28","Romania","FC Arges","SuperLiga","Romania",9e+05,FALSE,NA,"Winter",22,20,0,1063
"FC Dinamo 1948","SuperLiga","Romania","2006","Departures","Vladimir Gaev","https://www.transfermarkt.com/vladimir-gaev/profil/spieler/26030","Goalkeeper","29","Belarus","Chornomorets","Premier Liga","Ukraine",325000,FALSE,NA,"Winter",14,14,0,1260
"FC Dinamo 1948","SuperLiga","Romania","2006","Departures","Florin Matache","https://www.transfermarkt.com/florin-matache/profil/spieler/26031","Goalkeeper","24","Romania","FC Vaslui","SuperLiga","Romania",1e+05,FALSE,NA,"Winter",26,11,0,990
"FC Dinamo 1948","SuperLiga","Romania","2006","Departures","Dorin Mihuţ","https://www.transfermarkt.com/dorin-mihut/profil/spieler/44939","Right-Back","24","Romania","UTA Arad","SuperLiga","Romania",50000,FALSE,NA,"Winter",17,8,0,392
"FC Dinamo 1948","SuperLiga","Romania","2006","Departures","Sreten Stanic","https://www.transfermarkt.com/sreten-stanic/profil/spieler/36071","Left Midfield","22","Serbia","Rad",NA,"Serbia",50000,FALSE,NA,"Winter",5,2,0,37
"FC Dinamo 1948","SuperLiga","Romania","2006","Departures","George Galamaz","https://www.transfermarkt.com/george-galamaz/profil/spieler/26035","Centre-Back","25","Romania","Unirea Urziceni","SuperLiga","Romania",0,FALSE,NA,"Winter",10,2,0,161
"FC Dinamo 1948","SuperLiga","Romania","2006","Departures","Ionel Ganea","https://www.transfermarkt.com/ionel-ganea/profil/spieler/595","Centre-Forward","33","Romania","FC Rapid 1923","SuperLiga","Romania",NA,FALSE,"?","Winter",24,24,14,1594
"FC Dinamo 1948","SuperLiga","Romania","2006","Departures","Cosmin Pascovici","https://www.transfermarkt.com/cosmin-pascovici/profil/spieler/44942","Left-Back","28","Romania","UTA Arad","SuperLiga","Romania",NA,FALSE,"?","Winter",15,6,0,230
"FC Dinamo 1948","SuperLiga","Romania","2006","Departures","Dan Codreanu","https://www.transfermarkt.com/dan-codreanu/profil/spieler/44937","Left Winger","23","Romania","Gloria Bistrita","SuperLiga","Romania",NA,FALSE,"?","Winter",5,0,0,0
"FC Dinamo 1948","SuperLiga","Romania","2006","Departures","Dino Eze","https://www.transfermarkt.com/dino-eze/profil/spieler/54769","Left Midfield","22","Nigeria","UTA Arad","SuperLiga","Romania",NA,FALSE,"?","Winter",NA,NA,NA,NA
"FC Dinamo 1948","SuperLiga","Romania","2006","Departures","Alexandru Baltoi","https://www.transfermarkt.com/alexandru-baltoi/profil/spieler/26045","Centre-Forward","24","Romania","FC Arges","SuperLiga","Romania",NA,TRUE,"loan transfer","Winter",NA,NA,NA,NA
"FC Dinamo 1948","SuperLiga","Romania","2006","Departures","Alexandru Dragomir","https://www.transfermarkt.com/alexandru-dragomir/profil/spieler/142439","Left-Back","21","Romania","FC Sopron","NB I.","Hungary",NA,TRUE,"loan transfer","Winter",NA,NA,NA,NA
"FC Dinamo 1948","SuperLiga","Romania","2006","Departures","Cornel Predescu","https://www.transfermarkt.com/cornel-predescu/profil/spieler/44943","Attacking Midfield","19","Romania","Gloria Bistrita","SuperLiga","Romania",NA,TRUE,"loan transfer","Winter",17,10,0,292
"FC Dinamo 1948","SuperLiga","Romania","2006","Departures","Dennis Șerban","https://www.transfermarkt.com/dennis-serban/profil/spieler/7581","Central Midfield","31","Romania",NA,NA,NA,NA,FALSE,"-","Winter",17,13,2,693
"FC Dinamo 1948","SuperLiga","Romania","2006","Departures","Leo Lerinc","https://www.transfermarkt.com/leo-lerinc/profil/spieler/44938","Left Midfield","30","Serbia","Without Club",NA,NA,NA,FALSE,"-","Winter",5,1,0,14
"Politehnica Timisoara (- 2012)",NA,NA,"2006","Arrivals","Dan Alexa","https://www.transfermarkt.com/dan-alexa/profil/spieler/47146","Defensive Midfield","26","Romania","FC Dinamo","SuperLiga","Romania",1e+06,FALSE,NA,"Summer",30,30,0,2633
"Politehnica Timisoara (- 2012)",NA,NA,"2006","Arrivals","Ștefan Grigorie","https://www.transfermarkt.com/stefan-grigorie/profil/spieler/26037","Attacking Midfield","24","Romania","FC Dinamo","SuperLiga","Romania",7e+05,FALSE,NA,"Summer",29,21,2,1067
"Politehnica Timisoara (- 2012)",NA,NA,"2006","Arrivals","Alexandru Bădoiu","https://www.transfermarkt.com/alexandru-badoiu/profil/spieler/47148","Right-Back","24","Romania","Jiul Petrosani","SuperLiga","Romania",4e+05,FALSE,NA,"Summer",9,5,0,249
"Politehnica Timisoara (- 2012)",NA,NA,"2006","Arrivals","Andrei Cristea","https://www.transfermarkt.com/andrei-cristea/profil/spieler/26491","Centre-Forward","22","Romania","FCSB","SuperLiga","Romania",2e+05,FALSE,NA,"Summer",31,30,6,1898
"Politehnica Timisoara (- 2012)",NA,NA,"2006","Arrivals","George Soltuz","https://www.transfermarkt.com/george-soltuz/profil/spieler/55280","Centre-Back","28","Romania","Jiul Petrosani","SuperLiga","Romania",NA,FALSE,"?","Summer",NA,NA,NA,NA
"Politehnica Timisoara (- 2012)",NA,NA,"2006","Arrivals","Bogdan Straut","https://www.transfermarkt.com/bogdan-straut/profil/spieler/126124","Right-Back","20","Romania","CFR Timisoara",NA,"Romania",NA,FALSE,"?","Summer",1,1,0,36
"Politehnica Timisoara (- 2012)",NA,NA,"2006","Arrivals","Lucian Turcu","https://www.transfermarkt.com/lucian-turcu/profil/spieler/54497","Left-Back","19","Romania","CFR Timisoara",NA,"Romania",NA,FALSE,"?","Summer",NA,NA,NA,NA
"Politehnica Timisoara (- 2012)",NA,NA,"2006","Arrivals","Sorin Oproiescu","https://www.transfermarkt.com/sorin-oproiescu/profil/spieler/300448","Centre-Back","18","Romania","Corvinul 2005",NA,"Romania",NA,FALSE,"?","Summer",NA,NA,NA,NA
"Politehnica Timisoara (- 2012)",NA,NA,"2006","Arrivals","Laurențiu Buș","https://www.transfermarkt.com/laurentiu-bus/profil/spieler/54728","Central Midfield","18","Romania","U Cluj",NA,"Romania",NA,FALSE,"?","Summer",NA,NA,NA,NA
"Politehnica Timisoara (- 2012)",NA,NA,"2006","Arrivals","Costel Pantilimon","https://www.transfermarkt.com/costel-pantilimon/profil/spieler/47659","Goalkeeper","19","Romania","P. Timisoara B",NA,"Romania",NA,FALSE,"-","Summer",12,10,0,900
"Politehnica Timisoara (- 2012)",NA,NA,"2006","Arrivals","Adrian Poparadu","https://www.transfermarkt.com/adrian-poparadu/profil/spieler/104553","Defensive Midfield","18","Romania","Timisoara U19",NA,"Romania",NA,FALSE,"-","Summer",1,1,0,32
"Politehnica Timisoara (- 2012)",NA,NA,"2006","Arrivals","Alexandru Popovici","https://www.transfermarkt.com/alexandru-popovici/profil/spieler/69564","Right Winger","17","Romania","Timisoara U19",NA,"Romania",NA,FALSE,"-","Summer",2,2,0,67
"Politehnica Timisoara (- 2012)",NA,NA,"2006","Arrivals","Mircea Oprea","https://www.transfermarkt.com/mircea-oprea/profil/spieler/42789","Second Striker","26","Romania","Progresul","SuperLiga","Romania",NA,TRUE,"End of loan Jun 30, 2006","Summer",23,13,2,224
"Politehnica Timisoara (- 2012)",NA,NA,"2006","Arrivals","Marian Constantinescu","https://www.transfermarkt.com/marian-constantinescu/profil/spieler/46520","Attacking Midfield","24","Romania","Gloria Bistrita","SuperLiga","Romania",NA,TRUE,"End of loan Jun 30, 2006","Summer",NA,NA,NA,NA
"Politehnica Timisoara (- 2012)",NA,NA,"2006","Arrivals","Ioan Mera","https://www.transfermarkt.com/ioan-mera/profil/spieler/103523","Centre-Back","19","Romania","CFR Timisoara",NA,"Romania",NA,TRUE,"End of loan Jun 30, 2006","Summer",1,0,0,0
"Politehnica Timisoara (- 2012)",NA,NA,"2006","Departures","Ovidiu Petre","https://www.transfermarkt.com/ovidiu-petre/profil/spieler/9762","Defensive Midfield","24","Romania","FCSB","SuperLiga","Romania",1500000,FALSE,NA,"Summer",NA,NA,NA,NA
"Politehnica Timisoara (- 2012)",NA,NA,"2006","Departures","Silviu Balace","https://www.transfermarkt.com/silviu-balace/profil/spieler/47867","Left-Back","27","Romania","FC Dinamo","SuperLiga","Romania",450000,FALSE,NA,"Summer",19,19,0,1460
"Politehnica Timisoara (- 2012)",NA,NA,"2006","Departures","Gigel Coman","https://www.transfermarkt.com/gigel-coman/profil/spieler/25930","Left Midfield","27","Romania","FCSB","SuperLiga","Romania",450000,FALSE,NA,"Summer",NA,NA,NA,NA
"Politehnica Timisoara (- 2012)",NA,NA,"2006","Departures","Sreten Stanic","https://www.transfermarkt.com/sreten-stanic/profil/spieler/36071","Left Midfield","22","Serbia","FC Dinamo","SuperLiga","Romania",80000,FALSE,NA,"Summer",NA,NA,NA,NA
"Politehnica Timisoara (- 2012)",NA,NA,"2006","Departures","Alin Stoica","https://www.transfermarkt.com/alin-stoica/profil/spieler/9669","Attacking Midfield","26","Romania","KAA Gent","Jupiler Pro League","Belgium",0,FALSE,NA,"Summer",NA,NA,NA,NA
"Politehnica Timisoara (- 2012)",NA,NA,"2006","Departures","Ricardo David Páez","https://www.transfermarkt.com/ricardo-david-paez/profil/spieler/58487","Right Midfield","27","Venezuela","Italmaracaibo",NA,"Venezuela",NA,FALSE,"?","Summer",NA,NA,NA,NA
"Politehnica Timisoara (- 2012)",NA,NA,"2006","Departures","Adrian Ilie","https://www.transfermarkt.com/adrian-ilie/profil/spieler/46565","Centre-Back","24","Romania","Jiul Petrosani","SuperLiga","Romania",NA,TRUE,"loan transfer","Summer",NA,NA,NA,NA
"Politehnica Timisoara (- 2012)",NA,NA,"2006","Departures","Valentin Velcea","https://www.transfermarkt.com/valentin-velcea/profil/spieler/300302","Defensive Midfield","32","Romania",NA,NA,NA,NA,FALSE,"-","Summer",NA,NA,NA,NA
"Politehnica Timisoara (- 2012)",NA,NA,"2006","Departures","Florin Bătrânu","https://www.transfermarkt.com/florin-batranu/profil/spieler/182385","Centre-Back","35","Romania",NA,NA,NA,NA,FALSE,"-","Summer",NA,NA,NA,NA
"Politehnica Timisoara (- 2012)",NA,NA,"2006","Departures","Emmanuel Osei","https://www.transfermarkt.com/emmanuel-osei/profil/spieler/28025","Defensive Midfield","23","Ghana","Livorno","Serie A","Italy",NA,TRUE,"End of loan Jun 30, 2006","Summer",NA,NA,NA,NA
"Politehnica Timisoara (- 2012)",NA,NA,"2006","Arrivals","Peter Omoduemuke","https://www.transfermarkt.com/peter-omoduemuke/profil/spieler/39376","Defensive Midfield","22","Nigeria","FK Obilic",NA,"Serbia",80000,FALSE,NA,"Winter",15,12,0,730
"Politehnica Timisoara (- 2012)",NA,NA,"2006","Arrivals","Artavazd Karamyan","https://www.transfermarkt.com/artavazd-karamyan/profil/spieler/34504","Left Midfield","27","Armenia","FC Rapid 1923","SuperLiga","Romania",0,FALSE,NA,"Winter",15,14,3,1244
"Politehnica Timisoara (- 2012)",NA,NA,"2006","Arrivals","Arman Karamyan","https://www.transfermarkt.com/arman-karamyan/profil/spieler/44091","Left Winger","27","Armenia","Ceahlaul","SuperLiga","Romania",0,FALSE,NA,"Winter",NA,NA,NA,NA
"Politehnica Timisoara (- 2012)",NA,NA,"2006","Arrivals","Wayne Srhoj","https://www.transfermarkt.com/wayne-srhoj/profil/spieler/42801","Attacking Midfield","24","Australia","Progresul","SuperLiga","Romania",0,FALSE,NA,"Winter",11,7,0,507
"Politehnica Timisoara (- 2012)",NA,NA,"2006","Arrivals","Abiodun Agunbiade","https://www.transfermarkt.com/abiodun-agunbiade/profil/spieler/25926","Right Winger","24","Nigeria","Progresul","SuperLiga","Romania",0,FALSE,NA,"Winter",13,10,0,834
"Politehnica Timisoara (- 2012)",NA,NA,"2006","Arrivals","Ionuț Matei","https://www.transfermarkt.com/ionut-matei/profil/spieler/48366","Right Midfield","22","Romania","FCM Bacau",NA,"Romania",NA,FALSE,"?","Winter",17,14,0,956
"Politehnica Timisoara (- 2012)",NA,NA,"2006","Arrivals","Artur Patras","https://www.transfermarkt.com/artur-patras/profil/spieler/104065","Central Midfield","18","Moldova","Poli Chișinău",NA,"Moldova",NA,FALSE,"?","Winter",2,2,0,158
"Politehnica Timisoara (- 2012)",NA,NA,"2006","Arrivals","Srdjan Luchin","https://www.transfermarkt.com/srdjan-luchin/profil/spieler/58720","Centre-Back","20","Romania","P. Timisoara B",NA,"Romania",NA,FALSE,"-","Winter",3,2,0,180
"Politehnica Timisoara (- 2012)",NA,NA,"2006","Arrivals","Adrian Ilie","https://www.transfermarkt.com/adrian-ilie/profil/spieler/46565","Centre-Back","25","Romania","Jiul Petrosani","SuperLiga","Romania",NA,TRUE,"End of loan Dec 1, 2006","Winter",NA,NA,NA,NA
"Politehnica Timisoara (- 2012)",NA,NA,"2006","Departures","Laurențiu Buș","https://www.transfermarkt.com/laurentiu-bus/profil/spieler/54728","Central Midfield","19","Romania","U Cluj",NA,"Romania",60000,FALSE,NA,"Winter",NA,NA,NA,NA
"Politehnica Timisoara (- 2012)",NA,NA,"2006","Departures","Leonard Naidin","https://www.transfermarkt.com/leonard-naidin/profil/spieler/26042","Attacking Midfield","27","Romania","Poli Iasi","SuperLiga","Romania",40000,FALSE,NA,"Winter",3,2,0,40
"Politehnica Timisoara (- 2012)",NA,NA,"2006","Departures","Cristian Silvasan","https://www.transfermarkt.com/cristian-silvasan/profil/spieler/33745","Centre-Forward","24","Romania","Poli Iasi","SuperLiga","Romania",0,FALSE,NA,"Winter",NA,NA,NA,NA
"Politehnica Timisoara (- 2012)",NA,NA,"2006","Departures","Péter Simek","https://www.transfermarkt.com/peter-simek/profil/spieler/22702","Right Midfield","27","Hungary","Fehérvár","NB I.","Hungary",0,FALSE,NA,"Winter",2,0,0,0
"Politehnica Timisoara (- 2012)",NA,NA,"2006","Departures","Mircea Rus","https://www.transfermarkt.com/mircea-rus/profil/spieler/48185","Defender","28","Romania","Gloria Bistrita","SuperLiga","Romania",NA,FALSE,"?","Winter",NA,NA,NA,NA
"Politehnica Timisoara (- 2012)",NA,NA,"2006","Departures","Alexandru Bădoiu","https://www.transfermarkt.com/alexandru-badoiu/profil/spieler/47148","Right-Back","25","Romania","Jiul Petrosani","SuperLiga","Romania",NA,FALSE,"?","Winter",9,5,0,249
"Politehnica Timisoara (- 2012)",NA,NA,"2006","Departures","Marian Constantinescu","https://www.transfermarkt.com/marian-constantinescu/profil/spieler/46520","Attacking Midfield","25","Romania","Jiul Petrosani","SuperLiga","Romania",NA,FALSE,"?","Winter",NA,NA,NA,NA
"Politehnica Timisoara (- 2012)",NA,NA,"2006","Departures","Adrian Ilie","https://www.transfermarkt.com/adrian-ilie/profil/spieler/46565","Centre-Back","25","Romania","Poli Iasi","SuperLiga","Romania",NA,TRUE,"loan transfer","Winter",NA,NA,NA,NA
"Politehnica Timisoara (- 2012)",NA,NA,"2006","Departures","Vladimir Gluscevic","https://www.transfermarkt.com/vladimir-gluscevic/profil/spieler/35996","Centre-Forward","27","Montenegro","Without Club",NA,NA,NA,FALSE,"-","Winter",2,1,0,25
"CFR Cluj","SuperLiga","Romania","2006","Arrivals","Cadú","https://www.transfermarkt.com/cadu/profil/spieler/14274","Centre-Back","24","Portugal","Boavista","Liga Portugal","Portugal",750000,FALSE,NA,"Summer",29,25,1,1846
"CFR Cluj","SuperLiga","Romania","2006","Arrivals","Manuel José","https://www.transfermarkt.com/manuel-jose/profil/spieler/13122","Right Winger","25","Portugal","Boavista","Liga Portugal","Portugal",5e+05,FALSE,NA,"Summer",30,29,0,2435
"CFR Cluj","SuperLiga","Romania","2006","Arrivals","Gualberto Mojica","https://www.transfermarkt.com/gualberto-mojica/profil/spieler/43343","Attacking Midfield","21","Bolivia","Club Blooming",NA,"Bolivia",150000,FALSE,NA,"Summer",18,11,0,430
"CFR Cluj","SuperLiga","Romania","2006","Arrivals","Eduard Stăncioiu","https://www.transfermarkt.com/eduard-stancioiu/profil/spieler/48659","Goalkeeper","25","Romania","Sportul S.",NA,"Romania",1e+05,FALSE,NA,"Summer",30,25,0,2250
"CFR Cluj","SuperLiga","Romania","2006","Arrivals","Vitinha","https://www.transfermarkt.com/vitinha/profil/spieler/48662","Left-Back","20","Portugal","Maria da Fonte",NA,"Portugal",30000,FALSE,NA,"Summer",5,2,0,18
"CFR Cluj","SuperLiga","Romania","2006","Arrivals","António Semedo","https://www.transfermarkt.com/antonio-semedo/profil/spieler/13207","Right Winger","27","Portugal","Estrela Amadora","Liga Portugal","Portugal",0,FALSE,NA,"Summer",32,31,7,2228
"CFR Cluj","SuperLiga","Romania","2006","Arrivals","Octavian Chihaia","https://www.transfermarkt.com/octavian-chihaia/profil/spieler/25929","Centre-Forward","25","Romania","Progresul","SuperLiga","Romania",0,FALSE,NA,"Summer",16,8,2,301
"CFR Cluj","SuperLiga","Romania","2006","Arrivals","Pedro Oliveira","https://www.transfermarkt.com/pedro-oliveira/profil/spieler/24847","Right Winger","24","Portugal","Vitória Setúbal","Liga Portugal","Portugal",0,FALSE,NA,"Summer",30,29,3,2182
"CFR Cluj","SuperLiga","Romania","2006","Arrivals","Vasile Curileac","https://www.transfermarkt.com/vasile-curileac/profil/spieler/43296","Goalkeeper","22","Romania","Unirea Dej",NA,"Romania",0,FALSE,NA,"Summer",0,0,0,0
"CFR Cluj","SuperLiga","Romania","2006","Arrivals","Bogdan Bucurică","https://www.transfermarkt.com/bogdan-bucurica/profil/spieler/43287","Left-Back","20","Romania","LB Châteauroux","Ligue 2","France",NA,FALSE,"?","Summer",0,0,0,0
"CFR Cluj","SuperLiga","Romania","2006","Arrivals","Dorin Tuturas","https://www.transfermarkt.com/dorin-tuturas/profil/spieler/369390","Left Midfield","24","Romania","Unirea Dej",NA,"Romania",NA,TRUE,"End of loan Jun 30, 2006","Summer",NA,NA,NA,NA
"CFR Cluj","SuperLiga","Romania","2006","Departures","László Balint","https://www.transfermarkt.com/laszlo-balint/profil/spieler/43278","Centre-Back","27","Romania","UTA Arad","SuperLiga","Romania",1e+05,FALSE,NA,"Summer",NA,NA,NA,NA
"CFR Cluj","SuperLiga","Romania","2006","Departures","Dorinel Munteanu","https://www.transfermarkt.com/dorinel-munteanu/profil/spieler/666","Central Midfield","38","Romania","FC Arges","SuperLiga","Romania",0,FALSE,NA,"Summer",8,5,0,306
"CFR Cluj","SuperLiga","Romania","2006","Departures","Dorin Tuturas","https://www.transfermarkt.com/dorin-tuturas/profil/spieler/369390","Left Midfield","24","Romania","Olimpia SM",NA,"Romania",0,FALSE,NA,"Summer",NA,NA,NA,NA
"CFR Cluj","SuperLiga","Romania","2006","Departures","Cristian Turcu","https://www.transfermarkt.com/cristian-turcu/profil/spieler/282267","Striker","29","Romania","FC Brasov",NA,"Romania",NA,FALSE,"?","Summer",NA,NA,NA,NA
"CFR Cluj","SuperLiga","Romania","2006","Departures","Emil Stef","https://www.transfermarkt.com/emil-stef/profil/spieler/71582","Goalkeeper","26","Romania","Unirea Dej",NA,"Romania",NA,FALSE,"?","Summer",NA,NA,NA,NA
"CFR Cluj","SuperLiga","Romania","2006","Departures","Róbert Roszel","https://www.transfermarkt.com/robert-roszel/profil/spieler/46639","Centre-Forward","23","Romania","Gloria Bistrita","SuperLiga","Romania",NA,FALSE,"?","Summer",NA,NA,NA,NA
"CFR Cluj","SuperLiga","Romania","2006","Departures","Radu Marginean","https://www.transfermarkt.com/radu-marginean/profil/spieler/46587","Defensive Midfield","23","Romania","Gloria Bistrita","SuperLiga","Romania",NA,TRUE,"loan transfer","Summer",NA,NA,NA,NA
"CFR Cluj","SuperLiga","Romania","2006","Departures","Vasile Curileac","https://www.transfermarkt.com/vasile-curileac/profil/spieler/43296","Goalkeeper","22","Romania","Cetatea Suceava",NA,"Romania",NA,TRUE,"loan transfer","Summer",0,0,0,0
"CFR Cluj","SuperLiga","Romania","2006","Arrivals","Tony","https://www.transfermarkt.com/tony/profil/spieler/18878","Right-Back","26","Portugal","Estrela Amadora","Liga Portugal","Portugal",750000,FALSE,NA,"Winter",15,15,0,1350
"CFR Cluj","SuperLiga","Romania","2006","Arrivals","Didi","https://www.transfermarkt.com/didi/profil/spieler/24733","Second Striker","24","Brazil","Paços Ferreira","Liga Portugal","Portugal",7e+05,FALSE,NA,"Winter",14,14,4,680
"CFR Cluj","SuperLiga","Romania","2006","Arrivals","Dani","https://www.transfermarkt.com/dani/profil/spieler/34706","Defensive Midfield","24","Portugal","Paços Ferreira","Liga Portugal","Portugal",6e+05,FALSE,NA,"Winter",15,9,0,708
"CFR Cluj","SuperLiga","Romania","2006","Arrivals","André Galiassi","https://www.transfermarkt.com/andre-galiassi/profil/spieler/48654","Centre-Back","26","Brazil","Bolívar",NA,"Bolivia",5e+05,FALSE,NA,"Winter",15,14,2,1138
"CFR Cluj","SuperLiga","Romania","2006","Arrivals","Fredy","https://www.transfermarkt.com/fredy/profil/spieler/17291","Left-Back","27","Portugal","Paços Ferreira","Liga Portugal","Portugal",1e+05,FALSE,NA,"Winter",9,5,0,405
"CFR Cluj","SuperLiga","Romania","2006","Arrivals","Viorel Frunza","https://www.transfermarkt.com/viorel-frunza/profil/spieler/46547","Centre-Forward","27","Moldova","FC Vaslui","SuperLiga","Romania",NA,FALSE,"?","Winter",9,7,0,275
"CFR Cluj","SuperLiga","Romania","2006","Arrivals","Miguel Cuéllar","https://www.transfermarkt.com/miguel-cuellar/profil/spieler/48660","Centre-Forward","24","Paraguay","Bolívar",NA,"Bolivia",NA,FALSE,"?","Winter",2,2,0,58
"CFR Cluj","SuperLiga","Romania","2006","Departures","Dorinel Munteanu","https://www.transfermarkt.com/dorinel-munteanu/profil/spieler/666","Central Midfield","38","Romania","FC Arges","SuperLiga","Romania",0,FALSE,NA,"Winter",8,5,0,306
"CFR Cluj","SuperLiga","Romania","2006","Departures","Zoran Milosevic","https://www.transfermarkt.com/zoran-milosevic/profil/spieler/43340","Centre-Back","31","Serbia","FC Arges","SuperLiga","Romania",0,FALSE,NA,"Winter",16,9,0,767
"CFR Cluj","SuperLiga","Romania","2006","Departures","Svetozar Mijin","https://www.transfermarkt.com/svetozar-mijin/profil/spieler/43339","Central Midfield","28","Serbia","Poli Iasi","SuperLiga","Romania",0,FALSE,NA,"Winter",5,2,0,66
"CFR Cluj","SuperLiga","Romania","2006","Departures","Dumitru Mitu","https://www.transfermarkt.com/dumitru-mitu/profil/spieler/20828","Right Midfield","31","Romania","QD Hainiu","Super League","China",NA,FALSE,"?","Winter",1,0,0,0
"CFR Cluj","SuperLiga","Romania","2006","Departures","Razvan Tarlea","https://www.transfermarkt.com/razvan-tarlea/profil/spieler/43381","Left-Back","27","Romania","Poli Iasi","SuperLiga","Romania",NA,FALSE,"?","Winter",5,1,0,90
"CFR Cluj","SuperLiga","Romania","2006","Departures","Bogdan Cotolan","https://www.transfermarkt.com/bogdan-cotolan/profil/spieler/43292","Right Midfield","25","Romania","FC Vaslui","SuperLiga","Romania",NA,FALSE,"?","Winter",9,3,0,262
"CFR Cluj","SuperLiga","Romania","2006","Departures","Octavian Chihaia","https://www.transfermarkt.com/octavian-chihaia/profil/spieler/25929","Centre-Forward","25","Romania","Progresul","SuperLiga","Romania",NA,TRUE,"loan transfer","Winter",16,8,2,301
"CFR Cluj","SuperLiga","Romania","2006","Departures","Cosmin Tilincă","https://www.transfermarkt.com/cosmin-tilinca/profil/spieler/43383","Centre-Forward","27","Romania","Farul Constanta","SuperLiga","Romania",NA,TRUE,"loan transfer","Winter",17,13,4,917
"CFR Cluj","SuperLiga","Romania","2006","Departures","Gualberto Mojica","https://www.transfermarkt.com/gualberto-mojica/profil/spieler/43343","Attacking Midfield","22","Bolivia","Paços Ferreira","Liga Portugal","Portugal",NA,TRUE,"loan transfer","Winter",18,11,0,430
"FC Arges Pitesti (- 2013)",NA,NA,"2006","Arrivals","Adrian Iordache","https://www.transfermarkt.com/adrian-iordache/profil/spieler/6858","Centre-Forward","24","Romania","Shinnik","Premier Liga","Russia",4e+05,FALSE,NA,"Summer",13,11,0,985
"FC Arges Pitesti (- 2013)",NA,NA,"2006","Arrivals","Adrian Iordache","https://www.transfermarkt.com/adrian-iordache/profil/spieler/6858","Centre-Forward","24","Romania","Shinnik","Premier Liga","Russia",4e+05,FALSE,NA,"Summer",15,14,0,772
"FC Arges Pitesti (- 2013)",NA,NA,"2006","Arrivals","Panagiotis Giannopoulos","https://www.transfermarkt.com/panagiotis-giannopoulos/profil/spieler/12865","Centre-Back","33","Greece","Panionios","Super League 1","Greece",0,FALSE,NA,"Summer",8,6,0,467
"FC Arges Pitesti (- 2013)",NA,NA,"2006","Arrivals","Henri Siqueira-Barras","https://www.transfermarkt.com/henri-siqueira-barras/profil/spieler/9917","Centre-Back","21","Switzerland","FC Locarno","Challenge League","Switzerland",0,FALSE,NA,"Summer",10,5,0,155
"FC Arges Pitesti (- 2013)",NA,NA,"2006","Arrivals","Dorinel Munteanu","https://www.transfermarkt.com/dorinel-munteanu/profil/spieler/666","Central Midfield","38","Romania","CFR Cluj","SuperLiga","Romania",0,FALSE,NA,"Summer",4,4,0,363
"FC Arges Pitesti (- 2013)",NA,NA,"2006","Arrivals","Ionel Gane","https://www.transfermarkt.com/ionel-gane/profil/spieler/9933","Centre-Forward","34","Romania","FC U Craiova","SuperLiga","Romania",0,FALSE,NA,"Summer",10,7,0,121
"FC Arges Pitesti (- 2013)",NA,NA,"2006","Arrivals","Florentin Cruceru","https://www.transfermarkt.com/florentin-cruceru/profil/spieler/46527","Central Midfield","25","Romania","Sportul S.",NA,"Romania",0,FALSE,NA,"Summer",28,22,0,1719
"FC Arges Pitesti (- 2013)",NA,NA,"2006","Arrivals","Pavlo Yanchuk","https://www.transfermarkt.com/pavlo-yanchuk/profil/spieler/67507","Left-Back","20","Ukraine","Unknown",NA,NA,0,FALSE,NA,"Summer",1,0,0,0
"FC Arges Pitesti (- 2013)",NA,NA,"2006","Arrivals","Ionuț Badea","https://www.transfermarkt.com/ionut-badea/profil/spieler/26033","Defensive Midfield","30","Romania","FC Vaslui","SuperLiga","Romania",NA,FALSE,"?","Summer",26,23,0,1601
"FC Arges Pitesti (- 2013)",NA,NA,"2006","Arrivals","Boris Keca","https://www.transfermarkt.com/boris-keca/profil/spieler/282246","Centre-Back","28","Bosnia-Herzegovina","Pandurii ","SuperLiga","Romania",NA,FALSE,"?","Summer",3,3,0,260
"FC Arges Pitesti (- 2013)",NA,NA,"2006","Arrivals","Daniel Rednic","https://www.transfermarkt.com/daniel-rednic/profil/spieler/46637","Left Midfield","28","Romania","Poli Iasi","SuperLiga","Romania",NA,FALSE,"?","Summer",23,17,2,1142
"FC Arges Pitesti (- 2013)",NA,NA,"2006","Arrivals","Mircea Stan","https://www.transfermarkt.com/mircea-stan/profil/spieler/48752","Right-Back","28","Romania","Zimbru Chisinau",NA,"Moldova",NA,FALSE,"?","Summer",13,12,0,1002
"FC Arges Pitesti (- 2013)",NA,NA,"2006","Arrivals","Daniel Ghiță","https://www.transfermarkt.com/daniel-ghita/profil/spieler/48721","Right-Back","23","Romania","CS Otopeni",NA,"Romania",NA,FALSE,"?","Summer",12,8,0,481
"FC Arges Pitesti (- 2013)",NA,NA,"2006","Arrivals","Dalibor Mitrovic","https://www.transfermarkt.com/dalibor-mitrovic/profil/spieler/13772","Centre-Forward","28","Serbia","Rad",NA,"Serbia",NA,TRUE,"loan transfer","Summer",17,13,0,609
"FC Arges Pitesti (- 2013)",NA,NA,"2006","Arrivals","Cătălin Doman","https://www.transfermarkt.com/catalin-doman/profil/spieler/46536","Attacking Midfield","18","Romania","FC Arges U19",NA,"Romania",NA,FALSE,"-","Summer",5,3,0,77
"FC Arges Pitesti (- 2013)",NA,NA,"2006","Arrivals","Rover Carstea","https://www.transfermarkt.com/rover-carstea/profil/spieler/64123","Centre-Forward","16","Romania","FC Arges U19",NA,"Romania",NA,FALSE,"-","Summer",4,3,0,140
"FC Arges Pitesti (- 2013)",NA,NA,"2006","Arrivals","Ciprian Stancu","https://www.transfermarkt.com/ciprian-stancu/profil/spieler/885441","Goalkeeper","N/A",NA,"Daco-Getica",NA,"Romania",NA,TRUE,"End of loan Jun 30, 2006","Summer",NA,NA,NA,NA
"FC Arges Pitesti (- 2013)",NA,NA,"2006","Arrivals","Bogdan Stancu","https://www.transfermarkt.com/bogdan-stancu/profil/spieler/46658","Centre-Forward","19","Romania","CS Mioveni",NA,"Romania",NA,TRUE,"End of loan Jun 30, 2006","Summer",NA,NA,NA,NA
"FC Arges Pitesti (- 2013)",NA,NA,"2006","Arrivals","Cristian Tănase","https://www.transfermarkt.com/cristian-tanase/profil/spieler/46662","Left Winger","19","Romania","CS Mioveni",NA,"Romania",NA,TRUE,"End of loan Jun 30, 2006","Summer",27,25,0,1218
"FC Arges Pitesti (- 2013)",NA,NA,"2006","Departures","Madalin Murgan","https://www.transfermarkt.com/madalin-murgan/profil/spieler/26676","Left Midfield","23","Romania","Unirea Urziceni","SuperLiga","Romania",15000,FALSE,NA,"Summer",NA,NA,NA,NA
"FC Arges Pitesti (- 2013)",NA,NA,"2006","Departures","Adnan Guso","https://www.transfermarkt.com/adnan-guso/profil/spieler/26653","Goalkeeper","30","Bosnia-Herzegovina","Pandurii ","SuperLiga","Romania",0,FALSE,NA,"Summer",NA,NA,NA,NA
"FC Arges Pitesti (- 2013)",NA,NA,"2006","Departures","Gheorghe Rohat","https://www.transfermarkt.com/gheorghe-rohat/profil/spieler/48896","Centre-Back","31","Romania","Unirea Urziceni","SuperLiga","Romania",0,FALSE,NA,"Summer",NA,NA,NA,NA
"FC Arges Pitesti (- 2013)",NA,NA,"2006","Departures","Mikhael Jaimez-Ruiz","https://www.transfermarkt.com/mikhael-jaimez-ruiz/profil/spieler/48145","Goalkeeper","21","Venezuela","Barnet","League Two","England",0,FALSE,NA,"Summer",NA,NA,NA,NA
"FC Arges Pitesti (- 2013)",NA,NA,"2006","Departures","Bogdan Stancu","https://www.transfermarkt.com/bogdan-stancu/profil/spieler/46658","Centre-Forward","19","Romania","Unirea Urziceni","SuperLiga","Romania",0,FALSE,NA,"Summer",NA,NA,NA,NA
"FC Arges Pitesti (- 2013)",NA,NA,"2006","Departures","Augustin Chirita","https://www.transfermarkt.com/augustin-chirita/profil/spieler/46517","Attacking Midfield","30","Romania","ALRO Slatina",NA,"Romania",NA,FALSE,"?","Summer",14,7,0,306
"FC Arges Pitesti (- 2013)",NA,NA,"2006","Departures","Daniel Costescu","https://www.transfermarkt.com/daniel-costescu/profil/spieler/48825","Centre-Forward","29","Romania","Unirea Urziceni","SuperLiga","Romania",NA,FALSE,"?","Summer",NA,NA,NA,NA
"FC Arges Pitesti (- 2013)",NA,NA,"2006","Departures","Cornel Dobre","https://www.transfermarkt.com/cornel-dobre/profil/spieler/48831","Right-Back","30","Romania","Unirea Urziceni","SuperLiga","Romania",NA,FALSE,"?","Summer",NA,NA,NA,NA
"FC Arges Pitesti (- 2013)",NA,NA,"2006","Departures","Liviu Negoiță","https://www.transfermarkt.com/liviu-negoita/profil/spieler/48882","Left Midfield","29","Romania","Unirea Urziceni","SuperLiga","Romania",NA,FALSE,"?","Summer",NA,NA,NA,NA
"FC Arges Pitesti (- 2013)",NA,NA,"2006","Departures","Andrei Neagoe","https://www.transfermarkt.com/andrei-neagoe/profil/spieler/208811","Left Midfield","19","Romania","Unirea Urziceni","SuperLiga","Romania",NA,FALSE,"?","Summer",NA,NA,NA,NA
"FC Arges Pitesti (- 2013)",NA,NA,"2006","Departures","Catalin Gaman","https://www.transfermarkt.com/catalin-gaman/profil/spieler/277718","Central Midfield","-","Romania","Without Club",NA,NA,NA,FALSE,"-","Summer",NA,NA,NA,NA
"FC Arges Pitesti (- 2013)",NA,NA,"2006","Departures","Dragos Radu","https://www.transfermarkt.com/dragos-radu/profil/spieler/316060","Defender","25","Romania",NA,NA,NA,NA,FALSE,"-","Summer",NA,NA,NA,NA
"FC Arges Pitesti (- 2013)",NA,NA,"2006","Arrivals","Iulian Tameș","https://www.transfermarkt.com/iulian-tames/profil/spieler/26052","Central Midfield","28","Romania","FC Dinamo","SuperLiga","Romania",9e+05,FALSE,NA,"Winter",11,11,1,847
"FC Arges Pitesti (- 2013)",NA,NA,"2006","Arrivals","Adrian Iordache","https://www.transfermarkt.com/adrian-iordache/profil/spieler/26038","Centre-Back","26","Romania","Shinnik","1.Division","Russia",20000,FALSE,NA,"Winter",13,11,0,985
"FC Arges Pitesti (- 2013)",NA,NA,"2006","Arrivals","Adrian Iordache","https://www.transfermarkt.com/adrian-iordache/profil/spieler/26038","Centre-Back","26","Romania","Shinnik","1.Division","Russia",20000,FALSE,NA,"Winter",15,14,0,772
"FC Arges Pitesti (- 2013)",NA,NA,"2006","Arrivals","Dorinel Munteanu","https://www.transfermarkt.com/dorinel-munteanu/profil/spieler/666","Central Midfield","38","Romania","CFR Cluj","SuperLiga","Romania",0,FALSE,NA,"Winter",4,4,0,363
"FC Arges Pitesti (- 2013)",NA,NA,"2006","Arrivals","Dumitru Hotoboc","https://www.transfermarkt.com/dumitru-hotoboc/profil/spieler/46563","Goalkeeper","28","Romania","Jiul Petrosani","SuperLiga","Romania",0,FALSE,NA,"Winter",16,15,0,1335
"FC Arges Pitesti (- 2013)",NA,NA,"2006","Arrivals","Zoran Milosevic","https://www.transfermarkt.com/zoran-milosevic/profil/spieler/43340","Centre-Back","31","Serbia","CFR Cluj","SuperLiga","Romania",0,FALSE,NA,"Winter",16,14,0,1143
"FC Arges Pitesti (- 2013)",NA,NA,"2006","Arrivals","Constantin Schumacher","https://www.transfermarkt.com/constantin-schumacher/profil/spieler/48749","Attacking Midfield","30","Romania","GuaZ FC",NA,"China",NA,FALSE,"?","Winter",11,11,1,788
"FC Arges Pitesti (- 2013)",NA,NA,"2006","Arrivals","Dumitru Gheorghe","https://www.transfermarkt.com/dumitru-gheorghe/profil/spieler/47598","Centre-Forward","29","Romania","Unirea Urziceni","SuperLiga","Romania",NA,FALSE,"?","Winter",6,1,0,14
"FC Arges Pitesti (- 2013)",NA,NA,"2006","Arrivals","Dalibor Mitrovic","https://www.transfermarkt.com/dalibor-mitrovic/profil/spieler/13772","Centre-Forward","28","Serbia","Rad",NA,"Serbia",NA,TRUE,"loan transfer","Winter",17,13,0,609
"FC Arges Pitesti (- 2013)",NA,NA,"2006","Arrivals","Daniel Bălan","https://www.transfermarkt.com/daniel-balan/profil/spieler/26488","Right-Back","27","Romania","FCSB","SuperLiga","Romania",NA,TRUE,"loan transfer","Winter",8,8,1,610
"FC Arges Pitesti (- 2013)",NA,NA,"2006","Arrivals","Alexandru Baltoi","https://www.transfermarkt.com/alexandru-baltoi/profil/spieler/26045","Centre-Forward","24","Romania","FC Dinamo","SuperLiga","Romania",NA,TRUE,"loan transfer","Winter",15,13,1,827
"FC Arges Pitesti (- 2013)",NA,NA,"2006","Departures","Marius Bilașco","https://www.transfermarkt.com/marius-bilasco/profil/spieler/46505","Centre-Forward","25","Romania","Unirea Urziceni","SuperLiga","Romania",250000,FALSE,NA,"Winter",18,18,2,1339
"FC Arges Pitesti (- 2013)",NA,NA,"2006","Departures","Henri Siqueira-Barras","https://www.transfermarkt.com/henri-siqueira-barras/profil/spieler/9917","Centre-Back","21","Switzerland","Gloria Bistrita","SuperLiga","Romania",0,FALSE,NA,"Winter",10,5,0,155
"FC Arges Pitesti (- 2013)",NA,NA,"2006","Departures","Mircea Negru","https://www.transfermarkt.com/mircea-negru/profil/spieler/46609","Centre-Forward","21","Romania","CFR Timisoara",NA,"Romania",0,FALSE,NA,"Winter",7,3,0,234
"FC Arges Pitesti (- 2013)",NA,NA,"2006","Departures","Raul Marincău","https://www.transfermarkt.com/raul-marincau/profil/spieler/46588","Centre-Back","25","Romania","ACSM Reșița",NA,"Romania",NA,TRUE,"loan transfer","Winter",0,0,0,0
"FC Arges Pitesti (- 2013)",NA,NA,"2006","Departures","Cătălin Doman","https://www.transfermarkt.com/catalin-doman/profil/spieler/46536","Attacking Midfield","18","Romania","CS Mioveni",NA,"Romania",NA,TRUE,"loan transfer","Winter",5,3,0,77
"Unirea Urziceni ( - 2011)",NA,NA,"2006","Arrivals","Bogdan Stelea","https://www.transfermarkt.com/bogdan-stelea/profil/spieler/32185","Goalkeeper","38","Romania","Otelul Galati","SuperLiga","Romania",50000,FALSE,NA,"Summer",11,9,0,737
"Unirea Urziceni ( - 2011)",NA,NA,"2006","Arrivals","Madalin Murgan","https://www.transfermarkt.com/madalin-murgan/profil/spieler/26676","Left Midfield","23","Romania","FC Arges","SuperLiga","Romania",15000,FALSE,NA,"Summer",15,8,1,455
"Unirea Urziceni ( - 2011)",NA,NA,"2006","Arrivals","Gheorghe Rohat","https://www.transfermarkt.com/gheorghe-rohat/profil/spieler/48896","Centre-Back","31","Romania","FC Arges","SuperLiga","Romania",0,FALSE,NA,"Summer",31,23,2,2070
"Unirea Urziceni ( - 2011)",NA,NA,"2006","Arrivals","Milan Jovanovic","https://www.transfermarkt.com/milan-jovanovic/profil/spieler/26668","Centre-Back","22","Montenegro","Radnicki Nis",NA,"Serbia",0,FALSE,NA,"Summer",16,12,0,1033
"Unirea Urziceni ( - 2011)",NA,NA,"2006","Arrivals","Cătălin Grigore","https://www.transfermarkt.com/catalin-grigore/profil/spieler/33743","Goalkeeper","28","Romania","CFR Timisoara",NA,"Romania",0,FALSE,NA,"Summer",28,23,0,2053
"Unirea Urziceni ( - 2011)",NA,NA,"2006","Arrivals","Bogdan Stancu","https://www.transfermarkt.com/bogdan-stancu/profil/spieler/46658","Centre-Forward","19","Romania","FC Arges","SuperLiga","Romania",0,FALSE,NA,"Summer",21,20,5,1460
"Unirea Urziceni ( - 2011)",NA,NA,"2006","Arrivals","Kalle Sone","https://www.transfermarkt.com/kalle-sone/profil/spieler/4435","Right Winger","23","Cameroon","Kumba Lakers",NA,"Cameroon",NA,FALSE,"?","Summer",9,6,0,261
"Unirea Urziceni ( - 2011)",NA,NA,"2006","Arrivals","Florin Ganea","https://www.transfermarkt.com/florin-ganea/profil/spieler/48842","Left-Back","30","Romania","FCM Bacau",NA,"Romania",NA,FALSE,"?","Summer",27,13,0,1004
"Unirea Urziceni ( - 2011)",NA,NA,"2006","Arrivals","Daniel Costescu","https://www.transfermarkt.com/daniel-costescu/profil/spieler/48825","Centre-Forward","29","Romania","FC Arges","SuperLiga","Romania",NA,FALSE,"?","Summer",18,18,2,1385
"Unirea Urziceni ( - 2011)",NA,NA,"2006","Arrivals","Bogdan Aldea","https://www.transfermarkt.com/bogdan-aldea/profil/spieler/48806","Centre-Forward","25","Romania","Otelul Galati","SuperLiga","Romania",NA,FALSE,"?","Summer",19,19,4,779
"Unirea Urziceni ( - 2011)",NA,NA,"2006","Arrivals","Sorin Dragan","https://www.transfermarkt.com/sorin-dragan/profil/spieler/47596","Centre-Forward","21","Romania","Dunarea Galati",NA,"Romania",NA,FALSE,"?","Summer",4,1,0,5
"Unirea Urziceni ( - 2011)",NA,NA,"2006","Arrivals","Alin Cocos","https://www.transfermarkt.com/alin-cocos/profil/spieler/277712","Defender","19","Romania","Unknown",NA,NA,NA,FALSE,"?","Summer",NA,NA,NA,NA
"Unirea Urziceni ( - 2011)",NA,NA,"2006","Arrivals","Cornel Dobre","https://www.transfermarkt.com/cornel-dobre/profil/spieler/48831","Right-Back","30","Romania","FC Arges","SuperLiga","Romania",NA,FALSE,"?","Summer",18,16,2,1222
"Unirea Urziceni ( - 2011)",NA,NA,"2006","Arrivals","Liviu Negoiță","https://www.transfermarkt.com/liviu-negoita/profil/spieler/48882","Left Midfield","29","Romania","FC Arges","SuperLiga","Romania",NA,FALSE,"?","Summer",16,16,0,1367
"Unirea Urziceni ( - 2011)",NA,NA,"2006","Arrivals","Florin Pelecaci","https://www.transfermarkt.com/florin-pelecaci/profil/spieler/48682","Right Midfield","26","Romania","Gloria Bistrita","SuperLiga","Romania",NA,FALSE,"?","Summer",10,7,0,132
"Unirea Urziceni ( - 2011)",NA,NA,"2006","Arrivals","Marius Suleap","https://www.transfermarkt.com/marius-suleap/profil/spieler/48906","Attacking Midfield","26","Romania","FC Baku",NA,"Azerbaijan",NA,FALSE,"?","Summer",2,1,0,20
"Unirea Urziceni ( - 2011)",NA,NA,"2006","Arrivals","Dan Balauru","https://www.transfermarkt.com/dan-balauru/profil/spieler/55297","Right Midfield","25","Romania","FCM Bacau",NA,"Romania",NA,FALSE,"?","Summer",14,13,0,403
"Unirea Urziceni ( - 2011)",NA,NA,"2006","Arrivals","Szabolcs Szekely","https://www.transfermarkt.com/szabolcs-szekely/profil/spieler/48908","Centre-Forward","21","Romania","Alba Iulia",NA,"Romania",NA,FALSE,"?","Summer",11,4,0,57
"Unirea Urziceni ( - 2011)",NA,NA,"2006","Arrivals","Andrei Neagoe","https://www.transfermarkt.com/andrei-neagoe/profil/spieler/208811","Left Midfield","19","Romania","FC Arges","SuperLiga","Romania",NA,FALSE,"?","Summer",4,1,0,8
"Unirea Urziceni ( - 2011)",NA,NA,"2006","Arrivals","Alex Leandro","https://www.transfermarkt.com/alex-leandro/profil/spieler/21337","Centre-Forward","21","Brazil","FC Sion","Super League","Switzerland",NA,TRUE,"loan transfer","Summer",12,10,1,587
"Unirea Urziceni ( - 2011)",NA,NA,"2006","Arrivals","Ricardo Gomes","https://www.transfermarkt.com/ricardo-gomes/profil/spieler/48845","Defensive Midfield","24","Brazil","Without Club",NA,NA,NA,FALSE,"-","Summer",13,10,0,486
"Unirea Urziceni ( - 2011)",NA,NA,"2006","Arrivals","Viorel Nicoara","https://www.transfermarkt.com/viorel-nicoara/profil/spieler/157022","Left Midfield","18","Romania","Urziceni U19",NA,"Romania",NA,FALSE,"-","Summer",NA,NA,NA,NA
"Unirea Urziceni ( - 2011)",NA,NA,"2006","Arrivals","Cristinel Gurguiatu","https://www.transfermarkt.com/cristinel-gurguiatu/profil/spieler/64170","Centre-Back","23","Romania","CSM Moinesti",NA,"Romania",NA,TRUE,"End of loan Jun 30, 2006","Summer",NA,NA,NA,NA
"Unirea Urziceni ( - 2011)",NA,NA,"2006","Departures","Milos Bogdanovic","https://www.transfermarkt.com/milos-bogdanovic/profil/spieler/72437","Midfielder","28","Serbia","FC Snagov",NA,"Romania",0,FALSE,NA,"Summer",NA,NA,NA,NA
"Unirea Urziceni ( - 2011)",NA,NA,"2006","Departures","Vasile Gheorghe","https://www.transfermarkt.com/vasile-gheorghe/profil/spieler/123316","Central Midfield","20","Romania","Astra II",NA,"Romania",0,FALSE,NA,"Summer",NA,NA,NA,NA
"Unirea Urziceni ( - 2011)",NA,NA,"2006","Departures","Dorel Zaharia","https://www.transfermarkt.com/dorel-zaharia/profil/spieler/46682","Centre-Forward","28","Romania","Gloria Bistrita","SuperLiga","Romania",NA,FALSE,"?","Summer",NA,NA,NA,NA
"Unirea Urziceni ( - 2011)",NA,NA,"2006","Departures","Cristian Ciubotariu","https://www.transfermarkt.com/cristian-ciubotariu/profil/spieler/46519","Left Winger","25","Romania","Gloria Bistrita","SuperLiga","Romania",NA,FALSE,"?","Summer",NA,NA,NA,NA
"Unirea Urziceni ( - 2011)",NA,NA,"2006","Departures","Robert Iacob","https://www.transfermarkt.com/robert-iacob/profil/spieler/213689","Attacking Midfield","25","Romania","Liberty Salonta",NA,"Romania",NA,FALSE,"?","Summer",NA,NA,NA,NA
"Unirea Urziceni ( - 2011)",NA,NA,"2006","Departures","Marian Vătavu","https://www.transfermarkt.com/marian-vatavu/profil/spieler/47896","Centre-Back","24","Romania","Pandurii ","SuperLiga","Romania",NA,FALSE,"?","Summer",NA,NA,NA,NA
"Unirea Urziceni ( - 2011)",NA,NA,"2006","Departures","Ștefan Preda","https://www.transfermarkt.com/stefan-preda/profil/spieler/102024","Goalkeeper","36","Romania","CS Brazi",NA,"Romania",NA,FALSE,"?","Summer",NA,NA,NA,NA
"Unirea Urziceni ( - 2011)",NA,NA,"2006","Departures","Bogdan Vrăjitoarea","https://www.transfermarkt.com/bogdan-vrajitoarea/profil/spieler/46680","Centre-Forward","28","Romania","Jiul Petrosani","SuperLiga","Romania",NA,FALSE,"?","Summer",NA,NA,NA,NA
"Unirea Urziceni ( - 2011)",NA,NA,"2006","Departures","Cristinel Gurguiatu","https://www.transfermarkt.com/cristinel-gurguiatu/profil/spieler/64170","Centre-Back","23","Romania","CSM Focsani",NA,"Romania",NA,TRUE,"loan transfer","Summer",NA,NA,NA,NA
"Unirea Urziceni ( - 2011)",NA,NA,"2006","Departures","Nemanja Jovanovic","https://www.transfermarkt.com/nemanja-jovanovic/profil/spieler/47878","Centre-Forward","22","Serbia","Pandurii ","SuperLiga","Romania",NA,TRUE,"loan transfer","Summer",NA,NA,NA,NA
"Unirea Urziceni ( - 2011)",NA,NA,"2006","Departures","Carlos André","https://www.transfermarkt.com/carlos-andre/profil/spieler/16267","Defensive Midfield","34","Portugal","Without Club",NA,NA,NA,FALSE,"-","Summer",NA,NA,NA,NA
"Unirea Urziceni ( - 2011)",NA,NA,"2006","Departures","Vasile Jercalau","https://www.transfermarkt.com/vasile-jercalau/profil/spieler/182012","Defender","38","Romania",NA,NA,NA,NA,FALSE,"-","Summer",NA,NA,NA,NA
"Unirea Urziceni ( - 2011)",NA,NA,"2006","Departures","Cornel Predescu","https://www.transfermarkt.com/cornel-predescu/profil/spieler/44943","Attacking Midfield","18","Romania","FC Dinamo","SuperLiga","Romania",NA,TRUE,"End of loan Jun 30, 2006","Summer",NA,NA,NA,NA
"Unirea Urziceni ( - 2011)",NA,NA,"2006","Arrivals","Ciprian Petre","https://www.transfermarkt.com/ciprian-petre/profil/spieler/46625","Left Winger","26","Romania","Jiul Petrosani","SuperLiga","Romania",3e+05,FALSE,NA,"Winter",13,12,1,643
"Unirea Urziceni ( - 2011)",NA,NA,"2006","Arrivals","Marius Bilașco","https://www.transfermarkt.com/marius-bilasco/profil/spieler/46505","Centre-Forward","25","Romania","FC Arges","SuperLiga","Romania",250000,FALSE,NA,"Winter",14,14,2,955
"Unirea Urziceni ( - 2011)",NA,NA,"2006","Arrivals","Marius Onofraș","https://www.transfermarkt.com/marius-onofras/profil/spieler/47500","Right Winger","26","Romania","Poli Iasi","SuperLiga","Romania",0,FALSE,NA,"Winter",13,12,1,581
"Unirea Urziceni ( - 2011)",NA,NA,"2006","Arrivals","Valentin Negru","https://www.transfermarkt.com/valentin-negru/profil/spieler/35439","Central Midfield","24","Romania","FC Rapid 1923","SuperLiga","Romania",0,FALSE,NA,"Winter",13,11,0,802
"Unirea Urziceni ( - 2011)",NA,NA,"2006","Arrivals","Răzvan Pădurețu","https://www.transfermarkt.com/razvan-paduretu/profil/spieler/46615","Attacking Midfield","25","Romania","Gloria Bistrita","SuperLiga","Romania",0,FALSE,NA,"Winter",13,13,1,967
"Unirea Urziceni ( - 2011)",NA,NA,"2006","Arrivals","George Galamaz","https://www.transfermarkt.com/george-galamaz/profil/spieler/26035","Centre-Back","25","Romania","FC Dinamo","SuperLiga","Romania",0,FALSE,NA,"Winter",15,15,1,1348
"Unirea Urziceni ( - 2011)",NA,NA,"2006","Arrivals","Bogdan Mara","https://www.transfermarkt.com/bogdan-mara/profil/spieler/47602","Attacking Midfield","29","Romania","UTA Arad","SuperLiga","Romania",0,FALSE,NA,"Winter",13,13,2,988
"Unirea Urziceni ( - 2011)",NA,NA,"2006","Arrivals","Romik Khachatryan","https://www.transfermarkt.com/romik-khachatryan/profil/spieler/29272","Defensive Midfield","28","Armenia","Anorthosis","Cyprus League","Cyprus",NA,FALSE,"?","Winter",10,10,0,718
"Unirea Urziceni ( - 2011)",NA,NA,"2006","Arrivals","Valeriu Bordeanu","https://www.transfermarkt.com/valeriu-bordeanu/profil/spieler/25848","Left-Back","29","Romania","Poli Iasi","SuperLiga","Romania",NA,FALSE,"?","Winter",14,14,0,1260
"Unirea Urziceni ( - 2011)",NA,NA,"2006","Arrivals","Iulian Arhire","https://www.transfermarkt.com/iulian-arhire/profil/spieler/48813","Defensive Midfield","30","Romania","Otelul Galati","SuperLiga","Romania",NA,FALSE,"?","Winter",0,0,0,0
"Unirea Urziceni ( - 2011)",NA,NA,"2006","Arrivals","Daniel Munteanu","https://www.transfermarkt.com/daniel-munteanu/profil/spieler/48879","Centre-Back","28","Romania","Khazar Lankaran",NA,"Azerbaijan",NA,FALSE,"?","Winter",19,18,2,1387
"Unirea Urziceni ( - 2011)",NA,NA,"2006","Arrivals","Cristinel Gurguiatu","https://www.transfermarkt.com/cristinel-gurguiatu/profil/spieler/64170","Centre-Back","24","Romania","CSM Focsani",NA,"Romania",NA,TRUE,"End of loan Jan 31, 2007","Winter",NA,NA,NA,NA
"Unirea Urziceni ( - 2011)",NA,NA,"2006","Arrivals","Nemanja Jovanovic","https://www.transfermarkt.com/nemanja-jovanovic/profil/spieler/47878","Centre-Forward","22","Serbia","Pandurii ","SuperLiga","Romania",NA,TRUE,"End of loan Dec 1, 2006","Winter",NA,NA,NA,NA
"Unirea Urziceni ( - 2011)",NA,NA,"2006","Departures","Madalin Murgan","https://www.transfermarkt.com/madalin-murgan/profil/spieler/26676","Left Midfield","23","Romania","Ceahlaul","SuperLiga","Romania",5000,FALSE,NA,"Winter",15,8,1,455
"Unirea Urziceni ( - 2011)",NA,NA,"2006","Departures","Kalle Sone","https://www.transfermarkt.com/kalle-sone/profil/spieler/4435","Right Winger","24","Cameroon","Poiana Campina",NA,"Romania",0,FALSE,NA,"Winter",9,6,0,261
"Unirea Urziceni ( - 2011)",NA,NA,"2006","Departures","Valentin Filatov","https://www.transfermarkt.com/valentin-filatov/profil/spieler/15652","Left-Back","24","Russia","Spartak Nalchik","Premier Liga","Russia",0,FALSE,NA,"Winter",15,11,0,746
"Unirea Urziceni ( - 2011)",NA,NA,"2006","Departures","Cosmin Curiman","https://www.transfermarkt.com/cosmin-curiman/profil/spieler/47565","Goalkeeper","24","Romania","Bihor Oradea",NA,"Romania",0,FALSE,NA,"Winter",18,0,0,0
"Unirea Urziceni ( - 2011)",NA,NA,"2006","Departures","Cristinel Gurguiatu","https://www.transfermarkt.com/cristinel-gurguiatu/profil/spieler/64170","Centre-Back","24","Romania","CSM Focsani",NA,"Romania",0,FALSE,NA,"Winter",NA,NA,NA,NA
"Unirea Urziceni ( - 2011)",NA,NA,"2006","Departures","Daniel Costescu","https://www.transfermarkt.com/daniel-costescu/profil/spieler/48825","Centre-Forward","30","Romania","Ceahlaul","SuperLiga","Romania",NA,FALSE,"?","Winter",18,18,2,1385
"Unirea Urziceni ( - 2011)",NA,NA,"2006","Departures","Ștefan Odoroabă","https://www.transfermarkt.com/stefan-odoroaba/profil/spieler/126112","Right-Back","25","Romania","Petrolul",NA,"Romania",NA,FALSE,"?","Winter",13,7,0,417
"Unirea Urziceni ( - 2011)",NA,NA,"2006","Departures","Sorin Dragan","https://www.transfermarkt.com/sorin-dragan/profil/spieler/47596","Centre-Forward","22","Romania","Delta United",NA,"Nigeria",NA,FALSE,"?","Winter",4,1,0,5
"Unirea Urziceni ( - 2011)",NA,NA,"2006","Departures","Cornel Dobre","https://www.transfermarkt.com/cornel-dobre/profil/spieler/48831","Right-Back","31","Romania","Ceahlaul","SuperLiga","Romania",NA,FALSE,"?","Winter",18,16,2,1222
"Unirea Urziceni ( - 2011)",NA,NA,"2006","Departures","Liviu Negoiță","https://www.transfermarkt.com/liviu-negoita/profil/spieler/48882","Left Midfield","29","Romania","Ceahlaul","SuperLiga","Romania",NA,FALSE,"?","Winter",16,16,0,1367
"Unirea Urziceni ( - 2011)",NA,NA,"2006","Departures","Dumitru Gheorghe","https://www.transfermarkt.com/dumitru-gheorghe/profil/spieler/47598","Centre-Forward","29","Romania","FC Arges","SuperLiga","Romania",NA,FALSE,"?","Winter",10,4,0,187
"Unirea Urziceni ( - 2011)",NA,NA,"2006","Departures","Florin Pelecaci","https://www.transfermarkt.com/florin-pelecaci/profil/spieler/48682","Right Midfield","26","Romania","Progresul","SuperLiga","Romania",NA,FALSE,"?","Winter",10,7,0,132
"Unirea Urziceni ( - 2011)",NA,NA,"2006","Departures","Andrei Neagoe","https://www.transfermarkt.com/andrei-neagoe/profil/spieler/208811","Left Midfield","19","Romania","Progresul","SuperLiga","Romania",NA,FALSE,"?","Winter",4,1,0,8
"Unirea Urziceni ( - 2011)",NA,NA,"2006","Departures","Cristian Vlad","https://www.transfermarkt.com/cristian-vlad/profil/spieler/97566","Right Midfield","29","Romania","Agia Napa","Cyprus League","Cyprus",NA,TRUE,"loan transfer","Winter",15,15,0,1148
"Unirea Urziceni ( - 2011)",NA,NA,"2006","Departures","Cătălin Grigore","https://www.transfermarkt.com/catalin-grigore/profil/spieler/33743","Goalkeeper","29","Romania","FCM Targoviste",NA,"Romania",NA,TRUE,"loan transfer","Winter",28,23,0,2053
"Unirea Urziceni ( - 2011)",NA,NA,"2006","Departures","Nemanja Jovanovic","https://www.transfermarkt.com/nemanja-jovanovic/profil/spieler/47878","Centre-Forward","22","Serbia","Rm. Valcea",NA,"Romania",NA,TRUE,"loan transfer","Winter",NA,NA,NA,NA
"Unirea Urziceni ( - 2011)",NA,NA,"2006","Departures","Raul Rusescu","https://www.transfermarkt.com/raul-rusescu/profil/spieler/81433","Centre-Forward","18","Romania","Astra II",NA,"Romania",NA,TRUE,"loan transfer","Winter",NA,NA,NA,NA
"UTA Arad","SuperLiga","Romania","2006","Arrivals","Alin Coțan","https://www.transfermarkt.com/alin-cotan/profil/spieler/48827","Left Midfield","23","Romania","FC Sopron","NB I.","Hungary",150000,FALSE,NA,"Summer",16,12,0,518
"UTA Arad","SuperLiga","Romania","2006","Arrivals","Boban Stojanovic","https://www.transfermarkt.com/boban-stojanovic/profil/spieler/34523","Right Winger","28","Serbia","Red Star","Super liga Srbije","Serbia",125000,FALSE,NA,"Summer",12,11,1,477
"UTA Arad","SuperLiga","Romania","2006","Arrivals","Valentin Simion","https://www.transfermarkt.com/valentin-simion/profil/spieler/34760","Centre-Forward","19","Romania","FCSB","SuperLiga","Romania",1e+05,TRUE,NA,"Summer",30,29,3,2075
"UTA Arad","SuperLiga","Romania","2006","Arrivals","László Balint","https://www.transfermarkt.com/laszlo-balint/profil/spieler/43278","Centre-Back","27","Romania","CFR Cluj","SuperLiga","Romania",1e+05,FALSE,NA,"Summer",29,29,0,2548
"UTA Arad","SuperLiga","Romania","2006","Arrivals","Daniel Chirita","https://www.transfermarkt.com/daniel-chirita/profil/spieler/15648","Centre-Back","32","Romania","Stal Alchevsk","Premier Liga","Ukraine",0,FALSE,NA,"Summer",27,27,0,2382
"UTA Arad","SuperLiga","Romania","2006","Arrivals","Goran Jankovic","https://www.transfermarkt.com/goran-jankovic/profil/spieler/33180","Defensive Midfield","27","Serbia","GKS Belchatow","Ekstraklasa","Poland",0,FALSE,NA,"Summer",17,11,0,481
"UTA Arad","SuperLiga","Romania","2006","Arrivals","Alexandru Costisor","https://www.transfermarkt.com/alexandru-costisor/profil/spieler/48826","Centre-Back","25","Romania","FC Sopron","NB I.","Hungary",0,FALSE,NA,"Summer",17,6,1,450
"UTA Arad","SuperLiga","Romania","2006","Arrivals","Daniel Tudor","https://www.transfermarkt.com/daniel-tudor/profil/spieler/48913","Goalkeeper","32","Romania","Fehérvár","NB I.","Hungary",0,FALSE,NA,"Summer",31,28,0,2520
"UTA Arad","SuperLiga","Romania","2006","Arrivals","Bogdan Mara","https://www.transfermarkt.com/bogdan-mara/profil/spieler/47602","Attacking Midfield","28","Romania","Stal Alchevsk","Premier Liga","Ukraine",0,FALSE,NA,"Summer",18,18,6,1592
"UTA Arad","SuperLiga","Romania","2006","Arrivals","Ionuț Bălan","https://www.transfermarkt.com/ionut-balan/profil/spieler/26034","Right-Back","28","Romania","FC Dinamo","SuperLiga","Romania",0,FALSE,NA,"Summer",33,30,0,2444
"UTA Arad","SuperLiga","Romania","2006","Arrivals","Doru Buican","https://www.transfermarkt.com/doru-buican/profil/spieler/48819","Centre-Back","24","Romania","FC Sibiu",NA,"Romania",0,FALSE,NA,"Summer",0,0,0,0
"UTA Arad","SuperLiga","Romania","2006","Arrivals","Nikola Vasiljevic","https://www.transfermarkt.com/nikola-vasiljevic/profil/spieler/31184","Left-Back","22","Serbia","Radnicki Pirot",NA,"Serbia",0,FALSE,NA,"Summer",26,21,0,1808
"UTA Arad","SuperLiga","Romania","2006","Arrivals","Adrian Rusu","https://www.transfermarkt.com/adrian-rusu/profil/spieler/35440","Right-Back","21","Romania","FC Rapid 1923","SuperLiga","Romania",NA,FALSE,"?","Summer",21,13,0,1106
"UTA Arad","SuperLiga","Romania","2006","Arrivals","Stefan Sorin Oncica","https://www.transfermarkt.com/stefan-sorin-oncica/profil/spieler/172786","Attacking Midfield","32","Romania","Gloria Bistrita","SuperLiga","Romania",NA,FALSE,"?","Summer",17,16,0,921
"UTA Arad","SuperLiga","Romania","2006","Arrivals","Thiago Ramos Fernandes","https://www.transfermarkt.com/thiago-ramos-fernandes/profil/spieler/48836","Striker","25","Brazil","Oliv. Moscavide","Liga Portugal 2","Portugal",NA,FALSE,"?","Summer",13,12,0,732
"UTA Arad","SuperLiga","Romania","2006","Arrivals","Iulian Stefan","https://www.transfermarkt.com/iulian-stefan/profil/spieler/48904","Central Midfield","25","Romania","Pandurii ","SuperLiga","Romania",NA,FALSE,"?","Summer",6,6,1,345
"UTA Arad","SuperLiga","Romania","2006","Arrivals","Bogdan Apostu","https://www.transfermarkt.com/bogdan-apostu/profil/spieler/48812","Centre-Forward","24","Romania","Farul Constanta","SuperLiga","Romania",NA,FALSE,"?","Summer",34,29,3,1546
"UTA Arad","SuperLiga","Romania","2006","Arrivals","Uros Milosavljevic","https://www.transfermarkt.com/uros-milosavljevic/profil/spieler/36124","Central Midfield","23","Serbia","Vojvodina","Super liga Srbije","Serbia",NA,FALSE,"?","Summer",13,10,0,688
"UTA Arad","SuperLiga","Romania","2006","Arrivals","Cristian Negru","https://www.transfermarkt.com/cristian-negru/profil/spieler/304719","Centre-Forward","30","Romania","Hassania",NA,"Morocco",NA,FALSE,"?","Summer",NA,NA,NA,NA
"UTA Arad","SuperLiga","Romania","2006","Arrivals","Corneliu Codreanu","https://www.transfermarkt.com/corneliu-codreanu/profil/spieler/48823","Right-Back","29","Romania","FCM Bacau",NA,"Romania",NA,FALSE,"?","Summer",2,2,0,180
"UTA Arad","SuperLiga","Romania","2006","Arrivals","Florin Hidisan","https://www.transfermarkt.com/florin-hidisan/profil/spieler/48850","Right Midfield","24","Romania","FC Brasov",NA,"Romania",NA,FALSE,"?","Summer",27,26,2,1861
"UTA Arad","SuperLiga","Romania","2006","Arrivals","Cristian Danalache","https://www.transfermarkt.com/cristian-danalache/profil/spieler/48830","Centre-Forward","23","Romania","CS Otopeni",NA,"Romania",NA,FALSE,"?","Summer",29,26,2,1715
"UTA Arad","SuperLiga","Romania","2006","Arrivals","Alexandru Tudose","https://www.transfermarkt.com/alexandru-tudose/profil/spieler/34941","Centre-Back","19","Romania","FCSB","SuperLiga","Romania",NA,TRUE,"loan transfer","Summer",7,1,0,41
"UTA Arad","SuperLiga","Romania","2006","Departures","Darius Miclea","https://www.transfermarkt.com/darius-miclea/profil/spieler/171437","Left-Back","31","Romania","Shahdag FK",NA,"Azerbaijan",0,FALSE,NA,"Summer",NA,NA,NA,NA
"UTA Arad","SuperLiga","Romania","2006","Departures","Laurențiu Costache","https://www.transfermarkt.com/laurentiu-costache/profil/spieler/289709","Attacking Midfield","29","Romania","Unirea Slobozia",NA,"Romania",0,FALSE,NA,"Summer",NA,NA,NA,NA
"UTA Arad","SuperLiga","Romania","2006","Departures","Flavius Bad","https://www.transfermarkt.com/flavius-bad/profil/spieler/46496","Centre-Forward","23","Romania","Gloria Bistrita","SuperLiga","Romania",0,FALSE,NA,"Summer",NA,NA,NA,NA
"UTA Arad","SuperLiga","Romania","2006","Departures","Ion Dumitra","https://www.transfermarkt.com/ion-dumitra/profil/spieler/53296","Central Midfield","30","Romania","Minerul Lupeni",NA,"Romania",NA,FALSE,"?","Summer",NA,NA,NA,NA
"UTA Arad","SuperLiga","Romania","2006","Departures","Andriy Donets","https://www.transfermarkt.com/andriy-donets/profil/spieler/57871","Centre-Back","25","Ukraine","Volyn Lutsk","Persha Liga","Ukraine",NA,FALSE,"?","Summer",NA,NA,NA,NA
"UTA Arad","SuperLiga","Romania","2006","Departures","Constantin Enache","https://www.transfermarkt.com/constantin-enache/profil/spieler/358556","Centre-Forward","33","Romania",NA,NA,NA,NA,FALSE,"-","Summer",NA,NA,NA,NA
"UTA Arad","SuperLiga","Romania","2006","Arrivals","Sabin Ilie","https://www.transfermarkt.com/sabin-ilie/profil/spieler/717","Centre-Forward","31","Romania","Iraklis","Super League 1","Greece",1e+05,FALSE,NA,"Winter",8,8,1,437
"UTA Arad","SuperLiga","Romania","2006","Arrivals","Dorin Mihuţ","https://www.transfermarkt.com/dorin-mihut/profil/spieler/44939","Right-Back","24","Romania","FC Dinamo","SuperLiga","Romania",50000,FALSE,NA,"Winter",11,8,1,630
"UTA Arad","SuperLiga","Romania","2006","Arrivals","Bruno Simão","https://www.transfermarkt.com/bruno-simao/profil/spieler/48902","Left-Back","21","Portugal","UA Povoense",NA,"Portugal",20000,FALSE,NA,"Winter",14,12,0,992
"UTA Arad","SuperLiga","Romania","2006","Arrivals","Ivan Djokovic","https://www.transfermarkt.com/ivan-djokovic/profil/spieler/35984","Centre-Back","24","Serbia","Borac Cacak","Super liga Srbije","Serbia",0,FALSE,NA,"Winter",13,4,0,261
"UTA Arad","SuperLiga","Romania","2006","Arrivals","Edson Sousa","https://www.transfermarkt.com/edson-sousa/profil/spieler/15768","Centre-Forward","23","Portugal","Zamalek","Premier League","Egypt",NA,FALSE,"?","Winter",11,11,6,894
"UTA Arad","SuperLiga","Romania","2006","Arrivals","Cristian Todea","https://www.transfermarkt.com/cristian-todea/profil/spieler/32123","Defensive Midfield","28","Romania","AC Bellinzona","Challenge League","Switzerland",NA,FALSE,"?","Winter",12,12,0,1050
"UTA Arad","SuperLiga","Romania","2006","Arrivals","Cosmin Pascovici","https://www.transfermarkt.com/cosmin-pascovici/profil/spieler/44942","Left-Back","28","Romania","FC Dinamo","SuperLiga","Romania",NA,FALSE,"?","Winter",12,8,0,516
"UTA Arad","SuperLiga","Romania","2006","Arrivals","Sebastian Hutan","https://www.transfermarkt.com/sebastian-hutan/profil/spieler/48852","Goalkeeper","23","Romania","Dynamo Moscow","Premier Liga","Russia",NA,FALSE,"?","Winter",7,2,0,180
"UTA Arad","SuperLiga","Romania","2006","Arrivals","Diogo Andrade","https://www.transfermarkt.com/diogo-andrade/profil/spieler/48809","Left Winger","21","Portugal","Portimonense","Liga Portugal 2","Portugal",NA,FALSE,"?","Winter",4,4,0,121
"UTA Arad","SuperLiga","Romania","2006","Arrivals","Dino Eze","https://www.transfermarkt.com/dino-eze/profil/spieler/54769","Left Midfield","22","Nigeria","FC Dinamo","SuperLiga","Romania",NA,FALSE,"?","Winter",NA,NA,NA,NA
"UTA Arad","SuperLiga","Romania","2006","Arrivals","Norbert Varga","https://www.transfermarkt.com/norbert-varga/profil/spieler/38050","Defensive Midfield","26","Romania","Wisla Kraków","Ekstraklasa","Poland",NA,TRUE,"loan transfer","Winter",4,4,0,144
"UTA Arad","SuperLiga","Romania","2006","Departures","Alexandru Costisor","https://www.transfermarkt.com/alexandru-costisor/profil/spieler/48826","Centre-Back","26","Romania","Petrolul",NA,"Romania",0,FALSE,NA,"Winter",17,6,1,450
"UTA Arad","SuperLiga","Romania","2006","Departures","Bogdan Mara","https://www.transfermarkt.com/bogdan-mara/profil/spieler/47602","Attacking Midfield","29","Romania","Unirea Urziceni","SuperLiga","Romania",0,FALSE,NA,"Winter",18,18,6,1592
"UTA Arad","SuperLiga","Romania","2006","Departures","Uros Milosavljevic","https://www.transfermarkt.com/uros-milosavljevic/profil/spieler/36124","Central Midfield","24","Serbia","Zvezda Irkutsk","1.Division","Russia",NA,FALSE,"?","Winter",13,10,0,688
"UTA Arad","SuperLiga","Romania","2006","Departures","Alin Coțan","https://www.transfermarkt.com/alin-cotan/profil/spieler/48827","Left Midfield","24","Romania","Petrolul",NA,"Romania",NA,FALSE,"?","Winter",16,12,0,518
"UTA Arad","SuperLiga","Romania","2006","Departures","Cornel Nadaban","https://www.transfermarkt.com/cornel-nadaban/profil/spieler/48880","Right Midfield","22","Romania","ACSM Reșița",NA,"Romania",NA,FALSE,"?","Winter",15,9,0,240
"Progresul Bucharest (- 2009)",NA,NA,"2006","Arrivals","Octavian Chihaia","https://www.transfermarkt.com/octavian-chihaia/profil/spieler/25929","Centre-Forward","25","Romania","FC Dinamo","SuperLiga","Romania",0,FALSE,NA,"Summer",12,12,4,940
"Progresul Bucharest (- 2009)",NA,NA,"2006","Arrivals","Tiberiu Curt","https://www.transfermarkt.com/tiberiu-curt/profil/spieler/26492","Centre-Back","31","Romania","FC Dinamo","SuperLiga","Romania",0,FALSE,NA,"Summer",0,0,0,0
"Progresul Bucharest (- 2009)",NA,NA,"2006","Arrivals","Cristian Munteanu","https://www.transfermarkt.com/cristian-munteanu/profil/spieler/26032","Goalkeeper","31","Romania","FC Dinamo","SuperLiga","Romania",0,FALSE,NA,"Summer",15,8,0,750
"Progresul Bucharest (- 2009)",NA,NA,"2006","Arrivals","Florentin Dumitru","https://www.transfermarkt.com/florentin-dumitru/profil/spieler/26495","Right-Back","29","Romania","Jiul Petrosani","SuperLiga","Romania",0,FALSE,NA,"Summer",19,19,0,1368
"Progresul Bucharest (- 2009)",NA,NA,"2006","Arrivals","Liviu Rusu","https://www.transfermarkt.com/liviu-rusu/profil/spieler/46640","Left-Back","25","Romania","Sportul S.",NA,"Romania",0,FALSE,NA,"Summer",31,27,0,2339
"Progresul Bucharest (- 2009)",NA,NA,"2006","Arrivals","Alin Dragan","https://www.transfermarkt.com/alin-dragan/profil/spieler/993138","Centre-Forward","24","Romania","Jura Sud",NA,"France",0,FALSE,NA,"Summer",NA,NA,NA,NA
"Progresul Bucharest (- 2009)",NA,NA,"2006","Arrivals","Erik Lincar","https://www.transfermarkt.com/erik-lincar/profil/spieler/1451","Defensive Midfield","27","Romania","Amkar Perm","Premier Liga","Russia",NA,FALSE,"?","Summer",19,17,1,1386
"Progresul Bucharest (- 2009)",NA,NA,"2006","Arrivals","Ionuţ Savu","https://www.transfermarkt.com/ionut-savu/profil/spieler/64076","Centre-Forward","29","Romania","Khazar Lankaran",NA,"Azerbaijan",NA,FALSE,"?","Summer",22,20,2,1093
"Progresul Bucharest (- 2009)",NA,NA,"2006","Arrivals","Claudiu Drăgan","https://www.transfermarkt.com/claudiu-dragan/profil/spieler/26048","Centre-Forward","27","Romania","Jiul Petrosani","SuperLiga","Romania",NA,FALSE,"?","Summer",22,20,5,1027
"Progresul Bucharest (- 2009)",NA,NA,"2006","Arrivals","Altamir Heitor Martins","https://www.transfermarkt.com/altamir-heitor-martins/profil/spieler/48672","Centre-Back","26","Brazil","Guarani",NA,"Brazil",NA,FALSE,"?","Summer",22,14,1,1245
"Progresul Bucharest (- 2009)",NA,NA,"2006","Arrivals","Csaba Borbely","https://www.transfermarkt.com/csaba-borbely/profil/spieler/26639","Centre-Forward","25","Romania","Ferencváros",NA,"Hungary",NA,FALSE,"?","Summer",16,15,0,1012
"Progresul Bucharest (- 2009)",NA,NA,"2006","Arrivals","Corneliu Papură","https://www.transfermarkt.com/corneliu-papura/profil/spieler/48180","Centre-Back","32","Romania","CC Yatai","Super League","China",NA,FALSE,"?","Summer",13,13,0,1080
"Progresul Bucharest (- 2009)",NA,NA,"2006","Arrivals","Radek Oprsal","https://www.transfermarkt.com/radek-oprsal/profil/spieler/48680","Left-Back","28","Czech Republic","Vitkovice","ChNL","Czech Republic",NA,FALSE,"?","Summer",11,11,0,990
"Progresul Bucharest (- 2009)",NA,NA,"2006","Arrivals","Cătălin Cursaru","https://www.transfermarkt.com/catalin-cursaru/profil/spieler/46530","Centre-Forward","28","Romania","FC Vaslui","SuperLiga","Romania",NA,FALSE,"?","Summer",30,26,2,1532
"Progresul Bucharest (- 2009)",NA,NA,"2006","Arrivals","Adrian Campeanu","https://www.transfermarkt.com/adrian-campeanu/profil/spieler/213708","Centre-Forward","26","Romania","Rm. Valcea",NA,"Romania",NA,FALSE,"?","Summer",NA,NA,NA,NA
"Progresul Bucharest (- 2009)",NA,NA,"2006","Arrivals","Bina","https://www.transfermarkt.com/bina/profil/spieler/64022","Defensive Midfield","24","Nigeria","Sri Pahang ",NA,"Malaysia",NA,FALSE,"?","Summer",16,8,0,348
"Progresul Bucharest (- 2009)",NA,NA,"2006","Arrivals","Alin Ilin","https://www.transfermarkt.com/alin-ilin/profil/spieler/46568","Right-Back","21","Romania","Jiul Petrosani","SuperLiga","Romania",NA,FALSE,"?","Summer",34,31,2,2252
"Progresul Bucharest (- 2009)",NA,NA,"2006","Arrivals","Radoie Milenovici","https://www.transfermarkt.com/radoie-milenovici/profil/spieler/46595","Goalkeeper","20","Romania","Inter Clinceni",NA,"Romania",NA,FALSE,"-","Summer",2,0,0,0
"Progresul Bucharest (- 2009)",NA,NA,"2006","Departures","Ryan Griffiths","https://www.transfermarkt.com/ryan-griffiths/profil/spieler/42766","Centre-Forward","24","Australia","FC Rapid 1923","SuperLiga","Romania",7e+05,FALSE,NA,"Summer",NA,NA,NA,NA
"Progresul Bucharest (- 2009)",NA,NA,"2006","Departures","Cristian Săpunaru","https://www.transfermarkt.com/cristian-sapunaru/profil/spieler/25942","Centre-Back","22","Romania","FC Rapid 1923","SuperLiga","Romania",5e+05,FALSE,NA,"Summer",NA,NA,NA,NA
"Progresul Bucharest (- 2009)",NA,NA,"2006","Departures","Hristu Chiacu","https://www.transfermarkt.com/hristu-chiacu/profil/spieler/41623","Right Midfield","19","Romania","Wisla Kraków","Ekstraklasa","Poland",50000,FALSE,NA,"Summer",NA,NA,NA,NA
"Progresul Bucharest (- 2009)",NA,NA,"2006","Departures","Michael Thwaite","https://www.transfermarkt.com/michael-thwaite/profil/spieler/25944","Centre-Back","23","Australia","Wisla Kraków","Ekstraklasa","Poland",0,FALSE,NA,"Summer",NA,NA,NA,NA
"Progresul Bucharest (- 2009)",NA,NA,"2006","Departures","Octavian Chihaia","https://www.transfermarkt.com/octavian-chihaia/profil/spieler/25929","Centre-Forward","25","Romania","CFR Cluj","SuperLiga","Romania",0,FALSE,NA,"Summer",12,12,4,940
"Progresul Bucharest (- 2009)",NA,NA,"2006","Departures","Marian Savu","https://www.transfermarkt.com/marian-savu/profil/spieler/42799","Centre-Forward","33","Romania","Petrolul",NA,"Romania",NA,FALSE,"?","Summer",NA,NA,NA,NA
"Progresul Bucharest (- 2009)",NA,NA,"2006","Departures","Iulian Tameș","https://www.transfermarkt.com/iulian-tames/profil/spieler/26052","Central Midfield","27","Romania","FC Dinamo","SuperLiga","Romania",NA,FALSE,"?","Summer",NA,NA,NA,NA
"Progresul Bucharest (- 2009)",NA,NA,"2006","Departures","Radoie Milenovici","https://www.transfermarkt.com/radoie-milenovici/profil/spieler/46595","Goalkeeper","19","Romania","Inter Clinceni",NA,"Romania",NA,TRUE,"loan transfer","Summer",2,0,0,0
"Progresul Bucharest (- 2009)",NA,NA,"2006","Departures","Florin Prunea","https://www.transfermarkt.com/florin-prunea/profil/spieler/20658","Goalkeeper","37","Romania",NA,NA,NA,NA,FALSE,"-","Summer",NA,NA,NA,NA
"Progresul Bucharest (- 2009)",NA,NA,"2006","Departures","Mircea Oprea","https://www.transfermarkt.com/mircea-oprea/profil/spieler/42789","Second Striker","26","Romania","Poli. Timisoara","SuperLiga","Romania",NA,TRUE,"End of loan Jun 30, 2006","Summer",1,1,0,39
"Progresul Bucharest (- 2009)",NA,NA,"2006","Arrivals","Vladimir Sandulovic","https://www.transfermarkt.com/vladimir-sandulovic/profil/spieler/36135","Centre-Back","29","Serbia","Gornik Leczna","Ekstraklasa","Poland",NA,FALSE,"?","Winter",8,6,0,266
"Progresul Bucharest (- 2009)",NA,NA,"2006","Arrivals","Altamir Heitor Martins","https://www.transfermarkt.com/altamir-heitor-martins/profil/spieler/48672","Centre-Back","26","Brazil","Guarani",NA,"Brazil",NA,FALSE,"?","Winter",22,14,1,1245
"Progresul Bucharest (- 2009)",NA,NA,"2006","Arrivals","Florin Pelecaci","https://www.transfermarkt.com/florin-pelecaci/profil/spieler/48682","Right Midfield","26","Romania","Unirea Urziceni","SuperLiga","Romania",NA,FALSE,"?","Winter",8,6,0,250
"Progresul Bucharest (- 2009)",NA,NA,"2006","Arrivals","Andrei Neagoe","https://www.transfermarkt.com/andrei-neagoe/profil/spieler/208811","Left Midfield","19","Romania","Unirea Urziceni","SuperLiga","Romania",NA,FALSE,"?","Winter",10,6,0,243
"Progresul Bucharest (- 2009)",NA,NA,"2006","Arrivals","Octavian Chihaia","https://www.transfermarkt.com/octavian-chihaia/profil/spieler/25929","Centre-Forward","25","Romania","CFR Cluj","SuperLiga","Romania",NA,TRUE,"loan transfer","Winter",12,12,4,940
"Progresul Bucharest (- 2009)",NA,NA,"2006","Departures","Ciprian Mozacu","https://www.transfermarkt.com/ciprian-mozacu/profil/spieler/42784","Central Midfield","30","Romania","Aris Limassol","Cyprus League","Cyprus",0,FALSE,NA,"Winter",9,8,0,548
"Progresul Bucharest (- 2009)",NA,NA,"2006","Departures","Zeno Bundea","https://www.transfermarkt.com/zeno-bundea/profil/spieler/1395","Attacking Midfield","29","Romania","Maccabi Netanya","Ligat ha'Al","Israel",0,FALSE,NA,"Winter",6,6,0,525
"Progresul Bucharest (- 2009)",NA,NA,"2006","Departures","Radostin Stanev","https://www.transfermarkt.com/radostin-stanev/profil/spieler/25813","Goalkeeper","31","Bulgaria","Aris Limassol","Cyprus League","Cyprus",0,FALSE,NA,"Winter",18,5,0,405
"Progresul Bucharest (- 2009)",NA,NA,"2006","Departures","Wayne Srhoj","https://www.transfermarkt.com/wayne-srhoj/profil/spieler/42801","Attacking Midfield","24","Australia","Poli. Timisoara","SuperLiga","Romania",0,FALSE,NA,"Winter",1,0,0,0
"Progresul Bucharest (- 2009)",NA,NA,"2006","Departures","Abiodun Agunbiade","https://www.transfermarkt.com/abiodun-agunbiade/profil/spieler/25926","Right Winger","24","Nigeria","Poli. Timisoara","SuperLiga","Romania",0,FALSE,NA,"Winter",NA,NA,NA,NA
"CSM Ceahlaul Piatra Neamt","Liga 2","Romania","2006","Arrivals","Ionut Flavius Curca","https://www.transfermarkt.com/ionut-flavius-curca/profil/spieler/35429","Goalkeeper","28","Romania","FC Rapid 1923","SuperLiga","Romania",0,FALSE,NA,"Summer",17,11,0,926
"CSM Ceahlaul Piatra Neamt","Liga 2","Romania","2006","Arrivals","Dejan Rusmir","https://www.transfermarkt.com/dejan-rusmir/profil/spieler/36059","Attacking Midfield","26","Serbia","Rad",NA,"Serbia",0,FALSE,NA,"Summer",33,27,3,1929
"CSM Ceahlaul Piatra Neamt","Liga 2","Romania","2006","Arrivals","Dusko Stajic","https://www.transfermarkt.com/dusko-stajic/profil/spieler/21121","Centre-Forward","23","Bosnia-Herzegovina","NK Celje","Prva Liga","Slovenia",0,FALSE,NA,"Summer",18,12,1,498
"CSM Ceahlaul Piatra Neamt","Liga 2","Romania","2006","Arrivals","Gigel Ene","https://www.transfermarkt.com/gigel-ene/profil/spieler/35436","Attacking Midfield","23","Romania","FC Rapid 1923","SuperLiga","Romania",NA,FALSE,"?","Summer",2,1,0,11
"CSM Ceahlaul Piatra Neamt","Liga 2","Romania","2006","Arrivals","Marian Zeciu","https://www.transfermarkt.com/marian-zeciu/profil/spieler/46683","Centre-Back","29","Armenia","FC Rapid 1923","SuperLiga","Romania",NA,FALSE,"?","Summer",8,2,0,135
"CSM Ceahlaul Piatra Neamt","Liga 2","Romania","2006","Arrivals","Cosmin Vasie","https://www.transfermarkt.com/cosmin-vasie/profil/spieler/46671","Left-Back","29","Romania","Unirea Dej",NA,"Romania",NA,FALSE,"?","Summer",25,25,0,1996
"CSM Ceahlaul Piatra Neamt","Liga 2","Romania","2006","Arrivals","Arman Karamyan","https://www.transfermarkt.com/arman-karamyan/profil/spieler/44091","Left Winger","26","Armenia","FC Rapid 1923","SuperLiga","Romania",NA,FALSE,"?","Summer",16,13,0,883
"CSM Ceahlaul Piatra Neamt","Liga 2","Romania","2006","Arrivals","Gastón Díaz","https://www.transfermarkt.com/gaston-diaz/profil/spieler/46532","Right-Back","25","Argentina","Los Andes",NA,"Argentina",NA,FALSE,"?","Summer",16,15,1,994
"CSM Ceahlaul Piatra Neamt","Liga 2","Romania","2006","Arrivals","Carlos Herrera","https://www.transfermarkt.com/carlos-herrera/profil/spieler/46561","Centre-Forward","21","Argentina","Alumni",NA,"Argentina",NA,FALSE,"?","Summer",1,0,0,0
"CSM Ceahlaul Piatra Neamt","Liga 2","Romania","2006","Arrivals","Andrei Petrescu","https://www.transfermarkt.com/andrei-petrescu/profil/spieler/242121","Striker","21","Romania","FC Rapid 1923","SuperLiga","Romania",NA,FALSE,"?","Summer",8,7,0,110
"CSM Ceahlaul Piatra Neamt","Liga 2","Romania","2006","Arrivals","Lucian Goian","https://www.transfermarkt.com/lucian-goian/profil/spieler/26036","Centre-Back","23","Romania","FC Dinamo","SuperLiga","Romania",NA,TRUE,"loan transfer","Summer",13,13,1,1152
"CSM Ceahlaul Piatra Neamt","Liga 2","Romania","2006","Departures","Radu Oprea","https://www.transfermarkt.com/radu-oprea/profil/spieler/886002","Centre-Back","22","Romania","Unknown",NA,NA,0,FALSE,NA,"Summer",NA,NA,NA,NA
"CSM Ceahlaul Piatra Neamt","Liga 2","Romania","2006","Departures","Marian Zeciu","https://www.transfermarkt.com/marian-zeciu/profil/spieler/46683","Centre-Back","29","Armenia","Daco-Getica",NA,"Romania",NA,FALSE,"?","Summer",8,2,0,135
"CSM Ceahlaul Piatra Neamt","Liga 2","Romania","2006","Departures","Feyzula Senis","https://www.transfermarkt.com/feyzula-senis/profil/spieler/64287","Striker","25","Romania","Dacia U. Braila",NA,"Romania",NA,FALSE,"?","Summer",NA,NA,NA,NA
"CSM Ceahlaul Piatra Neamt","Liga 2","Romania","2006","Departures","Lucian Goian","https://www.transfermarkt.com/lucian-goian/profil/spieler/26036","Centre-Back","23","Romania","FC Dinamo","SuperLiga","Romania",NA,TRUE,"End of loan Jun 30, 2006","Summer",13,13,1,1152
"CSM Ceahlaul Piatra Neamt","Liga 2","Romania","2006","Departures","Lucian Covrig","https://www.transfermarkt.com/lucian-covrig/profil/spieler/46524","Goalkeeper","29","Romania","Leonard Pascani",NA,"Romania",NA,FALSE,"","Summer",10,7,0,604
"CSM Ceahlaul Piatra Neamt","Liga 2","Romania","2006","Arrivals","Adrian Iencsi","https://www.transfermarkt.com/adrian-iencsi/profil/spieler/16653","Centre-Back","31","Romania","Spartak Moscow","Premier Liga","Russia",30000,FALSE,NA,"Winter",10,10,1,900
"CSM Ceahlaul Piatra Neamt","Liga 2","Romania","2006","Arrivals","Madalin Murgan","https://www.transfermarkt.com/madalin-murgan/profil/spieler/26676","Left Midfield","23","Romania","Unirea Urziceni","SuperLiga","Romania",5000,FALSE,NA,"Winter",4,4,1,330
"CSM Ceahlaul Piatra Neamt","Liga 2","Romania","2006","Arrivals","Marian Alexandru","https://www.transfermarkt.com/marian-alexandru/profil/spieler/46488","Striker","29","Romania","FC Vaslui","SuperLiga","Romania",0,FALSE,NA,"Winter",7,5,0,143
"CSM Ceahlaul Piatra Neamt","Liga 2","Romania","2006","Arrivals","Andriy Fedorenko","https://www.transfermarkt.com/andriy-fedorenko/profil/spieler/48835","Goalkeeper","23","Ukraine","Atyrau","Premier Liga","Kazakhstan",0,FALSE,NA,"Winter",12,5,0,450
"CSM Ceahlaul Piatra Neamt","Liga 2","Romania","2006","Arrivals","Marian Bănuță","https://www.transfermarkt.com/marian-banuta/profil/spieler/48815","Right Midfield","20","Romania","Niort B",NA,"France",0,FALSE,NA,"Winter",12,11,0,577
"CSM Ceahlaul Piatra Neamt","Liga 2","Romania","2006","Arrivals","Daniel Costescu","https://www.transfermarkt.com/daniel-costescu/profil/spieler/48825","Centre-Forward","30","Romania","Unirea Urziceni","SuperLiga","Romania",NA,FALSE,"?","Winter",8,8,0,319
"CSM Ceahlaul Piatra Neamt","Liga 2","Romania","2006","Arrivals","Cornel Dobre","https://www.transfermarkt.com/cornel-dobre/profil/spieler/48831","Right-Back","31","Romania","Unirea Urziceni","SuperLiga","Romania",NA,FALSE,"?","Winter",6,4,0,216
"CSM Ceahlaul Piatra Neamt","Liga 2","Romania","2006","Arrivals","Cătălin Mulțescu","https://www.transfermarkt.com/catalin-multescu/profil/spieler/46600","Goalkeeper","30","Romania","Jiul Petrosani","SuperLiga","Romania",NA,FALSE,"?","Winter",12,10,0,881
"CSM Ceahlaul Piatra Neamt","Liga 2","Romania","2006","Arrivals","Liviu Negoiță","https://www.transfermarkt.com/liviu-negoita/profil/spieler/48882","Left Midfield","29","Romania","Unirea Urziceni","SuperLiga","Romania",NA,FALSE,"?","Winter",6,6,0,280
"CSM Ceahlaul Piatra Neamt","Liga 2","Romania","2006","Arrivals","Bogdan Vrăjitoarea","https://www.transfermarkt.com/bogdan-vrajitoarea/profil/spieler/46680","Centre-Forward","28","Romania","Jiul Petrosani","SuperLiga","Romania",NA,FALSE,"?","Winter",15,14,2,1152
"CSM Ceahlaul Piatra Neamt","Liga 2","Romania","2006","Arrivals","Eugeniu Cebotaru","https://www.transfermarkt.com/eugeniu-cebotaru/profil/spieler/48820","Central Midfield","22","Moldova","Zimbru Chisinau",NA,"Moldova",NA,FALSE,"?","Winter",15,12,1,897
"CSM Ceahlaul Piatra Neamt","Liga 2","Romania","2006","Departures","Ionut Flavius Curca","https://www.transfermarkt.com/ionut-flavius-curca/profil/spieler/35429","Goalkeeper","29","Romania","Jiul Petrosani","SuperLiga","Romania",0,FALSE,NA,"Winter",17,11,0,926
"CSM Ceahlaul Piatra Neamt","Liga 2","Romania","2006","Departures","Arman Karamyan","https://www.transfermarkt.com/arman-karamyan/profil/spieler/44091","Left Winger","27","Armenia","Poli. Timisoara","SuperLiga","Romania",0,FALSE,NA,"Winter",16,13,0,883
"CSM Ceahlaul Piatra Neamt","Liga 2","Romania","2006","Departures","Carlos Herrera","https://www.transfermarkt.com/carlos-herrera/profil/spieler/46561","Centre-Forward","22","Argentina","Huracan TA",NA,"Argentina",0,FALSE,NA,"Winter",1,0,0,0
"CSM Ceahlaul Piatra Neamt","Liga 2","Romania","2006","Departures","Gigel Ene","https://www.transfermarkt.com/gigel-ene/profil/spieler/35436","Attacking Midfield","24","Romania","CS Otopeni",NA,"Romania",NA,FALSE,"?","Winter",2,1,0,11
"CSM Ceahlaul Piatra Neamt","Liga 2","Romania","2006","Departures","Tiberiu Șerban","https://www.transfermarkt.com/tiberiu-serban/profil/spieler/46648","Attacking Midfield","29","Romania","Petrolul",NA,"Romania",NA,FALSE,"?","Winter",16,11,0,860
"CSM Ceahlaul Piatra Neamt","Liga 2","Romania","2006","Departures","Augustin Ivasca","https://www.transfermarkt.com/augustin-ivasca/profil/spieler/242115","Central Midfield","26","Romania","Cetatea Suceava",NA,"Romania",NA,FALSE,"?","Winter",14,12,0,891
"CSM Ceahlaul Piatra Neamt","Liga 2","Romania","2006","Departures","Vasile Prisacă","https://www.transfermarkt.com/vasile-prisaca/profil/spieler/46630","Goalkeeper","27","Romania","Petrolul",NA,"Romania",NA,FALSE,"?","Winter",11,2,0,180
"CSM Ceahlaul Piatra Neamt","Liga 2","Romania","2006","Departures","Dusan Simic","https://www.transfermarkt.com/dusan-simic/profil/spieler/60749","Defensive Midfield","26","Serbia","FC Brasov",NA,"Romania",NA,FALSE,"?","Winter",19,19,0,1450
"CSM Ceahlaul Piatra Neamt","Liga 2","Romania","2006","Departures","Gastón Díaz","https://www.transfermarkt.com/gaston-diaz/profil/spieler/46532","Right-Back","25","Argentina","FC Brasov",NA,"Romania",NA,FALSE,"?","Winter",16,15,1,994
"CSM Ceahlaul Piatra Neamt","Liga 2","Romania","2006","Departures","Paul Borz","https://www.transfermarkt.com/paul-borz/profil/spieler/46507","Right Midfield","23","Romania","Gaz Metan",NA,"Romania",NA,FALSE,"?","Winter",3,0,0,0
"CSM Ceahlaul Piatra Neamt","Liga 2","Romania","2006","Departures","Andrei Petrescu","https://www.transfermarkt.com/andrei-petrescu/profil/spieler/242121","Striker","21","Romania","FC Sacele",NA,"Romania",NA,FALSE,"?","Winter",8,7,0,110
"CSM Ceahlaul Piatra Neamt","Liga 2","Romania","2006","Departures","Dusko Stajic","https://www.transfermarkt.com/dusko-stajic/profil/spieler/21121","Centre-Forward","24","Bosnia-Herzegovina","Radnik Bijelj.","Premijer Liga BiH","Bosnia-Herzegovina",NA,TRUE,"loan transfer","Winter",18,12,1,498
"CSM Ceahlaul Piatra Neamt","Liga 2","Romania","2006","Departures","Andrei Vitelaru","https://www.transfermarkt.com/andrei-vitelaru/profil/spieler/46675","Centre-Back","21","Romania","Poiana Campina",NA,"Romania",NA,TRUE,"loan transfer","Winter",4,1,0,45
"FC U Craiova 1948",NA,NA,"2006","Arrivals","Lucian Parvu","https://www.transfermarkt.com/lucian-parvu/profil/spieler/18994","Right Winger","24","Romania","Ergotelis","Super League 1","Greece",0,FALSE,NA,"Summer",27,26,3,1695
"FC U Craiova 1948",NA,NA,"2006","Arrivals","Michael Baird","https://www.transfermarkt.com/michael-baird/profil/spieler/47567","Centre-Forward","22","Australia","Brisbane Roar","A-League Men","Australia",0,FALSE,NA,"Summer",29,29,4,2004
"FC U Craiova 1948",NA,NA,"2006","Arrivals","Romeo Filipovic","https://www.transfermarkt.com/romeo-filipovic/profil/spieler/33359","Central Midfield","20","Croatia","VfB Homberg","Oberliga Nordrhein","Germany",0,FALSE,NA,"Summer",NA,NA,NA,NA
"FC U Craiova 1948",NA,NA,"2006","Arrivals","Joshua Rose","https://www.transfermarkt.com/joshua-rose/profil/spieler/47582","Left-Back","24","Australia","NZ Knights FC","A-League Men","New Zealand",0,FALSE,NA,"Summer",32,32,5,2572
"FC U Craiova 1948",NA,NA,"2006","Arrivals","Constantin Gargalie","https://www.transfermarkt.com/constantin-gargalie/profil/spieler/47578","Right-Back","27","Romania","Unknown",NA,NA,NA,FALSE,"?","Summer",26,18,0,1105
"FC U Craiova 1948",NA,NA,"2006","Arrivals","Radu Barbu","https://www.transfermarkt.com/radu-barbu/profil/spieler/73797","Centre-Back","16","Romania","FCU Craiova U19",NA,"Romania",NA,FALSE,"-","Summer",NA,NA,NA,NA
"FC U Craiova 1948",NA,NA,"2006","Arrivals","Dragoş Firţulescu","https://www.transfermarkt.com/dragos-firtulescu/profil/spieler/48778","Left Winger","17","Romania","FCU Craiova U19",NA,"Romania",NA,FALSE,"-","Summer",2,1,0,1
"FC U Craiova 1948",NA,NA,"2006","Arrivals","Valerică Găman","https://www.transfermarkt.com/valerica-gaman/profil/spieler/47576","Centre-Back","17","Romania","FCU Craiova U19",NA,"Romania",NA,FALSE,"-","Summer",9,3,0,31
"FC U Craiova 1948",NA,NA,"2006","Arrivals","Gabriel Apetri","https://www.transfermarkt.com/gabriel-apetri/profil/spieler/48811","Striker","24","Romania","Otelul Galati","SuperLiga","Romania",NA,TRUE,"End of loan Jun 30, 2006","Summer",NA,NA,NA,NA
"FC U Craiova 1948",NA,NA,"2006","Arrivals","Nicușor Bănică","https://www.transfermarkt.com/nicusor-banica/profil/spieler/26634","Goalkeeper","22","Romania","Poiana Campina",NA,"Romania",NA,TRUE,"End of loan Jun 30, 2006","Summer",33,1,0,90
"FC U Craiova 1948",NA,NA,"2006","Arrivals","Ovidiu Stoianof","https://www.transfermarkt.com/ovidiu-stoianof/profil/spieler/26694","Centre-Forward","21","Romania","Daco-Getica",NA,"Romania",NA,TRUE,"End of loan Jun 30, 2006","Summer",NA,NA,NA,NA
"FC U Craiova 1948",NA,NA,"2006","Departures","Ionel Gane","https://www.transfermarkt.com/ionel-gane/profil/spieler/9933","Centre-Forward","34","Romania","FC Arges","SuperLiga","Romania",0,FALSE,NA,"Summer",NA,NA,NA,NA
"FC U Craiova 1948",NA,NA,"2006","Departures","Alexandru Pițurcă","https://www.transfermarkt.com/alexandru-piturca/profil/spieler/7260","Centre-Forward","22","Romania","CSKA Sofia","efbet Liga","Bulgaria",0,FALSE,NA,"Summer",NA,NA,NA,NA
"FC U Craiova 1948",NA,NA,"2006","Departures","Octavian Traistaru","https://www.transfermarkt.com/octavian-traistaru/profil/spieler/48912","Central Midfield","19","Romania","Jiul Petrosani","SuperLiga","Romania",0,FALSE,NA,"Summer",NA,NA,NA,NA
"FC U Craiova 1948",NA,NA,"2006","Departures","Alin Vigariu","https://www.transfermarkt.com/alin-vigariu/profil/spieler/26706","Right Midfield","25","Romania","Brage",NA,"Sweden",NA,FALSE,"?","Summer",NA,NA,NA,NA
"FC U Craiova 1948",NA,NA,"2006","Departures","Gabriel Apetri","https://www.transfermarkt.com/gabriel-apetri/profil/spieler/48811","Striker","24","Romania","Jiul Petrosani","SuperLiga","Romania",NA,FALSE,"?","Summer",NA,NA,NA,NA
"FC U Craiova 1948",NA,NA,"2006","Departures","Razvan Fritea","https://www.transfermarkt.com/razvan-fritea/profil/spieler/48134","Central Midfield","23","Romania","Gloria Bistrita","SuperLiga","Romania",NA,FALSE,"?","Summer",NA,NA,NA,NA
"FC U Craiova 1948",NA,NA,"2006","Departures","Laurentiu Preda","https://www.transfermarkt.com/laurentiu-preda/profil/spieler/26684","Left-Back","24","Romania","Daco-Getica",NA,"Romania",NA,FALSE,"?","Summer",NA,NA,NA,NA
"FC U Craiova 1948",NA,NA,"2006","Departures","Salih Jaber","https://www.transfermarkt.com/salih-jaber/profil/spieler/54740","Centre-Forward","22","Iraq","Gloria Buzau",NA,"Romania",NA,FALSE,"?","Summer",2,2,0,118
"FC U Craiova 1948",NA,NA,"2006","Departures","Ovidiu Stoianof","https://www.transfermarkt.com/ovidiu-stoianof/profil/spieler/26694","Centre-Forward","21","Romania","U Cluj",NA,"Romania",NA,TRUE,"loan transfer","Summer",NA,NA,NA,NA
"FC U Craiova 1948",NA,NA,"2006","Arrivals","Julius Wobay","https://www.transfermarkt.com/julius-wobay/profil/spieler/47586","Left Winger","22","Sierra Leone","Nea Salamis","Cyprus League","Cyprus",320000,FALSE,NA,"Winter",15,14,0,1053
"FC U Craiova 1948",NA,NA,"2006","Arrivals","Jeremie Njock","https://www.transfermarkt.com/jeremie-njock/profil/spieler/26679","Centre-Forward","26","Cameroon","Stade Brestois","Ligue 2","France",0,FALSE,NA,"Winter",12,11,3,730
"FC U Craiova 1948",NA,NA,"2006","Arrivals","Sorin Bușu","https://www.transfermarkt.com/sorin-busu/profil/spieler/57679","Left-Back","17","Romania","FCU Craiova U19",NA,"Romania",NA,FALSE,"-","Winter",1,1,0,1
"FC U Craiova 1948",NA,NA,"2006","Departures","Romeo Filipovic","https://www.transfermarkt.com/romeo-filipovic/profil/spieler/33359","Central Midfield","20","Croatia","SV Spittal/Drau","Regional League Central","Austria",0,FALSE,NA,"Winter",NA,NA,NA,NA
"FC U Craiova 1948",NA,NA,"2006","Departures","Stelica Stemat","https://www.transfermarkt.com/stelica-stemat/profil/spieler/48905","Right Midfield","19","Romania","Jiul Petrosani","SuperLiga","Romania",0,FALSE,NA,"Winter",6,1,0,40
"FC U Craiova 1948",NA,NA,"2006","Departures","Borislav Stevanović","https://www.transfermarkt.com/borislav-stevanovic/profil/spieler/46796","Striker","31","Serbia","BASK Belgrad",NA,"Serbia",NA,FALSE,"?","Winter",NA,NA,NA,NA
"SC Otelul Galati","SuperLiga","Romania","2006","Arrivals","János Székely","https://www.transfermarkt.com/janos-szekely/profil/spieler/48195","Attacking Midfield","23","Romania","U Cluj",NA,"Romania",1e+05,FALSE,NA,"Summer",16,16,3,1389
"SC Otelul Galati","SuperLiga","Romania","2006","Arrivals","Emil Jula","https://www.transfermarkt.com/emil-jula/profil/spieler/47424","Centre-Forward","26","Romania","U Cluj",NA,"Romania",0,FALSE,NA,"Summer",34,33,14,2261
"SC Otelul Galati","SuperLiga","Romania","2006","Arrivals","Eduard Tismanaru","https://www.transfermarkt.com/eduard-tismanaru/profil/spieler/95273","Right Midfield","19","Romania","Unknown",NA,NA,0,FALSE,NA,"Summer",9,5,0,23
"SC Otelul Galati","SuperLiga","Romania","2006","Arrivals","Robert Elek","https://www.transfermarkt.com/robert-elek/profil/spieler/55279","Centre-Forward","18","Romania","Poiana Campina",NA,"Romania",0,FALSE,NA,"Summer",11,8,0,219
"SC Otelul Galati","SuperLiga","Romania","2006","Arrivals","Iulian Arhire","https://www.transfermarkt.com/iulian-arhire/profil/spieler/48813","Defensive Midfield","30","Romania","Poli Iasi","SuperLiga","Romania",NA,FALSE,"?","Summer",12,6,0,136
"SC Otelul Galati","SuperLiga","Romania","2006","Arrivals","Florin Lazar","https://www.transfermarkt.com/florin-lazar/profil/spieler/48676","Centre-Back","26","Romania","Bihor Oradea",NA,"Romania",NA,FALSE,"?","Summer",18,10,0,597
"SC Otelul Galati","SuperLiga","Romania","2006","Arrivals","Karolis Jasaitis","https://www.transfermarkt.com/karolis-jasaitis/profil/spieler/57399","Defensive Midfield","24","Lithuania","Unknown",NA,NA,NA,FALSE,"?","Summer",NA,NA,NA,NA
"SC Otelul Galati","SuperLiga","Romania","2006","Arrivals","Gheorghe Boghiu","https://www.transfermarkt.com/gheorghe-boghiu/profil/spieler/47638","Centre-Forward","24","Moldova","Avangard Kursk","1.Division","Russia",NA,FALSE,"?","Summer",16,12,2,303
"SC Otelul Galati","SuperLiga","Romania","2006","Arrivals","Valentin Bors","https://www.transfermarkt.com/valentin-bors/profil/spieler/47400","Goalkeeper","22","Romania","FC Botosani",NA,"Romania",NA,FALSE,"?","Summer",19,0,0,0
"SC Otelul Galati","SuperLiga","Romania","2006","Arrivals","Nakim Veliyev","https://www.transfermarkt.com/nakim-veliyev/profil/spieler/428467","Midfielder","20","Azerbaijan","Zimbru Chisinau",NA,"Moldova",NA,FALSE,"?","Summer",NA,NA,NA,NA
"SC Otelul Galati","SuperLiga","Romania","2006","Arrivals","Cristian Sîrghi","https://www.transfermarkt.com/cristian-sirghi/profil/spieler/48687","Centre-Back","19","Romania","Poli Galati",NA,"Romania",NA,FALSE,"?","Summer",15,10,0,747
"SC Otelul Galati","SuperLiga","Romania","2006","Arrivals","Daniel Banaru","https://www.transfermarkt.com/daniel-banaru/profil/spieler/213610","Centre-Forward","24","Romania","Astra II",NA,"Romania",NA,TRUE,"loan transfer","Summer",11,4,0,46
"SC Otelul Galati","SuperLiga","Romania","2006","Arrivals","Cosmin Gârleanu","https://www.transfermarkt.com/cosmin-garleanu/profil/spieler/107657","Right Midfield","17","Romania","Otelul Galati U19",NA,"Romania",NA,FALSE,"-","Summer",NA,NA,NA,NA
"SC Otelul Galati","SuperLiga","Romania","2006","Departures","Bogdan Stelea","https://www.transfermarkt.com/bogdan-stelea/profil/spieler/32185","Goalkeeper","38","Romania","Unirea Urziceni","SuperLiga","Romania",50000,FALSE,NA,"Summer",NA,NA,NA,NA
"SC Otelul Galati","SuperLiga","Romania","2006","Departures","Sang-ki Kim","https://www.transfermarkt.com/sang-ki-kim/profil/spieler/804763","Striker","25","Korea, South","Unknown",NA,NA,0,FALSE,NA,"Summer",NA,NA,NA,NA
"SC Otelul Galati","SuperLiga","Romania","2006","Departures","Marius Macare","https://www.transfermarkt.com/marius-macare/profil/spieler/242118","Defensive Midfield","20","Romania","Dacia U. Braila",NA,"Romania",0,FALSE,NA,"Summer",NA,NA,NA,NA
"SC Otelul Galati","SuperLiga","Romania","2006","Departures","Bogdan Aldea","https://www.transfermarkt.com/bogdan-aldea/profil/spieler/48806","Centre-Forward","25","Romania","Unirea Urziceni","SuperLiga","Romania",NA,FALSE,"?","Summer",NA,NA,NA,NA
"SC Otelul Galati","SuperLiga","Romania","2006","Departures","Mihai Barbu","https://www.transfermarkt.com/mihai-barbu/profil/spieler/54725","Goalkeeper","35","Romania","Gloria Buzau",NA,"Romania",NA,FALSE,"?","Summer",NA,NA,NA,NA
"SC Otelul Galati","SuperLiga","Romania","2006","Departures","Dănuț Șomcherechi","https://www.transfermarkt.com/danut-somcherechi/profil/spieler/64077","Centre-Back","33","Romania","U Cluj",NA,"Romania",NA,FALSE,"?","Summer",NA,NA,NA,NA
"SC Otelul Galati","SuperLiga","Romania","2006","Departures","Ionuț Dragomir","https://www.transfermarkt.com/ionut-dragomir/profil/spieler/47876","Left Midfield","31","Romania","Pandurii ","SuperLiga","Romania",NA,FALSE,"?","Summer",NA,NA,NA,NA
"SC Otelul Galati","SuperLiga","Romania","2006","Departures","Marius Neculai","https://www.transfermarkt.com/marius-neculai/profil/spieler/302111","Midfielder","18","Romania",NA,NA,NA,NA,FALSE,"?","Summer",NA,NA,NA,NA
"SC Otelul Galati","SuperLiga","Romania","2006","Departures","Rares Oprea","https://www.transfermarkt.com/rares-oprea/profil/spieler/283975","Centre-Forward","21","Romania","Unknown",NA,NA,NA,FALSE,"-","Summer",NA,NA,NA,NA
"SC Otelul Galati","SuperLiga","Romania","2006","Departures","Gabriel Apetri","https://www.transfermarkt.com/gabriel-apetri/profil/spieler/48811","Striker","24","Romania","FC U Craiova","SuperLiga","Romania",NA,TRUE,"End of loan Jun 30, 2006","Summer",NA,NA,NA,NA
"SC Otelul Galati","SuperLiga","Romania","2006","Departures","Iulian Apostol","https://www.transfermarkt.com/iulian-apostol/profil/spieler/46489","Central Midfield","25","Romania","Farul Constanta","SuperLiga","Romania",NA,TRUE,"End of loan Jun 30, 2006","Summer",NA,NA,NA,NA
"SC Otelul Galati","SuperLiga","Romania","2006","Arrivals","Gabriel Giurgiu","https://www.transfermarkt.com/gabriel-giurgiu/profil/spieler/47640","Central Midfield","24","Romania","U Cluj",NA,"Romania",50000,FALSE,NA,"Winter",16,16,0,1382
"SC Otelul Galati","SuperLiga","Romania","2006","Arrivals","Tadas Labukas","https://www.transfermarkt.com/tadas-labukas/profil/spieler/18961","Centre-Forward","22","Lithuania","Žalgiris","A Lyga","Lithuania",0,FALSE,NA,"Winter",15,15,4,1005
"SC Otelul Galati","SuperLiga","Romania","2006","Arrivals","Sang-ki Kim","https://www.transfermarkt.com/sang-ki-kim/profil/spieler/804763","Striker","24","Korea, South","Suwon Bluewings","K League 1","Korea, South",0,FALSE,NA,"Winter",NA,NA,NA,NA
"SC Otelul Galati","SuperLiga","Romania","2006","Arrivals","Gil-sik Kim","https://www.transfermarkt.com/gil-sik-kim/profil/spieler/47639","Left Midfield","28","Korea, South","Jeju SK","K League 1","Korea, South",NA,FALSE,"?","Winter",14,14,3,1000
"SC Otelul Galati","SuperLiga","Romania","2006","Arrivals","Ramses Gado","https://www.transfermarkt.com/ramses-gado/profil/spieler/47419","Right Midfield","24","Romania","Bihor Oradea",NA,"Romania",NA,FALSE,"?","Winter",33,32,3,2609
"SC Otelul Galati","SuperLiga","Romania","2006","Arrivals","Paulius Grybauskas","https://www.transfermarkt.com/paulius-grybauskas/profil/spieler/47641","Goalkeeper","22","Lithuania","Ekranas","A Lyga","Lithuania",NA,FALSE,"?","Winter",15,1,0,90
"SC Otelul Galati","SuperLiga","Romania","2006","Departures","Nakim Veliyev","https://www.transfermarkt.com/nakim-veliyev/profil/spieler/428467","Midfielder","21","Azerbaijan","Karvan",NA,"Azerbaijan",0,FALSE,NA,"Winter",NA,NA,NA,NA
"SC Otelul Galati","SuperLiga","Romania","2006","Departures","Davi Rancan","https://www.transfermarkt.com/davi-rancan/profil/spieler/110313","Centre-Back","25","Brazil","Dacia U. Braila",NA,"Romania",NA,FALSE,"?","Winter",11,3,0,96
"SC Otelul Galati","SuperLiga","Romania","2006","Departures","Iulian Arhire","https://www.transfermarkt.com/iulian-arhire/profil/spieler/48813","Defensive Midfield","30","Romania","Unirea Urziceni","SuperLiga","Romania",NA,FALSE,"?","Winter",12,6,0,136
"SC Otelul Galati","SuperLiga","Romania","2006","Departures","Paul Somodean","https://www.transfermarkt.com/paul-somodean/profil/spieler/200623","Centre-Back","23","Romania","Delta Tulcea",NA,"Romania",NA,TRUE,"loan transfer","Winter",2,0,0,0
"SC Otelul Galati","SuperLiga","Romania","2006","Departures","Marius Iorga","https://www.transfermarkt.com/marius-iorga/profil/spieler/212808","Goalkeeper","26","Romania","Dacia U. Braila",NA,"Romania",NA,TRUE,"loan transfer","Winter",NA,NA,NA,NA
"SC Otelul Galati","SuperLiga","Romania","2006","Departures","Eduard Tismanaru","https://www.transfermarkt.com/eduard-tismanaru/profil/spieler/95273","Right Midfield","19","Romania","Dacia U. Braila",NA,"Romania",NA,TRUE,"loan transfer","Winter",9,5,0,23
"SC Otelul Galati","SuperLiga","Romania","2006","Departures","Robert Elek","https://www.transfermarkt.com/robert-elek/profil/spieler/55279","Centre-Forward","18","Romania","Dacia U. Braila",NA,"Romania",NA,TRUE,"loan transfer","Winter",11,8,0,219
"SC Otelul Galati","SuperLiga","Romania","2006","Departures","Cosmin Gârleanu","https://www.transfermarkt.com/cosmin-garleanu/profil/spieler/107657","Right Midfield","17","Romania","Dacia U. Braila",NA,"Romania",NA,TRUE,"loan transfer","Winter",NA,NA,NA,NA
"SC Otelul Galati","SuperLiga","Romania","2006","Departures","Alexandru Baltoi","https://www.transfermarkt.com/alexandru-baltoi/profil/spieler/26045","Centre-Forward","24","Romania","FC Dinamo","SuperLiga","Romania",NA,TRUE,"End of loan Dec 31, 2006","Winter",7,6,0,287
"SC Otelul Galati","SuperLiga","Romania","2006","Departures","Daniel Banaru","https://www.transfermarkt.com/daniel-banaru/profil/spieler/213610","Centre-Forward","24","Romania","Astra II",NA,"Romania",NA,TRUE,"End of loan Dec 31, 2006","Winter",11,4,0,46
"CF Gloria Bistrita (- 2015)",NA,NA,"2006","Arrivals","Laszlo Sepsi","https://www.transfermarkt.com/laszlo-sepsi/profil/spieler/33622","Left-Back","19","Romania","Gaz Metan",NA,"Romania",2e+05,FALSE,NA,"Summer",26,26,0,2087
"CF Gloria Bistrita (- 2015)",NA,NA,"2006","Arrivals","Danut Mitruc","https://www.transfermarkt.com/danut-mitruc/profil/spieler/46597","Right Midfield","31","Romania","Poli Iasi","SuperLiga","Romania",0,FALSE,NA,"Summer",2,2,0,83
"CF Gloria Bistrita (- 2015)",NA,NA,"2006","Arrivals","Razvan Damian","https://www.transfermarkt.com/razvan-damian/profil/spieler/48713","Centre-Back","23","Romania","U Cluj",NA,"Romania",0,FALSE,NA,"Summer",18,17,0,947
"CF Gloria Bistrita (- 2015)",NA,NA,"2006","Arrivals","Flavius Bad","https://www.transfermarkt.com/flavius-bad/profil/spieler/46496","Centre-Forward","23","Romania","UTA Arad","SuperLiga","Romania",0,FALSE,NA,"Summer",19,15,4,505
"CF Gloria Bistrita (- 2015)",NA,NA,"2006","Arrivals","Dorel Zaharia","https://www.transfermarkt.com/dorel-zaharia/profil/spieler/46682","Centre-Forward","28","Romania","Unirea Urziceni","SuperLiga","Romania",NA,FALSE,"?","Summer",31,31,11,2701
"CF Gloria Bistrita (- 2015)",NA,NA,"2006","Arrivals","Cristian Ciubotariu","https://www.transfermarkt.com/cristian-ciubotariu/profil/spieler/46519","Left Winger","25","Romania","Unirea Urziceni","SuperLiga","Romania",NA,FALSE,"?","Summer",7,2,0,77
"CF Gloria Bistrita (- 2015)",NA,NA,"2006","Arrivals","Sergiu Costea","https://www.transfermarkt.com/sergiu-costea/profil/spieler/46522","Right Winger","23","Romania","Dinamo II",NA,"Romania",NA,FALSE,"?","Summer",27,25,5,1755
"CF Gloria Bistrita (- 2015)",NA,NA,"2006","Arrivals","Razvan Fritea","https://www.transfermarkt.com/razvan-fritea/profil/spieler/48134","Central Midfield","23","Romania","FC U Craiova","SuperLiga","Romania",NA,FALSE,"?","Summer",3,1,0,27
"CF Gloria Bistrita (- 2015)",NA,NA,"2006","Arrivals","Răzvan Pădurețu","https://www.transfermarkt.com/razvan-paduretu/profil/spieler/46615","Attacking Midfield","25","Romania","FC Dinamo","SuperLiga","Romania",NA,FALSE,"?","Summer",16,16,2,1394
"CF Gloria Bistrita (- 2015)",NA,NA,"2006","Arrivals","Róbert Roszel","https://www.transfermarkt.com/robert-roszel/profil/spieler/46639","Centre-Forward","23","Romania","CFR Cluj","SuperLiga","Romania",NA,FALSE,"?","Summer",28,18,0,1210
"CF Gloria Bistrita (- 2015)",NA,NA,"2006","Arrivals","Alexandru Vagner","https://www.transfermarkt.com/alexandru-vagner/profil/spieler/48755","Right-Back","16","Romania","EAB",NA,"Romania",NA,FALSE,"?","Summer",4,2,0,134
"CF Gloria Bistrita (- 2015)",NA,NA,"2006","Arrivals","Radu Marginean","https://www.transfermarkt.com/radu-marginean/profil/spieler/46587","Defensive Midfield","23","Romania","CFR Cluj","SuperLiga","Romania",NA,TRUE,"loan transfer","Summer",29,28,0,2397
"CF Gloria Bistrita (- 2015)",NA,NA,"2006","Arrivals","Andrei Vlad","https://www.transfermarkt.com/andrei-vlad/profil/spieler/48758","Goalkeeper","22","Romania","Dinamo II",NA,"Romania",NA,TRUE,"loan transfer","Summer",0,0,0,0
"CF Gloria Bistrita (- 2015)",NA,NA,"2006","Arrivals","Paul Pârvulescu","https://www.transfermarkt.com/paul-parvulescu/profil/spieler/81494","Left-Back","17","Romania","Gaz Metan",NA,"Romania",NA,TRUE,"loan transfer","Summer",NA,NA,NA,NA
"CF Gloria Bistrita (- 2015)",NA,NA,"2006","Arrivals","Sandu Bors","https://www.transfermarkt.com/sandu-bors/profil/spieler/202013","Defender","26","Romania","Gaz Metan",NA,"Romania",NA,TRUE,"End of loan Jun 30, 2006","Summer",NA,NA,NA,NA
"CF Gloria Bistrita (- 2015)",NA,NA,"2006","Arrivals","Dinu Sânmărtean","https://www.transfermarkt.com/dinu-sanmartean/profil/spieler/46642","Left-Back","24","Romania","Thrasyvoulos","Football League","Greece",NA,TRUE,"End of loan Jun 30, 2006","Summer",3,3,0,203
"CF Gloria Bistrita (- 2015)",NA,NA,"2006","Departures","Sandu Negrean","https://www.transfermarkt.com/sandu-negrean/profil/spieler/46608","Striker","31","Romania","U Cluj",NA,"Romania",0,FALSE,NA,"Summer",19,19,5,1459
"CF Gloria Bistrita (- 2015)",NA,NA,"2006","Departures","Alin Rus","https://www.transfermarkt.com/alin-rus/profil/spieler/47888","Left-Back","30","Romania","Pandurii ","SuperLiga","Romania",0,FALSE,NA,"Summer",NA,NA,NA,NA
"CF Gloria Bistrita (- 2015)",NA,NA,"2006","Departures","Adrian Sălăgeanu","https://www.transfermarkt.com/adrian-salageanu/profil/spieler/69518","Left-Back","23","Romania","CS Mioveni",NA,"Romania",0,FALSE,NA,"Summer",NA,NA,NA,NA
"CF Gloria Bistrita (- 2015)",NA,NA,"2006","Departures","Sabin Paglisan","https://www.transfermarkt.com/sabin-paglisan/profil/spieler/282255","Goalkeeper","34","Romania","Unknown",NA,NA,NA,FALSE,"?","Summer",NA,NA,NA,NA
"CF Gloria Bistrita (- 2015)",NA,NA,"2006","Departures","Stefan Sorin Oncica","https://www.transfermarkt.com/stefan-sorin-oncica/profil/spieler/172786","Attacking Midfield","32","Romania","UTA Arad","SuperLiga","Romania",NA,FALSE,"?","Summer",NA,NA,NA,NA
"CF Gloria Bistrita (- 2015)",NA,NA,"2006","Departures","Romeo Paduret","https://www.transfermarkt.com/romeo-paduret/profil/spieler/282861","Central Midfield","31","Romania","FC Snagov",NA,"Romania",NA,FALSE,"?","Summer",NA,NA,NA,NA
"CF Gloria Bistrita (- 2015)",NA,NA,"2006","Departures","Alin Chibulcutean","https://www.transfermarkt.com/alin-chibulcutean/profil/spieler/47871","Centre-Back","27","Romania","Pandurii ","SuperLiga","Romania",NA,FALSE,"?","Summer",NA,NA,NA,NA
"CF Gloria Bistrita (- 2015)",NA,NA,"2006","Departures","Sergiu Mandrean","https://www.transfermarkt.com/sergiu-mandrean/profil/spieler/47880","Right-Back","27","Romania","Pandurii ","SuperLiga","Romania",NA,FALSE,"?","Summer",NA,NA,NA,NA
"CF Gloria Bistrita (- 2015)",NA,NA,"2006","Departures","Constantin Arbanas","https://www.transfermarkt.com/constantin-arbanas/profil/spieler/45336","Defender","22","Romania","FC Sheriff",NA,"Moldova",NA,FALSE,"?","Summer",NA,NA,NA,NA
"CF Gloria Bistrita (- 2015)",NA,NA,"2006","Departures","Adrian Borza","https://www.transfermarkt.com/adrian-borza/profil/spieler/203085","Left Midfield","21","Romania","U Cluj",NA,"Romania",NA,FALSE,"?","Summer",NA,NA,NA,NA
"CF Gloria Bistrita (- 2015)",NA,NA,"2006","Departures","Florin Pelecaci","https://www.transfermarkt.com/florin-pelecaci/profil/spieler/48682","Right Midfield","26","Romania","Unirea Urziceni","SuperLiga","Romania",NA,FALSE,"?","Summer",NA,NA,NA,NA
"CF Gloria Bistrita (- 2015)",NA,NA,"2006","Departures","Răzvan Radu","https://www.transfermarkt.com/razvan-radu/profil/spieler/208818","Right Winger","21","Romania","Dunarea Galati",NA,"Romania",NA,FALSE,"?","Summer",NA,NA,NA,NA
"CF Gloria Bistrita (- 2015)",NA,NA,"2006","Departures","Jozsef Lorincz","https://www.transfermarkt.com/jozsef-lorincz/profil/spieler/64184","Left-Back","21","Romania","Dunarea Galati",NA,"Romania",NA,FALSE,"?","Summer",NA,NA,NA,NA
"CF Gloria Bistrita (- 2015)",NA,NA,"2006","Departures","Sandu Bors","https://www.transfermarkt.com/sandu-bors/profil/spieler/202013","Defender","26","Romania","Alba Iulia",NA,"Romania",NA,TRUE,"loan transfer","Summer",NA,NA,NA,NA
"CF Gloria Bistrita (- 2015)",NA,NA,"2006","Departures","Otniel Sighiartau","https://www.transfermarkt.com/otniel-sighiartau/profil/spieler/265402","Centre-Forward","21","Romania","FC Sacele",NA,"Romania",NA,TRUE,"loan transfer","Summer",NA,NA,NA,NA
"CF Gloria Bistrita (- 2015)",NA,NA,"2006","Departures","Eugen Anghel","https://www.transfermarkt.com/eugen-anghel/profil/spieler/271085","Goalkeeper","32","Romania",NA,NA,NA,NA,FALSE,"-","Summer",NA,NA,NA,NA
"CF Gloria Bistrita (- 2015)",NA,NA,"2006","Departures","Daniel Iftodi","https://www.transfermarkt.com/daniel-iftodi/profil/spieler/176068","Defensive Midfield","38","Romania","CSM Sighet",NA,"Romania",NA,FALSE,"-","Summer",NA,NA,NA,NA
"CF Gloria Bistrita (- 2015)",NA,NA,"2006","Departures","Marius Șumudică","https://www.transfermarkt.com/marius-sumudica/profil/spieler/215547","Centre-Forward","35","Romania",NA,NA,NA,NA,FALSE,"-","Summer",NA,NA,NA,NA
"CF Gloria Bistrita (- 2015)",NA,NA,"2006","Departures","Răzvan Pădurețu","https://www.transfermarkt.com/razvan-paduretu/profil/spieler/46615","Attacking Midfield","25","Romania","FC Dinamo","SuperLiga","Romania",NA,TRUE,"End of loan Jun 30, 2006","Summer",16,16,2,1394
"CF Gloria Bistrita (- 2015)",NA,NA,"2006","Departures","Marian Constantinescu","https://www.transfermarkt.com/marian-constantinescu/profil/spieler/46520","Attacking Midfield","24","Romania","Poli. Timisoara","SuperLiga","Romania",NA,TRUE,"End of loan Jun 30, 2006","Summer",NA,NA,NA,NA
"CF Gloria Bistrita (- 2015)",NA,NA,"2006","Arrivals","Henri Siqueira-Barras","https://www.transfermarkt.com/henri-siqueira-barras/profil/spieler/9917","Centre-Back","21","Switzerland","FC Arges","SuperLiga","Romania",0,FALSE,NA,"Winter",15,10,0,900
"CF Gloria Bistrita (- 2015)",NA,NA,"2006","Arrivals","Dan Roman","https://www.transfermarkt.com/dan-roman/profil/spieler/81431","Centre-Forward","21","Romania","Unknown",NA,NA,0,FALSE,NA,"Winter",12,10,0,524
"CF Gloria Bistrita (- 2015)",NA,NA,"2006","Arrivals","Ciprian Tătărușanu","https://www.transfermarkt.com/ciprian-tatarusanu/profil/spieler/55282","Goalkeeper","20","Romania","Daco-Getica",NA,"Romania",0,FALSE,NA,"Winter",15,1,0,90
"CF Gloria Bistrita (- 2015)",NA,NA,"2006","Arrivals","Mircea Rus","https://www.transfermarkt.com/mircea-rus/profil/spieler/48185","Defender","28","Romania","Poli. Timisoara","SuperLiga","Romania",NA,FALSE,"?","Winter",10,10,0,746
"CF Gloria Bistrita (- 2015)",NA,NA,"2006","Arrivals","Dan Codreanu","https://www.transfermarkt.com/dan-codreanu/profil/spieler/44937","Left Winger","23","Romania","FC Dinamo","SuperLiga","Romania",NA,FALSE,"?","Winter",1,0,0,0
"CF Gloria Bistrita (- 2015)",NA,NA,"2006","Arrivals","Mihai Damaschin","https://www.transfermarkt.com/mihai-damaschin/profil/spieler/45266","Centre-Forward","19","Romania","Dinamo II",NA,"Romania",NA,FALSE,"?","Winter",0,0,0,0
"CF Gloria Bistrita (- 2015)",NA,NA,"2006","Arrivals","Cornel Predescu","https://www.transfermarkt.com/cornel-predescu/profil/spieler/44943","Attacking Midfield","19","Romania","FC Dinamo","SuperLiga","Romania",NA,TRUE,"loan transfer","Winter",14,12,0,854
"CF Gloria Bistrita (- 2015)",NA,NA,"2006","Arrivals","Marius Curtuiuș","https://www.transfermarkt.com/marius-curtuius/profil/spieler/48712","Centre-Forward","17","Romania","Gloria Bistrita U19",NA,"Romania",NA,FALSE,"-","Winter",9,6,0,43
"CF Gloria Bistrita (- 2015)",NA,NA,"2006","Arrivals","Otniel Sighiartau","https://www.transfermarkt.com/otniel-sighiartau/profil/spieler/265402","Centre-Forward","21","Romania","FC Sacele",NA,"Romania",NA,TRUE,"End of loan Dec 31, 2006","Winter",NA,NA,NA,NA
"CF Gloria Bistrita (- 2015)",NA,NA,"2006","Departures","Răzvan Pădurețu","https://www.transfermarkt.com/razvan-paduretu/profil/spieler/46615","Attacking Midfield","25","Romania","Unirea Urziceni","SuperLiga","Romania",0,FALSE,NA,"Winter",16,16,2,1394
"CF Gloria Bistrita (- 2015)",NA,NA,"2006","Departures","Danut Mitruc","https://www.transfermarkt.com/danut-mitruc/profil/spieler/46597","Right Midfield","32","Romania","Cetatea Suceava",NA,"Romania",0,FALSE,NA,"Winter",2,2,0,83
"CF Gloria Bistrita (- 2015)",NA,NA,"2006","Departures","Sead Bruncevic","https://www.transfermarkt.com/sead-bruncevic/profil/spieler/46513","Centre-Forward","29","Serbia","Avantul Reghin",NA,"Romania",0,FALSE,NA,"Winter",8,4,0,76
"CF Gloria Bistrita (- 2015)",NA,NA,"2006","Departures","Cristian Ciubotariu","https://www.transfermarkt.com/cristian-ciubotariu/profil/spieler/46519","Left Winger","26","Romania","Sportul S.",NA,"Romania",0,FALSE,NA,"Winter",7,2,0,77
"CF Gloria Bistrita (- 2015)",NA,NA,"2006","Departures","Dinu Sânmărtean","https://www.transfermarkt.com/dinu-sanmartean/profil/spieler/46642","Left-Back","25","Romania","FC Sacele",NA,"Romania",0,FALSE,NA,"Winter",3,3,0,203
"CF Gloria Bistrita (- 2015)",NA,NA,"2006","Departures","Alexandru Păcurar","https://www.transfermarkt.com/alexandru-pacurar/profil/spieler/26043","Attacking Midfield","24","Romania","Pandurii ","SuperLiga","Romania",0,FALSE,NA,"Winter",12,10,1,675
"CF Gloria Bistrita (- 2015)",NA,NA,"2006","Departures","Otniel Sighiartau","https://www.transfermarkt.com/otniel-sighiartau/profil/spieler/265402","Centre-Forward","22","Romania","Bihor Oradea",NA,"Romania",0,FALSE,NA,"Winter",NA,NA,NA,NA
"CF Gloria Bistrita (- 2015)",NA,NA,"2006","Departures","Florin Țîrcă","https://www.transfermarkt.com/florin-tirca/profil/spieler/46663","Right-Back","22","Romania","Bihor Oradea",NA,"Romania",NA,FALSE,"?","Winter",0,0,0,0
"CF Gloria Bistrita (- 2015)",NA,NA,"2006","Departures","Andrei Bozesan","https://www.transfermarkt.com/andrei-bozesan/profil/spieler/46512","Central Midfield","18","Romania","Forex Brasov",NA,"Romania",NA,TRUE,"loan transfer","Winter",0,0,0,0
"CF Gloria Bistrita (- 2015)",NA,NA,"2006","Departures","Cosmin Frasinescu","https://www.transfermarkt.com/cosmin-frasinescu/profil/spieler/46546","Centre-Back","21","Romania","Forex Brasov",NA,"Romania",NA,TRUE,"loan transfer","Winter",16,1,0,27
"CF Gloria Bistrita (- 2015)",NA,NA,"2006","Departures","Alexandru Vagner","https://www.transfermarkt.com/alexandru-vagner/profil/spieler/48755","Right-Back","17","Romania","Minaur",NA,"Romania",NA,TRUE,"loan transfer","Winter",4,2,0,134
"CF Gloria Bistrita (- 2015)",NA,NA,"2006","Departures","Paul Pârvulescu","https://www.transfermarkt.com/paul-parvulescu/profil/spieler/81494","Left-Back","18","Romania","Gaz Metan",NA,"Romania",NA,TRUE,"End of loan Dec 31, 2006","Winter",NA,NA,NA,NA
"Politehnica Iasi (1945 - 2010)",NA,NA,"2006","Arrivals","Martín Saric","https://www.transfermarkt.com/martin-saric/profil/spieler/27929","Defensive Midfield","26","Argentina","H. Beer Sheva",NA,"Israel",20000,FALSE,NA,"Summer",26,24,2,1513
"Politehnica Iasi (1945 - 2010)",NA,NA,"2006","Arrivals","Cornel Buta","https://www.transfermarkt.com/cornel-buta/profil/spieler/47494","Right-Back","28","Romania","Pandurii ","SuperLiga","Romania",5000,FALSE,NA,"Summer",32,32,2,2706
"Politehnica Iasi (1945 - 2010)",NA,NA,"2006","Arrivals","Jonathan Moeller","https://www.transfermarkt.com/jonathan-moeller/profil/spieler/56033","Centre-Forward","25","Brazil","Sun Hei","Hong Kong Premier League","Hongkong",0,FALSE,NA,"Summer",NA,NA,NA,NA
"Politehnica Iasi (1945 - 2010)",NA,NA,"2006","Arrivals","Sebastian Sfarlea","https://www.transfermarkt.com/sebastian-sfarlea/profil/spieler/47502","Left Midfield","24","Romania","FC Vaslui","SuperLiga","Romania",NA,FALSE,"?","Summer",34,34,3,2806
"Politehnica Iasi (1945 - 2010)",NA,NA,"2006","Arrivals","Srecko Mitrovic","https://www.transfermarkt.com/srecko-mitrovic/profil/spieler/47499","Central Midfield","22","Australia","Caroline Spring",NA,"Australia",NA,FALSE,"?","Summer",21,8,1,167
"Politehnica Iasi (1945 - 2010)",NA,NA,"2006","Arrivals","Alexandru Leucuta","https://www.transfermarkt.com/alexandru-leucuta/profil/spieler/48732","Right Winger","18","Romania","Unknown",NA,NA,NA,FALSE,"?","Summer",11,2,0,14
"Politehnica Iasi (1945 - 2010)",NA,NA,"2006","Arrivals","Alexandru Buhusi","https://www.transfermarkt.com/alexandru-buhusi/profil/spieler/126032","Attacking Midfield","16","Romania","Poli Iasi U19",NA,"Romania",NA,FALSE,"-","Summer",1,1,0,5
"Politehnica Iasi (1945 - 2010)",NA,NA,"2006","Departures","Danut Mitruc","https://www.transfermarkt.com/danut-mitruc/profil/spieler/46597","Right Midfield","31","Romania","Gloria Bistrita","SuperLiga","Romania",0,FALSE,NA,"Summer",NA,NA,NA,NA
"Politehnica Iasi (1945 - 2010)",NA,NA,"2006","Departures","Tiberiu Beceru","https://www.transfermarkt.com/tiberiu-beceru/profil/spieler/64020","Right-Back","24","Romania","FCM Bacau",NA,"Romania",NA,FALSE,"?","Summer",NA,NA,NA,NA
"Politehnica Iasi (1945 - 2010)",NA,NA,"2006","Departures","Iulian Arhire","https://www.transfermarkt.com/iulian-arhire/profil/spieler/48813","Defensive Midfield","30","Romania","Otelul Galati","SuperLiga","Romania",NA,FALSE,"?","Summer",NA,NA,NA,NA
"Politehnica Iasi (1945 - 2010)",NA,NA,"2006","Departures","Daniel Rednic","https://www.transfermarkt.com/daniel-rednic/profil/spieler/46637","Left Midfield","28","Romania","FC Arges","SuperLiga","Romania",NA,FALSE,"?","Summer",NA,NA,NA,NA
"Politehnica Iasi (1945 - 2010)",NA,NA,"2006","Arrivals","Gustavo Paruolo","https://www.transfermarkt.com/gustavo-paruolo/profil/spieler/48181","Defensive Midfield","26","Argentina","Audax Italiano","Torneo Clausura","Chile",50000,FALSE,NA,"Winter",16,6,0,383
"Politehnica Iasi (1945 - 2010)",NA,NA,"2006","Arrivals","Leonard Naidin","https://www.transfermarkt.com/leonard-naidin/profil/spieler/26042","Attacking Midfield","27","Romania","Poli. Timisoara","SuperLiga","Romania",40000,FALSE,NA,"Winter",14,13,0,1098
"Politehnica Iasi (1945 - 2010)",NA,NA,"2006","Arrivals","Cristian Silvasan","https://www.transfermarkt.com/cristian-silvasan/profil/spieler/33745","Centre-Forward","24","Romania","Poli. Timisoara","SuperLiga","Romania",0,FALSE,NA,"Winter",13,13,1,986
"Politehnica Iasi (1945 - 2010)",NA,NA,"2006","Arrivals","Tudorel Stanciu","https://www.transfermarkt.com/tudorel-stanciu/profil/spieler/46657","Defensive Midfield","26","Romania","Unknown",NA,NA,0,FALSE,NA,"Winter",0,0,0,0
"Politehnica Iasi (1945 - 2010)",NA,NA,"2006","Arrivals","Svetozar Mijin","https://www.transfermarkt.com/svetozar-mijin/profil/spieler/43339","Central Midfield","28","Serbia","CFR Cluj","SuperLiga","Romania",0,FALSE,NA,"Winter",14,14,0,1217
"Politehnica Iasi (1945 - 2010)",NA,NA,"2006","Arrivals","Razvan Tarlea","https://www.transfermarkt.com/razvan-tarlea/profil/spieler/43381","Left-Back","27","Romania","CFR Cluj","SuperLiga","Romania",NA,FALSE,"?","Winter",12,5,0,354
"Politehnica Iasi (1945 - 2010)",NA,NA,"2006","Arrivals","Adrian Ilie","https://www.transfermarkt.com/adrian-ilie/profil/spieler/46565","Centre-Back","25","Romania","Poli. Timisoara","SuperLiga","Romania",NA,TRUE,"loan transfer","Winter",9,8,0,606
"Politehnica Iasi (1945 - 2010)",NA,NA,"2006","Departures","Alejandro Gavatorta","https://www.transfermarkt.com/alejandro-gavatorta/profil/spieler/30719","Central Midfield","26","Argentina","FC Thun","Super League","Switzerland",15000,FALSE,NA,"Winter",9,9,1,810
"Politehnica Iasi (1945 - 2010)",NA,NA,"2006","Departures","Marius Onofraș","https://www.transfermarkt.com/marius-onofras/profil/spieler/47500","Right Winger","26","Romania","Unirea Urziceni","SuperLiga","Romania",0,FALSE,NA,"Winter",18,18,5,1396
"Politehnica Iasi (1945 - 2010)",NA,NA,"2006","Departures","Claudiu Ionescu","https://www.transfermarkt.com/claudiu-ionescu/profil/spieler/54770","Attacking Midfield","23","Romania","Gloria Buzau",NA,"Romania",0,FALSE,NA,"Winter",8,4,0,64
"Politehnica Iasi (1945 - 2010)",NA,NA,"2006","Departures","Marius Ciubancan","https://www.transfermarkt.com/marius-ciubancan/profil/spieler/47496","Midfielder","29","Romania","ACSM Reșița",NA,"Romania",NA,FALSE,"?","Winter",13,6,0,94
"Politehnica Iasi (1945 - 2010)",NA,NA,"2006","Departures","Valeriu Bordeanu","https://www.transfermarkt.com/valeriu-bordeanu/profil/spieler/25848","Left-Back","29","Romania","Unirea Urziceni","SuperLiga","Romania",NA,FALSE,"?","Winter",18,18,0,1512
"Politehnica Iasi (1945 - 2010)",NA,NA,"2006","Departures","Ciprian Dianu","https://www.transfermarkt.com/ciprian-dianu/profil/spieler/47488","Left-Back","30","Romania","Zalaegerszeg","NB I.","Hungary",NA,FALSE,"?","Winter",14,3,1,195
"Pandurii Targu Jiu (- 2022)",NA,NA,"2006","Arrivals","Nemanja Vidakovic","https://www.transfermarkt.com/nemanja-vidakovic/profil/spieler/47897","Centre-Forward","20","Serbia","FK Obilic",NA,"Serbia",1e+05,FALSE,NA,"Summer",10,8,0,128
"Pandurii Targu Jiu (- 2022)",NA,NA,"2006","Arrivals","Adnan Guso","https://www.transfermarkt.com/adnan-guso/profil/spieler/26653","Goalkeeper","30","Bosnia-Herzegovina","FC Arges","SuperLiga","Romania",0,FALSE,NA,"Summer",31,31,0,2790
"Pandurii Targu Jiu (- 2022)",NA,NA,"2006","Arrivals","Cristian Luca","https://www.transfermarkt.com/cristian-luca/profil/spieler/123262","Centre-Forward","33","Romania","Liberty Salonta",NA,"Romania",0,FALSE,NA,"Summer",15,10,0,293
"Pandurii Targu Jiu (- 2022)",NA,NA,"2006","Arrivals","Alin Rus","https://www.transfermarkt.com/alin-rus/profil/spieler/47888","Left-Back","30","Romania","Gloria Bistrita","SuperLiga","Romania",0,FALSE,NA,"Summer",28,28,0,2464
"Pandurii Targu Jiu (- 2022)",NA,NA,"2006","Arrivals","Florin Stîngă","https://www.transfermarkt.com/florin-stinga/profil/spieler/47891","Central Midfield","28","Romania","Forex Brasov",NA,"Romania",0,FALSE,NA,"Summer",31,30,3,2434
"Pandurii Targu Jiu (- 2022)",NA,NA,"2006","Arrivals","Andrei Enescu","https://www.transfermarkt.com/andrei-enescu/profil/spieler/34936","Central Midfield","18","Romania","FCSB","SuperLiga","Romania",0,FALSE,NA,"Summer",7,1,0,7
"Pandurii Targu Jiu (- 2022)",NA,NA,"2006","Arrivals","Sergiu Mandrean","https://www.transfermarkt.com/sergiu-mandrean/profil/spieler/47880","Right-Back","27","Romania","Gloria Bistrita","SuperLiga","Romania",NA,FALSE,"?","Summer",29,20,0,1705
"Pandurii Targu Jiu (- 2022)",NA,NA,"2006","Arrivals","Alin Chibulcutean","https://www.transfermarkt.com/alin-chibulcutean/profil/spieler/47871","Centre-Back","27","Romania","Gloria Bistrita","SuperLiga","Romania",NA,FALSE,"?","Summer",35,35,0,3144
"Pandurii Targu Jiu (- 2022)",NA,NA,"2006","Arrivals","Marian Vătavu","https://www.transfermarkt.com/marian-vatavu/profil/spieler/47896","Centre-Back","24","Romania","Unirea Urziceni","SuperLiga","Romania",NA,FALSE,"?","Summer",34,21,0,1175
"Pandurii Targu Jiu (- 2022)",NA,NA,"2006","Arrivals","Ionuț Dragomir","https://www.transfermarkt.com/ionut-dragomir/profil/spieler/47876","Left Midfield","31","Romania","Otelul Galati","SuperLiga","Romania",NA,FALSE,"?","Summer",33,31,0,2685
"Pandurii Targu Jiu (- 2022)",NA,NA,"2006","Arrivals","Attila Vajda","https://www.transfermarkt.com/attila-vajda/profil/spieler/47894","Right-Back","24","Romania","Forex Brasov",NA,"Romania",NA,FALSE,"?","Summer",1,1,0,4
"Pandurii Targu Jiu (- 2022)",NA,NA,"2006","Arrivals","Mugurel Dedu","https://www.transfermarkt.com/mugurel-dedu/profil/spieler/47874","Attacking Midfield","21","Romania","FC Sacele",NA,"Romania",NA,FALSE,"?","Summer",8,2,0,44
"Pandurii Targu Jiu (- 2022)",NA,NA,"2006","Arrivals","Nemanja Jovanovic","https://www.transfermarkt.com/nemanja-jovanovic/profil/spieler/47878","Centre-Forward","22","Serbia","Unirea Urziceni","SuperLiga","Romania",NA,TRUE,"loan transfer","Summer",4,4,0,113
"Pandurii Targu Jiu (- 2022)",NA,NA,"2006","Arrivals","Ilie Iordache","https://www.transfermarkt.com/ilie-iordache/profil/spieler/47877","Left Winger","21","Romania","Dinamo II",NA,"Romania",NA,TRUE,"loan transfer","Summer",28,26,6,1770
"Pandurii Targu Jiu (- 2022)",NA,NA,"2006","Departures","Vojislav Vranjkovic","https://www.transfermarkt.com/vojislav-vranjkovic/profil/spieler/36950","Defensive Midfield","23","Serbia","FC Dinamo","SuperLiga","Romania",6e+05,FALSE,NA,"Summer",15,15,4,1319
"Pandurii Targu Jiu (- 2022)",NA,NA,"2006","Departures","Cornel Buta","https://www.transfermarkt.com/cornel-buta/profil/spieler/47494","Right-Back","28","Romania","Poli Iasi","SuperLiga","Romania",5000,FALSE,NA,"Summer",NA,NA,NA,NA
"Pandurii Targu Jiu (- 2022)",NA,NA,"2006","Departures","Ionut Cazacu","https://www.transfermarkt.com/ionut-cazacu/profil/spieler/47870","Centre-Forward","18","Romania","EMC Rovinari",NA,"Romania",0,FALSE,NA,"Summer",NA,NA,NA,NA
"Pandurii Targu Jiu (- 2022)",NA,NA,"2006","Departures","Catalin Trofin","https://www.transfermarkt.com/catalin-trofin/profil/spieler/282266","Left Midfield","31","Romania","Minerul Motru",NA,"Romania",NA,FALSE,"?","Summer",NA,NA,NA,NA
"Pandurii Targu Jiu (- 2022)",NA,NA,"2006","Departures","Danilo Pustinjakovic","https://www.transfermarkt.com/danilo-pustinjakovic/profil/spieler/46176","Goalkeeper","29","Serbia","Banat Zrenjanin","Super liga Srbije","Serbia",NA,FALSE,"?","Summer",NA,NA,NA,NA
"Pandurii Targu Jiu (- 2022)",NA,NA,"2006","Departures","Boris Keca","https://www.transfermarkt.com/boris-keca/profil/spieler/282246","Centre-Back","28","Bosnia-Herzegovina","FC Arges","SuperLiga","Romania",NA,FALSE,"?","Summer",NA,NA,NA,NA
"Pandurii Targu Jiu (- 2022)",NA,NA,"2006","Departures","Armel Disney Mamouna","https://www.transfermarkt.com/armel-disney-mamouna/profil/spieler/46491","Centre-Forward","26","Congo","Farul Constanta","SuperLiga","Romania",NA,FALSE,"?","Summer",NA,NA,NA,NA
"Pandurii Targu Jiu (- 2022)",NA,NA,"2006","Departures","Iulian Stefan","https://www.transfermarkt.com/iulian-stefan/profil/spieler/48904","Central Midfield","25","Romania","UTA Arad","SuperLiga","Romania",NA,FALSE,"?","Summer",NA,NA,NA,NA
"Pandurii Targu Jiu (- 2022)",NA,NA,"2006","Departures","Victor Naicu","https://www.transfermarkt.com/victor-naicu/profil/spieler/214841","Centre-Back","32","Romania",NA,NA,NA,NA,FALSE,"-","Summer",NA,NA,NA,NA
"Pandurii Targu Jiu (- 2022)",NA,NA,"2006","Departures","Adrian Scarlatache","https://www.transfermarkt.com/adrian-scarlatache/profil/spieler/46644","Centre-Back","19","Romania","FC Dinamo","SuperLiga","Romania",NA,TRUE,"End of loan Jun 30, 2006","Summer",NA,NA,NA,NA
"Pandurii Targu Jiu (- 2022)",NA,NA,"2006","Arrivals","Ciprian Vasilache","https://www.transfermarkt.com/ciprian-vasilache/profil/spieler/34514","Attacking Midfield","23","Romania","FC Rapid 1923","SuperLiga","Romania",150000,FALSE,NA,"Winter",13,12,0,670
"Pandurii Targu Jiu (- 2022)",NA,NA,"2006","Arrivals","Igor Radovanovic","https://www.transfermarkt.com/igor-radovanovic/profil/spieler/46388","Centre-Forward","21","Bosnia-Herzegovina","Slavija S.","Premijer Liga BiH","Bosnia-Herzegovina",0,FALSE,NA,"Winter",10,3,0,82
"Pandurii Targu Jiu (- 2022)",NA,NA,"2006","Arrivals","Alexandru Păcurar","https://www.transfermarkt.com/alexandru-pacurar/profil/spieler/26043","Attacking Midfield","24","Romania","Gloria Bistrita","SuperLiga","Romania",0,FALSE,NA,"Winter",15,15,3,1067
"Pandurii Targu Jiu (- 2022)",NA,NA,"2006","Arrivals","Liviu Mihai","https://www.transfermarkt.com/liviu-mihai/profil/spieler/46592","Centre-Forward","29","Romania","Farul Constanta","SuperLiga","Romania",NA,FALSE,"?","Winter",17,16,1,1192
"Pandurii Targu Jiu (- 2022)",NA,NA,"2006","Arrivals","Nenad Kutlacic","https://www.transfermarkt.com/nenad-kutlacic/profil/spieler/36020","Centre-Back","25","Bosnia-Herzegovina","Banat Zrenjanin","Super liga Srbije","Serbia",NA,FALSE,"?","Winter",5,3,0,108
"Pandurii Targu Jiu (- 2022)",NA,NA,"2006","Departures","Cristian Luca","https://www.transfermarkt.com/cristian-luca/profil/spieler/123262","Centre-Forward","33","Romania","ACU Arad",NA,"Romania",0,FALSE,NA,"Winter",15,10,0,293
"Pandurii Targu Jiu (- 2022)",NA,NA,"2006","Departures","Alexandru Cristea","https://www.transfermarkt.com/alexandru-cristea/profil/spieler/47872","Left-Back","23","Romania","Unknown",NA,NA,0,FALSE,NA,"Winter",5,3,0,156
"Pandurii Targu Jiu (- 2022)",NA,NA,"2006","Departures","Vasile Prodan","https://www.transfermarkt.com/vasile-prodan/profil/spieler/47886","Midfielder","22","Romania","Unknown",NA,NA,0,FALSE,NA,"Winter",1,0,0,0
"Pandurii Targu Jiu (- 2022)",NA,NA,"2006","Departures","Andrei Enescu","https://www.transfermarkt.com/andrei-enescu/profil/spieler/34936","Central Midfield","19","Romania","Rm. Valcea",NA,"Romania",0,FALSE,NA,"Winter",7,1,0,7
"Pandurii Targu Jiu (- 2022)",NA,NA,"2006","Departures","Attila Vajda","https://www.transfermarkt.com/attila-vajda/profil/spieler/47894","Right-Back","25","Romania","Unknown",NA,NA,NA,FALSE,"?","Winter",1,1,0,4
"Pandurii Targu Jiu (- 2022)",NA,NA,"2006","Departures","Alexandru Florin Pandaru","https://www.transfermarkt.com/alexandru-florin-pandaru/profil/spieler/47883","Goalkeeper","22","Romania","Poiana Campina",NA,"Romania",NA,FALSE,"?","Winter",NA,NA,NA,NA
"Pandurii Targu Jiu (- 2022)",NA,NA,"2006","Departures","Nemanja Jovanovic","https://www.transfermarkt.com/nemanja-jovanovic/profil/spieler/47878","Centre-Forward","22","Serbia","Unirea Urziceni","SuperLiga","Romania",NA,TRUE,"End of loan Dec 1, 2006","Winter",4,4,0,113
"FC Vaslui (- 2014)",NA,NA,"2006","Arrivals","Marko Ljubinkovic","https://www.transfermarkt.com/marko-ljubinkovic/profil/spieler/36023","Attacking Midfield","24","Serbia","Rad",NA,"Serbia",50000,FALSE,NA,"Summer",28,28,2,2119
"FC Vaslui (- 2014)",NA,NA,"2006","Arrivals","Kobi Nachtailer","https://www.transfermarkt.com/kobi-nachtailer/profil/spieler/16027","Centre-Back","27","Israel","H. Nof HaGalil",NA,"Israel",0,FALSE,NA,"Summer",8,8,0,587
"FC Vaslui (- 2014)",NA,NA,"2006","Arrivals","Luciano Palos","https://www.transfermarkt.com/luciano-palos/profil/spieler/26466","Goalkeeper","27","Argentina","Gimnasia","Torneo Clausura","Argentina",0,FALSE,NA,"Summer",NA,NA,NA,NA
"FC Vaslui (- 2014)",NA,NA,"2006","Arrivals","Nuno Gomes","https://www.transfermarkt.com/nuno-gomes/profil/spieler/513361","Centre-Back","26","Portugal","Marsaxlokk",NA,"Malta",0,FALSE,NA,"Summer",NA,NA,NA,NA
"FC Vaslui (- 2014)",NA,NA,"2006","Arrivals","Ștefan Mardare","https://www.transfermarkt.com/stefan-mardare/profil/spieler/46586","Centre-Back","18","Romania","FCM Bacau",NA,"Romania",0,FALSE,NA,"Summer",28,19,0,1256
"FC Vaslui (- 2014)",NA,NA,"2006","Arrivals","Adrian Gheorghiu","https://www.transfermarkt.com/adrian-gheorghiu/profil/spieler/46551","Right Midfield","24","Romania","FCM Bacau",NA,"Romania",NA,FALSE,"?","Summer",30,30,7,2531
"FC Vaslui (- 2014)",NA,NA,"2006","Arrivals","Ştefan Apostol","https://www.transfermarkt.com/stefan-apostol/profil/spieler/46490","Right-Back","31","Romania","FCM Bacau",NA,"Romania",NA,FALSE,"?","Summer",32,31,0,2778
"FC Vaslui (- 2014)",NA,NA,"2006","Arrivals","Laurentiu Ivan","https://www.transfermarkt.com/laurentiu-ivan/profil/spieler/46573","Centre-Back","27","Romania","Dacia U. Braila",NA,"Romania",NA,FALSE,"?","Summer",26,23,1,2030
"FC Vaslui (- 2014)",NA,NA,"2006","Arrivals","Marius Dobos","https://www.transfermarkt.com/marius-dobos/profil/spieler/46534","Central Midfield","25","Romania","FCM Bacau",NA,"Romania",NA,FALSE,"?","Summer",31,28,0,1125
"FC Vaslui (- 2014)",NA,NA,"2006","Arrivals","Ion Voicu","https://www.transfermarkt.com/ion-voicu/profil/spieler/207902","Left-Back","30","Romania","Jiul Petrosani","SuperLiga","Romania",NA,FALSE,"?","Summer",6,6,0,307
"FC Vaslui (- 2014)",NA,NA,"2006","Arrivals","Marian Alexandru","https://www.transfermarkt.com/marian-alexandru/profil/spieler/46488","Striker","28","Romania","Petrolul",NA,"Romania",NA,FALSE,"?","Summer",11,5,0,157
"FC Vaslui (- 2014)",NA,NA,"2006","Arrivals","Danut Sabou","https://www.transfermarkt.com/danut-sabou/profil/spieler/48792","Defensive Midfield","26","Romania","Apulum Alba Iulia",NA,"Romania",NA,FALSE,"?","Summer",23,22,2,1739
"FC Vaslui (- 2014)",NA,NA,"2006","Arrivals","Claudiu Puia","https://www.transfermarkt.com/claudiu-puia/profil/spieler/46632","Goalkeeper","19","Romania","Unknown",NA,NA,NA,FALSE,"?","Summer",15,0,0,0
"FC Vaslui (- 2014)",NA,NA,"2006","Arrivals","Razvan Neagu","https://www.transfermarkt.com/razvan-neagu/profil/spieler/46607","Centre-Forward","19","Romania","FCM Bacau",NA,"Romania",NA,FALSE,"?","Summer",26,22,2,1080
"FC Vaslui (- 2014)",NA,NA,"2006","Arrivals","Vladimir Matijasevic","https://www.transfermarkt.com/vladimir-matijasevic/profil/spieler/34286","Attacking Midfield","28","Serbia","Without Club",NA,NA,NA,FALSE,"-","Summer",NA,NA,NA,NA
"FC Vaslui (- 2014)",NA,NA,"2006","Arrivals","Sérgio Leite","https://www.transfermarkt.com/sergio-leite/profil/spieler/10372","Goalkeeper","26","Portugal","Without Club",NA,NA,NA,FALSE,"-","Summer",11,1,0,90
"FC Vaslui (- 2014)",NA,NA,"2006","Arrivals","Horatiu Popa","https://www.transfermarkt.com/horatiu-popa/profil/spieler/46628","Centre-Back","23","Romania","Minerul Lupeni",NA,"Romania",NA,TRUE,"End of loan Jun 30, 2006","Summer",19,11,0,847
"FC Vaslui (- 2014)",NA,NA,"2006","Departures","Valentin Badea","https://www.transfermarkt.com/valentin-badea/profil/spieler/43758","Centre-Forward","23","Romania","FCSB","SuperLiga","Romania",1e+06,FALSE,NA,"Summer",NA,NA,NA,NA
"FC Vaslui (- 2014)",NA,NA,"2006","Departures","Bogdan Panait","https://www.transfermarkt.com/bogdan-panait/profil/spieler/43762","Centre-Back","23","Romania","FCSB","SuperLiga","Romania",1e+05,FALSE,NA,"Summer",15,13,3,1084
"FC Vaslui (- 2014)",NA,NA,"2006","Departures","Claudiu Răducanu","https://www.transfermarkt.com/claudiu-raducanu/profil/spieler/16032","Centre-Forward","29","Romania","GuaZ FC",NA,"China",0,FALSE,NA,"Summer",NA,NA,NA,NA
"FC Vaslui (- 2014)",NA,NA,"2006","Departures","Adrian Mihalcea","https://www.transfermarkt.com/adrian-mihalcea/profil/spieler/21869","Centre-Forward","30","Romania","Aris Limassol","Cyprus League","Cyprus",0,FALSE,NA,"Summer",NA,NA,NA,NA
"FC Vaslui (- 2014)",NA,NA,"2006","Departures","Yaw Donkor-Oppong","https://www.transfermarkt.com/yaw-donkor-oppong/profil/spieler/8976","Midfielder","26","Germany","Babelsberg 03","NOFV-Oberliga Nord","Germany",0,FALSE,NA,"Summer",NA,NA,NA,NA
"FC Vaslui (- 2014)",NA,NA,"2006","Departures","Tudorel Stanciu","https://www.transfermarkt.com/tudorel-stanciu/profil/spieler/46657","Defensive Midfield","26","Romania","Unknown",NA,NA,0,FALSE,NA,"Summer",NA,NA,NA,NA
"FC Vaslui (- 2014)",NA,NA,"2006","Departures","Mbemba Sylla","https://www.transfermarkt.com/mbemba-sylla/profil/spieler/112836","Centre-Back","24","Guinea","Durban City FC","Betway Premiership","South Africa",0,FALSE,NA,"Summer",NA,NA,NA,NA
"FC Vaslui (- 2014)",NA,NA,"2006","Departures","Ionuț Badea","https://www.transfermarkt.com/ionut-badea/profil/spieler/26033","Defensive Midfield","30","Romania","FC Arges","SuperLiga","Romania",NA,FALSE,"?","Summer",NA,NA,NA,NA
"FC Vaslui (- 2014)",NA,NA,"2006","Departures","Darko Maletic","https://www.transfermarkt.com/darko-maletic/profil/spieler/17110","Right Midfield","25","Bosnia-Herzegovina","Partizan","Super liga Srbije","Serbia",NA,FALSE,"?","Summer",NA,NA,NA,NA
"FC Vaslui (- 2014)",NA,NA,"2006","Departures","Gheorghe Nicolae","https://www.transfermarkt.com/gheorghe-nicolae/profil/spieler/64206","Centre-Back","30","Romania","CS Otopeni",NA,"Romania",NA,FALSE,"?","Summer",NA,NA,NA,NA
"FC Vaslui (- 2014)",NA,NA,"2006","Departures","Vladislav Lungu","https://www.transfermarkt.com/vladislav-lungu/profil/spieler/26118","Central Midfield","29","Moldova","ND Gorica","Prva Liga","Slovenia",NA,FALSE,"?","Summer",NA,NA,NA,NA
"FC Vaslui (- 2014)",NA,NA,"2006","Departures","Dan Lacusta","https://www.transfermarkt.com/dan-lacusta/profil/spieler/64182","Left-Back","29","Romania","FC Sheriff",NA,"Moldova",NA,FALSE,"?","Summer",NA,NA,NA,NA
"FC Vaslui (- 2014)",NA,NA,"2006","Departures","Dejan Pesic","https://www.transfermarkt.com/dejan-pesic/profil/spieler/66681","Goalkeeper","29","Serbia","Sileks",NA,"North Macedonia",NA,FALSE,"?","Summer",NA,NA,NA,NA
"FC Vaslui (- 2014)",NA,NA,"2006","Departures","Cătălin Cursaru","https://www.transfermarkt.com/catalin-cursaru/profil/spieler/46530","Centre-Forward","28","Romania","Progresul","SuperLiga","Romania",NA,FALSE,"?","Summer",NA,NA,NA,NA
"FC Vaslui (- 2014)",NA,NA,"2006","Departures","Aleksandar Madzar","https://www.transfermarkt.com/aleksandar-madzar/profil/spieler/146474","Midfielder","27","Montenegro","Sliema Wander.",NA,"Malta",NA,FALSE,"?","Summer",NA,NA,NA,NA
"FC Vaslui (- 2014)",NA,NA,"2006","Departures","Sebastian Sfarlea","https://www.transfermarkt.com/sebastian-sfarlea/profil/spieler/47502","Left Midfield","24","Romania","Poli Iasi","SuperLiga","Romania",NA,FALSE,"?","Summer",NA,NA,NA,NA
"FC Vaslui (- 2014)",NA,NA,"2006","Departures","Ionut Dantes","https://www.transfermarkt.com/ionut-dantes/profil/spieler/64144","Left Midfield","23","Romania","Cetatea Suceava",NA,"Romania",NA,FALSE,"?","Summer",NA,NA,NA,NA
"FC Vaslui (- 2014)",NA,NA,"2006","Departures","Daniel Pisla","https://www.transfermarkt.com/daniel-pisla/profil/spieler/98486","Attacking Midfield","20","Moldova","Iskra-Stali",NA,"Moldova",NA,FALSE,"?","Summer",NA,NA,NA,NA
"FC Vaslui (- 2014)",NA,NA,"2006","Departures","Petar Jovanovic","https://www.transfermarkt.com/petar-jovanovic/profil/spieler/46576","Right-Back","23","Serbia","OFK Mladenovac",NA,"Serbia",NA,TRUE,"loan transfer","Summer",8,5,0,246
"FC Vaslui (- 2014)",NA,NA,"2006","Departures","Nivaldo","https://www.transfermarkt.com/nivaldo/profil/spieler/277222","Right Midfield","28","Brazil","Without Club",NA,NA,NA,FALSE,"-","Summer",NA,NA,NA,NA
"FC Vaslui (- 2014)",NA,NA,"2006","Departures","Marius Bratu","https://www.transfermarkt.com/marius-bratu/profil/spieler/518340","Goalkeeper","33","Romania",NA,NA,NA,NA,FALSE,"-","Summer",NA,NA,NA,NA
"FC Vaslui (- 2014)",NA,NA,"2006","Departures","Daniel Bălan","https://www.transfermarkt.com/daniel-balan/profil/spieler/26488","Right-Back","26","Romania","FCSB","SuperLiga","Romania",NA,TRUE,"End of loan Jun 30, 2006","Summer",NA,NA,NA,NA
"FC Vaslui (- 2014)",NA,NA,"2006","Departures","Sebastian Hutan","https://www.transfermarkt.com/sebastian-hutan/profil/spieler/48852","Goalkeeper","22","Romania","FC Sheriff",NA,"Moldova",NA,TRUE,"End of loan Jun 30, 2006","Summer",NA,NA,NA,NA
"FC Vaslui (- 2014)",NA,NA,"2006","Arrivals","Denis Zmeu","https://www.transfermarkt.com/denis-zmeu/profil/spieler/48799","Central Midfield","21","Moldova","Zimbru Chisinau",NA,"Moldova",2e+05,FALSE,NA,"Winter",15,15,0,1029
"FC Vaslui (- 2014)",NA,NA,"2006","Arrivals","Florin Matache","https://www.transfermarkt.com/florin-matache/profil/spieler/26031","Goalkeeper","24","Romania","FC Dinamo","SuperLiga","Romania",1e+05,FALSE,NA,"Winter",0,0,0,0
"FC Vaslui (- 2014)",NA,NA,"2006","Arrivals","Mike Temwanjera","https://www.transfermarkt.com/mike-temwanjera/profil/spieler/36176","Centre-Forward","24","Zimbabwe","Borac Cacak","Super liga Srbije","Serbia",50000,FALSE,NA,"Winter",15,15,3,1319
"FC Vaslui (- 2014)",NA,NA,"2006","Arrivals","Bogdan Panait","https://www.transfermarkt.com/bogdan-panait/profil/spieler/43762","Centre-Back","23","Romania","FCSB","SuperLiga","Romania",50000,FALSE,NA,"Winter",15,13,3,1084
"FC Vaslui (- 2014)",NA,NA,"2006","Arrivals","Mihai Luca","https://www.transfermarkt.com/mihai-luca/profil/spieler/48784","Goalkeeper","18","Romania","Cetatea Suceava",NA,"Romania",NA,FALSE,"?","Winter",2,0,0,0
"FC Vaslui (- 2014)",NA,NA,"2006","Arrivals","Dorian Andronic","https://www.transfermarkt.com/dorian-andronic/profil/spieler/48773","Centre-Back","17","Romania","Cetatea Suceava",NA,"Romania",NA,FALSE,"?","Winter",12,5,0,324
"FC Vaslui (- 2014)",NA,NA,"2006","Arrivals","Bogdan Cotolan","https://www.transfermarkt.com/bogdan-cotolan/profil/spieler/43292","Right Midfield","25","Romania","CFR Cluj","SuperLiga","Romania",NA,FALSE,"?","Winter",8,3,0,179
"FC Vaslui (- 2014)",NA,NA,"2006","Arrivals","Șerban Moraru","https://www.transfermarkt.com/serban-moraru/profil/spieler/48786","Right-Back","20","Romania","Rapid 1923 II",NA,"Romania",NA,FALSE,"?","Winter",13,11,0,641
"FC Vaslui (- 2014)",NA,NA,"2006","Departures","Marius Croitoru","https://www.transfermarkt.com/marius-croitoru/profil/spieler/46526","Right Winger","26","Romania","FCSB","SuperLiga","Romania",450000,FALSE,NA,"Winter",18,18,4,1590
"FC Vaslui (- 2014)",NA,NA,"2006","Departures","Sérgio Leite","https://www.transfermarkt.com/sergio-leite/profil/spieler/10372","Goalkeeper","27","Portugal","FC Brasov",NA,"Romania",0,FALSE,NA,"Winter",11,1,0,90
"FC Vaslui (- 2014)",NA,NA,"2006","Departures","Luciano Palos","https://www.transfermarkt.com/luciano-palos/profil/spieler/26466","Goalkeeper","27","Argentina","Quilmes","Torneo Clausura","Argentina",0,FALSE,NA,"Winter",NA,NA,NA,NA
"FC Vaslui (- 2014)",NA,NA,"2006","Departures","Alexander Mardar","https://www.transfermarkt.com/alexander-mardar/profil/spieler/249946","Midfielder","-","Serbia","Unknown",NA,NA,0,FALSE,NA,"Winter",9,8,1,390
"FC Vaslui (- 2014)",NA,NA,"2006","Departures","Marian Alexandru","https://www.transfermarkt.com/marian-alexandru/profil/spieler/46488","Striker","29","Romania","Ceahlaul","SuperLiga","Romania",0,FALSE,NA,"Winter",11,5,0,157
"FC Vaslui (- 2014)",NA,NA,"2006","Departures","Igor","https://www.transfermarkt.com/igor/profil/spieler/16647","Attacking Midfield","26","Brazil","Queimadense",NA,"Brazil",NA,FALSE,"?","Winter",NA,NA,NA,NA
"FC Vaslui (- 2014)",NA,NA,"2006","Departures","Ilie Baicu","https://www.transfermarkt.com/ilie-baicu/profil/spieler/46498","Left-Back","32","Romania","CS Mioveni",NA,"Romania",NA,FALSE,"?","Winter",NA,NA,NA,NA
"FC Vaslui (- 2014)",NA,NA,"2006","Departures","Viorel Frunza","https://www.transfermarkt.com/viorel-frunza/profil/spieler/46547","Centre-Forward","27","Moldova","CFR Cluj","SuperLiga","Romania",NA,FALSE,"?","Winter",18,17,10,1199
"FC Vaslui (- 2014)",NA,NA,"2006","Departures","Sorin Frunză","https://www.transfermarkt.com/sorin-frunza/profil/spieler/26648","Left Midfield","28","Romania","FC Botosani",NA,"Romania",NA,TRUE,"loan transfer","Winter",3,2,0,65
"FC Vaslui (- 2014)",NA,NA,"2006","Departures","Vladimir Matijasevic","https://www.transfermarkt.com/vladimir-matijasevic/profil/spieler/34286","Attacking Midfield","28","Serbia",NA,NA,NA,NA,FALSE,"-","Winter",NA,NA,NA,NA
"Farul Constanta (- 2016)",NA,NA,"2006","Arrivals","Cosmin Bacila","https://www.transfermarkt.com/cosmin-bacila/profil/spieler/46495","Right-Back","22","Romania","Forex Brasov",NA,"Romania",0,FALSE,NA,"Summer",32,28,0,2002
"Farul Constanta (- 2016)",NA,NA,"2006","Arrivals","Florin Maxim","https://www.transfermarkt.com/florin-maxim/profil/spieler/48768","Left-Back","25","Romania","Sportul S.",NA,"Romania",NA,FALSE,"?","Summer",27,22,0,1509
"Farul Constanta (- 2016)",NA,NA,"2006","Arrivals","Armel Disney Mamouna","https://www.transfermarkt.com/armel-disney-mamouna/profil/spieler/46491","Centre-Forward","26","Congo","Pandurii ","SuperLiga","Romania",NA,FALSE,"?","Summer",31,25,3,1412
"Farul Constanta (- 2016)",NA,NA,"2006","Arrivals","Szabolcs Mihály Perényi","https://www.transfermarkt.com/szabolcs-mihaly-perenyi/profil/spieler/46622","Right-Back","23","Romania","Jiul Petrosani","SuperLiga","Romania",NA,FALSE,"?","Summer",2,1,0,6
"Farul Constanta (- 2016)",NA,NA,"2006","Arrivals","Florin Neaga","https://www.transfermarkt.com/florin-neaga/profil/spieler/46605","Centre-Forward","18","Romania","Bihor Oradea",NA,"Romania",NA,FALSE,"?","Summer",5,1,0,6
"Farul Constanta (- 2016)",NA,NA,"2006","Arrivals","Mircea Gheorghiu","https://www.transfermarkt.com/mircea-gheorghiu/profil/spieler/886025","Centre-Forward","21","Romania","Unknown",NA,NA,NA,FALSE,"-","Summer",NA,NA,NA,NA
"Farul Constanta (- 2016)",NA,NA,"2006","Arrivals","Daniel Florea","https://www.transfermarkt.com/daniel-florea/profil/spieler/46543","Centre-Forward","18","Romania","Farul U19",NA,"Romania",NA,FALSE,"-","Summer",4,3,0,129
"Farul Constanta (- 2016)",NA,NA,"2006","Arrivals","Iulian Apostol","https://www.transfermarkt.com/iulian-apostol/profil/spieler/46489","Central Midfield","25","Romania","Otelul Galati","SuperLiga","Romania",NA,TRUE,"End of loan Jun 30, 2006","Summer",30,29,6,2126
"Farul Constanta (- 2016)",NA,NA,"2006","Arrivals","Mircea Gheorghiu","https://www.transfermarkt.com/mircea-gheorghiu/profil/spieler/886025","Centre-Forward","20","Romania","Callatis",NA,"Romania",NA,TRUE,"End of loan Jun 30, 2006","Summer",NA,NA,NA,NA
"Farul Constanta (- 2016)",NA,NA,"2006","Departures","Cosmin Pascovici","https://www.transfermarkt.com/cosmin-pascovici/profil/spieler/44942","Left-Back","28","Romania","FC Dinamo","SuperLiga","Romania",0,FALSE,NA,"Summer",NA,NA,NA,NA
"Farul Constanta (- 2016)",NA,NA,"2006","Departures","Mário Carlos","https://www.transfermarkt.com/mario-carlos/profil/spieler/14239","Right Winger","23","Portugal","Vitória Setúbal","Liga Portugal","Portugal",NA,FALSE,"?","Summer",NA,NA,NA,NA
"Farul Constanta (- 2016)",NA,NA,"2006","Departures","George Usurelu","https://www.transfermarkt.com/george-usurelu/profil/spieler/299879","Defensive Midfield","27","Romania","CFR Timisoara",NA,"Romania",NA,FALSE,"?","Summer",NA,NA,NA,NA
"Farul Constanta (- 2016)",NA,NA,"2006","Departures","Bogdan Apostu","https://www.transfermarkt.com/bogdan-apostu/profil/spieler/48812","Centre-Forward","24","Romania","UTA Arad","SuperLiga","Romania",NA,FALSE,"?","Summer",3,3,0,58
"Farul Constanta (- 2016)",NA,NA,"2006","Departures","Viorel Gheorghe","https://www.transfermarkt.com/viorel-gheorghe/profil/spieler/64349","Second Striker","24","Romania","FC Brasov",NA,"Romania",NA,FALSE,"?","Summer",1,1,0,6
"Farul Constanta (- 2016)",NA,NA,"2006","Departures","Mircea Gheorghiu","https://www.transfermarkt.com/mircea-gheorghiu/profil/spieler/886025","Centre-Forward","20","Romania","Unknown",NA,NA,NA,TRUE,"loan transfer","Summer",NA,NA,NA,NA
"Farul Constanta (- 2016)",NA,NA,"2006","Arrivals","Willian","https://www.transfermarkt.com/willian/profil/spieler/48772","Attacking Midfield","22","Brazil","Estoril","Liga Portugal 2","Portugal",3e+05,FALSE,NA,"Winter",9,7,1,361
"Farul Constanta (- 2016)",NA,NA,"2006","Arrivals","Dietmar Berchtold","https://www.transfermarkt.com/dietmar-berchtold/profil/spieler/932","Central Midfield","32","Austria","A. Lustenau","2. Liga","Austria",0,FALSE,NA,"Winter",NA,NA,NA,NA
"Farul Constanta (- 2016)",NA,NA,"2006","Arrivals","Marius Nae","https://www.transfermarkt.com/marius-nae/profil/spieler/48770","Attacking Midfield","25","Romania","Sportul S.",NA,"Romania",NA,FALSE,"?","Winter",23,20,3,895
"Farul Constanta (- 2016)",NA,NA,"2006","Arrivals","Marcel Otvos","https://www.transfermarkt.com/marcel-otvos/profil/spieler/48177","Left Midfield","24","Romania","Gloria Buzau",NA,"Romania",NA,FALSE,"?","Winter",12,10,0,527
"Farul Constanta (- 2016)",NA,NA,"2006","Arrivals","Ben Teekloh","https://www.transfermarkt.com/ben-teekloh/profil/spieler/48197","Defensive Midfield","23","Liberia","Nistru Otaci",NA,"Moldova",NA,FALSE,"?","Winter",12,10,0,819
"Farul Constanta (- 2016)",NA,NA,"2006","Arrivals","Cosmin Tilincă","https://www.transfermarkt.com/cosmin-tilinca/profil/spieler/43383","Centre-Forward","27","Romania","CFR Cluj","SuperLiga","Romania",NA,TRUE,"loan transfer","Winter",13,11,1,449
"Farul Constanta (- 2016)",NA,NA,"2006","Departures","Dietmar Berchtold","https://www.transfermarkt.com/dietmar-berchtold/profil/spieler/932","Central Midfield","32","Austria","Grazer AK 1902","Bundesliga","Austria",0,FALSE,NA,"Winter",NA,NA,NA,NA
"Farul Constanta (- 2016)",NA,NA,"2006","Departures","Liviu Mihai","https://www.transfermarkt.com/liviu-mihai/profil/spieler/46592","Centre-Forward","29","Romania","Pandurii ","SuperLiga","Romania",NA,FALSE,"?","Winter",18,14,3,744
"Farul Constanta (- 2016)",NA,NA,"2006","Departures","Răzvan Stanca","https://www.transfermarkt.com/razvan-stanca/profil/spieler/46656","Goalkeeper","27","Romania","Sportul S.",NA,"Romania",NA,TRUE,"loan transfer","Winter",NA,NA,NA,NA
"Jiul Petrosani",NA,NA,"2006","Arrivals","Alin Litu","https://www.transfermarkt.com/alin-litu/profil/spieler/34938","Centre-Forward","19","Romania","FCSB","SuperLiga","Romania",1e+05,TRUE,NA,"Summer",12,10,0,558
"Jiul Petrosani",NA,NA,"2006","Arrivals","Anton Ilie","https://www.transfermarkt.com/anton-ilie/profil/spieler/46566","Goalkeeper","26","Romania","Unknown",NA,NA,0,FALSE,NA,"Summer",16,6,0,540
"Jiul Petrosani",NA,NA,"2006","Arrivals","Octavian Traistaru","https://www.transfermarkt.com/octavian-traistaru/profil/spieler/48912","Central Midfield","19","Romania","FC U Craiova","SuperLiga","Romania",0,FALSE,NA,"Summer",7,4,0,113
"Jiul Petrosani",NA,NA,"2006","Arrivals","Gabriel Apetri","https://www.transfermarkt.com/gabriel-apetri/profil/spieler/48811","Striker","24","Romania","FC U Craiova","SuperLiga","Romania",NA,FALSE,"?","Summer",11,11,4,981
"Jiul Petrosani",NA,NA,"2006","Arrivals","Dan Galdean","https://www.transfermarkt.com/dan-galdean/profil/spieler/46548","Right Winger","32","Romania","U Cluj",NA,"Romania",NA,FALSE,"?","Summer",14,13,0,425
"Jiul Petrosani",NA,NA,"2006","Arrivals","Ovidiu Panaitescu","https://www.transfermarkt.com/ovidiu-panaitescu/profil/spieler/46617","Defender","30","Romania","Minerul Lupeni",NA,"Romania",NA,FALSE,"?","Summer",4,3,0,205
"Jiul Petrosani",NA,NA,"2006","Arrivals","Cătălin Mulțescu","https://www.transfermarkt.com/catalin-multescu/profil/spieler/46600","Goalkeeper","30","Romania","Petrolul",NA,"Romania",NA,FALSE,"?","Summer",17,11,0,990
"Jiul Petrosani",NA,NA,"2006","Arrivals","Bogdan Vrăjitoarea","https://www.transfermarkt.com/bogdan-vrajitoarea/profil/spieler/46680","Centre-Forward","28","Romania","Unirea Urziceni","SuperLiga","Romania",NA,FALSE,"?","Summer",15,12,2,737
"Jiul Petrosani",NA,NA,"2006","Arrivals","Erik Bicfalvi","https://www.transfermarkt.com/erik-bicfalvi/profil/spieler/46504","Centre-Forward","18","Romania","Fink Fenster",NA,"Hungary",NA,FALSE,"?","Summer",19,16,0,1076
"Jiul Petrosani",NA,NA,"2006","Arrivals","Adrian Ilie","https://www.transfermarkt.com/adrian-ilie/profil/spieler/46565","Centre-Back","24","Romania","Poli. Timisoara","SuperLiga","Romania",NA,TRUE,"loan transfer","Summer",12,11,1,831
"Jiul Petrosani",NA,NA,"2006","Arrivals","Adrian Scarlatache","https://www.transfermarkt.com/adrian-scarlatache/profil/spieler/46644","Centre-Back","19","Romania","FC Dinamo","SuperLiga","Romania",NA,TRUE,"loan transfer","Summer",13,12,0,1001
"Jiul Petrosani",NA,NA,"2006","Arrivals","Tudor Șaucă","https://www.transfermarkt.com/tudor-sauca/profil/spieler/1019015","Right Midfield","16","Romania","CSM Vulcan",NA,"Romania",NA,TRUE,"End of loan Jun 30, 2006","Summer",NA,NA,NA,NA
"Jiul Petrosani",NA,NA,"2006","Departures","Alexandru Bădoiu","https://www.transfermarkt.com/alexandru-badoiu/profil/spieler/47148","Right-Back","24","Romania","Poli. Timisoara","SuperLiga","Romania",4e+05,FALSE,NA,"Summer",0,0,0,0
"Jiul Petrosani",NA,NA,"2006","Departures","Florentin Dumitru","https://www.transfermarkt.com/florentin-dumitru/profil/spieler/26495","Right-Back","29","Romania","Progresul","SuperLiga","Romania",0,FALSE,NA,"Summer",NA,NA,NA,NA
"Jiul Petrosani",NA,NA,"2006","Departures","Bogdan Miron","https://www.transfermarkt.com/bogdan-miron/profil/spieler/124621","Goalkeeper","24","Romania","Unknown",NA,NA,0,FALSE,NA,"Summer",NA,NA,NA,NA
"Jiul Petrosani",NA,NA,"2006","Departures","George Soltuz","https://www.transfermarkt.com/george-soltuz/profil/spieler/55280","Centre-Back","28","Romania","Poli. Timisoara","SuperLiga","Romania",NA,FALSE,"?","Summer",NA,NA,NA,NA
"Jiul Petrosani",NA,NA,"2006","Departures","Claudiu Drăgan","https://www.transfermarkt.com/claudiu-dragan/profil/spieler/26048","Centre-Forward","27","Romania","Progresul","SuperLiga","Romania",NA,FALSE,"?","Summer",NA,NA,NA,NA
"Jiul Petrosani",NA,NA,"2006","Departures","Miroslav Giuchici","https://www.transfermarkt.com/miroslav-giuchici/profil/spieler/292931","Striker","26","Romania","Unknown",NA,NA,NA,FALSE,"?","Summer",NA,NA,NA,NA
"Jiul Petrosani",NA,NA,"2006","Departures","Ion Voicu","https://www.transfermarkt.com/ion-voicu/profil/spieler/207902","Left-Back","30","Romania","FC Vaslui","SuperLiga","Romania",NA,FALSE,"?","Summer",NA,NA,NA,NA
"Jiul Petrosani",NA,NA,"2006","Departures","Szabolcs Mihály Perényi","https://www.transfermarkt.com/szabolcs-mihaly-perenyi/profil/spieler/46622","Right-Back","23","Romania","Farul Constanta","SuperLiga","Romania",NA,FALSE,"?","Summer",NA,NA,NA,NA
"Jiul Petrosani",NA,NA,"2006","Departures","Alin Ilin","https://www.transfermarkt.com/alin-ilin/profil/spieler/46568","Right-Back","21","Romania","Progresul","SuperLiga","Romania",NA,FALSE,"?","Summer",NA,NA,NA,NA
"Jiul Petrosani",NA,NA,"2006","Departures","Ovidiu Vezan","https://www.transfermarkt.com/ovidiu-vezan/profil/spieler/123283","Attacking Midfield","21","Romania","Minerul Lupeni",NA,"Romania",NA,FALSE,"?","Summer",NA,NA,NA,NA
"Jiul Petrosani",NA,NA,"2006","Departures","Tudor Șaucă","https://www.transfermarkt.com/tudor-sauca/profil/spieler/1019015","Right Midfield","16","Romania","Unknown",NA,NA,NA,TRUE,"loan transfer","Summer",NA,NA,NA,NA
"Jiul Petrosani",NA,NA,"2006","Departures","Laurentiu Dinita","https://www.transfermarkt.com/laurentiu-dinita/profil/spieler/26493","Centre-Forward","31","Romania","FCSB","SuperLiga","Romania",NA,TRUE,"End of loan Jun 30, 2006","Summer",NA,NA,NA,NA
"Jiul Petrosani",NA,NA,"2006","Arrivals","Ionut Flavius Curca","https://www.transfermarkt.com/ionut-flavius-curca/profil/spieler/35429","Goalkeeper","29","Romania","Ceahlaul","SuperLiga","Romania",0,FALSE,NA,"Winter",9,7,0,630
"Jiul Petrosani",NA,NA,"2006","Arrivals","Dorel Marsava","https://www.transfermarkt.com/dorel-marsava/profil/spieler/48875","Goalkeeper","34","Romania","Unknown",NA,NA,0,FALSE,NA,"Winter",1,0,0,0
"Jiul Petrosani",NA,NA,"2006","Arrivals","Stelica Stemat","https://www.transfermarkt.com/stelica-stemat/profil/spieler/48905","Right Midfield","19","Romania","FC U Craiova","SuperLiga","Romania",0,FALSE,NA,"Winter",8,5,0,167
"Jiul Petrosani",NA,NA,"2006","Arrivals","Alexandru Bădoiu","https://www.transfermarkt.com/alexandru-badoiu/profil/spieler/47148","Right-Back","25","Romania","Poli. Timisoara","SuperLiga","Romania",NA,FALSE,"?","Winter",0,0,0,0
"Jiul Petrosani",NA,NA,"2006","Arrivals","Marian Constantinescu","https://www.transfermarkt.com/marian-constantinescu/profil/spieler/46520","Attacking Midfield","25","Romania","Poli. Timisoara","SuperLiga","Romania",NA,FALSE,"?","Winter",20,16,1,766
"Jiul Petrosani",NA,NA,"2006","Arrivals","Florin Olteanu","https://www.transfermarkt.com/florin-olteanu/profil/spieler/48176","Goalkeeper","25","Romania","Astra Giurgiu",NA,"Romania",NA,FALSE,"?","Winter",9,2,0,180
"Jiul Petrosani",NA,NA,"2006","Arrivals","Tudor Șaucă","https://www.transfermarkt.com/tudor-sauca/profil/spieler/1019015","Right Midfield","17","Romania","Unknown",NA,NA,NA,TRUE,"End of loan Dec 31, 2006","Winter",NA,NA,NA,NA
"Jiul Petrosani",NA,NA,"2006","Departures","Ciprian Petre","https://www.transfermarkt.com/ciprian-petre/profil/spieler/46625","Left Winger","26","Romania","Unirea Urziceni","SuperLiga","Romania",3e+05,FALSE,NA,"Winter",15,15,0,1222
"Jiul Petrosani",NA,NA,"2006","Departures","Daniel Movilă","https://www.transfermarkt.com/daniel-movila/profil/spieler/46599","Striker","35","Romania","Daco-Getica",NA,"Romania",0,FALSE,NA,"Winter",NA,NA,NA,NA
"Jiul Petrosani",NA,NA,"2006","Departures","Dumitru Hotoboc","https://www.transfermarkt.com/dumitru-hotoboc/profil/spieler/46563","Goalkeeper","28","Romania","FC Arges","SuperLiga","Romania",0,FALSE,NA,"Winter",16,8,0,706
"Jiul Petrosani",NA,NA,"2006","Departures","Cătălin Mulțescu","https://www.transfermarkt.com/catalin-multescu/profil/spieler/46600","Goalkeeper","30","Romania","Ceahlaul","SuperLiga","Romania",NA,FALSE,"?","Winter",17,11,0,990
"Jiul Petrosani",NA,NA,"2006","Departures","Bogdan Vrăjitoarea","https://www.transfermarkt.com/bogdan-vrajitoarea/profil/spieler/46680","Centre-Forward","28","Romania","Ceahlaul","SuperLiga","Romania",NA,FALSE,"?","Winter",15,12,2,737
"Jiul Petrosani",NA,NA,"2006","Departures","Marinica Ionica","https://www.transfermarkt.com/marinica-ionica/profil/spieler/46571","Striker","27","Romania","CS Mioveni",NA,"Romania",NA,TRUE,"loan transfer","Winter",10,5,0,278
"Jiul Petrosani",NA,NA,"2006","Departures","Constantin Draghici","https://www.transfermarkt.com/constantin-draghici/profil/spieler/46537","Central Midfield","26","Romania","Daco-Getica",NA,"Romania",NA,TRUE,"loan transfer","Winter",15,8,0,489
"Jiul Petrosani",NA,NA,"2006","Departures","Tudor Șaucă","https://www.transfermarkt.com/tudor-sauca/profil/spieler/1019015","Right Midfield","17","Romania","CSM Vulcan",NA,"Romania",NA,TRUE,"loan transfer","Winter",NA,NA,NA,NA
"Jiul Petrosani",NA,NA,"2006","Departures","Adrian Ilie","https://www.transfermarkt.com/adrian-ilie/profil/spieler/46565","Centre-Back","25","Romania","Poli. Timisoara","SuperLiga","Romania",NA,TRUE,"End of loan Dec 1, 2006","Winter",12,11,1,831
"Jiul Petrosani",NA,NA,"2006","Departures","Adrian Scarlatache","https://www.transfermarkt.com/adrian-scarlatache/profil/spieler/46644","Centre-Back","20","Romania","FC Dinamo","SuperLiga","Romania",NA,TRUE,"End of loan Dec 31, 2006","Winter",13,12,0,1001
