"team_name","league","country","season","transfer_type","player_name","player_url","player_position","player_age","player_nationality","club_2","league_2","country_2","transfer_fee","is_loan","transfer_notes","window","in_squad","appearances","goals","minutes_played"
"FCSB","SuperLiga","Romania","2010","Arrivals","Marius Bilașco","https://www.transfermarkt.com/marius-bilasco/profil/spieler/46505","Centre-Forward","29","Romania","Unirea Urziceni","SuperLiga","Romania",1350000,FALSE,NA,"Summer",33,32,5,2161
"FCSB","SuperLiga","Romania","2010","Arrivals","Pablo Brandán","https://www.transfermarkt.com/pablo-brandan/profil/spieler/51711","Central Midfield","27","Argentina","Unirea Urziceni","SuperLiga","Romania",1300000,FALSE,NA,"Summer",32,31,0,2440
"FCSB","SuperLiga","Romania","2010","Arrivals","Mihai Răduț","https://www.transfermarkt.com/mihai-radut/profil/spieler/96850","Left Winger","20","Romania","Curtea de Arges",NA,"Romania",1e+06,FALSE,NA,"Summer",31,28,0,1597
"FCSB","SuperLiga","Romania","2010","Arrivals","Iulian Apostol","https://www.transfermarkt.com/iulian-apostol/profil/spieler/46489","Central Midfield","29","Romania","Unirea Urziceni","SuperLiga","Romania",750000,FALSE,NA,"Summer",10,9,0,653
"FCSB","SuperLiga","Romania","2010","Arrivals","Alexandru Păcurar","https://www.transfermarkt.com/alexandru-pacurar/profil/spieler/26043","Attacking Midfield","28","Romania","Pandurii ","SuperLiga","Romania",650000,FALSE,NA,"Summer",8,6,1,325
"FCSB","SuperLiga","Romania","2010","Arrivals","George Galamaz","https://www.transfermarkt.com/george-galamaz/profil/spieler/26035","Centre-Back","29","Romania","Unirea Urziceni","SuperLiga","Romania",6e+05,FALSE,NA,"Summer",20,15,0,1338
"FCSB","SuperLiga","Romania","2010","Arrivals","Iasmin Latovlevici","https://www.transfermarkt.com/iasmin-latovlevici/profil/spieler/47172","Left-Back","24","Romania","Poli. Timisoara","SuperLiga","Romania",6e+05,FALSE,NA,"Summer",43,39,1,3232
"FCSB","SuperLiga","Romania","2010","Arrivals","Éder Bonfim","https://www.transfermarkt.com/eder-bonfim/profil/spieler/13975","Right-Back","29","Brazil","Poli. Timisoara","SuperLiga","Romania",4e+05,FALSE,NA,"Summer",32,26,1,2203
"FCSB","SuperLiga","Romania","2010","Arrivals","Octavian Abrudan","https://www.transfermarkt.com/octavian-abrudan/profil/spieler/46485","Centre-Back","26","Romania","FC Brasov","SuperLiga","Romania",3e+05,FALSE,NA,"Summer",21,10,0,874
"FCSB","SuperLiga","Romania","2010","Arrivals","Ricardo Gomes","https://www.transfermarkt.com/ricardo-gomes/profil/spieler/48845","Defensive Midfield","29","Brazil","Unirea Urziceni","SuperLiga","Romania",250000,FALSE,NA,"Summer",25,23,0,1691
"FCSB","SuperLiga","Romania","2010","Arrivals","Novak Martinovic","https://www.transfermarkt.com/novak-martinovic/profil/spieler/50302","Centre-Back","25","Serbia","Pandurii ","SuperLiga","Romania",250000,FALSE,NA,"Summer",26,14,1,1218
"FCSB","SuperLiga","Romania","2010","Arrivals","Laurențiu Marinescu","https://www.transfermarkt.com/laurentiu-marinescu/profil/spieler/123854","Attacking Midfield","26","Romania","Unirea Urziceni","SuperLiga","Romania",2e+05,FALSE,NA,"Summer",29,20,0,990
"FCSB","SuperLiga","Romania","2010","Arrivals","Florin Gardoș","https://www.transfermarkt.com/florin-gardos/profil/spieler/57423","Centre-Back","21","Romania","Concordia","Liga 2","Romania",150000,FALSE,NA,"Summer",43,33,1,2743
"FCSB","SuperLiga","Romania","2010","Arrivals","Cosmin Matei","https://www.transfermarkt.com/cosmin-matei/profil/spieler/81421","Attacking Midfield","18","Romania","Farul Constanta","Liga 2","Romania",1e+05,FALSE,NA,"Summer",22,9,0,268
"FCSB","SuperLiga","Romania","2010","Arrivals","Răzvan Stanca","https://www.transfermarkt.com/razvan-stanca/profil/spieler/46656","Goalkeeper","30","Romania","Pandurii ","SuperLiga","Romania",50000,TRUE,NA,"Summer",21,2,0,180
"FCSB","SuperLiga","Romania","2010","Arrivals","Yordan Todorov","https://www.transfermarkt.com/yordan-todorov/profil/spieler/15023","Right-Back","28","Bulgaria","Loko Plovdiv","efbet Liga","Bulgaria",50000,FALSE,NA,"Summer",2,0,0,0
"FCSB","SuperLiga","Romania","2010","Arrivals","Dorel Stoica","https://www.transfermarkt.com/dorel-stoica/profil/spieler/47584","Defensive Midfield","31","Romania","Al-Ettifaq","Saudi Pro League","Saudi Arabia",0,FALSE,NA,"Summer",7,7,1,595
"FCSB","SuperLiga","Romania","2010","Arrivals","Stanislav Angelov","https://www.transfermarkt.com/stanislav-angelov/profil/spieler/15245","Defensive Midfield","32","Bulgaria","Energie Cottbus","2. Bundesliga","Germany",0,FALSE,NA,"Summer",16,13,0,671
"FCSB","SuperLiga","Romania","2010","Arrivals","Geraldo","https://www.transfermarkt.com/geraldo/profil/spieler/14300","Centre-Back","29","Portugal","AEK Athens","Super League 1","Greece",0,FALSE,NA,"Summer",39,37,2,3347
"FCSB","SuperLiga","Romania","2010","Arrivals","Marius Onofraș","https://www.transfermarkt.com/marius-onofras/profil/spieler/47500","Right Winger","30","Romania","Unirea Urziceni","SuperLiga","Romania",NA,FALSE,"?","Summer",21,14,1,633
"FCSB","SuperLiga","Romania","2010","Arrivals","Cezar Lungu","https://www.transfermarkt.com/cezar-lungu/profil/spieler/102288","Goalkeeper","22","Romania","FCSB II","Liga 2","Romania",NA,FALSE,"-","Summer",21,0,0,0
"FCSB","SuperLiga","Romania","2010","Arrivals","Florentin Matei","https://www.transfermarkt.com/florentin-matei/profil/spieler/147998","Attacking Midfield","17","Romania","FCSB II","Liga 2","Romania",NA,FALSE,"-","Summer",NA,NA,NA,NA
"FCSB","SuperLiga","Romania","2010","Arrivals","Mihai Onicas","https://www.transfermarkt.com/mihai-onicas/profil/spieler/115242","Defensive Midfield","20","Romania","Poli Iasi","SuperLiga","Romania",NA,TRUE,"End of loan Jun 30, 2010","Summer",NA,NA,NA,NA
"FCSB","SuperLiga","Romania","2010","Arrivals","Andrei Ionescu","https://www.transfermarkt.com/andrei-ionescu/profil/spieler/48780","Central Midfield","22","Romania","Poli Iasi","SuperLiga","Romania",NA,TRUE,"End of loan Jun 30, 2010","Summer",3,0,0,0
"FCSB","SuperLiga","Romania","2010","Arrivals","Ricardo Pedriel","https://www.transfermarkt.com/ricardo-pedriel/profil/spieler/76281","Centre-Forward","23","Bolivia","Giresunspor","1.Lig","Türkiye",NA,TRUE,"End of loan Jun 30, 2010","Summer",NA,NA,NA,NA
"FCSB","SuperLiga","Romania","2010","Arrivals","Cosmin Vâtcă","https://www.transfermarkt.com/cosmin-vatca/profil/spieler/47477","Goalkeeper","28","Romania","Gaz Metan","SuperLiga","Romania",NA,TRUE,"End of loan Jun 30, 2010","Summer",NA,NA,NA,NA
"FCSB","SuperLiga","Romania","2010","Arrivals","Ducu Ninu","https://www.transfermarkt.com/ducu-ninu/profil/spieler/42788","Centre-Back","23","Romania","Farul Constanta","Liga 2","Romania",NA,TRUE,"End of loan Jun 30, 2010","Summer",NA,NA,NA,NA
"FCSB","SuperLiga","Romania","2010","Departures","Ovidiu Petre","https://www.transfermarkt.com/ovidiu-petre/profil/spieler/9762","Defensive Midfield","28","Romania","Al-Nassr","Saudi Pro League","Saudi Arabia",1500000,FALSE,NA,"Summer",NA,NA,NA,NA
"FCSB","SuperLiga","Romania","2010","Departures","Alexandru Tudose","https://www.transfermarkt.com/alexandru-tudose/profil/spieler/34941","Centre-Back","23","Romania","Gloria Bistrita","SuperLiga","Romania",180000,FALSE,NA,"Summer",NA,NA,NA,NA
"FCSB","SuperLiga","Romania","2010","Departures","Juan Carlos Toja","https://www.transfermarkt.com/juan-carlos-toja/profil/spieler/39146","Central Midfield","25","Colombia","Aris Saloniki","Super League 1","Greece",150000,FALSE,NA,"Summer",NA,NA,NA,NA
"FCSB","SuperLiga","Romania","2010","Departures","Dorel Stoica","https://www.transfermarkt.com/dorel-stoica/profil/spieler/47584","Defensive Midfield","31","Romania","FC U Craiova","SuperLiga","Romania",1e+05,FALSE,NA,"Summer",7,7,1,595
"FCSB","SuperLiga","Romania","2010","Departures","Mihăiță Pleșan","https://www.transfermarkt.com/mihaita-plesan/profil/spieler/26683","Central Midfield","27","Romania","Volga NN","Premier Liga","Russia",1e+05,FALSE,NA,"Summer",NA,NA,NA,NA
"FCSB","SuperLiga","Romania","2010","Departures","Ricardo Pedriel","https://www.transfermarkt.com/ricardo-pedriel/profil/spieler/76281","Centre-Forward","23","Bolivia","Sivasspor","Süper Lig","Türkiye",1e+05,FALSE,NA,"Summer",NA,NA,NA,NA
"FCSB","SuperLiga","Romania","2010","Departures","Ducu Ninu","https://www.transfermarkt.com/ducu-ninu/profil/spieler/42788","Centre-Back","23","Romania","FCV Farul","Liga 2","Romania",50000,FALSE,NA,"Summer",NA,NA,NA,NA
"FCSB","SuperLiga","Romania","2010","Departures","Artavazd Karamyan","https://www.transfermarkt.com/artavazd-karamyan/profil/spieler/34504","Left Midfield","30","Armenia","Unirea Urziceni","SuperLiga","Romania",0,FALSE,NA,"Summer",NA,NA,NA,NA
"FCSB","SuperLiga","Romania","2010","Departures","Pawel Golanski","https://www.transfermarkt.com/pawel-golanski/profil/spieler/32313","Right-Back","27","Poland","Korona Kielce","Ekstraklasa","Poland",0,FALSE,NA,"Summer",NA,NA,NA,NA
"FCSB","SuperLiga","Romania","2010","Departures","Zhivko Zhelev","https://www.transfermarkt.com/zhivko-zhelev/profil/spieler/15359","Centre-Back","30","Bulgaria","Shamakhi","Premyer Liqa","Azerbaijan",0,FALSE,NA,"Summer",NA,NA,NA,NA
"FCSB","SuperLiga","Romania","2010","Departures","Arman Karamyan","https://www.transfermarkt.com/arman-karamyan/profil/spieler/44091","Left Winger","30","Armenia","Unirea Urziceni","SuperLiga","Romania",0,FALSE,NA,"Summer",NA,NA,NA,NA
"FCSB","SuperLiga","Romania","2010","Departures","Yordan Todorov","https://www.transfermarkt.com/yordan-todorov/profil/spieler/15023","Right-Back","29","Bulgaria","Minyor Pernik","efbet Liga","Bulgaria",0,FALSE,NA,"Summer",2,0,0,0
"FCSB","SuperLiga","Romania","2010","Departures","Petre Marin","https://www.transfermarkt.com/petre-marin/profil/spieler/26498","Left-Back","36","Romania","Unirea Urziceni","SuperLiga","Romania",0,FALSE,NA,"Summer",NA,NA,NA,NA
"FCSB","SuperLiga","Romania","2010","Departures","Cosmin Vâtcă","https://www.transfermarkt.com/cosmin-vatca/profil/spieler/47477","Goalkeeper","28","Romania","Gaz Metan","SuperLiga","Romania",0,FALSE,NA,"Summer",NA,NA,NA,NA
"FCSB","SuperLiga","Romania","2010","Departures","Alexandru Păcurar","https://www.transfermarkt.com/alexandru-pacurar/profil/spieler/26043","Attacking Midfield","28","Romania","U Cluj","SuperLiga","Romania",NA,FALSE,"?","Summer",8,6,1,325
"FCSB","SuperLiga","Romania","2010","Departures","Mihai Onicas","https://www.transfermarkt.com/mihai-onicas/profil/spieler/115242","Defensive Midfield","20","Romania","ASA Tg. Mures","SuperLiga","Romania",NA,TRUE,"loan transfer","Summer",NA,NA,NA,NA
"FCSB","SuperLiga","Romania","2010","Departures","Alexandru Iacob","https://www.transfermarkt.com/alexandru-iacob/profil/spieler/53201","Centre-Back","21","Romania","Vic. Branesti","SuperLiga","Romania",NA,TRUE,"loan transfer","Summer",NA,NA,NA,NA
"FCSB","SuperLiga","Romania","2010","Departures","Lucian Filip","https://www.transfermarkt.com/lucian-filip/profil/spieler/60880","Defensive Midfield","19","Romania","Unirea Urziceni","SuperLiga","Romania",NA,TRUE,"loan transfer","Summer",NA,NA,NA,NA
"FCSB","SuperLiga","Romania","2010","Departures","Florentin Matei","https://www.transfermarkt.com/florentin-matei/profil/spieler/147998","Attacking Midfield","17","Romania","Unirea Urziceni","SuperLiga","Romania",NA,TRUE,"loan transfer","Summer",NA,NA,NA,NA
"FCSB","SuperLiga","Romania","2010","Departures","Cristian Pazon","https://www.transfermarkt.com/cristian-pazon/profil/spieler/287439","Left-Back","18","Romania","Unirea Urziceni","SuperLiga","Romania",NA,TRUE,"loan transfer","Summer",NA,NA,NA,NA
"FCSB","SuperLiga","Romania","2010","Departures","Ricardo Gomes","https://www.transfermarkt.com/ricardo-gomes/profil/spieler/48845","Defensive Midfield","29","Brazil","Without Club",NA,NA,NA,FALSE,"-","Summer",25,23,0,1691
"FCSB","SuperLiga","Romania","2010","Departures","Andrei Ionescu","https://www.transfermarkt.com/andrei-ionescu/profil/spieler/48780","Central Midfield","22","Romania","FCSB II","Liga 2","Romania",NA,FALSE,"-","Summer",3,0,0,0
"FCSB","SuperLiga","Romania","2010","Departures","Rafal Grzelak","https://www.transfermarkt.com/rafal-grzelak/profil/spieler/1409","Attacking Midfield","28","Poland","AO Xanthi","Super League 1","Greece",NA,TRUE,"End of loan Jun 30, 2010","Summer",NA,NA,NA,NA
"FCSB","SuperLiga","Romania","2010","Departures","Răzvan Stanca","https://www.transfermarkt.com/razvan-stanca/profil/spieler/46656","Goalkeeper","30","Romania","Pandurii ","SuperLiga","Romania",NA,TRUE,"End of loan Aug 5, 2010","Summer",21,2,0,180
"FCSB","SuperLiga","Romania","2010","Departures","José Moreno","https://www.transfermarkt.com/jose-moreno/profil/spieler/40942","Centre-Forward","28","Colombia","Independiente","Torneo Clausura","Argentina",NA,TRUE,"End of loan Jun 30, 2010","Summer",NA,NA,NA,NA
"FCSB","SuperLiga","Romania","2010","Departures","Gora Tall","https://www.transfermarkt.com/gora-tall/profil/spieler/73571","Centre-Back","25","Senegal","APOP Kinyras","Cyprus League","Cyprus",NA,TRUE,"End of loan Jun 30, 2010","Summer",NA,NA,NA,NA
"FCSB","SuperLiga","Romania","2010","Departures","Stelios Parpas","https://www.transfermarkt.com/stelios-parpas/profil/spieler/137421","Centre-Back","24","Cyprus","AEL Limassol","Cyprus League","Cyprus",NA,TRUE,"End of loan Jun 30, 2010","Summer",NA,NA,NA,NA
"FCSB","SuperLiga","Romania","2010","Arrivals","Maicon Oliveira","https://www.transfermarkt.com/maicon-oliveira/profil/spieler/127349","Centre-Forward","22","Brazil","Volyn Lutsk","Premier Liga","Ukraine",2e+05,TRUE,NA,"Winter",14,8,3,352
"FCSB","SuperLiga","Romania","2010","Arrivals","Valentin Iliev","https://www.transfermarkt.com/valentin-iliev/profil/spieler/35259","Centre-Back","30","Bulgaria","FC U Craiova","SuperLiga","Romania",0,FALSE,NA,"Winter",8,5,0,270
"FCSB","SuperLiga","Romania","2010","Arrivals","Lucian Burdujan","https://www.transfermarkt.com/lucian-burdujan/profil/spieler/35435","Centre-Forward","27","Romania","FC Vaslui","SuperLiga","Romania",0,FALSE,NA,"Winter",8,5,1,135
"FCSB","SuperLiga","Romania","2010","Arrivals","Răzvan Stanca","https://www.transfermarkt.com/razvan-stanca/profil/spieler/46656","Goalkeeper","30","Romania","Pandurii ","SuperLiga","Romania",NA,FALSE,"?","Winter",21,2,0,180
"FCSB","SuperLiga","Romania","2010","Arrivals","Nicolae Dică","https://www.transfermarkt.com/nicolae-dica/profil/spieler/15004","Second Striker","30","Romania","Catania","Serie A","Italy",NA,TRUE,"loan transfer","Winter",15,13,6,817
"FCSB","SuperLiga","Romania","2010","Arrivals","Mihai Onicas","https://www.transfermarkt.com/mihai-onicas/profil/spieler/115242","Defensive Midfield","20","Romania","ASA Tg. Mures","SuperLiga","Romania",NA,TRUE,"End of loan Dec 31, 2010","Winter",NA,NA,NA,NA
"FCSB","SuperLiga","Romania","2010","Arrivals","Lucian Filip","https://www.transfermarkt.com/lucian-filip/profil/spieler/60880","Defensive Midfield","20","Romania","Unirea Urziceni","SuperLiga","Romania",NA,TRUE,"End of loan Dec 31, 2010","Winter",NA,NA,NA,NA
"FCSB","SuperLiga","Romania","2010","Arrivals","Florentin Matei","https://www.transfermarkt.com/florentin-matei/profil/spieler/147998","Attacking Midfield","17","Romania","Unirea Urziceni","SuperLiga","Romania",NA,TRUE,"End of loan Dec 31, 2010","Winter",NA,NA,NA,NA
"FCSB","SuperLiga","Romania","2010","Arrivals","Daniel Bălan","https://www.transfermarkt.com/daniel-balan/profil/spieler/26488","Right-Back","31","Romania","SKA Khabarovsk","1.Division","Russia",NA,TRUE,"End of loan Dec 31, 2010","Winter",NA,NA,NA,NA
"FCSB","SuperLiga","Romania","2010","Departures","Bogdan Stancu","https://www.transfermarkt.com/bogdan-stancu/profil/spieler/46658","Centre-Forward","23","Romania","Galatasaray","Süper Lig","Türkiye",5e+06,FALSE,NA,"Winter",27,27,16,2360
"FCSB","SuperLiga","Romania","2010","Departures","Octavian Abrudan","https://www.transfermarkt.com/octavian-abrudan/profil/spieler/46485","Centre-Back","26","Romania","U Cluj","SuperLiga","Romania",125000,FALSE,NA,"Winter",21,10,0,874
"FCSB","SuperLiga","Romania","2010","Departures","Pantelis Kapetanos","https://www.transfermarkt.com/pantelis-kapetanos/profil/spieler/15432","Centre-Forward","27","Greece","CFR Cluj","SuperLiga","Romania",0,FALSE,NA,"Winter",17,17,2,866
"FCSB","SuperLiga","Romania","2010","Departures","Iulian Apostol","https://www.transfermarkt.com/iulian-apostol/profil/spieler/46489","Central Midfield","30","Romania","Unirea Urziceni","SuperLiga","Romania",0,FALSE,NA,"Winter",10,9,0,653
"FCSB","SuperLiga","Romania","2010","Departures","Stanislav Angelov","https://www.transfermarkt.com/stanislav-angelov/profil/spieler/15245","Defensive Midfield","32","Bulgaria","Anorthosis","Cyprus League","Cyprus",0,FALSE,NA,"Winter",16,13,0,671
"FCSB","SuperLiga","Romania","2010","Departures","Róbinson Zapata","https://www.transfermarkt.com/robinson-zapata/profil/spieler/54320","Goalkeeper","32","Colombia","Galatasaray","Süper Lig","Türkiye",0,FALSE,NA,"Winter",NA,NA,NA,NA
"FCSB","SuperLiga","Romania","2010","Departures","Daniel Bălan","https://www.transfermarkt.com/daniel-balan/profil/spieler/26488","Right-Back","31","Romania","SKA Khabarovsk","1.Division","Russia",NA,FALSE,"?","Winter",NA,NA,NA,NA
"FCSB","SuperLiga","Romania","2010","Departures","Mihai Onicas","https://www.transfermarkt.com/mihai-onicas/profil/spieler/115242","Defensive Midfield","21","Romania","Unirea Urziceni","SuperLiga","Romania",NA,TRUE,"loan transfer","Winter",NA,NA,NA,NA
"FCSB","SuperLiga","Romania","2010","Departures","Florentin Matei","https://www.transfermarkt.com/florentin-matei/profil/spieler/147998","Attacking Midfield","17","Romania","Without Club",NA,NA,NA,FALSE,"-","Winter",NA,NA,NA,NA
"CFR Cluj","SuperLiga","Romania","2010","Arrivals","Sasa Bjelanovic","https://www.transfermarkt.com/sasa-bjelanovic/profil/spieler/22187","Centre-Forward","31","Croatia","LR Vicenza","Serie B","Italy",9e+05,FALSE,NA,"Summer",20,19,4,939
"CFR Cluj","SuperLiga","Romania","2010","Arrivals","Ioan Hora","https://www.transfermarkt.com/ioan-hora/profil/spieler/54528","Centre-Forward","21","Romania","Gloria Bistrita","SuperLiga","Romania",7e+05,FALSE,NA,"Summer",38,30,2,1550
"CFR Cluj","SuperLiga","Romania","2010","Arrivals","Felice Piccolo","https://www.transfermarkt.com/felice-piccolo/profil/spieler/28029","Centre-Back","26","Italy","FC Empoli","Serie B","Italy",6e+05,FALSE,NA,"Summer",31,19,0,1665
"CFR Cluj","SuperLiga","Romania","2010","Arrivals","Ferdinando Sforzini","https://www.transfermarkt.com/ferdinando-sforzini/profil/spieler/33349","Centre-Forward","25","Italy","Udinese","Serie A","Italy",2e+05,TRUE,NA,"Summer",10,7,1,188
"CFR Cluj","SuperLiga","Romania","2010","Arrivals","Nuno Diogo","https://www.transfermarkt.com/nuno-diogo/profil/spieler/22551","Centre-Back","29","Portugal","FC Brasov","SuperLiga","Romania",0,FALSE,NA,"Summer",21,14,0,1231
"CFR Cluj","SuperLiga","Romania","2010","Arrivals","Dominique Kivuvu","https://www.transfermarkt.com/dominique-kivuvu/profil/spieler/41300","Defensive Midfield","22","Angola","NEC Nijmegen","Eredivisie","Netherlands",0,FALSE,NA,"Summer",32,28,2,1728
"CFR Cluj","SuperLiga","Romania","2010","Arrivals","Ionut Rada","https://www.transfermarkt.com/ionut-rada/profil/spieler/34506","Centre-Back","27","Romania","Al-Nasr","UAE Pro League","United Arab Emirates",0,FALSE,NA,"Summer",35,29,4,2503
"CFR Cluj","SuperLiga","Romania","2010","Arrivals","Rafael Bastos","https://www.transfermarkt.com/rafael-bastos/profil/spieler/30946","Attacking Midfield","25","Brazil","SC Braga","Liga Portugal","Portugal",0,FALSE,NA,"Summer",31,30,4,1832
"CFR Cluj","SuperLiga","Romania","2010","Arrivals","Roberto De Zerbi","https://www.transfermarkt.com/roberto-de-zerbi/profil/spieler/23194","Attacking Midfield","31","Italy","Napoli","Serie A","Italy",0,FALSE,NA,"Summer",15,14,5,892
"CFR Cluj","SuperLiga","Romania","2010","Arrivals","Edimar","https://www.transfermarkt.com/edimar/profil/spieler/74314","Left-Back","24","Brazil","Cruzeiro","Série A","Brazil",NA,FALSE,"?","Summer",22,19,0,1408
"CFR Cluj","SuperLiga","Romania","2010","Arrivals","Tomás Costa","https://www.transfermarkt.com/tomas-costa/profil/spieler/55164","Defensive Midfield","25","Argentina","FC Porto","Liga Portugal","Portugal",NA,TRUE,"loan transfer","Summer",14,11,0,923
"CFR Cluj","SuperLiga","Romania","2010","Arrivals","Anselmo Ramon","https://www.transfermarkt.com/anselmo-ramon/profil/spieler/118007","Centre-Forward","22","Brazil","Cruzeiro","Série A","Brazil",NA,TRUE,"loan transfer","Summer",3,3,0,136
"CFR Cluj","SuperLiga","Romania","2010","Arrivals","Sergiu Negruț","https://www.transfermarkt.com/sergiu-negrut/profil/spieler/161022","Attacking Midfield","17","Romania","CFR Cluj U19",NA,"Romania",NA,FALSE,"-","Summer",4,1,0,10
"CFR Cluj","SuperLiga","Romania","2010","Arrivals","Cristian Fabbiani","https://www.transfermarkt.com/cristian-fabbiani/profil/spieler/30612","Centre-Forward","26","Argentina","River Plate","Torneo Clausura","Argentina",NA,TRUE,"End of loan Jun 30, 2010","Summer",NA,NA,NA,NA
"CFR Cluj","SuperLiga","Romania","2010","Arrivals","Didi","https://www.transfermarkt.com/didi/profil/spieler/24733","Second Striker","27","Brazil","Leixões","Liga Portugal","Portugal",NA,TRUE,"End of loan Jun 30, 2010","Summer",NA,NA,NA,NA
"CFR Cluj","SuperLiga","Romania","2010","Arrivals","Cristian Sánchez Prette","https://www.transfermarkt.com/cristian-sanchez-prette/profil/spieler/56585","Attacking Midfield","25","Argentina","Newell's","Torneo Clausura","Argentina",NA,TRUE,"End of loan Jun 30, 2010","Summer",NA,NA,NA,NA
"CFR Cluj","SuperLiga","Romania","2010","Arrivals","André Galiassi","https://www.transfermarkt.com/andre-galiassi/profil/spieler/48654","Centre-Back","29","Brazil","Alba Iulia","SuperLiga","Romania",NA,TRUE,"End of loan Jun 30, 2010","Summer",NA,NA,NA,NA
"CFR Cluj","SuperLiga","Romania","2010","Arrivals","Emmanuel Koné","https://www.transfermarkt.com/emmanuel-kone/profil/spieler/39190","Central Midfield","23","Cote d'Ivoire","Curtea de Arges","SuperLiga","Romania",NA,TRUE,"End of loan Jun 30, 2010","Summer",32,27,5,1777
"CFR Cluj","SuperLiga","Romania","2010","Arrivals","Vlad Bujor","https://www.transfermarkt.com/vlad-bujor/profil/spieler/123230","Second Striker","21","Romania","Poli Iasi","SuperLiga","Romania",NA,TRUE,"End of loan Jun 30, 2010","Summer",NA,NA,NA,NA
"CFR Cluj","SuperLiga","Romania","2010","Arrivals","Ousmane Viera","https://www.transfermarkt.com/ousmane-viera/profil/spieler/69014","Centre-Back","23","Cote d'Ivoire","Curtea de Arges","SuperLiga","Romania",NA,TRUE,"End of loan Jun 30, 2010","Summer",NA,NA,NA,NA
"CFR Cluj","SuperLiga","Romania","2010","Arrivals","Rade Veljovic","https://www.transfermarkt.com/rade-veljovic/profil/spieler/47000","Centre-Forward","23","Serbia","Alba Iulia","SuperLiga","Romania",NA,TRUE,"End of loan Jun 30, 2010","Summer",NA,NA,NA,NA
"CFR Cluj","SuperLiga","Romania","2010","Arrivals","Paul Batin","https://www.transfermarkt.com/paul-batin/profil/spieler/121151","Centre-Forward","23","Romania","Gaz Metan","SuperLiga","Romania",NA,TRUE,"End of loan Aug 1, 2010","Summer",21,16,3,470
"CFR Cluj","SuperLiga","Romania","2010","Arrivals","Vitinha","https://www.transfermarkt.com/vitinha/profil/spieler/48662","Left-Back","24","Portugal","Alba Iulia","SuperLiga","Romania",NA,TRUE,"End of loan Jun 30, 2010","Summer",NA,NA,NA,NA
"CFR Cluj","SuperLiga","Romania","2010","Arrivals","Diego Ruiz","https://www.transfermarkt.com/diego-ruiz/profil/spieler/64435","Centre-Forward","29","Argentina","Kasimpasa","Süper Lig","Türkiye",NA,TRUE,"End of loan Jun 30, 2010","Summer",NA,NA,NA,NA
"CFR Cluj","SuperLiga","Romania","2010","Arrivals","Pat Kanyuka","https://www.transfermarkt.com/pat-kanyuka/profil/spieler/29374","Centre-Back","22","England","Alba Iulia","SuperLiga","Romania",NA,TRUE,"End of loan Jun 30, 2010","Summer",NA,NA,NA,NA
"CFR Cluj","SuperLiga","Romania","2010","Arrivals","Vasile Curileac","https://www.transfermarkt.com/vasile-curileac/profil/spieler/43296","Goalkeeper","26","Romania","Ariesul Turda","Liga II - Seria II","Romania",NA,TRUE,"End of loan Jun 30, 2010","Summer",NA,NA,NA,NA
"CFR Cluj","SuperLiga","Romania","2010","Arrivals","Paul Batin","https://www.transfermarkt.com/paul-batin/profil/spieler/121151","Centre-Forward","23","Romania","UTA Arad","Liga II - Seria II","Romania",NA,TRUE,"End of loan Jun 30, 2010","Summer",21,16,3,470
"CFR Cluj","SuperLiga","Romania","2010","Departures","Ciprian Deac","https://www.transfermarkt.com/ciprian-deac/profil/spieler/43300","Right Winger","24","Romania","FC Schalke 04","Bundesliga","Germany",3e+06,FALSE,NA,"Summer",6,5,1,421
"CFR Cluj","SuperLiga","Romania","2010","Departures","Dani","https://www.transfermarkt.com/dani/profil/spieler/34706","Defensive Midfield","28","Portugal","Iraklis","Super League 1","Greece",0,FALSE,NA,"Summer",5,5,0,271
"CFR Cluj","SuperLiga","Romania","2010","Departures","Didi","https://www.transfermarkt.com/didi/profil/spieler/24733","Second Striker","27","Brazil","ASA Tg. Mures","SuperLiga","Romania",0,FALSE,NA,"Summer",NA,NA,NA,NA
"CFR Cluj","SuperLiga","Romania","2010","Departures","Vlad Bujor","https://www.transfermarkt.com/vlad-bujor/profil/spieler/123230","Second Striker","21","Romania","Mersin TY","1.Lig","Türkiye",0,FALSE,NA,"Summer",NA,NA,NA,NA
"CFR Cluj","SuperLiga","Romania","2010","Departures","Ousmane Viera","https://www.transfermarkt.com/ousmane-viera/profil/spieler/69014","Centre-Back","23","Cote d'Ivoire","Pandurii ","SuperLiga","Romania",0,FALSE,NA,"Summer",NA,NA,NA,NA
"CFR Cluj","SuperLiga","Romania","2010","Departures","Diego Ruiz","https://www.transfermarkt.com/diego-ruiz/profil/spieler/64435","Centre-Forward","29","Argentina","Khazar Lankaran","Premyer Liqa","Azerbaijan",0,FALSE,NA,"Summer",NA,NA,NA,NA
"CFR Cluj","SuperLiga","Romania","2010","Departures","Vasile Curileac","https://www.transfermarkt.com/vasile-curileac/profil/spieler/43296","Goalkeeper","26","Romania","Sticla A. Turda",NA,"Romania",0,FALSE,NA,"Summer",NA,NA,NA,NA
"CFR Cluj","SuperLiga","Romania","2010","Departures","Cristian Fabbiani","https://www.transfermarkt.com/cristian-fabbiani/profil/spieler/30612","Centre-Forward","26","Argentina","All Boys","Torneo Clausura","Argentina",NA,FALSE,"?","Summer",NA,NA,NA,NA
"CFR Cluj","SuperLiga","Romania","2010","Departures","Gheorghe Goșa","https://www.transfermarkt.com/gheorghe-gosa/profil/spieler/172785","Centre-Back","29","Romania","Sageata Navodar","Liga 2","Romania",NA,FALSE,"?","Summer",NA,NA,NA,NA
"CFR Cluj","SuperLiga","Romania","2010","Departures","Andrei Boroștean","https://www.transfermarkt.com/andrei-borostean/profil/spieler/131246","Left Midfield","23","Romania","Sageata Navodar","Liga 2","Romania",NA,FALSE,"?","Summer",NA,NA,NA,NA
"CFR Cluj","SuperLiga","Romania","2010","Departures","Cristian Sánchez Prette","https://www.transfermarkt.com/cristian-sanchez-prette/profil/spieler/56585","Attacking Midfield","25","Argentina","Barcelona SC",NA,"Ecuador",NA,TRUE,"loan transfer","Summer",NA,NA,NA,NA
"CFR Cluj","SuperLiga","Romania","2010","Departures","Rade Veljovic","https://www.transfermarkt.com/rade-veljovic/profil/spieler/47000","Centre-Forward","23","Serbia","ASA Tg. Mures","SuperLiga","Romania",NA,TRUE,"loan transfer","Summer",NA,NA,NA,NA
"CFR Cluj","SuperLiga","Romania","2010","Departures","Sergiu Buș","https://www.transfermarkt.com/sergiu-bus/profil/spieler/123671","Centre-Forward","17","Romania","Alba Iulia","Liga II - Seria II","Romania",NA,TRUE,"loan transfer","Summer",13,12,1,686
"CFR Cluj","SuperLiga","Romania","2010","Departures","Paul Batin","https://www.transfermarkt.com/paul-batin/profil/spieler/121151","Centre-Forward","23","Romania","Gaz Metan","SuperLiga","Romania",NA,TRUE,"loan transfer","Summer",21,16,3,470
"CFR Cluj","SuperLiga","Romania","2010","Departures","André Galiassi","https://www.transfermarkt.com/andre-galiassi/profil/spieler/48654","Centre-Back","29","Brazil",NA,NA,NA,NA,FALSE,"-","Summer",NA,NA,NA,NA
"CFR Cluj","SuperLiga","Romania","2010","Departures","Vitinha","https://www.transfermarkt.com/vitinha/profil/spieler/48662","Left-Back","24","Portugal","Without Club",NA,NA,NA,FALSE,"-","Summer",NA,NA,NA,NA
"CFR Cluj","SuperLiga","Romania","2010","Departures","Pat Kanyuka","https://www.transfermarkt.com/pat-kanyuka/profil/spieler/29374","Centre-Back","22","England","Without Club",NA,NA,NA,FALSE,"-","Summer",NA,NA,NA,NA
"CFR Cluj","SuperLiga","Romania","2010","Departures","Nicolae Dică","https://www.transfermarkt.com/nicolae-dica/profil/spieler/15004","Second Striker","30","Romania","Catania","Serie A","Italy",NA,TRUE,"End of loan Jun 30, 2010","Summer",NA,NA,NA,NA
"CFR Cluj","SuperLiga","Romania","2010","Departures","Nei","https://www.transfermarkt.com/neitm/profil/spieler/24879","Centre-Forward","30","Brazil","Al-Shabab","UAE Pro League","United Arab Emirates",NA,TRUE,"End of loan Jun 30, 2010","Summer",NA,NA,NA,NA
"CFR Cluj","SuperLiga","Romania","2010","Departures","Edimar","https://www.transfermarkt.com/edimar/profil/spieler/74314","Left-Back","24","Brazil","Cruzeiro","Série A","Brazil",NA,TRUE,"End of loan Jun 30, 2010","Summer",22,19,0,1408
"CFR Cluj","SuperLiga","Romania","2010","Departures","Roberto De Zerbi","https://www.transfermarkt.com/roberto-de-zerbi/profil/spieler/23194","Attacking Midfield","31","Italy","Napoli","Serie A","Italy",NA,TRUE,"End of loan Jun 30, 2010","Summer",15,14,5,892
"CFR Cluj","SuperLiga","Romania","2010","Departures","Davide Bottone","https://www.transfermarkt.com/davide-bottone/profil/spieler/54999","Central Midfield","24","Italy","Torino","Serie B","Italy",NA,TRUE,"End of loan Jun 30, 2010","Summer",NA,NA,NA,NA
"CFR Cluj","SuperLiga","Romania","2010","Departures","Nelson Cabrera","https://www.transfermarkt.com/nelson-cabrera/profil/spieler/64695","Centre-Back","27","Bolivia","Colo-Colo","Torneo Apertura","Chile",NA,TRUE,"End of loan Jun 30, 2010","Summer",NA,NA,NA,NA
"CFR Cluj","SuperLiga","Romania","2010","Departures","Felice Piccolo","https://www.transfermarkt.com/felice-piccolo/profil/spieler/28029","Centre-Back","26","Italy","FC Empoli","Serie B","Italy",NA,TRUE,"End of loan Jun 30, 2010","Summer",31,19,0,1665
"CFR Cluj","SuperLiga","Romania","2010","Arrivals","Vasile Maftei","https://www.transfermarkt.com/vasile-maftei/profil/spieler/34505","Centre-Back","30","Romania","Unirea Urziceni","SuperLiga","Romania",5e+05,FALSE,NA,"Winter",3,3,0,268
"CFR Cluj","SuperLiga","Romania","2010","Arrivals","Viorel Nicoara","https://www.transfermarkt.com/viorel-nicoara/profil/spieler/157022","Left Midfield","23","Romania","Vic. Branesti","SuperLiga","Romania",350000,FALSE,NA,"Winter",14,14,1,1065
"CFR Cluj","SuperLiga","Romania","2010","Arrivals","Bakary Bouba Saré","https://www.transfermarkt.com/bakary-bouba-sare/profil/spieler/45465","Central Midfield","20","Burkina Faso","RSC Anderlecht","Jupiler Pro League","Belgium",2e+05,FALSE,NA,"Winter",13,10,0,601
"CFR Cluj","SuperLiga","Romania","2010","Arrivals","Mihai Mincă","https://www.transfermarkt.com/mihai-minca/profil/spieler/35431","Goalkeeper","26","Romania","FC Brasov","SuperLiga","Romania",80000,FALSE,NA,"Winter",16,8,0,675
"CFR Cluj","SuperLiga","Romania","2010","Arrivals","Pantelis Kapetanos","https://www.transfermarkt.com/pantelis-kapetanos/profil/spieler/15432","Centre-Forward","27","Greece","FCSB","SuperLiga","Romania",0,FALSE,NA,"Winter",2,2,0,90
"CFR Cluj","SuperLiga","Romania","2010","Arrivals","Cornel Ene","https://www.transfermarkt.com/cornel-ene/profil/spieler/224170","Centre-Back","17","Romania","Olimpia SM",NA,"Romania",0,FALSE,NA,"Winter",NA,NA,NA,NA
"CFR Cluj","SuperLiga","Romania","2010","Arrivals","Remo Amadio","https://www.transfermarkt.com/remo-amadio/profil/spieler/42836","Goalkeeper","23","Italy","Without Club",NA,NA,NA,FALSE,"-","Winter",0,0,0,0
"CFR Cluj","SuperLiga","Romania","2010","Arrivals","Cristian Sánchez Prette","https://www.transfermarkt.com/cristian-sanchez-prette/profil/spieler/56585","Attacking Midfield","25","Argentina","Barcelona SC",NA,"Ecuador",NA,TRUE,"End of loan Dec 1, 2010","Winter",NA,NA,NA,NA
"CFR Cluj","SuperLiga","Romania","2010","Arrivals","Rade Veljovic","https://www.transfermarkt.com/rade-veljovic/profil/spieler/47000","Centre-Forward","24","Serbia","ASA Tg. Mures","SuperLiga","Romania",NA,TRUE,"End of loan Dec 1, 2010","Winter",NA,NA,NA,NA
"CFR Cluj","SuperLiga","Romania","2010","Arrivals","Sergiu Buș","https://www.transfermarkt.com/sergiu-bus/profil/spieler/123671","Centre-Forward","18","Romania","Alba Iulia","Liga II - Seria II","Romania",NA,TRUE,"End of loan Feb 1, 2011","Winter",13,12,1,686
"CFR Cluj","SuperLiga","Romania","2010","Departures","Lacina Traoré","https://www.transfermarkt.com/lacina-traore/profil/spieler/69006","Centre-Forward","20","Cote d'Ivoire","Kuban Krasnodar","Premier Liga","Russia",6e+06,FALSE,NA,"Winter",22,21,9,1507
"CFR Cluj","SuperLiga","Romania","2010","Departures","Emmanuel Culio","https://www.transfermarkt.com/emmanuel-culio/profil/spieler/30846","Central Midfield","27","Argentina","Galatasaray","Süper Lig","Türkiye",2e+06,FALSE,NA,"Winter",26,26,3,2264
"CFR Cluj","SuperLiga","Romania","2010","Departures","Sasa Bjelanovic","https://www.transfermarkt.com/sasa-bjelanovic/profil/spieler/22187","Centre-Forward","31","Croatia","Atalanta BC","Serie B","Italy",7e+05,FALSE,NA,"Winter",20,19,4,939
"CFR Cluj","SuperLiga","Romania","2010","Departures","Yssouf Koné","https://www.transfermarkt.com/yssouf-kone/profil/spieler/37765","Centre-Forward","28","Burkina Faso","Vålerenga","Eliteserien","Norway",0,FALSE,NA,"Winter",2,2,0,126
"CFR Cluj","SuperLiga","Romania","2010","Departures","Hugo Alcântara","https://www.transfermarkt.com/hugo-alcantara/profil/spieler/17362","Centre-Back","31","Brazil","Monte. Yamagata","J1 League","Japan",0,FALSE,NA,"Winter",21,14,1,1015
"CFR Cluj","SuperLiga","Romania","2010","Departures","Tony","https://www.transfermarkt.com/tony/profil/spieler/18878","Right-Back","30","Portugal","Vit. Guimarães","Liga Portugal","Portugal",0,FALSE,NA,"Winter",27,14,0,1147
"CFR Cluj","SuperLiga","Romania","2010","Departures","Boris Peskovic","https://www.transfermarkt.com/boris-peskovic/profil/spieler/27269","Goalkeeper","34","Slovakia","Tatran Presov","Niké Liga","Slovakia",0,FALSE,NA,"Winter",6,0,0,0
"CFR Cluj","SuperLiga","Romania","2010","Departures","Cristian Sánchez Prette","https://www.transfermarkt.com/cristian-sanchez-prette/profil/spieler/56585","Attacking Midfield","25","Argentina","Argentinos Jrs.","Torneo Clausura","Argentina",NA,TRUE,"loan transfer","Winter",NA,NA,NA,NA
"CFR Cluj","SuperLiga","Romania","2010","Departures","Rade Veljovic","https://www.transfermarkt.com/rade-veljovic/profil/spieler/47000","Centre-Forward","24","Serbia","B. Banja Luka","Premijer Liga BiH","Bosnia-Herzegovina",NA,TRUE,"loan transfer","Winter",NA,NA,NA,NA
"CFR Cluj","SuperLiga","Romania","2010","Departures","Tomás Costa","https://www.transfermarkt.com/tomas-costa/profil/spieler/55164","Defensive Midfield","25","Argentina","FC Porto","Liga Portugal","Portugal",NA,TRUE,"End of loan Dec 1, 2010","Winter",14,11,0,923
"CFR Cluj","SuperLiga","Romania","2010","Departures","Ferdinando Sforzini","https://www.transfermarkt.com/ferdinando-sforzini/profil/spieler/33349","Centre-Forward","25","Italy","Udinese","Serie A","Italy",NA,TRUE,"End of loan Dec 1, 2010","Winter",10,7,1,188
"CFR Cluj","SuperLiga","Romania","2010","Departures","Anselmo Ramon","https://www.transfermarkt.com/anselmo-ramon/profil/spieler/118007","Centre-Forward","22","Brazil","Cruzeiro","Série A","Brazil",NA,TRUE,"End of loan Dec 1, 2010","Winter",3,3,0,136
"FC Dinamo 1948","SuperLiga","Romania","2010","Arrivals","Hélder","https://www.transfermarkt.com/helder/profil/spieler/75096","Right-Back","22","Brazil","AS Nancy","Ligue 1","France",2e+05,TRUE,NA,"Summer",5,2,0,100
"FC Dinamo 1948","SuperLiga","Romania","2010","Arrivals","Kristijan Naumovski","https://www.transfermarkt.com/kristijan-naumovski/profil/spieler/87296","Goalkeeper","21","North Macedonia","Rabotnicki","Prva liga","North Macedonia",1e+05,FALSE,NA,"Summer",30,7,0,545
"FC Dinamo 1948","SuperLiga","Romania","2010","Arrivals","Elías Bazzi","https://www.transfermarkt.com/elias-bazzi/profil/spieler/46502","Left-Back","29","Argentina","FC Arges","Liga II - Seria II","Romania",50000,FALSE,NA,"Summer",12,5,0,344
"FC Dinamo 1948","SuperLiga","Romania","2010","Arrivals","Cristian Bălgrădean","https://www.transfermarkt.com/cristian-balgradean/profil/spieler/158839","Goalkeeper","22","Romania","UTA Arad","Liga II - Seria II","Romania",50000,FALSE,NA,"Summer",16,13,0,1155
"FC Dinamo 1948","SuperLiga","Romania","2010","Arrivals","Dan Bucsa","https://www.transfermarkt.com/dan-bucsa/profil/spieler/213583","Defensive Midfield","22","Romania","U Cluj","SuperLiga","Romania",50000,FALSE,NA,"Summer",NA,NA,NA,NA
"FC Dinamo 1948","SuperLiga","Romania","2010","Arrivals","George Țucudean","https://www.transfermarkt.com/george-tucudean/profil/spieler/130345","Centre-Forward","19","Romania","UTA Arad","Liga II - Seria II","Romania",50000,FALSE,NA,"Summer",16,13,4,545
"FC Dinamo 1948","SuperLiga","Romania","2010","Arrivals","Óscar Rubio","https://www.transfermarkt.com/oscar-rubio/profil/spieler/57999","Right-Back","26","Spain","Elche CF","LaLiga2","Spain",0,FALSE,NA,"Summer",26,21,1,1675
"FC Dinamo 1948","SuperLiga","Romania","2010","Arrivals","Cătălin Munteanu","https://www.transfermarkt.com/catalin-munteanu/profil/spieler/16615","Attacking Midfield","31","Romania","FC Brasov","SuperLiga","Romania",0,FALSE,NA,"Summer",41,38,7,2506
"FC Dinamo 1948","SuperLiga","Romania","2010","Arrivals","Ionel Dănciulescu","https://www.transfermarkt.com/ionel-danciulescu/profil/spieler/19405","Centre-Forward","33","Romania","Hércules CF","LaLiga","Spain",0,FALSE,NA,"Summer",37,34,10,1813
"FC Dinamo 1948","SuperLiga","Romania","2010","Arrivals","Ajdin Maksumic","https://www.transfermarkt.com/ajdin-maksumic/profil/spieler/28437","Defensive Midfield","24","Bosnia-Herzegovina","FK Sarajevo","Premijer Liga BiH","Bosnia-Herzegovina",0,FALSE,NA,"Summer",NA,NA,NA,NA
"FC Dinamo 1948","SuperLiga","Romania","2010","Arrivals","Juan Pablo Garat","https://www.transfermarkt.com/juan-pablo-garat/profil/spieler/32446","Centre-Back","27","Argentina","Tigre","Torneo Clausura","Argentina",0,FALSE,NA,"Summer",17,13,2,824
"FC Dinamo 1948","SuperLiga","Romania","2010","Arrivals","Valeriu Bordeanu","https://www.transfermarkt.com/valeriu-bordeanu/profil/spieler/25848","Left-Back","33","Romania","Unirea Urziceni","SuperLiga","Romania",NA,FALSE,"?","Summer",29,22,0,1708
"FC Dinamo 1948","SuperLiga","Romania","2010","Arrivals","George Curca","https://www.transfermarkt.com/george-curca/profil/spieler/46529","Goalkeeper","29","Romania","Farul Constanta","Liga 2","Romania",NA,FALSE,"?","Summer",13,8,0,720
"FC Dinamo 1948","SuperLiga","Romania","2010","Arrivals","Bogdan Lobonț","https://www.transfermarkt.com/bogdan-lobont/profil/spieler/4310","Goalkeeper","32","Romania","AS Roma","Serie A","Italy",NA,TRUE,"End of loan Jun 30, 2010","Summer",NA,NA,NA,NA
"FC Dinamo 1948","SuperLiga","Romania","2010","Arrivals","Liviu Ganea","https://www.transfermarkt.com/liviu-ganea/profil/spieler/45267","Centre-Forward","22","Romania","Astra Giurgiu","SuperLiga","Romania",NA,TRUE,"End of loan Jun 30, 2010","Summer",41,40,9,2415
"FC Dinamo 1948","SuperLiga","Romania","2010","Arrivals","Sergiu Homei","https://www.transfermarkt.com/sergiu-homei/profil/spieler/48140","Right-Back","22","Romania","Gloria Bistrita","SuperLiga","Romania",NA,TRUE,"End of loan Jun 30, 2010","Summer",8,6,0,512
"FC Dinamo 1948","SuperLiga","Romania","2010","Arrivals","Georgian Păun","https://www.transfermarkt.com/georgian-paun/profil/spieler/74552","Left Winger","24","Romania","Poli Iasi","SuperLiga","Romania",NA,TRUE,"End of loan Jun 30, 2010","Summer",14,8,0,331
"FC Dinamo 1948","SuperLiga","Romania","2010","Arrivals","Osvaldo Miranda","https://www.transfermarkt.com/osvaldo-miranda/profil/spieler/30856","Centre-Forward","26","Argentina","Belgrano","Primera Nacional","Argentina",NA,TRUE,"End of loan Jun 30, 2010","Summer",NA,NA,NA,NA
"FC Dinamo 1948","SuperLiga","Romania","2010","Arrivals","Blagoja Todorovski","https://www.transfermarkt.com/blagoja-todorovski/profil/spieler/26321","Right-Back","25","North Macedonia","Renova",NA,"North Macedonia",NA,TRUE,"End of loan Jun 30, 2010","Summer",NA,NA,NA,NA
"FC Dinamo 1948","SuperLiga","Romania","2010","Arrivals","Nicolae Musat","https://www.transfermarkt.com/nicolae-musat/profil/spieler/53196","Left-Back","23","Romania","U Cluj","Liga II - Seria II","Romania",NA,TRUE,"End of loan Jun 30, 2010","Summer",NA,NA,NA,NA
"FC Dinamo 1948","SuperLiga","Romania","2010","Arrivals","Daniel Vadrariu","https://www.transfermarkt.com/daniel-vadrariu/profil/spieler/132218","Left Midfield","20","Romania","Astra Giurgiu","SuperLiga","Romania",NA,TRUE,"End of loan Jun 30, 2010","Summer",NA,NA,NA,NA
"FC Dinamo 1948","SuperLiga","Romania","2010","Departures","Bogdan Lobonț","https://www.transfermarkt.com/bogdan-lobont/profil/spieler/4310","Goalkeeper","32","Romania","AS Roma","Serie A","Italy",8e+05,FALSE,NA,"Summer",NA,NA,NA,NA
"FC Dinamo 1948","SuperLiga","Romania","2010","Departures","Ianis Zicu","https://www.transfermarkt.com/ianis-zicu/profil/spieler/16909","Attacking Midfield","26","Romania","Poli. Timisoara","SuperLiga","Romania",5e+05,FALSE,NA,"Summer",NA,NA,NA,NA
"FC Dinamo 1948","SuperLiga","Romania","2010","Departures","Osvaldo Miranda","https://www.transfermarkt.com/osvaldo-miranda/profil/spieler/30856","Centre-Forward","26","Argentina","Astra Giurgiu","SuperLiga","Romania",350000,FALSE,NA,"Summer",NA,NA,NA,NA
"FC Dinamo 1948","SuperLiga","Romania","2010","Departures","Florin Bratu","https://www.transfermarkt.com/florin-bratu/profil/spieler/9710","Centre-Forward","30","Romania","Lovech","efbet Liga","Bulgaria",3e+05,TRUE,NA,"Summer",NA,NA,NA,NA
"FC Dinamo 1948","SuperLiga","Romania","2010","Departures","Cristian Pulhac","https://www.transfermarkt.com/cristian-pulhac/profil/spieler/34781","Left-Back","25","Romania","Hércules CF","LaLiga","Spain",250000,TRUE,NA,"Summer",6,6,1,540
"FC Dinamo 1948","SuperLiga","Romania","2010","Departures","Gabriel Boștină","https://www.transfermarkt.com/gabriel-bostina/profil/spieler/26489","Left Midfield","33","Romania","U Cluj","SuperLiga","Romania",0,FALSE,NA,"Summer",NA,NA,NA,NA
"FC Dinamo 1948","SuperLiga","Romania","2010","Departures","Ajdin Maksumic","https://www.transfermarkt.com/ajdin-maksumic/profil/spieler/28437","Defensive Midfield","25","Bosnia-Herzegovina","Pandurii ","SuperLiga","Romania",0,FALSE,NA,"Summer",NA,NA,NA,NA
"FC Dinamo 1948","SuperLiga","Romania","2010","Departures","Francisco Molinero","https://www.transfermarkt.com/francisco-molinero/profil/spieler/27487","Right-Back","24","Spain","SD Huesca","LaLiga2","Spain",0,FALSE,NA,"Summer",NA,NA,NA,NA
"FC Dinamo 1948","SuperLiga","Romania","2010","Departures","Martin Zivny","https://www.transfermarkt.com/martin-zivny/profil/spieler/5086","Centre-Back","29","Czech Republic","TSV Hartberg","2. Liga","Austria",0,FALSE,NA,"Summer",NA,NA,NA,NA
"FC Dinamo 1948","SuperLiga","Romania","2010","Departures","Cornel Predescu","https://www.transfermarkt.com/cornel-predescu/profil/spieler/44943","Attacking Midfield","22","Romania","Gloria Bistrita","SuperLiga","Romania",0,FALSE,NA,"Summer",NA,NA,NA,NA
"FC Dinamo 1948","SuperLiga","Romania","2010","Departures","Andreas Loch","https://www.transfermarkt.com/andreas-loch/profil/spieler/57577","Attacking Midfield","N/A",NA,"Farul Constanta","Liga 2","Romania",0,FALSE,NA,"Summer",NA,NA,NA,NA
"FC Dinamo 1948","SuperLiga","Romania","2010","Departures","Cristian Fodor","https://www.transfermarkt.com/cristian-fodor/profil/spieler/353996","Centre-Back","26","Romania","Inter Clinceni",NA,"Romania",0,FALSE,NA,"Summer",NA,NA,NA,NA
"FC Dinamo 1948","SuperLiga","Romania","2010","Departures","Claudiu Niculescu","https://www.transfermarkt.com/claudiu-niculescu/profil/spieler/26049","Centre-Forward","34","Romania","U Cluj","SuperLiga","Romania",NA,FALSE,"?","Summer",NA,NA,NA,NA
"FC Dinamo 1948","SuperLiga","Romania","2010","Departures","Lucian Goian","https://www.transfermarkt.com/lucian-goian/profil/spieler/26036","Centre-Back","27","Romania","Astra Giurgiu","SuperLiga","Romania",NA,FALSE,"?","Summer",3,2,0,180
"FC Dinamo 1948","SuperLiga","Romania","2010","Departures","Vojislav Vranjkovic","https://www.transfermarkt.com/vojislav-vranjkovic/profil/spieler/36950","Defensive Midfield","27","Serbia","Pandurii ","SuperLiga","Romania",NA,FALSE,"?","Summer",NA,NA,NA,NA
"FC Dinamo 1948","SuperLiga","Romania","2010","Departures","Claudiu Vilcu","https://www.transfermarkt.com/claudiu-vilcu/profil/spieler/283633","Centre-Back","22","Romania","Nistru Otaci","Divizia Nationala (-2017)","Moldova",NA,FALSE,"?","Summer",NA,NA,NA,NA
"FC Dinamo 1948","SuperLiga","Romania","2010","Departures","Daniel Vadrariu","https://www.transfermarkt.com/daniel-vadrariu/profil/spieler/132218","Left Midfield","20","Romania","Ceahlaul","Liga 2","Romania",NA,TRUE,"loan transfer","Summer",NA,NA,NA,NA
"FC Dinamo 1948","SuperLiga","Romania","2010","Departures","Nicolae Musat","https://www.transfermarkt.com/nicolae-musat/profil/spieler/53196","Left-Back","23","Romania","Unirea Urziceni","SuperLiga","Romania",NA,TRUE,"loan transfer","Summer",NA,NA,NA,NA
"FC Dinamo 1948","SuperLiga","Romania","2010","Departures","Cristian Bălgrădean","https://www.transfermarkt.com/cristian-balgradean/profil/spieler/158839","Goalkeeper","22","Romania","Unirea Urziceni","SuperLiga","Romania",NA,TRUE,"loan transfer","Summer",16,13,0,1155
"FC Dinamo 1948","SuperLiga","Romania","2010","Departures","George Țucudean","https://www.transfermarkt.com/george-tucudean/profil/spieler/130345","Centre-Forward","19","Romania","UTA Arad","Liga II - Seria II","Romania",NA,TRUE,"loan transfer","Summer",16,13,4,545
"FC Dinamo 1948","SuperLiga","Romania","2010","Departures","Cristian Munteanu","https://www.transfermarkt.com/cristian-munteanu/profil/spieler/26032","Goalkeeper","35","Romania",NA,NA,NA,NA,FALSE,"-","Summer",NA,NA,NA,NA
"FC Dinamo 1948","SuperLiga","Romania","2010","Departures","Blagoja Todorovski","https://www.transfermarkt.com/blagoja-todorovski/profil/spieler/26321","Right-Back","25","North Macedonia","Dinamo II","Liga 2","Romania",NA,FALSE,"-","Summer",NA,NA,NA,NA
"FC Dinamo 1948","SuperLiga","Romania","2010","Departures","Hélder","https://www.transfermarkt.com/helder/profil/spieler/75096","Right-Back","22","Brazil","AS Nancy","Ligue 1","France",NA,TRUE,"End of loan Sep 2, 2010","Summer",5,2,0,100
"FC Dinamo 1948","SuperLiga","Romania","2010","Departures","George Curca","https://www.transfermarkt.com/george-curca/profil/spieler/46529","Goalkeeper","29","Romania","Farul Constanta","Liga 2","Romania",NA,TRUE,"End of loan Jun 30, 2010","Summer",13,8,0,720
"FC Dinamo 1948","SuperLiga","Romania","2010","Departures","Cristian Daminuță","https://www.transfermarkt.com/cristian-daminuta/profil/spieler/47873","Defensive Midfield","20","Romania","Inter","Serie A","Italy",NA,TRUE,"End of loan Jun 30, 2010","Summer",NA,NA,NA,NA
"FC Dinamo 1948","SuperLiga","Romania","2010","Arrivals","Elis Bakaj","https://www.transfermarkt.com/elis-bakaj/profil/spieler/58514","Attacking Midfield","23","Albania","Dinamo City","Kategoria Superiore","Albania",250000,FALSE,NA,"Winter",19,19,4,985
"FC Dinamo 1948","SuperLiga","Romania","2010","Arrivals","Valerică Găman","https://www.transfermarkt.com/valerica-gaman/profil/spieler/47576","Centre-Back","22","Romania","FC U Craiova","SuperLiga","Romania",0,FALSE,NA,"Winter",12,8,0,634
"FC Dinamo 1948","SuperLiga","Romania","2010","Arrivals","Ștefan Bărboianu","https://www.transfermarkt.com/stefan-barboianu/profil/spieler/47568","Right-Back","23","Romania","FC U Craiova","SuperLiga","Romania",0,FALSE,NA,"Winter",12,11,0,990
"FC Dinamo 1948","SuperLiga","Romania","2010","Arrivals","Vlad Munteanu","https://www.transfermarkt.com/vlad-munteanu/profil/spieler/26041","Left Midfield","29","Romania","VfL Wolfsburg","Bundesliga","Germany",0,FALSE,NA,"Winter",11,6,1,250
"FC Dinamo 1948","SuperLiga","Romania","2010","Arrivals","Bogdan Pătrașcu","https://www.transfermarkt.com/bogdan-patrascu/profil/spieler/21799","Defensive Midfield","31","Romania","Sportul S.","SuperLiga","Romania",NA,FALSE,"?","Winter",15,12,0,604
"FC Dinamo 1948","SuperLiga","Romania","2010","Arrivals","Ersin Mehmedovic","https://www.transfermarkt.com/ersin-mehmedovic/profil/spieler/15539","Centre-Back","29","Serbia","Unirea Urziceni","SuperLiga","Romania",NA,FALSE,"?","Winter",7,5,1,200
"FC Dinamo 1948","SuperLiga","Romania","2010","Arrivals","Florin Bratu","https://www.transfermarkt.com/florin-bratu/profil/spieler/9710","Centre-Forward","30","Romania","Lovech","efbet Liga","Bulgaria",NA,TRUE,"End of loan Dec 31, 2010","Winter",NA,NA,NA,NA
"FC Dinamo 1948","SuperLiga","Romania","2010","Arrivals","Hristu Chiacu","https://www.transfermarkt.com/hristu-chiacu/profil/spieler/41623","Right Midfield","24","Romania","Poli. Timisoara","SuperLiga","Romania",NA,TRUE,"End of loan Dec 1, 2010","Winter",NA,NA,NA,NA
"FC Dinamo 1948","SuperLiga","Romania","2010","Arrivals","Eugen Craciun","https://www.transfermarkt.com/eugen-craciun/profil/spieler/48666","Right-Back","24","Romania","Astra Giurgiu","SuperLiga","Romania",NA,TRUE,"End of loan Dec 31, 2010","Winter",5,2,0,68
"FC Dinamo 1948","SuperLiga","Romania","2010","Arrivals","Nicolae Musat","https://www.transfermarkt.com/nicolae-musat/profil/spieler/53196","Left-Back","23","Romania","Unirea Urziceni","SuperLiga","Romania",NA,TRUE,"End of loan Dec 1, 2010","Winter",NA,NA,NA,NA
"FC Dinamo 1948","SuperLiga","Romania","2010","Arrivals","Cristian Bălgrădean","https://www.transfermarkt.com/cristian-balgradean/profil/spieler/158839","Goalkeeper","22","Romania","Unirea Urziceni","SuperLiga","Romania",NA,TRUE,"End of loan Dec 31, 2010","Winter",16,13,0,1155
"FC Dinamo 1948","SuperLiga","Romania","2010","Arrivals","George Țucudean","https://www.transfermarkt.com/george-tucudean/profil/spieler/130345","Centre-Forward","19","Romania","UTA Arad","Liga II - Seria II","Romania",NA,TRUE,"End of loan Dec 31, 2010","Winter",16,13,4,545
"FC Dinamo 1948","SuperLiga","Romania","2010","Departures","Adrian Cristea","https://www.transfermarkt.com/adrian-cristea/profil/spieler/33440","Left Winger","27","Romania","U Cluj","SuperLiga","Romania",2e+06,FALSE,NA,"Winter",23,22,8,1726
"FC Dinamo 1948","SuperLiga","Romania","2010","Departures","Andrei Cristea","https://www.transfermarkt.com/andrei-cristea/profil/spieler/26491","Centre-Forward","26","Romania","Karlsruher SC","2. Bundesliga","Germany",675000,FALSE,NA,"Winter",20,18,7,1073
"FC Dinamo 1948","SuperLiga","Romania","2010","Departures","Ousmane N'Doye","https://www.transfermarkt.com/ousmane-ndoye/profil/spieler/6973","Defensive Midfield","32","Senegal","Astra Giurgiu","SuperLiga","Romania",450000,FALSE,NA,"Winter",19,19,6,1369
"FC Dinamo 1948","SuperLiga","Romania","2010","Departures","Nicolae Musat","https://www.transfermarkt.com/nicolae-musat/profil/spieler/53196","Left-Back","24","Romania","Khazar Lankaran","Premyer Liqa","Azerbaijan",75000,TRUE,NA,"Winter",NA,NA,NA,NA
"FC Dinamo 1948","SuperLiga","Romania","2010","Departures","Marius Niculae","https://www.transfermarkt.com/marius-niculae/profil/spieler/13831","Centre-Forward","29","Romania","AO Kavala","Super League 1","Greece",50000,TRUE,NA,"Winter",20,20,4,1168
"FC Dinamo 1948","SuperLiga","Romania","2010","Departures","Florin Bratu","https://www.transfermarkt.com/florin-bratu/profil/spieler/9710","Centre-Forward","30","Romania","Gaz Metan","SuperLiga","Romania",0,FALSE,NA,"Winter",NA,NA,NA,NA
"FC Dinamo 1948","SuperLiga","Romania","2010","Departures","Elías Bazzi","https://www.transfermarkt.com/elias-bazzi/profil/spieler/46502","Left-Back","29","Argentina","U Cluj","SuperLiga","Romania",0,FALSE,NA,"Winter",12,5,0,344
"FC Dinamo 1948","SuperLiga","Romania","2010","Departures","Igor Kojic","https://www.transfermarkt.com/igor-kojic/profil/spieler/60125","Goalkeeper","23","Serbia","Doxa Katokopias","Cyprus League","Cyprus",0,FALSE,NA,"Winter",NA,NA,NA,NA
"FC Dinamo 1948","SuperLiga","Romania","2010","Departures","Laurențiu Rus","https://www.transfermarkt.com/laurentiu-rus/profil/spieler/123289","Defensive Midfield","25","Romania","ASA Tg. Mures","SuperLiga","Romania",NA,TRUE,"loan transfer","Winter",4,2,0,125
"FC Dinamo 1948","SuperLiga","Romania","2010","Departures","Hristu Chiacu","https://www.transfermarkt.com/hristu-chiacu/profil/spieler/41623","Right Midfield","24","Romania","Khazar Lankaran","Premyer Liqa","Azerbaijan",NA,TRUE,"loan transfer","Winter",NA,NA,NA,NA
"FC Dinamo 1948","SuperLiga","Romania","2010","Departures","Adrian Scarlatache","https://www.transfermarkt.com/adrian-scarlatache/profil/spieler/46644","Centre-Back","24","Romania","Khazar Lankaran","Premyer Liqa","Azerbaijan",NA,TRUE,"loan transfer","Winter",21,14,1,1113
"FC Dinamo 1948","SuperLiga","Romania","2010","Departures","Sergiu Homei","https://www.transfermarkt.com/sergiu-homei/profil/spieler/48140","Right-Back","23","Romania","Unirea Urziceni","SuperLiga","Romania",NA,TRUE,"loan transfer","Winter",8,6,0,512
"FC Dinamo 1948","SuperLiga","Romania","2010","Departures","George Curca","https://www.transfermarkt.com/george-curca/profil/spieler/46529","Goalkeeper","29","Romania","Unirea Urziceni","SuperLiga","Romania",NA,TRUE,"loan transfer","Winter",13,8,0,720
"FC Dinamo 1948","SuperLiga","Romania","2010","Departures","Juan Pablo Garat","https://www.transfermarkt.com/juan-pablo-garat/profil/spieler/32446","Centre-Back","27","Argentina","Without Club",NA,NA,NA,FALSE,"-","Winter",17,13,2,824
"Politehnica Timisoara (- 2012)",NA,NA,"2010","Arrivals","Ianis Zicu","https://www.transfermarkt.com/ianis-zicu/profil/spieler/16909","Attacking Midfield","26","Romania","FC Dinamo","SuperLiga","Romania",5e+05,FALSE,NA,"Summer",35,34,19,2302
"Politehnica Timisoara (- 2012)",NA,NA,"2010","Arrivals","Hélder","https://www.transfermarkt.com/helder/profil/spieler/75096","Right-Back","22","Brazil","AS Nancy","Ligue 1","France",50000,TRUE,NA,"Summer",25,24,1,2110
"Politehnica Timisoara (- 2012)",NA,NA,"2010","Arrivals","Iulian Tameș","https://www.transfermarkt.com/iulian-tames/profil/spieler/26052","Central Midfield","31","Romania","FC Arges","Liga II - Seria II","Romania",0,FALSE,NA,"Summer",35,23,2,1613
"Politehnica Timisoara (- 2012)",NA,NA,"2010","Arrivals","Ovidiu Burcă","https://www.transfermarkt.com/ovidiu-burca/profil/spieler/26028","Centre-Back","30","Romania","Energie Cottbus","2. Bundesliga","Germany",0,FALSE,NA,"Summer",29,23,0,1975
"Politehnica Timisoara (- 2012)",NA,NA,"2010","Arrivals","Igor Popovic","https://www.transfermarkt.com/igor-popovic/profil/spieler/36054","Centre-Back","26","Serbia","Spartak","Super liga Srbije","Serbia",0,FALSE,NA,"Summer",1,0,0,0
"Politehnica Timisoara (- 2012)",NA,NA,"2010","Arrivals","Jiri Krejci","https://www.transfermarkt.com/jiri-krejci/profil/spieler/25595","Centre-Back","24","Czech Republic","Iraklis","Super League 1","Greece",0,FALSE,NA,"Summer",4,0,0,0
"Politehnica Timisoara (- 2012)",NA,NA,"2010","Arrivals","Dusko Dukic","https://www.transfermarkt.com/dusko-dukic/profil/spieler/60814","Right-Back","24","Serbia","Hajduk 1912","Super liga Srbije","Serbia",0,FALSE,NA,"Summer",5,2,0,135
"Politehnica Timisoara (- 2012)",NA,NA,"2010","Arrivals","Stefan Nikolic","https://www.transfermarkt.com/stefan-nikolic/profil/spieler/64953","Centre-Forward","20","Montenegro","Lierse SK","Jupiler Pro League","Belgium",0,FALSE,NA,"Summer",24,21,3,779
"Politehnica Timisoara (- 2012)",NA,NA,"2010","Arrivals","Răzvan Trandu","https://www.transfermarkt.com/razvan-trandu/profil/spieler/241319","Central Midfield","19","Romania","Fortuna Covaci",NA,"Romania",0,FALSE,NA,"Summer",NA,NA,NA,NA
"Politehnica Timisoara (- 2012)",NA,NA,"2010","Arrivals","Paul Iordache","https://www.transfermarkt.com/paul-iordache/profil/spieler/208717","Goalkeeper","18","Romania","Unknown",NA,NA,0,FALSE,NA,"Summer",NA,NA,NA,NA
"Politehnica Timisoara (- 2012)",NA,NA,"2010","Arrivals","Dare Vrsic","https://www.transfermarkt.com/dare-vrsic/profil/spieler/19579","Second Striker","25","Slovenia","FC Koper","Prva Liga","Slovenia",NA,TRUE,"End of loan Jun 30, 2010","Summer",NA,NA,NA,NA
"Politehnica Timisoara (- 2012)",NA,NA,"2010","Arrivals","Iasmin Latovlevici","https://www.transfermarkt.com/iasmin-latovlevici/profil/spieler/47172","Left-Back","24","Romania","Gloria Bistrita","SuperLiga","Romania",NA,TRUE,"End of loan Jun 30, 2010","Summer",NA,NA,NA,NA
"Politehnica Timisoara (- 2012)",NA,NA,"2010","Arrivals","Mircea Axente","https://www.transfermarkt.com/mircea-axente/profil/spieler/69558","Centre-Forward","23","Romania","Otelul Galati","SuperLiga","Romania",NA,TRUE,"End of loan Jun 30, 2010","Summer",36,32,7,2194
"Politehnica Timisoara (- 2012)",NA,NA,"2010","Arrivals","Dejan Rusic","https://www.transfermarkt.com/dejan-rusic/profil/spieler/58366","Centre-Forward","27","Slovenia","Spartak Nalchik","Premier Liga","Russia",NA,TRUE,"End of loan Jun 30, 2010","Summer",NA,NA,NA,NA
"Politehnica Timisoara (- 2012)",NA,NA,"2010","Arrivals","Adrian Poparadu","https://www.transfermarkt.com/adrian-poparadu/profil/spieler/104553","Defensive Midfield","22","Romania","CS Otopeni","Liga II - Seria II","Romania",NA,TRUE,"End of loan Jun 30, 2010","Summer",13,6,0,262
"Politehnica Timisoara (- 2012)",NA,NA,"2010","Arrivals","Alin Ratiu","https://www.transfermarkt.com/alin-ratiu/profil/spieler/56041","Centre-Back","27","Romania","Curtea de Arges","SuperLiga","Romania",NA,TRUE,"End of loan Jun 30, 2010","Summer",NA,NA,NA,NA
"Politehnica Timisoara (- 2012)",NA,NA,"2010","Arrivals","Florin Sandu","https://www.transfermarkt.com/florin-sandu/profil/spieler/103528","Left-Back","22","Romania","CS Otopeni","Liga II - Seria II","Romania",NA,TRUE,"End of loan Jun 30, 2010","Summer",NA,NA,NA,NA
"Politehnica Timisoara (- 2012)",NA,NA,"2010","Arrivals","Artur Patras","https://www.transfermarkt.com/artur-patras/profil/spieler/104065","Central Midfield","21","Moldova","Concordia","Liga 2","Romania",NA,TRUE,"End of loan Jun 30, 2010","Summer",4,3,0,96
"Politehnica Timisoara (- 2012)",NA,NA,"2010","Arrivals","Ionuț Matei","https://www.transfermarkt.com/ionut-matei/profil/spieler/48366","Right Midfield","25","Romania","CS Otopeni","Liga II - Seria II","Romania",NA,TRUE,"End of loan Jun 30, 2010","Summer",2,1,0,1
"Politehnica Timisoara (- 2012)",NA,NA,"2010","Arrivals","Adrian Ganea","https://www.transfermarkt.com/adrian-ganea/profil/spieler/136263","Left Midfield","22","Romania","Fortuna Covaci","Liga II - Seria II","Romania",NA,TRUE,"End of loan Jun 30, 2010","Summer",NA,NA,NA,NA
"Politehnica Timisoara (- 2012)",NA,NA,"2010","Departures","Iasmin Latovlevici","https://www.transfermarkt.com/iasmin-latovlevici/profil/spieler/47172","Left-Back","24","Romania","FCSB","SuperLiga","Romania",6e+05,FALSE,NA,"Summer",NA,NA,NA,NA
"Politehnica Timisoara (- 2012)",NA,NA,"2010","Departures","Éder Bonfim","https://www.transfermarkt.com/eder-bonfim/profil/spieler/13975","Right-Back","29","Brazil","FCSB","SuperLiga","Romania",4e+05,FALSE,NA,"Summer",1,1,0,90
"Politehnica Timisoara (- 2012)",NA,NA,"2010","Departures","Răzvan Cociș","https://www.transfermarkt.com/razvan-cocis/profil/spieler/43938","Central Midfield","27","Romania","Al-Nassr","Saudi Pro League","Saudi Arabia",0,FALSE,NA,"Summer",NA,NA,NA,NA
"Politehnica Timisoara (- 2012)",NA,NA,"2010","Departures","Daré Nibombé","https://www.transfermarkt.com/dare-nibombe/profil/spieler/12967","Centre-Back","30","Togo","FC Baku","Premyer Liqa","Azerbaijan",0,FALSE,NA,"Summer",NA,NA,NA,NA
"Politehnica Timisoara (- 2012)",NA,NA,"2010","Departures","Milos Brezinsky","https://www.transfermarkt.com/milos-brezinsky/profil/spieler/21240","Centre-Back","26","Slovakia","Viktoria Plzen","Chance Liga","Czech Republic",0,FALSE,NA,"Summer",NA,NA,NA,NA
"Politehnica Timisoara (- 2012)",NA,NA,"2010","Departures","Florin Maxim","https://www.transfermarkt.com/florin-maxim/profil/spieler/48768","Left-Back","29","Romania","Sportul S.","SuperLiga","Romania",0,FALSE,NA,"Summer",NA,NA,NA,NA
"Politehnica Timisoara (- 2012)",NA,NA,"2010","Departures","Igor Popovic","https://www.transfermarkt.com/igor-popovic/profil/spieler/36054","Centre-Back","26","Serbia","OFK Beograd","Super liga Srbije","Serbia",0,FALSE,NA,"Summer",1,0,0,0
"Politehnica Timisoara (- 2012)",NA,NA,"2010","Departures","Claudiu Ionescu","https://www.transfermarkt.com/claudiu-ionescu/profil/spieler/54770","Attacking Midfield","27","Romania","ACSM Poli Iasi","Liga II - Seria II","Romania",0,FALSE,NA,"Summer",NA,NA,NA,NA
"Politehnica Timisoara (- 2012)",NA,NA,"2010","Departures","Alin Ratiu","https://www.transfermarkt.com/alin-ratiu/profil/spieler/56041","Centre-Back","27","Romania","Sportul S.","SuperLiga","Romania",0,FALSE,NA,"Summer",NA,NA,NA,NA
"Politehnica Timisoara (- 2012)",NA,NA,"2010","Departures","Tiago Costa","https://www.transfermarkt.com/tiago-costa/profil/spieler/42960","Right-Back","25","Portugal","Estoril","Liga Portugal 2","Portugal",0,FALSE,NA,"Summer",NA,NA,NA,NA
"Politehnica Timisoara (- 2012)",NA,NA,"2010","Departures","Dédé","https://www.transfermarkt.com/dede/profil/spieler/45356","Defensive Midfield","29","Angola","Olympiakos N.","Cyprus League","Cyprus",NA,FALSE,"?","Summer",NA,NA,NA,NA
"Politehnica Timisoara (- 2012)",NA,NA,"2010","Departures","Cristian Mejía","https://www.transfermarkt.com/cristian-mejia/profil/spieler/100378","Left Winger","19","Colombia","Peñarol","Liga AUF Clausura","Uruguay",NA,FALSE,"?","Summer",NA,NA,NA,NA
"Politehnica Timisoara (- 2012)",NA,NA,"2010","Departures","Winston Parks","https://www.transfermarkt.com/winston-parks/profil/spieler/9655","Centre-Forward","28","Costa Rica","Khazar Lankaran","Premyer Liqa","Azerbaijan",NA,TRUE,"loan transfer","Summer",NA,NA,NA,NA
"Politehnica Timisoara (- 2012)",NA,NA,"2010","Departures","Marian Chitu","https://www.transfermarkt.com/marian-chitu/profil/spieler/103521","Left Winger","23","Romania","Concordia","Liga 2","Romania",NA,TRUE,"loan transfer","Summer",NA,NA,NA,NA
"Politehnica Timisoara (- 2012)",NA,NA,"2010","Departures","Florin Sandu","https://www.transfermarkt.com/florin-sandu/profil/spieler/103528","Left-Back","22","Romania","Rm. Valcea","Liga II - Seria II","Romania",NA,TRUE,"loan transfer","Summer",NA,NA,NA,NA
"Politehnica Timisoara (- 2012)",NA,NA,"2010","Departures","Ionuț Matei","https://www.transfermarkt.com/ionut-matei/profil/spieler/48366","Right Midfield","25","Romania","FC Botosani","Liga 2","Romania",NA,TRUE,"loan transfer","Summer",2,1,0,1
"Politehnica Timisoara (- 2012)",NA,NA,"2010","Departures","Adrian Ganea","https://www.transfermarkt.com/adrian-ganea/profil/spieler/136263","Left Midfield","22","Romania","Rm. Valcea","Liga II - Seria II","Romania",NA,TRUE,"loan transfer","Summer",NA,NA,NA,NA
"Politehnica Timisoara (- 2012)",NA,NA,"2010","Departures","Adrian Popa","https://www.transfermarkt.com/adrian-popa/profil/spieler/208725","Right Winger","21","Romania","Concordia","Liga 2","Romania",NA,TRUE,"loan transfer","Summer",NA,NA,NA,NA
"Politehnica Timisoara (- 2012)",NA,NA,"2010","Departures","Dare Vrsic","https://www.transfermarkt.com/dare-vrsic/profil/spieler/19579","Second Striker","25","Slovenia","Without Club",NA,NA,NA,FALSE,"-","Summer",NA,NA,NA,NA
"Politehnica Timisoara (- 2012)",NA,NA,"2010","Departures","Nemanja Supic","https://www.transfermarkt.com/nemanja-supic/profil/spieler/36137","Goalkeeper","28","Serbia","Without Club",NA,NA,NA,FALSE,"-","Summer",NA,NA,NA,NA
"Politehnica Timisoara (- 2012)",NA,NA,"2010","Departures","Dejan Rusic","https://www.transfermarkt.com/dejan-rusic/profil/spieler/58366","Centre-Forward","27","Slovenia","Without Club",NA,NA,NA,FALSE,"-","Summer",NA,NA,NA,NA
"Politehnica Timisoara (- 2012)",NA,NA,"2010","Departures","Marian Fuchs","https://www.transfermarkt.com/marian-fuchs/profil/spieler/145656","Central Midfield","18","Romania","P. Timisoara B",NA,"Romania",NA,FALSE,"-","Summer",NA,NA,NA,NA
"Politehnica Timisoara (- 2012)",NA,NA,"2010","Arrivals","Sorin Ghionea","https://www.transfermarkt.com/sorin-ghionea/profil/spieler/26496","Centre-Back","31","Romania","Rostov","Premier Liga","Russia",0,FALSE,NA,"Winter",15,15,0,1350
"Politehnica Timisoara (- 2012)",NA,NA,"2010","Arrivals","Jiri Krejci","https://www.transfermarkt.com/jiri-krejci/profil/spieler/25595","Centre-Back","24","Czech Republic","Iraklis","Super League 1","Greece",0,FALSE,NA,"Winter",4,0,0,0
"Politehnica Timisoara (- 2012)",NA,NA,"2010","Arrivals","Andrei Zagrean","https://www.transfermarkt.com/andrei-zagrean/profil/spieler/132435","Centre-Forward","24","Romania","Şimleu Silvanie","Liga II - Seria II","Romania",0,FALSE,NA,"Winter",11,8,4,352
"Politehnica Timisoara (- 2012)",NA,NA,"2010","Arrivals","Tosaint Ricketts","https://www.transfermarkt.com/tosaint-ricketts/profil/spieler/94579","Centre-Forward","23","Canada","MYPA","Veikkausliiga","Finland",0,FALSE,NA,"Winter",12,9,1,330
"Politehnica Timisoara (- 2012)",NA,NA,"2010","Arrivals","Sergei Lepmets","https://www.transfermarkt.com/sergei-lepmets/profil/spieler/42775","Goalkeeper","23","Estonia","FCI Levadia","Premium Liiga","Estonia",0,FALSE,NA,"Winter",2,0,0,0
"Politehnica Timisoara (- 2012)",NA,NA,"2010","Arrivals","Rafael Rocha","https://www.transfermarkt.com/rafael-rocha/profil/spieler/167871","Left-Back","21","Brazil","Botafogo","Série A","Brazil",0,FALSE,NA,"Winter",7,4,0,107
"Politehnica Timisoara (- 2012)",NA,NA,"2010","Arrivals","Nikola Ignjatijevic","https://www.transfermarkt.com/nikola-ignjatijevic/profil/spieler/24670","Left-Back","27","Serbia","Red Star","Super liga Srbije","Serbia",NA,TRUE,"loan transfer","Winter",15,11,2,733
"Politehnica Timisoara (- 2012)",NA,NA,"2010","Arrivals","Ionuț Matei","https://www.transfermarkt.com/ionut-matei/profil/spieler/48366","Right Midfield","26","Romania","FC Botosani","Liga 2","Romania",NA,TRUE,"End of loan Dec 31, 2010","Winter",2,1,0,1
"Politehnica Timisoara (- 2012)",NA,NA,"2010","Arrivals","Adrian Popa","https://www.transfermarkt.com/adrian-popa/profil/spieler/208725","Right Winger","22","Romania","Concordia","Liga 2","Romania",NA,TRUE,"End of loan Dec 31, 2010","Winter",NA,NA,NA,NA
"Politehnica Timisoara (- 2012)",NA,NA,"2010","Departures","Jan Kozak","https://www.transfermarkt.com/jan-kozak/profil/spieler/34427","Attacking Midfield","30","Slovakia","AE Larisa","Super League 1","Greece",0,FALSE,NA,"Winter",NA,NA,NA,NA
"Politehnica Timisoara (- 2012)",NA,NA,"2010","Departures","Dusko Dukic","https://www.transfermarkt.com/dusko-dukic/profil/spieler/60814","Right-Back","24","Serbia","Jagodina","Super liga Srbije","Serbia",0,FALSE,NA,"Winter",5,2,0,135
"Politehnica Timisoara (- 2012)",NA,NA,"2010","Departures","Ioan Mera","https://www.transfermarkt.com/ioan-mera/profil/spieler/103523","Centre-Back","23","Romania","Unirea Urziceni","SuperLiga","Romania",NA,TRUE,"loan transfer","Winter",21,11,0,779
"Politehnica Timisoara (- 2012)",NA,NA,"2010","Departures","Artur Patras","https://www.transfermarkt.com/artur-patras/profil/spieler/104065","Central Midfield","22","Moldova","Unirea Urziceni","SuperLiga","Romania",NA,TRUE,"loan transfer","Winter",4,3,0,96
"Politehnica Timisoara (- 2012)",NA,NA,"2010","Departures","Adrian Popa","https://www.transfermarkt.com/adrian-popa/profil/spieler/208725","Right Winger","22","Romania","ACU Arad","Liga II - Seria II","Romania",NA,TRUE,"loan transfer","Winter",NA,NA,NA,NA
"Politehnica Timisoara (- 2012)",NA,NA,"2010","Departures","Adrian Zaluschi","https://www.transfermarkt.com/adrian-zaluschi/profil/spieler/208730","Centre-Forward","21","Romania","ACU Arad","Liga II - Seria II","Romania",NA,TRUE,"loan transfer","Winter",NA,NA,NA,NA
"Politehnica Timisoara (- 2012)",NA,NA,"2010","Departures","Razvan Magdas","https://www.transfermarkt.com/razvan-magdas/profil/spieler/325003","Striker","21","Romania","ACU Arad","Liga II - Seria II","Romania",NA,TRUE,"loan transfer","Winter",NA,NA,NA,NA
"Politehnica Timisoara (- 2012)",NA,NA,"2010","Departures","Răzvan Trandu","https://www.transfermarkt.com/razvan-trandu/profil/spieler/241319","Central Midfield","19","Romania","ACS Recas",NA,"Romania",NA,TRUE,"loan transfer","Winter",NA,NA,NA,NA
"Politehnica Timisoara (- 2012)",NA,NA,"2010","Departures","Cosmin Contra","https://www.transfermarkt.com/cosmin-contra/profil/spieler/5808","Right-Back","35","Romania",NA,NA,NA,NA,FALSE,"-","Winter",19,14,1,605
"Politehnica Timisoara (- 2012)",NA,NA,"2010","Departures","Hristu Chiacu","https://www.transfermarkt.com/hristu-chiacu/profil/spieler/41623","Right Midfield","24","Romania","FC Dinamo","SuperLiga","Romania",NA,TRUE,"End of loan Dec 1, 2010","Winter",16,10,1,324
"FC Rapid 1923","SuperLiga","Romania","2010","Arrivals","Cássio","https://www.transfermarkt.com/cassio/profil/spieler/34953","Centre-Forward","26","Brazil","Leiria","Liga Portugal","Portugal",9e+05,FALSE,NA,"Summer",25,22,7,1459
"FC Rapid 1923","SuperLiga","Romania","2010","Arrivals","Mihai Roman","https://www.transfermarkt.com/mihai-roman/profil/spieler/64229","Right Winger","25","Romania","FC Brasov","SuperLiga","Romania",372000,FALSE,NA,"Summer",34,32,4,2318
"FC Rapid 1923","SuperLiga","Romania","2010","Arrivals","Sabrin Sburlea","https://www.transfermarkt.com/sabrin-sburlea/profil/spieler/64235","Centre-Forward","21","Romania","FC Brasov","SuperLiga","Romania",372000,FALSE,NA,"Summer",29,27,4,1602
"FC Rapid 1923","SuperLiga","Romania","2010","Arrivals","Rui Duarte","https://www.transfermarkt.com/rui-duarte/profil/spieler/22434","Right-Back","29","Portugal","FC Brasov","SuperLiga","Romania",2e+05,FALSE,NA,"Summer",28,28,0,2479
"FC Rapid 1923","SuperLiga","Romania","2010","Arrivals","Ezequias Melo","https://www.transfermarkt.com/ezequias-melo/profil/spieler/14140","Left-Back","29","Brazil","FC Brasov","SuperLiga","Romania",2e+05,FALSE,NA,"Summer",36,22,0,1564
"FC Rapid 1923","SuperLiga","Romania","2010","Arrivals","Nicolae Grigore","https://www.transfermarkt.com/nicolae-grigore/profil/spieler/35437","Central Midfield","26","Romania","FC Brasov","SuperLiga","Romania",150000,FALSE,NA,"Summer",32,23,1,1739
"FC Rapid 1923","SuperLiga","Romania","2010","Arrivals","Sorin Frunză","https://www.transfermarkt.com/sorin-frunza/profil/spieler/26648","Left Midfield","32","Romania","Unirea Urziceni","SuperLiga","Romania",0,FALSE,NA,"Summer",29,27,4,1472
"FC Rapid 1923","SuperLiga","Romania","2010","Arrivals","Dănuț Coman","https://www.transfermarkt.com/danut-coman/profil/spieler/34501","Goalkeeper","31","Romania","FC Brasov","SuperLiga","Romania",0,FALSE,NA,"Summer",26,15,0,1325
"FC Rapid 1923","SuperLiga","Romania","2010","Arrivals","Cândido Costa","https://www.transfermarkt.com/candido-costa/profil/spieler/13447","Right Winger","29","Portugal","Belenenses","Liga Portugal 2","Portugal",0,FALSE,NA,"Summer",22,13,0,635
"FC Rapid 1923","SuperLiga","Romania","2010","Arrivals","Marcos António","https://www.transfermarkt.com/marcos-antonio/profil/spieler/14334","Centre-Back","27","Brazil","Belenenses","Liga Portugal 2","Portugal",0,FALSE,NA,"Summer",35,35,3,3180
"FC Rapid 1923","SuperLiga","Romania","2010","Arrivals","Gustavo Veronesi","https://www.transfermarkt.com/gustavo-veronesi/profil/spieler/34197","Right-Back","28","Brazil","Kerkyraikos","Super League 1","Greece",0,FALSE,NA,"Summer",2,2,0,20
"FC Rapid 1923","SuperLiga","Romania","2010","Arrivals","Gláuber","https://www.transfermarkt.com/glauber/profil/spieler/37537","Centre-Back","26","Brazil","São Caetano","Série B","Brazil",0,FALSE,NA,"Summer",34,25,1,1905
"FC Rapid 1923","SuperLiga","Romania","2010","Arrivals","Radomir Djalovic","https://www.transfermarkt.com/radomir-djalovic/profil/spieler/28954","Centre-Forward","27","Montenegro","HNK Rijeka","SuperSport HNL","Croatia",NA,TRUE,"End of loan Jun 30, 2010","Summer",NA,NA,NA,NA
"FC Rapid 1923","SuperLiga","Romania","2010","Arrivals","Ionuț Stancu","https://www.transfermarkt.com/ionut-stancu/profil/spieler/35441","Left Midfield","27","Romania","Pandurii ","SuperLiga","Romania",NA,TRUE,"End of loan Jun 30, 2010","Summer",NA,NA,NA,NA
"FC Rapid 1923","SuperLiga","Romania","2010","Departures","Alexandru Ioniță I","https://www.transfermarkt.com/alexandru-ionita-i/profil/spieler/113865","Centre-Forward","20","Romania","1.FC Köln","Bundesliga","Germany",2500000,FALSE,NA,"Summer",NA,NA,NA,NA
"FC Rapid 1923","SuperLiga","Romania","2010","Departures","Radomir Djalovic","https://www.transfermarkt.com/radomir-djalovic/profil/spieler/28954","Centre-Forward","27","Montenegro","HNK Rijeka","SuperSport HNL","Croatia",50000,FALSE,NA,"Summer",NA,NA,NA,NA
"FC Rapid 1923","SuperLiga","Romania","2010","Departures","Darijan Matic","https://www.transfermarkt.com/darijan-matic/profil/spieler/34641","Defensive Midfield","27","Slovenia","Bnei Sakhnin","Ligat ha'Al","Israel",0,FALSE,NA,"Summer",NA,NA,NA,NA
"FC Rapid 1923","SuperLiga","Romania","2010","Departures","Gustavo Veronesi","https://www.transfermarkt.com/gustavo-veronesi/profil/spieler/34197","Right-Back","28","Brazil","Kerkyraikos","Super League 1","Greece",0,FALSE,NA,"Summer",2,2,0,20
"FC Rapid 1923","SuperLiga","Romania","2010","Departures","Adrian Iencsi","https://www.transfermarkt.com/adrian-iencsi/profil/spieler/16653","Centre-Back","35","Romania","Concordia","Liga 2","Romania",0,FALSE,NA,"Summer",NA,NA,NA,NA
"FC Rapid 1923","SuperLiga","Romania","2010","Departures","Andrei Marinescu","https://www.transfermarkt.com/andrei-marinescu/profil/spieler/45052","Goalkeeper","25","Romania","Petrolul","Liga II - Seria II","Romania",0,FALSE,NA,"Summer",NA,NA,NA,NA
"FC Rapid 1923","SuperLiga","Romania","2010","Departures","Adrian Iordache","https://www.transfermarkt.com/adrian-iordache/profil/spieler/26038","Centre-Back","29","Romania","Khazar Lankaran","Premyer Liqa","Azerbaijan",NA,FALSE,"?","Summer",NA,NA,NA,NA
"FC Rapid 1923","SuperLiga","Romania","2010","Departures","Djordje Ivelja","https://www.transfermarkt.com/djordje-ivelja/profil/spieler/17196","Defensive Midfield","26","Serbia","Nasaf Qarshi","Superliga","Uzbekistan",NA,FALSE,"?","Summer",NA,NA,NA,NA
"FC Rapid 1923","SuperLiga","Romania","2010","Departures","Catalin Paun","https://www.transfermarkt.com/catalin-paun/profil/spieler/53214","Centre-Back","22","Romania","Petrolul","Liga II - Seria II","Romania",NA,TRUE,"loan transfer","Summer",NA,NA,NA,NA
"FC Rapid 1923","SuperLiga","Romania","2010","Departures","Doru Bratu","https://www.transfermarkt.com/doru-bratu/profil/spieler/81724","Centre-Back","21","Romania","Daco-Getica","Liga 2","Romania",NA,TRUE,"loan transfer","Summer",NA,NA,NA,NA
"FC Rapid 1923","SuperLiga","Romania","2010","Departures","George Tene","https://www.transfermarkt.com/george-tene/profil/spieler/133859","Attacking Midfield","21","Romania","ACSM Poli Iasi","Liga II - Seria II","Romania",NA,TRUE,"loan transfer","Summer",NA,NA,NA,NA
"FC Rapid 1923","SuperLiga","Romania","2010","Departures","Cristian Săpunaru","https://www.transfermarkt.com/cristian-sapunaru/profil/spieler/25942","Centre-Back","26","Romania","FC Porto","Liga Portugal","Portugal",NA,TRUE,"End of loan Jun 30, 2010","Summer",NA,NA,NA,NA
"FC Rapid 1923","SuperLiga","Romania","2010","Departures","Dacian Varga","https://www.transfermarkt.com/dacian-varga/profil/spieler/64252","Left Midfield","25","Romania","Sportul S.","SuperLiga","Romania",NA,TRUE,"End of loan Jun 30, 2010","Summer",NA,NA,NA,NA
"FC Rapid 1923","SuperLiga","Romania","2010","Departures","Hélder","https://www.transfermarkt.com/helder/profil/spieler/75096","Right-Back","22","Brazil","AS Nancy","Ligue 1","France",NA,TRUE,"End of loan Jun 30, 2010","Summer",NA,NA,NA,NA
"FC Rapid 1923","SuperLiga","Romania","2010","Departures","Tiberiu Bălan","https://www.transfermarkt.com/tiberiu-balan/profil/spieler/64101","Attacking Midfield","29","Romania","Sportul S.","SuperLiga","Romania",NA,TRUE,"End of loan Jun 30, 2010","Summer",NA,NA,NA,NA
"FC Rapid 1923","SuperLiga","Romania","2010","Departures","Ilie Iordache","https://www.transfermarkt.com/ilie-iordache/profil/spieler/47877","Left Winger","25","Romania","AEK Athens","Super League 1","Greece",NA,TRUE,"End of loan Jun 30, 2010","Summer",NA,NA,NA,NA
"FC Rapid 1923","SuperLiga","Romania","2010","Departures","Diego Ciz","https://www.transfermarkt.com/diego-ciz/profil/spieler/82793","Left-Back","29","Uruguay","Olimpia",NA,"Paraguay",NA,TRUE,"End of loan Jun 30, 2010","Summer",NA,NA,NA,NA
"FC Rapid 1923","SuperLiga","Romania","2010","Departures","Edgars Gauracs","https://www.transfermarkt.com/edgars-gauracs/profil/spieler/44271","Centre-Forward","22","Latvia","JFK Ventspils","Virsliga","Latvia",NA,TRUE,"End of loan Jun 30, 2010","Summer",NA,NA,NA,NA
"FC Rapid 1923","SuperLiga","Romania","2010","Arrivals","Pavel Vidanov","https://www.transfermarkt.com/pavel-vidanov/profil/spieler/87273","Centre-Back","22","Bulgaria","CSKA Sofia","efbet Liga","Bulgaria",450000,TRUE,NA,"Winter",10,6,0,437
"FC Rapid 1923","SuperLiga","Romania","2010","Arrivals","Daniel Pancu","https://www.transfermarkt.com/daniel-pancu/profil/spieler/6888","Centre-Forward","33","Romania","FC Vaslui","SuperLiga","Romania",0,FALSE,NA,"Winter",13,10,3,512
"FC Rapid 1923","SuperLiga","Romania","2010","Arrivals","Olberdam","https://www.transfermarkt.com/olberdam/profil/spieler/33537","Central Midfield","25","Brazil","Marítimo","Liga Portugal","Portugal",NA,TRUE,"loan transfer","Winter",16,12,0,731
"FC Rapid 1923","SuperLiga","Romania","2010","Arrivals","Andrei Ciolacu","https://www.transfermarkt.com/andrei-ciolacu/profil/spieler/186247","Centre-Forward","18","Romania","Rapid 1923 II",NA,"Romania",NA,FALSE,"-","Winter",3,1,0,4
"FC Rapid 1923","SuperLiga","Romania","2010","Departures","Ștefan Mardare","https://www.transfermarkt.com/stefan-mardare/profil/spieler/46586","Centre-Back","23","Romania","Debrecen","NB I.","Hungary",0,FALSE,NA,"Winter",3,0,0,0
"FC Rapid 1923","SuperLiga","Romania","2010","Departures","Octavian Ionescu","https://www.transfermarkt.com/octavian-ionescu/profil/spieler/209073","Centre-Back","20","Romania","Unknown",NA,NA,0,FALSE,NA,"Winter",NA,NA,NA,NA
"FC Rapid 1923","SuperLiga","Romania","2010","Departures","Ricardo Fernandes","https://www.transfermarkt.com/ricardo-fernandes/profil/spieler/14365","Centre-Back","32","Portugal","Rio Ave","Liga Portugal","Portugal",NA,FALSE,"?","Winter",3,0,0,0
"FC Rapid 1923","SuperLiga","Romania","2010","Departures","Lucian Raduta","https://www.transfermarkt.com/lucian-raduta/profil/spieler/53978","Centre-Forward","22","Romania","ASA Tg. Mures","SuperLiga","Romania",NA,TRUE,"loan transfer","Winter",9,6,0,155
"FC Rapid 1923","SuperLiga","Romania","2010","Departures","Alexandru Dobroiu","https://www.transfermarkt.com/alexandru-dobroiu/profil/spieler/53883","Centre-Forward","22","Romania","Pandurii ","SuperLiga","Romania",NA,TRUE,"loan transfer","Winter",2,1,0,1
"FC Rapid 1923","SuperLiga","Romania","2010","Departures","Virgil Drăghia","https://www.transfermarkt.com/virgil-draghia/profil/spieler/122652","Goalkeeper","20","Romania","Daco-Getica","Liga 2","Romania",NA,TRUE,"loan transfer","Winter",NA,NA,NA,NA
"FC Rapid 1923","SuperLiga","Romania","2010","Departures","Alexandru Coman","https://www.transfermarkt.com/alexandru-coman/profil/spieler/143229","Centre-Back","19","Romania","Daco-Getica","Liga 2","Romania",NA,TRUE,"loan transfer","Winter",1,0,0,0
"FC Rapid 1923","SuperLiga","Romania","2010","Departures","Marius Constantin","https://www.transfermarkt.com/marius-constantin/profil/spieler/34503","Centre-Back","26","Romania","Rapid 1923 II",NA,"Romania",NA,FALSE,"-","Winter",20,20,2,1624
"Unirea Urziceni ( - 2011)",NA,NA,"2010","Arrivals","Maurice Dalé","https://www.transfermarkt.com/maurice-dale/profil/spieler/75645","Centre-Forward","24","France","AC Arles","Ligue 1","France",3e+05,FALSE,NA,"Summer",9,7,0,158
"Unirea Urziceni ( - 2011)",NA,NA,"2010","Arrivals","Artavazd Karamyan","https://www.transfermarkt.com/artavazd-karamyan/profil/spieler/34504","Left Midfield","30","Armenia","FCSB","SuperLiga","Romania",0,FALSE,NA,"Summer",4,4,0,299
"Unirea Urziceni ( - 2011)",NA,NA,"2010","Arrivals","Arman Karamyan","https://www.transfermarkt.com/arman-karamyan/profil/spieler/44091","Left Winger","30","Armenia","FCSB","SuperLiga","Romania",0,FALSE,NA,"Summer",8,7,0,412
"Unirea Urziceni ( - 2011)",NA,NA,"2010","Arrivals","George Blay","https://www.transfermarkt.com/george-blay/profil/spieler/12499","Right-Back","30","Ghana","Curtea de Arges",NA,"Romania",0,FALSE,NA,"Summer",15,12,0,960
"Unirea Urziceni ( - 2011)",NA,NA,"2010","Arrivals","Adrian Neaga","https://www.transfermarkt.com/adrian-neaga/profil/spieler/26499","Centre-Forward","31","Romania","Neftchi PFK","Premyer Liqa","Azerbaijan",0,FALSE,NA,"Summer",11,11,0,424
"Unirea Urziceni ( - 2011)",NA,NA,"2010","Arrivals","Petre Marin","https://www.transfermarkt.com/petre-marin/profil/spieler/26498","Left-Back","36","Romania","FCSB","SuperLiga","Romania",0,FALSE,NA,"Summer",9,6,0,525
"Unirea Urziceni ( - 2011)",NA,NA,"2010","Arrivals","Cornel Cernea","https://www.transfermarkt.com/cornel-cernea/profil/spieler/34934","Goalkeeper","34","Romania","Vic. Branesti","SuperLiga","Romania",0,FALSE,NA,"Summer",25,13,0,1121
"Unirea Urziceni ( - 2011)",NA,NA,"2010","Arrivals","Petre Goge","https://www.transfermarkt.com/petre-goge/profil/spieler/164737","Left-Back","18","Romania","Rm. Valcea","Liga II - Seria II","Romania",0,FALSE,NA,"Summer",10,10,0,675
"Unirea Urziceni ( - 2011)",NA,NA,"2010","Arrivals","Nicolae Musat","https://www.transfermarkt.com/nicolae-musat/profil/spieler/53196","Left-Back","23","Romania","FC Dinamo","SuperLiga","Romania",NA,TRUE,"loan transfer","Summer",14,14,0,1260
"Unirea Urziceni ( - 2011)",NA,NA,"2010","Arrivals","Lucian Filip","https://www.transfermarkt.com/lucian-filip/profil/spieler/60880","Defensive Midfield","19","Romania","FCSB","SuperLiga","Romania",NA,TRUE,"loan transfer","Summer",11,5,0,217
"Unirea Urziceni ( - 2011)",NA,NA,"2010","Arrivals","Apostol Muzac","https://www.transfermarkt.com/apostol-muzac/profil/spieler/48655","Centre-Forward","23","Romania","FCSB II","Liga 2","Romania",NA,TRUE,"loan transfer","Summer",27,26,0,1929
"Unirea Urziceni ( - 2011)",NA,NA,"2010","Arrivals","Florentin Matei","https://www.transfermarkt.com/florentin-matei/profil/spieler/147998","Attacking Midfield","17","Romania","FCSB","SuperLiga","Romania",NA,TRUE,"loan transfer","Summer",14,7,0,190
"Unirea Urziceni ( - 2011)",NA,NA,"2010","Arrivals","Cristian Pazon","https://www.transfermarkt.com/cristian-pazon/profil/spieler/287439","Left-Back","18","Romania","FCSB","SuperLiga","Romania",NA,TRUE,"loan transfer","Summer",NA,NA,NA,NA
"Unirea Urziceni ( - 2011)",NA,NA,"2010","Arrivals","Robert Vaduva","https://www.transfermarkt.com/robert-vaduva/profil/spieler/148005","Centre-Forward","17","Romania","FCSB II","Liga 2","Romania",NA,TRUE,"loan transfer","Summer",12,5,0,122
"Unirea Urziceni ( - 2011)",NA,NA,"2010","Arrivals","Cristian Bălgrădean","https://www.transfermarkt.com/cristian-balgradean/profil/spieler/158839","Goalkeeper","22","Romania","FC Dinamo","SuperLiga","Romania",NA,TRUE,"loan transfer","Summer",14,5,0,410
"Unirea Urziceni ( - 2011)",NA,NA,"2010","Arrivals","Marius Batfoi","https://www.transfermarkt.com/marius-batfoi/profil/spieler/96838","Centre-Forward","20","Romania","FCSB II","Liga 2","Romania",NA,TRUE,"loan transfer","Summer",11,5,1,125
"Unirea Urziceni ( - 2011)",NA,NA,"2010","Arrivals","Valeriu Lupu","https://www.transfermarkt.com/valeriu-lupu/profil/spieler/147996","Left-Back","19","Romania","FCSB II","Liga 2","Romania",NA,TRUE,"loan transfer","Summer",28,18,0,990
"Unirea Urziceni ( - 2011)",NA,NA,"2010","Arrivals","Alin Toșca","https://www.transfermarkt.com/alin-tosca/profil/spieler/148004","Centre-Back","18","Romania","FCSB II","Liga 2","Romania",NA,TRUE,"loan transfer","Summer",29,19,0,1212
"Unirea Urziceni ( - 2011)",NA,NA,"2010","Arrivals","Dan Matei","https://www.transfermarkt.com/dan-matei/profil/spieler/46589","Centre-Back","29","Romania","Gloria Bistrita","SuperLiga","Romania",NA,TRUE,"End of loan Jun 30, 2010","Summer",1,1,0,45
"Unirea Urziceni ( - 2011)",NA,NA,"2010","Arrivals","Sorin Rădoi","https://www.transfermarkt.com/sorin-radoi/profil/spieler/47180","Right-Back","25","Romania","Alba Iulia","SuperLiga","Romania",NA,TRUE,"End of loan Jun 30, 2010","Summer",NA,NA,NA,NA
"Unirea Urziceni ( - 2011)",NA,NA,"2010","Arrivals","Daniel Stan","https://www.transfermarkt.com/daniel-stan/profil/spieler/47469","Left Winger","31","Romania","Curtea de Arges","SuperLiga","Romania",NA,TRUE,"End of loan Jun 30, 2010","Summer",NA,NA,NA,NA
"Unirea Urziceni ( - 2011)",NA,NA,"2010","Arrivals","Szabolcs Szekely","https://www.transfermarkt.com/szabolcs-szekely/profil/spieler/48908","Centre-Forward","25","Romania","Ariesul Turda","Liga II - Seria II","Romania",NA,TRUE,"End of loan Jun 30, 2010","Summer",NA,NA,NA,NA
"Unirea Urziceni ( - 2011)",NA,NA,"2010","Departures","Marius Bilașco","https://www.transfermarkt.com/marius-bilasco/profil/spieler/46505","Centre-Forward","29","Romania","FCSB","SuperLiga","Romania",1350000,FALSE,NA,"Summer",10,10,2,901
"Unirea Urziceni ( - 2011)",NA,NA,"2010","Departures","Pablo Brandán","https://www.transfermarkt.com/pablo-brandan/profil/spieler/51711","Central Midfield","27","Argentina","FCSB","SuperLiga","Romania",1300000,FALSE,NA,"Summer",10,10,0,930
"Unirea Urziceni ( - 2011)",NA,NA,"2010","Departures","Giedrius Arlauskis","https://www.transfermarkt.com/giedrius-arlauskis/profil/spieler/69001","Goalkeeper","22","Lithuania","Rubin Kazan","Premier Liga","Russia",1e+06,FALSE,NA,"Summer",6,6,0,570
"Unirea Urziceni ( - 2011)",NA,NA,"2010","Departures","Iulian Apostol","https://www.transfermarkt.com/iulian-apostol/profil/spieler/46489","Central Midfield","29","Romania","FCSB","SuperLiga","Romania",750000,FALSE,NA,"Summer",11,11,1,724
"Unirea Urziceni ( - 2011)",NA,NA,"2010","Departures","George Galamaz","https://www.transfermarkt.com/george-galamaz/profil/spieler/26035","Centre-Back","29","Romania","FCSB","SuperLiga","Romania",6e+05,FALSE,NA,"Summer",11,11,0,1020
"Unirea Urziceni ( - 2011)",NA,NA,"2010","Departures","Ricardo Gomes","https://www.transfermarkt.com/ricardo-gomes/profil/spieler/48845","Defensive Midfield","29","Brazil","FCSB","SuperLiga","Romania",250000,FALSE,NA,"Summer",NA,NA,NA,NA
"Unirea Urziceni ( - 2011)",NA,NA,"2010","Departures","Laurențiu Marinescu","https://www.transfermarkt.com/laurentiu-marinescu/profil/spieler/123854","Attacking Midfield","26","Romania","FCSB","SuperLiga","Romania",2e+05,FALSE,NA,"Summer",10,8,1,693
"Unirea Urziceni ( - 2011)",NA,NA,"2010","Departures","Sorin Frunză","https://www.transfermarkt.com/sorin-frunza/profil/spieler/26648","Left Midfield","32","Romania","FC Rapid 1923","SuperLiga","Romania",0,FALSE,NA,"Summer",10,10,1,770
"Unirea Urziceni ( - 2011)",NA,NA,"2010","Departures","Bruno Fernandes","https://www.transfermarkt.com/bruno-fernandes/profil/spieler/25158","Centre-Back","31","Guinea-Bissau","ASA Tg. Mures","SuperLiga","Romania",0,FALSE,NA,"Summer",3,0,0,0
"Unirea Urziceni ( - 2011)",NA,NA,"2010","Departures","Sorin Paraschiv","https://www.transfermarkt.com/sorin-paraschiv/profil/spieler/26503","Defensive Midfield","29","Romania","Volyn Lutsk","Premier Liga","Ukraine",0,FALSE,NA,"Summer",8,5,0,354
"Unirea Urziceni ( - 2011)",NA,NA,"2010","Departures","Adrian Neaga","https://www.transfermarkt.com/adrian-neaga/profil/spieler/26499","Centre-Forward","31","Romania","Volyn Lutsk","Premier Liga","Ukraine",0,FALSE,NA,"Summer",11,11,0,424
"Unirea Urziceni ( - 2011)",NA,NA,"2010","Departures","Dan Matei","https://www.transfermarkt.com/dan-matei/profil/spieler/46589","Centre-Back","29","Romania","ASA Tg. Mures","SuperLiga","Romania",0,FALSE,NA,"Summer",1,1,0,45
"Unirea Urziceni ( - 2011)",NA,NA,"2010","Departures","Sorin Rădoi","https://www.transfermarkt.com/sorin-radoi/profil/spieler/47180","Right-Back","25","Romania","Chindia",NA,"Romania",0,FALSE,NA,"Summer",NA,NA,NA,NA
"Unirea Urziceni ( - 2011)",NA,NA,"2010","Departures","Cătălin Grigore","https://www.transfermarkt.com/catalin-grigore/profil/spieler/33743","Goalkeeper","32","Romania","Astra Giurgiu","SuperLiga","Romania",0,FALSE,NA,"Summer",9,5,0,450
"Unirea Urziceni ( - 2011)",NA,NA,"2010","Departures","Daniel Munteanu","https://www.transfermarkt.com/daniel-munteanu/profil/spieler/48879","Centre-Back","32","Romania","U Cluj","SuperLiga","Romania",0,FALSE,NA,"Summer",NA,NA,NA,NA
"Unirea Urziceni ( - 2011)",NA,NA,"2010","Departures","Daniel Tudor","https://www.transfermarkt.com/daniel-tudor/profil/spieler/48913","Goalkeeper","36","Romania","Daco-Getica","Liga 2","Romania",0,FALSE,NA,"Summer",4,0,0,0
"Unirea Urziceni ( - 2011)",NA,NA,"2010","Departures","Marius Onofraș","https://www.transfermarkt.com/marius-onofras/profil/spieler/47500","Right Winger","30","Romania","FCSB","SuperLiga","Romania",NA,FALSE,"?","Summer",11,11,0,641
"Unirea Urziceni ( - 2011)",NA,NA,"2010","Departures","Valeriu Bordeanu","https://www.transfermarkt.com/valeriu-bordeanu/profil/spieler/25848","Left-Back","33","Romania","FC Dinamo","SuperLiga","Romania",NA,FALSE,"?","Summer",9,8,1,675
"Unirea Urziceni ( - 2011)",NA,NA,"2010","Departures","Daniel Stan","https://www.transfermarkt.com/daniel-stan/profil/spieler/47469","Left Winger","31","Romania","Petrolul","Liga II - Seria II","Romania",NA,FALSE,"?","Summer",NA,NA,NA,NA
"Unirea Urziceni ( - 2011)",NA,NA,"2010","Departures","Szabolcs Szekely","https://www.transfermarkt.com/szabolcs-szekely/profil/spieler/48908","Centre-Forward","25","Romania","ACS Recas",NA,"Romania",NA,FALSE,"?","Summer",NA,NA,NA,NA
"Unirea Urziceni ( - 2011)",NA,NA,"2010","Departures","Maurice Dalé","https://www.transfermarkt.com/maurice-dale/profil/spieler/75645","Centre-Forward","25","France","Panserraikos","Super League 1","Greece",NA,TRUE,"loan transfer","Summer",9,7,0,158
"Unirea Urziceni ( - 2011)",NA,NA,"2010","Departures","Petre Marin","https://www.transfermarkt.com/petre-marin/profil/spieler/26498","Left-Back","36","Romania","Without Club",NA,NA,NA,FALSE,"-","Summer",9,6,0,525
"Unirea Urziceni ( - 2011)",NA,NA,"2010","Arrivals","Iulian Apostol","https://www.transfermarkt.com/iulian-apostol/profil/spieler/46489","Central Midfield","30","Romania","FCSB","SuperLiga","Romania",0,FALSE,NA,"Winter",11,11,1,724
"Unirea Urziceni ( - 2011)",NA,NA,"2010","Arrivals","Adrian Mihalcea","https://www.transfermarkt.com/adrian-mihalcea/profil/spieler/21869","Centre-Forward","34","Romania","Astra Giurgiu","SuperLiga","Romania",0,FALSE,NA,"Winter",15,15,3,1020
"Unirea Urziceni ( - 2011)",NA,NA,"2010","Arrivals","Alexandru Paduretu","https://www.transfermarkt.com/alexandru-paduretu/profil/spieler/185149","Central Midfield","24","Romania","Callatis",NA,"Romania",NA,FALSE,"?","Winter",NA,NA,NA,NA
"Unirea Urziceni ( - 2011)",NA,NA,"2010","Arrivals","Ioan Mera","https://www.transfermarkt.com/ioan-mera/profil/spieler/103523","Centre-Back","23","Romania","Poli. Timisoara","SuperLiga","Romania",NA,TRUE,"loan transfer","Winter",13,12,0,950
"Unirea Urziceni ( - 2011)",NA,NA,"2010","Arrivals","Mihai Onicas","https://www.transfermarkt.com/mihai-onicas/profil/spieler/115242","Defensive Midfield","21","Romania","FCSB","SuperLiga","Romania",NA,TRUE,"loan transfer","Winter",9,8,0,627
"Unirea Urziceni ( - 2011)",NA,NA,"2010","Arrivals","Sergiu Homei","https://www.transfermarkt.com/sergiu-homei/profil/spieler/48140","Right-Back","23","Romania","FC Dinamo","SuperLiga","Romania",NA,TRUE,"loan transfer","Winter",3,3,0,238
"Unirea Urziceni ( - 2011)",NA,NA,"2010","Arrivals","George Curca","https://www.transfermarkt.com/george-curca/profil/spieler/46529","Goalkeeper","29","Romania","FC Dinamo","SuperLiga","Romania",NA,TRUE,"loan transfer","Winter",15,13,0,1148
"Unirea Urziceni ( - 2011)",NA,NA,"2010","Arrivals","Adrian Senin","https://www.transfermarkt.com/adrian-senin/profil/spieler/46647","Left-Back","31","Romania","Astra II","Liga 2","Romania",NA,TRUE,"loan transfer","Winter",13,10,0,586
"Unirea Urziceni ( - 2011)",NA,NA,"2010","Arrivals","Artur Patras","https://www.transfermarkt.com/artur-patras/profil/spieler/104065","Central Midfield","22","Moldova","Poli. Timisoara","SuperLiga","Romania",NA,TRUE,"loan transfer","Winter",9,8,2,719
"Unirea Urziceni ( - 2011)",NA,NA,"2010","Arrivals","Georgian Tobă","https://www.transfermarkt.com/georgian-toba/profil/spieler/156901","Right Winger","21","Romania","U Cluj","SuperLiga","Romania",NA,TRUE,"loan transfer","Winter",12,12,1,869
"Unirea Urziceni ( - 2011)",NA,NA,"2010","Arrivals","Fabian Teusan","https://www.transfermarkt.com/fabian-teusan/profil/spieler/48910","Centre-Back","22","Romania","U Cluj","SuperLiga","Romania",NA,TRUE,"loan transfer","Winter",8,7,0,551
"Unirea Urziceni ( - 2011)",NA,NA,"2010","Arrivals","Marius Ioniță","https://www.transfermarkt.com/marius-ionita/profil/spieler/177633","Centre-Back","20","Romania","Dinamo II","Liga 2","Romania",NA,TRUE,"loan transfer","Winter",NA,NA,NA,NA
"Unirea Urziceni ( - 2011)",NA,NA,"2010","Arrivals","Georgian Busca","https://www.transfermarkt.com/georgian-busca/profil/spieler/176258","Right-Back","25","Romania","U Cluj","SuperLiga","Romania",NA,TRUE,"loan transfer","Winter",14,10,0,822
"Unirea Urziceni ( - 2011)",NA,NA,"2010","Arrivals","Bogdan Mustata","https://www.transfermarkt.com/bogdan-mustata/profil/spieler/147999","Right-Back","20","Romania","FCSB II","Liga 2","Romania",NA,TRUE,"loan transfer","Winter",6,4,0,243
"Unirea Urziceni ( - 2011)",NA,NA,"2010","Arrivals","Sergiu Scărlătescu","https://www.transfermarkt.com/sergiu-scarlatescu/profil/spieler/177652","Right Midfield","22","Romania","Dinamo II","Liga 2","Romania",NA,TRUE,"loan transfer","Winter",NA,NA,NA,NA
"Unirea Urziceni ( - 2011)",NA,NA,"2010","Arrivals","Georgian Marcu","https://www.transfermarkt.com/georgian-marcu/profil/spieler/179655","Central Midfield","22","Romania","Astra II","Liga 2","Romania",NA,TRUE,"loan transfer","Winter",NA,NA,NA,NA
"Unirea Urziceni ( - 2011)",NA,NA,"2010","Arrivals","Paul Tene","https://www.transfermarkt.com/paul-tene/profil/spieler/179660","Left Midfield","19","Romania","U Cluj","SuperLiga","Romania",NA,TRUE,"loan transfer","Winter",NA,NA,NA,NA
"Unirea Urziceni ( - 2011)",NA,NA,"2010","Arrivals","Felix Manciu","https://www.transfermarkt.com/felix-manciu/profil/spieler/394482","Goalkeeper","19","Romania","Urziceni U19",NA,"Romania",NA,FALSE,"-","Winter",NA,NA,NA,NA
"Unirea Urziceni ( - 2011)",NA,NA,"2010","Departures","Vasile Maftei","https://www.transfermarkt.com/vasile-maftei/profil/spieler/34505","Centre-Back","30","Romania","CFR Cluj","SuperLiga","Romania",5e+05,FALSE,NA,"Winter",22,21,2,1879
"Unirea Urziceni ( - 2011)",NA,NA,"2010","Departures","António Semedo","https://www.transfermarkt.com/antonio-semedo/profil/spieler/13207","Right Winger","31","Portugal","Alki Larnaca","Cyprus League","Cyprus",0,FALSE,NA,"Winter",23,18,3,1469
"Unirea Urziceni ( - 2011)",NA,NA,"2010","Departures","Dinu Todoran","https://www.transfermarkt.com/dinu-todoran/profil/spieler/46666","Attacking Midfield","32","Romania","Vic. Branesti","SuperLiga","Romania",0,FALSE,NA,"Winter",17,17,3,1399
"Unirea Urziceni ( - 2011)",NA,NA,"2010","Departures","Petre Goge","https://www.transfermarkt.com/petre-goge/profil/spieler/164737","Left-Back","19","Romania","ALRO Slatina","Liga II - Seria II","Romania",0,FALSE,NA,"Winter",10,10,0,675
"Unirea Urziceni ( - 2011)",NA,NA,"2010","Departures","Ersin Mehmedovic","https://www.transfermarkt.com/ersin-mehmedovic/profil/spieler/15539","Centre-Back","29","Serbia","FC Dinamo","SuperLiga","Romania",NA,FALSE,"?","Winter",19,15,0,1317
"Unirea Urziceni ( - 2011)",NA,NA,"2010","Departures","Artavazd Karamyan","https://www.transfermarkt.com/artavazd-karamyan/profil/spieler/34504","Left Midfield","31","Armenia","Without Club",NA,NA,NA,FALSE,"-","Winter",4,4,0,299
"Unirea Urziceni ( - 2011)",NA,NA,"2010","Departures","Arman Karamyan","https://www.transfermarkt.com/arman-karamyan/profil/spieler/44091","Left Winger","31","Armenia","Without Club",NA,NA,NA,FALSE,"-","Winter",8,7,0,412
"Unirea Urziceni ( - 2011)",NA,NA,"2010","Departures","Nicolae Musat","https://www.transfermarkt.com/nicolae-musat/profil/spieler/53196","Left-Back","23","Romania","FC Dinamo","SuperLiga","Romania",NA,TRUE,"End of loan Dec 1, 2010","Winter",14,14,0,1260
"Unirea Urziceni ( - 2011)",NA,NA,"2010","Departures","Cristian Bălgrădean","https://www.transfermarkt.com/cristian-balgradean/profil/spieler/158839","Goalkeeper","22","Romania","FC Dinamo","SuperLiga","Romania",NA,TRUE,"End of loan Dec 31, 2010","Winter",14,5,0,410
"Unirea Urziceni ( - 2011)",NA,NA,"2010","Departures","Lucian Filip","https://www.transfermarkt.com/lucian-filip/profil/spieler/60880","Defensive Midfield","20","Romania","FCSB","SuperLiga","Romania",NA,TRUE,"End of loan Dec 31, 2010","Winter",11,5,0,217
"Unirea Urziceni ( - 2011)",NA,NA,"2010","Departures","Robert Vaduva","https://www.transfermarkt.com/robert-vaduva/profil/spieler/148005","Centre-Forward","18","Romania","FCSB II","Liga 2","Romania",NA,TRUE,"End of loan Dec 31, 2010","Winter",12,5,0,122
"Unirea Urziceni ( - 2011)",NA,NA,"2010","Departures","Florentin Matei","https://www.transfermarkt.com/florentin-matei/profil/spieler/147998","Attacking Midfield","17","Romania","FCSB","SuperLiga","Romania",NA,TRUE,"End of loan Dec 31, 2010","Winter",14,7,0,190
"Unirea Urziceni ( - 2011)",NA,NA,"2010","Departures","Marius Batfoi","https://www.transfermarkt.com/marius-batfoi/profil/spieler/96838","Centre-Forward","20","Romania","FCSB II","Liga 2","Romania",NA,TRUE,"End of loan Dec 31, 2010","Winter",11,5,1,125
"FC U Craiova 1948",NA,NA,"2010","Arrivals","Dorel Stoica","https://www.transfermarkt.com/dorel-stoica/profil/spieler/47584","Defensive Midfield","31","Romania","FCSB","SuperLiga","Romania",1e+05,FALSE,NA,"Summer",31,31,4,2679
"FC U Craiova 1948",NA,NA,"2010","Arrivals","Emil Gargorov","https://www.transfermarkt.com/emil-gargorov/profil/spieler/3375","Attacking Midfield","29","Bulgaria","R. Strasbourg","Championnat National","France",0,FALSE,NA,"Summer",16,16,1,1081
"FC U Craiova 1948",NA,NA,"2010","Arrivals","David Lopes","https://www.transfermarkt.com/david-lopes/profil/spieler/37621","Centre-Back","27","Brazil","Córdoba CF","LaLiga2","Spain",0,FALSE,NA,"Summer",27,17,0,1295
"FC U Craiova 1948",NA,NA,"2010","Arrivals","Dumitru Hotoboc","https://www.transfermarkt.com/dumitru-hotoboc/profil/spieler/46563","Goalkeeper","31","Romania","Minerul Lupeni","Liga II - Seria II","Romania",0,FALSE,NA,"Summer",21,0,0,0
"FC U Craiova 1948",NA,NA,"2010","Arrivals","Madalin Ciuca","https://www.transfermarkt.com/madalin-ciuca/profil/spieler/47570","Centre-Back","27","Romania","Gloria Bistrita","SuperLiga","Romania",NA,FALSE,"?","Summer",21,20,2,1449
"FC U Craiova 1948",NA,NA,"2010","Arrivals","Wálter López","https://www.transfermarkt.com/walter-lopez/profil/spieler/58581","Left-Back","24","Uruguay","CA Cerro","Liga AUF Clausura","Uruguay",NA,TRUE,"loan transfer","Summer",7,4,0,315
"FC U Craiova 1948",NA,NA,"2010","Arrivals","Răzvan Stanca","https://www.transfermarkt.com/razvan-stanca/profil/spieler/46656","Goalkeeper","30","Romania","Pandurii ","SuperLiga","Romania",NA,TRUE,"loan transfer","Summer",14,12,0,1110
"FC U Craiova 1948",NA,NA,"2010","Arrivals","Julius Wobay","https://www.transfermarkt.com/julius-wobay/profil/spieler/47586","Left Winger","26","Sierra Leone","Aris Limassol","Cyprus League","Cyprus",NA,TRUE,"End of loan Jun 30, 2010","Summer",18,18,4,1371
"FC U Craiova 1948",NA,NA,"2010","Arrivals","Ovidiu Stoianof","https://www.transfermarkt.com/ovidiu-stoianof/profil/spieler/26694","Centre-Forward","25","Romania","Curtea de Arges","SuperLiga","Romania",NA,TRUE,"End of loan Jun 30, 2010","Summer",27,22,2,739
"FC U Craiova 1948",NA,NA,"2010","Departures","Eugen Trică","https://www.transfermarkt.com/eugen-trica/profil/spieler/26299","Attacking Midfield","33","Romania","Concordia","Liga 2","Romania",0,FALSE,NA,"Summer",NA,NA,NA,NA
"FC U Craiova 1948",NA,NA,"2010","Departures","Valentin Bădoi","https://www.transfermarkt.com/valentin-badoi/profil/spieler/34508","Right-Back","34","Romania","FC Brasov","SuperLiga","Romania",0,FALSE,NA,"Summer",NA,NA,NA,NA
"FC U Craiova 1948",NA,NA,"2010","Departures","Ivan Paunovic","https://www.transfermarkt.com/ivan-paunovic/profil/spieler/49768","Attacking Midfield","24","Serbia","Metalac","Super liga Srbije","Serbia",0,FALSE,NA,"Summer",NA,NA,NA,NA
"FC U Craiova 1948",NA,NA,"2010","Departures","Sorin Răducu","https://www.transfermarkt.com/sorin-raducu/profil/spieler/209090","Centre-Back","21","Romania","ALRO Slatina","Liga II - Seria II","Romania",0,FALSE,NA,"Summer",NA,NA,NA,NA
"FC U Craiova 1948",NA,NA,"2010","Departures","Dragos Stoiu","https://www.transfermarkt.com/dragos-stoiu/profil/spieler/323647","Midfielder","20","Romania","CS P. Craiova",NA,"Romania",0,FALSE,NA,"Summer",NA,NA,NA,NA
"FC U Craiova 1948",NA,NA,"2010","Departures","Pieter Merlier","https://www.transfermarkt.com/pieter-merlier/profil/spieler/19388","Goalkeeper","31","Belgium","Olsa Brakel",NA,"Belgium",NA,FALSE,"?","Summer",NA,NA,NA,NA
"FC U Craiova 1948",NA,NA,"2010","Departures","Irinel Gaman","https://www.transfermarkt.com/irinel-gaman/profil/spieler/47577","Midfielder","23","Romania","P. Timisoara B",NA,"Romania",NA,FALSE,"?","Summer",NA,NA,NA,NA
"FC U Craiova 1948",NA,NA,"2010","Departures","Marian Mecea","https://www.transfermarkt.com/marian-mecea/profil/spieler/129165","Goalkeeper","20","Romania","Minerul Lupeni","Liga II - Seria II","Romania",NA,FALSE,"?","Summer",NA,NA,NA,NA
"FC U Craiova 1948",NA,NA,"2010","Departures","Cristian Nedelcovici","https://www.transfermarkt.com/cristian-nedelcovici/profil/spieler/161037","Goalkeeper","17","Romania","Unknown",NA,NA,NA,FALSE,"?","Summer",0,0,0,0
"FC U Craiova 1948",NA,NA,"2010","Departures","Radu Barbu","https://www.transfermarkt.com/radu-barbu/profil/spieler/73797","Centre-Back","20","Romania","CFR Craiova",NA,"Romania",NA,TRUE,"loan transfer","Summer",NA,NA,NA,NA
"FC U Craiova 1948",NA,NA,"2010","Departures","Nelu Nicolae","https://www.transfermarkt.com/nelu-nicolae/profil/spieler/124426","Left Midfield","19","Romania","Rm. Valcea","Liga II - Seria II","Romania",NA,TRUE,"loan transfer","Summer",11,7,0,508
"FC U Craiova 1948",NA,NA,"2010","Departures","Dan Gogosoiu","https://www.transfermarkt.com/dan-gogosoiu/profil/spieler/81408","Centre-Forward","19","Romania","Rm. Valcea","Liga II - Seria II","Romania",NA,TRUE,"loan transfer","Summer",1,0,0,0
"FC U Craiova 1948",NA,NA,"2010","Departures","Sorin Bușu","https://www.transfermarkt.com/sorin-busu/profil/spieler/57679","Left-Back","21","Romania","CFR Craiova",NA,"Romania",NA,TRUE,"loan transfer","Summer",17,10,0,855
"FC U Craiova 1948",NA,NA,"2010","Departures","Ionut Popescu","https://www.transfermarkt.com/ionut-popescu/profil/spieler/96849","Centre-Back","20","Romania","Rm. Valcea","Liga II - Seria II","Romania",NA,TRUE,"loan transfer","Summer",1,0,0,0
"FC U Craiova 1948",NA,NA,"2010","Departures","Silviu Balace","https://www.transfermarkt.com/silviu-balace/profil/spieler/47867","Left-Back","31","Romania","FC Vaslui","SuperLiga","Romania",NA,TRUE,"End of loan Jun 30, 2010","Summer",NA,NA,NA,NA
"FC U Craiova 1948",NA,NA,"2010","Arrivals","Marco Zoro","https://www.transfermarkt.com/marco-zoro/profil/spieler/19138","Centre-Back","27","Cote d'Ivoire","Benfica","Liga Portugal","Portugal",0,FALSE,NA,"Winter",14,14,0,1260
"FC U Craiova 1948",NA,NA,"2010","Arrivals","Vlad Bujor","https://www.transfermarkt.com/vlad-bujor/profil/spieler/123230","Second Striker","22","Romania","Mersin TY","1.Lig","Türkiye",0,FALSE,NA,"Winter",7,4,0,105
"FC U Craiova 1948",NA,NA,"2010","Arrivals","Danijel Subotic","https://www.transfermarkt.com/danijel-subotic/profil/spieler/65297","Centre-Forward","22","Switzerland","Grosseto","Serie B","Italy",0,FALSE,NA,"Winter",16,16,5,1277
"FC U Craiova 1948",NA,NA,"2010","Arrivals","Wendel","https://www.transfermarkt.com/wendel/profil/spieler/52795","Defensive Midfield","26","Brazil","Santo André","Campeonato Paulista","Brazil",0,FALSE,NA,"Winter",12,3,0,207
"FC U Craiova 1948",NA,NA,"2010","Arrivals","Andrea Cossu","https://www.transfermarkt.com/andrea-cossu/profil/spieler/102402","Defensive Midfield","26","Nigeria","Triestina","Serie B","Italy",NA,FALSE,"?","Winter",0,0,0,0
"FC U Craiova 1948",NA,NA,"2010","Arrivals","Radu Barbu","https://www.transfermarkt.com/radu-barbu/profil/spieler/73797","Centre-Back","21","Romania","CFR Craiova",NA,"Romania",NA,TRUE,"End of loan Dec 31, 2010","Winter",NA,NA,NA,NA
"FC U Craiova 1948",NA,NA,"2010","Arrivals","Nelu Nicolae","https://www.transfermarkt.com/nelu-nicolae/profil/spieler/124426","Left Midfield","19","Romania","Rm. Valcea","Liga II - Seria II","Romania",NA,TRUE,"End of loan Dec 31, 2010","Winter",11,7,0,508
"FC U Craiova 1948",NA,NA,"2010","Arrivals","Sorin Bușu","https://www.transfermarkt.com/sorin-busu/profil/spieler/57679","Left-Back","21","Romania","CFR Craiova",NA,"Romania",NA,TRUE,"End of loan Dec 31, 2010","Winter",17,10,0,855
"FC U Craiova 1948",NA,NA,"2010","Arrivals","Olivian Surugiu","https://www.transfermarkt.com/olivian-surugiu/profil/spieler/184434","Right Midfield","20","Romania","CFR Craiova",NA,"Romania",NA,TRUE,"End of loan Dec 31, 2010","Winter",4,3,0,63
"FC U Craiova 1948",NA,NA,"2010","Departures","Julius Wobay","https://www.transfermarkt.com/julius-wobay/profil/spieler/47586","Left Winger","26","Sierra Leone","Khazar Lankaran","Premyer Liqa","Azerbaijan",250000,FALSE,NA,"Winter",18,18,4,1371
"FC U Craiova 1948",NA,NA,"2010","Departures","Valerică Găman","https://www.transfermarkt.com/valerica-gaman/profil/spieler/47576","Centre-Back","22","Romania","FC Dinamo","SuperLiga","Romania",0,FALSE,NA,"Winter",20,20,2,1816
"FC U Craiova 1948",NA,NA,"2010","Departures","Valentin Iliev","https://www.transfermarkt.com/valentin-iliev/profil/spieler/35259","Centre-Back","30","Bulgaria","FCSB","SuperLiga","Romania",0,FALSE,NA,"Winter",10,10,3,854
"FC U Craiova 1948",NA,NA,"2010","Departures","Ștefan Bărboianu","https://www.transfermarkt.com/stefan-barboianu/profil/spieler/47568","Right-Back","23","Romania","FC Dinamo","SuperLiga","Romania",0,FALSE,NA,"Winter",20,17,0,1502
"FC U Craiova 1948",NA,NA,"2010","Departures","Emil Gargorov","https://www.transfermarkt.com/emil-gargorov/profil/spieler/3375","Attacking Midfield","29","Bulgaria","CSKA Sofia","efbet Liga","Bulgaria",0,FALSE,NA,"Winter",16,16,1,1081
"FC U Craiova 1948",NA,NA,"2010","Departures","Alexandru Pițurcă","https://www.transfermarkt.com/alexandru-piturca/profil/spieler/7260","Centre-Forward","27","Romania","Khazar Lankaran","Premyer Liqa","Azerbaijan",0,FALSE,NA,"Winter",17,15,4,1134
"FC U Craiova 1948",NA,NA,"2010","Departures","Radu Barbu","https://www.transfermarkt.com/radu-barbu/profil/spieler/73797","Centre-Back","21","Romania","Petrolul","Liga II - Seria II","Romania",0,FALSE,NA,"Winter",NA,NA,NA,NA
"FC U Craiova 1948",NA,NA,"2010","Departures","Spase Dilevski","https://www.transfermarkt.com/spase-dilevski/profil/spieler/6856","Defensive Midfield","25","Australia","Without Club",NA,NA,NA,FALSE,"-","Winter",20,16,0,1017
"FC U Craiova 1948",NA,NA,"2010","Departures","Răzvan Stanca","https://www.transfermarkt.com/razvan-stanca/profil/spieler/46656","Goalkeeper","30","Romania","Pandurii ","SuperLiga","Romania",NA,TRUE,"End of loan Dec 30, 2010","Winter",14,12,0,1110
"FC Vaslui (- 2014)",NA,NA,"2010","Arrivals","Christian Pouga","https://www.transfermarkt.com/christian-pouga/profil/spieler/41208","Centre-Forward","24","Cameroon","Sevilla Atl.","2ª B - Grupo IV","Spain",250000,FALSE,NA,"Summer",29,23,3,879
"FC Vaslui (- 2014)",NA,NA,"2010","Arrivals","Yero Bello","https://www.transfermarkt.com/yero-bello/profil/spieler/121417","Centre-Forward","22","Nigeria","Maccabi Haifa","Ligat ha'Al","Israel",150000,FALSE,NA,"Summer",32,29,4,1759
"FC Vaslui (- 2014)",NA,NA,"2010","Arrivals","Adaílton","https://www.transfermarkt.com/adailton/profil/spieler/21853","Second Striker","33","Brazil","Bologna","Serie A","Italy",0,FALSE,NA,"Summer",32,30,11,2266
"FC Vaslui (- 2014)",NA,NA,"2010","Arrivals","Alejandro Campano","https://www.transfermarkt.com/alejandro-campano/profil/spieler/7680","Right Midfield","31","Spain","Gimnàstic","LaLiga2","Spain",0,FALSE,NA,"Summer",28,17,0,885
"FC Vaslui (- 2014)",NA,NA,"2010","Arrivals","David Rivas","https://www.transfermarkt.com/david-rivas/profil/spieler/7650","Centre-Back","31","Spain","Real Betis","LaLiga2","Spain",0,FALSE,NA,"Summer",24,13,0,947
"FC Vaslui (- 2014)",NA,NA,"2010","Arrivals","Daniel Pancu","https://www.transfermarkt.com/daniel-pancu/profil/spieler/6888","Centre-Forward","32","Romania","CSKA Sofia","efbet Liga","Bulgaria",0,FALSE,NA,"Summer",10,6,0,135
"FC Vaslui (- 2014)",NA,NA,"2010","Arrivals","Vytautas Černiauskas","https://www.transfermarkt.com/vytautas-cerniauskas/profil/spieler/97830","Goalkeeper","21","Lithuania","Ekranas","A Lyga","Lithuania",0,FALSE,NA,"Summer",32,4,0,360
"FC Vaslui (- 2014)",NA,NA,"2010","Arrivals","Richard Annang","https://www.transfermarkt.com/richard-annang/profil/spieler/112605","Left-Back","19","Ghana","Tema Youth",NA,"Ghana",NA,FALSE,"?","Summer",12,6,0,400
"FC Vaslui (- 2014)",NA,NA,"2010","Arrivals","Rodolfo Bodipo","https://www.transfermarkt.com/rodolfo-bodipo/profil/spieler/7867","Centre-Forward","32","Equatorial Guinea","Dep. La Coruña","LaLiga","Spain",NA,TRUE,"loan transfer","Summer",4,3,0,173
"FC Vaslui (- 2014)",NA,NA,"2010","Arrivals","Silviu Balace","https://www.transfermarkt.com/silviu-balace/profil/spieler/47867","Left-Back","31","Romania","FC U Craiova","SuperLiga","Romania",NA,TRUE,"End of loan Jun 30, 2010","Summer",26,16,1,1086
"FC Vaslui (- 2014)",NA,NA,"2010","Arrivals","Nemanja Jovanovic","https://www.transfermarkt.com/nemanja-jovanovic/profil/spieler/47878","Centre-Forward","26","Serbia","Alba Iulia","SuperLiga","Romania",NA,TRUE,"End of loan Jun 30, 2010","Summer",NA,NA,NA,NA
"FC Vaslui (- 2014)",NA,NA,"2010","Arrivals","Bogdan Panait","https://www.transfermarkt.com/bogdan-panait/profil/spieler/43762","Centre-Back","27","Romania","CS Otopeni","Liga II - Seria II","Romania",NA,TRUE,"End of loan Jun 30, 2010","Summer",NA,NA,NA,NA
"FC Vaslui (- 2014)",NA,NA,"2010","Arrivals","Vasile Buhaescu","https://www.transfermarkt.com/vasile-buhaescu/profil/spieler/48775","Centre-Forward","22","Romania","Concordia","Liga 2","Romania",NA,TRUE,"End of loan Jun 30, 2010","Summer",NA,NA,NA,NA
"FC Vaslui (- 2014)",NA,NA,"2010","Arrivals","Dorian Andronic","https://www.transfermarkt.com/dorian-andronic/profil/spieler/48773","Centre-Back","20","Romania","CS Otopeni","Liga II - Seria II","Romania",NA,TRUE,"End of loan Jun 30, 2010","Summer",NA,NA,NA,NA
"FC Vaslui (- 2014)",NA,NA,"2010","Departures","Marko Ljubinkovic","https://www.transfermarkt.com/marko-ljubinkovic/profil/spieler/36023","Attacking Midfield","28","Serbia","Sloboda Uzice","Super liga Srbije","Serbia",0,FALSE,NA,"Summer",NA,NA,NA,NA
"FC Vaslui (- 2014)",NA,NA,"2010","Departures","Bogdan Buhus","https://www.transfermarkt.com/bogdan-buhus/profil/spieler/26641","Right-Back","30","Romania","U Cluj","SuperLiga","Romania",0,FALSE,NA,"Summer",NA,NA,NA,NA
"FC Vaslui (- 2014)",NA,NA,"2010","Departures","Stéphane Zubar","https://www.transfermarkt.com/stephane-zubar/profil/spieler/56829","Centre-Back","23","Guadeloupe","Plymouth","League One","England",0,FALSE,NA,"Summer",NA,NA,NA,NA
"FC Vaslui (- 2014)",NA,NA,"2010","Departures","Dinu Sânmărtean","https://www.transfermarkt.com/dinu-sanmartean/profil/spieler/46642","Left-Back","28","Romania","CSM Deva","Liga II - Seria II","Romania",0,FALSE,NA,"Summer",NA,NA,NA,NA
"FC Vaslui (- 2014)",NA,NA,"2010","Departures","Neven Markovic","https://www.transfermarkt.com/neven-markovic/profil/spieler/51913","Left-Back","23","Croatia","Kerkyraikos","Super League 1","Greece",0,FALSE,NA,"Summer",NA,NA,NA,NA
"FC Vaslui (- 2014)",NA,NA,"2010","Departures","Roberto Delgado","https://www.transfermarkt.com/roberto-delgado/profil/spieler/16856","Second Striker","24","Italy","U Cluj","SuperLiga","Romania",NA,FALSE,"?","Summer",NA,NA,NA,NA
"FC Vaslui (- 2014)",NA,NA,"2010","Departures","Bogdan Panait","https://www.transfermarkt.com/bogdan-panait/profil/spieler/43762","Centre-Back","27","Romania","ACSM Poli Iasi","Liga II - Seria II","Romania",NA,FALSE,"?","Summer",NA,NA,NA,NA
"FC Vaslui (- 2014)",NA,NA,"2010","Departures","Alessio Chiaverini","https://www.transfermarkt.com/alessio-chiaverini/profil/spieler/339239","Goalkeeper","25","Italy","Biellese",NA,"Italy",NA,FALSE,"?","Summer",NA,NA,NA,NA
"FC Vaslui (- 2014)",NA,NA,"2010","Departures","Marius Stefoi","https://www.transfermarkt.com/marius-stefoi/profil/spieler/64242","Right Midfield","20","Romania","Armătura Zalău",NA,"Romania",NA,TRUE,"loan transfer","Summer",0,0,0,0
"FC Vaslui (- 2014)",NA,NA,"2010","Departures","Ionuț Balaur","https://www.transfermarkt.com/ionut-balaur/profil/spieler/64103","Centre-Back","21","Romania","CS Otopeni","Liga 2","Romania",NA,TRUE,"loan transfer","Summer",0,0,0,0
"FC Vaslui (- 2014)",NA,NA,"2010","Departures","Rodolfo Bodipo","https://www.transfermarkt.com/rodolfo-bodipo/profil/spieler/7867","Centre-Forward","32","Equatorial Guinea","Dep. La Coruña","LaLiga","Spain",NA,TRUE,"End of loan Aug 1, 2010","Summer",4,3,0,173
"FC Vaslui (- 2014)",NA,NA,"2010","Departures","Alex Gonçalves","https://www.transfermarkt.com/alex-goncalves/profil/spieler/85312","Centre-Forward","20","Brazil","Teleoptik","Prva liga Srbije","Serbia",NA,TRUE,"End of loan Jun 30, 2010","Summer",NA,NA,NA,NA
"FC Vaslui (- 2014)",NA,NA,"2010","Arrivals","Petar Jovanovic","https://www.transfermarkt.com/petar-jovanovic/profil/spieler/46576","Right-Back","28","Serbia","Sloboda Uzice","Super liga Srbije","Serbia",NA,TRUE,"End of loan Dec 31, 2010","Winter",0,0,0,0
"FC Vaslui (- 2014)",NA,NA,"2010","Arrivals","Marius Stefoi","https://www.transfermarkt.com/marius-stefoi/profil/spieler/64242","Right Midfield","20","Romania","Armătura Zalău",NA,"Romania",NA,TRUE,"End of loan Dec 31, 2010","Winter",0,0,0,0
"FC Vaslui (- 2014)",NA,NA,"2010","Arrivals","Ionuț Balaur","https://www.transfermarkt.com/ionut-balaur/profil/spieler/64103","Centre-Back","21","Romania","CS Otopeni","Liga 2","Romania",NA,TRUE,"End of loan Dec 31, 2010","Winter",0,0,0,0
"FC Vaslui (- 2014)",NA,NA,"2010","Departures","Carlo Costly","https://www.transfermarkt.com/carlo-costly/profil/spieler/46845","Centre-Forward","28","Honduras","Atlas","Liga MX Apertura","Mexico",0,FALSE,NA,"Winter",NA,NA,NA,NA
"FC Vaslui (- 2014)",NA,NA,"2010","Departures","Lucian Burdujan","https://www.transfermarkt.com/lucian-burdujan/profil/spieler/35435","Centre-Forward","27","Romania","FCSB","SuperLiga","Romania",0,FALSE,NA,"Winter",10,9,2,662
"FC Vaslui (- 2014)",NA,NA,"2010","Departures","Serge Akakpo","https://www.transfermarkt.com/serge-akakpo/profil/spieler/39316","Centre-Back","23","Togo","NK Celje","Prva Liga","Slovenia",0,FALSE,NA,"Winter",NA,NA,NA,NA
"FC Vaslui (- 2014)",NA,NA,"2010","Departures","Daniel Pancu","https://www.transfermarkt.com/daniel-pancu/profil/spieler/6888","Centre-Forward","33","Romania","FC Rapid 1923","SuperLiga","Romania",0,FALSE,NA,"Winter",10,6,0,135
"FC Vaslui (- 2014)",NA,NA,"2010","Departures","Cristian Haisan","https://www.transfermarkt.com/cristian-haisan/profil/spieler/46558","Goalkeeper","29","Romania","FC Brasov","SuperLiga","Romania",0,FALSE,NA,"Winter",NA,NA,NA,NA
"FC Vaslui (- 2014)",NA,NA,"2010","Departures","Nemanja Jovanovic","https://www.transfermarkt.com/nemanja-jovanovic/profil/spieler/47878","Centre-Forward","26","Serbia","Taraz","Premier Liga","Kazakhstan",NA,FALSE,"?","Winter",NA,NA,NA,NA
"FC Vaslui (- 2014)",NA,NA,"2010","Departures","Vasile Buhaescu","https://www.transfermarkt.com/vasile-buhaescu/profil/spieler/48775","Centre-Forward","23","Romania","Petrolul","Liga II - Seria II","Romania",NA,TRUE,"loan transfer","Winter",NA,NA,NA,NA
"FC Universitatea Cluj","SuperLiga","Romania","2010","Arrivals","Silviu Izvoranu","https://www.transfermarkt.com/silviu-izvoranu/profil/spieler/47165","Centre-Back","27","Romania","Dinamo II","Liga 2","Romania",1e+05,FALSE,NA,"Summer",17,11,0,829
"FC Universitatea Cluj","SuperLiga","Romania","2010","Arrivals","Bogdan Buhus","https://www.transfermarkt.com/bogdan-buhus/profil/spieler/26641","Right-Back","30","Romania","FC Vaslui","SuperLiga","Romania",0,FALSE,NA,"Summer",25,20,0,1292
"FC Universitatea Cluj","SuperLiga","Romania","2010","Arrivals","Gabriel Boștină","https://www.transfermarkt.com/gabriel-bostina/profil/spieler/26489","Left Midfield","33","Romania","FC Dinamo","SuperLiga","Romania",0,FALSE,NA,"Summer",29,28,4,2310
"FC Universitatea Cluj","SuperLiga","Romania","2010","Arrivals","Habib Baldé","https://www.transfermarkt.com/habib-balde/profil/spieler/57351","Centre-Back","25","Guinea","Ceahlaul","Liga 2","Romania",0,FALSE,NA,"Summer",26,20,1,1368
"FC Universitatea Cluj","SuperLiga","Romania","2010","Arrivals","Vasile Gheorghe","https://www.transfermarkt.com/vasile-gheorghe/profil/spieler/123316","Central Midfield","24","Romania","Astra Giurgiu","SuperLiga","Romania",0,FALSE,NA,"Summer",29,22,0,1304
"FC Universitatea Cluj","SuperLiga","Romania","2010","Arrivals","Zoran Belosevic","https://www.transfermarkt.com/zoran-belosevic/profil/spieler/46356","Left-Back","27","Serbia","FK Sarajevo","Premijer Liga BiH","Bosnia-Herzegovina",0,FALSE,NA,"Summer",8,5,0,427
"FC Universitatea Cluj","SuperLiga","Romania","2010","Arrivals","Peter Cvirik","https://www.transfermarkt.com/peter-cvirik/profil/spieler/25037","Centre-Back","31","Slovakia","Lechia Gdansk","Ekstraklasa","Poland",0,FALSE,NA,"Summer",15,11,2,880
"FC Universitatea Cluj","SuperLiga","Romania","2010","Arrivals","Adrian Piț","https://www.transfermarkt.com/adrian-pit/profil/spieler/19924","Left Midfield","27","Romania","AS Roma","Serie A","Italy",0,FALSE,NA,"Summer",13,11,1,590
"FC Universitatea Cluj","SuperLiga","Romania","2010","Arrivals","Daniel Munteanu","https://www.transfermarkt.com/daniel-munteanu/profil/spieler/48879","Centre-Back","32","Romania","Unirea Urziceni","SuperLiga","Romania",0,FALSE,NA,"Summer",23,18,0,1286
"FC Universitatea Cluj","SuperLiga","Romania","2010","Arrivals","Sergiu Ungurean","https://www.transfermarkt.com/sergiu-ungurean/profil/spieler/278951","Second Striker","20","Romania","Bologna U20","Primavera A","Italy",0,FALSE,NA,"Summer",NA,NA,NA,NA
"FC Universitatea Cluj","SuperLiga","Romania","2010","Arrivals","Rares Cindea","https://www.transfermarkt.com/rares-cindea/profil/spieler/396878","Defensive Midfield","15","Romania","CS Iernut",NA,"Romania",0,FALSE,NA,"Summer",NA,NA,NA,NA
"FC Universitatea Cluj","SuperLiga","Romania","2010","Arrivals","Alexandru Păcurar","https://www.transfermarkt.com/alexandru-pacurar/profil/spieler/26043","Attacking Midfield","28","Romania","FCSB","SuperLiga","Romania",NA,FALSE,"?","Summer",22,21,3,1415
"FC Universitatea Cluj","SuperLiga","Romania","2010","Arrivals","Claudiu Niculescu","https://www.transfermarkt.com/claudiu-niculescu/profil/spieler/26049","Centre-Forward","34","Romania","FC Dinamo","SuperLiga","Romania",NA,FALSE,"?","Summer",31,26,13,1735
"FC Universitatea Cluj","SuperLiga","Romania","2010","Arrivals","Ionuț Boșneag","https://www.transfermarkt.com/ionut-bosneag/profil/spieler/46509","Goalkeeper","28","Romania","FC Arges","Liga II - Seria II","Romania",NA,FALSE,"?","Summer",22,2,0,180
"FC Universitatea Cluj","SuperLiga","Romania","2010","Arrivals","Roberto Delgado","https://www.transfermarkt.com/roberto-delgado/profil/spieler/16856","Second Striker","24","Italy","FC Vaslui","SuperLiga","Romania",NA,FALSE,"?","Summer",29,29,2,1725
"FC Universitatea Cluj","SuperLiga","Romania","2010","Arrivals","Gaston Mendy","https://www.transfermarkt.com/gaston-mendy/profil/spieler/35659","Left-Back","24","Senegal","Farul Constanta","Liga 2","Romania",NA,FALSE,"?","Summer",25,22,1,1588
"FC Universitatea Cluj","SuperLiga","Romania","2010","Arrivals","Hélder Castro","https://www.transfermarkt.com/helder-castro/profil/spieler/62634","Attacking Midfield","24","Portugal","Feirense","Liga Portugal 2","Portugal",NA,FALSE,"?","Summer",1,0,0,0
"FC Universitatea Cluj","SuperLiga","Romania","2010","Arrivals","Boban Cenic","https://www.transfermarkt.com/boban-cenic/profil/spieler/74988","Centre-Back","28","Serbia","Pozarevac","Prva liga Srbije","Serbia",NA,FALSE,"?","Summer",6,2,0,110
"FC Universitatea Cluj","SuperLiga","Romania","2010","Arrivals","Anthony Nwakaeme","https://www.transfermarkt.com/anthony-nwakaeme/profil/spieler/175988","Left Winger","21","Nigeria","Vejle-Kolding",NA,"Denmark",NA,FALSE,"?","Summer",9,9,1,295
"FC Universitatea Cluj","SuperLiga","Romania","2010","Arrivals","Georgian Tobă","https://www.transfermarkt.com/georgian-toba/profil/spieler/156901","Right Winger","21","Romania","FC Drobeta",NA,"Romania",NA,FALSE,"?","Summer",16,7,0,361
"FC Universitatea Cluj","SuperLiga","Romania","2010","Arrivals","Florin Cordos","https://www.transfermarkt.com/florin-cordos/profil/spieler/291238","Centre-Back","16","Romania","FC Ardealul",NA,"Romania",NA,FALSE,"?","Summer",NA,NA,NA,NA
"FC Universitatea Cluj","SuperLiga","Romania","2010","Arrivals","Răzvan Greu","https://www.transfermarkt.com/razvan-greu/profil/spieler/326001","Left Winger","15","Romania","ACS Kinder",NA,"Romania",NA,FALSE,"?","Summer",NA,NA,NA,NA
"FC Universitatea Cluj","SuperLiga","Romania","2010","Arrivals","Robert Keresztes","https://www.transfermarkt.com/robert-keresztes/profil/spieler/396880","Defensive Midfield","14","Romania","ACS Kinder",NA,"Romania",NA,FALSE,"?","Summer",NA,NA,NA,NA
"FC Universitatea Cluj","SuperLiga","Romania","2010","Arrivals","Cosmin Iuhas","https://www.transfermarkt.com/cosmin-iuhas/profil/spieler/213691","Left-Back","25","Romania","Şimleu Silvanie","Liga II - Seria II","Romania",NA,TRUE,"End of loan Jun 30, 2010","Summer",NA,NA,NA,NA
"FC Universitatea Cluj","SuperLiga","Romania","2010","Departures","Dan Bucsa","https://www.transfermarkt.com/dan-bucsa/profil/spieler/213583","Defensive Midfield","22","Romania","FC Dinamo","SuperLiga","Romania",50000,FALSE,NA,"Summer",NA,NA,NA,NA
"FC Universitatea Cluj","SuperLiga","Romania","2010","Departures","Adrian Popa","https://www.transfermarkt.com/adrian-popa/profil/spieler/104062","Right Winger","21","Romania","Concordia","Liga 2","Romania",0,FALSE,NA,"Summer",NA,NA,NA,NA
"FC Universitatea Cluj","SuperLiga","Romania","2010","Departures","Rares Soporan","https://www.transfermarkt.com/rares-soporan/profil/spieler/47890","Defensive Midfield","26","Romania","Alba Iulia","Liga II - Seria II","Romania",0,FALSE,NA,"Summer",NA,NA,NA,NA
"FC Universitatea Cluj","SuperLiga","Romania","2010","Departures","Vítor Huvos","https://www.transfermarkt.com/vitor-huvos/profil/spieler/100874","Attacking Midfield","22","Brazil","Atl. Madrileño","2ª B - Grupo I","Spain",0,FALSE,NA,"Summer",NA,NA,NA,NA
"FC Universitatea Cluj","SuperLiga","Romania","2010","Departures","George Negura","https://www.transfermarkt.com/george-negura/profil/spieler/64069","Right Midfield","22","Romania","Alba Iulia","Liga II - Seria II","Romania",0,FALSE,NA,"Summer",NA,NA,NA,NA
"FC Universitatea Cluj","SuperLiga","Romania","2010","Departures","Lucian Matis","https://www.transfermarkt.com/lucian-matis/profil/spieler/210076","Attacking Midfield","20","Romania","Sticla A. Turda",NA,"Romania",0,FALSE,NA,"Summer",NA,NA,NA,NA
"FC Universitatea Cluj","SuperLiga","Romania","2010","Departures","Josias Basso","https://www.transfermarkt.com/josias-basso/profil/spieler/92873","Centre-Back","21","Brazil","Reggina U19","Primavera C","Italy",NA,FALSE,"?","Summer",NA,NA,NA,NA
"FC Universitatea Cluj","SuperLiga","Romania","2010","Departures","Erison Baiano","https://www.transfermarkt.com/erison-baiano/profil/spieler/69417","Defensive Midfield","29","Brazil","Pandurii ","SuperLiga","Romania",NA,FALSE,"?","Summer",NA,NA,NA,NA
"FC Universitatea Cluj","SuperLiga","Romania","2010","Departures","Petru Budeanu","https://www.transfermarkt.com/petru-budeanu/profil/spieler/69411","Central Midfield","31","Romania","Concordia","Liga 2","Romania",NA,FALSE,"?","Summer",NA,NA,NA,NA
"FC Universitatea Cluj","SuperLiga","Romania","2010","Departures","Miroslav Lecic","https://www.transfermarkt.com/miroslav-lecic/profil/spieler/24677","Centre-Forward","25","Serbia","CS Otopeni","Liga 2","Romania",NA,TRUE,"loan transfer","Summer",NA,NA,NA,NA
"FC Universitatea Cluj","SuperLiga","Romania","2010","Departures","Fabian Teusan","https://www.transfermarkt.com/fabian-teusan/profil/spieler/48910","Centre-Back","21","Romania","Ariesul Turda","Liga II - Seria II","Romania",NA,TRUE,"loan transfer","Summer",NA,NA,NA,NA
"FC Universitatea Cluj","SuperLiga","Romania","2010","Departures","Bogdan Dolha","https://www.transfermarkt.com/bogdan-dolha/profil/spieler/54731","Right Midfield","25","Romania","Ariesul Turda","Liga II - Seria II","Romania",NA,TRUE,"loan transfer","Summer",NA,NA,NA,NA
"FC Universitatea Cluj","SuperLiga","Romania","2010","Departures","Bogdan Farcas","https://www.transfermarkt.com/bogdan-farcas/profil/spieler/54732","Goalkeeper","20","Romania","ACSM Poli Iasi","Liga II - Seria II","Romania",NA,TRUE,"loan transfer","Summer",NA,NA,NA,NA
"FC Universitatea Cluj","SuperLiga","Romania","2010","Departures","Cosmin Iuhas","https://www.transfermarkt.com/cosmin-iuhas/profil/spieler/213691","Left-Back","25","Romania","CS Otopeni","Liga 2","Romania",NA,TRUE,"loan transfer","Summer",NA,NA,NA,NA
"FC Universitatea Cluj","SuperLiga","Romania","2010","Departures","Anthony Nwakaeme","https://www.transfermarkt.com/anthony-nwakaeme/profil/spieler/175988","Left Winger","21","Nigeria","Ariesul Turda","Liga II - Seria II","Romania",NA,TRUE,"loan transfer","Summer",9,9,1,295
"FC Universitatea Cluj","SuperLiga","Romania","2010","Departures","Vasile Pop","https://www.transfermarkt.com/vasile-pop/profil/spieler/212691","Left Midfield","20","Romania","Şimleu Silvanie","Liga II - Seria II","Romania",NA,TRUE,"loan transfer","Summer",NA,NA,NA,NA
"FC Universitatea Cluj","SuperLiga","Romania","2010","Departures","Paul Tene","https://www.transfermarkt.com/paul-tene/profil/spieler/179660","Left Midfield","19","Romania","CS Otopeni","Liga 2","Romania",NA,TRUE,"loan transfer","Summer",NA,NA,NA,NA
"FC Universitatea Cluj","SuperLiga","Romania","2010","Departures","Nicolae Musat","https://www.transfermarkt.com/nicolae-musat/profil/spieler/53196","Left-Back","23","Romania","FC Dinamo","SuperLiga","Romania",NA,TRUE,"End of loan Jun 30, 2010","Summer",NA,NA,NA,NA
"FC Universitatea Cluj","SuperLiga","Romania","2010","Departures","Matteo Bonatti","https://www.transfermarkt.com/matteo-bonatti/profil/spieler/41919","Centre-Back","29","Italy","Lumezzane","Serie C - A","Italy",NA,TRUE,"End of loan Jun 30, 2010","Summer",NA,NA,NA,NA
"FC Universitatea Cluj","SuperLiga","Romania","2010","Departures","Andrei Nitu","https://www.transfermarkt.com/andrei-nitu/profil/spieler/44941","Centre-Back","23","Romania","Dinamo II","Liga 2","Romania",NA,TRUE,"End of loan Jun 30, 2010","Summer",NA,NA,NA,NA
"FC Universitatea Cluj","SuperLiga","Romania","2010","Arrivals","Adrian Cristea","https://www.transfermarkt.com/adrian-cristea/profil/spieler/33440","Left Winger","27","Romania","FC Dinamo","SuperLiga","Romania",2e+06,FALSE,NA,"Winter",13,13,3,1103
"FC Universitatea Cluj","SuperLiga","Romania","2010","Arrivals","Marius Popa","https://www.transfermarkt.com/marius-popa/profil/spieler/25941","Goalkeeper","32","Romania","Pandurii ","SuperLiga","Romania",2e+05,FALSE,NA,"Winter",12,12,0,1080
"FC Universitatea Cluj","SuperLiga","Romania","2010","Arrivals","Octavian Abrudan","https://www.transfermarkt.com/octavian-abrudan/profil/spieler/46485","Centre-Back","26","Romania","FCSB","SuperLiga","Romania",125000,FALSE,NA,"Winter",14,14,0,1260
"FC Universitatea Cluj","SuperLiga","Romania","2010","Arrivals","Elías Bazzi","https://www.transfermarkt.com/elias-bazzi/profil/spieler/46502","Left-Back","29","Argentina","FC Dinamo","SuperLiga","Romania",0,FALSE,NA,"Winter",13,10,0,813
"FC Universitatea Cluj","SuperLiga","Romania","2010","Arrivals","Nasser Menassel","https://www.transfermarkt.com/nasser-menassel/profil/spieler/81490","Defensive Midfield","27","France","Pandurii ","SuperLiga","Romania",NA,FALSE,"?","Winter",13,13,1,1114
"FC Universitatea Cluj","SuperLiga","Romania","2010","Arrivals","Nicola Ascoli","https://www.transfermarkt.com/nicola-ascoli/profil/spieler/24290","Left-Back","31","Italy","Frosinone","Serie B","Italy",NA,FALSE,"?","Winter",8,5,0,317
"FC Universitatea Cluj","SuperLiga","Romania","2010","Arrivals","Matteo Bonatti","https://www.transfermarkt.com/matteo-bonatti/profil/spieler/41919","Centre-Back","29","Italy","Rosignano",NA,"Italy",NA,FALSE,"?","Winter",NA,NA,NA,NA
"FC Universitatea Cluj","SuperLiga","Romania","2010","Arrivals","Steven Pelé","https://www.transfermarkt.com/steven-pele/profil/spieler/6277","Centre-Back","29","France","Without Club",NA,NA,NA,FALSE,"-","Winter",12,12,1,1054
"FC Universitatea Cluj","SuperLiga","Romania","2010","Arrivals","Rares Cucui","https://www.transfermarkt.com/rares-cucui/profil/spieler/186026","Centre-Back","17","Romania","U Cluj II",NA,"Romania",NA,FALSE,"-","Winter",1,1,0,63
"FC Universitatea Cluj","SuperLiga","Romania","2010","Arrivals","Miroslav Lecic","https://www.transfermarkt.com/miroslav-lecic/profil/spieler/24677","Centre-Forward","25","Serbia","CS Otopeni","Liga 2","Romania",NA,TRUE,"End of loan Dec 31, 2010","Winter",NA,NA,NA,NA
"FC Universitatea Cluj","SuperLiga","Romania","2010","Arrivals","Fabian Teusan","https://www.transfermarkt.com/fabian-teusan/profil/spieler/48910","Centre-Back","22","Romania","Ariesul Turda","Liga II - Seria II","Romania",NA,TRUE,"End of loan Dec 1, 2010","Winter",NA,NA,NA,NA
"FC Universitatea Cluj","SuperLiga","Romania","2010","Arrivals","Bogdan Dolha","https://www.transfermarkt.com/bogdan-dolha/profil/spieler/54731","Right Midfield","26","Romania","Ariesul Turda","Liga II - Seria II","Romania",NA,TRUE,"End of loan Dec 31, 2010","Winter",NA,NA,NA,NA
"FC Universitatea Cluj","SuperLiga","Romania","2010","Arrivals","Cosmin Iuhas","https://www.transfermarkt.com/cosmin-iuhas/profil/spieler/213691","Left-Back","26","Romania","CS Otopeni","Liga 2","Romania",NA,TRUE,"End of loan Dec 1, 2010","Winter",NA,NA,NA,NA
"FC Universitatea Cluj","SuperLiga","Romania","2010","Arrivals","Anthony Nwakaeme","https://www.transfermarkt.com/anthony-nwakaeme/profil/spieler/175988","Left Winger","21","Nigeria","Ariesul Turda","Liga II - Seria II","Romania",NA,TRUE,"End of loan Dec 31, 2010","Winter",9,9,1,295
"FC Universitatea Cluj","SuperLiga","Romania","2010","Arrivals","Paul Tene","https://www.transfermarkt.com/paul-tene/profil/spieler/179660","Left Midfield","19","Romania","CS Otopeni","Liga 2","Romania",NA,TRUE,"End of loan Dec 31, 2010","Winter",NA,NA,NA,NA
"FC Universitatea Cluj","SuperLiga","Romania","2010","Departures","Silviu Izvoranu","https://www.transfermarkt.com/silviu-izvoranu/profil/spieler/47165","Centre-Back","28","Romania","Volyn Lutsk","Premier Liga","Ukraine",250000,FALSE,NA,"Winter",17,11,0,829
"FC Universitatea Cluj","SuperLiga","Romania","2010","Departures","Zoran Belosevic","https://www.transfermarkt.com/zoran-belosevic/profil/spieler/46356","Left-Back","27","Serbia","FK Sarajevo","Premijer Liga BiH","Bosnia-Herzegovina",0,FALSE,NA,"Winter",8,5,0,427
"FC Universitatea Cluj","SuperLiga","Romania","2010","Departures","Sebastian Hutan","https://www.transfermarkt.com/sebastian-hutan/profil/spieler/48852","Goalkeeper","27","Romania","ACSM Poli Iasi","Liga II - Seria II","Romania",0,FALSE,NA,"Winter",12,11,0,990
"FC Universitatea Cluj","SuperLiga","Romania","2010","Departures","Adrian Piț","https://www.transfermarkt.com/adrian-pit/profil/spieler/19924","Left Midfield","27","Romania","Khazar Lankaran","Premyer Liqa","Azerbaijan",0,FALSE,NA,"Winter",13,11,1,590
"FC Universitatea Cluj","SuperLiga","Romania","2010","Departures","Noé Acosta","https://www.transfermarkt.com/noe-acosta/profil/spieler/156896","Left Winger","27","Spain","Olymp. Volou","Super League 1","Greece",0,FALSE,NA,"Winter",16,12,0,524
"FC Universitatea Cluj","SuperLiga","Romania","2010","Departures","Reinaldo","https://www.transfermarkt.com/reinaldo/profil/spieler/52704","Attacking Midfield","26","Brazil","ABC FC","Série B","Brazil",0,FALSE,NA,"Winter",11,9,0,633
"FC Universitatea Cluj","SuperLiga","Romania","2010","Departures","Bogdan Dolha","https://www.transfermarkt.com/bogdan-dolha/profil/spieler/54731","Right Midfield","26","Romania","Unknown",NA,NA,0,FALSE,NA,"Winter",NA,NA,NA,NA
"FC Universitatea Cluj","SuperLiga","Romania","2010","Departures","Robert Iacob","https://www.transfermarkt.com/robert-iacob/profil/spieler/213689","Attacking Midfield","29","Romania","Metalul Frasine",NA,"Romania",0,FALSE,NA,"Winter",NA,NA,NA,NA
"FC Universitatea Cluj","SuperLiga","Romania","2010","Departures","Cosmin Iuhas","https://www.transfermarkt.com/cosmin-iuhas/profil/spieler/213691","Left-Back","26","Romania","Bihor Oradea","Liga II - Seria II","Romania",0,FALSE,NA,"Winter",NA,NA,NA,NA
"FC Universitatea Cluj","SuperLiga","Romania","2010","Departures","Sergiu Ungurean","https://www.transfermarkt.com/sergiu-ungurean/profil/spieler/278951","Second Striker","21","Romania","Sanatatea",NA,"Romania",0,FALSE,NA,"Winter",NA,NA,NA,NA
"FC Universitatea Cluj","SuperLiga","Romania","2010","Departures","Miroslav Lecic","https://www.transfermarkt.com/miroslav-lecic/profil/spieler/24677","Centre-Forward","25","Serbia","FK Bezanija","Prva liga Srbije","Serbia",NA,FALSE,"?","Winter",NA,NA,NA,NA
"FC Universitatea Cluj","SuperLiga","Romania","2010","Departures","Hélder Castro","https://www.transfermarkt.com/helder-castro/profil/spieler/62634","Attacking Midfield","24","Portugal","Portimonense","Liga Portugal","Portugal",NA,TRUE,"loan transfer","Winter",1,0,0,0
"FC Universitatea Cluj","SuperLiga","Romania","2010","Departures","Valentin Lemnaru","https://www.transfermarkt.com/valentin-lemnaru/profil/spieler/48690","Centre-Forward","26","Romania","Pandurii ","SuperLiga","Romania",NA,TRUE,"loan transfer","Winter",19,16,3,1037
"FC Universitatea Cluj","SuperLiga","Romania","2010","Departures","Adrian Ionescu","https://www.transfermarkt.com/adrian-ionescu/profil/spieler/46570","Defensive Midfield","25","Romania","Delta Tulcea","Liga 2","Romania",NA,TRUE,"loan transfer","Winter",15,7,0,467
"FC Universitatea Cluj","SuperLiga","Romania","2010","Departures","Georgian Tobă","https://www.transfermarkt.com/georgian-toba/profil/spieler/156901","Right Winger","21","Romania","Unirea Urziceni","SuperLiga","Romania",NA,TRUE,"loan transfer","Winter",16,7,0,361
"FC Universitatea Cluj","SuperLiga","Romania","2010","Departures","Fabian Teusan","https://www.transfermarkt.com/fabian-teusan/profil/spieler/48910","Centre-Back","22","Romania","Unirea Urziceni","SuperLiga","Romania",NA,TRUE,"loan transfer","Winter",NA,NA,NA,NA
"FC Universitatea Cluj","SuperLiga","Romania","2010","Departures","Georgian Busca","https://www.transfermarkt.com/georgian-busca/profil/spieler/176258","Right-Back","25","Romania","Unirea Urziceni","SuperLiga","Romania",NA,TRUE,"loan transfer","Winter",2,2,0,107
"FC Universitatea Cluj","SuperLiga","Romania","2010","Departures","Paul Tene","https://www.transfermarkt.com/paul-tene/profil/spieler/179660","Left Midfield","19","Romania","Unirea Urziceni","SuperLiga","Romania",NA,TRUE,"loan transfer","Winter",NA,NA,NA,NA
"FC Universitatea Cluj","SuperLiga","Romania","2010","Departures","Peter Cvirik","https://www.transfermarkt.com/peter-cvirik/profil/spieler/25037","Centre-Back","31","Slovakia","Without Club",NA,NA,NA,FALSE,"-","Winter",15,11,2,880
"FC Universitatea Cluj","SuperLiga","Romania","2010","Departures","Boban Cenic","https://www.transfermarkt.com/boban-cenic/profil/spieler/74988","Centre-Back","29","Serbia","Without Club",NA,NA,NA,FALSE,"-","Winter",6,2,0,110
"SC Otelul Galati","SuperLiga","Romania","2010","Arrivals","Alexandru Benga","https://www.transfermarkt.com/alexandru-benga/profil/spieler/202800","Centre-Back","21","Romania","FC Brasov","SuperLiga","Romania",1e+05,FALSE,NA,"Summer",NA,NA,NA,NA
"SC Otelul Galati","SuperLiga","Romania","2010","Arrivals","Cristian Branet","https://www.transfermarkt.com/cristian-branet/profil/spieler/47487","Goalkeeper","33","Romania","Poli Iasi",NA,"Romania",0,FALSE,NA,"Summer",26,1,0,90
"SC Otelul Galati","SuperLiga","Romania","2010","Arrivals","Ioan Filip","https://www.transfermarkt.com/ioan-filip/profil/spieler/169272","Defensive Midfield","21","Romania","Bihor Oradea","Liga II - Seria II","Romania",NA,FALSE,"?","Summer",15,11,0,841
"SC Otelul Galati","SuperLiga","Romania","2010","Arrivals","Milenko Pjevic","https://www.transfermarkt.com/milenko-pjevic/profil/spieler/76793","Centre-Forward","20","Serbia","FK Bezanija","Prva liga Srbije","Serbia",NA,FALSE,"?","Summer",NA,NA,NA,NA
"SC Otelul Galati","SuperLiga","Romania","2010","Arrivals","Csaba Borbely","https://www.transfermarkt.com/csaba-borbely/profil/spieler/26639","Centre-Forward","29","Romania","Without Club",NA,NA,NA,FALSE,"-","Summer",16,8,1,220
"SC Otelul Galati","SuperLiga","Romania","2010","Arrivals","Robert Elek","https://www.transfermarkt.com/robert-elek/profil/spieler/55279","Centre-Forward","22","Romania","Bihor Oradea","Liga II - Seria II","Romania",NA,TRUE,"End of loan Jun 30, 2010","Summer",3,2,0,28
"SC Otelul Galati","SuperLiga","Romania","2010","Arrivals","Marius Matei","https://www.transfermarkt.com/marius-matei/profil/spieler/54689","Centre-Forward","26","Romania","FC Botosani","Liga 2","Romania",NA,TRUE,"End of loan Jun 30, 2010","Summer",NA,NA,NA,NA
"SC Otelul Galati","SuperLiga","Romania","2010","Arrivals","Eduard Tismanaru","https://www.transfermarkt.com/eduard-tismanaru/profil/spieler/95273","Right Midfield","23","Romania","FCM Bacau","Liga 2","Romania",NA,TRUE,"End of loan Jun 30, 2010","Summer",NA,NA,NA,NA
"SC Otelul Galati","SuperLiga","Romania","2010","Arrivals","Alexandru Avram","https://www.transfermarkt.com/alexandru-avram/profil/spieler/69405","Attacking Midfield","19","Romania","Dunarea Galati","Liga 2","Romania",NA,TRUE,"End of loan Jun 30, 2010","Summer",NA,NA,NA,NA
"SC Otelul Galati","SuperLiga","Romania","2010","Arrivals","Laurențiu Buș","https://www.transfermarkt.com/laurentiu-bus/profil/spieler/54728","Central Midfield","22","Romania","Ariesul Turda","Liga II - Seria II","Romania",NA,TRUE,"End of loan Jun 30, 2010","Summer",17,10,1,571
"SC Otelul Galati","SuperLiga","Romania","2010","Arrivals","Petrica Dragos","https://www.transfermarkt.com/petrica-dragos/profil/spieler/212681","Centre-Forward","21","Romania","Râmnicu Sarat","Liga 2","Romania",NA,TRUE,"End of loan Jun 30, 2010","Summer",NA,NA,NA,NA
"SC Otelul Galati","SuperLiga","Romania","2010","Departures","Gabriel Siminic","https://www.transfermarkt.com/gabriel-siminic/profil/spieler/107610","Left-Back","24","Romania","ACSM Poli Iasi","Liga II - Seria II","Romania",0,FALSE,NA,"Summer",NA,NA,NA,NA
"SC Otelul Galati","SuperLiga","Romania","2010","Departures","Marius Matei","https://www.transfermarkt.com/marius-matei/profil/spieler/54689","Centre-Forward","26","Romania","FC Botosani","Liga 2","Romania",0,FALSE,NA,"Summer",NA,NA,NA,NA
"SC Otelul Galati","SuperLiga","Romania","2010","Departures","Stevo Nikolic","https://www.transfermarkt.com/stevo-nikolic/profil/spieler/46321","Centre-Forward","25","Bosnia-Herzegovina","B. Banja Luka","Premijer Liga BiH","Bosnia-Herzegovina",0,FALSE,NA,"Summer",NA,NA,NA,NA
"SC Otelul Galati","SuperLiga","Romania","2010","Departures","Njegos Golocevac","https://www.transfermarkt.com/njegos-golocevac/profil/spieler/60817","Central Midfield","26","Serbia","Sloboda Uzice","Super liga Srbije","Serbia",0,FALSE,NA,"Summer",NA,NA,NA,NA
"SC Otelul Galati","SuperLiga","Romania","2010","Departures","Eduard Tismanaru","https://www.transfermarkt.com/eduard-tismanaru/profil/spieler/95273","Right Midfield","23","Romania","Unknown",NA,NA,0,FALSE,NA,"Summer",NA,NA,NA,NA
"SC Otelul Galati","SuperLiga","Romania","2010","Departures","Emir Hodzurda","https://www.transfermarkt.com/emir-hodzurda/profil/spieler/104217","Centre-Back","19","Bosnia-Herzegovina","FK Famos",NA,"Bosnia-Herzegovina",0,FALSE,NA,"Summer",NA,NA,NA,NA
"SC Otelul Galati","SuperLiga","Romania","2010","Departures","Alin Coțan","https://www.transfermarkt.com/alin-cotan/profil/spieler/48827","Left Midfield","27","Romania","Turnu-Severin","Liga II - Seria II","Romania",NA,FALSE,"?","Summer",NA,NA,NA,NA
"SC Otelul Galati","SuperLiga","Romania","2010","Departures","Petrica Dragos","https://www.transfermarkt.com/petrica-dragos/profil/spieler/212681","Centre-Forward","21","Romania","ACU Arad","Liga II - Seria II","Romania",NA,FALSE,"?","Summer",NA,NA,NA,NA
"SC Otelul Galati","SuperLiga","Romania","2010","Departures","Marian Cârjă","https://www.transfermarkt.com/marian-carja/profil/spieler/48658","Right-Back","23","Romania","Petrolul","Liga II - Seria II","Romania",NA,TRUE,"loan transfer","Summer",NA,NA,NA,NA
"SC Otelul Galati","SuperLiga","Romania","2010","Departures","Alexandru Benga","https://www.transfermarkt.com/alexandru-benga/profil/spieler/202800","Centre-Back","21","Romania","Petrolul","Liga II - Seria II","Romania",NA,TRUE,"loan transfer","Summer",NA,NA,NA,NA
"SC Otelul Galati","SuperLiga","Romania","2010","Departures","Jean Christian N'Kongue","https://www.transfermarkt.com/jean-christian-nkongue/profil/spieler/124424","Centre-Forward","27","Cameroon","Without Club",NA,NA,NA,FALSE,"-","Summer",NA,NA,NA,NA
"SC Otelul Galati","SuperLiga","Romania","2010","Departures","Mircea Axente","https://www.transfermarkt.com/mircea-axente/profil/spieler/69558","Centre-Forward","23","Romania","Poli. Timisoara","SuperLiga","Romania",NA,TRUE,"End of loan Jun 30, 2010","Summer",NA,NA,NA,NA
"SC Otelul Galati","SuperLiga","Romania","2010","Arrivals","Bratislav Punosevac","https://www.transfermarkt.com/bratislav-punosevac/profil/spieler/46973","Centre-Forward","23","Serbia","Napredak","Prva liga Srbije","Serbia",80000,FALSE,NA,"Winter",12,10,2,213
"SC Otelul Galati","SuperLiga","Romania","2010","Arrivals","Constantin Miselaricu","https://www.transfermarkt.com/constantin-miselaricu/profil/spieler/175985","Centre-Back","21","Romania","Delta Tulcea","Liga 2","Romania",0,FALSE,NA,"Winter",1,0,0,0
"SC Otelul Galati","SuperLiga","Romania","2010","Arrivals","Alin Florut","https://www.transfermarkt.com/alin-florut/profil/spieler/168474","Central Midfield","19","Romania","Bihor Oradea","Liga II - Seria II","Romania",0,FALSE,NA,"Winter",0,0,0,0
"SC Otelul Galati","SuperLiga","Romania","2010","Arrivals","Marko Campar","https://www.transfermarkt.com/marko-campar/profil/spieler/126940","Goalkeeper","23","Serbia","FK Trstenik",NA,"Serbia",NA,FALSE,"?","Winter",NA,NA,NA,NA
"SC Otelul Galati","SuperLiga","Romania","2010","Arrivals","Ciprian Milea","https://www.transfermarkt.com/ciprian-milea/profil/spieler/55547","Central Midfield","26","Romania","CS Brazi",NA,"Romania",NA,TRUE,"loan transfer","Winter",0,0,0,0
"SC Otelul Galati","SuperLiga","Romania","2010","Arrivals","Adrian Neagoie","https://www.transfermarkt.com/adrian-neagoie/profil/spieler/46606","Defensive Midfield","25","Romania","Petrolul","Liga II - Seria II","Romania",NA,TRUE,"End of loan Dec 31, 2010","Winter",NA,NA,NA,NA
"SC Otelul Galati","SuperLiga","Romania","2010","Arrivals","Sebastian Agache","https://www.transfermarkt.com/sebastian-agache/profil/spieler/69403","Left-Back","22","Romania","Dunarea Galati","Liga 2","Romania",NA,TRUE,"End of loan Dec 1, 2010","Winter",NA,NA,NA,NA
"SC Otelul Galati","SuperLiga","Romania","2010","Departures","Adrian Neagoie","https://www.transfermarkt.com/adrian-neagoie/profil/spieler/46606","Defensive Midfield","25","Romania","CS Otopeni","Liga 2","Romania",0,FALSE,NA,"Winter",NA,NA,NA,NA
"SC Otelul Galati","SuperLiga","Romania","2010","Departures","Zdenko Baotic","https://www.transfermarkt.com/zdenko-baotic/profil/spieler/28550","Goalkeeper","25","Bosnia-Herzegovina","Unknown",NA,NA,0,FALSE,NA,"Winter",NA,NA,NA,NA
"SC Otelul Galati","SuperLiga","Romania","2010","Departures","Marko Campar","https://www.transfermarkt.com/marko-campar/profil/spieler/126940","Goalkeeper","23","Serbia","Petrolistul B.",NA,"Romania",0,FALSE,NA,"Winter",NA,NA,NA,NA
"SC Otelul Galati","SuperLiga","Romania","2010","Departures","Robert Elek","https://www.transfermarkt.com/robert-elek/profil/spieler/55279","Centre-Forward","22","Romania","ACSM Poli Iasi","Liga II - Seria II","Romania",NA,TRUE,"loan transfer","Winter",3,2,0,28
"SC Otelul Galati","SuperLiga","Romania","2010","Departures","Cosmin Gârleanu","https://www.transfermarkt.com/cosmin-garleanu/profil/spieler/107657","Right Midfield","21","Romania","Petrolul","Liga II - Seria II","Romania",NA,TRUE,"loan transfer","Winter",NA,NA,NA,NA
"SC Otelul Galati","SuperLiga","Romania","2010","Departures","Alexandru Avram","https://www.transfermarkt.com/alexandru-avram/profil/spieler/69405","Attacking Midfield","19","Romania","Delta Tulcea","Liga 2","Romania",NA,TRUE,"loan transfer","Winter",NA,NA,NA,NA
"SC Otelul Galati","SuperLiga","Romania","2010","Departures","Sebastian Agache","https://www.transfermarkt.com/sebastian-agache/profil/spieler/69403","Left-Back","22","Romania","ACSM Poli Iasi","Liga II - Seria II","Romania",NA,TRUE,"loan transfer","Winter",NA,NA,NA,NA
"SC Otelul Galati","SuperLiga","Romania","2010","Departures","William Arias","https://www.transfermarkt.com/william-arias/profil/spieler/142568","Goalkeeper","20","Colombia","Callatis",NA,"Romania",NA,TRUE,"loan transfer","Winter",NA,NA,NA,NA
"SC Otelul Galati","SuperLiga","Romania","2010","Departures","Iulian Ginghina","https://www.transfermarkt.com/iulian-ginghina/profil/spieler/241557","Striker","21","Romania","Gauss Bacau",NA,"Romania",NA,TRUE,"loan transfer","Winter",NA,NA,NA,NA
"SC Otelul Galati","SuperLiga","Romania","2010","Departures","Milenko Pjevic","https://www.transfermarkt.com/milenko-pjevic/profil/spieler/76793","Centre-Forward","20","Serbia","CS Brazi",NA,"Romania",NA,TRUE,"loan transfer","Winter",NA,NA,NA,NA
"Pandurii Targu Jiu (- 2022)",NA,NA,"2010","Arrivals","Vlad Chiricheș","https://www.transfermarkt.com/vlad-chiriches/profil/spieler/123261","Defensive Midfield","20","Romania","Curtea de Arges",NA,"Romania",2e+05,FALSE,NA,"Summer",25,24,0,2044
"Pandurii Targu Jiu (- 2022)",NA,NA,"2010","Arrivals","Dan Nistor","https://www.transfermarkt.com/dan-nistor/profil/spieler/156639","Central Midfield","22","Romania","Curtea de Arges",NA,"Romania",2e+05,FALSE,NA,"Summer",32,28,1,1924
"Pandurii Targu Jiu (- 2022)",NA,NA,"2010","Arrivals","Mihai Pintilii","https://www.transfermarkt.com/mihai-pintilii/profil/spieler/48890","Defensive Midfield","25","Romania","Curtea de Arges",NA,"Romania",150000,FALSE,NA,"Summer",29,29,3,2536
"Pandurii Targu Jiu (- 2022)",NA,NA,"2010","Arrivals","Gabriel Matei","https://www.transfermarkt.com/gabriel-matei/profil/spieler/131882","Right-Back","20","Romania","Curtea de Arges",NA,"Romania",1e+05,FALSE,NA,"Summer",27,27,0,2269
"Pandurii Targu Jiu (- 2022)",NA,NA,"2010","Arrivals","Claudiu Voiculet","https://www.transfermarkt.com/claudiu-voiculet/profil/spieler/46679","Central Midfield","24","Romania","Curtea de Arges",NA,"Romania",50000,FALSE,NA,"Summer",24,24,6,1914
"Pandurii Targu Jiu (- 2022)",NA,NA,"2010","Arrivals","Alexandru Ciucur","https://www.transfermarkt.com/alexandru-ciucur/profil/spieler/123302","Left Winger","20","Romania","Curtea de Arges",NA,"Romania",50000,FALSE,NA,"Summer",6,3,0,117
"Pandurii Targu Jiu (- 2022)",NA,NA,"2010","Arrivals","Ovidiu Vezan","https://www.transfermarkt.com/ovidiu-vezan/profil/spieler/123283","Attacking Midfield","25","Romania","Curtea de Arges",NA,"Romania",25000,FALSE,NA,"Summer",NA,NA,NA,NA
"Pandurii Targu Jiu (- 2022)",NA,NA,"2010","Arrivals","Cosmin Bacila","https://www.transfermarkt.com/cosmin-bacila/profil/spieler/46495","Right-Back","26","Romania","Curtea de Arges",NA,"Romania",0,FALSE,NA,"Summer",26,26,2,2129
"Pandurii Targu Jiu (- 2022)",NA,NA,"2010","Arrivals","Ajdin Maksumic","https://www.transfermarkt.com/ajdin-maksumic/profil/spieler/28437","Defensive Midfield","25","Bosnia-Herzegovina","FC Dinamo","SuperLiga","Romania",0,FALSE,NA,"Summer",3,2,0,140
"Pandurii Targu Jiu (- 2022)",NA,NA,"2010","Arrivals","Ilie Iordache","https://www.transfermarkt.com/ilie-iordache/profil/spieler/47877","Left Winger","25","Romania","AEK Athens","Super League 1","Greece",0,FALSE,NA,"Summer",15,14,1,698
"Pandurii Targu Jiu (- 2022)",NA,NA,"2010","Arrivals","Ousmane Viera","https://www.transfermarkt.com/ousmane-viera/profil/spieler/69014","Centre-Back","23","Cote d'Ivoire","CFR Cluj","SuperLiga","Romania",0,FALSE,NA,"Summer",31,28,0,2431
"Pandurii Targu Jiu (- 2022)",NA,NA,"2010","Arrivals","George Neagu","https://www.transfermarkt.com/george-neagu/profil/spieler/64068","Left-Back","25","Romania","Curtea de Arges",NA,"Romania",0,FALSE,NA,"Summer",2,1,0,1
"Pandurii Targu Jiu (- 2022)",NA,NA,"2010","Arrivals","Ciprian Brata","https://www.transfermarkt.com/ciprian-brata/profil/spieler/156616","Left Midfield","19","Romania","Şimleu Silvanie","Liga II - Seria II","Romania",0,FALSE,NA,"Summer",31,22,2,911
"Pandurii Targu Jiu (- 2022)",NA,NA,"2010","Arrivals","David Lazar","https://www.transfermarkt.com/david-lazar/profil/spieler/168278","Goalkeeper","18","Romania","Vointa Sibiu","Liga II - Seria II","Romania",0,FALSE,NA,"Summer",14,4,0,360
"Pandurii Targu Jiu (- 2022)",NA,NA,"2010","Arrivals","Adrian Iordache","https://www.transfermarkt.com/adrian-iordache/profil/spieler/6858","Centre-Forward","28","Romania","FC Arges","Liga II - Seria II","Romania",NA,FALSE,"?","Summer",12,11,1,472
"Pandurii Targu Jiu (- 2022)",NA,NA,"2010","Arrivals","Nasser Menassel","https://www.transfermarkt.com/nasser-menassel/profil/spieler/81490","Defensive Midfield","27","France","Curtea de Arges",NA,"Romania",NA,FALSE,"?","Summer",13,10,0,779
"Pandurii Targu Jiu (- 2022)",NA,NA,"2010","Arrivals","Marius Popa","https://www.transfermarkt.com/marius-popa/profil/spieler/25941","Goalkeeper","31","Romania","Curtea de Arges",NA,"Romania",NA,FALSE,"?","Summer",17,12,0,1080
"Pandurii Targu Jiu (- 2022)",NA,NA,"2010","Arrivals","Bogdan Apostu","https://www.transfermarkt.com/bogdan-apostu/profil/spieler/48812","Centre-Forward","28","Romania","Curtea de Arges",NA,"Romania",NA,FALSE,"?","Summer",29,21,4,976
"Pandurii Targu Jiu (- 2022)",NA,NA,"2010","Arrivals","Vojislav Vranjkovic","https://www.transfermarkt.com/vojislav-vranjkovic/profil/spieler/36950","Defensive Midfield","27","Serbia","FC Dinamo","SuperLiga","Romania",NA,FALSE,"?","Summer",5,3,0,146
"Pandurii Targu Jiu (- 2022)",NA,NA,"2010","Arrivals","Florin Popa","https://www.transfermarkt.com/florin-popa/profil/spieler/123245","Centre-Back","27","Romania","Curtea de Arges",NA,"Romania",NA,FALSE,"?","Summer",NA,NA,NA,NA
"Pandurii Targu Jiu (- 2022)",NA,NA,"2010","Arrivals","Andrei Antohi","https://www.transfermarkt.com/andrei-antohi/profil/spieler/64096","Second Striker","21","Romania","Curtea de Arges",NA,"Romania",NA,FALSE,"?","Summer",5,4,0,240
"Pandurii Targu Jiu (- 2022)",NA,NA,"2010","Arrivals","Erison Baiano","https://www.transfermarkt.com/erison-baiano/profil/spieler/69417","Defensive Midfield","29","Brazil","U Cluj","SuperLiga","Romania",NA,FALSE,"?","Summer",NA,NA,NA,NA
"Pandurii Targu Jiu (- 2022)",NA,NA,"2010","Arrivals","Răzvan Stanca","https://www.transfermarkt.com/razvan-stanca/profil/spieler/46656","Goalkeeper","30","Romania","FCSB","SuperLiga","Romania",NA,TRUE,"End of loan Aug 5, 2010","Summer",NA,NA,NA,NA
"Pandurii Targu Jiu (- 2022)",NA,NA,"2010","Arrivals","Lucian Parvu","https://www.transfermarkt.com/lucian-parvu/profil/spieler/18994","Right Winger","28","Romania","Rm. Valcea","Liga II - Seria II","Romania",NA,TRUE,"End of loan Jun 30, 2010","Summer",NA,NA,NA,NA
"Pandurii Targu Jiu (- 2022)",NA,NA,"2010","Arrivals","Marian Pleasca","https://www.transfermarkt.com/marian-pleasca/profil/spieler/148206","Right-Back","20","Romania","Minerul Lupeni","Liga II - Seria II","Romania",NA,TRUE,"End of loan Oct 1, 2010","Summer",12,11,0,633
"Pandurii Targu Jiu (- 2022)",NA,NA,"2010","Arrivals","Ionuț Tătaru","https://www.transfermarkt.com/ionut-tataru/profil/spieler/164203","Centre-Back","20","Romania","Minerul Lupeni","Liga II - Seria II","Romania",NA,TRUE,"End of loan Oct 1, 2010","Summer",6,2,0,180
"Pandurii Targu Jiu (- 2022)",NA,NA,"2010","Departures","Alexandru Păcurar","https://www.transfermarkt.com/alexandru-pacurar/profil/spieler/26043","Attacking Midfield","28","Romania","FCSB","SuperLiga","Romania",650000,FALSE,NA,"Summer",NA,NA,NA,NA
"Pandurii Targu Jiu (- 2022)",NA,NA,"2010","Departures","Novak Martinovic","https://www.transfermarkt.com/novak-martinovic/profil/spieler/50302","Centre-Back","25","Serbia","FCSB","SuperLiga","Romania",250000,FALSE,NA,"Summer",NA,NA,NA,NA
"Pandurii Targu Jiu (- 2022)",NA,NA,"2010","Departures","Răzvan Stanca","https://www.transfermarkt.com/razvan-stanca/profil/spieler/46656","Goalkeeper","30","Romania","FCSB","SuperLiga","Romania",50000,TRUE,NA,"Summer",NA,NA,NA,NA
"Pandurii Targu Jiu (- 2022)",NA,NA,"2010","Departures","Milanko Raskovic","https://www.transfermarkt.com/milanko-raskovic/profil/spieler/34406","Centre-Forward","29","Serbia","Cukaricki","Super liga Srbije","Serbia",0,FALSE,NA,"Summer",NA,NA,NA,NA
"Pandurii Targu Jiu (- 2022)",NA,NA,"2010","Departures","Lucian Parvu","https://www.transfermarkt.com/lucian-parvu/profil/spieler/18994","Right Winger","28","Romania","CS Otopeni","Liga 2","Romania",0,FALSE,NA,"Summer",NA,NA,NA,NA
"Pandurii Targu Jiu (- 2022)",NA,NA,"2010","Departures","Ibón Arrieta","https://www.transfermarkt.com/ibon-arrieta/profil/spieler/13961","Centre-Forward","33","Spain","Without Club",NA,NA,0,FALSE,NA,"Summer",NA,NA,NA,NA
"Pandurii Targu Jiu (- 2022)",NA,NA,"2010","Departures","Nicușor Bănică","https://www.transfermarkt.com/nicusor-banica/profil/spieler/26634","Goalkeeper","26","Romania","Unknown",NA,NA,0,FALSE,NA,"Summer",NA,NA,NA,NA
"Pandurii Targu Jiu (- 2022)",NA,NA,"2010","Departures","Vladimir Livsit","https://www.transfermarkt.com/vladimir-livsit/profil/spieler/68154","Goalkeeper","26","Moldova","FC Costuleni","Divizia Nationala (-2017)","Moldova",0,FALSE,NA,"Summer",NA,NA,NA,NA
"Pandurii Targu Jiu (- 2022)",NA,NA,"2010","Departures","Adrian Nalati","https://www.transfermarkt.com/adrian-nalati/profil/spieler/46603","Central Midfield","27","Romania","Gloria Bistrita","SuperLiga","Romania",NA,FALSE,"?","Summer",NA,NA,NA,NA
"Pandurii Targu Jiu (- 2022)",NA,NA,"2010","Departures","Erison Baiano","https://www.transfermarkt.com/erison-baiano/profil/spieler/69417","Defensive Midfield","29","Brazil","Poli Iasi",NA,"Romania",NA,FALSE,"?","Summer",NA,NA,NA,NA
"Pandurii Targu Jiu (- 2022)",NA,NA,"2010","Departures","Florin Popete","https://www.transfermarkt.com/florin-popete/profil/spieler/47885","Right-Back","32","Romania","ASA Tg. Mures","SuperLiga","Romania",NA,FALSE,"?","Summer",13,12,0,332
"Pandurii Targu Jiu (- 2022)",NA,NA,"2010","Departures","Joussouf Kamara","https://www.transfermarkt.com/joussouf-kamara/profil/spieler/776982","Centre-Forward","29","Cote d'Ivoire","ACSM Poli Iasi","Liga II - Seria II","Romania",NA,FALSE,"?","Summer",NA,NA,NA,NA
"Pandurii Targu Jiu (- 2022)",NA,NA,"2010","Departures","Răzvan Stanca","https://www.transfermarkt.com/razvan-stanca/profil/spieler/46656","Goalkeeper","30","Romania","FC U Craiova","SuperLiga","Romania",NA,TRUE,"loan transfer","Summer",NA,NA,NA,NA
"Pandurii Targu Jiu (- 2022)",NA,NA,"2010","Departures","Adrian Rusu","https://www.transfermarkt.com/adrian-rusu/profil/spieler/35440","Right-Back","25","Romania","FC Brasov","SuperLiga","Romania",NA,TRUE,"loan transfer","Summer",NA,NA,NA,NA
"Pandurii Targu Jiu (- 2022)",NA,NA,"2010","Departures","Ovidiu Vezan","https://www.transfermarkt.com/ovidiu-vezan/profil/spieler/123283","Attacking Midfield","25","Romania","Sageata Navodar","Liga 2","Romania",NA,TRUE,"loan transfer","Summer",NA,NA,NA,NA
"Pandurii Targu Jiu (- 2022)",NA,NA,"2010","Departures","George Neagu","https://www.transfermarkt.com/george-neagu/profil/spieler/64068","Left-Back","25","Romania","UTA Arad","Liga II - Seria II","Romania",NA,TRUE,"loan transfer","Summer",2,1,0,1
"Pandurii Targu Jiu (- 2022)",NA,NA,"2010","Departures","Florin Popa","https://www.transfermarkt.com/florin-popa/profil/spieler/123245","Centre-Back","27","Romania","Sageata Navodar","Liga 2","Romania",NA,TRUE,"loan transfer","Summer",NA,NA,NA,NA
"Pandurii Targu Jiu (- 2022)",NA,NA,"2010","Departures","Marian Pleasca","https://www.transfermarkt.com/marian-pleasca/profil/spieler/148206","Right-Back","20","Romania","Minerul Lupeni","Liga II - Seria II","Romania",NA,TRUE,"loan transfer","Summer",12,11,0,633
"Pandurii Targu Jiu (- 2022)",NA,NA,"2010","Departures","Ionuț Tătaru","https://www.transfermarkt.com/ionut-tataru/profil/spieler/164203","Centre-Back","20","Romania","Minerul Lupeni","Liga II - Seria II","Romania",NA,TRUE,"loan transfer","Summer",6,2,0,180
"Pandurii Targu Jiu (- 2022)",NA,NA,"2010","Departures","Dragoș Militaru","https://www.transfermarkt.com/dragos-militaru/profil/spieler/212860","Defensive Midfield","20","Romania","Şimleu Silvanie","Liga II - Seria II","Romania",NA,TRUE,"loan transfer","Summer",NA,NA,NA,NA
"Pandurii Targu Jiu (- 2022)",NA,NA,"2010","Departures","David Lazar","https://www.transfermarkt.com/david-lazar/profil/spieler/168278","Goalkeeper","18","Romania","Vointa Sibiu","Liga II - Seria II","Romania",NA,TRUE,"loan transfer","Summer",14,4,0,360
"Pandurii Targu Jiu (- 2022)",NA,NA,"2010","Departures","Tiago Tremonti","https://www.transfermarkt.com/tiago-tremonti/profil/spieler/81507","Second Striker","25","Brazil","Without Club",NA,NA,NA,FALSE,"-","Summer",NA,NA,NA,NA
"Pandurii Targu Jiu (- 2022)",NA,NA,"2010","Departures","Marko Basara","https://www.transfermarkt.com/marko-basara/profil/spieler/35970","Attacking Midfield","25","Serbia","Without Club",NA,NA,NA,FALSE,"-","Summer",NA,NA,NA,NA
"Pandurii Targu Jiu (- 2022)",NA,NA,"2010","Departures","Ionuț Stancu","https://www.transfermarkt.com/ionut-stancu/profil/spieler/35441","Left Midfield","27","Romania","FC Rapid 1923","SuperLiga","Romania",NA,TRUE,"End of loan Jun 30, 2010","Summer",NA,NA,NA,NA
"Pandurii Targu Jiu (- 2022)",NA,NA,"2010","Arrivals","Calin Cristea","https://www.transfermarkt.com/calin-cristea/profil/spieler/123284","Central Midfield","22","Romania","Alba Iulia","Liga II - Seria II","Romania",70000,FALSE,NA,"Winter",0,0,0,0
"Pandurii Targu Jiu (- 2022)",NA,NA,"2010","Arrivals","Adrian Horvat","https://www.transfermarkt.com/adrian-horvat/profil/spieler/203091","Goalkeeper","20","Romania","CSM Deva","Liga II - Seria II","Romania",0,FALSE,NA,"Winter",NA,NA,NA,NA
"Pandurii Targu Jiu (- 2022)",NA,NA,"2010","Arrivals","Florin Popete","https://www.transfermarkt.com/florin-popete/profil/spieler/47885","Right-Back","33","Romania","ASA Tg. Mures","SuperLiga","Romania",NA,FALSE,"?","Winter",13,12,0,332
"Pandurii Targu Jiu (- 2022)",NA,NA,"2010","Arrivals","Alexandru Avramescu","https://www.transfermarkt.com/alexandru-avramescu/profil/spieler/181240","Defensive Midfield","19","Romania","Minerul Lupeni","Liga II - Seria II","Romania",NA,FALSE,"?","Winter",9,7,0,56
"Pandurii Targu Jiu (- 2022)",NA,NA,"2010","Arrivals","Valentin Lemnaru","https://www.transfermarkt.com/valentin-lemnaru/profil/spieler/48690","Centre-Forward","26","Romania","U Cluj","SuperLiga","Romania",NA,TRUE,"loan transfer","Winter",12,12,3,1073
"Pandurii Targu Jiu (- 2022)",NA,NA,"2010","Arrivals","Alexandru Dobroiu","https://www.transfermarkt.com/alexandru-dobroiu/profil/spieler/53883","Centre-Forward","22","Romania","FC Rapid 1923","SuperLiga","Romania",NA,TRUE,"loan transfer","Winter",0,0,0,0
"Pandurii Targu Jiu (- 2022)",NA,NA,"2010","Arrivals","Ionut Rada","https://www.transfermarkt.com/ionut-rada/profil/spieler/180870","Centre-Back","20","Romania","Pandurii U19",NA,"Romania",NA,FALSE,"-","Winter",14,8,1,518
"Pandurii Targu Jiu (- 2022)",NA,NA,"2010","Arrivals","Gabriel Oita","https://www.transfermarkt.com/gabriel-oita/profil/spieler/663732","Centre-Back","17","Romania","Pandurii U19",NA,"Romania",NA,FALSE,"-","Winter",NA,NA,NA,NA
"Pandurii Targu Jiu (- 2022)",NA,NA,"2010","Arrivals","Răzvan Stanca","https://www.transfermarkt.com/razvan-stanca/profil/spieler/46656","Goalkeeper","30","Romania","FC U Craiova","SuperLiga","Romania",NA,TRUE,"End of loan Dec 30, 2010","Winter",NA,NA,NA,NA
"Pandurii Targu Jiu (- 2022)",NA,NA,"2010","Arrivals","George Neagu","https://www.transfermarkt.com/george-neagu/profil/spieler/64068","Left-Back","25","Romania","UTA Arad","Liga II - Seria II","Romania",NA,TRUE,"End of loan Dec 31, 2010","Winter",2,1,0,1
"Pandurii Targu Jiu (- 2022)",NA,NA,"2010","Arrivals","Marian Pleasca","https://www.transfermarkt.com/marian-pleasca/profil/spieler/148206","Right-Back","20","Romania","Minerul Lupeni","Liga II - Seria II","Romania",NA,TRUE,"End of loan Oct 1, 2010","Winter",12,11,0,633
"Pandurii Targu Jiu (- 2022)",NA,NA,"2010","Arrivals","Dragoș Militaru","https://www.transfermarkt.com/dragos-militaru/profil/spieler/212860","Defensive Midfield","20","Romania","Şimleu Silvanie","Liga II - Seria II","Romania",NA,TRUE,"End of loan Dec 31, 2010","Winter",NA,NA,NA,NA
"Pandurii Targu Jiu (- 2022)",NA,NA,"2010","Arrivals","Ionuț Tătaru","https://www.transfermarkt.com/ionut-tataru/profil/spieler/164203","Centre-Back","20","Romania","Minerul Lupeni","Liga II - Seria II","Romania",NA,TRUE,"End of loan Oct 1, 2010","Winter",6,2,0,180
"Pandurii Targu Jiu (- 2022)",NA,NA,"2010","Arrivals","David Lazar","https://www.transfermarkt.com/david-lazar/profil/spieler/168278","Goalkeeper","19","Romania","Vointa Sibiu","Liga II - Seria II","Romania",NA,TRUE,"End of loan Dec 31, 2010","Winter",14,4,0,360
"Pandurii Targu Jiu (- 2022)",NA,NA,"2010","Departures","Marius Popa","https://www.transfermarkt.com/marius-popa/profil/spieler/25941","Goalkeeper","32","Romania","U Cluj","SuperLiga","Romania",2e+05,FALSE,NA,"Winter",17,12,0,1080
"Pandurii Targu Jiu (- 2022)",NA,NA,"2010","Departures","Ilie Iordache","https://www.transfermarkt.com/ilie-iordache/profil/spieler/47877","Left Winger","25","Romania","Gloria Bistrita","SuperLiga","Romania",0,FALSE,NA,"Winter",15,14,1,698
"Pandurii Targu Jiu (- 2022)",NA,NA,"2010","Departures","Cosmin Tilincă","https://www.transfermarkt.com/cosmin-tilinca/profil/spieler/43383","Centre-Forward","31","Romania","Ariesul Turda","Liga II - Seria II","Romania",0,FALSE,NA,"Winter",NA,NA,NA,NA
"Pandurii Targu Jiu (- 2022)",NA,NA,"2010","Departures","Madalin Murgan","https://www.transfermarkt.com/madalin-murgan/profil/spieler/26676","Left Midfield","27","Romania","ALRO Slatina","Liga II - Seria II","Romania",0,FALSE,NA,"Winter",2,1,0,90
"Pandurii Targu Jiu (- 2022)",NA,NA,"2010","Departures","Robert Ghindeanu","https://www.transfermarkt.com/robert-ghindeanu/profil/spieler/25932","Right-Back","30","Romania","ALRO Slatina","Liga II - Seria II","Romania",0,FALSE,NA,"Winter",2,1,0,90
"Pandurii Targu Jiu (- 2022)",NA,NA,"2010","Departures","Adrian Iordache","https://www.transfermarkt.com/adrian-iordache/profil/spieler/6858","Centre-Forward","29","Romania","CS Otopeni","Liga 2","Romania",0,FALSE,NA,"Winter",12,11,1,472
"Pandurii Targu Jiu (- 2022)",NA,NA,"2010","Departures","Mugurel Dedu","https://www.transfermarkt.com/mugurel-dedu/profil/spieler/47874","Attacking Midfield","25","Romania","CS Otopeni","Liga 2","Romania",0,FALSE,NA,"Winter",NA,NA,NA,NA
"Pandurii Targu Jiu (- 2022)",NA,NA,"2010","Departures","Răzvan Stanca","https://www.transfermarkt.com/razvan-stanca/profil/spieler/46656","Goalkeeper","30","Romania","FCSB","SuperLiga","Romania",NA,FALSE,"?","Winter",NA,NA,NA,NA
"Pandurii Targu Jiu (- 2022)",NA,NA,"2010","Departures","Nasser Menassel","https://www.transfermarkt.com/nasser-menassel/profil/spieler/81490","Defensive Midfield","27","France","U Cluj","SuperLiga","Romania",NA,FALSE,"?","Winter",13,10,0,779
"Pandurii Targu Jiu (- 2022)",NA,NA,"2010","Departures","Alexandru Ciucur","https://www.transfermarkt.com/alexandru-ciucur/profil/spieler/123302","Left Winger","20","Romania","CS Mioveni","Liga II - Seria II","Romania",NA,TRUE,"loan transfer","Winter",6,3,0,117
"Pandurii Targu Jiu (- 2022)",NA,NA,"2010","Departures","Andrei Antohi","https://www.transfermarkt.com/andrei-antohi/profil/spieler/64096","Second Striker","22","Romania","Dunarea Galati","Liga 2","Romania",NA,TRUE,"loan transfer","Winter",5,4,0,240
"Pandurii Targu Jiu (- 2022)",NA,NA,"2010","Departures","Dragoș Militaru","https://www.transfermarkt.com/dragos-militaru/profil/spieler/212860","Defensive Midfield","20","Romania","Alba Iulia","Liga II - Seria II","Romania",NA,TRUE,"loan transfer","Winter",NA,NA,NA,NA
"Pandurii Targu Jiu (- 2022)",NA,NA,"2010","Departures","Alin Chibulcutean","https://www.transfermarkt.com/alin-chibulcutean/profil/spieler/47871","Centre-Back","32","Romania","Pandurii II",NA,"Romania",NA,FALSE,"-","Winter",9,2,0,166
"Pandurii Targu Jiu (- 2022)",NA,NA,"2010","Departures","Ajdin Maksumic","https://www.transfermarkt.com/ajdin-maksumic/profil/spieler/28437","Defensive Midfield","25","Bosnia-Herzegovina","Without Club",NA,NA,NA,FALSE,"-","Winter",3,2,0,140
"Pandurii Targu Jiu (- 2022)",NA,NA,"2010","Departures","Vojislav Vranjkovic","https://www.transfermarkt.com/vojislav-vranjkovic/profil/spieler/36950","Defensive Midfield","27","Serbia","Without Club",NA,NA,NA,FALSE,"-","Winter",5,3,0,146
"Gaz Metan Medias (- 2022)",NA,NA,"2010","Arrivals","Romulus Miclea","https://www.transfermarkt.com/romulus-miclea/profil/spieler/47498","Right Midfield","30","Romania","Poli Iasi",NA,"Romania",0,FALSE,NA,"Summer",25,14,0,449
"Gaz Metan Medias (- 2022)",NA,NA,"2010","Arrivals","Cosmin Vâtcă","https://www.transfermarkt.com/cosmin-vatca/profil/spieler/47477","Goalkeeper","28","Romania","FCSB","SuperLiga","Romania",0,FALSE,NA,"Summer",27,3,0,300
"Gaz Metan Medias (- 2022)",NA,NA,"2010","Arrivals","Răzvan Pleșca","https://www.transfermarkt.com/razvan-plesca/profil/spieler/25940","Goalkeeper","27","Romania","Poli Iasi",NA,"Romania",0,FALSE,NA,"Summer",33,31,0,2790
"Gaz Metan Medias (- 2022)",NA,NA,"2010","Arrivals","Jaroslav Prekop","https://www.transfermarkt.com/jaroslav-prekop/profil/spieler/80807","Central Midfield","30","Slovakia","Tatran Presov","Niké Liga","Slovakia",0,FALSE,NA,"Summer",4,2,0,62
"Gaz Metan Medias (- 2022)",NA,NA,"2010","Arrivals","Raúl Martín","https://www.transfermarkt.com/raul-martin/profil/spieler/16123","Right Midfield","27","Spain","Rayo Cantabria",NA,"Spain",NA,FALSE,"?","Summer",17,5,1,222
"Gaz Metan Medias (- 2022)",NA,NA,"2010","Arrivals","Edgars Portnojs","https://www.transfermarkt.com/edgars-portnojs/profil/spieler/151850","Goalkeeper","20","Latvia","FCSB II","Liga 2","Romania",NA,FALSE,"?","Summer",3,0,0,0
"Gaz Metan Medias (- 2022)",NA,NA,"2010","Arrivals","Gabriel Cruceru","https://www.transfermarkt.com/gabriel-cruceru/profil/spieler/242275","Right Midfield","21","Romania","Gloria Buzau","Liga 2","Romania",NA,FALSE,"?","Summer",NA,NA,NA,NA
"Gaz Metan Medias (- 2022)",NA,NA,"2010","Arrivals","Admir Aganovic","https://www.transfermarkt.com/admir-aganovic/profil/spieler/47115","Centre-Forward","23","Bosnia-Herzegovina","Neuchâtel Xamax","Super League","Switzerland",NA,TRUE,"loan transfer","Summer",15,14,2,727
"Gaz Metan Medias (- 2022)",NA,NA,"2010","Arrivals","Paul Batin","https://www.transfermarkt.com/paul-batin/profil/spieler/121151","Centre-Forward","23","Romania","CFR Cluj","SuperLiga","Romania",NA,TRUE,"loan transfer","Summer",NA,NA,NA,NA
"Gaz Metan Medias (- 2022)",NA,NA,"2010","Arrivals","Cătălin Savin","https://www.transfermarkt.com/catalin-savin/profil/spieler/81504","Defensive Midfield","19","Romania","Gaz Metan U19",NA,"Romania",NA,FALSE,"-","Summer",NA,NA,NA,NA
"Gaz Metan Medias (- 2022)",NA,NA,"2010","Arrivals","Doru Buican","https://www.transfermarkt.com/doru-buican/profil/spieler/48819","Centre-Back","28","Romania","UTA Arad","Liga II - Seria II","Romania",NA,TRUE,"End of loan Jun 30, 2010","Summer",NA,NA,NA,NA
"Gaz Metan Medias (- 2022)",NA,NA,"2010","Departures","Florin Nohai","https://www.transfermarkt.com/florin-nohai/profil/spieler/46611","Right-Back","29","Romania","Ceahlaul","Liga 2","Romania",0,FALSE,NA,"Summer",NA,NA,NA,NA
"Gaz Metan Medias (- 2022)",NA,NA,"2010","Departures","Doru Buican","https://www.transfermarkt.com/doru-buican/profil/spieler/48819","Centre-Back","28","Romania","Vointa Sibiu","Liga II - Seria II","Romania",NA,FALSE,"?","Summer",NA,NA,NA,NA
"Gaz Metan Medias (- 2022)",NA,NA,"2010","Departures","Karel Kratochvil","https://www.transfermarkt.com/karel-kratochvil/profil/spieler/21055","Centre-Back","28","Czech Republic","Without Club",NA,NA,NA,FALSE,"-","Summer",NA,NA,NA,NA
"Gaz Metan Medias (- 2022)",NA,NA,"2010","Departures","Paul Batin","https://www.transfermarkt.com/paul-batin/profil/spieler/121151","Centre-Forward","23","Romania","CFR Cluj","SuperLiga","Romania",NA,TRUE,"End of loan Aug 1, 2010","Summer",NA,NA,NA,NA
"Gaz Metan Medias (- 2022)",NA,NA,"2010","Departures","Cosmin Vâtcă","https://www.transfermarkt.com/cosmin-vatca/profil/spieler/47477","Goalkeeper","28","Romania","FCSB","SuperLiga","Romania",NA,TRUE,"End of loan Jun 30, 2010","Summer",27,3,0,300
"Gaz Metan Medias (- 2022)",NA,NA,"2010","Arrivals","Florin Bratu","https://www.transfermarkt.com/florin-bratu/profil/spieler/9710","Centre-Forward","30","Romania","FC Dinamo","SuperLiga","Romania",0,FALSE,NA,"Winter",9,5,0,235
"Gaz Metan Medias (- 2022)",NA,NA,"2010","Arrivals","Thaer Bawab","https://www.transfermarkt.com/thaer-bawab/profil/spieler/40480","Centre-Forward","25","Jordan","Gloria Bistrita","SuperLiga","Romania",0,FALSE,NA,"Winter",16,14,2,928
"Gaz Metan Medias (- 2022)",NA,NA,"2010","Arrivals","Dan Roman","https://www.transfermarkt.com/dan-roman/profil/spieler/81431","Centre-Forward","25","Romania","ASA Tg. Mures","SuperLiga","Romania",0,FALSE,NA,"Winter",15,12,1,570
"Gaz Metan Medias (- 2022)",NA,NA,"2010","Arrivals","Ivan Vukadinovic","https://www.transfermarkt.com/ivan-vukadinovic/profil/spieler/49816","Left-Back","26","Serbia","BSK Borca","Super liga Srbije","Serbia",NA,FALSE,"?","Winter",10,8,0,676
"Gaz Metan Medias (- 2022)",NA,NA,"2010","Departures","Cristian Cigan","https://www.transfermarkt.com/cristian-cigan/profil/spieler/26046","Centre-Forward","23","Romania","Bihor Oradea","Liga II - Seria II","Romania",0,FALSE,NA,"Winter",3,1,0,1
"Gaz Metan Medias (- 2022)",NA,NA,"2010","Departures","Marko Marovic","https://www.transfermarkt.com/marko-marovic/profil/spieler/36930","Left-Back","28","Serbia","Dinamo Tbilisi","Umaghlesi Liga (until 12/2016)","Georgia",0,FALSE,NA,"Winter",3,2,0,113
"Gaz Metan Medias (- 2022)",NA,NA,"2010","Departures","Jaroslav Prekop","https://www.transfermarkt.com/jaroslav-prekop/profil/spieler/80807","Central Midfield","31","Slovakia","Banska Bystrica","Niké Liga","Slovakia",0,FALSE,NA,"Winter",4,2,0,62
"Gaz Metan Medias (- 2022)",NA,NA,"2010","Departures","Gabriel Cruceru","https://www.transfermarkt.com/gabriel-cruceru/profil/spieler/242275","Right Midfield","21","Romania","Ceahlaul","Liga 2","Romania",NA,FALSE,"?","Winter",NA,NA,NA,NA
"Gaz Metan Medias (- 2022)",NA,NA,"2010","Departures","Sergiu Muth","https://www.transfermarkt.com/sergiu-muth/profil/spieler/96848","Centre-Back","20","Romania","ACSM Poli Iasi","Liga II - Seria II","Romania",NA,TRUE,"loan transfer","Winter",NA,NA,NA,NA
"Gaz Metan Medias (- 2022)",NA,NA,"2010","Departures","Cristian Silvasan","https://www.transfermarkt.com/cristian-silvasan/profil/spieler/33745","Centre-Forward","28","Romania","Without Club",NA,NA,NA,FALSE,"-","Winter",9,7,0,338
"Gaz Metan Medias (- 2022)",NA,NA,"2010","Departures","Vasilios Galanis","https://www.transfermarkt.com/vasilios-galanis/profil/spieler/46214","Centre-Forward","23","Greece","Without Club",NA,NA,NA,FALSE,"-","Winter",NA,NA,NA,NA
"Astra Giurgiu (- 2024)",NA,NA,"2010","Arrivals","Osvaldo Miranda","https://www.transfermarkt.com/osvaldo-miranda/profil/spieler/30856","Centre-Forward","26","Argentina","FC Dinamo","SuperLiga","Romania",350000,FALSE,NA,"Summer",24,24,1,2009
"Astra Giurgiu (- 2024)",NA,NA,"2010","Arrivals","Alexandru Mățel","https://www.transfermarkt.com/alexandru-matel/profil/spieler/48767","Right-Back","20","Romania","Farul Constanta","Liga 2","Romania",1e+05,FALSE,NA,"Summer",29,29,4,2351
"Astra Giurgiu (- 2024)",NA,NA,"2010","Arrivals","Raymond Lukács","https://www.transfermarkt.com/raymond-lukacs/profil/spieler/156921","Centre-Forward","22","Romania","Bihor Oradea","Liga II - Seria II","Romania",85000,FALSE,NA,"Summer",14,10,3,517
"Astra Giurgiu (- 2024)",NA,NA,"2010","Arrivals","Florin Patrascu","https://www.transfermarkt.com/florin-patrascu/profil/spieler/56527","Defensive Midfield","24","Romania","Farul Constanta","Liga 2","Romania",0,FALSE,NA,"Summer",15,12,2,928
"Astra Giurgiu (- 2024)",NA,NA,"2010","Arrivals","Nikola Mikelini","https://www.transfermarkt.com/nikola-mikelini/profil/spieler/38730","Centre-Back","28","Bosnia-Herzegovina","Dunajska Streda","Niké Liga","Slovakia",0,FALSE,NA,"Summer",1,0,0,0
"Astra Giurgiu (- 2024)",NA,NA,"2010","Arrivals","Ben Teekloh","https://www.transfermarkt.com/ben-teekloh/profil/spieler/48197","Defensive Midfield","26","Liberia","Farul Constanta","Liga 2","Romania",0,FALSE,NA,"Summer",22,11,0,713
"Astra Giurgiu (- 2024)",NA,NA,"2010","Arrivals","Atanas Bornosuzov","https://www.transfermarkt.com/atanas-bornosuzov/profil/spieler/38675","Central Midfield","30","Bulgaria","Cherno More","efbet Liga","Bulgaria",0,FALSE,NA,"Summer",10,10,0,483
"Astra Giurgiu (- 2024)",NA,NA,"2010","Arrivals","Kehinde Fatai","https://www.transfermarkt.com/kehinde-fatai/profil/spieler/73951","Centre-Forward","20","Nigeria","Farul Constanta","Liga 2","Romania",0,FALSE,NA,"Summer",28,27,7,1911
"Astra Giurgiu (- 2024)",NA,NA,"2010","Arrivals","Adrian Mihalcea","https://www.transfermarkt.com/adrian-mihalcea/profil/spieler/21869","Centre-Forward","34","Romania","Aris Limassol",NA,"Cyprus",0,FALSE,NA,"Summer",13,8,1,285
"Astra Giurgiu (- 2024)",NA,NA,"2010","Arrivals","Cătălin Grigore","https://www.transfermarkt.com/catalin-grigore/profil/spieler/33743","Goalkeeper","32","Romania","Unirea Urziceni","SuperLiga","Romania",0,FALSE,NA,"Summer",30,22,0,1980
"Astra Giurgiu (- 2024)",NA,NA,"2010","Arrivals","Pierre Ebéde","https://www.transfermarkt.com/pierre-ebede/profil/spieler/16363","Goalkeeper","30","Cameroon","AEL Limassol","Cyprus League","Cyprus",0,FALSE,NA,"Summer",6,6,0,540
"Astra Giurgiu (- 2024)",NA,NA,"2010","Arrivals","Salif Nogo","https://www.transfermarkt.com/salif-nogo/profil/spieler/47450","Centre-Back","24","Burkina Faso","Poli Iasi",NA,"Romania",0,FALSE,NA,"Summer",8,8,0,691
"Astra Giurgiu (- 2024)",NA,NA,"2010","Arrivals","Nicandro Breeveld","https://www.transfermarkt.com/nicandro-breeveld/profil/spieler/53222","Defensive Midfield","23","Suriname","Telstar","Keuken Kampioen Divisie","Netherlands",0,FALSE,NA,"Summer",NA,NA,NA,NA
"Astra Giurgiu (- 2024)",NA,NA,"2010","Arrivals","Georgi Kakalov","https://www.transfermarkt.com/georgi-kakalov/profil/spieler/26346","Left Winger","25","Bulgaria","Dinamo Minsk","Vysheyshaya Liga","Belarus",0,FALSE,NA,"Summer",NA,NA,NA,NA
"Astra Giurgiu (- 2024)",NA,NA,"2010","Arrivals","Lucian Goian","https://www.transfermarkt.com/lucian-goian/profil/spieler/26036","Centre-Back","27","Romania","FC Dinamo","SuperLiga","Romania",NA,FALSE,"?","Summer",25,25,0,2219
"Astra Giurgiu (- 2024)",NA,NA,"2010","Arrivals","Viorel Dinu","https://www.transfermarkt.com/viorel-dinu/profil/spieler/156919","Left Winger","31","Romania","FC Snagov","Liga 2","Romania",NA,FALSE,"?","Summer",12,9,0,680
"Astra Giurgiu (- 2024)",NA,NA,"2010","Arrivals","Marian Florea","https://www.transfermarkt.com/marian-florea/profil/spieler/158985","Left Midfield","28","Romania","FC Snagov","Liga 2","Romania",NA,FALSE,"?","Summer",16,14,0,892
"Astra Giurgiu (- 2024)",NA,NA,"2010","Arrivals","Pavle Popara","https://www.transfermarkt.com/pavle-popara/profil/spieler/38634","Central Midfield","23","Serbia","Slavia Sofia","efbet Liga","Bulgaria",NA,TRUE,"loan transfer","Summer",10,7,1,400
"Astra Giurgiu (- 2024)",NA,NA,"2010","Arrivals","Dimitrie Gafita","https://www.transfermarkt.com/dimitrie-gafita/profil/spieler/97553","Centre-Forward","26","Romania","CS Otopeni","Liga II - Seria II","Romania",NA,TRUE,"End of loan Jun 30, 2010","Summer",NA,NA,NA,NA
"Astra Giurgiu (- 2024)",NA,NA,"2010","Arrivals","Victoras Catarama","https://www.transfermarkt.com/victoras-catarama/profil/spieler/97549","Right Midfield","21","Romania","Petrolul","Liga 2","Romania",NA,TRUE,"End of loan Jun 30, 2010","Summer",NA,NA,NA,NA
"Astra Giurgiu (- 2024)",NA,NA,"2010","Departures","Marcelo Méndez","https://www.transfermarkt.com/marcelo-mendez/profil/spieler/27250","Centre-Back","29","Uruguay","Ind. Rivadavia","Primera Nacional","Argentina",0,FALSE,NA,"Summer",NA,NA,NA,NA
"Astra Giurgiu (- 2024)",NA,NA,"2010","Departures","Vasile Gheorghe","https://www.transfermarkt.com/vasile-gheorghe/profil/spieler/123316","Central Midfield","24","Romania","U Cluj","SuperLiga","Romania",0,FALSE,NA,"Summer",NA,NA,NA,NA
"Astra Giurgiu (- 2024)",NA,NA,"2010","Departures","Alejandro Kruchowski","https://www.transfermarkt.com/alejandro-kruchowski/profil/spieler/90522","Centre-Back","27","Argentina","Cobreloa","Torneo Apertura","Chile",0,FALSE,NA,"Summer",NA,NA,NA,NA
"Astra Giurgiu (- 2024)",NA,NA,"2010","Departures","Diego Silva","https://www.transfermarkt.com/diego-silva/profil/spieler/74269","Centre-Forward","23","Uruguay","Racing Club","Liga AUF Clausura","Uruguay",0,FALSE,NA,"Summer",NA,NA,NA,NA
"Astra Giurgiu (- 2024)",NA,NA,"2010","Departures","Maximiliano Arias","https://www.transfermarkt.com/maximiliano-arias/profil/spieler/74235","Centre-Back","21","Uruguay","Rampla Jrs","Liga AUF Clausura","Uruguay",0,FALSE,NA,"Summer",NA,NA,NA,NA
"Astra Giurgiu (- 2024)",NA,NA,"2010","Departures","Mihai Damaschin","https://www.transfermarkt.com/mihai-damaschin/profil/spieler/45266","Centre-Forward","23","Romania","Schweinfurt 05","Bayernliga","Germany",0,FALSE,NA,"Summer",NA,NA,NA,NA
"Astra Giurgiu (- 2024)",NA,NA,"2010","Departures","Dimitrie Gafita","https://www.transfermarkt.com/dimitrie-gafita/profil/spieler/97553","Centre-Forward","26","Romania","Petrolul","Liga II - Seria II","Romania",NA,TRUE,"loan transfer","Summer",NA,NA,NA,NA
"Astra Giurgiu (- 2024)",NA,NA,"2010","Departures","Alexis Ngambi","https://www.transfermarkt.com/alexis-ngambi/profil/spieler/5616","Centre-Back","28","Cameroon",NA,NA,NA,NA,FALSE,"-","Summer",NA,NA,NA,NA
"Astra Giurgiu (- 2024)",NA,NA,"2010","Departures","Valentin Sandu","https://www.transfermarkt.com/valentin-sandu/profil/spieler/97520","Left-Back","27","Romania","Astra II","Liga 2","Romania",NA,FALSE,"-","Summer",5,4,0,360
"Astra Giurgiu (- 2024)",NA,NA,"2010","Departures","Vitali Gussev","https://www.transfermarkt.com/vitali-gussev/profil/spieler/47918","Centre-Forward","27","Estonia","Astra II","Liga 2","Romania",NA,FALSE,"-","Summer",1,0,0,0
"Astra Giurgiu (- 2024)",NA,NA,"2010","Departures","Bruno Simão","https://www.transfermarkt.com/bruno-simao/profil/spieler/48902","Left-Back","25","Portugal","Without Club",NA,NA,NA,FALSE,"-","Summer",NA,NA,NA,NA
"Astra Giurgiu (- 2024)",NA,NA,"2010","Departures","Gabriel Popa","https://www.transfermarkt.com/gabriel-popa/profil/spieler/97559","Goalkeeper","24","Romania","Astra II","Liga 2","Romania",NA,FALSE,"-","Summer",2,0,0,0
"Astra Giurgiu (- 2024)",NA,NA,"2010","Departures","Danilo Carando","https://www.transfermarkt.com/danilo-carando/profil/spieler/128477","Centre-Forward","21","Argentina","Without Club",NA,NA,NA,FALSE,"-","Summer",NA,NA,NA,NA
"Astra Giurgiu (- 2024)",NA,NA,"2010","Departures","Gonzalo Salgueiro","https://www.transfermarkt.com/gonzalo-salgueiro/profil/spieler/74247","Goalkeeper","23","Uruguay","Without Club",NA,NA,NA,FALSE,"-","Summer",NA,NA,NA,NA
"Astra Giurgiu (- 2024)",NA,NA,"2010","Departures","Victoras Catarama","https://www.transfermarkt.com/victoras-catarama/profil/spieler/97549","Right Midfield","21","Romania","Astra II","Liga 2","Romania",NA,FALSE,"-","Summer",NA,NA,NA,NA
"Astra Giurgiu (- 2024)",NA,NA,"2010","Departures","Lucian Condrea","https://www.transfermarkt.com/lucian-condrea/profil/spieler/146928","Centre-Back","17","Romania","Astra II","Liga 2","Romania",NA,FALSE,"-","Summer",NA,NA,NA,NA
"Astra Giurgiu (- 2024)",NA,NA,"2010","Departures","Liviu Ganea","https://www.transfermarkt.com/liviu-ganea/profil/spieler/45267","Centre-Forward","22","Romania","FC Dinamo","SuperLiga","Romania",NA,TRUE,"End of loan Jun 30, 2010","Summer",NA,NA,NA,NA
"Astra Giurgiu (- 2024)",NA,NA,"2010","Departures","Daniel Vadrariu","https://www.transfermarkt.com/daniel-vadrariu/profil/spieler/132218","Left Midfield","20","Romania","FC Dinamo","SuperLiga","Romania",NA,TRUE,"End of loan Jun 30, 2010","Summer",4,2,0,88
"Astra Giurgiu (- 2024)",NA,NA,"2010","Arrivals","Ousmane N'Doye","https://www.transfermarkt.com/ousmane-ndoye/profil/spieler/6973","Defensive Midfield","32","Senegal","FC Dinamo","SuperLiga","Romania",450000,FALSE,NA,"Winter",11,11,2,950
"Astra Giurgiu (- 2024)",NA,NA,"2010","Arrivals","Júnior Morais","https://www.transfermarkt.com/junior-morais/profil/spieler/125069","Left-Back","24","Brazil","Freamunde","Liga Portugal 2","Portugal",150000,FALSE,NA,"Winter",14,14,0,1260
"Astra Giurgiu (- 2024)",NA,NA,"2010","Arrivals","Alexandru Țigănașu","https://www.transfermarkt.com/alexandru-tiganasu/profil/spieler/177661","Left-Back","20","Romania","FC Botosani","Liga 2","Romania",1e+05,FALSE,NA,"Winter",16,7,0,420
"Astra Giurgiu (- 2024)",NA,NA,"2010","Arrivals","Constantin Budescu","https://www.transfermarkt.com/constantin-budescu/profil/spieler/164233","Attacking Midfield","21","Romania","Petrolul","Liga II - Seria II","Romania",0,FALSE,NA,"Winter",6,6,0,323
"Astra Giurgiu (- 2024)",NA,NA,"2010","Arrivals","Marius Croitoru","https://www.transfermarkt.com/marius-croitoru/profil/spieler/46526","Right Winger","30","Romania","Atyrau","Premier Liga","Kazakhstan",0,FALSE,NA,"Winter",14,8,0,389
"Astra Giurgiu (- 2024)",NA,NA,"2010","Arrivals","Bogdan Rusu","https://www.transfermarkt.com/bogdan-rusu/profil/spieler/180015","Centre-Forward","20","Romania","Farul Constanta","Liga 2","Romania",0,FALSE,NA,"Winter",14,7,1,150
"Astra Giurgiu (- 2024)",NA,NA,"2010","Arrivals","Dimitrie Gafita","https://www.transfermarkt.com/dimitrie-gafita/profil/spieler/97553","Centre-Forward","26","Romania","Petrolul","Liga II - Seria II","Romania",NA,TRUE,"End of loan Dec 1, 2010","Winter",NA,NA,NA,NA
"Astra Giurgiu (- 2024)",NA,NA,"2010","Departures","Atanas Bornosuzov","https://www.transfermarkt.com/atanas-bornosuzov/profil/spieler/38675","Central Midfield","31","Bulgaria","Bnei Sakhnin","Ligat ha'Al","Israel",0,FALSE,NA,"Winter",10,10,0,483
"Astra Giurgiu (- 2024)",NA,NA,"2010","Departures","Dorin Semeghin","https://www.transfermarkt.com/dorin-semeghin/profil/spieler/26044","Left-Back","31","Romania","Gloria Buzau","Liga 2","Romania",0,FALSE,NA,"Winter",NA,NA,NA,NA
"Astra Giurgiu (- 2024)",NA,NA,"2010","Departures","Adrian Mihalcea","https://www.transfermarkt.com/adrian-mihalcea/profil/spieler/21869","Centre-Forward","34","Romania","Unirea Urziceni","SuperLiga","Romania",0,FALSE,NA,"Winter",13,8,1,285
"Astra Giurgiu (- 2024)",NA,NA,"2010","Departures","Nicandro Breeveld","https://www.transfermarkt.com/nicandro-breeveld/profil/spieler/53222","Defensive Midfield","24","Suriname","Jiul Petrosani",NA,"Romania",0,FALSE,NA,"Winter",NA,NA,NA,NA
"Astra Giurgiu (- 2024)",NA,NA,"2010","Departures","Georgi Kakalov","https://www.transfermarkt.com/georgi-kakalov/profil/spieler/26346","Left Winger","26","Bulgaria","H. Beer Sheva","Ligat ha'Al","Israel",0,FALSE,NA,"Winter",NA,NA,NA,NA
"Astra Giurgiu (- 2024)",NA,NA,"2010","Departures","Florin Patrascu","https://www.transfermarkt.com/florin-patrascu/profil/spieler/56527","Defensive Midfield","24","Romania","ACSM Poli Iasi","Liga II - Seria II","Romania",NA,TRUE,"loan transfer","Winter",15,12,2,928
"Astra Giurgiu (- 2024)",NA,NA,"2010","Departures","Claudiu Tudor","https://www.transfermarkt.com/claudiu-tudor/profil/spieler/26705","Attacking Midfield","25","Romania","ACSM Poli Iasi","Liga II - Seria II","Romania",NA,TRUE,"loan transfer","Winter",16,9,0,371
"Astra Giurgiu (- 2024)",NA,NA,"2010","Departures","Dimitrie Gafita","https://www.transfermarkt.com/dimitrie-gafita/profil/spieler/97553","Centre-Forward","26","Romania","Gauss Bacau",NA,"Romania",NA,TRUE,"loan transfer","Winter",NA,NA,NA,NA
"Astra Giurgiu (- 2024)",NA,NA,"2010","Departures","Viorel Dinu","https://www.transfermarkt.com/viorel-dinu/profil/spieler/156919","Left Winger","32","Romania","FC Snagov","Liga 2","Romania",NA,TRUE,"loan transfer","Winter",12,9,0,680
"Astra Giurgiu (- 2024)",NA,NA,"2010","Departures","Marian Florea","https://www.transfermarkt.com/marian-florea/profil/spieler/158985","Left Midfield","28","Romania","ACSM Poli Iasi","Liga II - Seria II","Romania",NA,TRUE,"loan transfer","Winter",16,14,0,892
"Astra Giurgiu (- 2024)",NA,NA,"2010","Departures","Raymond Lukács","https://www.transfermarkt.com/raymond-lukacs/profil/spieler/156921","Centre-Forward","22","Romania","ACSM Poli Iasi","Liga II - Seria II","Romania",NA,TRUE,"loan transfer","Winter",14,10,3,517
"Astra Giurgiu (- 2024)",NA,NA,"2010","Departures","Gheorghe Rohat","https://www.transfermarkt.com/gheorghe-rohat/profil/spieler/48896","Centre-Back","35","Romania",NA,NA,NA,NA,FALSE,"-","Winter",20,10,2,766
"Astra Giurgiu (- 2024)",NA,NA,"2010","Departures","Pavle Popara","https://www.transfermarkt.com/pavle-popara/profil/spieler/38634","Central Midfield","23","Serbia","Slavia Sofia","efbet Liga","Bulgaria",NA,TRUE,"End of loan Dec 1, 2010","Winter",10,7,1,400
"Astra Giurgiu (- 2024)",NA,NA,"2010","Departures","Eugen Craciun","https://www.transfermarkt.com/eugen-craciun/profil/spieler/48666","Right-Back","24","Romania","FC Dinamo","SuperLiga","Romania",NA,TRUE,"End of loan Dec 31, 2010","Winter",12,9,0,599
"CF Gloria Bistrita (- 2015)",NA,NA,"2010","Arrivals","Alexandru Tudose","https://www.transfermarkt.com/alexandru-tudose/profil/spieler/34941","Centre-Back","23","Romania","FCSB","SuperLiga","Romania",180000,FALSE,NA,"Summer",25,23,1,1638
"CF Gloria Bistrita (- 2015)",NA,NA,"2010","Arrivals","Bruno Moraes","https://www.transfermarkt.com/bruno-moraes/profil/spieler/9814","Centre-Forward","26","Brazil","FC Porto","Liga Portugal","Portugal",0,FALSE,NA,"Summer",14,14,1,821
"CF Gloria Bistrita (- 2015)",NA,NA,"2010","Arrivals","Lukasz Szukala","https://www.transfermarkt.com/lukasz-szukala/profil/spieler/19081","Centre-Back","26","Poland","Alem. Aachen","2. Bundesliga","Germany",0,FALSE,NA,"Summer",30,30,2,2685
"CF Gloria Bistrita (- 2015)",NA,NA,"2010","Arrivals","Cornel Predescu","https://www.transfermarkt.com/cornel-predescu/profil/spieler/44943","Attacking Midfield","22","Romania","FC Dinamo","SuperLiga","Romania",0,FALSE,NA,"Summer",24,18,3,1082
"CF Gloria Bistrita (- 2015)",NA,NA,"2010","Arrivals","Thaer Bawab","https://www.transfermarkt.com/thaer-bawab/profil/spieler/40480","Centre-Forward","25","Jordan","Moratalla CF",NA,"Spain",0,FALSE,NA,"Summer",10,7,0,105
"CF Gloria Bistrita (- 2015)",NA,NA,"2010","Arrivals","Abdou","https://www.transfermarkt.com/abdou/profil/spieler/124176","Central Midfield","21","Senegal","Nacional","Liga Portugal","Portugal",0,FALSE,NA,"Summer",NA,NA,NA,NA
"CF Gloria Bistrita (- 2015)",NA,NA,"2010","Arrivals","Ionut Irimia","https://www.transfermarkt.com/ionut-irimia/profil/spieler/164514","Goalkeeper","31","Romania","FC Snagov","Liga 2","Romania",0,FALSE,NA,"Summer",23,2,0,180
"CF Gloria Bistrita (- 2015)",NA,NA,"2010","Arrivals","Mihaita Roman","https://www.transfermarkt.com/mihaita-roman/profil/spieler/147809","Right-Back","19","Romania","ASA Tg. Mures","SuperLiga","Romania",0,FALSE,NA,"Summer",1,1,0,90
"CF Gloria Bistrita (- 2015)",NA,NA,"2010","Arrivals","Adrian Nalati","https://www.transfermarkt.com/adrian-nalati/profil/spieler/46603","Central Midfield","27","Romania","Pandurii ","SuperLiga","Romania",NA,FALSE,"?","Summer",28,22,2,1337
"CF Gloria Bistrita (- 2015)",NA,NA,"2010","Arrivals","Gigel Ene","https://www.transfermarkt.com/gigel-ene/profil/spieler/35436","Attacking Midfield","27","Romania","FC Snagov","Liga 2","Romania",NA,FALSE,"?","Summer",15,9,0,443
"CF Gloria Bistrita (- 2015)",NA,NA,"2010","Arrivals","Ygor de Souza","https://www.transfermarkt.com/ygor-de-souza/profil/spieler/156853","Striker","23","Brazil","Osvaldo-SP",NA,"Brazil",NA,FALSE,"?","Summer",11,5,0,186
"CF Gloria Bistrita (- 2015)",NA,NA,"2010","Arrivals","Victor Pasenciuc","https://www.transfermarkt.com/victor-pasenciuc/profil/spieler/180009","Striker","22","Romania","Unknown",NA,NA,NA,FALSE,"?","Summer",5,3,0,67
"CF Gloria Bistrita (- 2015)",NA,NA,"2010","Arrivals","Miguel De Pina","https://www.transfermarkt.com/miguel-de-pina/profil/spieler/156856","Striker","29","Portugal","Red Star FC",NA,"France",NA,FALSE,"?","Summer",8,4,0,206
"CF Gloria Bistrita (- 2015)",NA,NA,"2010","Arrivals","Fagner","https://www.transfermarkt.com/fagner/profil/spieler/155241","Centre-Back","21","Brazil","Alecrim",NA,"Brazil",NA,FALSE,"?","Summer",0,0,0,0
"CF Gloria Bistrita (- 2015)",NA,NA,"2010","Arrivals","Mikhail Pérez","https://www.transfermarkt.com/mikhail-perez/profil/spieler/220439","Attacking Midfield","19","Dominican Republic","FC Snagov","Liga 2","Romania",NA,FALSE,"?","Summer",NA,NA,NA,NA
"CF Gloria Bistrita (- 2015)",NA,NA,"2010","Arrivals","Alexandru Vagner","https://www.transfermarkt.com/alexandru-vagner/profil/spieler/48755","Right-Back","20","Romania","ASA Tg. Mures","Liga II - Seria II","Romania",NA,TRUE,"End of loan Jun 30, 2010","Summer",NA,NA,NA,NA
"CF Gloria Bistrita (- 2015)",NA,NA,"2010","Arrivals","Marius Curtuiuș","https://www.transfermarkt.com/marius-curtuius/profil/spieler/48712","Centre-Forward","20","Romania","Rm. Valcea","Liga II - Seria II","Romania",NA,TRUE,"End of loan Jun 30, 2010","Summer",4,4,1,306
"CF Gloria Bistrita (- 2015)",NA,NA,"2010","Arrivals","Paul Anton","https://www.transfermarkt.com/paul-anton/profil/spieler/123286","Central Midfield","19","Romania","ASA Tg. Mures","Liga II - Seria II","Romania",NA,TRUE,"End of loan Jun 30, 2010","Summer",29,22,0,1783
"CF Gloria Bistrita (- 2015)",NA,NA,"2010","Arrivals","Adrian Murar","https://www.transfermarkt.com/adrian-murar/profil/spieler/325004","Left Midfield","20","Romania","Dunarea Galati","Liga 2","Romania",NA,TRUE,"End of loan Jun 30, 2010","Summer",NA,NA,NA,NA
"CF Gloria Bistrita (- 2015)",NA,NA,"2010","Arrivals","Bogdan Dobrea","https://www.transfermarkt.com/bogdan-dobrea/profil/spieler/226769","Left Midfield","18","Romania","Sageata Navodar","Liga 2","Romania",NA,TRUE,"End of loan Jun 30, 2010","Summer",NA,NA,NA,NA
"CF Gloria Bistrita (- 2015)",NA,NA,"2010","Arrivals","Andrei Peteleu","https://www.transfermarkt.com/andrei-peteleu/profil/spieler/192870","Right-Back","17","Romania","Delta Tulcea","Liga 2","Romania",NA,TRUE,"End of loan Jun 30, 2010","Summer",NA,NA,NA,NA
"CF Gloria Bistrita (- 2015)",NA,NA,"2010","Departures","Ioan Hora","https://www.transfermarkt.com/ioan-hora/profil/spieler/54528","Centre-Forward","21","Romania","CFR Cluj","SuperLiga","Romania",7e+05,FALSE,NA,"Summer",NA,NA,NA,NA
"CF Gloria Bistrita (- 2015)",NA,NA,"2010","Departures","Ciprian Botoser","https://www.transfermarkt.com/ciprian-botoser/profil/spieler/46511","Goalkeeper","24","Romania","ASA Tg. Mures","SuperLiga","Romania",2e+05,FALSE,NA,"Summer",3,1,0,90
"CF Gloria Bistrita (- 2015)",NA,NA,"2010","Departures","Alexandru Vagner","https://www.transfermarkt.com/alexandru-vagner/profil/spieler/48755","Right-Back","20","Romania","ASA Tg. Mures","SuperLiga","Romania",1e+05,FALSE,NA,"Summer",NA,NA,NA,NA
"CF Gloria Bistrita (- 2015)",NA,NA,"2010","Departures","Andrei Enescu","https://www.transfermarkt.com/andrei-enescu/profil/spieler/34936","Central Midfield","22","Romania","Bőcs KSC","NB II - East","Hungary",0,FALSE,NA,"Summer",NA,NA,NA,NA
"CF Gloria Bistrita (- 2015)",NA,NA,"2010","Departures","Danut Sabou","https://www.transfermarkt.com/danut-sabou/profil/spieler/48792","Defensive Midfield","30","Romania","Unknown",NA,NA,0,FALSE,NA,"Summer",NA,NA,NA,NA
"CF Gloria Bistrita (- 2015)",NA,NA,"2010","Departures","Madalin Ciuca","https://www.transfermarkt.com/madalin-ciuca/profil/spieler/47570","Centre-Back","27","Romania","FC U Craiova","SuperLiga","Romania",NA,FALSE,"?","Summer",NA,NA,NA,NA
"CF Gloria Bistrita (- 2015)",NA,NA,"2010","Departures","Marius Curtuiuș","https://www.transfermarkt.com/marius-curtuius/profil/spieler/48712","Centre-Forward","20","Romania","Ariesul Turda","Liga II - Seria II","Romania",NA,TRUE,"loan transfer","Summer",4,4,1,306
"CF Gloria Bistrita (- 2015)",NA,NA,"2010","Departures","Adrian Murar","https://www.transfermarkt.com/adrian-murar/profil/spieler/325004","Left Midfield","20","Romania","Ariesul Turda","Liga II - Seria II","Romania",NA,TRUE,"loan transfer","Summer",NA,NA,NA,NA
"CF Gloria Bistrita (- 2015)",NA,NA,"2010","Departures","Voicu Florea","https://www.transfermarkt.com/voicu-florea/profil/spieler/213645","Right Midfield","24","Romania","FC Cisnadie",NA,"Romania",NA,TRUE,"loan transfer","Summer",NA,NA,NA,NA
"CF Gloria Bistrita (- 2015)",NA,NA,"2010","Departures","Andrei Peteleu","https://www.transfermarkt.com/andrei-peteleu/profil/spieler/192870","Right-Back","18","Romania","Delta Tulcea","Liga 2","Romania",NA,TRUE,"loan transfer","Summer",NA,NA,NA,NA
"CF Gloria Bistrita (- 2015)",NA,NA,"2010","Departures","Sorin Iodi","https://www.transfermarkt.com/sorin-iodi/profil/spieler/54737","Centre-Back","34","Romania",NA,NA,NA,NA,FALSE,"-","Summer",2,1,0,13
"CF Gloria Bistrita (- 2015)",NA,NA,"2010","Departures","Tibor Moldovan","https://www.transfermarkt.com/tibor-moldovan/profil/spieler/46598","Centre-Forward","28","Romania","Without Club",NA,NA,NA,FALSE,"-","Summer",NA,NA,NA,NA
"CF Gloria Bistrita (- 2015)",NA,NA,"2010","Departures","Sergiu Homei","https://www.transfermarkt.com/sergiu-homei/profil/spieler/48140","Right-Back","22","Romania","FC Dinamo","SuperLiga","Romania",NA,TRUE,"End of loan Jun 30, 2010","Summer",NA,NA,NA,NA
"CF Gloria Bistrita (- 2015)",NA,NA,"2010","Departures","Iasmin Latovlevici","https://www.transfermarkt.com/iasmin-latovlevici/profil/spieler/47172","Left-Back","24","Romania","Poli. Timisoara","SuperLiga","Romania",NA,TRUE,"End of loan Jun 30, 2010","Summer",NA,NA,NA,NA
"CF Gloria Bistrita (- 2015)",NA,NA,"2010","Departures","Dan Matei","https://www.transfermarkt.com/dan-matei/profil/spieler/46589","Centre-Back","29","Romania","Unirea Urziceni","SuperLiga","Romania",NA,TRUE,"End of loan Jun 30, 2010","Summer",NA,NA,NA,NA
"CF Gloria Bistrita (- 2015)",NA,NA,"2010","Arrivals","Ilie Iordache","https://www.transfermarkt.com/ilie-iordache/profil/spieler/47877","Left Winger","25","Romania","Pandurii ","SuperLiga","Romania",0,FALSE,NA,"Winter",10,10,0,438
"CF Gloria Bistrita (- 2015)",NA,NA,"2010","Arrivals","Ionut Balba","https://www.transfermarkt.com/ionut-balba/profil/spieler/47493","Centre-Forward","29","Romania","FC Botosani","Liga 2","Romania",0,FALSE,NA,"Winter",7,6,2,348
"CF Gloria Bistrita (- 2015)",NA,NA,"2010","Arrivals","Simone Cavalli","https://www.transfermarkt.com/simone-cavalli/profil/spieler/24301","Centre-Forward","32","Italy","Fidelis Andria","Serie C - B","Italy",0,FALSE,NA,"Winter",9,9,3,740
"CF Gloria Bistrita (- 2015)",NA,NA,"2010","Arrivals","Ciprian Botoser","https://www.transfermarkt.com/ciprian-botoser/profil/spieler/46511","Goalkeeper","24","Romania","ASA Tg. Mures","SuperLiga","Romania",0,FALSE,NA,"Winter",3,1,0,90
"CF Gloria Bistrita (- 2015)",NA,NA,"2010","Arrivals","Wellington","https://www.transfermarkt.com/wellington/profil/spieler/167070","Left-Back","23","Brazil","SC Buochs","1. Liga Gr. 3 (- 11/12)","Switzerland",0,FALSE,NA,"Winter",NA,NA,NA,NA
"CF Gloria Bistrita (- 2015)",NA,NA,"2010","Arrivals","Fernando Cafasso","https://www.transfermarkt.com/fernando-cafasso/profil/spieler/99149","Left-Back","27","Argentina","Guaraní",NA,"Paraguay",NA,FALSE,"?","Winter",8,8,2,631
"CF Gloria Bistrita (- 2015)",NA,NA,"2010","Arrivals","Pimenta","https://www.transfermarkt.com/pimenta/profil/spieler/186035","Centre-Forward","24","Brazil","Rio Negro-AM",NA,"Brazil",NA,FALSE,"?","Winter",1,0,0,0
"CF Gloria Bistrita (- 2015)",NA,NA,"2010","Arrivals","Ionut Costache","https://www.transfermarkt.com/ionut-costache/profil/spieler/123232","Left-Back","27","Romania","Without Club",NA,NA,NA,FALSE,"-","Winter",12,7,0,401
"CF Gloria Bistrita (- 2015)",NA,NA,"2010","Arrivals","Riccardo Corallo","https://www.transfermarkt.com/riccardo-corallo/profil/spieler/22313","Centre-Back","30","Italy","Without Club",NA,NA,NA,FALSE,"-","Winter",12,11,0,932
"CF Gloria Bistrita (- 2015)",NA,NA,"2010","Arrivals","Antonino D'Agostino","https://www.transfermarkt.com/antonino-dagostino/profil/spieler/23353","Right Midfield","32","Italy","Without Club",NA,NA,NA,FALSE,"-","Winter",4,4,1,91
"CF Gloria Bistrita (- 2015)",NA,NA,"2010","Arrivals","Levente Kovács","https://www.transfermarkt.com/levente-kovacs/profil/spieler/208803","Left-Back","20","Romania","Gloria Bistrita U19",NA,"Romania",NA,FALSE,"-","Winter",NA,NA,NA,NA
"CF Gloria Bistrita (- 2015)",NA,NA,"2010","Arrivals","Marius Curtuiuș","https://www.transfermarkt.com/marius-curtuius/profil/spieler/48712","Centre-Forward","21","Romania","Ariesul Turda","Liga II - Seria II","Romania",NA,TRUE,"End of loan Dec 31, 2010","Winter",4,4,1,306
"CF Gloria Bistrita (- 2015)",NA,NA,"2010","Arrivals","Adrian Murar","https://www.transfermarkt.com/adrian-murar/profil/spieler/325004","Left Midfield","21","Romania","Ariesul Turda","Liga II - Seria II","Romania",NA,TRUE,"End of loan Dec 31, 2010","Winter",NA,NA,NA,NA
"CF Gloria Bistrita (- 2015)",NA,NA,"2010","Departures","Júnior Moraes","https://www.transfermarkt.com/junior-moraes/profil/spieler/52915","Centre-Forward","23","Ukraine","Metalurg D.","Premier Liga","Ukraine",1250000,FALSE,NA,"Winter",18,18,10,1462
"CF Gloria Bistrita (- 2015)",NA,NA,"2010","Departures","Andrei Muresan","https://www.transfermarkt.com/andrei-muresan/profil/spieler/57228","Centre-Back","25","Romania","Khazar Lankaran","Premyer Liqa","Azerbaijan",2e+05,FALSE,NA,"Winter",20,19,2,1605
"CF Gloria Bistrita (- 2015)",NA,NA,"2010","Departures","Bruno Moraes","https://www.transfermarkt.com/bruno-moraes/profil/spieler/9814","Centre-Forward","26","Brazil","Naval 1893","Liga Portugal","Portugal",0,FALSE,NA,"Winter",14,14,1,821
"CF Gloria Bistrita (- 2015)",NA,NA,"2010","Departures","Petru Turcas","https://www.transfermarkt.com/petru-turcas/profil/spieler/43386","Goalkeeper","34","Romania","ACS Recas",NA,"Romania",0,FALSE,NA,"Winter",6,0,0,0
"CF Gloria Bistrita (- 2015)",NA,NA,"2010","Departures","Thaer Bawab","https://www.transfermarkt.com/thaer-bawab/profil/spieler/40480","Centre-Forward","25","Jordan","Gaz Metan","SuperLiga","Romania",0,FALSE,NA,"Winter",10,7,0,105
"CF Gloria Bistrita (- 2015)",NA,NA,"2010","Departures","Alejandro Correa","https://www.transfermarkt.com/alejandro-correa/profil/spieler/5977","Defensive Midfield","31","Uruguay","Santa Cruz-PE",NA,"Brazil",NA,FALSE,"?","Winter",NA,NA,NA,NA
"CF Gloria Bistrita (- 2015)",NA,NA,"2010","Departures","Abdou","https://www.transfermarkt.com/abdou/profil/spieler/124176","Central Midfield","21","Senegal","Torreense",NA,"Portugal",NA,FALSE,"?","Winter",NA,NA,NA,NA
"CF Gloria Bistrita (- 2015)",NA,NA,"2010","Departures","Cosmin Frasinescu","https://www.transfermarkt.com/cosmin-frasinescu/profil/spieler/46546","Centre-Back","25","Romania","Khazar Lankaran","Premyer Liqa","Azerbaijan",NA,TRUE,"loan transfer","Winter",16,14,0,1250
"CF Gloria Bistrita (- 2015)",NA,NA,"2010","Departures","Ygor de Souza","https://www.transfermarkt.com/ygor-de-souza/profil/spieler/156853","Striker","24","Brazil","Without Club",NA,NA,NA,FALSE,"-","Winter",11,5,0,186
"CF Gloria Bistrita (- 2015)",NA,NA,"2010","Departures","Miguel De Pina","https://www.transfermarkt.com/miguel-de-pina/profil/spieler/156856","Striker","29","Portugal",NA,NA,NA,NA,FALSE,"-","Winter",8,4,0,206
"AS Ardealul Tg. Mures (- 2018)",NA,NA,"2010","Arrivals","Ciprian Botoser","https://www.transfermarkt.com/ciprian-botoser/profil/spieler/46511","Goalkeeper","24","Romania","Gloria Bistrita","SuperLiga","Romania",2e+05,FALSE,NA,"Summer",3,0,0,0
"AS Ardealul Tg. Mures (- 2018)",NA,NA,"2010","Arrivals","Alexandru Vagner","https://www.transfermarkt.com/alexandru-vagner/profil/spieler/48755","Right-Back","20","Romania","Gloria Bistrita","SuperLiga","Romania",1e+05,FALSE,NA,"Summer",27,24,1,1494
"AS Ardealul Tg. Mures (- 2018)",NA,NA,"2010","Arrivals","Borislav Topic","https://www.transfermarkt.com/borislav-topic/profil/spieler/50378","Midfielder","26","Bosnia-Herzegovina","BSK Borca","Super liga Srbije","Serbia",50000,FALSE,NA,"Summer",18,17,0,1479
"AS Ardealul Tg. Mures (- 2018)",NA,NA,"2010","Arrivals","Didi","https://www.transfermarkt.com/didi/profil/spieler/24733","Second Striker","27","Brazil","CFR Cluj","SuperLiga","Romania",0,FALSE,NA,"Summer",23,22,3,1323
"AS Ardealul Tg. Mures (- 2018)",NA,NA,"2010","Arrivals","Bruno Fernandes","https://www.transfermarkt.com/bruno-fernandes/profil/spieler/25158","Centre-Back","31","Guinea-Bissau","Unirea Urziceni","SuperLiga","Romania",0,FALSE,NA,"Summer",20,20,0,1564
"AS Ardealul Tg. Mures (- 2018)",NA,NA,"2010","Arrivals","Florin Stîngă","https://www.transfermarkt.com/florin-stinga/profil/spieler/47891","Central Midfield","32","Romania","AO Xanthi","Super League 1","Greece",0,FALSE,NA,"Summer",17,14,0,613
"AS Ardealul Tg. Mures (- 2018)",NA,NA,"2010","Arrivals","Issa Ba","https://www.transfermarkt.com/issa-ba/profil/spieler/21160","Central Midfield","28","Senegal","Wisla Kraków","Ekstraklasa","Poland",0,FALSE,NA,"Summer",20,20,0,1578
"AS Ardealul Tg. Mures (- 2018)",NA,NA,"2010","Arrivals","Ciprian Vasilache","https://www.transfermarkt.com/ciprian-vasilache/profil/spieler/34514","Attacking Midfield","26","Romania","Ceahlaul","Liga 2","Romania",0,FALSE,NA,"Summer",24,24,2,1858
"AS Ardealul Tg. Mures (- 2018)",NA,NA,"2010","Arrivals","Dan Matei","https://www.transfermarkt.com/dan-matei/profil/spieler/46589","Centre-Back","29","Romania","Unirea Urziceni","SuperLiga","Romania",0,FALSE,NA,"Summer",17,15,2,1020
"AS Ardealul Tg. Mures (- 2018)",NA,NA,"2010","Arrivals","Alessandro Caparco","https://www.transfermarkt.com/alessandro-caparco/profil/spieler/85260","Goalkeeper","26","Italy","Grosseto","Serie B","Italy",0,FALSE,NA,"Summer",7,5,0,450
"AS Ardealul Tg. Mures (- 2018)",NA,NA,"2010","Arrivals","Calin Tarnavean","https://www.transfermarkt.com/calin-tarnavean/profil/spieler/46664","Centre-Forward","26","Romania","CSM Deva","Liga II - Seria II","Romania",0,FALSE,NA,"Summer",9,4,1,280
"AS Ardealul Tg. Mures (- 2018)",NA,NA,"2010","Arrivals","Edu Espada","https://www.transfermarkt.com/edu-espada/profil/spieler/75555","Centre-Forward","29","Spain","Écija Balompié","2ª B - Grupo IV","Spain",0,FALSE,NA,"Summer",7,5,0,100
"AS Ardealul Tg. Mures (- 2018)",NA,NA,"2010","Arrivals","Cristian Munteanu","https://www.transfermarkt.com/cristian-munteanu/profil/spieler/54755","Centre-Back","29","Romania","Poli Iasi",NA,"Romania",NA,FALSE,"?","Summer",26,20,3,1494
"AS Ardealul Tg. Mures (- 2018)",NA,NA,"2010","Arrivals","Florin Dan","https://www.transfermarkt.com/florin-dan/profil/spieler/43298","Attacking Midfield","31","Romania","Alba Iulia","Liga II - Seria II","Romania",NA,FALSE,"?","Summer",30,30,5,2388
"AS Ardealul Tg. Mures (- 2018)",NA,NA,"2010","Arrivals","Florin Popete","https://www.transfermarkt.com/florin-popete/profil/spieler/47885","Right-Back","32","Romania","Pandurii ","SuperLiga","Romania",NA,FALSE,"?","Summer",5,5,0,380
"AS Ardealul Tg. Mures (- 2018)",NA,NA,"2010","Arrivals","Carlos Casquero","https://www.transfermarkt.com/carlos-casquero/profil/spieler/75861","Central Midfield","28","Spain","CD Leganés","2ª B - Grupo I","Spain",NA,FALSE,"?","Summer",7,7,0,456
"AS Ardealul Tg. Mures (- 2018)",NA,NA,"2010","Arrivals","Martín Mantovani","https://www.transfermarkt.com/martin-mantovani/profil/spieler/73180","Centre-Back","26","Argentina","Atl. Madrileño","2ª B - Grupo I","Spain",NA,FALSE,"?","Summer",NA,NA,NA,NA
"AS Ardealul Tg. Mures (- 2018)",NA,NA,"2010","Arrivals","Mihai Onicas","https://www.transfermarkt.com/mihai-onicas/profil/spieler/115242","Defensive Midfield","20","Romania","FCSB","SuperLiga","Romania",NA,TRUE,"loan transfer","Summer",15,11,0,544
"AS Ardealul Tg. Mures (- 2018)",NA,NA,"2010","Arrivals","Rade Veljovic","https://www.transfermarkt.com/rade-veljovic/profil/spieler/47000","Centre-Forward","23","Serbia","CFR Cluj","SuperLiga","Romania",NA,TRUE,"loan transfer","Summer",6,3,0,103
"AS Ardealul Tg. Mures (- 2018)",NA,NA,"2010","Arrivals","Andrei Cordoș","https://www.transfermarkt.com/andrei-cordos/profil/spieler/54729","Centre-Back","22","Romania","Frosinone","Serie B","Italy",NA,TRUE,"loan transfer","Summer",27,18,1,1146
"AS Ardealul Tg. Mures (- 2018)",NA,NA,"2010","Arrivals","Cristian Sosa","https://www.transfermarkt.com/cristian-sosa/profil/spieler/76744","Centre-Back","25","Uruguay","Without Club",NA,NA,NA,FALSE,"-","Summer",6,5,1,405
"AS Ardealul Tg. Mures (- 2018)",NA,NA,"2010","Arrivals","Mario Donadoni","https://www.transfermarkt.com/mario-donadoni/profil/spieler/30634","Centre-Back","30","Italy","Without Club",NA,NA,NA,FALSE,"-","Summer",5,3,0,123
"AS Ardealul Tg. Mures (- 2018)",NA,NA,"2010","Arrivals","Victoraș Astafei","https://www.transfermarkt.com/victoras-astafei/profil/spieler/119671","Left Winger","22","Romania","Ariesul Turda","Liga II - Seria II","Romania",NA,TRUE,"End of loan Jun 30, 2010","Summer",27,26,3,2187
"AS Ardealul Tg. Mures (- 2018)",NA,NA,"2010","Departures","Ciprian Prodan","https://www.transfermarkt.com/ciprian-prodan/profil/spieler/81500","Centre-Forward","31","Romania","Vic. Branesti","SuperLiga","Romania",0,FALSE,NA,"Summer",NA,NA,NA,NA
"AS Ardealul Tg. Mures (- 2018)",NA,NA,"2010","Departures","Adrian Gongolea","https://www.transfermarkt.com/adrian-gongolea/profil/spieler/6455","Centre-Back","34","Romania","CSM Deva","Liga II - Seria II","Romania",0,FALSE,NA,"Summer",NA,NA,NA,NA
"AS Ardealul Tg. Mures (- 2018)",NA,NA,"2010","Departures","Cornel Gheti","https://www.transfermarkt.com/cornel-gheti/profil/spieler/147902","Right Midfield","24","Romania","Ariesul Turda","Liga II - Seria II","Romania",0,FALSE,NA,"Summer",NA,NA,NA,NA
"AS Ardealul Tg. Mures (- 2018)",NA,NA,"2010","Departures","Mihaita Roman","https://www.transfermarkt.com/mihaita-roman/profil/spieler/147809","Right-Back","19","Romania","Gloria Bistrita","SuperLiga","Romania",0,FALSE,NA,"Summer",NA,NA,NA,NA
"AS Ardealul Tg. Mures (- 2018)",NA,NA,"2010","Departures","Vlad Negru","https://www.transfermarkt.com/vlad-negru/profil/spieler/147798","Goalkeeper","18","Romania","Unknown",NA,NA,0,FALSE,NA,"Summer",NA,NA,NA,NA
"AS Ardealul Tg. Mures (- 2018)",NA,NA,"2010","Departures","Martín Mantovani","https://www.transfermarkt.com/martin-mantovani/profil/spieler/73180","Centre-Back","26","Argentina","CyD Leonesa","2ª B - Grupo II","Spain",0,FALSE,NA,"Summer",NA,NA,NA,NA
"AS Ardealul Tg. Mures (- 2018)",NA,NA,"2010","Departures","Casian Maghici","https://www.transfermarkt.com/casian-maghici/profil/spieler/57481","Defender","26","Romania","Vic. Branesti","SuperLiga","Romania",0,FALSE,NA,"Summer",NA,NA,NA,NA
"AS Ardealul Tg. Mures (- 2018)",NA,NA,"2010","Departures","Luigi Lavecchia","https://www.transfermarkt.com/luigi-lavecchia/profil/spieler/19244","Right Midfield","30","Italy","Torres",NA,"Italy",NA,FALSE,"?","Summer",2,1,0,29
"AS Ardealul Tg. Mures (- 2018)",NA,NA,"2010","Departures","Alexandru Pop","https://www.transfermarkt.com/alexandru-pop/profil/spieler/147805","Defender","26","Romania","Ariesul Turda","Liga II - Seria II","Romania",NA,FALSE,"?","Summer",NA,NA,NA,NA
"AS Ardealul Tg. Mures (- 2018)",NA,NA,"2010","Departures","Viorel Saim","https://www.transfermarkt.com/viorel-saim/profil/spieler/147810","Left Midfield","20","Romania","Ariesul Turda","Liga II - Seria II","Romania",NA,TRUE,"loan transfer","Summer",NA,NA,NA,NA
"AS Ardealul Tg. Mures (- 2018)",NA,NA,"2010","Departures","Flavius Moldovan","https://www.transfermarkt.com/flavius-moldovan/profil/spieler/35432","Centre-Back","34","Romania",NA,NA,NA,NA,FALSE,"-","Summer",5,5,0,450
"AS Ardealul Tg. Mures (- 2018)",NA,NA,"2010","Departures","Cristian Luput","https://www.transfermarkt.com/cristian-luput/profil/spieler/96513","Defensive Midfield","32","Romania","Without Club",NA,NA,NA,FALSE,"-","Summer",NA,NA,NA,NA
"AS Ardealul Tg. Mures (- 2018)",NA,NA,"2010","Departures","Alexandru Vagner","https://www.transfermarkt.com/alexandru-vagner/profil/spieler/48755","Right-Back","20","Romania","Gloria Bistrita","SuperLiga","Romania",NA,TRUE,"End of loan Jun 30, 2010","Summer",27,24,1,1494
"AS Ardealul Tg. Mures (- 2018)",NA,NA,"2010","Departures","Paul Anton","https://www.transfermarkt.com/paul-anton/profil/spieler/123286","Central Midfield","19","Romania","Gloria Bistrita","SuperLiga","Romania",NA,TRUE,"End of loan Jun 30, 2010","Summer",NA,NA,NA,NA
"AS Ardealul Tg. Mures (- 2018)",NA,NA,"2010","Arrivals","Dorel Zaharia","https://www.transfermarkt.com/dorel-zaharia/profil/spieler/46682","Centre-Forward","32","Romania","APO Levadiakos","Football League","Greece",0,FALSE,NA,"Winter",12,12,0,755
"AS Ardealul Tg. Mures (- 2018)",NA,NA,"2010","Arrivals","Diego Ruiz","https://www.transfermarkt.com/diego-ruiz/profil/spieler/64435","Centre-Forward","29","Argentina","Khazar Lankaran","Premyer Liqa","Azerbaijan",0,FALSE,NA,"Winter",13,11,2,368
"AS Ardealul Tg. Mures (- 2018)",NA,NA,"2010","Arrivals","Adrian Iencsi","https://www.transfermarkt.com/adrian-iencsi/profil/spieler/16653","Centre-Back","35","Romania","Concordia","Liga 2","Romania",0,FALSE,NA,"Winter",14,14,1,1238
"AS Ardealul Tg. Mures (- 2018)",NA,NA,"2010","Arrivals","Lucian Cazan","https://www.transfermarkt.com/lucian-cazan/profil/spieler/64125","Centre-Back","21","Romania","Sportul S.","SuperLiga","Romania",0,FALSE,NA,"Winter",5,2,0,119
"AS Ardealul Tg. Mures (- 2018)",NA,NA,"2010","Arrivals","Dragoș Balauru","https://www.transfermarkt.com/dragos-balauru/profil/spieler/175972","Goalkeeper","21","Romania","FC Snagov","Liga 2","Romania",0,FALSE,NA,"Winter",15,12,0,1080
"AS Ardealul Tg. Mures (- 2018)",NA,NA,"2010","Arrivals","George Petcut","https://www.transfermarkt.com/george-petcut/profil/spieler/175989","Right Midfield","24","Romania","Şimleu Silvanie","Liga II - Seria II","Romania",NA,FALSE,"?","Winter",9,5,0,134
"AS Ardealul Tg. Mures (- 2018)",NA,NA,"2010","Arrivals","Lucian Raduta","https://www.transfermarkt.com/lucian-raduta/profil/spieler/53978","Centre-Forward","22","Romania","FC Rapid 1923","SuperLiga","Romania",NA,TRUE,"loan transfer","Winter",14,10,1,373
"AS Ardealul Tg. Mures (- 2018)",NA,NA,"2010","Arrivals","Laurențiu Rus","https://www.transfermarkt.com/laurentiu-rus/profil/spieler/123289","Defensive Midfield","25","Romania","FC Dinamo","SuperLiga","Romania",NA,TRUE,"loan transfer","Winter",16,16,1,1366
"AS Ardealul Tg. Mures (- 2018)",NA,NA,"2010","Arrivals","Luigi Lavecchia","https://www.transfermarkt.com/luigi-lavecchia/profil/spieler/19244","Right Midfield","29","Italy","Without Club",NA,NA,NA,FALSE,"-","Winter",2,1,0,29
"AS Ardealul Tg. Mures (- 2018)",NA,NA,"2010","Departures","Cristian Sosa","https://www.transfermarkt.com/cristian-sosa/profil/spieler/76744","Centre-Back","25","Uruguay","Taranto","Serie C - B","Italy",0,FALSE,NA,"Winter",6,5,1,405
"AS Ardealul Tg. Mures (- 2018)",NA,NA,"2010","Departures","Florin Stîngă","https://www.transfermarkt.com/florin-stinga/profil/spieler/47891","Central Midfield","32","Romania","FC Brasov","SuperLiga","Romania",0,FALSE,NA,"Winter",17,14,0,613
"AS Ardealul Tg. Mures (- 2018)",NA,NA,"2010","Departures","Sebastian Sfarlea","https://www.transfermarkt.com/sebastian-sfarlea/profil/spieler/47502","Left Midfield","29","Romania","CS Mioveni","Liga II - Seria II","Romania",0,FALSE,NA,"Winter",2,1,0,90
"AS Ardealul Tg. Mures (- 2018)",NA,NA,"2010","Departures","Dan Roman","https://www.transfermarkt.com/dan-roman/profil/spieler/81431","Centre-Forward","25","Romania","Gaz Metan","SuperLiga","Romania",0,FALSE,NA,"Winter",16,14,1,947
"AS Ardealul Tg. Mures (- 2018)",NA,NA,"2010","Departures","Edu Espada","https://www.transfermarkt.com/edu-espada/profil/spieler/75555","Centre-Forward","29","Spain","Ontinyent CF","2ª B - Grupo III","Spain",0,FALSE,NA,"Winter",7,5,0,100
"AS Ardealul Tg. Mures (- 2018)",NA,NA,"2010","Departures","Cristian Pop","https://www.transfermarkt.com/cristian-pop/profil/spieler/147806","Defender","29","Romania","Ariesul Turda","Liga II - Seria II","Romania",0,FALSE,NA,"Winter",13,9,0,657
"AS Ardealul Tg. Mures (- 2018)",NA,NA,"2010","Departures","Ciprian Botoser","https://www.transfermarkt.com/ciprian-botoser/profil/spieler/46511","Goalkeeper","24","Romania","Gloria Bistrita","SuperLiga","Romania",0,FALSE,NA,"Winter",3,0,0,0
"AS Ardealul Tg. Mures (- 2018)",NA,NA,"2010","Departures","Florin Popete","https://www.transfermarkt.com/florin-popete/profil/spieler/47885","Right-Back","33","Romania","Pandurii ","SuperLiga","Romania",NA,FALSE,"?","Winter",5,5,0,380
"AS Ardealul Tg. Mures (- 2018)",NA,NA,"2010","Departures","Carlos Casquero","https://www.transfermarkt.com/carlos-casquero/profil/spieler/75861","Central Midfield","29","Spain","Extremadura","2ª B - Grupo I","Spain",NA,FALSE,"?","Winter",7,7,0,456
"AS Ardealul Tg. Mures (- 2018)",NA,NA,"2010","Departures","Cosmin Vancea","https://www.transfermarkt.com/cosmin-vancea/profil/spieler/123226","Centre-Forward","26","Romania","Bintang Medan",NA,"Indonesia",NA,FALSE,"?","Winter",13,11,1,727
"AS Ardealul Tg. Mures (- 2018)",NA,NA,"2010","Departures","Calin Tarnavean","https://www.transfermarkt.com/calin-tarnavean/profil/spieler/46664","Centre-Forward","26","Romania",NA,NA,NA,NA,FALSE,"-","Winter",9,4,1,280
"AS Ardealul Tg. Mures (- 2018)",NA,NA,"2010","Departures","Mihai Onicas","https://www.transfermarkt.com/mihai-onicas/profil/spieler/115242","Defensive Midfield","20","Romania","FCSB","SuperLiga","Romania",NA,TRUE,"End of loan Dec 31, 2010","Winter",15,11,0,544
"AS Ardealul Tg. Mures (- 2018)",NA,NA,"2010","Departures","Rade Veljovic","https://www.transfermarkt.com/rade-veljovic/profil/spieler/47000","Centre-Forward","24","Serbia","CFR Cluj","SuperLiga","Romania",NA,TRUE,"End of loan Dec 1, 2010","Winter",6,3,0,103
"AS Ardealul Tg. Mures (- 2018)",NA,NA,"2010","Departures","Casian Miclăuş","https://www.transfermarkt.com/casian-miclaus/profil/spieler/43338","Left-Back","33","Romania","Sanatatea",NA,"Romania",NA,FALSE,"","Winter",NA,NA,NA,NA
"FC Brasov (- 2017)",NA,NA,"2010","Arrivals","Daniel Bălașa","https://www.transfermarkt.com/daniel-balasa/profil/spieler/64102","Centre-Back","28","Romania","FC Arges","Liga II - Seria II","Romania",0,FALSE,NA,"Summer",12,4,0,316
"FC Brasov (- 2017)",NA,NA,"2010","Arrivals","Nuno Viveiros","https://www.transfermarkt.com/nuno-viveiros/profil/spieler/14242","Right Winger","27","Portugal","Poli Iasi",NA,"Romania",0,FALSE,NA,"Summer",30,29,1,1782
"FC Brasov (- 2017)",NA,NA,"2010","Arrivals","Valentin Bădoi","https://www.transfermarkt.com/valentin-badoi/profil/spieler/34508","Right-Back","34","Romania","FC U Craiova","SuperLiga","Romania",0,FALSE,NA,"Summer",15,12,0,490
"FC Brasov (- 2017)",NA,NA,"2010","Arrivals","Valentin Badea","https://www.transfermarkt.com/valentin-badea/profil/spieler/43758","Centre-Forward","27","Romania","Poli Iasi",NA,"Romania",0,FALSE,NA,"Summer",18,13,2,467
"FC Brasov (- 2017)",NA,NA,"2010","Arrivals","Willams","https://www.transfermarkt.com/willams/profil/spieler/34009","Left Winger","26","Brazil","Trofense","Liga Portugal 2","Portugal",0,FALSE,NA,"Summer",30,27,0,1804
"FC Brasov (- 2017)",NA,NA,"2010","Arrivals","Dejan Martinovic","https://www.transfermarkt.com/dejan-martinovic/profil/spieler/28616","Defensive Midfield","26","Bosnia-Herzegovina","Siroki Brijeg","Premijer Liga BiH","Bosnia-Herzegovina",0,FALSE,NA,"Summer",29,20,0,1071
"FC Brasov (- 2017)",NA,NA,"2010","Arrivals","Lamine Diarrassouba","https://www.transfermarkt.com/lamine-diarrassouba/profil/spieler/86476","Centre-Forward","23","Cote d'Ivoire","Poli Iasi",NA,"Romania",0,FALSE,NA,"Summer",11,8,1,387
"FC Brasov (- 2017)",NA,NA,"2010","Arrivals","Traian Marc","https://www.transfermarkt.com/traian-marc/profil/spieler/47490","Goalkeeper","27","Romania","Poli Iasi",NA,"Romania",0,FALSE,NA,"Summer",20,11,0,934
"FC Brasov (- 2017)",NA,NA,"2010","Arrivals","Peter Majernik","https://www.transfermarkt.com/peter-majernik/profil/spieler/80907","Centre-Back","31","Slovakia","Ruzomberok","Niké Liga","Slovakia",0,FALSE,NA,"Summer",36,25,2,1903
"FC Brasov (- 2017)",NA,NA,"2010","Arrivals","Laurentiu Dumitru","https://www.transfermarkt.com/laurentiu-dumitru/profil/spieler/169008","Right-Back","27","Romania","Petrolul","Liga II - Seria II","Romania",0,FALSE,NA,"Summer",2,1,0,4
"FC Brasov (- 2017)",NA,NA,"2010","Arrivals","Cosmin Nastasie","https://www.transfermarkt.com/cosmin-nastasie/profil/spieler/46604","Centre-Forward","27","Romania","FC Arges","Liga II - Seria II","Romania",NA,TRUE,"loan transfer","Summer",16,14,0,524
"FC Brasov (- 2017)",NA,NA,"2010","Arrivals","Adrian Rusu","https://www.transfermarkt.com/adrian-rusu/profil/spieler/35440","Right-Back","25","Romania","Pandurii ","SuperLiga","Romania",NA,TRUE,"loan transfer","Summer",31,29,2,2313
"FC Brasov (- 2017)",NA,NA,"2010","Arrivals","Sebastián Páez","https://www.transfermarkt.com/sebastian-paez/profil/spieler/90072","Central Midfield","23","Chile","San Felipe","Torneo Apertura","Chile",NA,TRUE,"loan transfer","Summer",NA,NA,NA,NA
"FC Brasov (- 2017)",NA,NA,"2010","Arrivals","Darius Dragan","https://www.transfermarkt.com/darius-dragan/profil/spieler/169007","Left Winger","18","Romania","FC Brasov U19",NA,"Romania",NA,FALSE,"-","Summer",7,0,0,0
"FC Brasov (- 2017)",NA,NA,"2010","Arrivals","Emanuel Cretulescu","https://www.transfermarkt.com/emanuel-cretulescu/profil/spieler/186025","Right-Back","18","Romania","FC Brasov II",NA,"Romania",NA,FALSE,"-","Summer",1,1,0,9
"FC Brasov (- 2017)",NA,NA,"2010","Arrivals","Alexandru Benga","https://www.transfermarkt.com/alexandru-benga/profil/spieler/202800","Centre-Back","21","Romania","Petrolul","Liga 2","Romania",NA,TRUE,"End of loan Jun 30, 2010","Summer",NA,NA,NA,NA
"FC Brasov (- 2017)",NA,NA,"2010","Arrivals","Emanuel Popa","https://www.transfermarkt.com/emanuel-popa/profil/spieler/324779","Centre-Forward","17","Romania","Minerul Lupeni","Liga II - Seria II","Romania",NA,TRUE,"End of loan Jun 30, 2010","Summer",NA,NA,NA,NA
"FC Brasov (- 2017)",NA,NA,"2010","Departures","Mihai Roman","https://www.transfermarkt.com/mihai-roman/profil/spieler/64229","Right Winger","25","Romania","FC Rapid 1923","SuperLiga","Romania",372000,FALSE,NA,"Summer",NA,NA,NA,NA
"FC Brasov (- 2017)",NA,NA,"2010","Departures","Sabrin Sburlea","https://www.transfermarkt.com/sabrin-sburlea/profil/spieler/64235","Centre-Forward","21","Romania","FC Rapid 1923","SuperLiga","Romania",372000,FALSE,NA,"Summer",NA,NA,NA,NA
"FC Brasov (- 2017)",NA,NA,"2010","Departures","Octavian Abrudan","https://www.transfermarkt.com/octavian-abrudan/profil/spieler/46485","Centre-Back","26","Romania","FCSB","SuperLiga","Romania",3e+05,FALSE,NA,"Summer",NA,NA,NA,NA
"FC Brasov (- 2017)",NA,NA,"2010","Departures","Rui Duarte","https://www.transfermarkt.com/rui-duarte/profil/spieler/22434","Right-Back","29","Portugal","FC Rapid 1923","SuperLiga","Romania",2e+05,FALSE,NA,"Summer",NA,NA,NA,NA
"FC Brasov (- 2017)",NA,NA,"2010","Departures","Ezequias Melo","https://www.transfermarkt.com/ezequias-melo/profil/spieler/14140","Left-Back","29","Brazil","FC Rapid 1923","SuperLiga","Romania",2e+05,FALSE,NA,"Summer",NA,NA,NA,NA
"FC Brasov (- 2017)",NA,NA,"2010","Departures","Nicolae Grigore","https://www.transfermarkt.com/nicolae-grigore/profil/spieler/35437","Central Midfield","26","Romania","FC Rapid 1923","SuperLiga","Romania",150000,FALSE,NA,"Summer",NA,NA,NA,NA
"FC Brasov (- 2017)",NA,NA,"2010","Departures","Alexandru Benga","https://www.transfermarkt.com/alexandru-benga/profil/spieler/202800","Centre-Back","21","Romania","Otelul Galati","SuperLiga","Romania",1e+05,FALSE,NA,"Summer",NA,NA,NA,NA
"FC Brasov (- 2017)",NA,NA,"2010","Departures","Dănuț Coman","https://www.transfermarkt.com/danut-coman/profil/spieler/34501","Goalkeeper","31","Romania","FC Rapid 1923","SuperLiga","Romania",0,FALSE,NA,"Summer",NA,NA,NA,NA
"FC Brasov (- 2017)",NA,NA,"2010","Departures","Nuno Diogo","https://www.transfermarkt.com/nuno-diogo/profil/spieler/22551","Centre-Back","29","Portugal","CFR Cluj","SuperLiga","Romania",0,FALSE,NA,"Summer",NA,NA,NA,NA
"FC Brasov (- 2017)",NA,NA,"2010","Departures","Cătălin Munteanu","https://www.transfermarkt.com/catalin-munteanu/profil/spieler/16615","Attacking Midfield","31","Romania","FC Dinamo","SuperLiga","Romania",0,FALSE,NA,"Summer",NA,NA,NA,NA
"FC Brasov (- 2017)",NA,NA,"2010","Departures","Dorel Zaharia","https://www.transfermarkt.com/dorel-zaharia/profil/spieler/46682","Centre-Forward","32","Romania","APO Levadiakos","Football League","Greece",0,FALSE,NA,"Summer",NA,NA,NA,NA
"FC Brasov (- 2017)",NA,NA,"2010","Departures","Dusan Savic","https://www.transfermarkt.com/dusan-savic/profil/spieler/54565","Centre-Forward","24","North Macedonia","Incheon Utd.","K League 1","Korea, South",0,FALSE,NA,"Summer",NA,NA,NA,NA
"FC Brasov (- 2017)",NA,NA,"2010","Departures","Nené","https://www.transfermarkt.com/nene/profil/spieler/13960","Defensive Midfield","30","Cape Verde","Arouca","Liga Portugal 2","Portugal",0,FALSE,NA,"Summer",NA,NA,NA,NA
"FC Brasov (- 2017)",NA,NA,"2010","Departures","Nicolae Constantin","https://www.transfermarkt.com/nicolae-constantin/profil/spieler/34502","Centre-Back","36","Romania","CS Brazi",NA,"Romania",0,FALSE,NA,"Summer",NA,NA,NA,NA
"FC Brasov (- 2017)",NA,NA,"2010","Departures","Stelian Stancu","https://www.transfermarkt.com/stelian-stancu/profil/spieler/45487","Right-Back","28","Romania","Khazar Lankaran","Premyer Liqa","Azerbaijan",NA,FALSE,"?","Summer",NA,NA,NA,NA
"FC Brasov (- 2017)",NA,NA,"2010","Departures","Julio Landauri","https://www.transfermarkt.com/julio-landauri/profil/spieler/82577","Left Winger","24","Peru","Total Chalaco","Torneo Descentralizado","Peru",NA,FALSE,"?","Summer",NA,NA,NA,NA
"FC Brasov (- 2017)",NA,NA,"2010","Departures","Emanuel Popa","https://www.transfermarkt.com/emanuel-popa/profil/spieler/324779","Centre-Forward","17","Romania","CS Brazi",NA,"Romania",NA,TRUE,"loan transfer","Summer",NA,NA,NA,NA
"FC Brasov (- 2017)",NA,NA,"2010","Departures","Alin Babei","https://www.transfermarkt.com/alin-babei/profil/spieler/604058","Right Winger","12","Romania","Forex Brasov",NA,"Romania",NA,TRUE,"loan transfer","Summer",NA,NA,NA,NA
"FC Brasov (- 2017)",NA,NA,"2010","Departures","Marius Măldărășanu","https://www.transfermarkt.com/marius-maldarasanu/profil/spieler/34507","Attacking Midfield","35","Romania",NA,NA,NA,NA,FALSE,"-","Summer",NA,NA,NA,NA
"FC Brasov (- 2017)",NA,NA,"2010","Arrivals","Florin Stîngă","https://www.transfermarkt.com/florin-stinga/profil/spieler/47891","Central Midfield","32","Romania","ASA Tg. Mures","SuperLiga","Romania",0,FALSE,NA,"Winter",13,6,0,287
"FC Brasov (- 2017)",NA,NA,"2010","Arrivals","Cristian Haisan","https://www.transfermarkt.com/cristian-haisan/profil/spieler/46558","Goalkeeper","29","Romania","FC Vaslui","SuperLiga","Romania",0,FALSE,NA,"Winter",8,4,0,294
"FC Brasov (- 2017)",NA,NA,"2010","Arrivals","Diego Gaúcho","https://www.transfermarkt.com/diego-gaucho/profil/spieler/41932","Centre-Back","29","Brazil","Leiria","Liga Portugal","Portugal",NA,TRUE,"loan transfer","Winter",9,9,0,810
"FC Brasov (- 2017)",NA,NA,"2010","Arrivals","Filipe Teixeira","https://www.transfermarkt.com/filipe-teixeira/profil/spieler/5568","Right Winger","30","Portugal","Metalurg D.","Premier Liga","Ukraine",NA,TRUE,"loan transfer","Winter",13,13,1,1012
"FC Brasov (- 2017)",NA,NA,"2010","Arrivals","Juan Toloza","https://www.transfermarkt.com/juan-toloza/profil/spieler/138829","Central Midfield","25","Chile","San Felipe","Torneo Clausura","Chile",NA,TRUE,"loan transfer","Winter",18,17,0,1470
"FC Brasov (- 2017)",NA,NA,"2010","Arrivals","David Distéfano","https://www.transfermarkt.com/david-distefano/profil/spieler/134862","Left Winger","23","Argentina","San Felipe","Torneo Clausura","Chile",NA,TRUE,"loan transfer","Winter",17,13,2,480
"FC Brasov (- 2017)",NA,NA,"2010","Arrivals","Josias Cardoso","https://www.transfermarkt.com/josias-cardoso/profil/spieler/107689","Centre-Forward","29","Brazil","Sol de América",NA,"Paraguay",NA,TRUE,"loan transfer","Winter",11,10,2,511
"FC Brasov (- 2017)",NA,NA,"2010","Arrivals","Emanuel Popa","https://www.transfermarkt.com/emanuel-popa/profil/spieler/324779","Centre-Forward","18","Romania","CS Brazi",NA,"Romania",NA,TRUE,"End of loan Dec 31, 2010","Winter",NA,NA,NA,NA
"FC Brasov (- 2017)",NA,NA,"2010","Departures","Mihai Mincă","https://www.transfermarkt.com/mihai-minca/profil/spieler/35431","Goalkeeper","26","Romania","CFR Cluj","SuperLiga","Romania",80000,FALSE,NA,"Winter",18,18,0,1620
"FC Brasov (- 2017)",NA,NA,"2010","Departures","Valentin Badea","https://www.transfermarkt.com/valentin-badea/profil/spieler/43758","Centre-Forward","28","Romania","Al-Ain","UAE Pro League","United Arab Emirates",0,FALSE,NA,"Winter",18,13,2,467
"FC Brasov (- 2017)",NA,NA,"2010","Departures","Daniel Bălașa","https://www.transfermarkt.com/daniel-balasa/profil/spieler/64102","Centre-Back","29","Romania","Zimbru Chisinau","Divizia Nationala (-2017)","Moldova",0,FALSE,NA,"Winter",12,4,0,316
"FC Brasov (- 2017)",NA,NA,"2010","Departures","Lamine Diarrassouba","https://www.transfermarkt.com/lamine-diarrassouba/profil/spieler/86476","Centre-Forward","24","Cote d'Ivoire","Nîmes Olympique","Ligue 2","France",0,FALSE,NA,"Winter",11,8,1,387
"FC Brasov (- 2017)",NA,NA,"2010","Departures","Laurentiu Dumitru","https://www.transfermarkt.com/laurentiu-dumitru/profil/spieler/169008","Right-Back","27","Romania","Gauss Bacau",NA,"Romania",0,FALSE,NA,"Winter",2,1,0,4
"FC Brasov (- 2017)",NA,NA,"2010","Departures","Vlad Caprariu","https://www.transfermarkt.com/vlad-caprariu/profil/spieler/1011747","Attacking Midfield","14","Romania","FC Brasov-SR",NA,"Romania",0,FALSE,NA,"Winter",NA,NA,NA,NA
"FC Brasov (- 2017)",NA,NA,"2010","Departures","Darius Dragan","https://www.transfermarkt.com/darius-dragan/profil/spieler/169007","Left Winger","18","Romania","FC Brasov-SR",NA,"Romania",NA,TRUE,"loan transfer","Winter",7,0,0,0
"FC Brasov (- 2017)",NA,NA,"2010","Departures","Emanuel Popa","https://www.transfermarkt.com/emanuel-popa/profil/spieler/324779","Centre-Forward","18","Romania","FC Brasov-SR",NA,"Romania",NA,TRUE,"loan transfer","Winter",NA,NA,NA,NA
"FC Brasov (- 2017)",NA,NA,"2010","Departures","Valentin Bădoi","https://www.transfermarkt.com/valentin-badoi/profil/spieler/34508","Right-Back","35","Romania","Without Club",NA,NA,NA,FALSE,"-","Winter",15,12,0,490
"FC Sportul Studențesc Bucharest",NA,NA,"2010","Arrivals","Florin Maxim","https://www.transfermarkt.com/florin-maxim/profil/spieler/48768","Left-Back","29","Romania","Poli. Timisoara","SuperLiga","Romania",0,FALSE,NA,"Summer",27,27,1,2371
"FC Sportul Studențesc Bucharest",NA,NA,"2010","Arrivals","Alin Ratiu","https://www.transfermarkt.com/alin-ratiu/profil/spieler/56041","Centre-Back","27","Romania","Poli. Timisoara","SuperLiga","Romania",0,FALSE,NA,"Summer",26,23,0,1929
"FC Sportul Studențesc Bucharest",NA,NA,"2010","Arrivals","Valentin Negru","https://www.transfermarkt.com/valentin-negru/profil/spieler/35439","Central Midfield","28","Romania","Vic. Branesti","SuperLiga","Romania",0,FALSE,NA,"Summer",7,7,0,463
"FC Sportul Studențesc Bucharest",NA,NA,"2010","Arrivals","Bogdan Pătrașcu","https://www.transfermarkt.com/bogdan-patrascu/profil/spieler/21799","Defensive Midfield","31","Romania","Padova","Serie B","Italy",NA,FALSE,"?","Summer",14,14,2,1108
"FC Sportul Studențesc Bucharest",NA,NA,"2010","Arrivals","Ionut Tarnacop","https://www.transfermarkt.com/ionut-tarnacop/profil/spieler/163704","Right Midfield","23","Romania","S. Stud. II",NA,"Romania",NA,FALSE,"-","Summer",5,5,0,156
"FC Sportul Studențesc Bucharest",NA,NA,"2010","Arrivals","Dacian Varga","https://www.transfermarkt.com/dacian-varga/profil/spieler/64252","Left Midfield","25","Romania","FC Rapid 1923","SuperLiga","Romania",NA,TRUE,"End of loan Jun 30, 2010","Summer",16,16,6,1404
"FC Sportul Studențesc Bucharest",NA,NA,"2010","Arrivals","Tiberiu Bălan","https://www.transfermarkt.com/tiberiu-balan/profil/spieler/64101","Attacking Midfield","29","Romania","FC Rapid 1923","SuperLiga","Romania",NA,TRUE,"End of loan Jun 30, 2010","Summer",26,26,13,2174
"FC Sportul Studențesc Bucharest",NA,NA,"2010","Departures","Dacian Varga","https://www.transfermarkt.com/dacian-varga/profil/spieler/64252","Left Midfield","25","Romania","Kuban Krasnodar","Premier Liga","Russia",3e+05,TRUE,NA,"Summer",16,16,6,1404
"FC Sportul Studențesc Bucharest",NA,NA,"2010","Departures","Marian Dedu","https://www.transfermarkt.com/marian-dedu/profil/spieler/64146","Centre-Back","26","Romania","CS Otopeni","Liga 2","Romania",NA,FALSE,"?","Summer",NA,NA,NA,NA
"FC Sportul Studențesc Bucharest",NA,NA,"2010","Departures","Catalin Samoila","https://www.transfermarkt.com/catalin-samoila/profil/spieler/64075","Goalkeeper","20","Romania","Concordia","Liga 2","Romania",NA,TRUE,"loan transfer","Summer",NA,NA,NA,NA
"FC Sportul Studențesc Bucharest",NA,NA,"2010","Arrivals","Catalin Samoila","https://www.transfermarkt.com/catalin-samoila/profil/spieler/64075","Goalkeeper","20","Romania","Concordia","Liga 2","Romania",NA,TRUE,"End of loan Dec 31, 2010","Winter",NA,NA,NA,NA
"FC Sportul Studențesc Bucharest",NA,NA,"2010","Departures","Lucian Cazan","https://www.transfermarkt.com/lucian-cazan/profil/spieler/64125","Centre-Back","21","Romania","ASA Tg. Mures","SuperLiga","Romania",0,FALSE,NA,"Winter",21,12,0,652
"FC Sportul Studențesc Bucharest",NA,NA,"2010","Departures","Bogdan Pătrașcu","https://www.transfermarkt.com/bogdan-patrascu/profil/spieler/21799","Defensive Midfield","31","Romania","FC Dinamo","SuperLiga","Romania",NA,FALSE,"?","Winter",14,14,2,1108
"FC Sportul Studențesc Bucharest",NA,NA,"2010","Departures","Catalin Samoila","https://www.transfermarkt.com/catalin-samoila/profil/spieler/64075","Goalkeeper","20","Romania","Delta Tulcea","Liga 2","Romania",NA,TRUE,"loan transfer","Winter",NA,NA,NA,NA
"Victoria Branesti (- 2012)",NA,NA,"2010","Arrivals","Valentin Simion","https://www.transfermarkt.com/valentin-simion/profil/spieler/34760","Centre-Forward","23","Romania","FCSB II","Liga 2","Romania",50000,FALSE,NA,"Summer",25,23,5,1412
"Victoria Branesti (- 2012)",NA,NA,"2010","Arrivals","Ciprian Prodan","https://www.transfermarkt.com/ciprian-prodan/profil/spieler/81500","Centre-Forward","31","Romania","ASA Tg. Mures","SuperLiga","Romania",0,FALSE,NA,"Summer",12,9,0,346
"Victoria Branesti (- 2012)",NA,NA,"2010","Arrivals","Valentin Negru","https://www.transfermarkt.com/valentin-negru/profil/spieler/35439","Central Midfield","27","Romania","Poli Iasi",NA,"Romania",0,FALSE,NA,"Summer",10,10,1,450
"Victoria Branesti (- 2012)",NA,NA,"2010","Arrivals","Cornel Cernea","https://www.transfermarkt.com/cornel-cernea/profil/spieler/34934","Goalkeeper","34","Romania","Alba Iulia","Liga II - Seria II","Romania",0,FALSE,NA,"Summer",6,6,0,540
"Victoria Branesti (- 2012)",NA,NA,"2010","Arrivals","Raul Marincău","https://www.transfermarkt.com/raul-marincau/profil/spieler/46588","Centre-Back","29","Romania","Gloria Buzau","Liga 2","Romania",0,FALSE,NA,"Summer",24,23,1,2021
"Victoria Branesti (- 2012)",NA,NA,"2010","Arrivals","Casian Maghici","https://www.transfermarkt.com/casian-maghici/profil/spieler/57481","Defender","26","Romania","ASA Tg. Mures","SuperLiga","Romania",0,FALSE,NA,"Summer",31,28,1,2339
"Victoria Branesti (- 2012)",NA,NA,"2010","Arrivals","Jozsef Lorincz","https://www.transfermarkt.com/jozsef-lorincz/profil/spieler/64184","Left-Back","25","Romania","Gloria Buzau","Liga 2","Romania",0,FALSE,NA,"Summer",12,9,0,747
"Victoria Branesti (- 2012)",NA,NA,"2010","Arrivals","Bogdan Straut","https://www.transfermarkt.com/bogdan-straut/profil/spieler/126124","Right-Back","24","Romania","CS Brazi",NA,"Romania",NA,TRUE,"loan transfer","Summer",23,12,0,799
"Victoria Branesti (- 2012)",NA,NA,"2010","Arrivals","Alexandru Iacob","https://www.transfermarkt.com/alexandru-iacob/profil/spieler/53201","Centre-Back","21","Romania","FCSB","SuperLiga","Romania",NA,TRUE,"loan transfer","Summer",27,17,0,1287
"Victoria Branesti (- 2012)",NA,NA,"2010","Arrivals","Alexandru Buhusi","https://www.transfermarkt.com/alexandru-buhusi/profil/spieler/126032","Attacking Midfield","20","Romania","CS Brazi",NA,"Romania",NA,TRUE,"loan transfer","Summer",10,3,0,107
"Victoria Branesti (- 2012)",NA,NA,"2010","Arrivals","Daniel Stan","https://www.transfermarkt.com/daniel-stan/profil/spieler/181245","Central Midfield","18","Romania","Gloria Buzau","Liga 2","Romania",NA,TRUE,"End of loan Oct 1, 2010","Summer",10,2,0,45
"Victoria Branesti (- 2012)",NA,NA,"2010","Departures","Valentin Negru","https://www.transfermarkt.com/valentin-negru/profil/spieler/35439","Central Midfield","28","Romania","Sportul S.","SuperLiga","Romania",0,FALSE,NA,"Summer",10,10,1,450
"Victoria Branesti (- 2012)",NA,NA,"2010","Departures","Cornel Cernea","https://www.transfermarkt.com/cornel-cernea/profil/spieler/34934","Goalkeeper","34","Romania","Unirea Urziceni","SuperLiga","Romania",0,FALSE,NA,"Summer",6,6,0,540
"Victoria Branesti (- 2012)",NA,NA,"2010","Departures","Alexandru Gego","https://www.transfermarkt.com/alexandru-gego/profil/spieler/81483","Centre-Forward","26","Romania","Şimleu Silvanie","Liga II - Seria II","Romania",NA,FALSE,"?","Summer",NA,NA,NA,NA
"Victoria Branesti (- 2012)",NA,NA,"2010","Departures","Jozsef Lorincz","https://www.transfermarkt.com/jozsef-lorincz/profil/spieler/64184","Left-Back","25","Romania","Delta Tulcea","Liga 2","Romania",NA,TRUE,"loan transfer","Summer",12,9,0,747
"Victoria Branesti (- 2012)",NA,NA,"2010","Departures","Andrei Vasilescu","https://www.transfermarkt.com/andrei-vasilescu/profil/spieler/156862","Centre-Forward","24","Romania","Gloria Buzau","Liga 2","Romania",NA,TRUE,"loan transfer","Summer",4,3,0,38
"Victoria Branesti (- 2012)",NA,NA,"2010","Departures","Nicolae Zuluf","https://www.transfermarkt.com/nicolae-zuluf/profil/spieler/157031","Left Midfield","22","Romania","Gloria Buzau","Liga 2","Romania",NA,TRUE,"loan transfer","Summer",15,15,2,395
"Victoria Branesti (- 2012)",NA,NA,"2010","Departures","Daniel Stan","https://www.transfermarkt.com/daniel-stan/profil/spieler/181245","Central Midfield","18","Romania","Gloria Buzau","Liga 2","Romania",NA,TRUE,"loan transfer","Summer",10,2,0,45
"Victoria Branesti (- 2012)",NA,NA,"2010","Departures","Valentin Alexandru","https://www.transfermarkt.com/valentin-alexandru/profil/spieler/156800","Centre-Forward","18","Romania","Sageata Navodar","Liga 2","Romania",NA,TRUE,"loan transfer","Summer",NA,NA,NA,NA
"Victoria Branesti (- 2012)",NA,NA,"2010","Arrivals","Dinu Todoran","https://www.transfermarkt.com/dinu-todoran/profil/spieler/46666","Attacking Midfield","32","Romania","Unirea Urziceni","SuperLiga","Romania",0,FALSE,NA,"Winter",10,10,0,714
"Victoria Branesti (- 2012)",NA,NA,"2010","Arrivals","Andrei Poverlovici","https://www.transfermarkt.com/andrei-poverlovici/profil/spieler/64226","Centre-Back","25","Romania","Alba Iulia","Liga II - Seria II","Romania",0,FALSE,NA,"Winter",14,6,0,435
"Victoria Branesti (- 2012)",NA,NA,"2010","Arrivals","George Călințaru","https://www.transfermarkt.com/george-calintaru/profil/spieler/181242","Left-Back","21","Romania","Daco-Getica","Liga 2","Romania",0,FALSE,NA,"Winter",12,7,0,176
"Victoria Branesti (- 2012)",NA,NA,"2010","Arrivals","George Savu","https://www.transfermarkt.com/george-savu/profil/spieler/69443","Goalkeeper","27","Romania","Ceahlaul","Liga 2","Romania",NA,FALSE,"?","Winter",10,1,0,90
"Victoria Branesti (- 2012)",NA,NA,"2010","Arrivals","Florentin Petre","https://www.transfermarkt.com/florentin-petre/profil/spieler/26050","Right Winger","34","Romania","Without Club",NA,NA,NA,FALSE,"-","Winter",13,10,0,360
"Victoria Branesti (- 2012)",NA,NA,"2010","Arrivals","Jozsef Lorincz","https://www.transfermarkt.com/jozsef-lorincz/profil/spieler/64184","Left-Back","25","Romania","Delta Tulcea","Liga 2","Romania",NA,TRUE,"End of loan Dec 31, 2010","Winter",12,9,0,747
"Victoria Branesti (- 2012)",NA,NA,"2010","Arrivals","Nicolae Zuluf","https://www.transfermarkt.com/nicolae-zuluf/profil/spieler/157031","Left Midfield","22","Romania","Gloria Buzau","Liga 2","Romania",NA,TRUE,"End of loan Dec 31, 2010","Winter",15,15,2,395
"Victoria Branesti (- 2012)",NA,NA,"2010","Arrivals","Andrei Vasilescu","https://www.transfermarkt.com/andrei-vasilescu/profil/spieler/156862","Centre-Forward","24","Romania","Gloria Buzau","Liga 2","Romania",NA,TRUE,"End of loan Dec 31, 2010","Winter",4,3,0,38
"Victoria Branesti (- 2012)",NA,NA,"2010","Arrivals","Valentin Alexandru","https://www.transfermarkt.com/valentin-alexandru/profil/spieler/156800","Centre-Forward","19","Romania","Sageata Navodar","Liga 2","Romania",NA,TRUE,"End of loan Dec 31, 2010","Winter",NA,NA,NA,NA
"Victoria Branesti (- 2012)",NA,NA,"2010","Arrivals","Daniel Stan","https://www.transfermarkt.com/daniel-stan/profil/spieler/181245","Central Midfield","18","Romania","Gloria Buzau","Liga 2","Romania",NA,TRUE,"End of loan Oct 1, 2010","Winter",10,2,0,45
"Victoria Branesti (- 2012)",NA,NA,"2010","Departures","Viorel Nicoara","https://www.transfermarkt.com/viorel-nicoara/profil/spieler/157022","Left Midfield","23","Romania","CFR Cluj","SuperLiga","Romania",350000,FALSE,NA,"Winter",17,17,1,1312
"Victoria Branesti (- 2012)",NA,NA,"2010","Departures","Valentin Alexandru","https://www.transfermarkt.com/valentin-alexandru/profil/spieler/156800","Centre-Forward","19","Romania","Daco-Getica","Liga 2","Romania",NA,TRUE,"loan transfer","Winter",NA,NA,NA,NA
"Victoria Branesti (- 2012)",NA,NA,"2010","Departures","Alexandru Buhusi","https://www.transfermarkt.com/alexandru-buhusi/profil/spieler/126032","Attacking Midfield","20","Romania","CS Brazi",NA,"Romania",NA,TRUE,"End of loan Dec 1, 2010","Winter",10,3,0,107
