"team_name","league","country","season","transfer_type","player_name","player_url","player_position","player_age","player_nationality","club_2","league_2","country_2","transfer_fee","is_loan","transfer_notes","window","in_squad","appearances","goals","minutes_played"
"FCSB","SuperLiga","Romania","2013","Arrivals","Fernando Varela","https://www.transfermarkt.com/fernando-varela/profil/spieler/59084","Centre-Back","25","Cape Verde","FC Vaslui","SuperLiga","Romania",1250000,FALSE,NA,"Summer",41,31,5,2377
"FCSB","SuperLiga","Romania","2013","Arrivals","Nicolae Stanciu","https://www.transfermarkt.com/nicolae-stanciu/profil/spieler/148372","Attacking Midfield","20","Romania","FC Vaslui","SuperLiga","Romania",1e+06,FALSE,NA,"Summer",48,44,6,2346
"FCSB","SuperLiga","Romania","2013","Arrivals","Ionuț Neagu","https://www.transfermarkt.com/ionut-neagu/profil/spieler/112942","Defensive Midfield","23","Romania","Otelul Galati","SuperLiga","Romania",650000,FALSE,NA,"Summer",11,6,0,302
"FCSB","SuperLiga","Romania","2013","Arrivals","Pantelis Kapetanos","https://www.transfermarkt.com/pantelis-kapetanos/profil/spieler/15432","Centre-Forward","30","Greece","CFR Cluj","SuperLiga","Romania",2e+05,FALSE,NA,"Summer",21,15,5,786
"FCSB","SuperLiga","Romania","2013","Arrivals","Adrian Cristea","https://www.transfermarkt.com/adrian-cristea/profil/spieler/33440","Left Winger","29","Romania","Petrolul","SuperLiga","Romania",0,FALSE,NA,"Summer",17,12,1,587
"FCSB","SuperLiga","Romania","2013","Arrivals","Florin Niță","https://www.transfermarkt.com/florin-nita/profil/spieler/200475","Goalkeeper","25","Romania","Concordia","SuperLiga","Romania",0,FALSE,NA,"Summer",49,8,0,720
"FCSB","SuperLiga","Romania","2013","Arrivals","Federico Piovaccari","https://www.transfermarkt.com/federico-piovaccari/profil/spieler/44514","Centre-Forward","28","Italy","Sampdoria","Serie A","Italy",NA,TRUE,"loan transfer","Summer",48,43,16,2302
"FCSB","SuperLiga","Romania","2013","Arrivals","Mihai Răduț","https://www.transfermarkt.com/mihai-radut/profil/spieler/96850","Left Winger","23","Romania","Pandurii ","SuperLiga","Romania",NA,TRUE,"End of loan Jun 30, 2013","Summer",31,9,2,398
"FCSB","SuperLiga","Romania","2013","Arrivals","Mihai Onicas","https://www.transfermarkt.com/mihai-onicas/profil/spieler/115242","Defensive Midfield","23","Romania","FCV Farul","SuperLiga","Romania",NA,TRUE,"End of loan Jun 30, 2013","Summer",0,0,0,0
"FCSB","SuperLiga","Romania","2013","Departures","Vlad Chiricheș","https://www.transfermarkt.com/vlad-chiriches/profil/spieler/123261","Defensive Midfield","23","Romania","Tottenham","Premier League","England",9500000,FALSE,NA,"Summer",7,6,0,520
"FCSB","SuperLiga","Romania","2013","Departures","Raul Rusescu","https://www.transfermarkt.com/raul-rusescu/profil/spieler/81433","Centre-Forward","24","Romania","Sevilla FC","LaLiga","Spain",2200000,FALSE,NA,"Summer",NA,NA,NA,NA
"FCSB","SuperLiga","Romania","2013","Departures","Adi Rocha","https://www.transfermarkt.com/adi-rocha/profil/spieler/50571","Centre-Forward","27","Brazil","Gamba Osaka","J2 League","Japan",0,FALSE,NA,"Summer",NA,NA,NA,NA
"FCSB","SuperLiga","Romania","2013","Departures","Răzvan Stanca","https://www.transfermarkt.com/razvan-stanca/profil/spieler/46656","Goalkeeper","33","Romania","Pandurii ","SuperLiga","Romania",0,FALSE,NA,"Summer",NA,NA,NA,NA
"FCSB","SuperLiga","Romania","2013","Departures","Ionuț Năstăsie","https://www.transfermarkt.com/ionut-nastasie/profil/spieler/148000","Left Winger","21","Romania","FCV Farul","SuperLiga","Romania",0,FALSE,NA,"Summer",NA,NA,NA,NA
"FCSB","SuperLiga","Romania","2013","Departures","Mihai Onicas","https://www.transfermarkt.com/mihai-onicas/profil/spieler/115242","Defensive Midfield","23","Romania","ASA Tg. Mures","Liga II - Seria II","Romania",NA,TRUE,"loan transfer","Summer",0,0,0,0
"FCSB","SuperLiga","Romania","2013","Departures","Valeriu Lupu","https://www.transfermarkt.com/valeriu-lupu/profil/spieler/147996","Left-Back","22","Romania","Sageata Navodar","SuperLiga","Romania",NA,TRUE,"loan transfer","Summer",0,0,0,0
"FCSB","SuperLiga","Romania","2013","Departures","Cristian Pușcaș","https://www.transfermarkt.com/cristian-puscas/profil/spieler/211016","Defensive Midfield","19","Romania","Ac. Clinceni","Liga 2","Romania",NA,TRUE,"loan transfer","Summer",0,0,0,0
"FCSB","SuperLiga","Romania","2013","Departures","Iulian Roșu","https://www.transfermarkt.com/iulian-rosu/profil/spieler/186742","Central Midfield","19","Romania","Ac. Clinceni","Liga 2","Romania",NA,TRUE,"loan transfer","Summer",0,0,0,0
"FCSB","SuperLiga","Romania","2013","Departures","Adrian Cristea","https://www.transfermarkt.com/adrian-cristea/profil/spieler/33440","Left Winger","30","Romania","Without Club",NA,NA,NA,FALSE,"-","Summer",17,12,1,587
"FCSB","SuperLiga","Romania","2013","Departures","Valeriu Lupu","https://www.transfermarkt.com/valeriu-lupu/profil/spieler/147996","Left-Back","23","Romania","FCSB II",NA,"Romania",NA,FALSE,"-","Summer",0,0,0,0
"FCSB","SuperLiga","Romania","2013","Arrivals","Alexandru Tarnovan","https://www.transfermarkt.com/alexandru-tarnovan/profil/spieler/262028","Right Winger","18","Romania","FCV Farul","SuperLiga","Romania",3e+05,FALSE,NA,"Winter",5,2,1,45
"FCSB","SuperLiga","Romania","2013","Arrivals","Lucian Sânmărtean","https://www.transfermarkt.com/lucian-sanmartean/profil/spieler/9733","Central Midfield","33","Romania","FC Vaslui","SuperLiga","Romania",250000,FALSE,NA,"Winter",16,15,2,1071
"FCSB","SuperLiga","Romania","2013","Arrivals","Claudiu Keșerü","https://www.transfermarkt.com/claudiu-keseru/profil/spieler/25115","Centre-Forward","27","Romania","SC Bastia","Ligue 1","France",0,FALSE,NA,"Winter",20,19,9,832
"FCSB","SuperLiga","Romania","2013","Arrivals","Martin Bogatinov","https://www.transfermarkt.com/martin-bogatinov/profil/spieler/26303","Goalkeeper","27","North Macedonia","Karpaty","Premier Liga","Ukraine",0,FALSE,NA,"Winter",2,0,0,0
"FCSB","SuperLiga","Romania","2013","Arrivals","Răzvan Grădinaru","https://www.transfermarkt.com/razvan-gradinaru/profil/spieler/289256","Right-Back","18","Romania","FCSB U21",NA,"Romania",NA,FALSE,"-","Winter",8,3,0,106
"FCSB","SuperLiga","Romania","2013","Arrivals","Alexandru Aldea","https://www.transfermarkt.com/alexandru-aldea/profil/spieler/289231","Centre-Back","18","Romania","FCSB U21",NA,"Romania",NA,FALSE,"-","Winter",3,0,0,0
"FCSB","SuperLiga","Romania","2013","Arrivals","Robert Vîlceanu","https://www.transfermarkt.com/robert-vilceanu/profil/spieler/289295","Attacking Midfield","16","Romania","FCSB U18",NA,"Romania",NA,FALSE,"-","Winter",5,4,1,75
"FCSB","SuperLiga","Romania","2013","Departures","Alexandru Bourceanu","https://www.transfermarkt.com/alexandru-bourceanu/profil/spieler/64118","Defensive Midfield","28","Romania","Trabzonspor","Süper Lig","Türkiye",1300000,FALSE,NA,"Winter",31,31,1,2701
"FCSB","SuperLiga","Romania","2013","Departures","Stefan Nikolic","https://www.transfermarkt.com/stefan-nikolic/profil/spieler/64953","Centre-Forward","23","Montenegro","Incheon Utd.","K League 1","Korea, South",0,FALSE,NA,"Winter",9,8,1,428
"FCSB","SuperLiga","Romania","2013","Departures","Leandro Tatu","https://www.transfermarkt.com/leandro-tatu/profil/spieler/45118","Second Striker","31","Brazil","Bangkok Utd.","Thai League","Thailand",0,FALSE,NA,"Winter",18,15,2,564
"FCSB","SuperLiga","Romania","2013","Departures","Doru Bratu","https://www.transfermarkt.com/doru-bratu/profil/spieler/81724","Centre-Back","24","Romania","Pandurii ","SuperLiga","Romania",0,FALSE,NA,"Winter",3,1,0,90
"Astra Giurgiu (- 2024)",NA,NA,"2013","Arrivals","Uriah Asante","https://www.transfermarkt.com/uriah-asante/profil/spieler/246846","Attacking Midfield","21","Ghana","ES Sahel","Ligue I Pro","Tunisia",50000,TRUE,NA,"Summer",4,2,0,109
"Astra Giurgiu (- 2024)",NA,NA,"2013","Arrivals","Karim Yoda","https://www.transfermarkt.com/karim-yoda/profil/spieler/61464","Right Winger","24","France","FC Sion","Super League","Switzerland",0,FALSE,NA,"Summer",27,25,3,1720
"Astra Giurgiu (- 2024)",NA,NA,"2013","Arrivals","Marian Cristescu","https://www.transfermarkt.com/marian-cristescu/profil/spieler/64137","Attacking Midfield","28","Romania","Petrolul","SuperLiga","Romania",0,FALSE,NA,"Summer",42,36,9,2023
"Astra Giurgiu (- 2024)",NA,NA,"2013","Arrivals","Vincent Laban","https://www.transfermarkt.com/vincent-laban/profil/spieler/59474","Defensive Midfield","28","Cyprus","Anorthosis","Cyprus League","Cyprus",0,FALSE,NA,"Summer",38,36,0,3061
"Astra Giurgiu (- 2024)",NA,NA,"2013","Arrivals","Dănuț Coman","https://www.transfermarkt.com/danut-coman/profil/spieler/34501","Goalkeeper","34","Romania","FC Vaslui","SuperLiga","Romania",0,FALSE,NA,"Summer",31,16,0,1414
"Astra Giurgiu (- 2024)",NA,NA,"2013","Arrivals","Roberto Dias","https://www.transfermarkt.com/roberto-dias/profil/spieler/279923","Centre-Back","25","Brazil","Paços Ferreira","Liga Portugal","Portugal",0,FALSE,NA,"Summer",1,0,0,0
"Astra Giurgiu (- 2024)",NA,NA,"2013","Arrivals","Yazalde","https://www.transfermarkt.com/yazalde/profil/spieler/56014","Centre-Forward","24","Portugal","SC Braga","Liga Portugal","Portugal",NA,TRUE,"loan transfer","Summer",33,31,7,2007
"Astra Giurgiu (- 2024)",NA,NA,"2013","Arrivals","Pedro Santos","https://www.transfermarkt.com/pedro-santos/profil/spieler/131163","Right Winger","25","Portugal","SC Braga","Liga Portugal","Portugal",NA,TRUE,"loan transfer","Summer",12,4,1,162
"Astra Giurgiu (- 2024)",NA,NA,"2013","Arrivals","Alexandru Țigănașu","https://www.transfermarkt.com/alexandru-tiganasu/profil/spieler/177661","Left-Back","23","Romania","ACSM Poli Iasi","SuperLiga","Romania",NA,TRUE,"End of loan Jun 30, 2013","Summer",NA,NA,NA,NA
"Astra Giurgiu (- 2024)",NA,NA,"2013","Arrivals","Bogdan Rusu","https://www.transfermarkt.com/bogdan-rusu/profil/spieler/180015","Centre-Forward","23","Romania","Dacia U. Braila","Liga 2","Romania",NA,TRUE,"End of loan Jun 30, 2013","Summer",0,0,0,0
"Astra Giurgiu (- 2024)",NA,NA,"2013","Arrivals","Cezar Lungu","https://www.transfermarkt.com/cezar-lungu/profil/spieler/102288","Goalkeeper","25","Romania","ACSM Poli Iasi","SuperLiga","Romania",NA,TRUE,"End of loan Jun 30, 2013","Summer",NA,NA,NA,NA
"Astra Giurgiu (- 2024)",NA,NA,"2013","Arrivals","Daniel Vadrariu","https://www.transfermarkt.com/daniel-vadrariu/profil/spieler/132218","Left Midfield","23","Romania","Bihor Oradea","Liga II - Seria II","Romania",NA,TRUE,"End of loan Jun 30, 2013","Summer",NA,NA,NA,NA
"Astra Giurgiu (- 2024)",NA,NA,"2013","Departures","Kehinde Fatai","https://www.transfermarkt.com/kehinde-fatai/profil/spieler/73951","Centre-Forward","23","Nigeria","Club Brugge","Jupiler Pro League","Belgium",4e+05,TRUE,NA,"Summer",9,9,4,592
"Astra Giurgiu (- 2024)",NA,NA,"2013","Departures","George Florescu","https://www.transfermarkt.com/george-florescu/profil/spieler/45341","Defensive Midfield","29","Romania","Dynamo Moscow","Premier Liga","Russia",0,FALSE,NA,"Summer",NA,NA,NA,NA
"Astra Giurgiu (- 2024)",NA,NA,"2013","Departures","Bruno","https://www.transfermarkt.com/bruno/profil/spieler/67589","Attacking Midfield","27","Brazil","Pelotas","Gauchão - 2º Turno","Brazil",0,FALSE,NA,"Summer",NA,NA,NA,NA
"Astra Giurgiu (- 2024)",NA,NA,"2013","Departures","Bogdan Rusu","https://www.transfermarkt.com/bogdan-rusu/profil/spieler/180015","Centre-Forward","23","Romania","Gauss Bacau","Liga 2","Romania",0,FALSE,NA,"Summer",0,0,0,0
"Astra Giurgiu (- 2024)",NA,NA,"2013","Departures","Mihai Neagoe","https://www.transfermarkt.com/mihai-neagoe/profil/spieler/48787","Goalkeeper","25","Romania","Unknown",NA,NA,0,FALSE,NA,"Summer",NA,NA,NA,NA
"Astra Giurgiu (- 2024)",NA,NA,"2013","Departures","Alexandru Țigănașu","https://www.transfermarkt.com/alexandru-tiganasu/profil/spieler/177661","Left-Back","23","Romania","ACSM Poli Iasi","Liga 2","Romania",NA,TRUE,"loan transfer","Summer",NA,NA,NA,NA
"Astra Giurgiu (- 2024)",NA,NA,"2013","Departures","Daniel Vadrariu","https://www.transfermarkt.com/daniel-vadrariu/profil/spieler/132218","Left Midfield","23","Romania","FC Tiraspol","Divizia Nationala (-2017)","Moldova",NA,TRUE,"loan transfer","Summer",NA,NA,NA,NA
"Astra Giurgiu (- 2024)",NA,NA,"2013","Departures","Fwayo Tembo","https://www.transfermarkt.com/fwayo-tembo/profil/spieler/66313","Right Winger","24","Zambia","Astra II",NA,"Romania",NA,FALSE,"-","Summer",11,9,3,688
"Astra Giurgiu (- 2024)",NA,NA,"2013","Departures","Cezar Lungu","https://www.transfermarkt.com/cezar-lungu/profil/spieler/102288","Goalkeeper","25","Romania","Without Club",NA,NA,NA,FALSE,"-","Summer",NA,NA,NA,NA
"Astra Giurgiu (- 2024)",NA,NA,"2013","Departures","David Distéfano","https://www.transfermarkt.com/david-distefano/profil/spieler/134862","Left Winger","25","Argentina","San Felipe","Primera B Clausura","Chile",NA,TRUE,"End of loan Jun 30, 2013","Summer",NA,NA,NA,NA
"Astra Giurgiu (- 2024)",NA,NA,"2013","Departures","Laionel","https://www.transfermarkt.com/laionel/profil/spieler/58133","Right Winger","26","Brazil","Anápolis",NA,"Brazil",NA,TRUE,"End of loan Jun 30, 2012","Summer",NA,NA,NA,NA
"Astra Giurgiu (- 2024)",NA,NA,"2013","Departures","Cristian Melinte","https://www.transfermarkt.com/cristian-melinte/profil/spieler/63461","Centre-Back","25","Romania","Palermo","Serie B","Italy",NA,TRUE,"End of loan Jun 30, 2013","Summer",NA,NA,NA,NA
"Astra Giurgiu (- 2024)",NA,NA,"2013","Departures","Selim Ben Djemia","https://www.transfermarkt.com/selim-ben-djemia/profil/spieler/119261","Centre-Back","24","Tunisia","Genoa","Serie A","Italy",NA,TRUE,"End of loan Jun 30, 2013","Summer",NA,NA,NA,NA
"Astra Giurgiu (- 2024)",NA,NA,"2013","Arrivals","Laurențiu Iorga","https://www.transfermarkt.com/laurentiu-iorga/profil/spieler/59694","Right Winger","25","Romania","Otelul Galati","SuperLiga","Romania",5e+05,FALSE,NA,"Winter",10,8,1,394
"Astra Giurgiu (- 2024)",NA,NA,"2013","Arrivals","Alexandru Ioniță","https://www.transfermarkt.com/alexandru-ionita/profil/spieler/209664","Attacking Midfield","19","Romania","FC Rapid 1923","Liga 2","Romania",5e+05,FALSE,NA,"Winter",6,4,0,165
"Astra Giurgiu (- 2024)",NA,NA,"2013","Arrivals","Denis Alibec","https://www.transfermarkt.com/denis-alibec/profil/spieler/81396","Centre-Forward","23","Romania","Inter","Serie A","Italy",2e+05,FALSE,NA,"Winter",12,11,5,417
"Astra Giurgiu (- 2024)",NA,NA,"2013","Arrivals","Ștefan Popescu","https://www.transfermarkt.com/stefan-popescu/profil/spieler/129248","Left-Back","20","Romania","Bolton B","Premier League 2","England",0,FALSE,NA,"Winter",11,2,0,180
"Astra Giurgiu (- 2024)",NA,NA,"2013","Arrivals","Paul Papp","https://www.transfermarkt.com/paul-papp/profil/spieler/112552","Centre-Back","24","Romania","Chievo Verona","Serie A","Italy",NA,TRUE,"loan transfer","Winter",16,12,2,967
"Astra Giurgiu (- 2024)",NA,NA,"2013","Arrivals","Daniel Vadrariu","https://www.transfermarkt.com/daniel-vadrariu/profil/spieler/132218","Left Midfield","23","Romania","FC Tiraspol","Divizia Nationala (-2017)","Moldova",NA,TRUE,"End of loan Dec 31, 2013","Winter",NA,NA,NA,NA
"Astra Giurgiu (- 2024)",NA,NA,"2013","Departures","Ștefan Bărboianu","https://www.transfermarkt.com/stefan-barboianu/profil/spieler/47568","Right-Back","25","Romania","FC Dinamo","SuperLiga","Romania",0,FALSE,NA,"Winter",18,11,0,353
"Astra Giurgiu (- 2024)",NA,NA,"2013","Departures","Alexandru Giurgiu","https://www.transfermarkt.com/alexandru-giurgiu/profil/spieler/212702","Left-Back","21","Romania","Dinamo II",NA,"Romania",0,FALSE,NA,"Winter",16,2,0,56
"Astra Giurgiu (- 2024)",NA,NA,"2013","Departures","Daniel Vadrariu","https://www.transfermarkt.com/daniel-vadrariu/profil/spieler/132218","Left Midfield","23","Romania","Sportul Snagov","Liga II - Seria II","Romania",NA,FALSE,"?","Winter",NA,NA,NA,NA
"Astra Giurgiu (- 2024)",NA,NA,"2013","Departures","Roberto Dias","https://www.transfermarkt.com/roberto-dias/profil/spieler/279923","Centre-Back","25","Brazil","CSA",NA,"Brazil",NA,FALSE,"?","Winter",1,0,0,0
"Astra Giurgiu (- 2024)",NA,NA,"2013","Departures","Pedro Santos","https://www.transfermarkt.com/pedro-santos/profil/spieler/131163","Right Winger","25","Portugal","SC Braga","Liga Portugal","Portugal",NA,TRUE,"End of loan Dec 31, 2013","Winter",12,4,1,162
"Astra Giurgiu (- 2024)",NA,NA,"2013","Departures","Uriah Asante","https://www.transfermarkt.com/uriah-asante/profil/spieler/246846","Attacking Midfield","21","Ghana","ES Sahel","Ligue I Pro","Tunisia",NA,TRUE,"End of loan Jan 9, 2014","Winter",4,2,0,109
"Petrolul Ploiesti","SuperLiga","Romania","2013","Arrivals","Alexandru Benga","https://www.transfermarkt.com/alexandru-benga/profil/spieler/202800","Centre-Back","24","Romania","Otelul Galati","SuperLiga","Romania",5e+05,FALSE,NA,"Summer",23,20,1,1693
"Petrolul Ploiesti","SuperLiga","Romania","2013","Arrivals","Juan Albín","https://www.transfermarkt.com/juan-albin/profil/spieler/44139","Attacking Midfield","27","Uruguay","Espanyol","LaLiga","Spain",0,FALSE,NA,"Summer",29,28,10,2103
"Petrolul Ploiesti","SuperLiga","Romania","2013","Arrivals","Peçanha","https://www.transfermarkt.com/pecanha/profil/spieler/33735","Goalkeeper","33","Brazil","FC Rapid 1923","Liga 2","Romania",0,FALSE,NA,"Summer",42,40,0,3600
"Petrolul Ploiesti","SuperLiga","Romania","2013","Arrivals","Pablo de Lucas","https://www.transfermarkt.com/pablo-de-lucas/profil/spieler/57851","Defensive Midfield","26","Spain","UD Salamanca",NA,"Spain",0,FALSE,NA,"Summer",39,37,2,2900
"Petrolul Ploiesti","SuperLiga","Romania","2013","Arrivals","Njongo Priso","https://www.transfermarkt.com/njongo-priso/profil/spieler/119381","Right Winger","24","Cameroon","CSKA Sofia","efbet Liga","Bulgaria",0,FALSE,NA,"Summer",38,31,5,1740
"Petrolul Ploiesti","SuperLiga","Romania","2013","Arrivals","Férébory Doré","https://www.transfermarkt.com/ferebory-dore/profil/spieler/139286","Centre-Forward","24","Congo","Angers SCO","Ligue 2","France",0,FALSE,NA,"Summer",22,21,6,1188
"Petrolul Ploiesti","SuperLiga","Romania","2013","Arrivals","Filipe Teixeira","https://www.transfermarkt.com/filipe-teixeira/profil/spieler/5568","Right Winger","32","Portugal","Al-Shaab","UAE Pro League","United Arab Emirates",0,FALSE,NA,"Summer",42,40,7,2900
"Petrolul Ploiesti","SuperLiga","Romania","2013","Arrivals","Abel Camará","https://www.transfermarkt.com/abel-camara/profil/spieler/158380","Centre-Forward","23","Guinea-Bissau","Belenenses","Liga Portugal","Portugal",NA,TRUE,"loan transfer","Summer",31,24,1,1161
"Petrolul Ploiesti","SuperLiga","Romania","2013","Arrivals","Walter Fernández","https://www.transfermarkt.com/walter-fernandez/profil/spieler/65236","Left Winger","24","Spain","KSC Lokeren","Jupiler Pro League","Belgium",NA,TRUE,"loan transfer","Summer",30,26,1,1176
"Petrolul Ploiesti","SuperLiga","Romania","2013","Arrivals","Dean Beța","https://www.transfermarkt.com/dean-beta/profil/spieler/167073","Centre-Back","22","Romania","Without Club",NA,NA,NA,FALSE,"-","Summer",19,6,0,496
"Petrolul Ploiesti","SuperLiga","Romania","2013","Arrivals","Nini Popescu","https://www.transfermarkt.com/nini-popescu/profil/spieler/287466","Right Midfield","19","Romania","Ploiesti U19",NA,"Romania",NA,FALSE,"-","Summer",0,0,0,0
"Petrolul Ploiesti","SuperLiga","Romania","2013","Arrivals","Adrian Cristea","https://www.transfermarkt.com/adrian-cristea/profil/spieler/33440","Left Winger","29","Romania","Standard Liège","Jupiler Pro League","Belgium",NA,TRUE,"End of loan Jun 30, 2013","Summer",1,1,0,57
"Petrolul Ploiesti","SuperLiga","Romania","2013","Arrivals","Mihai Roman","https://www.transfermarkt.com/mihai-roman/profil/spieler/135566","Centre-Forward","21","Romania","Turnu-Severin","SuperLiga","Romania",NA,TRUE,"End of loan Jun 30, 2013","Summer",NA,NA,NA,NA
"Petrolul Ploiesti","SuperLiga","Romania","2013","Arrivals","Nini Popescu","https://www.transfermarkt.com/nini-popescu/profil/spieler/287466","Right Midfield","19","Romania","ACSM Campina",NA,"Romania",NA,TRUE,"End of loan Apr 24, 2014","Summer",0,0,0,0
"Petrolul Ploiesti","SuperLiga","Romania","2013","Departures","Gheorghe Grozav","https://www.transfermarkt.com/gheorghe-grozav/profil/spieler/96844","Left Winger","22","Romania","Akhmat Grozny","Premier Liga","Russia",2200000,FALSE,NA,"Summer",12,11,7,861
"Petrolul Ploiesti","SuperLiga","Romania","2013","Departures","Adrian Cristea","https://www.transfermarkt.com/adrian-cristea/profil/spieler/33440","Left Winger","29","Romania","FCSB","SuperLiga","Romania",0,FALSE,NA,"Summer",1,1,0,57
"Petrolul Ploiesti","SuperLiga","Romania","2013","Departures","Marian Cristescu","https://www.transfermarkt.com/marian-cristescu/profil/spieler/64137","Attacking Midfield","28","Romania","Astra Giurgiu","SuperLiga","Romania",0,FALSE,NA,"Summer",1,1,0,11
"Petrolul Ploiesti","SuperLiga","Romania","2013","Departures","Ionuț Neag","https://www.transfermarkt.com/ionut-neag/profil/spieler/186736","Centre-Back","19","Romania","U Cluj","SuperLiga","Romania",0,FALSE,NA,"Summer",2,1,0,56
"Petrolul Ploiesti","SuperLiga","Romania","2013","Departures","Constantin Grecu","https://www.transfermarkt.com/constantin-grecu/profil/spieler/70037","Left-Back","25","Romania","FC Dinamo","SuperLiga","Romania",0,FALSE,NA,"Summer",4,1,0,2
"Petrolul Ploiesti","SuperLiga","Romania","2013","Departures","Renan Silva","https://www.transfermarkt.com/renan-silva/profil/spieler/151665","Attacking Midfield","24","Brazil","Al-Nahdah FC","Saudi Pro League","Saudi Arabia",0,FALSE,NA,"Summer",NA,NA,NA,NA
"Petrolul Ploiesti","SuperLiga","Romania","2013","Departures","Vasiliy Khomutovskiy","https://www.transfermarkt.com/vasiliy-khomutovskiy/profil/spieler/15976","Goalkeeper","34","Belarus","Torpedo Zhodino","Vysheyshaya Liga","Belarus",0,FALSE,NA,"Summer",NA,NA,NA,NA
"Petrolul Ploiesti","SuperLiga","Romania","2013","Departures","Elhad Naziri","https://www.transfermarkt.com/elhad-naziri/profil/spieler/251254","Centre-Back","20","Azerbaijan","Ravan Baku","Premyer Liqa","Azerbaijan",0,FALSE,NA,"Summer",4,3,0,101
"Petrolul Ploiesti","SuperLiga","Romania","2013","Departures","Gualberto Mojica","https://www.transfermarkt.com/gualberto-mojica/profil/spieler/43343","Attacking Midfield","28","Bolivia","CQ Liangjiang","League One","China",NA,FALSE,"?","Summer",NA,NA,NA,NA
"Petrolul Ploiesti","SuperLiga","Romania","2013","Departures","Mihai Roman","https://www.transfermarkt.com/mihai-roman/profil/spieler/135566","Centre-Forward","21","Romania","Sageata Navodar","SuperLiga","Romania",NA,TRUE,"loan transfer","Summer",NA,NA,NA,NA
"Petrolul Ploiesti","SuperLiga","Romania","2013","Departures","Nini Popescu","https://www.transfermarkt.com/nini-popescu/profil/spieler/287466","Right Midfield","19","Romania","Unirea Slobozia","Liga 2","Romania",NA,TRUE,"loan transfer","Summer",0,0,0,0
"Petrolul Ploiesti","SuperLiga","Romania","2013","Departures","Florent Sauvadet","https://www.transfermarkt.com/florent-sauvadet/profil/spieler/154300","Second Striker","24","France","Without Club",NA,NA,NA,FALSE,"-","Summer",NA,NA,NA,NA
"Petrolul Ploiesti","SuperLiga","Romania","2013","Departures","Jeremy Bokila","https://www.transfermarkt.com/jeremy-bokila/profil/spieler/56490","Centre-Forward","24","DR Congo","Zulte Waregem","Jupiler Pro League","Belgium",NA,TRUE,"End of loan Jun 30, 2013","Summer",NA,NA,NA,NA
"Petrolul Ploiesti","SuperLiga","Romania","2013","Arrivals","Ianis Zicu","https://www.transfermarkt.com/ianis-zicu/profil/spieler/16909","Attacking Midfield","30","Romania","Gangwon FC","K League 2","Korea, South",0,FALSE,NA,"Winter",16,11,0,492
"Petrolul Ploiesti","SuperLiga","Romania","2013","Arrivals","Toto Tamuz","https://www.transfermarkt.com/toto-tamuz/profil/spieler/43989","Centre-Forward","25","Israel","Ural","Premier Liga","Russia",0,FALSE,NA,"Winter",16,16,4,965
"Petrolul Ploiesti","SuperLiga","Romania","2013","Arrivals","Adrian Mutu","https://www.transfermarkt.com/adrian-mutu/profil/spieler/5879","Left Winger","35","Romania","AC Ajaccio","Ligue 1","France",0,FALSE,NA,"Winter",9,8,2,579
"Petrolul Ploiesti","SuperLiga","Romania","2013","Arrivals","Gerson","https://www.transfermarkt.com/gerson/profil/spieler/161438","Centre-Back","22","Brazil","SV Kapfenberg","2. Liga","Austria",NA,TRUE,"loan transfer","Winter",9,5,0,348
"Petrolul Ploiesti","SuperLiga","Romania","2013","Arrivals","Roberto Alecsandru","https://www.transfermarkt.com/roberto-alecsandru/profil/spieler/318789","Centre-Back","17","Romania","Ploiesti U19",NA,"Romania",NA,FALSE,"-","Winter",2,1,0,9
"Petrolul Ploiesti","SuperLiga","Romania","2013","Arrivals","Nini Popescu","https://www.transfermarkt.com/nini-popescu/profil/spieler/287466","Right Midfield","19","Romania","Unirea Slobozia","Liga 2","Romania",NA,TRUE,"End of loan Dec 31, 2013","Winter",0,0,0,0
"Petrolul Ploiesti","SuperLiga","Romania","2013","Departures","Hamza Younes","https://www.transfermarkt.com/hamza-younes/profil/spieler/111995","Centre-Forward","27","Tunisia","Botev Plovdiv","efbet Liga","Bulgaria",750000,FALSE,NA,"Winter",19,19,12,1251
"Petrolul Ploiesti","SuperLiga","Romania","2013","Departures","Alexandru Benga","https://www.transfermarkt.com/alexandru-benga/profil/spieler/202800","Centre-Back","24","Romania","Botev Plovdiv","efbet Liga","Bulgaria",6e+05,FALSE,NA,"Winter",23,20,1,1693
"Petrolul Ploiesti","SuperLiga","Romania","2013","Departures","Férébory Doré","https://www.transfermarkt.com/ferebory-dore/profil/spieler/139286","Centre-Forward","25","Congo","Botev Plovdiv","efbet Liga","Bulgaria",4e+05,FALSE,NA,"Winter",22,21,6,1188
"Petrolul Ploiesti","SuperLiga","Romania","2013","Departures","Damien Boudjemaa","https://www.transfermarkt.com/damien-boudjemaa/profil/spieler/102651","Right Winger","28","France","Slavia Prague","Chance Liga","Czech Republic",250000,FALSE,NA,"Winter",28,28,3,2005
"Petrolul Ploiesti","SuperLiga","Romania","2013","Departures","Nini Popescu","https://www.transfermarkt.com/nini-popescu/profil/spieler/287466","Right Midfield","19","Romania","ACSM Campina",NA,"Romania",NA,TRUE,"loan transfer","Winter",0,0,0,0
"FC Dinamo 1948","SuperLiga","Romania","2013","Arrivals","Dorin Rotariu","https://www.transfermarkt.com/dorin-rotariu/profil/spieler/250573","Right Winger","17","Romania","Poli. Timisoara",NA,"Romania",1100000,FALSE,NA,"Summer",38,35,9,2136
"FC Dinamo 1948","SuperLiga","Romania","2013","Arrivals","George Țucudean","https://www.transfermarkt.com/george-tucudean/profil/spieler/130345","Centre-Forward","22","Romania","Standard Liège","Jupiler Pro League","Belgium",150000,TRUE,NA,"Summer",28,26,7,1847
"FC Dinamo 1948","SuperLiga","Romania","2013","Arrivals","Elton","https://www.transfermarkt.com/elton/profil/spieler/116917","Central Midfield","27","Brazil","EC Vitória","Série A","Brazil",20000,FALSE,NA,"Summer",30,28,1,1978
"FC Dinamo 1948","SuperLiga","Romania","2013","Arrivals","Valentin Lazăr","https://www.transfermarkt.com/valentin-lazar/profil/spieler/200621","Left Winger","23","Romania","Sportul S.",NA,"Romania",0,FALSE,NA,"Summer",36,35,6,2568
"FC Dinamo 1948","SuperLiga","Romania","2013","Arrivals","Joël Thomas","https://www.transfermarkt.com/joel-thomas/profil/spieler/32701","Centre-Forward","26","France","Turnu-Severin",NA,"Romania",0,FALSE,NA,"Summer",24,16,2,734
"FC Dinamo 1948","SuperLiga","Romania","2013","Arrivals","Ionuț Șerban","https://www.transfermarkt.com/ionut-serban/profil/spieler/217891","Central Midfield","18","Romania","Sportul S.",NA,"Romania",0,FALSE,NA,"Summer",29,25,1,1148
"FC Dinamo 1948","SuperLiga","Romania","2013","Arrivals","Constantin Grecu","https://www.transfermarkt.com/constantin-grecu/profil/spieler/70037","Left-Back","25","Romania","Petrolul","SuperLiga","Romania",0,FALSE,NA,"Summer",23,15,0,1118
"FC Dinamo 1948","SuperLiga","Romania","2013","Arrivals","Steven Thicot","https://www.transfermarkt.com/steven-thicot/profil/spieler/18945","Centre-Back","26","France","Naval 1893",NA,"Portugal",0,FALSE,NA,"Summer",27,23,2,1942
"FC Dinamo 1948","SuperLiga","Romania","2013","Arrivals","Alexandre Durimel","https://www.transfermarkt.com/alexandre-durimel/profil/spieler/106229","Centre-Back","23","France","Turnu-Severin",NA,"Romania",0,FALSE,NA,"Summer",25,19,2,1448
"FC Dinamo 1948","SuperLiga","Romania","2013","Arrivals","Antonio Asanovic","https://www.transfermarkt.com/antonio-asanovic/profil/spieler/177331","Centre-Back","21","Croatia","Turnu-Severin",NA,"Romania",0,FALSE,NA,"Summer",5,2,0,94
"FC Dinamo 1948","SuperLiga","Romania","2013","Arrivals","Mirza Hasanovic","https://www.transfermarkt.com/mirza-hasanovic/profil/spieler/220835","Centre-Back","22","Bosnia-Herzegovina","Turnu-Severin",NA,"Romania",0,FALSE,NA,"Summer",2,0,0,0
"FC Dinamo 1948","SuperLiga","Romania","2013","Arrivals","Collins Fai","https://www.transfermarkt.com/collins-fai/profil/spieler/250638","Right-Back","20","Cameroon","Union Douala",NA,"Cameroon",0,FALSE,NA,"Summer",13,12,0,791
"FC Dinamo 1948","SuperLiga","Romania","2013","Arrivals","Robert Tatar","https://www.transfermarkt.com/robert-tatar/profil/spieler/320070","Midfielder","20","Romania","ACS Berceni","Liga 2","Romania",0,FALSE,NA,"Summer",NA,NA,NA,NA
"FC Dinamo 1948","SuperLiga","Romania","2013","Arrivals","Pape Ndaw","https://www.transfermarkt.com/pape-ndaw/profil/spieler/278121","Centre-Forward","19","Senegal","Niarry Tally",NA,"Senegal",0,FALSE,NA,"Summer",7,4,0,197
"FC Dinamo 1948","SuperLiga","Romania","2013","Arrivals","Kévin Zougoula","https://www.transfermarkt.com/kevin-zougoula/profil/spieler/217113","Second Striker","25","Cote d'Ivoire","Séwé Sports",NA,"Cote d'Ivoire",0,FALSE,NA,"Summer",10,6,2,171
"FC Dinamo 1948","SuperLiga","Romania","2013","Arrivals","Andrei Vaștag","https://www.transfermarkt.com/andrei-vastag/profil/spieler/186745","Defensive Midfield","19","Romania","Avicola Buzias",NA,"Romania",NA,TRUE,"loan transfer","Summer",0,0,0,0
"FC Dinamo 1948","SuperLiga","Romania","2013","Arrivals","Valentin Balint","https://www.transfermarkt.com/valentin-balint/profil/spieler/220911","Centre-Forward","19","Romania","Dinamo II",NA,"Romania",NA,FALSE,"-","Summer",5,5,0,159
"FC Dinamo 1948","SuperLiga","Romania","2013","Arrivals","Andrei Radu","https://www.transfermarkt.com/andrei-radu/profil/spieler/243293","Left-Back","17","Romania","Dinamo II",NA,"Romania",NA,FALSE,"-","Summer",1,0,0,0
"FC Dinamo 1948","SuperLiga","Romania","2013","Arrivals","Adrian Popa","https://www.transfermarkt.com/adrian-popa/profil/spieler/214091","Centre-Back","23","Romania","U Cluj","SuperLiga","Romania",NA,TRUE,"End of loan Sep 8, 2013","Summer",13,7,0,404
"FC Dinamo 1948","SuperLiga","Romania","2013","Departures","Constantin Nica","https://www.transfermarkt.com/constantin-nica/profil/spieler/221815","Right-Back","20","Romania","Atalanta BC","Serie A","Italy",1600000,FALSE,NA,"Summer",NA,NA,NA,NA
"FC Dinamo 1948","SuperLiga","Romania","2013","Departures","Marius Alexe","https://www.transfermarkt.com/marius-alexe/profil/spieler/48678","Centre-Forward","23","Romania","Sassuolo","Serie A","Italy",5e+05,TRUE,NA,"Summer",0,0,0,0
"FC Dinamo 1948","SuperLiga","Romania","2013","Departures","Alexandru Dandea","https://www.transfermarkt.com/alexandru-dandea/profil/spieler/213287","Centre-Back","25","Romania","Goverla","Premier Liga","Ukraine",0,FALSE,NA,"Summer",NA,NA,NA,NA
"FC Dinamo 1948","SuperLiga","Romania","2013","Departures","Nicolae Musat","https://www.transfermarkt.com/nicolae-musat/profil/spieler/53196","Left-Back","26","Romania","FC Vaslui","SuperLiga","Romania",0,FALSE,NA,"Summer",NA,NA,NA,NA
"FC Dinamo 1948","SuperLiga","Romania","2013","Departures","Alexandru Tudose","https://www.transfermarkt.com/alexandru-tudose/profil/spieler/34941","Centre-Back","26","Romania","FC Brasov-SR","SuperLiga","Romania",0,FALSE,NA,"Summer",NA,NA,NA,NA
"FC Dinamo 1948","SuperLiga","Romania","2013","Departures","Mircea Axente","https://www.transfermarkt.com/mircea-axente/profil/spieler/69558","Centre-Forward","26","Romania","FCV Farul","SuperLiga","Romania",0,FALSE,NA,"Summer",NA,NA,NA,NA
"FC Dinamo 1948","SuperLiga","Romania","2013","Departures","Andrei Cristea","https://www.transfermarkt.com/andrei-cristea/profil/spieler/26491","Centre-Forward","29","Romania","FC Brasov","SuperLiga","Romania",0,FALSE,NA,"Summer",NA,NA,NA,NA
"FC Dinamo 1948","SuperLiga","Romania","2013","Departures","Cristian Scutaru","https://www.transfermarkt.com/cristian-scutaru/profil/spieler/47181","Centre-Back","26","Romania","ACS Poli","SuperLiga","Romania",0,FALSE,NA,"Summer",NA,NA,NA,NA
"FC Dinamo 1948","SuperLiga","Romania","2013","Departures","Sergiu Homei","https://www.transfermarkt.com/sergiu-homei/profil/spieler/48140","Right-Back","25","Romania","ASA Tg. Mures","Liga II - Seria II","Romania",0,FALSE,NA,"Summer",NA,NA,NA,NA
"FC Dinamo 1948","SuperLiga","Romania","2013","Departures","Sorin Stratila","https://www.transfermarkt.com/sorin-stratila/profil/spieler/123319","Right Midfield","26","Romania","Concordia","SuperLiga","Romania",NA,TRUE,"loan transfer","Summer",1,0,0,0
"FC Dinamo 1948","SuperLiga","Romania","2013","Departures","Antonio Asanovic","https://www.transfermarkt.com/antonio-asanovic/profil/spieler/177331","Centre-Back","22","Croatia","FC Brasov-SR","SuperLiga","Romania",NA,TRUE,"loan transfer","Summer",5,2,0,94
"FC Dinamo 1948","SuperLiga","Romania","2013","Departures","Issa Ba","https://www.transfermarkt.com/issa-ba/profil/spieler/21160","Central Midfield","31","Senegal","Without Club",NA,NA,NA,FALSE,"-","Summer",NA,NA,NA,NA
"FC Dinamo 1948","SuperLiga","Romania","2013","Departures","Dorin Rotariu","https://www.transfermarkt.com/dorin-rotariu/profil/spieler/250573","Right Winger","17","Romania","Poli. Timisoara",NA,"Romania",NA,TRUE,"End of loan Jun 30, 2013","Summer",38,35,9,2136
"FC Dinamo 1948","SuperLiga","Romania","2013","Departures","Andrei Vaștag","https://www.transfermarkt.com/andrei-vastag/profil/spieler/186745","Defensive Midfield","19","Romania","Avicola Buzias",NA,"Romania",NA,TRUE,"End of loan Aug 6, 2013","Summer",0,0,0,0
"FC Dinamo 1948","SuperLiga","Romania","2013","Departures","Alin Roman","https://www.transfermarkt.com/alin-roman/profil/spieler/186741","Attacking Midfield","19","Romania","Avicola Buzias",NA,"Romania",NA,TRUE,"End of loan Jun 30, 2013","Summer",0,0,0,0
"FC Dinamo 1948","SuperLiga","Romania","2013","Arrivals","Gelu Velici","https://www.transfermarkt.com/gelu-velici/profil/spieler/238515","Centre-Forward","21","Romania","Ceahlaul","SuperLiga","Romania",25000,TRUE,NA,"Winter",12,7,0,92
"FC Dinamo 1948","SuperLiga","Romania","2013","Arrivals","Ștefan Bărboianu","https://www.transfermarkt.com/stefan-barboianu/profil/spieler/47568","Right-Back","25","Romania","Astra Giurgiu","SuperLiga","Romania",0,FALSE,NA,"Winter",16,13,1,993
"FC Dinamo 1948","SuperLiga","Romania","2013","Arrivals","Kamil Bilinski","https://www.transfermarkt.com/kamil-bilinski/profil/spieler/95197","Centre-Forward","25","Poland","Žalgiris","A Lyga","Lithuania",0,FALSE,NA,"Winter",16,12,4,639
"FC Dinamo 1948","SuperLiga","Romania","2013","Arrivals","Horia Crișan","https://www.transfermarkt.com/horia-crisan/profil/spieler/164237","Centre-Back","22","Romania","Vasas FC","NB II.","Hungary",0,FALSE,NA,"Winter",5,2,0,91
"FC Dinamo 1948","SuperLiga","Romania","2013","Arrivals","Ionut Cioinac","https://www.transfermarkt.com/ionut-cioinac/profil/spieler/213641","Defensive Midfield","22","Romania","Fortuna PC",NA,"Romania",NA,TRUE,"loan transfer","Winter",1,1,0,37
"FC Dinamo 1948","SuperLiga","Romania","2013","Arrivals","Pape Diakhaté","https://www.transfermarkt.com/pape-diakhate/profil/spieler/57655","Defensive Midfield","24","Senegal","Dinamo II",NA,"Romania",NA,FALSE,"-","Winter",2,0,0,0
"FC Dinamo 1948","SuperLiga","Romania","2013","Arrivals","Catalin Samoila","https://www.transfermarkt.com/catalin-samoila/profil/spieler/64075","Goalkeeper","24","Romania","Dinamo II",NA,"Romania",NA,FALSE,"-","Winter",2,1,0,90
"FC Dinamo 1948","SuperLiga","Romania","2013","Arrivals","Darius Buia","https://www.transfermarkt.com/darius-buia/profil/spieler/186730","Attacking Midfield","19","Romania","Dinamo II",NA,"Romania",NA,FALSE,"-","Winter",10,3,0,47
"FC Dinamo 1948","SuperLiga","Romania","2013","Arrivals","Ionuț Nedelcearu","https://www.transfermarkt.com/ionut-nedelcearu/profil/spieler/274694","Centre-Back","17","Romania","Dinamo II",NA,"Romania",NA,FALSE,"-","Winter",6,2,0,32
"FC Dinamo 1948","SuperLiga","Romania","2013","Arrivals","Antonio Asanovic","https://www.transfermarkt.com/antonio-asanovic/profil/spieler/177331","Centre-Back","22","Croatia","FC Brasov-SR","SuperLiga","Romania",NA,TRUE,"End of loan Jan 9, 2014","Winter",5,2,0,94
"FC Dinamo 1948","SuperLiga","Romania","2013","Departures","Srdjan Luchin","https://www.transfermarkt.com/srdjan-luchin/profil/spieler/58720","Centre-Back","27","Romania","Botev Plovdiv","efbet Liga","Bulgaria",0,FALSE,NA,"Winter",18,15,1,1287
"FC Dinamo 1948","SuperLiga","Romania","2013","Departures","Alexandru Curtean","https://www.transfermarkt.com/alexandru-curtean/profil/spieler/81477","Left Winger","26","Romania","Botev Plovdiv","efbet Liga","Bulgaria",0,FALSE,NA,"Winter",21,21,4,1617
"FC Dinamo 1948","SuperLiga","Romania","2013","Departures","Kévin Zougoula","https://www.transfermarkt.com/kevin-zougoula/profil/spieler/217113","Second Striker","25","Cote d'Ivoire","Séwé Sports",NA,"Cote d'Ivoire",0,FALSE,NA,"Winter",10,6,2,171
"FC Dinamo 1948","SuperLiga","Romania","2013","Departures","Robert Tatar","https://www.transfermarkt.com/robert-tatar/profil/spieler/320070","Midfielder","20","Romania","ACS Berceni","Liga 2","Romania",0,FALSE,NA,"Winter",NA,NA,NA,NA
"FC Dinamo 1948","SuperLiga","Romania","2013","Departures","Valentin Balint","https://www.transfermarkt.com/valentin-balint/profil/spieler/220911","Centre-Forward","19","Romania","FC Brasov-SR","SuperLiga","Romania",NA,TRUE,"loan transfer","Winter",5,5,0,159
"FC Dinamo 1948","SuperLiga","Romania","2013","Departures","Mirza Hasanovic","https://www.transfermarkt.com/mirza-hasanovic/profil/spieler/220835","Centre-Back","23","Bosnia-Herzegovina","Without Club",NA,NA,NA,FALSE,"-","Winter",2,0,0,0
"FC Dinamo 1948","SuperLiga","Romania","2013","Departures","Ionel Dănciulescu","https://www.transfermarkt.com/ionel-danciulescu/profil/spieler/19405","Centre-Forward","36","Romania",NA,NA,NA,NA,FALSE,"-","Winter",10,6,1,315
"CFR Cluj","SuperLiga","Romania","2013","Arrivals","Derick Ogbu","https://www.transfermarkt.com/derick-ogbu/profil/spieler/197852","Centre-Forward","23","Nigeria","OH Leuven","Jupiler Pro League","Belgium",5e+05,FALSE,NA,"Summer",26,26,6,1818
"CFR Cluj","SuperLiga","Romania","2013","Arrivals","Claudiu Voiculet","https://www.transfermarkt.com/claudiu-voiculet/profil/spieler/46679","Central Midfield","27","Romania","Pandurii ","SuperLiga","Romania",0,FALSE,NA,"Summer",15,12,0,617
"CFR Cluj","SuperLiga","Romania","2013","Arrivals","Florin Costea","https://www.transfermarkt.com/florin-costea/profil/spieler/47571","Left Winger","28","Romania","Turnu-Severin",NA,"Romania",0,FALSE,NA,"Summer",29,29,3,1723
"CFR Cluj","SuperLiga","Romania","2013","Arrivals","Grégory Tadé","https://www.transfermarkt.com/gregory-tade/profil/spieler/45931","Centre-Forward","26","France","St. Johnstone","Premiership","Scotland",0,FALSE,NA,"Summer",24,22,2,1118
"CFR Cluj","SuperLiga","Romania","2013","Arrivals","Javier Velayos","https://www.transfermarkt.com/javier-velayos/profil/spieler/53294","Right-Back","26","Spain","FC Brasov","SuperLiga","Romania",0,FALSE,NA,"Summer",15,10,0,730
"CFR Cluj","SuperLiga","Romania","2013","Arrivals","Nwankwo Obiora","https://www.transfermarkt.com/nwankwo-obiora/profil/spieler/127769","Defensive Midfield","21","Nigeria","Parma","Serie A","Italy",NA,FALSE,"?","Summer",13,11,0,806
"CFR Cluj","SuperLiga","Romania","2013","Arrivals","Denilson Gabionetta","https://www.transfermarkt.com/denilson-gabionetta/profil/spieler/71744","Right Winger","27","Brazil","Parma","Serie A","Italy",NA,TRUE,"loan transfer","Summer",16,16,1,971
"CFR Cluj","SuperLiga","Romania","2013","Arrivals","Gonçalo Brandão","https://www.transfermarkt.com/goncalo-brandao/profil/spieler/14195","Centre-Back","26","Portugal","Parma","Serie A","Italy",NA,TRUE,"loan transfer","Summer",8,1,0,90
"CFR Cluj","SuperLiga","Romania","2013","Arrivals","Damjan Djokovic","https://www.transfermarkt.com/damjan-djokovic/profil/spieler/143039","Central Midfield","23","Croatia","Bologna","Serie A","Italy",NA,TRUE,"loan transfer","Summer",31,28,3,2317
"CFR Cluj","SuperLiga","Romania","2013","Arrivals","Gabriel Tamaș","https://www.transfermarkt.com/gabriel-tamas/profil/spieler/6893","Centre-Back","29","Romania","West Brom","Premier League","England",NA,FALSE,"-","Summer",NA,NA,NA,NA
"CFR Cluj","SuperLiga","Romania","2013","Arrivals","Ionuț Țîrlea","https://www.transfermarkt.com/ionut-tirlea/profil/spieler/330936","Attacking Midfield","19","Romania","CFR Cluj U19",NA,"Romania",NA,FALSE,"-","Summer",1,0,0,0
"CFR Cluj","SuperLiga","Romania","2013","Arrivals","Adrian Păun","https://www.transfermarkt.com/adrian-paun/profil/spieler/291656","Central Midfield","18","Romania","CFR Cluj U19",NA,"Romania",NA,FALSE,"-","Summer",9,5,0,127
"CFR Cluj","SuperLiga","Romania","2013","Arrivals","Edimar","https://www.transfermarkt.com/edimar/profil/spieler/74314","Left-Back","27","Brazil","Rio Ave","Liga Portugal","Portugal",NA,TRUE,"End of loan Jun 30, 2013","Summer",1,1,0,90
"CFR Cluj","SuperLiga","Romania","2013","Arrivals","Paul Batin","https://www.transfermarkt.com/paul-batin/profil/spieler/121151","Centre-Forward","26","Romania","FC Brasov","SuperLiga","Romania",NA,TRUE,"End of loan Jun 30, 2013","Summer",22,19,4,866
"CFR Cluj","SuperLiga","Romania","2013","Arrivals","Lionn","https://www.transfermarkt.com/lionn/profil/spieler/75116","Right-Back","24","Portugal","Rio Ave","Liga Portugal","Portugal",NA,TRUE,"End of loan Jun 30, 2013","Summer",NA,NA,NA,NA
"CFR Cluj","SuperLiga","Romania","2013","Arrivals","Viorel Nicoara","https://www.transfermarkt.com/viorel-nicoara/profil/spieler/157022","Left Midfield","25","Romania","Pandurii ","SuperLiga","Romania",NA,TRUE,"End of loan Jun 30, 2013","Summer",NA,NA,NA,NA
"CFR Cluj","SuperLiga","Romania","2013","Arrivals","Cristian Bud","https://www.transfermarkt.com/cristian-bud/profil/spieler/104211","Centre-Forward","28","Romania","Bihor Oradea","Liga II - Seria II","Romania",NA,TRUE,"End of loan Jun 30, 2013","Summer",NA,NA,NA,NA
"CFR Cluj","SuperLiga","Romania","2013","Arrivals","Tudor Mandrusca","https://www.transfermarkt.com/tudor-mandrusca/profil/spieler/241293","Centre-Forward","24","Romania","Fortuna PC",NA,"Romania",NA,TRUE,"End of loan Jun 30, 2013","Summer",0,0,0,0
"CFR Cluj","SuperLiga","Romania","2013","Arrivals","Remo Amadio","https://www.transfermarkt.com/remo-amadio/profil/spieler/42836","Goalkeeper","25","Italy","FC Brasov-SR","SuperLiga","Romania",NA,TRUE,"End of loan Aug 29, 2013","Summer",12,0,0,0
"CFR Cluj","SuperLiga","Romania","2013","Arrivals","Remo Amadio","https://www.transfermarkt.com/remo-amadio/profil/spieler/42836","Goalkeeper","25","Italy","UTA Arad","Liga II - Seria II","Romania",NA,TRUE,"End of loan Jun 30, 2013","Summer",12,0,0,0
"CFR Cluj","SuperLiga","Romania","2013","Arrivals","Calin Tiut","https://www.transfermarkt.com/calin-tiut/profil/spieler/161038","Goalkeeper","21","Romania","Fortuna PC",NA,"Romania",NA,TRUE,"End of loan Jun 30, 2013","Summer",0,0,0,0
"CFR Cluj","SuperLiga","Romania","2013","Arrivals","Cornel Ene","https://www.transfermarkt.com/cornel-ene/profil/spieler/224170","Centre-Back","19","Romania","UTA Arad","Liga II - Seria II","Romania",NA,TRUE,"End of loan Jun 30, 2013","Summer",0,0,0,0
"CFR Cluj","SuperLiga","Romania","2013","Departures","Pantelis Kapetanos","https://www.transfermarkt.com/pantelis-kapetanos/profil/spieler/15432","Centre-Forward","30","Greece","FCSB","SuperLiga","Romania",2e+05,FALSE,NA,"Summer",3,3,0,178
"CFR Cluj","SuperLiga","Romania","2013","Departures","Bakary Bouba Saré","https://www.transfermarkt.com/bakary-bouba-sare/profil/spieler/45465","Central Midfield","23","Burkina Faso","Dinamo Zagreb","SuperSport HNL","Croatia",1e+05,TRUE,NA,"Summer",NA,NA,NA,NA
"CFR Cluj","SuperLiga","Romania","2013","Departures","Gabriel Mureșan","https://www.transfermarkt.com/gabriel-muresan/profil/spieler/46602","Defensive Midfield","31","Romania","Tom Tomsk","Premier Liga","Russia",0,FALSE,NA,"Summer",NA,NA,NA,NA
"CFR Cluj","SuperLiga","Romania","2013","Departures","Weldon","https://www.transfermarkt.com/weldon/profil/spieler/37775","Centre-Forward","33","Brazil","Criciúma EC","Série A","Brazil",0,FALSE,NA,"Summer",NA,NA,NA,NA
"CFR Cluj","SuperLiga","Romania","2013","Departures","Nicolas Godemèche","https://www.transfermarkt.com/nicolas-godemeche/profil/spieler/14954","Defensive Midfield","29","France","SK Beveren","Jupiler Pro League","Belgium",0,FALSE,NA,"Summer",NA,NA,NA,NA
"CFR Cluj","SuperLiga","Romania","2013","Departures","Cristian Bud","https://www.transfermarkt.com/cristian-bud/profil/spieler/104211","Centre-Forward","28","Romania","Debrecen","NB I.","Hungary",0,FALSE,NA,"Summer",NA,NA,NA,NA
"CFR Cluj","SuperLiga","Romania","2013","Departures","Sergiu Buș","https://www.transfermarkt.com/sergiu-bus/profil/spieler/123671","Centre-Forward","20","Romania","FC Brasov-SR","SuperLiga","Romania",0,FALSE,NA,"Summer",NA,NA,NA,NA
"CFR Cluj","SuperLiga","Romania","2013","Departures","Sasa Bjelanovic","https://www.transfermarkt.com/sasa-bjelanovic/profil/spieler/22187","Centre-Forward","34","Croatia","Varese","Serie B","Italy",0,FALSE,NA,"Summer",NA,NA,NA,NA
"CFR Cluj","SuperLiga","Romania","2013","Departures","Nuno Diogo","https://www.transfermarkt.com/nuno-diogo/profil/spieler/22551","Centre-Back","32","Portugal","Without Club",NA,NA,0,FALSE,NA,"Summer",NA,NA,NA,NA
"CFR Cluj","SuperLiga","Romania","2013","Departures","Celestino","https://www.transfermarkt.com/celestino/profil/spieler/45371","Defensive Midfield","26","Portugal","Olhanense","Liga Portugal","Portugal",0,FALSE,NA,"Summer",NA,NA,NA,NA
"CFR Cluj","SuperLiga","Romania","2013","Departures","Nuno Claro","https://www.transfermarkt.com/nuno-claro/profil/spieler/14344","Goalkeeper","36","Portugal","ACS Poli","SuperLiga","Romania",0,FALSE,NA,"Summer",NA,NA,NA,NA
"CFR Cluj","SuperLiga","Romania","2013","Departures","Lionn","https://www.transfermarkt.com/lionn/profil/spieler/75116","Right-Back","24","Portugal","Rio Ave","Liga Portugal","Portugal",NA,FALSE,"?","Summer",NA,NA,NA,NA
"CFR Cluj","SuperLiga","Romania","2013","Departures","Viorel Nicoara","https://www.transfermarkt.com/viorel-nicoara/profil/spieler/157022","Left Midfield","25","Romania","Pandurii ","SuperLiga","Romania",NA,FALSE,"?","Summer",NA,NA,NA,NA
"CFR Cluj","SuperLiga","Romania","2013","Departures","Edimar","https://www.transfermarkt.com/edimar/profil/spieler/74314","Left-Back","27","Brazil","Rio Ave","Liga Portugal","Portugal",NA,TRUE,"loan transfer","Summer",1,1,0,90
"CFR Cluj","SuperLiga","Romania","2013","Departures","Ronny","https://www.transfermarkt.com/ronny/profil/spieler/34097","Centre-Forward","30","Brazil","Rio Ave","Liga Portugal","Portugal",NA,TRUE,"loan transfer","Summer",0,0,0,0
"CFR Cluj","SuperLiga","Romania","2013","Departures","Diogo Valente","https://www.transfermarkt.com/diogo-valente/profil/spieler/23270","Left Winger","28","Portugal","Coimbra","Liga Portugal","Portugal",NA,TRUE,"loan transfer","Summer",0,0,0,0
"CFR Cluj","SuperLiga","Romania","2013","Departures","Tudor Mandrusca","https://www.transfermarkt.com/tudor-mandrusca/profil/spieler/241293","Centre-Forward","24","Romania","National Sebis",NA,"Romania",NA,TRUE,"loan transfer","Summer",0,0,0,0
"CFR Cluj","SuperLiga","Romania","2013","Departures","Liviu Ganea","https://www.transfermarkt.com/liviu-ganea/profil/spieler/45267","Centre-Forward","25","Romania","Concordia","SuperLiga","Romania",NA,TRUE,"loan transfer","Summer",0,0,0,0
"CFR Cluj","SuperLiga","Romania","2013","Departures","Remo Amadio","https://www.transfermarkt.com/remo-amadio/profil/spieler/42836","Goalkeeper","25","Italy","FC Brasov-SR","SuperLiga","Romania",NA,TRUE,"loan transfer","Summer",12,0,0,0
"CFR Cluj","SuperLiga","Romania","2013","Departures","Calin Tiut","https://www.transfermarkt.com/calin-tiut/profil/spieler/161038","Goalkeeper","21","Romania","Metalurg. Cugir",NA,"Romania",NA,TRUE,"loan transfer","Summer",0,0,0,0
"CFR Cluj","SuperLiga","Romania","2013","Departures","Cornel Ene","https://www.transfermarkt.com/cornel-ene/profil/spieler/224170","Centre-Back","19","Romania","Olimpia SM","Liga II - Seria II","Romania",NA,TRUE,"loan transfer","Summer",0,0,0,0
"CFR Cluj","SuperLiga","Romania","2013","Departures","Gabriel Tamaș","https://www.transfermarkt.com/gabriel-tamas/profil/spieler/6893","Centre-Back","29","Romania","Without Club",NA,NA,NA,FALSE,"-","Summer",NA,NA,NA,NA
"CFR Cluj","SuperLiga","Romania","2013","Departures","Ádám Vass","https://www.transfermarkt.com/adam-vass/profil/spieler/49031","Defensive Midfield","24","Hungary","Without Club",NA,NA,NA,FALSE,"-","Summer",NA,NA,NA,NA
"CFR Cluj","SuperLiga","Romania","2013","Departures","Dominique Kivuvu","https://www.transfermarkt.com/dominique-kivuvu/profil/spieler/41300","Defensive Midfield","25","Angola","Without Club",NA,NA,NA,FALSE,"-","Summer",NA,NA,NA,NA
"CFR Cluj","SuperLiga","Romania","2013","Departures","Cristian Panin","https://www.transfermarkt.com/cristian-panin/profil/spieler/43350","Right-Back","35","Romania",NA,NA,NA,NA,FALSE,"-","Summer",NA,NA,NA,NA
"CFR Cluj","SuperLiga","Romania","2013","Departures","Ivo Pinto","https://www.transfermarkt.com/ivo-pinto/profil/spieler/82281","Right-Back","23","Portugal","Rio Ave","Liga Portugal","Portugal",NA,TRUE,"End of loan Jun 30, 2013","Summer",NA,NA,NA,NA
"CFR Cluj","SuperLiga","Romania","2013","Departures","Nwankwo Obiora","https://www.transfermarkt.com/nwankwo-obiora/profil/spieler/127769","Defensive Midfield","21","Nigeria","Parma","Serie A","Italy",NA,TRUE,"End of loan Jun 30, 2013","Summer",13,11,0,806
"CFR Cluj","SuperLiga","Romania","2013","Arrivals","Giorgi Chanturia","https://www.transfermarkt.com/giorgi-chanturia/profil/spieler/136397","Right Winger","20","Georgia","Vitesse","Eredivisie","Netherlands",1e+06,FALSE,NA,"Winter",8,7,1,236
"CFR Cluj","SuperLiga","Romania","2013","Arrivals","Aitor Monroy","https://www.transfermarkt.com/aitor-monroy/profil/spieler/71986","Central Midfield","26","Spain","Ceahlaul","SuperLiga","Romania",40000,FALSE,NA,"Winter",12,12,0,1040
"CFR Cluj","SuperLiga","Romania","2013","Arrivals","Tiago Lopes","https://www.transfermarkt.com/tiago-lopes/profil/spieler/171069","Right-Back","25","Portugal","SC Covilhã","Liga Portugal 2","Portugal",0,FALSE,NA,"Winter",13,5,0,295
"CFR Cluj","SuperLiga","Romania","2013","Arrivals","Najib Ammari","https://www.transfermarkt.com/najib-ammari/profil/spieler/131908","Attacking Midfield","21","Algeria","Chern. Burgas","efbet Liga","Bulgaria",0,FALSE,NA,"Winter",8,5,0,68
"CFR Cluj","SuperLiga","Romania","2013","Arrivals","Gabriel Tamaș","https://www.transfermarkt.com/gabriel-tamas/profil/spieler/6893","Centre-Back","29","Romania","West Brom","Premier League","England",NA,FALSE,"-","Winter",NA,NA,NA,NA
"CFR Cluj","SuperLiga","Romania","2013","Arrivals","Sergiu Negruț","https://www.transfermarkt.com/sergiu-negrut/profil/spieler/161022","Attacking Midfield","20","Romania","CFR Cluj U19",NA,"Romania",NA,FALSE,"-","Winter",15,13,3,647
"CFR Cluj","SuperLiga","Romania","2013","Arrivals","Szilard Veres","https://www.transfermarkt.com/szilard-veres/profil/spieler/315471","Central Midfield","18","Romania","CFR Cluj U19",NA,"Romania",NA,FALSE,"-","Winter",9,1,0,27
"CFR Cluj","SuperLiga","Romania","2013","Arrivals","Bakary Bouba Saré","https://www.transfermarkt.com/bakary-bouba-sare/profil/spieler/45465","Central Midfield","23","Burkina Faso","Dinamo Zagreb","SuperSport HNL","Croatia",NA,TRUE,"End of loan Dec 31, 2013","Winter",NA,NA,NA,NA
"CFR Cluj","SuperLiga","Romania","2013","Departures","Nwankwo Obiora","https://www.transfermarkt.com/nwankwo-obiora/profil/spieler/127769","Defensive Midfield","22","Nigeria","Córdoba CF","LaLiga2","Spain",0,FALSE,NA,"Winter",13,11,0,806
"CFR Cluj","SuperLiga","Romania","2013","Departures","Bakary Bouba Saré","https://www.transfermarkt.com/bakary-bouba-sare/profil/spieler/45465","Central Midfield","23","Burkina Faso","Al-Ain","UAE Pro League","United Arab Emirates",0,FALSE,NA,"Winter",NA,NA,NA,NA
"CFR Cluj","SuperLiga","Romania","2013","Departures","Claudiu Voiculet","https://www.transfermarkt.com/claudiu-voiculet/profil/spieler/46679","Central Midfield","28","Romania","ASA Tg. Mures","Liga II - Seria II","Romania",NA,TRUE,"loan transfer","Winter",15,12,0,617
"CFR Cluj","SuperLiga","Romania","2013","Departures","Ioan Hora","https://www.transfermarkt.com/ioan-hora/profil/spieler/54528","Centre-Forward","25","Romania","ASA Tg. Mures","Liga II - Seria II","Romania",NA,TRUE,"loan transfer","Winter",14,10,0,352
"CFR Cluj","SuperLiga","Romania","2013","Departures","Laszlo Sepsi","https://www.transfermarkt.com/laszlo-sepsi/profil/spieler/33622","Left-Back","26","Romania","ASA Tg. Mures","Liga II - Seria II","Romania",NA,TRUE,"loan transfer","Winter",20,6,0,268
"CFR Cluj","SuperLiga","Romania","2013","Departures","Gabriel Tamaș","https://www.transfermarkt.com/gabriel-tamas/profil/spieler/6893","Centre-Back","29","Romania","Without Club",NA,NA,NA,FALSE,"-","Winter",NA,NA,NA,NA
"CFR Cluj","SuperLiga","Romania","2013","Departures","Eduard Stăncioiu","https://www.transfermarkt.com/eduard-stancioiu/profil/spieler/48659","Goalkeeper","32","Romania","Without Club",NA,NA,NA,FALSE,"-","Winter",2,2,0,112
"CFR Cluj","SuperLiga","Romania","2013","Departures","Gonçalo Brandão","https://www.transfermarkt.com/goncalo-brandao/profil/spieler/14195","Centre-Back","27","Portugal","Parma","Serie A","Italy",NA,TRUE,"End of loan Dec 31, 2013","Winter",8,1,0,90
"Pandurii Targu Jiu (- 2022)",NA,NA,"2013","Arrivals","Eric","https://www.transfermarkt.com/eric/profil/spieler/81509","Attacking Midfield","27","Brazil","Gaz Metan","SuperLiga","Romania",7e+05,FALSE,NA,"Summer",33,31,14,2506
"Pandurii Targu Jiu (- 2022)",NA,NA,"2013","Arrivals","Nicandro Breeveld","https://www.transfermarkt.com/nicandro-breeveld/profil/spieler/53222","Defensive Midfield","26","Suriname","Gaz Metan","SuperLiga","Romania",2e+05,FALSE,NA,"Summer",38,38,3,3350
"Pandurii Targu Jiu (- 2022)",NA,NA,"2013","Arrivals","Admir Adrovic","https://www.transfermarkt.com/admir-adrovic/profil/spieler/61160","Centre-Forward","25","Montenegro","B. Podgorica","Meridianbet 1. CFL","Montenegro",1e+05,FALSE,NA,"Summer",15,11,1,408
"Pandurii Targu Jiu (- 2022)",NA,NA,"2013","Arrivals","David Distéfano","https://www.transfermarkt.com/david-distefano/profil/spieler/134862","Left Winger","26","Argentina","San Felipe","Primera B Clausura","Chile",0,FALSE,NA,"Summer",30,26,1,1464
"Pandurii Targu Jiu (- 2022)",NA,NA,"2013","Arrivals","Elton","https://www.transfermarkt.com/elton/profil/spieler/296748","Centre-Back","24","Brazil","Ferroviária",NA,"Brazil",0,FALSE,NA,"Summer",20,17,3,1139
"Pandurii Targu Jiu (- 2022)",NA,NA,"2013","Arrivals","Răzvan Stanca","https://www.transfermarkt.com/razvan-stanca/profil/spieler/46656","Goalkeeper","33","Romania","FCSB","SuperLiga","Romania",0,FALSE,NA,"Summer",37,22,0,1913
"Pandurii Targu Jiu (- 2022)",NA,NA,"2013","Arrivals","Paulinho","https://www.transfermarkt.com/paulinho/profil/spieler/37577","Attacking Midfield","28","Portugal","Göztepe","2.Lig Beyaz","Türkiye",0,FALSE,NA,"Summer",9,5,0,214
"Pandurii Targu Jiu (- 2022)",NA,NA,"2013","Arrivals","Sipo","https://www.transfermarkt.com/sipo/profil/spieler/118990","Left-Back","25","Equatorial Guinea","Osasuna B",NA,"Spain",0,FALSE,NA,"Summer",34,11,1,461
"Pandurii Targu Jiu (- 2022)",NA,NA,"2013","Arrivals","Viorel Nicoara","https://www.transfermarkt.com/viorel-nicoara/profil/spieler/157022","Left Midfield","25","Romania","CFR Cluj","SuperLiga","Romania",NA,FALSE,"?","Summer",39,37,2,2423
"Pandurii Targu Jiu (- 2022)",NA,NA,"2013","Arrivals","Erico","https://www.transfermarkt.com/erico/profil/spieler/233917","Centre-Back","23","Brazil","Guaratinguetá","Série B","Brazil",NA,FALSE,"?","Summer",38,37,4,3203
"Pandurii Targu Jiu (- 2022)",NA,NA,"2013","Arrivals","Marko Momcilovic","https://www.transfermarkt.com/marko-momcilovic/profil/spieler/89506","Centre-Back","26","Serbia","Javor-Matis","Super liga Srbije","Serbia",NA,FALSE,"?","Summer",44,44,5,3911
"Pandurii Targu Jiu (- 2022)",NA,NA,"2013","Arrivals","Fayez Chamsine","https://www.transfermarkt.com/fayez-chamsine/profil/spieler/94978","Left Winger","21","Lebanon","Al-Ijtimaii SC","Leb. Premier League","Lebanon",NA,FALSE,"?","Summer",21,17,6,884
"Pandurii Targu Jiu (- 2022)",NA,NA,"2013","Arrivals","Diego Rubio","https://www.transfermarkt.com/diego-rubio/profil/spieler/179308","Centre-Forward","20","Chile","Sporting B","Liga Portugal 2","Portugal",NA,TRUE,"loan transfer","Summer",5,5,0,166
"Pandurii Targu Jiu (- 2022)",NA,NA,"2013","Arrivals","Alex Gonçalves","https://www.transfermarkt.com/alex-goncalves/profil/spieler/85312","Centre-Forward","23","Brazil","Tombense",NA,"Brazil",NA,TRUE,"loan transfer","Summer",31,30,12,1593
"Pandurii Targu Jiu (- 2022)",NA,NA,"2013","Arrivals","Albert Voinea","https://www.transfermarkt.com/albert-voinea/profil/spieler/180871","Centre-Forward","20","Romania","Sportul Snagov","Liga II - Seria II","Romania",NA,TRUE,"End of loan Jun 30, 2013","Summer",0,0,0,0
"Pandurii Targu Jiu (- 2022)",NA,NA,"2013","Arrivals","Alin Buleică","https://www.transfermarkt.com/alin-buleica/profil/spieler/147286","Right-Back","21","Romania","U Cluj","SuperLiga","Romania",NA,TRUE,"End of loan Jun 30, 2013","Summer",44,40,2,2393
"Pandurii Targu Jiu (- 2022)",NA,NA,"2013","Arrivals","Alexandru Ciucur","https://www.transfermarkt.com/alexandru-ciucur/profil/spieler/123302","Left Winger","23","Romania","ACSM Poli Iasi","SuperLiga","Romania",NA,TRUE,"End of loan Jun 30, 2013","Summer",41,30,4,1477
"Pandurii Targu Jiu (- 2022)",NA,NA,"2013","Arrivals","Ciprian Brata","https://www.transfermarkt.com/ciprian-brata/profil/spieler/156616","Left Midfield","22","Romania","Turnu-Severin","SuperLiga","Romania",NA,TRUE,"End of loan Jun 30, 2013","Summer",9,7,0,176
"Pandurii Targu Jiu (- 2022)",NA,NA,"2013","Arrivals","Emmanuel Mbella","https://www.transfermarkt.com/emmanuel-mbella/profil/spieler/224876","Right Winger","21","France","FC Botosani","Liga 2","Romania",NA,TRUE,"End of loan Jun 30, 2013","Summer",0,0,0,0
"Pandurii Targu Jiu (- 2022)",NA,NA,"2013","Arrivals","Alexandru Neagu","https://www.transfermarkt.com/alexandru-neagu/profil/spieler/220850","Attacking Midfield","20","Romania","UTA Arad","Liga II - Seria II","Romania",NA,TRUE,"End of loan Jun 30, 2013","Summer",0,0,0,0
"Pandurii Targu Jiu (- 2022)",NA,NA,"2013","Arrivals","Ionuț Tătaru","https://www.transfermarkt.com/ionut-tataru/profil/spieler/164203","Centre-Back","23","Romania","Turnu-Severin","SuperLiga","Romania",NA,TRUE,"End of loan Jun 30, 2013","Summer",NA,NA,NA,NA
"Pandurii Targu Jiu (- 2022)",NA,NA,"2013","Arrivals","Alin Ignea","https://www.transfermarkt.com/alin-ignea/profil/spieler/208800","Central Midfield","24","Romania","FC Botosani","Liga 2","Romania",NA,TRUE,"End of loan Jun 30, 2013","Summer",NA,NA,NA,NA
"Pandurii Targu Jiu (- 2022)",NA,NA,"2013","Departures","Dan Nistor","https://www.transfermarkt.com/dan-nistor/profil/spieler/156639","Central Midfield","25","Romania","Thonon Évian","Ligue 1","France",8e+05,FALSE,NA,"Summer",23,23,2,1802
"Pandurii Targu Jiu (- 2022)",NA,NA,"2013","Departures","Alexandru Vlad","https://www.transfermarkt.com/alexandru-vlad/profil/spieler/204040","Left-Back","23","Romania","Dnipro","Premier Liga","Ukraine",8e+05,FALSE,NA,"Summer",NA,NA,NA,NA
"Pandurii Targu Jiu (- 2022)",NA,NA,"2013","Departures","Ousmane Viera","https://www.transfermarkt.com/ousmane-viera/profil/spieler/69014","Centre-Back","26","Cote d'Ivoire","C. Rizespor","Süper Lig","Türkiye",0,FALSE,NA,"Summer",NA,NA,NA,NA
"Pandurii Targu Jiu (- 2022)",NA,NA,"2013","Departures","John Ike Ibeh","https://www.transfermarkt.com/john-ike-ibeh/profil/spieler/73798","Left Winger","27","Nigeria","Aris Saloniki","Super League 1","Greece",0,FALSE,NA,"Summer",NA,NA,NA,NA
"Pandurii Targu Jiu (- 2022)",NA,NA,"2013","Departures","Claudiu Voiculet","https://www.transfermarkt.com/claudiu-voiculet/profil/spieler/46679","Central Midfield","27","Romania","CFR Cluj","SuperLiga","Romania",0,FALSE,NA,"Summer",NA,NA,NA,NA
"Pandurii Targu Jiu (- 2022)",NA,NA,"2013","Departures","Valentin Lemnaru","https://www.transfermarkt.com/valentin-lemnaru/profil/spieler/48690","Centre-Forward","29","Romania","U Cluj","SuperLiga","Romania",0,FALSE,NA,"Summer",6,5,0,119
"Pandurii Targu Jiu (- 2022)",NA,NA,"2013","Departures","Adrian Rusu","https://www.transfermarkt.com/adrian-rusu/profil/spieler/35440","Right-Back","28","Romania","Soimii Pancota",NA,"Romania",0,FALSE,NA,"Summer",NA,NA,NA,NA
"Pandurii Targu Jiu (- 2022)",NA,NA,"2013","Departures","Alexandru Grigoraș","https://www.transfermarkt.com/alexandru-grigoras/profil/spieler/203090","Centre-Forward","24","Romania","Sageata Navodar","SuperLiga","Romania",0,FALSE,NA,"Summer",NA,NA,NA,NA
"Pandurii Targu Jiu (- 2022)",NA,NA,"2013","Departures","Sasa Popin","https://www.transfermarkt.com/sasa-popin/profil/spieler/85077","Centre-Forward","23","Serbia","Sageata Navodar","SuperLiga","Romania",0,FALSE,NA,"Summer",NA,NA,NA,NA
"Pandurii Targu Jiu (- 2022)",NA,NA,"2013","Departures","Alin Ignea","https://www.transfermarkt.com/alin-ignea/profil/spieler/208800","Central Midfield","24","Romania","FC Olt Slatina","Liga II - Seria II","Romania",0,FALSE,NA,"Summer",NA,NA,NA,NA
"Pandurii Targu Jiu (- 2022)",NA,NA,"2013","Departures","Adrian Horvat","https://www.transfermarkt.com/adrian-horvat/profil/spieler/203091","Goalkeeper","23","Romania","UTA Arad","Liga II - Seria II","Romania",0,FALSE,NA,"Summer",NA,NA,NA,NA
"Pandurii Targu Jiu (- 2022)",NA,NA,"2013","Departures","Albert Voinea","https://www.transfermarkt.com/albert-voinea/profil/spieler/180871","Centre-Forward","20","Romania","CS U Craiova","Liga II - Seria II","Romania",NA,TRUE,"loan transfer","Summer",0,0,0,0
"Pandurii Targu Jiu (- 2022)",NA,NA,"2013","Departures","Ciprian Brata","https://www.transfermarkt.com/ciprian-brata/profil/spieler/156616","Left Midfield","22","Romania","FC Brasov-SR","SuperLiga","Romania",NA,TRUE,"loan transfer","Summer",9,7,0,176
"Pandurii Targu Jiu (- 2022)",NA,NA,"2013","Departures","Emmanuel Mbella","https://www.transfermarkt.com/emmanuel-mbella/profil/spieler/224876","Right Winger","21","France","Ac. Clinceni","Liga 2","Romania",NA,TRUE,"loan transfer","Summer",0,0,0,0
"Pandurii Targu Jiu (- 2022)",NA,NA,"2013","Departures","Alexandru Dan","https://www.transfermarkt.com/alexandru-dan/profil/spieler/212735","Defensive Midfield","19","Romania","ASA Tg. Mures","Liga II - Seria II","Romania",NA,TRUE,"loan transfer","Summer",0,0,0,0
"Pandurii Targu Jiu (- 2022)",NA,NA,"2013","Departures","Alexandru Neagu","https://www.transfermarkt.com/alexandru-neagu/profil/spieler/220850","Attacking Midfield","20","Romania","Rm. Valcea","Liga II - Seria II","Romania",NA,TRUE,"loan transfer","Summer",0,0,0,0
"Pandurii Targu Jiu (- 2022)",NA,NA,"2013","Departures","Ionuț Tătaru","https://www.transfermarkt.com/ionut-tataru/profil/spieler/164203","Centre-Back","23","Romania","Rm. Valcea","Liga II - Seria II","Romania",NA,TRUE,"loan transfer","Summer",NA,NA,NA,NA
"Pandurii Targu Jiu (- 2022)",NA,NA,"2013","Departures","Daniel Unguru","https://www.transfermarkt.com/daniel-unguru/profil/spieler/203095","Central Midfield","19","Romania","Minerul Motru","Liga II - Seria II","Romania",NA,TRUE,"loan transfer","Summer",0,0,0,0
"Pandurii Targu Jiu (- 2022)",NA,NA,"2013","Departures","Roberto Dumitru","https://www.transfermarkt.com/roberto-dumitru/profil/spieler/218300","Left Midfield","19","Romania","UTA Arad","Liga II - Seria II","Romania",NA,TRUE,"loan transfer","Summer",NA,NA,NA,NA
"Pandurii Targu Jiu (- 2022)",NA,NA,"2013","Departures","Cristian Bud","https://www.transfermarkt.com/cristian-bud/profil/spieler/104211","Centre-Forward","28","Romania","Without Club",NA,NA,NA,FALSE,"-","Summer",6,6,0,287
"Pandurii Targu Jiu (- 2022)",NA,NA,"2013","Departures","Karim Boutadjine","https://www.transfermarkt.com/karim-boutadjine/profil/spieler/111525","Centre-Forward","24","France","Without Club",NA,NA,NA,FALSE,"-","Summer",NA,NA,NA,NA
"Pandurii Targu Jiu (- 2022)",NA,NA,"2013","Departures","Paulinho","https://www.transfermarkt.com/paulinho/profil/spieler/37577","Attacking Midfield","29","Portugal","Without Club",NA,NA,NA,FALSE,"-","Summer",9,5,0,214
"Pandurii Targu Jiu (- 2022)",NA,NA,"2013","Departures","Mihai Răduț","https://www.transfermarkt.com/mihai-radut/profil/spieler/96850","Left Winger","23","Romania","FCSB","SuperLiga","Romania",NA,TRUE,"End of loan Jun 30, 2013","Summer",0,0,0,0
"Pandurii Targu Jiu (- 2022)",NA,NA,"2013","Departures","Viorel Nicoara","https://www.transfermarkt.com/viorel-nicoara/profil/spieler/157022","Left Midfield","25","Romania","CFR Cluj","SuperLiga","Romania",NA,TRUE,"End of loan Jun 30, 2013","Summer",39,37,2,2423
"Pandurii Targu Jiu (- 2022)",NA,NA,"2013","Arrivals","Cristian Bud","https://www.transfermarkt.com/cristian-bud/profil/spieler/104211","Centre-Forward","28","Romania","Gaz Metan","SuperLiga","Romania",0,FALSE,NA,"Winter",6,6,0,287
"Pandurii Targu Jiu (- 2022)",NA,NA,"2013","Arrivals","Michal Gliwa","https://www.transfermarkt.com/michal-gliwa/profil/spieler/42056","Goalkeeper","25","Poland","Zaglebie Lubin","Ekstraklasa","Poland",0,FALSE,NA,"Winter",13,9,0,810
"Pandurii Targu Jiu (- 2022)",NA,NA,"2013","Arrivals","Maximiliano Giusti","https://www.transfermarkt.com/maximiliano-giusti/profil/spieler/88330","Centre-Forward","23","Argentina","U. San Martín","Liga 1 Clausura","Peru",0,FALSE,NA,"Winter",7,7,2,435
"Pandurii Targu Jiu (- 2022)",NA,NA,"2013","Arrivals","Doru Bratu","https://www.transfermarkt.com/doru-bratu/profil/spieler/81724","Centre-Back","24","Romania","FCSB","SuperLiga","Romania",0,FALSE,NA,"Winter",10,4,0,315
"Pandurii Targu Jiu (- 2022)",NA,NA,"2013","Arrivals","Dan Nistor","https://www.transfermarkt.com/dan-nistor/profil/spieler/156639","Central Midfield","25","Romania","Thonon Évian","Ligue 1","France",NA,TRUE,"loan transfer","Winter",23,23,2,1802
"Pandurii Targu Jiu (- 2022)",NA,NA,"2013","Arrivals","Ionuț Tătaru","https://www.transfermarkt.com/ionut-tataru/profil/spieler/164203","Centre-Back","24","Romania","Rm. Valcea","Liga II - Seria II","Romania",NA,TRUE,"End of loan Dec 31, 2013","Winter",NA,NA,NA,NA
"Pandurii Targu Jiu (- 2022)",NA,NA,"2013","Arrivals","Alexandru Neagu","https://www.transfermarkt.com/alexandru-neagu/profil/spieler/220850","Attacking Midfield","20","Romania","Rm. Valcea","Liga II - Seria II","Romania",NA,TRUE,"End of loan Dec 31, 2013","Winter",0,0,0,0
"Pandurii Targu Jiu (- 2022)",NA,NA,"2013","Arrivals","Daniel Unguru","https://www.transfermarkt.com/daniel-unguru/profil/spieler/203095","Central Midfield","20","Romania","Minerul Motru","Liga II - Seria II","Romania",NA,TRUE,"End of loan Mar 1, 2014","Winter",0,0,0,0
"Pandurii Targu Jiu (- 2022)",NA,NA,"2013","Arrivals","Roberto Dumitru","https://www.transfermarkt.com/roberto-dumitru/profil/spieler/218300","Left Midfield","19","Romania","UTA Arad","Liga II - Seria II","Romania",NA,TRUE,"End of loan Dec 31, 2013","Winter",NA,NA,NA,NA
"Pandurii Targu Jiu (- 2022)",NA,NA,"2013","Departures","Eric","https://www.transfermarkt.com/eric/profil/spieler/81509","Attacking Midfield","28","Brazil","Al-Ahli","Saudi Pro League","Saudi Arabia",1200000,FALSE,NA,"Winter",33,31,14,2506
"Pandurii Targu Jiu (- 2022)",NA,NA,"2013","Departures","Cosmin Bacila","https://www.transfermarkt.com/cosmin-bacila/profil/spieler/46495","Right-Back","30","Romania","ASA Tg. Mures","Liga II - Seria II","Romania",0,FALSE,NA,"Winter",NA,NA,NA,NA
"Pandurii Targu Jiu (- 2022)",NA,NA,"2013","Departures","Ionuț Tătaru","https://www.transfermarkt.com/ionut-tataru/profil/spieler/164203","Centre-Back","24","Romania","Sportul Snagov","Liga II - Seria II","Romania",0,FALSE,NA,"Winter",NA,NA,NA,NA
"Pandurii Targu Jiu (- 2022)",NA,NA,"2013","Departures","Roberto Dumitru","https://www.transfermarkt.com/roberto-dumitru/profil/spieler/218300","Left Midfield","19","Romania","Soimii Pancota",NA,"Romania",0,FALSE,NA,"Winter",NA,NA,NA,NA
"Pandurii Targu Jiu (- 2022)",NA,NA,"2013","Departures","David Lazar","https://www.transfermarkt.com/david-lazar/profil/spieler/168278","Goalkeeper","22","Romania","FC Botosani","SuperLiga","Romania",NA,TRUE,"loan transfer","Winter",11,7,0,585
"Pandurii Targu Jiu (- 2022)",NA,NA,"2013","Departures","Ionut Rada","https://www.transfermarkt.com/ionut-rada/profil/spieler/180870","Centre-Back","23","Romania","U Cluj","SuperLiga","Romania",NA,TRUE,"loan transfer","Winter",14,7,0,466
"Pandurii Targu Jiu (- 2022)",NA,NA,"2013","Departures","Alexandru Neagu","https://www.transfermarkt.com/alexandru-neagu/profil/spieler/220850","Attacking Midfield","21","Romania","CS Mioveni","Liga II - Seria II","Romania",NA,TRUE,"loan transfer","Winter",0,0,0,0
"Pandurii Targu Jiu (- 2022)",NA,NA,"2013","Departures","Admir Adrovic","https://www.transfermarkt.com/admir-adrovic/profil/spieler/61160","Centre-Forward","25","Montenegro","Without Club",NA,NA,NA,FALSE,"-","Winter",15,11,1,408
"Pandurii Targu Jiu (- 2022)",NA,NA,"2013","Departures","Alexandru Avramescu","https://www.transfermarkt.com/alexandru-avramescu/profil/spieler/181240","Defensive Midfield","22","Romania","Without Club",NA,NA,NA,FALSE,"-","Winter",NA,NA,NA,NA
"Pandurii Targu Jiu (- 2022)",NA,NA,"2013","Departures","Diego Rubio","https://www.transfermarkt.com/diego-rubio/profil/spieler/179308","Centre-Forward","20","Chile","Sporting B","Liga Portugal 2","Portugal",NA,TRUE,"End of loan Dec 31, 2013","Winter",5,5,0,166
"FC Vaslui (- 2014)",NA,NA,"2013","Arrivals","Jakub Wilk","https://www.transfermarkt.com/jakub-wilk/profil/spieler/32607","Attacking Midfield","27","Poland","Žalgiris","A Lyga","Lithuania",40000,FALSE,NA,"Summer",15,15,1,969
"FC Vaslui (- 2014)",NA,NA,"2013","Arrivals","Adrian Patulea","https://www.transfermarkt.com/adrian-patulea/profil/spieler/119390","Centre-Forward","28","Romania","FC Rapid 1923","Liga 2","Romania",0,FALSE,NA,"Summer",32,29,2,1200
"FC Vaslui (- 2014)",NA,NA,"2013","Arrivals","Nicolae Musat","https://www.transfermarkt.com/nicolae-musat/profil/spieler/53196","Left-Back","26","Romania","FC Dinamo","SuperLiga","Romania",0,FALSE,NA,"Summer",27,23,1,1795
"FC Vaslui (- 2014)",NA,NA,"2013","Arrivals","Nuno Viveiros","https://www.transfermarkt.com/nuno-viveiros/profil/spieler/14242","Right Winger","30","Portugal","FC Brasov","SuperLiga","Romania",0,FALSE,NA,"Summer",26,25,3,1893
"FC Vaslui (- 2014)",NA,NA,"2013","Arrivals","César Ortiz","https://www.transfermarkt.com/cesar-ortiz/profil/spieler/68896","Centre-Back","24","Spain","Atl. Madrileño","2ª B - Grupo II","Spain",0,FALSE,NA,"Summer",24,17,1,1476
"FC Vaslui (- 2014)",NA,NA,"2013","Arrivals","Igor Prahic","https://www.transfermarkt.com/igor-prahic/profil/spieler/41157","Centre-Back","26","Croatia","HNK Zadar","SuperSport HNL","Croatia",0,FALSE,NA,"Summer",27,18,0,1528
"FC Vaslui (- 2014)",NA,NA,"2013","Arrivals","Anej Lovrecic","https://www.transfermarkt.com/anej-lovrecic/profil/spieler/50298","Central Midfield","26","Slovenia","NK Olimpija","Prva Liga","Slovenia",0,FALSE,NA,"Summer",17,12,0,674
"FC Vaslui (- 2014)",NA,NA,"2013","Arrivals","Octavian Ormenisan","https://www.transfermarkt.com/octavian-ormenisan/profil/spieler/203093","Goalkeeper","20","Romania","Sportul S.",NA,"Romania",0,FALSE,NA,"Summer",10,2,0,180
"FC Vaslui (- 2014)",NA,NA,"2013","Arrivals","Leonard Manole","https://www.transfermarkt.com/leonard-manole/profil/spieler/209112","Central Midfield","20","Romania","FC Arges",NA,"Romania",0,FALSE,NA,"Summer",3,3,0,81
"FC Vaslui (- 2014)",NA,NA,"2013","Arrivals","Andrei Enescu","https://www.transfermarkt.com/andrei-enescu/profil/spieler/34936","Central Midfield","25","Romania","Gloria Bistrita","Liga II - Seria II","Romania",0,FALSE,NA,"Summer",34,21,0,790
"FC Vaslui (- 2014)",NA,NA,"2013","Arrivals","Denis Pozder","https://www.transfermarkt.com/denis-pozder/profil/spieler/72831","Centre-Forward","23","Germany","Alem. Aachen","Regionalliga West","Germany",0,FALSE,NA,"Summer",9,7,0,213
"FC Vaslui (- 2014)",NA,NA,"2013","Arrivals","Madson","https://www.transfermarkt.com/madson/profil/spieler/244832","Defensive Midfield","22","Brazil","Atlético-GO","Série B","Brazil",0,FALSE,NA,"Summer",28,27,3,2214
"FC Vaslui (- 2014)",NA,NA,"2013","Arrivals","Gabriel Pirvu","https://www.transfermarkt.com/gabriel-pirvu/profil/spieler/325114","Centre-Forward","19","Romania","Unknown",NA,NA,0,FALSE,NA,"Summer",3,1,0,72
"FC Vaslui (- 2014)",NA,NA,"2013","Arrivals","Adrian Nenita","https://www.transfermarkt.com/adrian-nenita/profil/spieler/269804","Attacking Midfield","16","Romania","FC Vaslui U19",NA,"Romania",NA,FALSE,"-","Summer",8,5,0,286
"FC Vaslui (- 2014)",NA,NA,"2013","Arrivals","Andrei Sluser","https://www.transfermarkt.com/andrei-sluser/profil/spieler/325116","Left Midfield","19","Romania","FC Vaslui U19",NA,"Romania",NA,FALSE,"-","Summer",3,3,0,222
"FC Vaslui (- 2014)",NA,NA,"2013","Arrivals","Gigel Popa","https://www.transfermarkt.com/gigel-popa/profil/spieler/325115","Defensive Midfield","19","Romania","FC Vaslui U19",NA,"Romania",NA,FALSE,"-","Summer",3,3,0,155
"FC Vaslui (- 2014)",NA,NA,"2013","Arrivals","Gabriel Sopu","https://www.transfermarkt.com/gabriel-sopu/profil/spieler/326002","Centre-Forward","16","Romania","FC Vaslui U19",NA,"Romania",NA,FALSE,"-","Summer",2,1,0,18
"FC Vaslui (- 2014)",NA,NA,"2013","Arrivals","Codrin Epure","https://www.transfermarkt.com/codrin-epure/profil/spieler/325113","Left Midfield","15","Romania","FC Vaslui U19",NA,"Romania",NA,FALSE,"-","Summer",3,1,0,10
"FC Vaslui (- 2014)",NA,NA,"2013","Departures","Fernando Varela","https://www.transfermarkt.com/fernando-varela/profil/spieler/59084","Centre-Back","25","Cape Verde","FCSB","SuperLiga","Romania",1250000,FALSE,NA,"Summer",5,5,0,450
"FC Vaslui (- 2014)",NA,NA,"2013","Departures","Nicolae Stanciu","https://www.transfermarkt.com/nicolae-stanciu/profil/spieler/148372","Attacking Midfield","20","Romania","FCSB","SuperLiga","Romania",1e+06,FALSE,NA,"Summer",NA,NA,NA,NA
"FC Vaslui (- 2014)",NA,NA,"2013","Departures","Zhivko Milanov","https://www.transfermarkt.com/zhivko-milanov/profil/spieler/15260","Right-Back","28","Bulgaria","Tom Tomsk","Premier Liga","Russia",0,FALSE,NA,"Summer",NA,NA,NA,NA
"FC Vaslui (- 2014)",NA,NA,"2013","Departures","Elias Charalambous","https://www.transfermarkt.com/elias-charalambous/profil/spieler/27244","Left-Back","32","Cyprus","Doxa Katokopias","Cyprus League","Cyprus",0,FALSE,NA,"Summer",NA,NA,NA,NA
"FC Vaslui (- 2014)",NA,NA,"2013","Departures","Raul Costin","https://www.transfermarkt.com/raul-costin/profil/spieler/46523","Central Midfield","28","Romania","Simurq","Premyer Liqa","Azerbaijan",0,FALSE,NA,"Summer",NA,NA,NA,NA
"FC Vaslui (- 2014)",NA,NA,"2013","Departures","Michael Tukura","https://www.transfermarkt.com/michael-tukura/profil/spieler/118518","Central Midfield","24","Nigeria","Hakoah Amidar","Liga Leumit","Israel",0,FALSE,NA,"Summer",NA,NA,NA,NA
"FC Vaslui (- 2014)",NA,NA,"2013","Departures","Dănuț Coman","https://www.transfermarkt.com/danut-coman/profil/spieler/34501","Goalkeeper","34","Romania","Astra Giurgiu","SuperLiga","Romania",0,FALSE,NA,"Summer",NA,NA,NA,NA
"FC Vaslui (- 2014)",NA,NA,"2013","Departures","Gabriel Canu","https://www.transfermarkt.com/gabriel-canu/profil/spieler/25927","Centre-Back","32","Romania","Ceahlaul","SuperLiga","Romania",0,FALSE,NA,"Summer",NA,NA,NA,NA
"FC Vaslui (- 2014)",NA,NA,"2013","Departures","Nderim Nedzipi","https://www.transfermarkt.com/nderim-nedzipi/profil/spieler/1258","Attacking Midfield","29","North Macedonia","Shkendija","Prva liga","North Macedonia",0,FALSE,NA,"Summer",NA,NA,NA,NA
"FC Vaslui (- 2014)",NA,NA,"2013","Departures","Ousmane N'Doye","https://www.transfermarkt.com/ousmane-ndoye/profil/spieler/6973","Defensive Midfield","35","Senegal","Sageata Navodar","SuperLiga","Romania",0,FALSE,NA,"Summer",NA,NA,NA,NA
"FC Vaslui (- 2014)",NA,NA,"2013","Departures","Kenneth Asamoah","https://www.transfermarkt.com/kenneth-asamoah/profil/spieler/85643","Left Winger","24","Ghana","Medeama","Premier League","Ghana",NA,FALSE,"?","Summer",NA,NA,NA,NA
"FC Vaslui (- 2014)",NA,NA,"2013","Departures","Kennedy Boateng","https://www.transfermarkt.com/kennedy-boateng/profil/spieler/262640","Centre-Forward","24","Ghana","Medeama","Premier League","Ghana",NA,FALSE,"?","Summer",NA,NA,NA,NA
"FC Vaslui (- 2014)",NA,NA,"2013","Departures","Vasile Buhaescu","https://www.transfermarkt.com/vasile-buhaescu/profil/spieler/48775","Centre-Forward","25","Romania","ASA Tg. Mures","Liga II - Seria II","Romania",NA,TRUE,"loan transfer","Summer",4,3,0,152
"FC Vaslui (- 2014)",NA,NA,"2013","Departures","Valter Heil","https://www.transfermarkt.com/valter-heil/profil/spieler/235086","Centre-Back","23","Romania","ASA Tg. Mures","Liga II - Seria II","Romania",NA,TRUE,"loan transfer","Summer",0,0,0,0
"FC Vaslui (- 2014)",NA,NA,"2013","Departures","Ionut Jitaru","https://www.transfermarkt.com/ionut-jitaru/profil/spieler/269797","Attacking Midfield","19","Romania","CSM Moinesti",NA,"Romania",NA,TRUE,"loan transfer","Summer",0,0,0,0
"FC Vaslui (- 2014)",NA,NA,"2013","Departures","Cauê Silva","https://www.transfermarkt.com/caue-silva/profil/spieler/76090","Defensive Midfield","24","Brazil","Without Club",NA,NA,NA,FALSE,"-","Summer",20,19,2,1666
"FC Vaslui (- 2014)",NA,NA,"2013","Departures","Gil Bahia","https://www.transfermarkt.com/gil-bahia/profil/spieler/183944","Right-Back","22","Brazil","Without Club",NA,NA,NA,FALSE,"-","Summer",10,10,0,620
"FC Vaslui (- 2014)",NA,NA,"2013","Departures","Denis Zmeu","https://www.transfermarkt.com/denis-zmeu/profil/spieler/48799","Central Midfield","28","Moldova",NA,NA,NA,NA,FALSE,"-","Summer",NA,NA,NA,NA
"FC Vaslui (- 2014)",NA,NA,"2013","Departures","Bamba Drissa","https://www.transfermarkt.com/bamba-drissa/profil/spieler/127345","Defensive Midfield","28","Cote d'Ivoire",NA,NA,NA,NA,FALSE,"-","Summer",NA,NA,NA,NA
"FC Vaslui (- 2014)",NA,NA,"2013","Departures","Emile Paul Tendeng","https://www.transfermarkt.com/emile-paul-tendeng/profil/spieler/208563","Attacking Midfield","20","Senegal","Casa Sports",NA,"Senegal",NA,TRUE,"End of loan Jun 30, 2013","Summer",NA,NA,NA,NA
"FC Vaslui (- 2014)",NA,NA,"2013","Arrivals","Matías Abelairas","https://www.transfermarkt.com/matias-abelairas/profil/spieler/45641","Attacking Midfield","28","Argentina","Union Española","Torneo Clausura","Chile",0,FALSE,NA,"Winter",13,11,0,816
"FC Vaslui (- 2014)",NA,NA,"2013","Arrivals","Gil Bahia","https://www.transfermarkt.com/gil-bahia/profil/spieler/183944","Right-Back","21","Brazil","EC Bahia","Série A","Brazil",0,FALSE,NA,"Winter",10,10,0,620
"FC Vaslui (- 2014)",NA,NA,"2013","Arrivals","Franco Razzotti","https://www.transfermarkt.com/franco-razzotti/profil/spieler/53508","Defensive Midfield","29","Argentina","Vélez Sarsfield","Torneo Clausura","Argentina",NA,TRUE,"loan transfer","Winter",12,10,0,864
"FC Vaslui (- 2014)",NA,NA,"2013","Arrivals","Mauricio Cuero","https://www.transfermarkt.com/mauricio-cuero/profil/spieler/211395","Right Winger","21","Colombia","CD La Equidad","Liga DIMAYOR II","Colombia",NA,TRUE,"loan transfer","Winter",11,8,0,286
"FC Vaslui (- 2014)",NA,NA,"2013","Departures","Lucian Sânmărtean","https://www.transfermarkt.com/lucian-sanmartean/profil/spieler/9733","Central Midfield","33","Romania","FCSB","SuperLiga","Romania",250000,FALSE,NA,"Winter",19,19,0,1542
"FC Vaslui (- 2014)",NA,NA,"2013","Departures","Jakub Wilk","https://www.transfermarkt.com/jakub-wilk/profil/spieler/32607","Attacking Midfield","28","Poland","Žalgiris","A Lyga","Lithuania",0,FALSE,NA,"Winter",15,15,1,969
"FC Vaslui (- 2014)",NA,NA,"2013","Departures","Anej Lovrecic","https://www.transfermarkt.com/anej-lovrecic/profil/spieler/50298","Central Midfield","26","Slovenia","Vardar","Prva liga","North Macedonia",0,FALSE,NA,"Winter",17,12,0,674
"FC Vaslui (- 2014)",NA,NA,"2013","Departures","Jumisse","https://www.transfermarkt.com/jumisse/profil/spieler/156005","Defensive Midfield","29","Mozambique","1º de Agosto",NA,"Angola",0,FALSE,NA,"Winter",NA,NA,NA,NA
"FC Vaslui (- 2014)",NA,NA,"2013","Departures","Denis Pozder","https://www.transfermarkt.com/denis-pozder/profil/spieler/72831","Centre-Forward","24","Germany","Velbert 02","Regionalliga West","Germany",0,FALSE,NA,"Winter",9,7,0,213
"FC Vaslui (- 2014)",NA,NA,"2013","Departures","Adrian Sălăgeanu","https://www.transfermarkt.com/adrian-salageanu/profil/spieler/69518","Left-Back","30","Romania","Without Club",NA,NA,NA,FALSE,"-","Winter",17,17,1,1495
"FC Vaslui (- 2014)",NA,NA,"2013","Departures","Sabrin Sburlea","https://www.transfermarkt.com/sabrin-sburlea/profil/spieler/64235","Centre-Forward","24","Romania","Without Club",NA,NA,NA,FALSE,"-","Winter",1,1,0,15
"SC Otelul Galati","SuperLiga","Romania","2013","Arrivals","Bogdan Gavrilă","https://www.transfermarkt.com/bogdan-gavrila/profil/spieler/212752","Right Winger","21","Romania","Chindia",NA,"Romania",0,FALSE,NA,"Summer",16,10,0,393
"SC Otelul Galati","SuperLiga","Romania","2013","Arrivals","Henrique","https://www.transfermarkt.com/henrique/profil/spieler/101197","Centre-Forward","26","Brazil","EC São José","Gauchão - 2º Turno","Brazil",0,FALSE,NA,"Summer",26,23,10,1489
"SC Otelul Galati","SuperLiga","Romania","2013","Arrivals","Georgel Punga","https://www.transfermarkt.com/georgel-punga/profil/spieler/212835","Left Midfield","19","Romania","Dacia U. Braila","Liga 2","Romania",NA,FALSE,"?","Summer",2,1,0,25
"SC Otelul Galati","SuperLiga","Romania","2013","Arrivals","Ionuț Boșneag","https://www.transfermarkt.com/ionut-bosneag/profil/spieler/46509","Goalkeeper","31","Romania","U Cluj","SuperLiga","Romania",NA,FALSE,"?","Summer",9,5,0,383
"SC Otelul Galati","SuperLiga","Romania","2013","Arrivals","Ciprian Milea","https://www.transfermarkt.com/ciprian-milea/profil/spieler/55547","Central Midfield","29","Romania","Fortuna PC",NA,"Romania",NA,TRUE,"loan transfer","Summer",29,23,1,1451
"SC Otelul Galati","SuperLiga","Romania","2013","Arrivals","Diego Sevillano","https://www.transfermarkt.com/diego-sevillano/profil/spieler/217732","Centre-Forward","22","Argentina","Godoy Cruz","Torneo Clausura","Argentina",NA,TRUE,"loan transfer","Summer",14,7,0,206
"SC Otelul Galati","SuperLiga","Romania","2013","Arrivals","Armando Cooper","https://www.transfermarkt.com/armando-cooper/profil/spieler/122016","Central Midfield","25","Panama","Godoy Cruz","Torneo Clausura","Argentina",NA,TRUE,"loan transfer","Summer",24,23,3,1852
"SC Otelul Galati","SuperLiga","Romania","2013","Arrivals","Mihai Adăscăliței","https://www.transfermarkt.com/mihai-adascalitei/profil/spieler/280311","Right-Back","18","Romania","Dunarea Galati","Liga 2","Romania",NA,TRUE,"loan transfer","Summer",13,4,0,55
"SC Otelul Galati","SuperLiga","Romania","2013","Arrivals","Gabriel Abraham","https://www.transfermarkt.com/gabriel-abraham/profil/spieler/81467","Goalkeeper","22","Romania","Otelul II",NA,"Romania",NA,FALSE,"-","Summer",3,0,0,0
"SC Otelul Galati","SuperLiga","Romania","2013","Arrivals","Andrei Marus","https://www.transfermarkt.com/andrei-marus/profil/spieler/297697","Right-Back","21","Romania","Otelul II",NA,"Romania",NA,FALSE,"-","Summer",6,2,0,17
"SC Otelul Galati","SuperLiga","Romania","2013","Arrivals","Bratislav Punosevac","https://www.transfermarkt.com/bratislav-punosevac/profil/spieler/46973","Centre-Forward","25","Serbia","ASA Tg. Mures","Liga II - Seria II","Romania",NA,TRUE,"End of loan Jun 30, 2013","Summer",NA,NA,NA,NA
"SC Otelul Galati","SuperLiga","Romania","2013","Arrivals","Constantin Miselaricu","https://www.transfermarkt.com/constantin-miselaricu/profil/spieler/175985","Centre-Back","23","Romania","Delta Tulcea","Liga 2","Romania",NA,TRUE,"End of loan Jun 30, 2013","Summer",27,21,1,1471
"SC Otelul Galati","SuperLiga","Romania","2013","Arrivals","Razvan Ochirosii","https://www.transfermarkt.com/razvan-ochirosii/profil/spieler/43761","Left-Back","24","Romania","CF Fuenlabrada","2ª B - Grupo I","Spain",NA,TRUE,"End of loan Jun 30, 2013","Summer",NA,NA,NA,NA
"SC Otelul Galati","SuperLiga","Romania","2013","Arrivals","Sorin Cucu","https://www.transfermarkt.com/sorin-cucu/profil/spieler/98323","Left-Back","23","Romania","ASA Tg. Mures","Liga II - Seria II","Romania",NA,TRUE,"End of loan Jun 30, 2013","Summer",0,0,0,0
"SC Otelul Galati","SuperLiga","Romania","2013","Arrivals","Bogdan Chipirliu","https://www.transfermarkt.com/bogdan-chipirliu/profil/spieler/250134","Centre-Forward","20","Romania","Dunarea Galati","Liga 2","Romania",NA,TRUE,"End of loan Jun 30, 2013","Summer",1,0,0,0
"SC Otelul Galati","SuperLiga","Romania","2013","Arrivals","Cosmin Gârleanu","https://www.transfermarkt.com/cosmin-garleanu/profil/spieler/107657","Right Midfield","24","Romania","Delta Tulcea","Liga 2","Romania",NA,TRUE,"End of loan Jun 30, 2013","Summer",NA,NA,NA,NA
"SC Otelul Galati","SuperLiga","Romania","2013","Arrivals","Marian Pop","https://www.transfermarkt.com/marian-pop/profil/spieler/168465","Midfielder","21","Romania","Olimpia SM",NA,"Romania",NA,TRUE,"End of loan Jun 30, 2013","Summer",NA,NA,NA,NA
"SC Otelul Galati","SuperLiga","Romania","2013","Arrivals","Georgian Butoi","https://www.transfermarkt.com/georgian-butoi/profil/spieler/289309","Centre-Forward","20","Romania","Râmnicu Sarat",NA,"Romania",NA,TRUE,"End of loan Jun 30, 2013","Summer",NA,NA,NA,NA
"SC Otelul Galati","SuperLiga","Romania","2013","Departures","Ionuț Neagu","https://www.transfermarkt.com/ionut-neagu/profil/spieler/112942","Defensive Midfield","23","Romania","FCSB","SuperLiga","Romania",650000,FALSE,NA,"Summer",6,6,1,479
"SC Otelul Galati","SuperLiga","Romania","2013","Departures","Alexandru Benga","https://www.transfermarkt.com/alexandru-benga/profil/spieler/202800","Centre-Back","24","Romania","Petrolul","SuperLiga","Romania",5e+05,FALSE,NA,"Summer",NA,NA,NA,NA
"SC Otelul Galati","SuperLiga","Romania","2013","Departures","Bratislav Punosevac","https://www.transfermarkt.com/bratislav-punosevac/profil/spieler/46973","Centre-Forward","26","Serbia","Avispa Fukuoka","J2 League","Japan",0,FALSE,NA,"Summer",NA,NA,NA,NA
"SC Otelul Galati","SuperLiga","Romania","2013","Departures","Zoran Ljubinkovic","https://www.transfermarkt.com/zoran-ljubinkovic/profil/spieler/13904","Centre-Back","31","Serbia","CS U Craiova","Liga II - Seria II","Romania",0,FALSE,NA,"Summer",NA,NA,NA,NA
"SC Otelul Galati","SuperLiga","Romania","2013","Departures","Marian Cârjă","https://www.transfermarkt.com/marian-carja/profil/spieler/48658","Right-Back","26","Romania","CS U Craiova","Liga II - Seria II","Romania",0,FALSE,NA,"Summer",NA,NA,NA,NA
"SC Otelul Galati","SuperLiga","Romania","2013","Departures","Razvan Ochirosii","https://www.transfermarkt.com/razvan-ochirosii/profil/spieler/43761","Left-Back","24","Romania","CD Guijuelo","2ª B - Grupo I","Spain",0,FALSE,NA,"Summer",NA,NA,NA,NA
"SC Otelul Galati","SuperLiga","Romania","2013","Departures","Georgian Butoi","https://www.transfermarkt.com/georgian-butoi/profil/spieler/289309","Centre-Forward","20","Romania","Farul Constanta","Liga 2","Romania",0,FALSE,NA,"Summer",NA,NA,NA,NA
"SC Otelul Galati","SuperLiga","Romania","2013","Departures","Cosmin Vancea","https://www.transfermarkt.com/cosmin-vancea/profil/spieler/123226","Centre-Forward","28","Romania","Saipa FC","Persian Gulf Pro League","Iran",NA,FALSE,"?","Summer",NA,NA,NA,NA
"SC Otelul Galati","SuperLiga","Romania","2013","Departures","Cosmin Gârleanu","https://www.transfermarkt.com/cosmin-garleanu/profil/spieler/107657","Right Midfield","24","Romania","Sporting Liesti",NA,"Romania",NA,FALSE,"?","Summer",NA,NA,NA,NA
"SC Otelul Galati","SuperLiga","Romania","2013","Departures","Marian Pop","https://www.transfermarkt.com/marian-pop/profil/spieler/168465","Midfielder","21","Romania","CS U Craiova","Liga II - Seria II","Romania",NA,FALSE,"?","Summer",NA,NA,NA,NA
"SC Otelul Galati","SuperLiga","Romania","2013","Departures","Sorin Cucu","https://www.transfermarkt.com/sorin-cucu/profil/spieler/98323","Left-Back","23","Romania","Dunarea Galati","Liga 2","Romania",NA,TRUE,"loan transfer","Summer",0,0,0,0
"SC Otelul Galati","SuperLiga","Romania","2013","Departures","Daúd Gazale","https://www.transfermarkt.com/daud-gazale/profil/spieler/76390","Centre-Forward","28","Chile","Without Club",NA,NA,NA,FALSE,"-","Summer",NA,NA,NA,NA
"SC Otelul Galati","SuperLiga","Romania","2013","Arrivals","Florin Lovin","https://www.transfermarkt.com/florin-lovin/profil/spieler/26497","Central Midfield","31","Romania","SV Mattersburg","2. Liga","Austria",0,FALSE,NA,"Winter",14,14,1,1233
"SC Otelul Galati","SuperLiga","Romania","2013","Arrivals","Mauro Goicoechea","https://www.transfermarkt.com/mauro-goicoechea/profil/spieler/72578","Goalkeeper","25","Uruguay","Danubio FC","Liga AUF Clausura","Uruguay",NA,FALSE,"?","Winter",15,15,0,1350
"SC Otelul Galati","SuperLiga","Romania","2013","Arrivals","Giuseppe Prestia","https://www.transfermarkt.com/giuseppe-prestia/profil/spieler/163187","Centre-Back","20","Italy","Crotone","Serie B","Italy",NA,TRUE,"loan transfer","Winter",14,14,0,1197
"SC Otelul Galati","SuperLiga","Romania","2013","Arrivals","Bocar Djumo","https://www.transfermarkt.com/bocar-djumo/profil/spieler/236737","Centre-Forward","19","Portugal","Inter U20","Primavera B","Italy",NA,TRUE,"loan transfer","Winter",4,1,0,1
"SC Otelul Galati","SuperLiga","Romania","2013","Arrivals","Stéphane Tritz","https://www.transfermarkt.com/stephane-tritz/profil/spieler/56823","Right-Back","26","France","Without Club",NA,NA,NA,FALSE,"-","Winter",10,10,0,885
"SC Otelul Galati","SuperLiga","Romania","2013","Arrivals","Andrei Miron","https://www.transfermarkt.com/andrei-miron/profil/spieler/332205","Centre-Back","19","Romania","Otelul Galati U19",NA,"Romania",NA,FALSE,"-","Winter",NA,NA,NA,NA
"SC Otelul Galati","SuperLiga","Romania","2013","Departures","Laurențiu Iorga","https://www.transfermarkt.com/laurentiu-iorga/profil/spieler/59694","Right Winger","25","Romania","Astra Giurgiu","SuperLiga","Romania",5e+05,FALSE,NA,"Winter",21,21,1,1585
"SC Otelul Galati","SuperLiga","Romania","2013","Departures","Branko Grahovac","https://www.transfermarkt.com/branko-grahovac/profil/spieler/54843","Goalkeeper","30","Bosnia-Herzegovina","Kahramanmaras","1.Lig","Türkiye",0,FALSE,NA,"Winter",NA,NA,NA,NA
"SC Otelul Galati","SuperLiga","Romania","2013","Departures","Ionuț Boșneag","https://www.transfermarkt.com/ionut-bosneag/profil/spieler/46509","Goalkeeper","32","Romania","UTA Arad","Liga II - Seria II","Romania",0,FALSE,NA,"Winter",9,5,0,383
"SC Otelul Galati","SuperLiga","Romania","2013","Departures","Jaka Stromajer","https://www.transfermarkt.com/jaka-stromajer/profil/spieler/54747","Left Winger","30","Slovenia","FC Koper","Prva Liga","Slovenia",0,FALSE,NA,"Winter",NA,NA,NA,NA
"SC Otelul Galati","SuperLiga","Romania","2013","Departures","Gabriel Paraschiv","https://www.transfermarkt.com/gabriel-paraschiv/profil/spieler/47454","Attacking Midfield","35","Romania","Flacara Moreni",NA,"Romania",0,FALSE,NA,"Winter",13,9,0,186
"SC Otelul Galati","SuperLiga","Romania","2013","Departures","Didi","https://www.transfermarkt.com/didi/profil/spieler/24733","Second Striker","31","Brazil","ASA Tg. Mures","Liga II - Seria II","Romania",NA,FALSE,"?","Winter",NA,NA,NA,NA
"SC Otelul Galati","SuperLiga","Romania","2013","Departures","Lucian Murgoci","https://www.transfermarkt.com/lucian-murgoci/profil/spieler/192867","Centre-Back","21","Romania","Sportul Snagov","Liga II - Seria II","Romania",NA,TRUE,"loan transfer","Winter",6,4,0,256
"SC Otelul Galati","SuperLiga","Romania","2013","Departures","Bogdan Chipirliu","https://www.transfermarkt.com/bogdan-chipirliu/profil/spieler/250134","Centre-Forward","21","Romania","Fortuna PC",NA,"Romania",NA,TRUE,"loan transfer","Winter",1,0,0,0
"SC Otelul Galati","SuperLiga","Romania","2013","Departures","João Felipe","https://www.transfermarkt.com/joao-felipe/profil/spieler/214317","Right-Back","21","Brazil","Without Club",NA,NA,NA,FALSE,"-","Winter",12,11,0,791
"SC Otelul Galati","SuperLiga","Romania","2013","Departures","Cristian Branet","https://www.transfermarkt.com/cristian-branet/profil/spieler/47487","Goalkeeper","36","Romania","Without Club",NA,NA,NA,FALSE,"-","Winter",18,14,0,1236
"FCV Farul Constanta","SuperLiga","Romania","2013","Arrivals","Dragoș Balauru","https://www.transfermarkt.com/dragos-balauru/profil/spieler/175972","Goalkeeper","23","Romania","FC Rapid 1923","Liga 2","Romania",0,FALSE,NA,"Summer",33,25,0,2250
"FCV Farul Constanta","SuperLiga","Romania","2013","Arrivals","Mircea Axente","https://www.transfermarkt.com/mircea-axente/profil/spieler/69558","Centre-Forward","26","Romania","FC Dinamo","SuperLiga","Romania",0,FALSE,NA,"Summer",32,30,8,1930
"FCV Farul Constanta","SuperLiga","Romania","2013","Arrivals","Ionuț Năstăsie","https://www.transfermarkt.com/ionut-nastasie/profil/spieler/148000","Left Winger","21","Romania","FCSB","SuperLiga","Romania",0,FALSE,NA,"Summer",16,11,0,445
"FCV Farul Constanta","SuperLiga","Romania","2013","Arrivals","Bogdan Mitrea","https://www.transfermarkt.com/bogdan-mitrea/profil/spieler/208866","Centre-Back","25","Romania","ACSM Poli Iasi","Liga 2","Romania",0,FALSE,NA,"Summer",31,30,3,2634
"FCV Farul Constanta","SuperLiga","Romania","2013","Arrivals","Ionuț Șerban","https://www.transfermarkt.com/ionut-serban/profil/spieler/212764","Central Midfield","21","Romania","Chindia",NA,"Romania",0,FALSE,NA,"Summer",15,11,0,396
"FCV Farul Constanta","SuperLiga","Romania","2013","Arrivals","Mihai Voduț","https://www.transfermarkt.com/mihai-vodut/profil/spieler/223042","Centre-Forward","18","Romania","Chindia",NA,"Romania",0,FALSE,NA,"Summer",0,0,0,0
"FCV Farul Constanta","SuperLiga","Romania","2013","Arrivals","Alexandru Băluță","https://www.transfermarkt.com/alexandru-baluta/profil/spieler/212746","Right Winger","19","Romania","Chindia",NA,"Romania",NA,FALSE,"?","Summer",29,28,3,1800
"FCV Farul Constanta","SuperLiga","Romania","2013","Arrivals","Sorin Ghionea","https://www.transfermarkt.com/sorin-ghionea/profil/spieler/26496","Centre-Back","34","Romania","Concordia","SuperLiga","Romania",NA,FALSE,"?","Summer",6,5,0,450
"FCV Farul Constanta","SuperLiga","Romania","2013","Arrivals","Thiago Araújo","https://www.transfermarkt.com/thiago-araujo/profil/spieler/54412","Right-Back","25","Brazil","Central",NA,"Brazil",NA,FALSE,"?","Summer",14,6,0,357
"FCV Farul Constanta","SuperLiga","Romania","2013","Arrivals","Emerson","https://www.transfermarkt.com/emerson/profil/spieler/169049","Defensive Midfield","22","Brazil","Imbituba-SC",NA,"Brazil",NA,FALSE,"?","Summer",15,8,0,618
"FCV Farul Constanta","SuperLiga","Romania","2013","Arrivals","Cristian Daminuță","https://www.transfermarkt.com/cristian-daminuta/profil/spieler/47873","Defensive Midfield","23","Romania","AC Milan","Serie A","Italy",NA,TRUE,"loan transfer","Summer",27,20,0,1447
"FCV Farul Constanta","SuperLiga","Romania","2013","Arrivals","Florin Tănase","https://www.transfermarkt.com/florin-tanase/profil/spieler/314329","Attacking Midfield","18","Romania","FCV Farul U18",NA,"Romania",NA,FALSE,"-","Summer",13,12,3,805
"FCV Farul Constanta","SuperLiga","Romania","2013","Arrivals","Mirel Bolboașă","https://www.transfermarkt.com/mirel-bolboasa/profil/spieler/64114","Goalkeeper","23","Romania","Ac. Clinceni","Liga 2","Romania",NA,TRUE,"End of loan Jun 30, 2013","Summer",1,0,0,0
"FCV Farul Constanta","SuperLiga","Romania","2013","Arrivals","Marius Albu","https://www.transfermarkt.com/marius-albu/profil/spieler/130339","Centre-Forward","22","Romania","Ac. Clinceni","Liga 2","Romania",NA,TRUE,"End of loan Jun 30, 2013","Summer",NA,NA,NA,NA
"FCV Farul Constanta","SuperLiga","Romania","2013","Arrivals","Vişan Creţu","https://www.transfermarkt.com/visan-cretu/profil/spieler/208788","Right-Back","25","Romania","Delta Tulcea","Liga 2","Romania",NA,TRUE,"End of loan Jun 30, 2013","Summer",NA,NA,NA,NA
"FCV Farul Constanta","SuperLiga","Romania","2013","Arrivals","Dumitru Bangheorghe","https://www.transfermarkt.com/dumitru-bangheorghe/profil/spieler/269785","Attacking Midfield","19","Romania","Sageata Navodar","Liga 2","Romania",NA,TRUE,"End of loan Jun 30, 2013","Summer",NA,NA,NA,NA
"FCV Farul Constanta","SuperLiga","Romania","2013","Arrivals","George Călințaru","https://www.transfermarkt.com/george-calintaru/profil/spieler/181242","Left-Back","24","Romania","Farul Constanta","Liga 2","Romania",NA,TRUE,"End of loan Jun 30, 2013","Summer",0,0,0,0
"FCV Farul Constanta","SuperLiga","Romania","2013","Arrivals","Radu Cureteu","https://www.transfermarkt.com/radu-cureteu/profil/spieler/208789","Right-Back","20","Romania","Minerul Motru",NA,"Romania",NA,TRUE,"End of loan Jun 30, 2013","Summer",0,0,0,0
"FCV Farul Constanta","SuperLiga","Romania","2013","Arrivals","Florentin Tudorache","https://www.transfermarkt.com/florentin-tudorache/profil/spieler/243297","Centre-Back","21","Romania","Ac. Clinceni","Liga 2","Romania",NA,TRUE,"End of loan Jun 30, 2013","Summer",0,0,0,0
"FCV Farul Constanta","SuperLiga","Romania","2013","Arrivals","Marco Musca","https://www.transfermarkt.com/marco-musca/profil/spieler/249043","Central Midfield","20","Romania","Ac. Clinceni","Liga 2","Romania",NA,TRUE,"End of loan Jun 30, 2013","Summer",0,0,0,0
"FCV Farul Constanta","SuperLiga","Romania","2013","Departures","Aurelian Chițu","https://www.transfermarkt.com/aurelian-chitu/profil/spieler/164236","Centre-Forward","22","Romania","Valenciennes FC","Ligue 1","France",7e+05,FALSE,NA,"Summer",NA,NA,NA,NA
"FCV Farul Constanta","SuperLiga","Romania","2013","Departures","Mihai Bălașa","https://www.transfermarkt.com/mihai-balasa/profil/spieler/236940","Centre-Back","18","Romania","Roma U20","Primavera C","Italy",150000,FALSE,NA,"Summer",1,1,0,90
"FCV Farul Constanta","SuperLiga","Romania","2013","Departures","Ionuț Vînă","https://www.transfermarkt.com/ionut-vina/profil/spieler/208828","Central Midfield","18","Romania","Roma U20","Primavera C","Italy",50000,FALSE,NA,"Summer",8,4,0,84
"FCV Farul Constanta","SuperLiga","Romania","2013","Departures","Marius Albu","https://www.transfermarkt.com/marius-albu/profil/spieler/130339","Centre-Forward","22","Romania","FC Arges",NA,"Romania",0,FALSE,NA,"Summer",NA,NA,NA,NA
"FCV Farul Constanta","SuperLiga","Romania","2013","Departures","Vasilica Cristocea","https://www.transfermarkt.com/vasilica-cristocea/profil/spieler/38295","Left Winger","32","Romania","U Cluj","SuperLiga","Romania",0,FALSE,NA,"Summer",NA,NA,NA,NA
"FCV Farul Constanta","SuperLiga","Romania","2013","Departures","Dumitru Bangheorghe","https://www.transfermarkt.com/dumitru-bangheorghe/profil/spieler/269785","Attacking Midfield","19","Romania","Granit. Babadag",NA,"Romania",0,FALSE,NA,"Summer",NA,NA,NA,NA
"FCV Farul Constanta","SuperLiga","Romania","2013","Departures","George Călințaru","https://www.transfermarkt.com/george-calintaru/profil/spieler/181242","Left-Back","24","Romania","FC Voluntari",NA,"Romania",0,FALSE,NA,"Summer",0,0,0,0
"FCV Farul Constanta","SuperLiga","Romania","2013","Departures","Mihai Voduț","https://www.transfermarkt.com/mihai-vodut/profil/spieler/223042","Centre-Forward","19","Romania","FC Voluntari",NA,"Romania",0,FALSE,NA,"Summer",0,0,0,0
"FCV Farul Constanta","SuperLiga","Romania","2013","Departures","Vişan Creţu","https://www.transfermarkt.com/visan-cretu/profil/spieler/208788","Right-Back","25","Romania","CS U Craiova","Liga II - Seria II","Romania",NA,FALSE,"?","Summer",NA,NA,NA,NA
"FCV Farul Constanta","SuperLiga","Romania","2013","Departures","Florentin Tudorache","https://www.transfermarkt.com/florentin-tudorache/profil/spieler/243297","Centre-Back","21","Romania","Unirea Slobozia","Liga 2","Romania",NA,FALSE,"?","Summer",0,0,0,0
"FCV Farul Constanta","SuperLiga","Romania","2013","Departures","Mirel Bolboașă","https://www.transfermarkt.com/mirel-bolboasa/profil/spieler/64114","Goalkeeper","24","Romania","Ac. Clinceni","Liga 2","Romania",NA,TRUE,"loan transfer","Summer",1,0,0,0
"FCV Farul Constanta","SuperLiga","Romania","2013","Departures","Claudiu Herea","https://www.transfermarkt.com/claudiu-herea/profil/spieler/210072","Left Winger","23","Romania","FC Rapid 1923","Liga 2","Romania",NA,TRUE,"loan transfer","Summer",0,0,0,0
"FCV Farul Constanta","SuperLiga","Romania","2013","Departures","Bogdan Țîru","https://www.transfermarkt.com/bogdan-tiru/profil/spieler/186744","Centre-Back","19","Romania","FC Voluntari",NA,"Romania",NA,TRUE,"loan transfer","Summer",14,10,0,482
"FCV Farul Constanta","SuperLiga","Romania","2013","Departures","Bogdan Mitache","https://www.transfermarkt.com/bogdan-mitache/profil/spieler/186735","Left-Back","19","Romania","FC Voluntari",NA,"Romania",NA,TRUE,"loan transfer","Summer",0,0,0,0
"FCV Farul Constanta","SuperLiga","Romania","2013","Departures","George Șerban","https://www.transfermarkt.com/george-serban/profil/spieler/186549","Goalkeeper","19","Romania","FC Voluntari",NA,"Romania",NA,TRUE,"loan transfer","Summer",0,0,0,0
"FCV Farul Constanta","SuperLiga","Romania","2013","Departures","Alexandru Tarnovan","https://www.transfermarkt.com/alexandru-tarnovan/profil/spieler/262028","Right Winger","18","Romania","FCSB U21",NA,"Romania",NA,TRUE,"loan transfer","Summer",2,2,0,29
"FCV Farul Constanta","SuperLiga","Romania","2013","Departures","Alexandru Mitriță","https://www.transfermarkt.com/alexandru-mitrita/profil/spieler/209649","Left Winger","18","Romania","FCSB U21",NA,"Romania",NA,TRUE,"loan transfer","Summer",16,15,1,889
"FCV Farul Constanta","SuperLiga","Romania","2013","Departures","Radu Cureteu","https://www.transfermarkt.com/radu-cureteu/profil/spieler/208789","Right-Back","20","Romania","FC Voluntari",NA,"Romania",NA,TRUE,"loan transfer","Summer",0,0,0,0
"FCV Farul Constanta","SuperLiga","Romania","2013","Departures","Marco Musca","https://www.transfermarkt.com/marco-musca/profil/spieler/249043","Central Midfield","20","Romania","FC Voluntari",NA,"Romania",NA,TRUE,"loan transfer","Summer",0,0,0,0
"FCV Farul Constanta","SuperLiga","Romania","2013","Departures","Vlăduţ Hînţescu","https://www.transfermarkt.com/vladut-hintescu/profil/spieler/317030","Goalkeeper","19","Romania","Fortuna PC",NA,"Romania",NA,TRUE,"loan transfer","Summer",0,0,0,0
"FCV Farul Constanta","SuperLiga","Romania","2013","Departures","Cornel Suciu","https://www.transfermarkt.com/cornel-suciu/profil/spieler/337944","Centre-Back","19","Romania","FC Voluntari",NA,"Romania",NA,TRUE,"loan transfer","Summer",NA,NA,NA,NA
"FCV Farul Constanta","SuperLiga","Romania","2013","Departures","Florin Tănase","https://www.transfermarkt.com/florin-tanase/profil/spieler/314329","Attacking Midfield","18","Romania","FC Voluntari",NA,"Romania",NA,TRUE,"loan transfer","Summer",13,12,3,805
"FCV Farul Constanta","SuperLiga","Romania","2013","Departures","Denis Alibec","https://www.transfermarkt.com/denis-alibec/profil/spieler/81396","Centre-Forward","22","Romania","Inter","Serie A","Italy",NA,TRUE,"End of loan Jun 30, 2013","Summer",NA,NA,NA,NA
"FCV Farul Constanta","SuperLiga","Romania","2013","Departures","Sebastian Mladen","https://www.transfermarkt.com/sebastian-mladen/profil/spieler/96790","Centre-Back","21","Romania","AS Roma","Serie A","Italy",NA,TRUE,"End of loan Jun 30, 2013","Summer",NA,NA,NA,NA
"FCV Farul Constanta","SuperLiga","Romania","2013","Departures","Andrei Vaștag","https://www.transfermarkt.com/andrei-vastag/profil/spieler/186745","Defensive Midfield","19","Romania","Avicola Buzias",NA,"Romania",NA,TRUE,"End of loan Jun 30, 2013","Summer",NA,NA,NA,NA
"FCV Farul Constanta","SuperLiga","Romania","2013","Departures","Mihai Onicas","https://www.transfermarkt.com/mihai-onicas/profil/spieler/115242","Defensive Midfield","23","Romania","FCSB","SuperLiga","Romania",NA,TRUE,"End of loan Jun 30, 2013","Summer",NA,NA,NA,NA
"FCV Farul Constanta","SuperLiga","Romania","2013","Arrivals","Sergiu Moga","https://www.transfermarkt.com/sergiu-moga/profil/spieler/117281","Right-Back","21","Romania","Honvéd II",NA,"Hungary",0,FALSE,NA,"Winter",9,5,0,405
"FCV Farul Constanta","SuperLiga","Romania","2013","Arrivals","Ionuț Vînă","https://www.transfermarkt.com/ionut-vina/profil/spieler/208828","Central Midfield","18","Romania","Roma U20","Primavera C","Italy",NA,TRUE,"loan transfer","Winter",8,4,0,84
"FCV Farul Constanta","SuperLiga","Romania","2013","Arrivals","Răzvan Marin","https://www.transfermarkt.com/razvan-marin/profil/spieler/295183","Defensive Midfield","17","Romania","FCV Farul U18",NA,"Romania",NA,FALSE,"-","Winter",14,10,0,219
"FCV Farul Constanta","SuperLiga","Romania","2013","Arrivals","Ciprian Perju","https://www.transfermarkt.com/ciprian-perju/profil/spieler/319197","Left-Back","16","Romania","FCV Farul U18",NA,"Romania",NA,FALSE,"-","Winter",1,0,0,0
"FCV Farul Constanta","SuperLiga","Romania","2013","Arrivals","Cristian Manea","https://www.transfermarkt.com/cristian-manea/profil/spieler/271284","Right-Back","16","Romania","FCV Farul U18",NA,"Romania",NA,FALSE,"-","Winter",6,5,0,387
"FCV Farul Constanta","SuperLiga","Romania","2013","Arrivals","Bogdan Țîru","https://www.transfermarkt.com/bogdan-tiru/profil/spieler/186744","Centre-Back","19","Romania","FC Voluntari",NA,"Romania",NA,TRUE,"End of loan Dec 31, 2013","Winter",14,10,0,482
"FCV Farul Constanta","SuperLiga","Romania","2013","Arrivals","Alexandru Mitriță","https://www.transfermarkt.com/alexandru-mitrita/profil/spieler/209649","Left Winger","18","Romania","FCSB U21",NA,"Romania",NA,TRUE,"End of loan Dec 31, 2013","Winter",16,15,1,889
"FCV Farul Constanta","SuperLiga","Romania","2013","Arrivals","Alexandru Tarnovan","https://www.transfermarkt.com/alexandru-tarnovan/profil/spieler/262028","Right Winger","18","Romania","FCSB U21",NA,"Romania",NA,TRUE,"End of loan Dec 31, 2013","Winter",2,2,0,29
"FCV Farul Constanta","SuperLiga","Romania","2013","Arrivals","Cornel Suciu","https://www.transfermarkt.com/cornel-suciu/profil/spieler/337944","Centre-Back","20","Romania","FC Voluntari",NA,"Romania",NA,TRUE,"End of loan Dec 31, 2013","Winter",NA,NA,NA,NA
"FCV Farul Constanta","SuperLiga","Romania","2013","Arrivals","Florin Tănase","https://www.transfermarkt.com/florin-tanase/profil/spieler/314329","Attacking Midfield","19","Romania","FC Voluntari",NA,"Romania",NA,TRUE,"End of loan Dec 31, 2013","Winter",13,12,3,805
"FCV Farul Constanta","SuperLiga","Romania","2013","Arrivals","Vlăduţ Hînţescu","https://www.transfermarkt.com/vladut-hintescu/profil/spieler/317030","Goalkeeper","19","Romania","Fortuna PC",NA,"Romania",NA,TRUE,"End of loan Dec 31, 2013","Winter",0,0,0,0
"FCV Farul Constanta","SuperLiga","Romania","2013","Departures","Alexandru Tarnovan","https://www.transfermarkt.com/alexandru-tarnovan/profil/spieler/262028","Right Winger","18","Romania","FCSB","SuperLiga","Romania",3e+05,FALSE,NA,"Winter",2,2,0,29
"FCV Farul Constanta","SuperLiga","Romania","2013","Departures","Florin Bejan","https://www.transfermarkt.com/florin-bejan/profil/spieler/147993","Centre-Back","22","Romania","ASA Tg. Mures","Liga II - Seria II","Romania",0,FALSE,NA,"Winter",21,14,0,1103
"FCV Farul Constanta","SuperLiga","Romania","2013","Departures","Cosmin Vâtcă","https://www.transfermarkt.com/cosmin-vatca/profil/spieler/47477","Goalkeeper","31","Romania","Gaz Metan","SuperLiga","Romania",0,FALSE,NA,"Winter",3,3,0,246
"FCV Farul Constanta","SuperLiga","Romania","2013","Departures","Ionuț Șerban","https://www.transfermarkt.com/ionut-serban/profil/spieler/212764","Central Midfield","21","Romania","CS U Craiova","Liga II - Seria II","Romania",0,FALSE,NA,"Winter",15,11,0,396
"FCV Farul Constanta","SuperLiga","Romania","2013","Departures","Thiago Araújo","https://www.transfermarkt.com/thiago-araujo/profil/spieler/54412","Right-Back","25","Brazil","São Paulo-RS","Campeonato Gaúcho","Brazil",NA,FALSE,"?","Winter",14,6,0,357
"FCV Farul Constanta","SuperLiga","Romania","2013","Departures","Vlad Rusu","https://www.transfermarkt.com/vlad-rusu/profil/spieler/112944","Centre-Forward","23","Romania","Ac. Clinceni","Liga 2","Romania",NA,TRUE,"loan transfer","Winter",9,6,0,224
"FCV Farul Constanta","SuperLiga","Romania","2013","Departures","Cornel Suciu","https://www.transfermarkt.com/cornel-suciu/profil/spieler/337944","Centre-Back","20","Romania","Soimii Pancota",NA,"Romania",NA,TRUE,"loan transfer","Winter",NA,NA,NA,NA
"FCV Farul Constanta","SuperLiga","Romania","2013","Departures","Vlăduţ Hînţescu","https://www.transfermarkt.com/vladut-hintescu/profil/spieler/317030","Goalkeeper","20","Romania","Foresta Suceava","Liga 2","Romania",NA,TRUE,"loan transfer","Winter",0,0,0,0
"FCV Farul Constanta","SuperLiga","Romania","2013","Departures","Sorin Ghionea","https://www.transfermarkt.com/sorin-ghionea/profil/spieler/26496","Centre-Back","34","Romania",NA,NA,NA,NA,FALSE,"-","Winter",6,5,0,450
"FCV Farul Constanta","SuperLiga","Romania","2013","Departures","Emerson","https://www.transfermarkt.com/emerson/profil/spieler/169049","Defensive Midfield","22","Brazil","Without Club",NA,NA,NA,FALSE,"-","Winter",15,8,0,618
"FC Brasov (- 2017)",NA,NA,"2013","Arrivals","Adnan Aganovic","https://www.transfermarkt.com/adnan-aganovic/profil/spieler/50806","Central Midfield","25","Croatia","NK Istra","SuperSport HNL","Croatia",0,FALSE,NA,"Summer",29,29,2,2358
"FC Brasov (- 2017)",NA,NA,"2013","Arrivals","Andrei Cristea","https://www.transfermarkt.com/andrei-cristea/profil/spieler/26491","Centre-Forward","29","Romania","FC Dinamo","SuperLiga","Romania",0,FALSE,NA,"Summer",31,31,8,1987
"FC Brasov (- 2017)",NA,NA,"2013","Arrivals","Romeo Surdu","https://www.transfermarkt.com/romeo-surdu/profil/spieler/43378","Left Winger","29","Romania","Apol. Limassol","Cyprus League","Cyprus",0,FALSE,NA,"Summer",27,26,5,1833
"FC Brasov (- 2017)",NA,NA,"2013","Arrivals","Diogo Santos","https://www.transfermarkt.com/diogo-santos/profil/spieler/85861","Defensive Midfield","28","Portugal","Oliveirense","Liga Portugal 2","Portugal",0,FALSE,NA,"Summer",32,16,0,1155
"FC Brasov (- 2017)",NA,NA,"2013","Arrivals","Diogo Fonseca","https://www.transfermarkt.com/diogo-fonseca/profil/spieler/25509","Centre-Forward","28","Portugal","Tondela","Liga Portugal 2","Portugal",0,FALSE,NA,"Summer",27,21,1,680
"FC Brasov (- 2017)",NA,NA,"2013","Arrivals","Serginho","https://www.transfermarkt.com/serginho/profil/spieler/24943","Left-Back","27","Portugal","Santa Clara","Liga Portugal 2","Portugal",0,FALSE,NA,"Summer",35,25,1,1886
"FC Brasov (- 2017)",NA,NA,"2013","Arrivals","Valentin Bordea","https://www.transfermarkt.com/valentin-bordea/profil/spieler/213197","Goalkeeper","26","Romania","FC Olt Slatina","Liga II - Seria II","Romania",0,FALSE,NA,"Summer",17,6,0,434
"FC Brasov (- 2017)",NA,NA,"2013","Arrivals","Ovidiu Mendizov","https://www.transfermarkt.com/ovidiu-mendizov/profil/spieler/173419","Left-Back","27","Romania","Rapid G.","Divizia Nationala (-2017)","Moldova",NA,FALSE,"?","Summer",1,0,0,0
"FC Brasov (- 2017)",NA,NA,"2013","Arrivals","Cristian Manea","https://www.transfermarkt.com/cristian-manea/profil/spieler/276900","Central Midfield","18","Romania","Dinamo II",NA,"Romania",NA,TRUE,"loan transfer","Summer",4,1,0,27
"FC Brasov (- 2017)",NA,NA,"2013","Arrivals","Vlad Potecu","https://www.transfermarkt.com/vlad-potecu/profil/spieler/234247","Centre-Back","20","Romania","Tarlungeni",NA,"Romania",NA,TRUE,"End of loan Jun 30, 2013","Summer",10,0,0,0
"FC Brasov (- 2017)",NA,NA,"2013","Arrivals","Alin Damian","https://www.transfermarkt.com/alin-damian/profil/spieler/225671","Centre-Forward","19","Romania","Tarlungeni",NA,"Romania",NA,TRUE,"End of loan Jun 30, 2013","Summer",NA,NA,NA,NA
"FC Brasov (- 2017)",NA,NA,"2013","Arrivals","Alexandru Tutu","https://www.transfermarkt.com/alexandru-tutu/profil/spieler/234535","Central Midfield","19","Romania","FC Brasov-SR","Liga II - Seria II","Romania",NA,TRUE,"End of loan Jun 30, 2013","Summer",0,0,0,0
"FC Brasov (- 2017)",NA,NA,"2013","Arrivals","Florin Iacob","https://www.transfermarkt.com/florin-iacob/profil/spieler/186028","Goalkeeper","19","Romania","Tarlungeni",NA,"Romania",NA,TRUE,"End of loan Jun 30, 2013","Summer",17,15,0,1350
"FC Brasov (- 2017)",NA,NA,"2013","Arrivals","Emanuel Cretulescu","https://www.transfermarkt.com/emanuel-cretulescu/profil/spieler/186025","Right-Back","21","Romania","Tarlungeni",NA,"Romania",NA,TRUE,"End of loan Jun 30, 2013","Summer",0,0,0,0
"FC Brasov (- 2017)",NA,NA,"2013","Departures","Javier Velayos","https://www.transfermarkt.com/javier-velayos/profil/spieler/53294","Right-Back","26","Spain","CFR Cluj","SuperLiga","Romania",0,FALSE,NA,"Summer",NA,NA,NA,NA
"FC Brasov (- 2017)",NA,NA,"2013","Departures","Nuno Viveiros","https://www.transfermarkt.com/nuno-viveiros/profil/spieler/14242","Right Winger","30","Portugal","FC Vaslui","SuperLiga","Romania",0,FALSE,NA,"Summer",NA,NA,NA,NA
"FC Brasov (- 2017)",NA,NA,"2013","Departures","Cristian Munteanu","https://www.transfermarkt.com/cristian-munteanu/profil/spieler/54755","Centre-Back","32","Romania","Sageata Navodar","SuperLiga","Romania",0,FALSE,NA,"Summer",NA,NA,NA,NA
"FC Brasov (- 2017)",NA,NA,"2013","Departures","Alexandru David","https://www.transfermarkt.com/alexandru-david/profil/spieler/212904","Right-Back","22","Romania","Ac. Clinceni","Liga 2","Romania",0,FALSE,NA,"Summer",NA,NA,NA,NA
"FC Brasov (- 2017)",NA,NA,"2013","Departures","Frank Wiafe","https://www.transfermarkt.com/frank-wiafe/profil/spieler/62097","Centre-Forward","24","Netherlands","ASA Tg. Mures","Liga II - Seria II","Romania",0,FALSE,NA,"Summer",4,2,0,48
"FC Brasov (- 2017)",NA,NA,"2013","Departures","Radu Barbu","https://www.transfermarkt.com/radu-barbu/profil/spieler/73797","Centre-Back","23","Romania","Tarlungeni","Liga 2","Romania",0,FALSE,NA,"Summer",NA,NA,NA,NA
"FC Brasov (- 2017)",NA,NA,"2013","Departures","Emanuel Cretulescu","https://www.transfermarkt.com/emanuel-cretulescu/profil/spieler/186025","Right-Back","21","Romania","FC Zagon",NA,"Romania",0,FALSE,NA,"Summer",0,0,0,0
"FC Brasov (- 2017)",NA,NA,"2013","Departures","Ayhan Güclü","https://www.transfermarkt.com/ayhan-guclu/profil/spieler/85236","Centre-Forward","23","Türkiye","Saint-Quentin",NA,"France",0,FALSE,NA,"Summer",NA,NA,NA,NA
"FC Brasov (- 2017)",NA,NA,"2013","Departures","Rareș Enceanu","https://www.transfermarkt.com/rares-enceanu/profil/spieler/221811","Central Midfield","19","Romania","Tarlungeni","Liga 2","Romania",NA,TRUE,"loan transfer","Summer",9,2,0,70
"FC Brasov (- 2017)",NA,NA,"2013","Departures","Florin Iacob","https://www.transfermarkt.com/florin-iacob/profil/spieler/186028","Goalkeeper","20","Romania","Tarlungeni","Liga 2","Romania",NA,TRUE,"loan transfer","Summer",17,15,0,1350
"FC Brasov (- 2017)",NA,NA,"2013","Departures","Alexandru Tutu","https://www.transfermarkt.com/alexandru-tutu/profil/spieler/234535","Central Midfield","19","Romania","Gauss Bacau","Liga 2","Romania",NA,TRUE,"loan transfer","Summer",0,0,0,0
"FC Brasov (- 2017)",NA,NA,"2013","Departures","Florin Dumbravă","https://www.transfermarkt.com/florin-dumbrava/profil/spieler/262115","Left-Back","18","Romania","Tarlungeni","Liga 2","Romania",NA,TRUE,"loan transfer","Summer",0,0,0,0
"FC Brasov (- 2017)",NA,NA,"2013","Departures","Alin Babei","https://www.transfermarkt.com/alin-babei/profil/spieler/604058","Right Winger","15","Romania","FC Brasov-SR","SuperLiga","Romania",NA,TRUE,"loan transfer","Summer",NA,NA,NA,NA
"FC Brasov (- 2017)",NA,NA,"2013","Departures","Paul Batin","https://www.transfermarkt.com/paul-batin/profil/spieler/121151","Centre-Forward","26","Romania","CFR Cluj","SuperLiga","Romania",NA,TRUE,"End of loan Jun 30, 2013","Summer",NA,NA,NA,NA
"FC Brasov (- 2017)",NA,NA,"2013","Arrivals","Ștefan Grigorie","https://www.transfermarkt.com/stefan-grigorie/profil/spieler/26037","Attacking Midfield","31","Romania","Apol. Limassol","Cyprus League","Cyprus",0,FALSE,NA,"Winter",11,11,3,928
"FC Brasov (- 2017)",NA,NA,"2013","Arrivals","Alexandru Ciocâlteu","https://www.transfermarkt.com/alexandru-ciocalteu/profil/spieler/241232","Left Winger","23","Romania","Dacia U. Braila","Liga 2","Romania",0,FALSE,NA,"Winter",5,1,0,5
"FC Brasov (- 2017)",NA,NA,"2013","Arrivals","Mislav Leko","https://www.transfermarkt.com/mislav-leko/profil/spieler/40643","Centre-Back","26","Croatia","NK Osijek","SuperSport HNL","Croatia",0,FALSE,NA,"Winter",11,10,0,686
"FC Brasov (- 2017)",NA,NA,"2013","Arrivals","Gabriel Frincu","https://www.transfermarkt.com/gabriel-frincu/profil/spieler/317495","Centre-Back","26","Romania","FC Zagon",NA,"Romania",0,FALSE,NA,"Winter",0,0,0,0
"FC Brasov (- 2017)",NA,NA,"2013","Arrivals","János Székely","https://www.transfermarkt.com/janos-szekely/profil/spieler/48195","Attacking Midfield","30","Romania","Without Club",NA,NA,NA,FALSE,"-","Winter",8,8,0,403
"FC Brasov (- 2017)",NA,NA,"2013","Arrivals","Marius Constantin","https://www.transfermarkt.com/marius-constantin/profil/spieler/34503","Centre-Back","29","Romania","Without Club",NA,NA,NA,FALSE,"-","Winter",6,5,0,370
"FC Brasov (- 2017)",NA,NA,"2013","Arrivals","Rareș Enceanu","https://www.transfermarkt.com/rares-enceanu/profil/spieler/221811","Central Midfield","19","Romania","Tarlungeni","Liga 2","Romania",NA,TRUE,"End of loan Dec 31, 2013","Winter",9,2,0,70
"FC Brasov (- 2017)",NA,NA,"2013","Departures","Sergiu Oltean","https://www.transfermarkt.com/sergiu-oltean/profil/spieler/208678","Centre-Back","26","Romania","FC Botosani","SuperLiga","Romania",0,FALSE,NA,"Winter",15,12,0,1080
"FC Brasov (- 2017)",NA,NA,"2013","Departures","Daniel Tătar","https://www.transfermarkt.com/daniel-tatar/profil/spieler/168288","Left-Back","26","Romania","Ac. Clinceni","Liga 2","Romania",0,FALSE,NA,"Winter",17,13,0,766
"FC Brasov (- 2017)",NA,NA,"2013","Departures","Frank Wiafe","https://www.transfermarkt.com/frank-wiafe/profil/spieler/62097","Centre-Forward","24","Netherlands","ASA Tg. Mures","Liga II - Seria II","Romania",0,FALSE,NA,"Winter",4,2,0,48
"FC Brasov (- 2017)",NA,NA,"2013","Departures","Ovidiu Mendizov","https://www.transfermarkt.com/ovidiu-mendizov/profil/spieler/173419","Left-Back","27","Romania","FC Brasov-SR","SuperLiga","Romania",0,FALSE,NA,"Winter",1,0,0,0
"FC Brasov (- 2017)",NA,NA,"2013","Departures","Alin Damian","https://www.transfermarkt.com/alin-damian/profil/spieler/225671","Centre-Forward","19","Romania","Păpăuţi",NA,"Romania",NA,TRUE,"loan transfer","Winter",NA,NA,NA,NA
"FC Brasov (- 2017)",NA,NA,"2013","Departures","Gabriel Frincu","https://www.transfermarkt.com/gabriel-frincu/profil/spieler/317495","Centre-Back","26","Romania","Tarlungeni","Liga 2","Romania",NA,TRUE,"loan transfer","Winter",0,0,0,0
"Concordia Chiajna","Liga 2","Romania","2013","Arrivals","Neluț Roșu","https://www.transfermarkt.com/nelut-rosu/profil/spieler/241310","Central Midfield","19","Romania","Luceafarul",NA,"Romania",10000,FALSE,NA,"Summer",30,30,7,2232
"Concordia Chiajna","Liga 2","Romania","2013","Arrivals","Manolis Papasterianos","https://www.transfermarkt.com/manolis-papasterianos/profil/spieler/44629","Defensive Midfield","26","Greece","Aris Saloniki","Super League 1","Greece",0,FALSE,NA,"Summer",16,16,1,1372
"Concordia Chiajna","Liga 2","Romania","2013","Arrivals","Valentin Crețu","https://www.transfermarkt.com/valentin-cretu/profil/spieler/79507","Right-Back","24","Romania","Sageata Navodar","SuperLiga","Romania",0,FALSE,NA,"Summer",21,17,1,1273
"Concordia Chiajna","Liga 2","Romania","2013","Arrivals","Cristian Melinte","https://www.transfermarkt.com/cristian-melinte/profil/spieler/63461","Centre-Back","25","Romania","Palermo","Serie B","Italy",0,FALSE,NA,"Summer",27,27,0,2404
"Concordia Chiajna","Liga 2","Romania","2013","Arrivals","Victor Rîmniceanu","https://www.transfermarkt.com/victor-rimniceanu/profil/spieler/213699","Goalkeeper","23","Romania","Dinamo II",NA,"Romania",0,FALSE,NA,"Summer",35,32,0,2880
"Concordia Chiajna","Liga 2","Romania","2013","Arrivals","Claudiu Ionescu","https://www.transfermarkt.com/claudiu-ionescu/profil/spieler/54770","Attacking Midfield","30","Romania","Foolad","Persian Gulf Pro League","Iran",0,FALSE,NA,"Summer",4,1,0,19
"Concordia Chiajna","Liga 2","Romania","2013","Arrivals","Alin Zaharia","https://www.transfermarkt.com/alin-zaharia/profil/spieler/278768","Centre-Forward","26","Romania","CS Afumati",NA,"Romania",0,FALSE,NA,"Summer",19,15,2,730
"Concordia Chiajna","Liga 2","Romania","2013","Arrivals","Daniel Florea","https://www.transfermarkt.com/daniel-florea/profil/spieler/46543","Centre-Forward","25","Romania","Delta Tulcea",NA,"Romania",NA,FALSE,"?","Summer",28,18,1,863
"Concordia Chiajna","Liga 2","Romania","2013","Arrivals","Orlando da Costa","https://www.transfermarkt.com/orlando-da-costa/profil/spieler/243658","Centre-Forward","27","Brazil","KACM Marrakech","Botola Pro Inwi","Morocco",NA,FALSE,"?","Summer",10,6,1,135
"Concordia Chiajna","Liga 2","Romania","2013","Arrivals","Sorin Stratila","https://www.transfermarkt.com/sorin-stratila/profil/spieler/123319","Right Midfield","26","Romania","FC Dinamo","SuperLiga","Romania",NA,TRUE,"loan transfer","Summer",29,18,0,553
"Concordia Chiajna","Liga 2","Romania","2013","Arrivals","Liviu Ganea","https://www.transfermarkt.com/liviu-ganea/profil/spieler/45267","Centre-Forward","25","Romania","CFR Cluj","SuperLiga","Romania",NA,TRUE,"loan transfer","Summer",20,11,0,174
"Concordia Chiajna","Liga 2","Romania","2013","Arrivals","Marius Ioniță","https://www.transfermarkt.com/marius-ionita/profil/spieler/177633","Centre-Back","22","Romania","Dinamo II",NA,"Romania",NA,TRUE,"loan transfer","Summer",18,6,0,293
"Concordia Chiajna","Liga 2","Romania","2013","Arrivals","Gomo Onduku","https://www.transfermarkt.com/gomo-onduku/profil/spieler/184952","Left Winger","19","Nigeria","Bayelsa","NPFL","Nigeria",NA,TRUE,"loan transfer","Summer",31,31,3,2188
"Concordia Chiajna","Liga 2","Romania","2013","Arrivals","Nicolae Mitea","https://www.transfermarkt.com/nicolae-mitea/profil/spieler/7433","Left Winger","28","Romania","Without Club",NA,NA,NA,FALSE,"-","Summer",NA,NA,NA,NA
"Concordia Chiajna","Liga 2","Romania","2013","Arrivals","Valentin Dima","https://www.transfermarkt.com/valentin-dima/profil/spieler/200468","Right-Back","24","Romania","Without Club",NA,NA,NA,FALSE,"-","Summer",23,20,0,1698
"Concordia Chiajna","Liga 2","Romania","2013","Departures","Florin Niță","https://www.transfermarkt.com/florin-nita/profil/spieler/200475","Goalkeeper","25","Romania","FCSB","SuperLiga","Romania",0,FALSE,NA,"Summer",NA,NA,NA,NA
"Concordia Chiajna","Liga 2","Romania","2013","Departures","Claudiu Belu","https://www.transfermarkt.com/claudiu-belu/profil/spieler/208716","Right-Back","19","Romania","ACS Poli","SuperLiga","Romania",0,FALSE,NA,"Summer",NA,NA,NA,NA
"Concordia Chiajna","Liga 2","Romania","2013","Departures","Daniel Novac","https://www.transfermarkt.com/daniel-novac/profil/spieler/156372","Central Midfield","25","Romania","ACSM Poli Iasi","Liga 2","Romania",0,FALSE,NA,"Summer",NA,NA,NA,NA
"Concordia Chiajna","Liga 2","Romania","2013","Departures","Egzon Belica","https://www.transfermarkt.com/egzon-belica/profil/spieler/99044","Centre-Back","22","North Macedonia","Shkendija","Prva liga","North Macedonia",0,FALSE,NA,"Summer",NA,NA,NA,NA
"Concordia Chiajna","Liga 2","Romania","2013","Departures","Alexandru Popovici","https://www.transfermarkt.com/alexandru-popovici/profil/spieler/69564","Right Winger","24","Romania","ACS Poli","SuperLiga","Romania",0,FALSE,NA,"Summer",NA,NA,NA,NA
"Concordia Chiajna","Liga 2","Romania","2013","Departures","Florin Ilie","https://www.transfermarkt.com/florin-ilie/profil/spieler/192866","Centre-Back","21","Romania","FC Brasov-SR","SuperLiga","Romania",0,FALSE,NA,"Summer",NA,NA,NA,NA
"Concordia Chiajna","Liga 2","Romania","2013","Departures","Daniel Stan","https://www.transfermarkt.com/daniel-stan/profil/spieler/181245","Central Midfield","21","Romania","Ekranas","A Lyga","Lithuania",0,FALSE,NA,"Summer",NA,NA,NA,NA
"Concordia Chiajna","Liga 2","Romania","2013","Departures","Andrei Stan","https://www.transfermarkt.com/andrei-stan/profil/spieler/272614","Defensive Midfield","17","Romania","RW Essen U19","U19-Bundesliga West","Germany",0,FALSE,NA,"Summer",NA,NA,NA,NA
"Concordia Chiajna","Liga 2","Romania","2013","Departures","Alexandru Mărgărit","https://www.transfermarkt.com/alexandru-margarit/profil/spieler/241568","Right Winger","19","Romania","Gloria Cornesti",NA,"Romania",0,FALSE,NA,"Summer",NA,NA,NA,NA
"Concordia Chiajna","Liga 2","Romania","2013","Departures","Sorin Paraschiv","https://www.transfermarkt.com/sorin-paraschiv/profil/spieler/26503","Defensive Midfield","32","Romania","Juventus Bascov",NA,"Romania",0,FALSE,NA,"Summer",NA,NA,NA,NA
"Concordia Chiajna","Liga 2","Romania","2013","Departures","Irinel Dumitru","https://www.transfermarkt.com/irinel-dumitru/profil/spieler/324756","Centre-Forward","20","Romania","Stefanesti",NA,"Romania",0,FALSE,NA,"Summer",NA,NA,NA,NA
"Concordia Chiajna","Liga 2","Romania","2013","Departures","Sorin Ghionea","https://www.transfermarkt.com/sorin-ghionea/profil/spieler/26496","Centre-Back","34","Romania","FCV Farul","SuperLiga","Romania",NA,FALSE,"?","Summer",NA,NA,NA,NA
"Concordia Chiajna","Liga 2","Romania","2013","Departures","Andrei Damian","https://www.transfermarkt.com/andrei-damian/profil/spieler/241047","Left-Back","20","Romania","Fortuna PC",NA,"Romania",NA,TRUE,"loan transfer","Summer",0,0,0,0
"Concordia Chiajna","Liga 2","Romania","2013","Departures","Neluț Roșu","https://www.transfermarkt.com/nelut-rosu/profil/spieler/241310","Central Midfield","19","Romania","Luceafarul",NA,"Romania",NA,TRUE,"End of loan Jun 30, 2013","Summer",30,30,7,2232
"Concordia Chiajna","Liga 2","Romania","2013","Departures","Nicolae Zuluf","https://www.transfermarkt.com/nicolae-zuluf/profil/spieler/157031","Left Midfield","25","Romania","CS Afumati",NA,"Romania",0,FALSE,NA,"Winter",NA,NA,NA,NA
"Concordia Chiajna","Liga 2","Romania","2013","Departures","Claudiu Ionescu","https://www.transfermarkt.com/claudiu-ionescu/profil/spieler/54770","Attacking Midfield","30","Romania","Dacia U. Braila","Liga 2","Romania",0,FALSE,NA,"Winter",4,1,0,19
"Concordia Chiajna","Liga 2","Romania","2013","Departures","Gabriel Iancu","https://www.transfermarkt.com/gabriel-iancu/profil/spieler/1012941","Goalkeeper","22","Romania","Inter Clinceni",NA,"Romania",0,FALSE,NA,"Winter",3,0,0,0
"Concordia Chiajna","Liga 2","Romania","2013","Departures","Silviu Pană","https://www.transfermarkt.com/silviu-pana/profil/spieler/199686","Central Midfield","22","Romania","Sageata Navodar","SuperLiga","Romania",NA,TRUE,"loan transfer","Winter",0,0,0,0
"Concordia Chiajna","Liga 2","Romania","2013","Departures","Radu Ciupitu","https://www.transfermarkt.com/radu-ciupitu/profil/spieler/241133","Midfielder","24","Romania","Cernica",NA,"Romania",NA,TRUE,"loan transfer","Winter",0,0,0,0
"Concordia Chiajna","Liga 2","Romania","2013","Departures","Nicolae Mitea","https://www.transfermarkt.com/nicolae-mitea/profil/spieler/7433","Left Winger","28","Romania",NA,NA,NA,NA,FALSE,"-","Winter",NA,NA,NA,NA
"FC Universitatea Cluj","SuperLiga","Romania","2013","Arrivals","Valentin Lemnaru","https://www.transfermarkt.com/valentin-lemnaru/profil/spieler/48690","Centre-Forward","29","Romania","Pandurii ","SuperLiga","Romania",0,FALSE,NA,"Summer",29,29,13,2239
"FC Universitatea Cluj","SuperLiga","Romania","2013","Arrivals","Ionuț Neag","https://www.transfermarkt.com/ionut-neag/profil/spieler/186736","Centre-Back","19","Romania","Petrolul","SuperLiga","Romania",0,FALSE,NA,"Summer",21,11,0,901
"FC Universitatea Cluj","SuperLiga","Romania","2013","Arrivals","Octavian Abrudan","https://www.transfermarkt.com/octavian-abrudan/profil/spieler/46485","Centre-Back","29","Romania","FC Rapid 1923","Liga 2","Romania",0,FALSE,NA,"Summer",27,26,2,2340
"FC Universitatea Cluj","SuperLiga","Romania","2013","Arrivals","Emilian Dolha","https://www.transfermarkt.com/emilian-dolha/profil/spieler/35430","Goalkeeper","33","Romania","Gloria Bistrita","Liga II - Seria II","Romania",0,FALSE,NA,"Summer",12,5,0,450
"FC Universitatea Cluj","SuperLiga","Romania","2013","Arrivals","Andrei Lungu","https://www.transfermarkt.com/andrei-lungu/profil/spieler/167088","Central Midfield","24","Romania","Sportul S.",NA,"Romania",0,FALSE,NA,"Summer",24,21,1,1347
"FC Universitatea Cluj","SuperLiga","Romania","2013","Arrivals","Robert Veselovsky","https://www.transfermarkt.com/robert-veselovsky/profil/spieler/38397","Goalkeeper","28","Slovakia","AC Horsens","1.Division","Denmark",0,FALSE,NA,"Summer",27,24,0,2160
"FC Universitatea Cluj","SuperLiga","Romania","2013","Arrivals","Habib Baldé","https://www.transfermarkt.com/habib-balde/profil/spieler/57351","Centre-Back","28","Guinea","Nîmes Olympique","Ligue 2","France",0,FALSE,NA,"Summer",12,10,0,558
"FC Universitatea Cluj","SuperLiga","Romania","2013","Arrivals","Ionut Tarnacop","https://www.transfermarkt.com/ionut-tarnacop/profil/spieler/163704","Right Midfield","26","Romania","Bihor Oradea","Liga II - Seria II","Romania",0,FALSE,NA,"Summer",28,28,1,2242
"FC Universitatea Cluj","SuperLiga","Romania","2013","Arrivals","Marius Ene","https://www.transfermarkt.com/marius-ene/profil/spieler/64272","Centre-Forward","31","Romania","FC Brasov-SR","SuperLiga","Romania",0,FALSE,NA,"Summer",13,7,0,170
"FC Universitatea Cluj","SuperLiga","Romania","2013","Arrivals","Emil Rilke","https://www.transfermarkt.com/emil-rilke/profil/spieler/21110","Right Midfield","29","Czech Republic","Hansa Rostock","3. Liga","Germany",0,FALSE,NA,"Summer",11,11,0,776
"FC Universitatea Cluj","SuperLiga","Romania","2013","Arrivals","Vasilica Cristocea","https://www.transfermarkt.com/vasilica-cristocea/profil/spieler/38295","Left Winger","32","Romania","FCV Farul","SuperLiga","Romania",0,FALSE,NA,"Summer",30,30,1,2207
"FC Universitatea Cluj","SuperLiga","Romania","2013","Arrivals","Stuart van Doten","https://www.transfermarkt.com/stuart-van-doten/profil/spieler/278171","Left-Back","23","Netherlands","Etar",NA,"Bulgaria",0,FALSE,NA,"Summer",5,4,0,360
"FC Universitatea Cluj","SuperLiga","Romania","2013","Arrivals","Roy Odiaka","https://www.transfermarkt.com/roy-odiaka/profil/spieler/244983","Centre-Forward","21","France","Walton & Hersh.",NA,"England",NA,FALSE,"?","Summer",5,4,0,112
"FC Universitatea Cluj","SuperLiga","Romania","2013","Arrivals","Dan Sandulescu","https://www.transfermarkt.com/dan-sandulescu/profil/spieler/197686","Central Midfield","28","Romania","Without Club",NA,NA,NA,FALSE,"-","Summer",5,2,0,42
"FC Universitatea Cluj","SuperLiga","Romania","2013","Arrivals","Cornel Prescura","https://www.transfermarkt.com/cornel-prescura/profil/spieler/284632","Left-Back","18","Romania","U Cluj U18",NA,"Romania",NA,FALSE,"-","Summer",6,1,0,90
"FC Universitatea Cluj","SuperLiga","Romania","2013","Arrivals","Rares Cucui","https://www.transfermarkt.com/rares-cucui/profil/spieler/186026","Centre-Back","19","Romania","Sportul Snagov","Liga II - Seria II","Romania",NA,TRUE,"End of loan Jun 30, 2013","Summer",NA,NA,NA,NA
"FC Universitatea Cluj","SuperLiga","Romania","2013","Departures","Alessandro Venezia","https://www.transfermarkt.com/alessandro-venezia/profil/spieler/286193","Defensive Midfield","24","Italy","Alashkert FC","Premier League","Armenia",150000,FALSE,NA,"Summer",NA,NA,NA,NA
"FC Universitatea Cluj","SuperLiga","Romania","2013","Departures","Anthony Nwakaeme","https://www.transfermarkt.com/anthony-nwakaeme/profil/spieler/175988","Left Winger","24","Nigeria","Hapoel Raanana","Ligat ha'Al","Israel",0,FALSE,NA,"Summer",NA,NA,NA,NA
"FC Universitatea Cluj","SuperLiga","Romania","2013","Departures","Apostol Muzac","https://www.transfermarkt.com/apostol-muzac/profil/spieler/48655","Centre-Forward","25","Romania","Sageata Navodar","SuperLiga","Romania",0,FALSE,NA,"Summer",NA,NA,NA,NA
"FC Universitatea Cluj","SuperLiga","Romania","2013","Departures","Viorel Dinu","https://www.transfermarkt.com/viorel-dinu/profil/spieler/213710","Centre-Forward","33","Romania","Sageata Navodar","SuperLiga","Romania",0,FALSE,NA,"Summer",NA,NA,NA,NA
"FC Universitatea Cluj","SuperLiga","Romania","2013","Departures","Florin Hidisan","https://www.transfermarkt.com/florin-hidisan/profil/spieler/48850","Right Midfield","31","Romania","Unknown",NA,NA,0,FALSE,NA,"Summer",NA,NA,NA,NA
"FC Universitatea Cluj","SuperLiga","Romania","2013","Departures","Vasile Gheorghe","https://www.transfermarkt.com/vasile-gheorghe/profil/spieler/123316","Central Midfield","27","Romania","FC U Craiova","Liga II - Seria II","Romania",0,FALSE,NA,"Summer",NA,NA,NA,NA
"FC Universitatea Cluj","SuperLiga","Romania","2013","Departures","Eduard Nicola","https://www.transfermarkt.com/eduard-nicola/profil/spieler/157023","Left-Back","30","Romania","ACS Poli","SuperLiga","Romania",0,FALSE,NA,"Summer",NA,NA,NA,NA
"FC Universitatea Cluj","SuperLiga","Romania","2013","Departures","Dan Sandulescu","https://www.transfermarkt.com/dan-sandulescu/profil/spieler/197686","Central Midfield","28","Romania","FC Rapid 1923","Liga 2","Romania",0,FALSE,NA,"Summer",5,2,0,42
"FC Universitatea Cluj","SuperLiga","Romania","2013","Departures","Catalin Samoila","https://www.transfermarkt.com/catalin-samoila/profil/spieler/64075","Goalkeeper","23","Romania","Dinamo II",NA,"Romania",0,FALSE,NA,"Summer",NA,NA,NA,NA
"FC Universitatea Cluj","SuperLiga","Romania","2013","Departures","Dinu Moldovan","https://www.transfermarkt.com/dinu-moldovan/profil/spieler/129501","Goalkeeper","23","Romania","Ponferradina","LaLiga2","Spain",0,FALSE,NA,"Summer",NA,NA,NA,NA
"FC Universitatea Cluj","SuperLiga","Romania","2013","Departures","Rares Cucui","https://www.transfermarkt.com/rares-cucui/profil/spieler/186026","Centre-Back","19","Romania","Rm. Valcea","Liga II - Seria II","Romania",0,FALSE,NA,"Summer",NA,NA,NA,NA
"FC Universitatea Cluj","SuperLiga","Romania","2013","Departures","Paul Tene","https://www.transfermarkt.com/paul-tene/profil/spieler/179660","Left Midfield","22","Romania","Unirea Jucu",NA,"Romania",0,FALSE,NA,"Summer",NA,NA,NA,NA
"FC Universitatea Cluj","SuperLiga","Romania","2013","Departures","Razvan Moldovan","https://www.transfermarkt.com/razvan-moldovan/profil/spieler/291488","Attacking Midfield","20","Romania","ACS Poli","SuperLiga","Romania",0,FALSE,NA,"Summer",NA,NA,NA,NA
"FC Universitatea Cluj","SuperLiga","Romania","2013","Departures","Bogdan Apostu","https://www.transfermarkt.com/bogdan-apostu/profil/spieler/48812","Centre-Forward","31","Romania","UTA Arad","Liga II - Seria II","Romania",NA,FALSE,"?","Summer",NA,NA,NA,NA
"FC Universitatea Cluj","SuperLiga","Romania","2013","Departures","Ionuț Boșneag","https://www.transfermarkt.com/ionut-bosneag/profil/spieler/46509","Goalkeeper","31","Romania","Otelul Galati","SuperLiga","Romania",NA,FALSE,"?","Summer",NA,NA,NA,NA
"FC Universitatea Cluj","SuperLiga","Romania","2013","Departures","Razvan Zainescu","https://www.transfermarkt.com/razvan-zainescu/profil/spieler/298361","Striker","23","Romania","Gloria Buzau","Liga 2","Romania",NA,FALSE,"?","Summer",NA,NA,NA,NA
"FC Universitatea Cluj","SuperLiga","Romania","2013","Departures","János Székely","https://www.transfermarkt.com/janos-szekely/profil/spieler/48195","Attacking Midfield","30","Romania","Without Club",NA,NA,NA,FALSE,"-","Summer",NA,NA,NA,NA
"FC Universitatea Cluj","SuperLiga","Romania","2013","Departures","Lucian Turcu","https://www.transfermarkt.com/lucian-turcu/profil/spieler/54497","Left-Back","26","Romania","Without Club",NA,NA,NA,FALSE,"-","Summer",5,5,0,156
"FC Universitatea Cluj","SuperLiga","Romania","2013","Departures","Stuart van Doten","https://www.transfermarkt.com/stuart-van-doten/profil/spieler/278171","Left-Back","23","Netherlands","Without Club",NA,NA,NA,FALSE,"-","Summer",5,4,0,360
"FC Universitatea Cluj","SuperLiga","Romania","2013","Departures","Cristian Muresan","https://www.transfermarkt.com/cristian-muresan/profil/spieler/251378","Midfielder","20","Romania","Without Club",NA,NA,NA,FALSE,"-","Summer",NA,NA,NA,NA
"FC Universitatea Cluj","SuperLiga","Romania","2013","Departures","Roy Odiaka","https://www.transfermarkt.com/roy-odiaka/profil/spieler/244983","Centre-Forward","21","France",NA,NA,NA,NA,FALSE,"-","Summer",5,4,0,112
"FC Universitatea Cluj","SuperLiga","Romania","2013","Departures","Alin Buleică","https://www.transfermarkt.com/alin-buleica/profil/spieler/147286","Right-Back","21","Romania","Pandurii ","SuperLiga","Romania",NA,TRUE,"End of loan Jun 30, 2013","Summer",NA,NA,NA,NA
"FC Universitatea Cluj","SuperLiga","Romania","2013","Departures","Adrian Popa","https://www.transfermarkt.com/adrian-popa/profil/spieler/214091","Centre-Back","23","Romania","FC Dinamo","SuperLiga","Romania",NA,TRUE,"End of loan Sep 8, 2013","Summer",5,5,0,363
"FC Universitatea Cluj","SuperLiga","Romania","2013","Arrivals","Marius Martac","https://www.transfermarkt.com/marius-martac/profil/spieler/241296","Right-Back","22","Romania","Unknown",NA,NA,0,FALSE,NA,"Winter",4,2,0,118
"FC Universitatea Cluj","SuperLiga","Romania","2013","Arrivals","Ronald Gercaliu","https://www.transfermarkt.com/ronald-gercaliu/profil/spieler/15308","Centre-Back","27","Austria","Erzgebirge Aue","2. Bundesliga","Germany",0,FALSE,NA,"Winter",12,8,0,604
"FC Universitatea Cluj","SuperLiga","Romania","2013","Arrivals","Gabriel Machado","https://www.transfermarkt.com/gabriel-machado/profil/spieler/55487","Centre-Forward","24","Brazil","Syrianska FC","Superettan","Sweden",0,FALSE,NA,"Winter",13,13,0,341
"FC Universitatea Cluj","SuperLiga","Romania","2013","Arrivals","Robert Boboc","https://www.transfermarkt.com/robert-boboc/profil/spieler/244542","Defensive Midfield","18","Romania","FC D. Coman",NA,"Romania",0,FALSE,NA,"Winter",2,1,0,10
"FC Universitatea Cluj","SuperLiga","Romania","2013","Arrivals","Rodrigo Menezes","https://www.transfermarkt.com/rodrigo-menezes/profil/spieler/312162","Central Midfield","25","Brazil","Sobradinho",NA,"Brazil",0,FALSE,NA,"Winter",5,2,0,26
"FC Universitatea Cluj","SuperLiga","Romania","2013","Arrivals","Ionut Rada","https://www.transfermarkt.com/ionut-rada/profil/spieler/180870","Centre-Back","23","Romania","Pandurii ","SuperLiga","Romania",NA,TRUE,"loan transfer","Winter",5,0,0,0
"FC Universitatea Cluj","SuperLiga","Romania","2013","Arrivals","Marian Popescu","https://www.transfermarkt.com/marian-popescu/profil/spieler/244659","Defensive Midfield","18","Romania","FC D. Coman",NA,"Romania",NA,TRUE,"loan transfer","Winter",NA,NA,NA,NA
"FC Universitatea Cluj","SuperLiga","Romania","2013","Arrivals","Florent Sauvadet","https://www.transfermarkt.com/florent-sauvadet/profil/spieler/154300","Second Striker","25","France","Without Club",NA,NA,NA,FALSE,"-","Winter",6,6,0,188
"FC Universitatea Cluj","SuperLiga","Romania","2013","Arrivals","Maximilian Nicu","https://www.transfermarkt.com/maximilian-nicu/profil/spieler/2345","Centre-Back","31","Romania","Without Club",NA,NA,NA,FALSE,"-","Winter",11,8,2,518
"FC Universitatea Cluj","SuperLiga","Romania","2013","Arrivals","Karim Boutadjine","https://www.transfermarkt.com/karim-boutadjine/profil/spieler/111525","Centre-Forward","24","France","Without Club",NA,NA,NA,FALSE,"-","Winter",15,15,1,1302
"FC Universitatea Cluj","SuperLiga","Romania","2013","Departures","Emil Rilke","https://www.transfermarkt.com/emil-rilke/profil/spieler/21110","Right Midfield","30","Czech Republic","Viagem Usti n/L","ChNL","Czech Republic",0,FALSE,NA,"Winter",11,11,0,776
"FC Universitatea Cluj","SuperLiga","Romania","2013","Departures","Cătălin Dedu","https://www.transfermarkt.com/catalin-dedu/profil/spieler/64145","Centre-Forward","26","Romania","FC Brasov-SR","SuperLiga","Romania",0,FALSE,NA,"Winter",11,10,0,555
"FC Universitatea Cluj","SuperLiga","Romania","2013","Departures","Octavian Ursu","https://www.transfermarkt.com/octavian-ursu/profil/spieler/286549","Right Winger","19","Romania","Unirea Slobozia","Liga 2","Romania",NA,TRUE,"loan transfer","Winter",10,3,1,141
"FC Universitatea Cluj","SuperLiga","Romania","2013","Departures","Florin Cordos","https://www.transfermarkt.com/florin-cordos/profil/spieler/291238","Centre-Back","19","Romania","Sticla A. Turda",NA,"Romania",NA,TRUE,"loan transfer","Winter",2,1,0,90
"FC Universitatea Cluj","SuperLiga","Romania","2013","Departures","Gaston Mendy","https://www.transfermarkt.com/gaston-mendy/profil/spieler/35659","Left-Back","28","Senegal","Without Club",NA,NA,NA,FALSE,"-","Winter",12,12,0,872
"FC Universitatea Cluj","SuperLiga","Romania","2013","Departures","Cornel Prescura","https://www.transfermarkt.com/cornel-prescura/profil/spieler/284632","Left-Back","18","Romania","U Cluj II",NA,"Romania",NA,FALSE,"-","Winter",6,1,0,90
"FC Universitatea Cluj","SuperLiga","Romania","2013","Departures","Habib Baldé","https://www.transfermarkt.com/habib-balde/profil/spieler/57351","Centre-Back","28","Guinea",NA,NA,NA,NA,FALSE,"-","Winter",12,10,0,558
"FC Universitatea Cluj","SuperLiga","Romania","2013","Departures","Lucian Baciu","https://www.transfermarkt.com/lucian-baciu/profil/spieler/244531","Striker","19","Romania","U Cluj II",NA,"Romania",NA,FALSE,"-","Winter",NA,NA,NA,NA
"FC Botosani","SuperLiga","Romania","2013","Arrivals","Sebastian Ghinga","https://www.transfermarkt.com/sebastian-ghinga/profil/spieler/64166","Centre-Back","26","Romania","Sportul S.",NA,"Romania",0,FALSE,NA,"Summer",28,18,0,649
"FC Botosani","SuperLiga","Romania","2013","Arrivals","Dorian Perianu","https://www.transfermarkt.com/dorian-perianu/profil/spieler/212761","Goalkeeper","30","Romania","Chindia",NA,"Romania",0,FALSE,NA,"Summer",26,4,0,390
"FC Botosani","SuperLiga","Romania","2013","Arrivals","Răzvan Radu","https://www.transfermarkt.com/razvan-radu/profil/spieler/208818","Right Winger","28","Romania","Gloria Bistrita","Liga II - Seria II","Romania",0,FALSE,NA,"Summer",11,8,0,220
"FC Botosani","SuperLiga","Romania","2013","Arrivals","Marian Tanasa","https://www.transfermarkt.com/marian-tanasa/profil/spieler/64082","Centre-Forward","27","Romania","FCM Baia Mare",NA,"Romania",0,FALSE,NA,"Summer",8,6,0,150
"FC Botosani","SuperLiga","Romania","2013","Arrivals","Dudu Drugă","https://www.transfermarkt.com/dudu-druga/profil/spieler/218298","Left-Back","23","Romania","Ceahlaul","SuperLiga","Romania",0,FALSE,NA,"Summer",5,2,0,177
"FC Botosani","SuperLiga","Romania","2013","Arrivals","Ionut Plamada","https://www.transfermarkt.com/ionut-plamada/profil/spieler/241575","Left Winger","23","Romania","Foresta Suceava","Liga 2","Romania",0,FALSE,NA,"Summer",1,0,0,0
"FC Botosani","SuperLiga","Romania","2013","Arrivals","Claudiu Codoban","https://www.transfermarkt.com/claudiu-codoban/profil/spieler/64523","Attacking Midfield","25","Romania","Ac. Clinceni","Liga 2","Romania",0,FALSE,NA,"Summer",33,29,3,1519
"FC Botosani","SuperLiga","Romania","2013","Arrivals","Romeo Muadi-Ngonge","https://www.transfermarkt.com/romeo-muadi-ngonge/profil/spieler/192509","Left Midfield","20","DR Congo","Unknown",NA,NA,0,FALSE,NA,"Summer",1,1,0,13
"FC Botosani","SuperLiga","Romania","2013","Arrivals","Florin Plămadă","https://www.transfermarkt.com/florin-plamada/profil/spieler/241574","Centre-Back","21","Romania","Foresta Suceava","Liga 2","Romania",NA,FALSE,"?","Summer",2,0,0,0
"FC Botosani","SuperLiga","Romania","2013","Arrivals","Răzvan Tincu","https://www.transfermarkt.com/razvan-tincu/profil/spieler/48685","Centre-Back","25","Romania","ACSM Poli Iasi","SuperLiga","Romania",NA,TRUE,"End of loan Jun 30, 2013","Summer",34,30,1,2353
"FC Botosani","SuperLiga","Romania","2013","Arrivals","Tudor Homneac","https://www.transfermarkt.com/tudor-homneac/profil/spieler/177632","Centre-Forward","26","Romania","Foresta Suceava","Liga 2","Romania",NA,TRUE,"End of loan Jun 30, 2013","Summer",NA,NA,NA,NA
"FC Botosani","SuperLiga","Romania","2013","Departures","Sergiu Dani","https://www.transfermarkt.com/sergiu-dani/profil/spieler/185710","Goalkeeper","20","Romania","ACSM Poli Iasi","Liga 2","Romania",0,FALSE,NA,"Summer",NA,NA,NA,NA
"FC Botosani","SuperLiga","Romania","2013","Departures","Gabriel Boghian","https://www.transfermarkt.com/gabriel-boghian/profil/spieler/64023","Centre-Forward","24","Romania","Aerostar",NA,"Romania",0,FALSE,NA,"Summer",NA,NA,NA,NA
"FC Botosani","SuperLiga","Romania","2013","Departures","Paul Păcurar","https://www.transfermarkt.com/paul-pacurar/profil/spieler/242120","Attacking Midfield","22","Romania","Soimii Pancota",NA,"Romania",0,FALSE,NA,"Summer",NA,NA,NA,NA
"FC Botosani","SuperLiga","Romania","2013","Departures","Andrei Lozneanu","https://www.transfermarkt.com/andrei-lozneanu/profil/spieler/213718","Centre-Back","22","Romania","Gauss Bacau","Liga 2","Romania",0,FALSE,NA,"Summer",0,0,0,0
"FC Botosani","SuperLiga","Romania","2013","Departures","Tudor Homneac","https://www.transfermarkt.com/tudor-homneac/profil/spieler/177632","Centre-Forward","26","Romania","FCM Dorohoi",NA,"Romania",NA,FALSE,"?","Summer",NA,NA,NA,NA
"FC Botosani","SuperLiga","Romania","2013","Departures","Ionut Plamada","https://www.transfermarkt.com/ionut-plamada/profil/spieler/241575","Left Winger","23","Romania","Foresta Suceava","Liga 2","Romania",NA,TRUE,"loan transfer","Summer",1,0,0,0
"FC Botosani","SuperLiga","Romania","2013","Departures","Florin Plămadă","https://www.transfermarkt.com/florin-plamada/profil/spieler/241574","Centre-Back","21","Romania","Foresta Suceava","Liga 2","Romania",NA,TRUE,"loan transfer","Summer",2,0,0,0
"FC Botosani","SuperLiga","Romania","2013","Departures","Andrei Tepes","https://www.transfermarkt.com/andrei-tepes/profil/spieler/97532","Right-Back","22","Romania","Ceahlaul","SuperLiga","Romania",NA,TRUE,"End of loan Jun 30, 2013","Summer",NA,NA,NA,NA
"FC Botosani","SuperLiga","Romania","2013","Departures","Emmanuel Mbella","https://www.transfermarkt.com/emmanuel-mbella/profil/spieler/224876","Right Winger","21","France","Pandurii ","SuperLiga","Romania",NA,TRUE,"End of loan Jun 30, 2013","Summer",NA,NA,NA,NA
"FC Botosani","SuperLiga","Romania","2013","Departures","Alin Ignea","https://www.transfermarkt.com/alin-ignea/profil/spieler/208800","Central Midfield","24","Romania","Pandurii ","SuperLiga","Romania",NA,TRUE,"End of loan Jun 30, 2013","Summer",NA,NA,NA,NA
"FC Botosani","SuperLiga","Romania","2013","Departures","Dorin Marmaneanu","https://www.transfermarkt.com/dorin-marmaneanu/profil/spieler/177637","Left Midfield","22","Romania","Dinamo II",NA,"Romania",NA,TRUE,"End of loan Jun 30, 2013","Summer",NA,NA,NA,NA
"FC Botosani","SuperLiga","Romania","2013","Arrivals","Sergiu Oltean","https://www.transfermarkt.com/sergiu-oltean/profil/spieler/208678","Centre-Back","26","Romania","FC Brasov","SuperLiga","Romania",0,FALSE,NA,"Winter",13,13,0,1170
"FC Botosani","SuperLiga","Romania","2013","Arrivals","Aco Stojkov","https://www.transfermarkt.com/aco-stojkov/profil/spieler/32042","Left Winger","30","North Macedonia","Vardar","Prva liga","North Macedonia",0,FALSE,NA,"Winter",13,13,2,938
"FC Botosani","SuperLiga","Romania","2013","Arrivals","Deniss Ivanovs","https://www.transfermarkt.com/deniss-ivanovs/profil/spieler/22675","Centre-Back","30","Latvia","FC Baku","Premyer Liqa","Azerbaijan",0,FALSE,NA,"Winter",12,8,0,640
"FC Botosani","SuperLiga","Romania","2013","Arrivals","Milos Zivkovic","https://www.transfermarkt.com/milos-zivkovic/profil/spieler/44645","Centre-Back","29","Serbia","Radnicki Nis","Super liga Srbije","Serbia",0,FALSE,NA,"Winter",6,1,0,81
"FC Botosani","SuperLiga","Romania","2013","Arrivals","Silvio Dorrego","https://www.transfermarkt.com/silvio-dorrego/profil/spieler/125073","Left-Back","26","Uruguay","Juventud","Liga AUF Clausura","Uruguay",0,FALSE,NA,"Winter",5,1,0,21
"FC Botosani","SuperLiga","Romania","2013","Arrivals","Eino Puri","https://www.transfermarkt.com/eino-puri/profil/spieler/42791","Central Midfield","25","Estonia","Kalju FC","Premium Liiga","Estonia",0,FALSE,NA,"Winter",9,3,0,70
"FC Botosani","SuperLiga","Romania","2013","Arrivals","Cristian Danci","https://www.transfermarkt.com/cristian-danci/profil/spieler/208684","Central Midfield","25","Romania","Sportul Snagov","Liga II - Seria II","Romania",0,FALSE,NA,"Winter",14,12,1,684
"FC Botosani","SuperLiga","Romania","2013","Arrivals","Aurimas Vertelis","https://www.transfermarkt.com/aurimas-vertelis/profil/spieler/120048","Left Winger","27","Lithuania","Ekranas","A Lyga","Lithuania",NA,FALSE,"?","Winter",13,9,0,543
"FC Botosani","SuperLiga","Romania","2013","Arrivals","David Lazar","https://www.transfermarkt.com/david-lazar/profil/spieler/168278","Goalkeeper","22","Romania","Pandurii ","SuperLiga","Romania",NA,TRUE,"loan transfer","Winter",13,12,0,1080
"FC Botosani","SuperLiga","Romania","2013","Arrivals","Florin Plămadă","https://www.transfermarkt.com/florin-plamada/profil/spieler/241574","Centre-Back","21","Romania","Foresta Suceava","Liga 2","Romania",NA,TRUE,"End of loan Dec 31, 2013","Winter",2,0,0,0
"FC Botosani","SuperLiga","Romania","2013","Arrivals","David Stamatin","https://www.transfermarkt.com/david-stamatin/profil/spieler/209149","Goalkeeper","23","Romania","Ac. Clinceni","Liga 2","Romania",NA,TRUE,"End of loan Dec 31, 2013","Winter",0,0,0,0
"FC Botosani","SuperLiga","Romania","2013","Departures","Andrei Poverlovici","https://www.transfermarkt.com/andrei-poverlovici/profil/spieler/64226","Centre-Back","28","Romania","FC Brasov-SR","SuperLiga","Romania",0,FALSE,NA,"Winter",16,9,0,814
"FC Botosani","SuperLiga","Romania","2013","Departures","Casian Maghici","https://www.transfermarkt.com/casian-maghici/profil/spieler/57481","Defender","29","Romania","Soimii Pancota",NA,"Romania",0,FALSE,NA,"Winter",20,6,0,394
"FC Botosani","SuperLiga","Romania","2013","Departures","George Taban","https://www.transfermarkt.com/george-taban/profil/spieler/64081","Centre-Back","25","Romania","Gauss Bacau","Liga 2","Romania",0,FALSE,NA,"Winter",16,9,0,375
"FC Botosani","SuperLiga","Romania","2013","Departures","Răzvan Radu","https://www.transfermarkt.com/razvan-radu/profil/spieler/208818","Right Winger","29","Romania","Gloria Bistrita","Liga II - Seria II","Romania",0,FALSE,NA,"Winter",11,8,0,220
"FC Botosani","SuperLiga","Romania","2013","Departures","Cristinel Gafita","https://www.transfermarkt.com/cristinel-gafita/profil/spieler/69421","Centre-Forward","26","Romania","Foresta Suceava","Liga 2","Romania",0,FALSE,NA,"Winter",NA,NA,NA,NA
"FC Botosani","SuperLiga","Romania","2013","Departures","Romeo Muadi-Ngonge","https://www.transfermarkt.com/romeo-muadi-ngonge/profil/spieler/192509","Left Midfield","20","DR Congo","Malchower SV","NOFV-Oberliga Nord","Germany",0,FALSE,NA,"Winter",1,1,0,13
"FC Botosani","SuperLiga","Romania","2013","Departures","Dragos Petrache","https://www.transfermarkt.com/dragos-petrache/profil/spieler/274253","Goalkeeper","23","Romania","Aerostar",NA,"Romania",NA,FALSE,"?","Winter",2,0,0,0
"FC Botosani","SuperLiga","Romania","2013","Departures","Ionut Ursu","https://www.transfermarkt.com/ionut-ursu/profil/spieler/209150","Centre-Back","24","Romania","Dunarea Galati","Liga 2","Romania",NA,TRUE,"loan transfer","Winter",16,12,0,1051
"FC Botosani","SuperLiga","Romania","2013","Departures","Cătălin Vraciu","https://www.transfermarkt.com/catalin-vraciu/profil/spieler/64085","Centre-Forward","25","Romania","Dunarea Galati","Liga 2","Romania",NA,TRUE,"loan transfer","Winter",16,16,3,1137
"FC Botosani","SuperLiga","Romania","2013","Departures","Florin Plămadă","https://www.transfermarkt.com/florin-plamada/profil/spieler/241574","Centre-Back","21","Romania","ACSM Poli Iasi","Liga 2","Romania",NA,TRUE,"loan transfer","Winter",2,0,0,0
"FC Botosani","SuperLiga","Romania","2013","Departures","David Stamatin","https://www.transfermarkt.com/david-stamatin/profil/spieler/209149","Goalkeeper","23","Romania","Tarlungeni","Liga 2","Romania",NA,TRUE,"loan transfer","Winter",0,0,0,0
"FC Botosani","SuperLiga","Romania","2013","Departures","Ionuț Matei","https://www.transfermarkt.com/ionut-matei/profil/spieler/48366","Right Midfield","29","Romania","Without Club",NA,NA,NA,FALSE,"-","Winter",17,16,0,328
"FC Botosani","SuperLiga","Romania","2013","Departures","Marian Tanasa","https://www.transfermarkt.com/marian-tanasa/profil/spieler/64082","Centre-Forward","28","Romania","Without Club",NA,NA,NA,FALSE,"-","Winter",8,6,0,150
"FC Botosani","SuperLiga","Romania","2013","Departures","Dudu Drugă","https://www.transfermarkt.com/dudu-druga/profil/spieler/218298","Left-Back","23","Romania","Without Club",NA,NA,NA,FALSE,"-","Winter",5,2,0,177
"Gaz Metan Medias (- 2022)",NA,NA,"2013","Arrivals","Cristian Bud","https://www.transfermarkt.com/cristian-bud/profil/spieler/104211","Centre-Forward","28","Romania","Debrecen","NB I.","Hungary",0,FALSE,NA,"Summer",12,12,1,629
"Gaz Metan Medias (- 2022)",NA,NA,"2013","Arrivals","Andrei Bozesan","https://www.transfermarkt.com/andrei-bozesan/profil/spieler/46512","Central Midfield","25","Romania","Sageata Navodar","SuperLiga","Romania",0,FALSE,NA,"Summer",10,4,0,158
"Gaz Metan Medias (- 2022)",NA,NA,"2013","Arrivals","Giorgi Alaverdashvili","https://www.transfermarkt.com/giorgi-alaverdashvili/profil/spieler/177662","Attacking Midfield","25","Georgia","Siauliai","A Lyga","Lithuania",0,FALSE,NA,"Summer",5,2,0,77
"Gaz Metan Medias (- 2022)",NA,NA,"2013","Arrivals","Roberto Romeo","https://www.transfermarkt.com/roberto-romeo/profil/spieler/153206","Right-Back","23","Italy","Catanzaro","Serie C - B","Italy",0,FALSE,NA,"Summer",15,7,0,489
"Gaz Metan Medias (- 2022)",NA,NA,"2013","Arrivals","Jordan Robertson","https://www.transfermarkt.com/jordan-robertson/profil/spieler/30938","Centre-Forward","25","England","Global FC","United Football League (-2016)","Philippines",NA,FALSE,"?","Summer",22,21,4,1077
"Gaz Metan Medias (- 2022)",NA,NA,"2013","Arrivals","Florin Sandu","https://www.transfermarkt.com/florin-sandu/profil/spieler/103528","Left-Back","25","Romania","Without Club",NA,NA,NA,FALSE,"-","Summer",7,1,0,82
"Gaz Metan Medias (- 2022)",NA,NA,"2013","Arrivals","Ioan Susu","https://www.transfermarkt.com/ioan-susu/profil/spieler/282681","Centre-Forward","19","Romania","Gaz Metan U19",NA,"Romania",NA,FALSE,"-","Summer",2,2,0,32
"Gaz Metan Medias (- 2022)",NA,NA,"2013","Arrivals","Iulian Cristea","https://www.transfermarkt.com/iulian-cristea/profil/spieler/331971","Centre-Back","18","Romania","Gaz Metan U19",NA,"Romania",NA,FALSE,"-","Summer",NA,NA,NA,NA
"Gaz Metan Medias (- 2022)",NA,NA,"2013","Arrivals","Ovidiu Covaciu","https://www.transfermarkt.com/ovidiu-covaciu/profil/spieler/227548","Central Midfield","22","Romania","Sticla A. Turda",NA,"Romania",NA,TRUE,"End of loan Jun 30, 2013","Summer",15,4,0,298
"Gaz Metan Medias (- 2022)",NA,NA,"2013","Departures","Eric","https://www.transfermarkt.com/eric/profil/spieler/81509","Attacking Midfield","27","Brazil","Pandurii ","SuperLiga","Romania",7e+05,FALSE,NA,"Summer",NA,NA,NA,NA
"Gaz Metan Medias (- 2022)",NA,NA,"2013","Departures","Nicandro Breeveld","https://www.transfermarkt.com/nicandro-breeveld/profil/spieler/53222","Defensive Midfield","26","Suriname","Pandurii ","SuperLiga","Romania",2e+05,FALSE,NA,"Summer",NA,NA,NA,NA
"Gaz Metan Medias (- 2022)",NA,NA,"2013","Departures","Octavian Draghici","https://www.transfermarkt.com/octavian-draghici/profil/spieler/88826","Centre-Forward","27","Romania","FC Olt Slatina","Liga II - Seria II","Romania",0,FALSE,NA,"Summer",NA,NA,NA,NA
"Gaz Metan Medias (- 2022)",NA,NA,"2013","Departures","Valentin Negru","https://www.transfermarkt.com/valentin-negru/profil/spieler/35439","Central Midfield","30","Romania","FC Rapid 1923","Liga 2","Romania",0,FALSE,NA,"Summer",NA,NA,NA,NA
"Gaz Metan Medias (- 2022)",NA,NA,"2013","Departures","Madalin Ciuca","https://www.transfermarkt.com/madalin-ciuca/profil/spieler/47570","Centre-Back","30","Romania","FC U Craiova","Liga II - Seria II","Romania",0,FALSE,NA,"Summer",5,2,0,84
"Gaz Metan Medias (- 2022)",NA,NA,"2013","Departures","Costin Gheorghe","https://www.transfermarkt.com/costin-gheorghe/profil/spieler/64165","Right Winger","24","Romania","FC Rapid 1923","Liga 2","Romania",0,FALSE,NA,"Summer",2,1,0,2
"Gaz Metan Medias (- 2022)",NA,NA,"2013","Departures","Aleksandar Radovic","https://www.transfermarkt.com/aleksandar-radovic/profil/spieler/52300","Right-Back","26","Montenegro","FC Tiraspol","Divizia Nationala (-2017)","Moldova",0,FALSE,NA,"Summer",NA,NA,NA,NA
"Gaz Metan Medias (- 2022)",NA,NA,"2013","Arrivals","Cosmin Vâtcă","https://www.transfermarkt.com/cosmin-vatca/profil/spieler/47477","Goalkeeper","31","Romania","FCV Farul","SuperLiga","Romania",0,FALSE,NA,"Winter",8,0,0,0
"Gaz Metan Medias (- 2022)",NA,NA,"2013","Arrivals","Adrian Markus","https://www.transfermarkt.com/adrian-markus/profil/spieler/208460","Centre-Forward","21","Romania","Kaposvár","NB I.","Hungary",0,FALSE,NA,"Winter",7,7,0,185
"Gaz Metan Medias (- 2022)",NA,NA,"2013","Arrivals","Petr Mach","https://www.transfermarkt.com/petr-mach/profil/spieler/63741","Left-Back","28","Czech Republic","Banik Ostrava","Chance Liga","Czech Republic",0,FALSE,NA,"Winter",12,2,0,180
"Gaz Metan Medias (- 2022)",NA,NA,"2013","Arrivals","Florin Ilie","https://www.transfermarkt.com/florin-ilie/profil/spieler/192866","Centre-Back","21","Romania","FC Brasov-SR","SuperLiga","Romania",0,FALSE,NA,"Winter",6,1,0,90
"Gaz Metan Medias (- 2022)",NA,NA,"2013","Arrivals","Kaby","https://www.transfermarkt.com/kaby/profil/spieler/129555","Left Winger","22","Guinea-Bissau","Marítimo","Liga Portugal","Portugal",0,FALSE,NA,"Winter",8,3,0,22
"Gaz Metan Medias (- 2022)",NA,NA,"2013","Arrivals","Nikola Antic","https://www.transfermarkt.com/nikola-antic/profil/spieler/139719","Centre-Forward","21","Serbia","Sopot",NA,"Serbia",0,FALSE,NA,"Winter",6,4,0,134
"Gaz Metan Medias (- 2022)",NA,NA,"2013","Arrivals","Yoki Kumada","https://www.transfermarkt.com/yoki-kumada/profil/spieler/197352","Right Midfield","21","Japan","Without Club",NA,NA,NA,FALSE,"-","Winter",1,1,0,10
"Gaz Metan Medias (- 2022)",NA,NA,"2013","Departures","Zarko Markovic","https://www.transfermarkt.com/zarko-markovic/profil/spieler/46769","Centre-Back","26","Serbia","Kairat Almaty","Premier Liga","Kazakhstan",1e+05,FALSE,NA,"Winter",14,11,2,990
"Gaz Metan Medias (- 2022)",NA,NA,"2013","Departures","Cristian Bud","https://www.transfermarkt.com/cristian-bud/profil/spieler/104211","Centre-Forward","28","Romania","Pandurii ","SuperLiga","Romania",0,FALSE,NA,"Winter",12,12,1,629
"Gaz Metan Medias (- 2022)",NA,NA,"2013","Departures","Giorgi Alaverdashvili","https://www.transfermarkt.com/giorgi-alaverdashvili/profil/spieler/177662","Attacking Midfield","26","Georgia","Granitas","A Lyga","Lithuania",NA,FALSE,"?","Winter",5,2,0,77
"Gaz Metan Medias (- 2022)",NA,NA,"2013","Departures","Raul Gaspar","https://www.transfermarkt.com/raul-gaspar/profil/spieler/281049","Attacking Midfield","21","Romania","Gloria Bistrita","Liga II - Seria II","Romania",NA,TRUE,"loan transfer","Winter",3,1,0,6
"Gaz Metan Medias (- 2022)",NA,NA,"2013","Departures","Adrian Gurincu","https://www.transfermarkt.com/adrian-gurincu/profil/spieler/225091","Goalkeeper","20","Romania","Metalurg. Cugir",NA,"Romania",NA,TRUE,"loan transfer","Winter",3,0,0,0
"Gaz Metan Medias (- 2022)",NA,NA,"2013","Departures","Ioan Susu","https://www.transfermarkt.com/ioan-susu/profil/spieler/282681","Centre-Forward","20","Romania","Gloria Bistrita","Liga II - Seria II","Romania",NA,TRUE,"loan transfer","Winter",2,2,0,32
"Gaz Metan Medias (- 2022)",NA,NA,"2013","Departures","Iulian Cristea","https://www.transfermarkt.com/iulian-cristea/profil/spieler/331971","Centre-Back","19","Romania","Metalurg. Cugir",NA,"Romania",NA,TRUE,"loan transfer","Winter",NA,NA,NA,NA
"ACS FC Brasov Steagu Renaste (- 2024)",NA,NA,"2013","Arrivals","Alexandru Tudose","https://www.transfermarkt.com/alexandru-tudose/profil/spieler/34941","Centre-Back","26","Romania","FC Dinamo","SuperLiga","Romania",0,FALSE,NA,"Summer",12,11,0,910
"ACS FC Brasov Steagu Renaste (- 2024)",NA,NA,"2013","Arrivals","Wilfried Kanon","https://www.transfermarkt.com/wilfried-kanon/profil/spieler/163663","Centre-Back","19","Cote d'Ivoire","Gloria Bistrita","Liga II - Seria II","Romania",0,FALSE,NA,"Summer",5,5,0,450
"ACS FC Brasov Steagu Renaste (- 2024)",NA,NA,"2013","Arrivals","Vojislav Vranjkovic","https://www.transfermarkt.com/vojislav-vranjkovic/profil/spieler/36950","Defensive Midfield","30","Serbia","Turnu-Severin",NA,"Romania",0,FALSE,NA,"Summer",12,12,0,996
"ACS FC Brasov Steagu Renaste (- 2024)",NA,NA,"2013","Arrivals","Sergiu Buș","https://www.transfermarkt.com/sergiu-bus/profil/spieler/123671","Centre-Forward","20","Romania","CFR Cluj","SuperLiga","Romania",0,FALSE,NA,"Summer",28,28,9,2248
"ACS FC Brasov Steagu Renaste (- 2024)",NA,NA,"2013","Arrivals","Alexandru Neacșa","https://www.transfermarkt.com/alexandru-neacsa/profil/spieler/209652","Central Midfield","21","Romania","Turnu-Severin",NA,"Romania",0,FALSE,NA,"Summer",30,29,1,2043
"ACS FC Brasov Steagu Renaste (- 2024)",NA,NA,"2013","Arrivals","Óscar Arce","https://www.transfermarkt.com/oscar-arce/profil/spieler/172284","Left-Back","23","Colombia","Rampla Jrs","Segunda División","Uruguay",0,FALSE,NA,"Summer",14,12,0,834
"ACS FC Brasov Steagu Renaste (- 2024)",NA,NA,"2013","Arrivals","Florin Ilie","https://www.transfermarkt.com/florin-ilie/profil/spieler/192866","Centre-Back","21","Romania","Concordia","SuperLiga","Romania",0,FALSE,NA,"Summer",11,7,0,480
"ACS FC Brasov Steagu Renaste (- 2024)",NA,NA,"2013","Arrivals","Bogdan Dumitru","https://www.transfermarkt.com/bogdan-dumitru/profil/spieler/212800","Left-Back","20","Romania","CS Otopeni",NA,"Romania",0,FALSE,NA,"Summer",2,1,0,45
"ACS FC Brasov Steagu Renaste (- 2024)",NA,NA,"2013","Arrivals","Wanderson","https://www.transfermarkt.com/wanderson/profil/spieler/130535","Defensive Midfield","23","Brazil","Panachaiki","Football League South","Greece",0,FALSE,NA,"Summer",27,27,2,2163
"ACS FC Brasov Steagu Renaste (- 2024)",NA,NA,"2013","Arrivals","Mihai Stere","https://www.transfermarkt.com/mihai-stere/profil/spieler/123738","Attacking Midfield","37","Romania","ASA Tg. Mures","Liga II - Seria II","Romania",0,FALSE,NA,"Summer",5,2,0,87
"ACS FC Brasov Steagu Renaste (- 2024)",NA,NA,"2013","Arrivals","Nicolás Rodríguez","https://www.transfermarkt.com/nicolas-rodriguez/profil/spieler/196187","Right-Back","22","Uruguay","Wanderers","Liga AUF Clausura","Uruguay",0,FALSE,NA,"Summer",5,3,0,225
"ACS FC Brasov Steagu Renaste (- 2024)",NA,NA,"2013","Arrivals","Vlad Ignat","https://www.transfermarkt.com/vlad-ignat/profil/spieler/309013","Goalkeeper","17","Romania","Without Club",NA,NA,0,FALSE,NA,"Summer",NA,NA,NA,NA
"ACS FC Brasov Steagu Renaste (- 2024)",NA,NA,"2013","Arrivals","Lourenço","https://www.transfermarkt.com/lourenco/profil/spieler/13951","Centre-Forward","30","Angola","Farense","Liga Portugal 2","Portugal",NA,FALSE,"?","Summer",2,2,0,82
"ACS FC Brasov Steagu Renaste (- 2024)",NA,NA,"2013","Arrivals","Jaime Bragança","https://www.transfermarkt.com/jaime-braganca/profil/spieler/14126","Left Winger","30","Portugal","Al-Riffa SC",NA,"Bahrain",NA,FALSE,"?","Summer",12,10,0,576
"ACS FC Brasov Steagu Renaste (- 2024)",NA,NA,"2013","Arrivals","João Marcos","https://www.transfermarkt.com/joao-marcos/profil/spieler/161514","Attacking Midfield","22","Brazil","Duque de Caxias",NA,"Brazil",NA,FALSE,"?","Summer",4,2,0,89
"ACS FC Brasov Steagu Renaste (- 2024)",NA,NA,"2013","Arrivals","Giorginho Aguirre","https://www.transfermarkt.com/giorginho-aguirre/profil/spieler/248100","Second Striker","20","Uruguay","Miramar","Liga AUF Clausura","Uruguay",NA,FALSE,"?","Summer",10,8,1,333
"ACS FC Brasov Steagu Renaste (- 2024)",NA,NA,"2013","Arrivals","Andrei Vaștag","https://www.transfermarkt.com/andrei-vastag/profil/spieler/186745","Defensive Midfield","19","Romania","Avicola Buzias",NA,"Romania",NA,TRUE,"loan transfer","Summer",2,0,0,0
"ACS FC Brasov Steagu Renaste (- 2024)",NA,NA,"2013","Arrivals","William Owusu","https://www.transfermarkt.com/william-owusu/profil/spieler/45347","Centre-Forward","23","Ghana","Sporting B","Liga Portugal 2","Portugal",NA,TRUE,"loan transfer","Summer",NA,NA,NA,NA
"ACS FC Brasov Steagu Renaste (- 2024)",NA,NA,"2013","Arrivals","Antonio Asanovic","https://www.transfermarkt.com/antonio-asanovic/profil/spieler/177331","Centre-Back","22","Croatia","FC Dinamo","SuperLiga","Romania",NA,TRUE,"loan transfer","Summer",15,12,0,1019
"ACS FC Brasov Steagu Renaste (- 2024)",NA,NA,"2013","Arrivals","Marius Martac","https://www.transfermarkt.com/marius-martac/profil/spieler/241296","Right-Back","22","Romania","Unknown",NA,NA,NA,TRUE,"loan transfer","Summer",16,13,0,1146
"ACS FC Brasov Steagu Renaste (- 2024)",NA,NA,"2013","Arrivals","Ciprian Brata","https://www.transfermarkt.com/ciprian-brata/profil/spieler/156616","Left Midfield","22","Romania","Pandurii ","SuperLiga","Romania",NA,TRUE,"loan transfer","Summer",15,15,1,961
"ACS FC Brasov Steagu Renaste (- 2024)",NA,NA,"2013","Arrivals","Raphael Stănescu","https://www.transfermarkt.com/raphael-stanescu/profil/spieler/150134","Attacking Midfield","20","Romania","Dinamo II",NA,"Romania",NA,TRUE,"loan transfer","Summer",26,18,1,1102
"ACS FC Brasov Steagu Renaste (- 2024)",NA,NA,"2013","Arrivals","Remo Amadio","https://www.transfermarkt.com/remo-amadio/profil/spieler/42836","Goalkeeper","25","Italy","CFR Cluj","SuperLiga","Romania",NA,TRUE,"loan transfer","Summer",5,0,0,0
"ACS FC Brasov Steagu Renaste (- 2024)",NA,NA,"2013","Arrivals","Alin Babei","https://www.transfermarkt.com/alin-babei/profil/spieler/604058","Right Winger","15","Romania","FC Brasov","SuperLiga","Romania",NA,TRUE,"loan transfer","Summer",NA,NA,NA,NA
"ACS FC Brasov Steagu Renaste (- 2024)",NA,NA,"2013","Arrivals","Vasile Olariu","https://www.transfermarkt.com/vasile-olariu/profil/spieler/64280","Central Midfield","25","Romania","Without Club",NA,NA,NA,FALSE,"-","Summer",8,7,0,357
"ACS FC Brasov Steagu Renaste (- 2024)",NA,NA,"2013","Departures","Wilfried Kanon","https://www.transfermarkt.com/wilfried-kanon/profil/spieler/163663","Centre-Back","20","Cote d'Ivoire","ADO Den Haag","Eredivisie","Netherlands",0,FALSE,NA,"Summer",5,5,0,450
"ACS FC Brasov Steagu Renaste (- 2024)",NA,NA,"2013","Departures","Bogdan Dumitru","https://www.transfermarkt.com/bogdan-dumitru/profil/spieler/212800","Left-Back","21","Romania","Gloria Buzau","Liga 2","Romania",0,FALSE,NA,"Summer",2,1,0,45
"ACS FC Brasov Steagu Renaste (- 2024)",NA,NA,"2013","Departures","Radu Leonte","https://www.transfermarkt.com/radu-leonte/profil/spieler/241290","Left Midfield","22","Romania","Păpăuţi",NA,"Romania",0,FALSE,NA,"Summer",8,5,0,348
"ACS FC Brasov Steagu Renaste (- 2024)",NA,NA,"2013","Departures","Marius Ene","https://www.transfermarkt.com/marius-ene/profil/spieler/64272","Centre-Forward","31","Romania","U Cluj","SuperLiga","Romania",0,FALSE,NA,"Summer",5,4,1,186
"ACS FC Brasov Steagu Renaste (- 2024)",NA,NA,"2013","Departures","Cristian Marcas","https://www.transfermarkt.com/cristian-marcas/profil/spieler/241567","Left Midfield","22","Romania","Tarlungeni","Liga 2","Romania",0,FALSE,NA,"Summer",NA,NA,NA,NA
"ACS FC Brasov Steagu Renaste (- 2024)",NA,NA,"2013","Departures","Silviu Stanciu","https://www.transfermarkt.com/silviu-stanciu/profil/spieler/264185","Centre-Back","18","Romania","FC Zagon",NA,"Romania",0,FALSE,NA,"Summer",NA,NA,NA,NA
"ACS FC Brasov Steagu Renaste (- 2024)",NA,NA,"2013","Departures","Florian Pârvu","https://www.transfermarkt.com/florian-parvu/profil/spieler/213234","Left Midfield","23","Romania","Without Club",NA,NA,NA,FALSE,"-","Summer",8,6,0,364
"ACS FC Brasov Steagu Renaste (- 2024)",NA,NA,"2013","Departures","Victor Avram","https://www.transfermarkt.com/victor-avram/profil/spieler/241255","Left-Back","23","Romania","Without Club",NA,NA,NA,FALSE,"-","Summer",NA,NA,NA,NA
"ACS FC Brasov Steagu Renaste (- 2024)",NA,NA,"2013","Departures","Mihai Stere","https://www.transfermarkt.com/mihai-stere/profil/spieler/123738","Attacking Midfield","37","Romania",NA,NA,NA,NA,FALSE,"-","Summer",5,2,0,87
"ACS FC Brasov Steagu Renaste (- 2024)",NA,NA,"2013","Departures","Andrei Vaștag","https://www.transfermarkt.com/andrei-vastag/profil/spieler/186745","Defensive Midfield","19","Romania","Avicola Buzias",NA,"Romania",NA,TRUE,"End of loan Sep 8, 2013","Summer",2,0,0,0
"ACS FC Brasov Steagu Renaste (- 2024)",NA,NA,"2013","Departures","Marius Martac","https://www.transfermarkt.com/marius-martac/profil/spieler/241296","Right-Back","21","Romania","Unknown",NA,NA,NA,TRUE,"End of loan Jun 30, 2013","Summer",16,13,0,1146
"ACS FC Brasov Steagu Renaste (- 2024)",NA,NA,"2013","Departures","Remo Amadio","https://www.transfermarkt.com/remo-amadio/profil/spieler/42836","Goalkeeper","25","Italy","CFR Cluj","SuperLiga","Romania",NA,TRUE,"End of loan Aug 29, 2013","Summer",5,0,0,0
"ACS FC Brasov Steagu Renaste (- 2024)",NA,NA,"2013","Departures","Sorin Marin","https://www.transfermarkt.com/sorin-marin/profil/spieler/241294","Left Midfield","28","Romania","Tarlungeni","Liga 2","Romania",NA,TRUE,"End of loan Jun 30, 2013","Summer",NA,NA,NA,NA
"ACS FC Brasov Steagu Renaste (- 2024)",NA,NA,"2013","Departures","Florin Fizesan","https://www.transfermarkt.com/florin-fizesan/profil/spieler/213259","Left-Back","21","Romania","Gloria Bistrita","Liga II - Seria II","Romania",NA,TRUE,"End of loan Jun 30, 2013","Summer",NA,NA,NA,NA
"ACS FC Brasov Steagu Renaste (- 2024)",NA,NA,"2013","Departures","George Stefan","https://www.transfermarkt.com/george-stefan/profil/spieler/246414","Centre-Back","24","Romania","Unknown",NA,NA,NA,TRUE,"End of loan Jun 30, 2013","Summer",NA,NA,NA,NA
"ACS FC Brasov Steagu Renaste (- 2024)",NA,NA,"2013","Departures","Alexandru Tutu","https://www.transfermarkt.com/alexandru-tutu/profil/spieler/234535","Central Midfield","19","Romania","FC Brasov","SuperLiga","Romania",NA,TRUE,"End of loan Jun 30, 2013","Summer",NA,NA,NA,NA
"ACS FC Brasov Steagu Renaste (- 2024)",NA,NA,"2013","Arrivals","Andrei Poverlovici","https://www.transfermarkt.com/andrei-poverlovici/profil/spieler/64226","Centre-Back","28","Romania","FC Botosani","SuperLiga","Romania",0,FALSE,NA,"Winter",9,8,0,720
"ACS FC Brasov Steagu Renaste (- 2024)",NA,NA,"2013","Arrivals","Sergiu Homei","https://www.transfermarkt.com/sergiu-homei/profil/spieler/48140","Right-Back","26","Romania","ASA Tg. Mures","Liga II - Seria II","Romania",0,FALSE,NA,"Winter",13,9,0,760
"ACS FC Brasov Steagu Renaste (- 2024)",NA,NA,"2013","Arrivals","Radu Leonte","https://www.transfermarkt.com/radu-leonte/profil/spieler/241290","Left Midfield","22","Romania","Păpăuţi",NA,"Romania",0,FALSE,NA,"Winter",8,5,0,348
"ACS FC Brasov Steagu Renaste (- 2024)",NA,NA,"2013","Arrivals","Florian Pârvu","https://www.transfermarkt.com/florian-parvu/profil/spieler/213234","Left Midfield","22","Romania","CS U Craiova","Liga II - Seria II","Romania",0,FALSE,NA,"Winter",8,6,0,364
"ACS FC Brasov Steagu Renaste (- 2024)",NA,NA,"2013","Arrivals","Ovidiu Mendizov","https://www.transfermarkt.com/ovidiu-mendizov/profil/spieler/173419","Left-Back","27","Romania","FC Brasov","SuperLiga","Romania",0,FALSE,NA,"Winter",13,8,0,434
"ACS FC Brasov Steagu Renaste (- 2024)",NA,NA,"2013","Arrivals","Cătălin Dedu","https://www.transfermarkt.com/catalin-dedu/profil/spieler/64145","Centre-Forward","26","Romania","U Cluj","SuperLiga","Romania",0,FALSE,NA,"Winter",14,10,0,554
"ACS FC Brasov Steagu Renaste (- 2024)",NA,NA,"2013","Arrivals","Lucian Gatej","https://www.transfermarkt.com/lucian-gatej/profil/spieler/319209","Goalkeeper","21","Romania","Păpăuţi",NA,"Romania",0,FALSE,NA,"Winter",6,0,0,0
"ACS FC Brasov Steagu Renaste (- 2024)",NA,NA,"2013","Arrivals","Alin Manea","https://www.transfermarkt.com/alin-manea/profil/spieler/271283","Attacking Midfield","17","Romania","Unknown",NA,NA,0,FALSE,NA,"Winter",6,1,0,2
"ACS FC Brasov Steagu Renaste (- 2024)",NA,NA,"2013","Arrivals","Mihai Istrofor","https://www.transfermarkt.com/mihai-istrofor/profil/spieler/212809","Centre-Back","22","Romania","FC Zagon",NA,"Romania",NA,FALSE,"?","Winter",10,6,0,540
"ACS FC Brasov Steagu Renaste (- 2024)",NA,NA,"2013","Arrivals","Valentin Balint","https://www.transfermarkt.com/valentin-balint/profil/spieler/220911","Centre-Forward","19","Romania","FC Dinamo","SuperLiga","Romania",NA,TRUE,"loan transfer","Winter",12,10,0,273
"ACS FC Brasov Steagu Renaste (- 2024)",NA,NA,"2013","Departures","Alexandru Tudose","https://www.transfermarkt.com/alexandru-tudose/profil/spieler/34941","Centre-Back","26","Romania","Sageata Navodar","SuperLiga","Romania",0,FALSE,NA,"Winter",12,11,0,910
"ACS FC Brasov Steagu Renaste (- 2024)",NA,NA,"2013","Departures","Óscar Arce","https://www.transfermarkt.com/oscar-arce/profil/spieler/172284","Left-Back","23","Colombia","A. Bucaramanga",NA,"Colombia",0,FALSE,NA,"Winter",14,12,0,834
"ACS FC Brasov Steagu Renaste (- 2024)",NA,NA,"2013","Departures","Vasile Olariu","https://www.transfermarkt.com/vasile-olariu/profil/spieler/64280","Central Midfield","26","Romania","Ac. Clinceni","Liga 2","Romania",0,FALSE,NA,"Winter",8,7,0,357
"ACS FC Brasov Steagu Renaste (- 2024)",NA,NA,"2013","Departures","Florin Ilie","https://www.transfermarkt.com/florin-ilie/profil/spieler/192866","Centre-Back","21","Romania","Gaz Metan","SuperLiga","Romania",0,FALSE,NA,"Winter",11,7,0,480
"ACS FC Brasov Steagu Renaste (- 2024)",NA,NA,"2013","Departures","Ionut Chirciu","https://www.transfermarkt.com/ionut-chirciu/profil/spieler/54667","Attacking Midfield","30","Romania","FC Zagon",NA,"Romania",0,FALSE,NA,"Winter",12,8,0,409
"ACS FC Brasov Steagu Renaste (- 2024)",NA,NA,"2013","Departures","Marius Pastor","https://www.transfermarkt.com/marius-pastor/profil/spieler/74597","Central Midfield","29","Romania","Tarlungeni","Liga 2","Romania",0,FALSE,NA,"Winter",3,3,0,155
"ACS FC Brasov Steagu Renaste (- 2024)",NA,NA,"2013","Departures","Vojislav Vranjkovic","https://www.transfermarkt.com/vojislav-vranjkovic/profil/spieler/36950","Defensive Midfield","31","Serbia","Unknown",NA,NA,0,FALSE,NA,"Winter",12,12,0,996
"ACS FC Brasov Steagu Renaste (- 2024)",NA,NA,"2013","Departures","Vlad Ignat","https://www.transfermarkt.com/vlad-ignat/profil/spieler/309013","Goalkeeper","18","Romania","Dinamo II",NA,"Romania",0,FALSE,NA,"Winter",NA,NA,NA,NA
"ACS FC Brasov Steagu Renaste (- 2024)",NA,NA,"2013","Departures","Jaime Bragança","https://www.transfermarkt.com/jaime-braganca/profil/spieler/14126","Left Winger","30","Portugal","Chonburi FC","Thai League","Thailand",NA,FALSE,"?","Winter",12,10,0,576
"ACS FC Brasov Steagu Renaste (- 2024)",NA,NA,"2013","Departures","Nicolás Rodríguez","https://www.transfermarkt.com/nicolas-rodriguez/profil/spieler/196187","Right-Back","22","Uruguay","Without Club",NA,NA,NA,FALSE,"-","Winter",5,3,0,225
"ACS FC Brasov Steagu Renaste (- 2024)",NA,NA,"2013","Departures","Giorginho Aguirre","https://www.transfermarkt.com/giorginho-aguirre/profil/spieler/248100","Second Striker","20","Uruguay","Without Club",NA,NA,NA,FALSE,"-","Winter",10,8,1,333
"ACS FC Brasov Steagu Renaste (- 2024)",NA,NA,"2013","Departures","Lourenço","https://www.transfermarkt.com/lourenco/profil/spieler/13951","Centre-Forward","30","Angola","Without Club",NA,NA,NA,FALSE,"-","Winter",2,2,0,82
"ACS FC Brasov Steagu Renaste (- 2024)",NA,NA,"2013","Departures","João Marcos","https://www.transfermarkt.com/joao-marcos/profil/spieler/161514","Attacking Midfield","22","Brazil","Bonsucesso-RJ",NA,"Brazil",NA,FALSE,"-","Winter",4,2,0,89
"ACS FC Brasov Steagu Renaste (- 2024)",NA,NA,"2013","Departures","Marius Martac","https://www.transfermarkt.com/marius-martac/profil/spieler/241296","Right-Back","22","Romania","Unknown",NA,NA,NA,TRUE,"End of loan Jan 29, 2014","Winter",16,13,0,1146
"ACS FC Brasov Steagu Renaste (- 2024)",NA,NA,"2013","Departures","Antonio Asanovic","https://www.transfermarkt.com/antonio-asanovic/profil/spieler/177331","Centre-Back","22","Croatia","FC Dinamo","SuperLiga","Romania",NA,TRUE,"End of loan Jan 9, 2014","Winter",15,12,0,1019
"CSM Ceahlaul Piatra Neamt","Liga 2","Romania","2013","Arrivals","Emil Dica","https://www.transfermarkt.com/emil-dica/profil/spieler/34509","Defensive Midfield","31","Romania","FC Rapid 1923","Liga 2","Romania",0,FALSE,NA,"Summer",8,4,1,130
"CSM Ceahlaul Piatra Neamt","Liga 2","Romania","2013","Arrivals","Gabriel Canu","https://www.transfermarkt.com/gabriel-canu/profil/spieler/25927","Centre-Back","32","Romania","FC Vaslui","SuperLiga","Romania",0,FALSE,NA,"Summer",26,26,2,2247
"CSM Ceahlaul Piatra Neamt","Liga 2","Romania","2013","Arrivals","Emil Jula","https://www.transfermarkt.com/emil-jula/profil/spieler/47424","Centre-Forward","33","Romania","MSV Duisburg","3. Liga","Germany",0,FALSE,NA,"Summer",23,23,3,1307
"CSM Ceahlaul Piatra Neamt","Liga 2","Romania","2013","Arrivals","Edon Hasani","https://www.transfermarkt.com/edon-hasani/profil/spieler/99342","Central Midfield","21","Albania","Lovech","efbet Liga","Bulgaria",0,FALSE,NA,"Summer",8,2,0,58
"CSM Ceahlaul Piatra Neamt","Liga 2","Romania","2013","Arrivals","Doru Popadiuc","https://www.transfermarkt.com/doru-popadiuc/profil/spieler/279927","Attacking Midfield","18","Romania","CPN U19",NA,"Romania",NA,FALSE,"-","Summer",32,23,0,1104
"CSM Ceahlaul Piatra Neamt","Liga 2","Romania","2013","Arrivals","Andrei Tepes","https://www.transfermarkt.com/andrei-tepes/profil/spieler/97532","Right-Back","22","Romania","FC Botosani","Liga 2","Romania",NA,TRUE,"End of loan Jun 30, 2013","Summer",13,8,0,600
"CSM Ceahlaul Piatra Neamt","Liga 2","Romania","2013","Arrivals","Dudu Drugă","https://www.transfermarkt.com/dudu-druga/profil/spieler/218298","Left-Back","23","Romania","Farul Constanta","Liga 2","Romania",NA,TRUE,"End of loan Jun 30, 2013","Summer",NA,NA,NA,NA
"CSM Ceahlaul Piatra Neamt","Liga 2","Romania","2013","Arrivals","Mihai Dobrescu","https://www.transfermarkt.com/mihai-dobrescu/profil/spieler/236127","Left-Back","20","Romania","CS Otopeni","Liga 2","Romania",NA,TRUE,"End of loan Jun 30, 2013","Summer",NA,NA,NA,NA
"CSM Ceahlaul Piatra Neamt","Liga 2","Romania","2013","Departures","Bogdan Miron","https://www.transfermarkt.com/bogdan-miron/profil/spieler/124621","Goalkeeper","31","Romania","ACSM Poli Iasi","Liga 2","Romania",0,FALSE,NA,"Summer",6,0,0,0
"CSM Ceahlaul Piatra Neamt","Liga 2","Romania","2013","Departures","Antonio Moreno","https://www.transfermarkt.com/antonio-moreno/profil/spieler/72252","Right-Back","30","Spain","At. Sanluqueño","2ª B - Grupo IV","Spain",0,FALSE,NA,"Summer",NA,NA,NA,NA
"CSM Ceahlaul Piatra Neamt","Liga 2","Romania","2013","Departures","Mario Titone","https://www.transfermarkt.com/mario-titone/profil/spieler/67505","Right Winger","24","Italy","Bisceglie","Serie D - H","Italy",0,FALSE,NA,"Summer",NA,NA,NA,NA
"CSM Ceahlaul Piatra Neamt","Liga 2","Romania","2013","Departures","Nikola Tolimir","https://www.transfermarkt.com/nikola-tolimir/profil/spieler/80542","Defensive Midfield","24","Slovenia","EN Paralimniou","Cyprus League","Cyprus",0,FALSE,NA,"Summer",NA,NA,NA,NA
"CSM Ceahlaul Piatra Neamt","Liga 2","Romania","2013","Departures","Aloisio","https://www.transfermarkt.com/aloisio/profil/spieler/71925","Centre-Back","34","Spain","UD Melilla","2ª B - Grupo IV","Spain",0,FALSE,NA,"Summer",NA,NA,NA,NA
"CSM Ceahlaul Piatra Neamt","Liga 2","Romania","2013","Departures","Dudu Drugă","https://www.transfermarkt.com/dudu-druga/profil/spieler/218298","Left-Back","23","Romania","FC Botosani","SuperLiga","Romania",0,FALSE,NA,"Summer",NA,NA,NA,NA
"CSM Ceahlaul Piatra Neamt","Liga 2","Romania","2013","Departures","Ionuț Bădescu","https://www.transfermarkt.com/ionut-badescu/profil/spieler/48656","Attacking Midfield","35","Romania","ACSM Poli Iasi","Liga 2","Romania",0,FALSE,NA,"Summer",NA,NA,NA,NA
"CSM Ceahlaul Piatra Neamt","Liga 2","Romania","2013","Departures","Mihai Dobrescu","https://www.transfermarkt.com/mihai-dobrescu/profil/spieler/236127","Left-Back","20","Romania","Chindia",NA,"Romania",0,FALSE,NA,"Summer",NA,NA,NA,NA
"CSM Ceahlaul Piatra Neamt","Liga 2","Romania","2013","Departures","Andrei Pavel","https://www.transfermarkt.com/andrei-pavel/profil/spieler/210372","Centre-Forward","20","Romania","Cetatea Tg. Nt.",NA,"Romania",NA,TRUE,"loan transfer","Summer",NA,NA,NA,NA
"CSM Ceahlaul Piatra Neamt","Liga 2","Romania","2013","Departures","Alexandru Margina","https://www.transfermarkt.com/alexandru-margina/profil/spieler/150075","Centre-Forward","20","Romania","Ac. Clinceni","Liga 2","Romania",NA,TRUE,"loan transfer","Summer",9,5,0,183
"CSM Ceahlaul Piatra Neamt","Liga 2","Romania","2013","Departures","Razvan Gorea","https://www.transfermarkt.com/razvan-gorea/profil/spieler/337667","Centre-Back","20","Romania","Cetatea Tg. Nt.",NA,"Romania",NA,TRUE,"loan transfer","Summer",NA,NA,NA,NA
"CSM Ceahlaul Piatra Neamt","Liga 2","Romania","2013","Departures","Sergei Lepmets","https://www.transfermarkt.com/sergei-lepmets/profil/spieler/42775","Goalkeeper","26","Estonia","Without Club",NA,NA,NA,FALSE,"-","Summer",NA,NA,NA,NA
"CSM Ceahlaul Piatra Neamt","Liga 2","Romania","2013","Departures","Darko Lukanovic","https://www.transfermarkt.com/darko-lukanovic/profil/spieler/18784","Centre-Forward","29","Sweden","Without Club",NA,NA,NA,FALSE,"-","Summer",NA,NA,NA,NA
"CSM Ceahlaul Piatra Neamt","Liga 2","Romania","2013","Departures","Nicola Donazzan","https://www.transfermarkt.com/nicola-donazzan/profil/spieler/32084","Left-Back","28","Italy","Without Club",NA,NA,NA,FALSE,"-","Summer",NA,NA,NA,NA
"CSM Ceahlaul Piatra Neamt","Liga 2","Romania","2013","Departures","Martin Jicha","https://www.transfermarkt.com/martin-jicha/profil/spieler/143945","Goalkeeper","23","Czech Republic","Without Club",NA,NA,NA,FALSE,"-","Summer",14,2,0,180
"CSM Ceahlaul Piatra Neamt","Liga 2","Romania","2013","Arrivals","Nicolae Calancea","https://www.transfermarkt.com/nicolae-calancea/profil/spieler/44264","Goalkeeper","27","Moldova","Zimbru Chisinau","Divizia Nationala (-2017)","Moldova",0,FALSE,NA,"Winter",15,10,0,900
"CSM Ceahlaul Piatra Neamt","Liga 2","Romania","2013","Arrivals","Vaidas Slavickas","https://www.transfermarkt.com/vaidas-slavickas/profil/spieler/57458","Left-Back","27","Lithuania","Ekranas","A Lyga","Lithuania",0,FALSE,NA,"Winter",6,6,0,509
"CSM Ceahlaul Piatra Neamt","Liga 2","Romania","2013","Arrivals","Andre Ntambue","https://www.transfermarkt.com/andre-ntambue/profil/spieler/311702","Centre-Forward","21","Netherlands","Diegem Sport",NA,"Belgium",NA,FALSE,"?","Winter",8,5,0,81
"CSM Ceahlaul Piatra Neamt","Liga 2","Romania","2013","Arrivals","Justin Jake Lopes","https://www.transfermarkt.com/justin-jake-lopes/profil/spieler/306833","Left-Back","21","Netherlands","Unknown",NA,NA,NA,FALSE,"?","Winter",0,0,0,0
"CSM Ceahlaul Piatra Neamt","Liga 2","Romania","2013","Arrivals","Andrei Pavel","https://www.transfermarkt.com/andrei-pavel/profil/spieler/210372","Centre-Forward","21","Romania","Cetatea Tg. Nt.",NA,"Romania",NA,TRUE,"End of loan Dec 31, 2013","Winter",NA,NA,NA,NA
"CSM Ceahlaul Piatra Neamt","Liga 2","Romania","2013","Arrivals","Alexandru Margina","https://www.transfermarkt.com/alexandru-margina/profil/spieler/150075","Centre-Forward","20","Romania","Ac. Clinceni","Liga 2","Romania",NA,TRUE,"End of loan Dec 31, 2013","Winter",9,5,0,183
"CSM Ceahlaul Piatra Neamt","Liga 2","Romania","2013","Departures","Aitor Monroy","https://www.transfermarkt.com/aitor-monroy/profil/spieler/71986","Central Midfield","26","Spain","CFR Cluj","SuperLiga","Romania",40000,FALSE,NA,"Winter",NA,NA,NA,NA
"CSM Ceahlaul Piatra Neamt","Liga 2","Romania","2013","Departures","Gelu Velici","https://www.transfermarkt.com/gelu-velici/profil/spieler/238515","Centre-Forward","21","Romania","FC Dinamo","SuperLiga","Romania",25000,TRUE,NA,"Winter",4,2,0,102
"CSM Ceahlaul Piatra Neamt","Liga 2","Romania","2013","Departures","Emil Dica","https://www.transfermarkt.com/emil-dica/profil/spieler/34509","Defensive Midfield","31","Romania","FC Rapid 1923","Liga 2","Romania",0,FALSE,NA,"Winter",8,4,1,130
"CSM Ceahlaul Piatra Neamt","Liga 2","Romania","2013","Departures","Daniel Barna","https://www.transfermarkt.com/daniel-barna/profil/spieler/55275","Left-Back","27","Romania","Farul Constanta","Liga 2","Romania",0,FALSE,NA,"Winter",NA,NA,NA,NA
"CSM Ceahlaul Piatra Neamt","Liga 2","Romania","2013","Departures","Edon Hasani","https://www.transfermarkt.com/edon-hasani/profil/spieler/99342","Central Midfield","22","Albania","ACS Poli","SuperLiga","Romania",0,FALSE,NA,"Winter",8,2,0,58
"CSM Ceahlaul Piatra Neamt","Liga 2","Romania","2013","Departures","Andrei Pavel","https://www.transfermarkt.com/andrei-pavel/profil/spieler/210372","Centre-Forward","21","Romania","Ceahlaul II",NA,"Romania",NA,FALSE,"-","Winter",NA,NA,NA,NA
"Sageata Navodari (- 2015)",NA,NA,"2013","Arrivals","Leonidas Panagopoulos","https://www.transfermarkt.com/leonidas-panagopoulos/profil/spieler/36303","Goalkeeper","26","Greece","Turnu-Severin",NA,"Romania",10000,FALSE,NA,"Summer",32,28,0,2508
"Sageata Navodari (- 2015)",NA,NA,"2013","Arrivals","Alexandru Grigoraș","https://www.transfermarkt.com/alexandru-grigoras/profil/spieler/203090","Centre-Forward","24","Romania","Pandurii ","SuperLiga","Romania",0,FALSE,NA,"Summer",16,10,0,518
"Sageata Navodari (- 2015)",NA,NA,"2013","Arrivals","Andrei Peteleu","https://www.transfermarkt.com/andrei-peteleu/profil/spieler/192870","Right-Back","20","Romania","ASA Tg. Mures","Liga II - Seria II","Romania",0,FALSE,NA,"Summer",31,29,0,2480
"Sageata Navodari (- 2015)",NA,NA,"2013","Arrivals","Cristian Munteanu","https://www.transfermarkt.com/cristian-munteanu/profil/spieler/54755","Centre-Back","32","Romania","FC Brasov","SuperLiga","Romania",0,FALSE,NA,"Summer",33,31,4,2698
"Sageata Navodari (- 2015)",NA,NA,"2013","Arrivals","Ilie Iordache","https://www.transfermarkt.com/ilie-iordache/profil/spieler/47877","Left Winger","28","Romania","ASA Tg. Mures","Liga II - Seria II","Romania",0,FALSE,NA,"Summer",23,15,0,589
"Sageata Navodari (- 2015)",NA,NA,"2013","Arrivals","Apostol Muzac","https://www.transfermarkt.com/apostol-muzac/profil/spieler/48655","Centre-Forward","25","Romania","U Cluj","SuperLiga","Romania",0,FALSE,NA,"Summer",31,26,0,1852
"Sageata Navodari (- 2015)",NA,NA,"2013","Arrivals","Viorel Dinu","https://www.transfermarkt.com/viorel-dinu/profil/spieler/213710","Centre-Forward","33","Romania","U Cluj","SuperLiga","Romania",0,FALSE,NA,"Summer",27,21,5,1333
"Sageata Navodari (- 2015)",NA,NA,"2013","Arrivals","Alexandru Sorian","https://www.transfermarkt.com/alexandru-sorian/profil/spieler/208687","Left Midfield","22","Romania","Bihor Oradea","Liga II - Seria II","Romania",0,FALSE,NA,"Summer",15,10,1,401
"Sageata Navodari (- 2015)",NA,NA,"2013","Arrivals","Sasa Popin","https://www.transfermarkt.com/sasa-popin/profil/spieler/85077","Centre-Forward","23","Serbia","Pandurii ","SuperLiga","Romania",0,FALSE,NA,"Summer",3,3,0,166
"Sageata Navodari (- 2015)",NA,NA,"2013","Arrivals","Florin Achim","https://www.transfermarkt.com/florin-achim/profil/spieler/212679","Right-Back","21","Romania","FCM Baia Mare",NA,"Romania",0,FALSE,NA,"Summer",27,27,1,1865
"Sageata Navodari (- 2015)",NA,NA,"2013","Arrivals","Ousmane N'Doye","https://www.transfermarkt.com/ousmane-ndoye/profil/spieler/6973","Defensive Midfield","35","Senegal","FC Vaslui","SuperLiga","Romania",0,FALSE,NA,"Summer",15,15,0,1210
"Sageata Navodari (- 2015)",NA,NA,"2013","Arrivals","Fonsi","https://www.transfermarkt.com/fonsi/profil/spieler/94781","Left-Back","27","Spain","CD Teruel",NA,"Spain",0,FALSE,NA,"Summer",28,21,0,1834
"Sageata Navodari (- 2015)",NA,NA,"2013","Arrivals","Sorin Chitu","https://www.transfermarkt.com/sorin-chitu/profil/spieler/208783","Centre-Forward","32","Romania","Farul Constanta","Liga 2","Romania",NA,FALSE,"?","Summer",22,16,4,623
"Sageata Navodari (- 2015)",NA,NA,"2013","Arrivals","Valeriu Lupu","https://www.transfermarkt.com/valeriu-lupu/profil/spieler/147996","Left-Back","22","Romania","FCSB","SuperLiga","Romania",NA,TRUE,"loan transfer","Summer",16,10,1,597
"Sageata Navodari (- 2015)",NA,NA,"2013","Arrivals","Andrei Florean","https://www.transfermarkt.com/andrei-florean/profil/spieler/170840","Right Midfield","21","Romania","Bihor Oradea","Liga II - Seria II","Romania",NA,TRUE,"loan transfer","Summer",12,11,0,842
"Sageata Navodari (- 2015)",NA,NA,"2013","Arrivals","Krisztián Pogacsics","https://www.transfermarkt.com/krisztian-pogacsics/profil/spieler/43354","Goalkeeper","27","Hungary","Bihor Oradea","Liga II - Seria II","Romania",NA,TRUE,"loan transfer","Summer",17,5,0,450
"Sageata Navodari (- 2015)",NA,NA,"2013","Arrivals","Mihai Roman","https://www.transfermarkt.com/mihai-roman/profil/spieler/135566","Centre-Forward","21","Romania","Petrolul","SuperLiga","Romania",NA,TRUE,"loan transfer","Summer",26,21,3,1363
"Sageata Navodari (- 2015)",NA,NA,"2013","Arrivals","Ioan Mera","https://www.transfermarkt.com/ioan-mera/profil/spieler/103523","Centre-Back","26","Romania","Without Club",NA,NA,NA,FALSE,"-","Summer",10,8,1,608
"Sageata Navodari (- 2015)",NA,NA,"2013","Arrivals","Hristu Chiacu","https://www.transfermarkt.com/hristu-chiacu/profil/spieler/41623","Right Midfield","26","Romania","Without Club",NA,NA,NA,FALSE,"-","Summer",12,6,0,151
"Sageata Navodari (- 2015)",NA,NA,"2013","Departures","Valentin Crețu","https://www.transfermarkt.com/valentin-cretu/profil/spieler/79507","Right-Back","24","Romania","Concordia","SuperLiga","Romania",0,FALSE,NA,"Summer",NA,NA,NA,NA
"Sageata Navodari (- 2015)",NA,NA,"2013","Departures","Gheorghe Goșa","https://www.transfermarkt.com/gheorghe-gosa/profil/spieler/172785","Centre-Back","32","Romania","FC Caransebes",NA,"Romania",0,FALSE,NA,"Summer",NA,NA,NA,NA
"Sageata Navodari (- 2015)",NA,NA,"2013","Departures","Adrian Viciu","https://www.transfermarkt.com/adrian-viciu/profil/spieler/156654","Goalkeeper","22","Romania","ASA Tg. Mures","Liga II - Seria II","Romania",0,FALSE,NA,"Summer",NA,NA,NA,NA
"Sageata Navodari (- 2015)",NA,NA,"2013","Departures","Andrei Bozesan","https://www.transfermarkt.com/andrei-bozesan/profil/spieler/46512","Central Midfield","25","Romania","Gaz Metan","SuperLiga","Romania",0,FALSE,NA,"Summer",NA,NA,NA,NA
"Sageata Navodari (- 2015)",NA,NA,"2013","Departures","Alexandru Ologu","https://www.transfermarkt.com/alexandru-ologu/profil/spieler/105682","Central Midfield","24","Romania","FC Olt Slatina","Liga II - Seria II","Romania",0,FALSE,NA,"Summer",NA,NA,NA,NA
"Sageata Navodari (- 2015)",NA,NA,"2013","Departures","Cristian Pantelie","https://www.transfermarkt.com/cristian-pantelie/profil/spieler/104552","Right Winger","28","Romania","Delta Dobrogea",NA,"Romania",0,FALSE,NA,"Summer",NA,NA,NA,NA
"Sageata Navodari (- 2015)",NA,NA,"2013","Departures","Cristian Coconasu","https://www.transfermarkt.com/cristian-coconasu/profil/spieler/208784","Defensive Midfield","28","Romania","Farul Constanta","Liga 2","Romania",0,FALSE,NA,"Summer",NA,NA,NA,NA
"Sageata Navodari (- 2015)",NA,NA,"2013","Departures","Vasile Sicu","https://www.transfermarkt.com/vasile-sicu/profil/spieler/208868","Right Midfield","27","Romania","Callatis",NA,"Romania",0,FALSE,NA,"Summer",NA,NA,NA,NA
"Sageata Navodari (- 2015)",NA,NA,"2013","Departures","Sergiu Bar","https://www.transfermarkt.com/sergiu-bar/profil/spieler/156362","Centre-Back","33","Romania","CS Afumati",NA,"Romania",0,FALSE,NA,"Summer",NA,NA,NA,NA
"Sageata Navodari (- 2015)",NA,NA,"2013","Departures","Dorel Zaharia","https://www.transfermarkt.com/dorel-zaharia/profil/spieler/46682","Centre-Forward","35","Romania","Granit. Babadag",NA,"Romania",0,FALSE,NA,"Summer",NA,NA,NA,NA
"Sageata Navodari (- 2015)",NA,NA,"2013","Departures","Florin Bold","https://www.transfermarkt.com/florin-bold/profil/spieler/64262","Right-Back","23","Romania","ASA Tg. Mures","Liga II - Seria II","Romania",0,FALSE,NA,"Summer",NA,NA,NA,NA
"Sageata Navodari (- 2015)",NA,NA,"2013","Departures","Alassane Diaby","https://www.transfermarkt.com/alassane-diaby/profil/spieler/178270","Defensive Midfield","20","Cote d'Ivoire","Without Club",NA,NA,NA,FALSE,"-","Summer",NA,NA,NA,NA
"Sageata Navodari (- 2015)",NA,NA,"2013","Departures","Theo Samata","https://www.transfermarkt.com/theo-samata/profil/spieler/208820","Midfielder","21","Romania",NA,NA,NA,NA,FALSE,"-","Summer",NA,NA,NA,NA
"Sageata Navodari (- 2015)",NA,NA,"2013","Departures","Florin Naziru","https://www.transfermarkt.com/florin-naziru/profil/spieler/224397","Defender","20","Romania","Without Club",NA,NA,NA,FALSE,"-","Summer",NA,NA,NA,NA
"Sageata Navodari (- 2015)",NA,NA,"2013","Departures","Florin Anitoiu","https://www.transfermarkt.com/florin-anitoiu/profil/spieler/227992","Left-Back","19","Romania","LPS Banatul",NA,"Romania",NA,TRUE,"End of loan Jun 30, 2013","Summer",NA,NA,NA,NA
"Sageata Navodari (- 2015)",NA,NA,"2013","Departures","Dumitru Bangheorghe","https://www.transfermarkt.com/dumitru-bangheorghe/profil/spieler/269785","Attacking Midfield","19","Romania","FCV Farul","SuperLiga","Romania",NA,TRUE,"End of loan Jun 30, 2013","Summer",NA,NA,NA,NA
"Sageata Navodari (- 2015)",NA,NA,"2013","Arrivals","Alexandru Tudose","https://www.transfermarkt.com/alexandru-tudose/profil/spieler/34941","Centre-Back","26","Romania","FC Brasov-SR","SuperLiga","Romania",0,FALSE,NA,"Winter",12,9,0,335
"Sageata Navodari (- 2015)",NA,NA,"2013","Arrivals","Emilio Guerra","https://www.transfermarkt.com/emilio-guerra/profil/spieler/65245","Centre-Forward","31","Spain","AO Kavala","Football League North","Greece",0,FALSE,NA,"Winter",14,13,2,1023
"Sageata Navodari (- 2015)",NA,NA,"2013","Arrivals","Dulee Johnson","https://www.transfermarkt.com/dulee-johnson/profil/spieler/27288","Central Midfield","29","Liberia","Brage","Ettan Norra","Sweden",0,FALSE,NA,"Winter",15,15,0,1333
"Sageata Navodari (- 2015)",NA,NA,"2013","Arrivals","Valentin Bărbulescu","https://www.transfermarkt.com/valentin-barbulescu/profil/spieler/203084","Defensive Midfield","28","Romania","Rm. Valcea","Liga II - Seria II","Romania",0,FALSE,NA,"Winter",10,3,0,42
"Sageata Navodari (- 2015)",NA,NA,"2013","Arrivals","Milos Deletic","https://www.transfermarkt.com/milos-deletic/profil/spieler/203608","Right Winger","20","Serbia","Napredak","Super liga Srbije","Serbia",0,FALSE,NA,"Winter",15,15,2,1134
"Sageata Navodari (- 2015)",NA,NA,"2013","Arrivals","Idan Baruch","https://www.transfermarkt.com/idan-baruch/profil/spieler/200302","Goalkeeper","23","Israel","Unirea Slobozia","Liga 2","Romania",0,FALSE,NA,"Winter",1,0,0,0
"Sageata Navodari (- 2015)",NA,NA,"2013","Arrivals","Claudiu Baican","https://www.transfermarkt.com/claudiu-baican/profil/spieler/102963","Goalkeeper","25","Romania","Vallée d’Aoste","Serie D - A","Italy",0,FALSE,NA,"Winter",15,3,0,192
"Sageata Navodari (- 2015)",NA,NA,"2013","Arrivals","Borja Navarro","https://www.transfermarkt.com/borja-navarro/profil/spieler/127988","Centre-Back","25","Spain","Betis Deportivo",NA,"Spain",0,FALSE,NA,"Winter",6,5,0,251
"Sageata Navodari (- 2015)",NA,NA,"2013","Arrivals","Silviu Pană","https://www.transfermarkt.com/silviu-pana/profil/spieler/199686","Central Midfield","22","Romania","Concordia","SuperLiga","Romania",NA,TRUE,"loan transfer","Winter",12,10,2,635
"Sageata Navodari (- 2015)",NA,NA,"2013","Departures","Ioan Mera","https://www.transfermarkt.com/ioan-mera/profil/spieler/103523","Centre-Back","27","Romania","ACS Poli","SuperLiga","Romania",0,FALSE,NA,"Winter",10,8,1,608
"Sageata Navodari (- 2015)",NA,NA,"2013","Departures","Claudiu Puia","https://www.transfermarkt.com/claudiu-puia/profil/spieler/46632","Goalkeeper","26","Romania","Farul Constanta","Liga 2","Romania",0,FALSE,NA,"Winter",NA,NA,NA,NA
"Sageata Navodari (- 2015)",NA,NA,"2013","Departures","Valentin Apostol","https://www.transfermarkt.com/valentin-apostol/profil/spieler/208778","Central Midfield","29","Romania","Farul Constanta","Liga 2","Romania",0,FALSE,NA,"Winter",5,3,0,139
"Sageata Navodari (- 2015)",NA,NA,"2013","Departures","Ousmane N'Doye","https://www.transfermarkt.com/ousmane-ndoye/profil/spieler/6973","Defensive Midfield","35","Senegal","ASA Tg. Mures","Liga II - Seria II","Romania",0,FALSE,NA,"Winter",15,15,0,1210
"Sageata Navodari (- 2015)",NA,NA,"2013","Departures","Adrian Ghinea","https://www.transfermarkt.com/adrian-ghinea/profil/spieler/281573","Centre-Back","20","Romania","Farul Constanta","Liga 2","Romania",0,FALSE,NA,"Winter",7,1,0,90
"Sageata Navodari (- 2015)",NA,NA,"2013","Departures","Alexandru Sorian","https://www.transfermarkt.com/alexandru-sorian/profil/spieler/208687","Left Midfield","23","Romania","Bihor Oradea","Liga II - Seria II","Romania",NA,TRUE,"loan transfer","Winter",15,10,1,401
"Sageata Navodari (- 2015)",NA,NA,"2013","Departures","Vlad Gordin","https://www.transfermarkt.com/vlad-gordin/profil/spieler/208796","Goalkeeper","26","Romania","FC Rapid 1923","Liga 2","Romania",NA,TRUE,"loan transfer","Winter",5,0,0,0
"Sageata Navodari (- 2015)",NA,NA,"2013","Departures","Sasa Popin","https://www.transfermarkt.com/sasa-popin/profil/spieler/85077","Centre-Forward","24","Serbia","Without Club",NA,NA,NA,FALSE,"-","Winter",3,3,0,166
"Sageata Navodari (- 2015)",NA,NA,"2013","Departures","Krisztián Pogacsics","https://www.transfermarkt.com/krisztian-pogacsics/profil/spieler/43354","Goalkeeper","28","Hungary","Bihor Oradea","Liga II - Seria II","Romania",NA,TRUE,"End of loan Jan 9, 2014","Winter",17,5,0,450
"Sageata Navodari (- 2015)",NA,NA,"2013","Departures","Andrei Florean","https://www.transfermarkt.com/andrei-florean/profil/spieler/170840","Right Midfield","21","Romania","Bihor Oradea","Liga II - Seria II","Romania",NA,TRUE,"End of loan Jan 8, 2014","Winter",12,11,0,842
"ACS Poli Timisoara (2012 - 2021)",NA,NA,"2013","Arrivals","Claudiu Belu","https://www.transfermarkt.com/claudiu-belu/profil/spieler/208716","Right-Back","19","Romania","Concordia","SuperLiga","Romania",0,FALSE,NA,"Summer",24,21,1,1675
"ACS Poli Timisoara (2012 - 2021)",NA,NA,"2013","Arrivals","Souleymane Keita","https://www.transfermarkt.com/souleymane-keita/profil/spieler/105584","Right Midfield","25","Senegal","ACSM Poli Iasi","Liga 2","Romania",0,FALSE,NA,"Summer",22,14,0,668
"ACS Poli Timisoara (2012 - 2021)",NA,NA,"2013","Arrivals","Furtado","https://www.transfermarkt.com/furtado/profil/spieler/39089","Centre-Forward","30","Portugal","AEK Athens",NA,"Greece",0,FALSE,NA,"Summer",13,10,0,445
"ACS Poli Timisoara (2012 - 2021)",NA,NA,"2013","Arrivals","Alexandru Popovici","https://www.transfermarkt.com/alexandru-popovici/profil/spieler/69564","Right Winger","24","Romania","Concordia","SuperLiga","Romania",0,FALSE,NA,"Summer",32,27,1,1520
"ACS Poli Timisoara (2012 - 2021)",NA,NA,"2013","Arrivals","Cristian Scutaru","https://www.transfermarkt.com/cristian-scutaru/profil/spieler/47181","Centre-Back","26","Romania","FC Dinamo","SuperLiga","Romania",0,FALSE,NA,"Summer",30,29,0,2488
"ACS Poli Timisoara (2012 - 2021)",NA,NA,"2013","Arrivals","Eduard Nicola","https://www.transfermarkt.com/eduard-nicola/profil/spieler/157023","Left-Back","30","Romania","U Cluj","SuperLiga","Romania",0,FALSE,NA,"Summer",14,11,0,811
"ACS Poli Timisoara (2012 - 2021)",NA,NA,"2013","Arrivals","Ion Dragu","https://www.transfermarkt.com/ion-dragu/profil/spieler/212737","Left-Back","27","Romania","CS Mioveni","Liga II - Seria II","Romania",0,FALSE,NA,"Summer",3,1,0,21
"ACS Poli Timisoara (2012 - 2021)",NA,NA,"2013","Arrivals","Nuno Claro","https://www.transfermarkt.com/nuno-claro/profil/spieler/14344","Goalkeeper","36","Portugal","CFR Cluj","SuperLiga","Romania",0,FALSE,NA,"Summer",30,30,0,2620
"ACS Poli Timisoara (2012 - 2021)",NA,NA,"2013","Arrivals","Robert Lică","https://www.transfermarkt.com/robert-lica/profil/spieler/272613","Central Midfield","15","Romania","Turnu-Severin",NA,"Romania",0,FALSE,NA,"Summer",NA,NA,NA,NA
"ACS Poli Timisoara (2012 - 2021)",NA,NA,"2013","Arrivals","Razvan Moldovan","https://www.transfermarkt.com/razvan-moldovan/profil/spieler/291488","Attacking Midfield","20","Romania","U Cluj","SuperLiga","Romania",0,FALSE,NA,"Summer",2,1,0,7
"ACS Poli Timisoara (2012 - 2021)",NA,NA,"2013","Arrivals","Jorge Ruiz","https://www.transfermarkt.com/jorge-ruiz/profil/spieler/278095","Centre-Forward","24","Venezuela","Tucanes FC","Liga FUTVE Apertura","Venezuela",NA,FALSE,"?","Summer",6,3,0,54
"ACS Poli Timisoara (2012 - 2021)",NA,NA,"2013","Arrivals","Nicolás Gorobsov","https://www.transfermarkt.com/nicolas-gorobsov/profil/spieler/75611","Defensive Midfield","23","Argentina","Torino","Serie A","Italy",NA,TRUE,"loan transfer","Summer",26,24,2,1605
"ACS Poli Timisoara (2012 - 2021)",NA,NA,"2013","Arrivals","Silviu Balaure","https://www.transfermarkt.com/silviu-balaure/profil/spieler/296585","Right Midfield","17","Romania","Poli Tim. U19",NA,"Romania",NA,FALSE,"-","Summer",11,3,0,124
"ACS Poli Timisoara (2012 - 2021)",NA,NA,"2013","Arrivals","Róbert Szalkai","https://www.transfermarkt.com/robert-szalkai/profil/spieler/227522","Left-Back","20","Romania","Mil. Giarmata",NA,"Romania",NA,TRUE,"End of loan Jun 30, 2013","Summer",NA,NA,NA,NA
"ACS Poli Timisoara (2012 - 2021)",NA,NA,"2013","Departures","Mihai Dina","https://www.transfermarkt.com/mihai-dina/profil/spieler/47575","Centre-Forward","27","Romania","Aris Limassol","Cyprus League","Cyprus",0,FALSE,NA,"Summer",NA,NA,NA,NA
"ACS Poli Timisoara (2012 - 2021)",NA,NA,"2013","Departures","Sakir Redzepi","https://www.transfermarkt.com/sakir-redzepi/profil/spieler/66187","Centre-Back","25","North Macedonia","Shkendija","Prva liga","North Macedonia",0,FALSE,NA,"Summer",NA,NA,NA,NA
"ACS Poli Timisoara (2012 - 2021)",NA,NA,"2013","Departures","Marco Enciu","https://www.transfermarkt.com/marco-enciu/profil/spieler/241272","Centre-Forward","25","Romania","Sportul Snagov","Liga II - Seria II","Romania",0,FALSE,NA,"Summer",NA,NA,NA,NA
"ACS Poli Timisoara (2012 - 2021)",NA,NA,"2013","Departures","Eugen Miculescu","https://www.transfermarkt.com/eugen-miculescu/profil/spieler/212819","Centre-Back","30","Romania","Unknown",NA,NA,0,FALSE,NA,"Summer",NA,NA,NA,NA
"ACS Poli Timisoara (2012 - 2021)",NA,NA,"2013","Departures","Mihai Gherasim","https://www.transfermarkt.com/mihai-gherasim/profil/spieler/175187","Goalkeeper","20","Romania","Gloria Buzau","Liga 2","Romania",0,FALSE,NA,"Summer",NA,NA,NA,NA
"ACS Poli Timisoara (2012 - 2021)",NA,NA,"2013","Departures","Razvan Dobricean","https://www.transfermarkt.com/razvan-dobricean/profil/spieler/208712","Attacking Midfield","22","Romania","National Sebis",NA,"Romania",NA,TRUE,"loan transfer","Summer",0,0,0,0
"ACS Poli Timisoara (2012 - 2021)",NA,NA,"2013","Departures","Andrei Artean","https://www.transfermarkt.com/andrei-artean/profil/spieler/241254","Defensive Midfield","19","Romania","FC Caransebes",NA,"Romania",NA,TRUE,"loan transfer","Summer",0,0,0,0
"ACS Poli Timisoara (2012 - 2021)",NA,NA,"2013","Departures","Alexandru Bostina","https://www.transfermarkt.com/alexandru-bostina/profil/spieler/226694","Centre-Forward","22","Romania","Without Club",NA,NA,NA,FALSE,"-","Summer",NA,NA,NA,NA
"ACS Poli Timisoara (2012 - 2021)",NA,NA,"2013","Arrivals","Ioan Mera","https://www.transfermarkt.com/ioan-mera/profil/spieler/103523","Centre-Back","27","Romania","Sageata Navodar","SuperLiga","Romania",0,FALSE,NA,"Winter",13,13,0,1090
"ACS Poli Timisoara (2012 - 2021)",NA,NA,"2013","Arrivals","Marius Staicu","https://www.transfermarkt.com/marius-staicu/profil/spieler/289836","Centre-Forward","26","Romania","Sportul Snagov","Liga II - Seria II","Romania",0,FALSE,NA,"Winter",1,1,0,86
"ACS Poli Timisoara (2012 - 2021)",NA,NA,"2013","Arrivals","Mansour Gueye","https://www.transfermarkt.com/mansour-gueye/profil/spieler/33744","Left Winger","28","Senegal","Ordabasy","Premier Liga","Kazakhstan",0,FALSE,NA,"Winter",6,5,0,266
"ACS Poli Timisoara (2012 - 2021)",NA,NA,"2013","Arrivals","Danijel Morariju","https://www.transfermarkt.com/danijel-morariju/profil/spieler/107849","Left-Back","23","Serbia","KS Lushnja","Kategoria Superiore","Albania",0,FALSE,NA,"Winter",13,12,0,1020
"ACS Poli Timisoara (2012 - 2021)",NA,NA,"2013","Arrivals","Esmir Ahmetovic","https://www.transfermarkt.com/esmir-ahmetovic/profil/spieler/214781","Defensive Midfield","23","Bosnia-Herzegovina","Unknown",NA,NA,0,FALSE,NA,"Winter",4,2,0,62
"ACS Poli Timisoara (2012 - 2021)",NA,NA,"2013","Arrivals","Edon Hasani","https://www.transfermarkt.com/edon-hasani/profil/spieler/99342","Central Midfield","22","Albania","Ceahlaul","SuperLiga","Romania",0,FALSE,NA,"Winter",6,5,0,251
"ACS Poli Timisoara (2012 - 2021)",NA,NA,"2013","Arrivals","Wilson Kneeshaw","https://www.transfermarkt.com/wilson-kneeshaw/profil/spieler/180447","Centre-Forward","19","England","Boro U21","Premier League 2","England",0,FALSE,NA,"Winter",4,4,0,64
"ACS Poli Timisoara (2012 - 2021)",NA,NA,"2013","Arrivals","Alin Roman","https://www.transfermarkt.com/alin-roman/profil/spieler/186741","Attacking Midfield","19","Romania","Avicola Buzias",NA,"Romania",NA,TRUE,"loan transfer","Winter",7,3,0,139
"ACS Poli Timisoara (2012 - 2021)",NA,NA,"2013","Arrivals","Fabian Himcinschi","https://www.transfermarkt.com/fabian-himcinschi/profil/spieler/149531","Centre-Forward","19","Romania","Empoli U20","Primavera A","Italy",NA,TRUE,"loan transfer","Winter",4,2,0,17
"ACS Poli Timisoara (2012 - 2021)",NA,NA,"2013","Arrivals","Alin Dobrosavlevici","https://www.transfermarkt.com/alin-dobrosavlevici/profil/spieler/213589","Centre-Back","19","Romania","Avicola Buzias",NA,"Romania",NA,TRUE,"loan transfer","Winter",3,1,0,81
"ACS Poli Timisoara (2012 - 2021)",NA,NA,"2013","Departures","Eduard Nicola","https://www.transfermarkt.com/eduard-nicola/profil/spieler/157023","Left-Back","30","Romania","Rm. Valcea","Liga II - Seria II","Romania",0,FALSE,NA,"Winter",14,11,0,811
"ACS Poli Timisoara (2012 - 2021)",NA,NA,"2013","Departures","Jorge Ruiz","https://www.transfermarkt.com/jorge-ruiz/profil/spieler/278095","Centre-Forward","24","Venezuela","CS Afumati",NA,"Romania",NA,FALSE,"?","Winter",6,3,0,54
"ACS Poli Timisoara (2012 - 2021)",NA,NA,"2013","Departures","Róbert Szalkai","https://www.transfermarkt.com/robert-szalkai/profil/spieler/227522","Left-Back","21","Romania","Olimpia SM","Liga II - Seria II","Romania",NA,TRUE,"loan transfer","Winter",NA,NA,NA,NA
"ACS Poli Timisoara (2012 - 2021)",NA,NA,"2013","Departures","Razvan Moldovan","https://www.transfermarkt.com/razvan-moldovan/profil/spieler/291488","Attacking Midfield","20","Romania","Without Club",NA,NA,NA,FALSE,"-","Winter",2,1,0,7
