"team_name","league","country","season","transfer_type","player_name","player_url","player_position","player_age","player_nationality","club_2","league_2","country_2","transfer_fee","is_loan","transfer_notes","window","in_squad","appearances","goals","minutes_played"
"FCSB","SuperLiga","Romania","2017","Arrivals","Florinel Coman","https://www.transfermarkt.com/florinel-coman/profil/spieler/340982","Left Winger","19","Romania","FCV Farul","SuperLiga","Romania",3e+06,FALSE,NA,"Summer",36,30,4,1506
"FCSB","SuperLiga","Romania","2017","Arrivals","Dragoș Nedelcu","https://www.transfermarkt.com/dragos-nedelcu/profil/spieler/295868","Defensive Midfield","20","Romania","FCV Farul","SuperLiga","Romania",2130000,FALSE,NA,"Summer",36,26,1,1893
"FCSB","SuperLiga","Romania","2017","Arrivals","Constantin Budescu","https://www.transfermarkt.com/constantin-budescu/profil/spieler/164233","Attacking Midfield","28","Romania","Astra Giurgiu","SuperLiga","Romania",750000,FALSE,NA,"Summer",37,37,14,2677
"FCSB","SuperLiga","Romania","2017","Arrivals","Romario Benzar","https://www.transfermarkt.com/romario-benzar/profil/spieler/164231","Right-Back","25","Romania","FCV Farul","SuperLiga","Romania",7e+05,FALSE,NA,"Summer",25,24,1,2095
"FCSB","SuperLiga","Romania","2017","Arrivals","Cătălin Golofca","https://www.transfermarkt.com/catalin-golofca/profil/spieler/241234","Right Winger","27","Romania","FC Botosani","SuperLiga","Romania",4e+05,FALSE,NA,"Summer",17,15,1,800
"FCSB","SuperLiga","Romania","2017","Arrivals","Andrei Vlad","https://www.transfermarkt.com/andrei-vlad/profil/spieler/424302","Goalkeeper","18","Romania","CS U Craiova","SuperLiga","Romania",4e+05,FALSE,NA,"Summer",31,11,0,990
"FCSB","SuperLiga","Romania","2017","Arrivals","Bogdan Planic","https://www.transfermarkt.com/bogdan-planic/profil/spieler/180360","Centre-Back","25","Serbia","Vojvodina","Super liga Srbije","Serbia",3e+05,FALSE,NA,"Summer",28,28,1,2509
"FCSB","SuperLiga","Romania","2017","Arrivals","Aristidis Soiledis","https://www.transfermarkt.com/aristidis-soiledis/profil/spieler/63490","Left-Back","28","Greece","FC Botosani","SuperLiga","Romania",75000,FALSE,NA,"Summer",NA,NA,NA,NA
"FCSB","SuperLiga","Romania","2017","Arrivals","Toma Niga","https://www.transfermarkt.com/toma-niga/profil/spieler/276907","Goalkeeper","19","Romania","Foresta Suceava","Liga 2","Romania",30000,FALSE,NA,"Summer",NA,NA,NA,NA
"FCSB","SuperLiga","Romania","2017","Arrivals","Robert Grecu","https://www.transfermarkt.com/robert-grecu/profil/spieler/295824","Right Winger","19","Romania","FCV Farul","SuperLiga","Romania",30000,TRUE,NA,"Summer",8,2,0,54
"FCSB","SuperLiga","Romania","2017","Arrivals","Júnior Morais","https://www.transfermarkt.com/junior-morais/profil/spieler/125069","Left-Back","30","Brazil","Astra Giurgiu","SuperLiga","Romania",0,FALSE,NA,"Summer",43,32,2,2520
"FCSB","SuperLiga","Romania","2017","Arrivals","Ionuț Larie","https://www.transfermarkt.com/ionut-larie/profil/spieler/46582","Centre-Back","30","Romania","CFR Cluj","SuperLiga","Romania",0,FALSE,NA,"Summer",36,24,1,1981
"FCSB","SuperLiga","Romania","2017","Arrivals","Filipe Teixeira","https://www.transfermarkt.com/filipe-teixeira/profil/spieler/5568","Right Winger","36","Portugal","Astra Giurgiu","SuperLiga","Romania",0,FALSE,NA,"Summer",37,36,5,2171
"FCSB","SuperLiga","Romania","2017","Arrivals","Artur Jorge","https://www.transfermarkt.com/artur-jorge/profil/spieler/276030","Centre-Back","23","Portugal","SC Braga","Liga Portugal","Portugal",NA,TRUE,"loan transfer","Summer",6,4,0,336
"FCSB","SuperLiga","Romania","2017","Arrivals","Daniel Benzar","https://www.transfermarkt.com/daniel-benzar/profil/spieler/382821","Left Winger","19","Romania","FCSB U21",NA,"Romania",NA,FALSE,"-","Summer",18,12,4,511
"FCSB","SuperLiga","Romania","2017","Arrivals","Jugurtha Hamroun","https://www.transfermarkt.com/jugurtha-hamroun/profil/spieler/81563","Left Winger","28","Algeria","Al-Sadd","Stars League","Qatar",NA,TRUE,"End of loan Jun 30, 2017","Summer",NA,NA,NA,NA
"FCSB","SuperLiga","Romania","2017","Arrivals","Cătălin Ștefănescu","https://www.transfermarkt.com/catalin-stefanescu/profil/spieler/243762","Left Winger","22","Romania","ACSM Poli Iasi","SuperLiga","Romania",NA,TRUE,"End of loan Jun 30, 2017","Summer",NA,NA,NA,NA
"FCSB","SuperLiga","Romania","2017","Arrivals","Valentin Cojocaru","https://www.transfermarkt.com/valentin-cojocaru/profil/spieler/200616","Goalkeeper","21","Romania","Crotone","Serie A","Italy",NA,TRUE,"End of loan Jun 30, 2017","Summer",NA,NA,NA,NA
"FCSB","SuperLiga","Romania","2017","Arrivals","Daniel Popescu","https://www.transfermarkt.com/daniel-popescu/profil/spieler/64224","Left-Back","29","Romania","Concordia","SuperLiga","Romania",NA,TRUE,"End of loan Jun 30, 2017","Summer",NA,NA,NA,NA
"FCSB","SuperLiga","Romania","2017","Arrivals","Rareș Enceanu","https://www.transfermarkt.com/rares-enceanu/profil/spieler/221811","Central Midfield","22","Romania","FC Brasov","Liga 2","Romania",NA,TRUE,"End of loan Jun 30, 2017","Summer",NA,NA,NA,NA
"FCSB","SuperLiga","Romania","2017","Arrivals","Robert Vîlceanu","https://www.transfermarkt.com/robert-vilceanu/profil/spieler/289295","Attacking Midfield","20","Romania","UTA Arad","Liga 2","Romania",NA,TRUE,"End of loan Jun 30, 2017","Summer",NA,NA,NA,NA
"FCSB","SuperLiga","Romania","2017","Arrivals","Sebastian Chitosca","https://www.transfermarkt.com/sebastian-chitosca/profil/spieler/192864","Left Midfield","24","Romania","FC Brasov","Liga 2","Romania",NA,TRUE,"End of loan Jun 30, 2017","Summer",NA,NA,NA,NA
"FCSB","SuperLiga","Romania","2017","Arrivals","Ionuț Poiană","https://www.transfermarkt.com/ionut-poiana/profil/spieler/300872","Goalkeeper","19","Romania","Luceafarul","Liga 2","Romania",NA,TRUE,"End of loan Sep 16, 2017","Summer",NA,NA,NA,NA
"FCSB","SuperLiga","Romania","2017","Arrivals","Cristian Onțel","https://www.transfermarkt.com/cristian-ontel/profil/spieler/346113","Left Midfield","19","Romania","Ac. Clinceni","Liga 2","Romania",NA,TRUE,"End of loan Jun 30, 2017","Summer",NA,NA,NA,NA
"FCSB","SuperLiga","Romania","2017","Arrivals","Mario Mihai","https://www.transfermarkt.com/mario-mihai/profil/spieler/449697","Left-Back","18","Romania","Ac. Clinceni","Liga 2","Romania",NA,TRUE,"End of loan Sep 3, 2017","Summer",2,2,0,180
"FCSB","SuperLiga","Romania","2017","Arrivals","Vlad Mihalcea","https://www.transfermarkt.com/vlad-mihalcea/profil/spieler/341143","Attacking Midfield","18","Romania","ACS Poli","SuperLiga","Romania",NA,TRUE,"End of loan Aug 10, 2017","Summer",NA,NA,NA,NA
"FCSB","SuperLiga","Romania","2017","Departures","Fernando Boldrin","https://www.transfermarkt.com/fernando-boldrin/profil/spieler/144752","Attacking Midfield","28","Brazil","Kayserispor","Süper Lig","Türkiye",1200000,FALSE,NA,"Summer",NA,NA,NA,NA
"FCSB","SuperLiga","Romania","2017","Departures","Jugurtha Hamroun","https://www.transfermarkt.com/jugurtha-hamroun/profil/spieler/81563","Left Winger","28","Algeria","Al-Sadd","Stars League","Qatar",1e+06,FALSE,NA,"Summer",NA,NA,NA,NA
"FCSB","SuperLiga","Romania","2017","Departures","Antonio Jakolis","https://www.transfermarkt.com/antonio-jakolis/profil/spieler/81349","Right Winger","25","Croatia","Apol. Limassol","Cyprus League","Cyprus",25000,TRUE,NA,"Summer",NA,NA,NA,NA
"FCSB","SuperLiga","Romania","2017","Departures","Cătălin Ștefănescu","https://www.transfermarkt.com/catalin-stefanescu/profil/spieler/243762","Left Winger","22","Romania","ACSM Poli Iasi","SuperLiga","Romania",15000,FALSE,NA,"Summer",NA,NA,NA,NA
"FCSB","SuperLiga","Romania","2017","Departures","Wilfred Moke","https://www.transfermarkt.com/wilfred-moke/profil/spieler/98195","Defensive Midfield","29","DR Congo","Konyaspor","Süper Lig","Türkiye",0,FALSE,NA,"Summer",NA,NA,NA,NA
"FCSB","SuperLiga","Romania","2017","Departures","Gabriel Tamaș","https://www.transfermarkt.com/gabriel-tamas/profil/spieler/6893","Centre-Back","33","Romania","Hapoel Haifa","Ligat ha'Al","Israel",0,FALSE,NA,"Summer",NA,NA,NA,NA
"FCSB","SuperLiga","Romania","2017","Departures","Robert Vîlceanu","https://www.transfermarkt.com/robert-vilceanu/profil/spieler/289295","Attacking Midfield","20","Romania","Astra Giurgiu","SuperLiga","Romania",0,FALSE,NA,"Summer",NA,NA,NA,NA
"FCSB","SuperLiga","Romania","2017","Departures","Alexandru Tudorie","https://www.transfermarkt.com/alexandru-tudorie/profil/spieler/260139","Centre-Forward","21","Romania","FC Voluntari","SuperLiga","Romania",0,FALSE,NA,"Summer",NA,NA,NA,NA
"FCSB","SuperLiga","Romania","2017","Departures","Sebastian Chitosca","https://www.transfermarkt.com/sebastian-chitosca/profil/spieler/192864","Left Midfield","24","Romania","FC Botosani","SuperLiga","Romania",0,FALSE,NA,"Summer",NA,NA,NA,NA
"FCSB","SuperLiga","Romania","2017","Departures","Toma Niga","https://www.transfermarkt.com/toma-niga/profil/spieler/276907","Goalkeeper","19","Romania","Ac. Clinceni","Liga 2","Romania",NA,TRUE,"loan transfer","Summer",NA,NA,NA,NA
"FCSB","SuperLiga","Romania","2017","Departures","Theodor Bota","https://www.transfermarkt.com/theodor-bota/profil/spieler/364704","Centre-Forward","20","Romania","Ac. Clinceni","Liga 2","Romania",NA,TRUE,"loan transfer","Summer",NA,NA,NA,NA
"FCSB","SuperLiga","Romania","2017","Departures","Ionuț Poiană","https://www.transfermarkt.com/ionut-poiana/profil/spieler/300872","Goalkeeper","19","Romania","National Sebis",NA,"Romania",NA,TRUE,"loan transfer","Summer",NA,NA,NA,NA
"FCSB","SuperLiga","Romania","2017","Departures","Gabriel Simion","https://www.transfermarkt.com/gabriel-simion/profil/spieler/447557","Defensive Midfield","19","Romania","Ac. Clinceni","Liga 2","Romania",NA,TRUE,"loan transfer","Summer",NA,NA,NA,NA
"FCSB","SuperLiga","Romania","2017","Departures","Ionuț Poiană","https://www.transfermarkt.com/ionut-poiana/profil/spieler/300872","Goalkeeper","19","Romania","Luceafarul","Liga 2","Romania",NA,TRUE,"loan transfer","Summer",NA,NA,NA,NA
"FCSB","SuperLiga","Romania","2017","Departures","Vlad Mihalcea","https://www.transfermarkt.com/vlad-mihalcea/profil/spieler/341143","Attacking Midfield","18","Romania","Ac. Clinceni","Liga 2","Romania",NA,TRUE,"loan transfer","Summer",NA,NA,NA,NA
"FCSB","SuperLiga","Romania","2017","Departures","Mario Mihai","https://www.transfermarkt.com/mario-mihai/profil/spieler/449697","Left-Back","18","Romania","Ac. Clinceni","Liga 2","Romania",NA,TRUE,"loan transfer","Summer",2,2,0,180
"FCSB","SuperLiga","Romania","2017","Departures","Vlad Mihalcea","https://www.transfermarkt.com/vlad-mihalcea/profil/spieler/341143","Attacking Midfield","18","Romania","ACS Poli","SuperLiga","Romania",NA,TRUE,"loan transfer","Summer",NA,NA,NA,NA
"FCSB","SuperLiga","Romania","2017","Departures","Sulley Muniru","https://www.transfermarkt.com/sulley-muniru/profil/spieler/258371","Central Midfield","24","Ghana","Without Club",NA,NA,NA,FALSE,"-","Summer",NA,NA,NA,NA
"FCSB","SuperLiga","Romania","2017","Departures","Valentin Cojocaru","https://www.transfermarkt.com/valentin-cojocaru/profil/spieler/200616","Goalkeeper","21","Romania","Apol. Limassol","Cyprus League","Cyprus",NA,FALSE,"-","Summer",NA,NA,NA,NA
"FCSB","SuperLiga","Romania","2017","Departures","Rareș Enceanu","https://www.transfermarkt.com/rares-enceanu/profil/spieler/221811","Central Midfield","22","Romania","FCSB II",NA,"Romania",NA,FALSE,"-","Summer",NA,NA,NA,NA
"FCSB","SuperLiga","Romania","2017","Departures","Robert Grecu","https://www.transfermarkt.com/robert-grecu/profil/spieler/295824","Right Winger","19","Romania","FCV Farul","SuperLiga","Romania",NA,TRUE,"End of loan Aug 30, 2017","Summer",8,2,0,54
"FCSB","SuperLiga","Romania","2017","Arrivals","Cristian Bălgrădean","https://www.transfermarkt.com/cristian-balgradean/profil/spieler/158839","Goalkeeper","29","Romania","Concordia","SuperLiga","Romania",50000,FALSE,NA,"Winter",12,11,0,990
"FCSB","SuperLiga","Romania","2017","Arrivals","Valerică Găman","https://www.transfermarkt.com/valerica-gaman/profil/spieler/47576","Centre-Back","28","Romania","Karabükspor","Süper Lig","Türkiye",0,FALSE,NA,"Winter",9,7,0,557
"FCSB","SuperLiga","Romania","2017","Arrivals","Cristian Tănase","https://www.transfermarkt.com/cristian-tanase/profil/spieler/46662","Left Winger","30","Romania","Karabükspor","Süper Lig","Türkiye",0,FALSE,NA,"Winter",11,9,0,271
"FCSB","SuperLiga","Romania","2017","Arrivals","Toma Niga","https://www.transfermarkt.com/toma-niga/profil/spieler/276907","Goalkeeper","20","Romania","Ac. Clinceni","Liga 2","Romania",NA,TRUE,"End of loan Jan 31, 2018","Winter",NA,NA,NA,NA
"FCSB","SuperLiga","Romania","2017","Arrivals","Gabriel Simion","https://www.transfermarkt.com/gabriel-simion/profil/spieler/447557","Defensive Midfield","19","Romania","Ac. Clinceni","Liga 2","Romania",NA,TRUE,"End of loan Dec 31, 2017","Winter",NA,NA,NA,NA
"FCSB","SuperLiga","Romania","2017","Departures","Florin Niță","https://www.transfermarkt.com/florin-nita/profil/spieler/200475","Goalkeeper","30","Romania","Sparta Prague","Chance Liga","Czech Republic",1350000,FALSE,NA,"Winter",32,29,0,2610
"FCSB","SuperLiga","Romania","2017","Departures","Cătălin Golofca","https://www.transfermarkt.com/catalin-golofca/profil/spieler/241234","Right Winger","27","Romania","FC Botosani","SuperLiga","Romania",4e+05,FALSE,NA,"Winter",17,15,1,800
"FCSB","SuperLiga","Romania","2017","Departures","Gabriel Enache","https://www.transfermarkt.com/gabriel-enache/profil/spieler/197652","Right-Back","27","Romania","Rubin Kazan","Premier Liga","Russia",0,FALSE,NA,"Winter",31,23,0,2002
"FCSB","SuperLiga","Romania","2017","Departures","Vlad Achim","https://www.transfermarkt.com/vlad-achim/profil/spieler/69402","Defensive Midfield","28","Romania","FC Botosani","SuperLiga","Romania",NA,TRUE,"loan transfer","Winter",18,11,1,569
"FCSB","SuperLiga","Romania","2017","Departures","William Amorim","https://www.transfermarkt.com/william-amorim/profil/spieler/203087","Left Winger","26","Brazil","Kayserispor","Süper Lig","Türkiye",NA,TRUE,"loan transfer","Winter",20,12,2,610
"FCSB","SuperLiga","Romania","2017","Departures","Daniel Benzar","https://www.transfermarkt.com/daniel-benzar/profil/spieler/382821","Left Winger","20","Romania","FC Voluntari","SuperLiga","Romania",NA,TRUE,"loan transfer","Winter",18,12,4,511
"FCSB","SuperLiga","Romania","2017","Departures","Marian Pleasca","https://www.transfermarkt.com/marian-pleasca/profil/spieler/148206","Right-Back","27","Romania","FC Voluntari","SuperLiga","Romania",NA,TRUE,"loan transfer","Winter",13,6,0,540
"FCSB","SuperLiga","Romania","2017","Departures","Toma Niga","https://www.transfermarkt.com/toma-niga/profil/spieler/276907","Goalkeeper","20","Romania","FC Hermannstadt","Liga 2","Romania",NA,TRUE,"loan transfer","Winter",NA,NA,NA,NA
"FCSB","SuperLiga","Romania","2017","Departures","Gabriel Simion","https://www.transfermarkt.com/gabriel-simion/profil/spieler/447557","Defensive Midfield","19","Romania","Daco-Getica","SuperLiga","Romania",NA,TRUE,"loan transfer","Winter",NA,NA,NA,NA
"FCSB","SuperLiga","Romania","2017","Departures","Mario Mihai","https://www.transfermarkt.com/mario-mihai/profil/spieler/449697","Left-Back","19","Romania","Ac. Clinceni","Liga 2","Romania",NA,TRUE,"loan transfer","Winter",2,2,0,180
"FCV Farul Constanta","SuperLiga","Romania","2017","Arrivals","Eric","https://www.transfermarkt.com/eric/profil/spieler/81509","Attacking Midfield","31","Brazil","Gaz Metan","SuperLiga","Romania",0,FALSE,NA,"Summer",24,22,7,1505
"FCV Farul Constanta","SuperLiga","Romania","2017","Arrivals","Răzvan Horj","https://www.transfermarkt.com/razvan-horj/profil/spieler/422587","Centre-Back","21","Romania","CFR Cluj","SuperLiga","Romania",0,FALSE,NA,"Summer",16,12,0,695
"FCV Farul Constanta","SuperLiga","Romania","2017","Arrivals","Ovidiu Herea","https://www.transfermarkt.com/ovidiu-herea/profil/spieler/25933","Centre-Forward","32","Romania","Concordia","SuperLiga","Romania",0,FALSE,NA,"Summer",12,11,0,589
"FCV Farul Constanta","SuperLiga","Romania","2017","Arrivals","Marius Constantin","https://www.transfermarkt.com/marius-constantin/profil/spieler/34503","Centre-Back","32","Romania","ASA Tg. Mures","Liga 2","Romania",0,FALSE,NA,"Summer",11,9,0,752
"FCV Farul Constanta","SuperLiga","Romania","2017","Arrivals","Andrei Dumitraș","https://www.transfermarkt.com/andrei-dumitras/profil/spieler/143833","Right-Back","29","Romania","CS U Craiova","SuperLiga","Romania",0,FALSE,NA,"Summer",7,3,0,199
"FCV Farul Constanta","SuperLiga","Romania","2017","Arrivals","Bradley de Nooijer","https://www.transfermarkt.com/bradley-de-nooijer/profil/spieler/313741","Left-Back","19","Netherlands","FC Dordrecht","Keuken Kampioen Divisie","Netherlands",0,FALSE,NA,"Summer",29,24,0,1685
"FCV Farul Constanta","SuperLiga","Romania","2017","Arrivals","Kofi Twumasi","https://www.transfermarkt.com/kofi-twumasi/profil/spieler/503934","Defensive Midfield","21","United States","FCV Farul U18",NA,"Romania",NA,FALSE,"-","Summer",4,3,0,132
"FCV Farul Constanta","SuperLiga","Romania","2017","Arrivals","Tiberiu Căpușă","https://www.transfermarkt.com/tiberiu-capusa/profil/spieler/340978","Centre-Back","19","Romania","FCV Farul U18",NA,"Romania",NA,FALSE,"-","Summer",11,7,0,405
"FCV Farul Constanta","SuperLiga","Romania","2017","Arrivals","Virgil Ghiță","https://www.transfermarkt.com/virgil-ghita/profil/spieler/340977","Centre-Back","19","Romania","FCV Farul U18",NA,"Romania",NA,FALSE,"-","Summer",28,9,1,588
"FCV Farul Constanta","SuperLiga","Romania","2017","Arrivals","Alexandru Mățan","https://www.transfermarkt.com/alexandru-matan/profil/spieler/368942","Attacking Midfield","17","Romania","FCV Farul U18",NA,"Romania",NA,FALSE,"-","Summer",24,16,2,738
"FCV Farul Constanta","SuperLiga","Romania","2017","Arrivals","Cosmin Dur-Bozoancă","https://www.transfermarkt.com/cosmin-dur-bozoanca/profil/spieler/340976","Goalkeeper","19","Romania","FCV Farul U18",NA,"Romania",NA,FALSE,"-","Summer",NA,NA,NA,NA
"FCV Farul Constanta","SuperLiga","Romania","2017","Arrivals","Denis Drăguș","https://www.transfermarkt.com/denis-dragus/profil/spieler/405399","Centre-Forward","18","Romania","FCV Farul U18",NA,"Romania",NA,FALSE,"-","Summer",21,16,2,611
"FCV Farul Constanta","SuperLiga","Romania","2017","Arrivals","Paul Iacob","https://www.transfermarkt.com/paul-iacob/profil/spieler/303359","Centre-Back","21","Romania","FC Brasov","Liga 2","Romania",NA,TRUE,"End of loan Jun 30, 2017","Summer",NA,NA,NA,NA
"FCV Farul Constanta","SuperLiga","Romania","2017","Arrivals","Ciprian Perju","https://www.transfermarkt.com/ciprian-perju/profil/spieler/319197","Left-Back","21","Romania","Ac. Clinceni","Liga 2","Romania",NA,TRUE,"End of loan Jun 30, 2017","Summer",1,0,0,0
"FCV Farul Constanta","SuperLiga","Romania","2017","Arrivals","Cristian Gavra","https://www.transfermarkt.com/cristian-gavra/profil/spieler/192865","Centre-Forward","24","Romania","Gaz Metan","SuperLiga","Romania",NA,TRUE,"End of loan Jun 30, 2017","Summer",16,13,2,586
"FCV Farul Constanta","SuperLiga","Romania","2017","Arrivals","Robert Grecu","https://www.transfermarkt.com/robert-grecu/profil/spieler/295824","Right Winger","19","Romania","FCSB","SuperLiga","Romania",NA,TRUE,"End of loan Aug 30, 2017","Summer",NA,NA,NA,NA
"FCV Farul Constanta","SuperLiga","Romania","2017","Arrivals","Szabolcs Kilyén","https://www.transfermarkt.com/szabolcs-kilyen/profil/spieler/340979","Right-Back","19","Romania","Sepsi OSK","SuperLiga","Romania",NA,TRUE,"End of loan Aug 9, 2017","Summer",0,0,0,0
"FCV Farul Constanta","SuperLiga","Romania","2017","Arrivals","Vlăduţ Hînţescu","https://www.transfermarkt.com/vladut-hintescu/profil/spieler/317030","Goalkeeper","23","Romania","Foresta Suceava","Liga 2","Romania",NA,TRUE,"End of loan Jun 30, 2017","Summer",NA,NA,NA,NA
"FCV Farul Constanta","SuperLiga","Romania","2017","Arrivals","Florin Cioablă","https://www.transfermarkt.com/florin-cioabla/profil/spieler/330794","Attacking Midfield","21","Romania","Ac. Clinceni","Liga 2","Romania",NA,TRUE,"End of loan Jun 30, 2017","Summer",5,4,0,245
"FCV Farul Constanta","SuperLiga","Romania","2017","Arrivals","Antonio Cruceru","https://www.transfermarkt.com/antonio-cruceru/profil/spieler/315448","Attacking Midfield","20","Romania","Ac. Clinceni","Liga 2","Romania",NA,TRUE,"End of loan Jun 30, 2017","Summer",NA,NA,NA,NA
"FCV Farul Constanta","SuperLiga","Romania","2017","Arrivals","Robert Grecu","https://www.transfermarkt.com/robert-grecu/profil/spieler/295824","Right Winger","19","Romania","FC Arges",NA,"Romania",NA,TRUE,"End of loan Jun 30, 2017","Summer",NA,NA,NA,NA
"FCV Farul Constanta","SuperLiga","Romania","2017","Departures","Florinel Coman","https://www.transfermarkt.com/florinel-coman/profil/spieler/340982","Left Winger","19","Romania","FCSB","SuperLiga","Romania",3e+06,FALSE,NA,"Summer",8,7,0,358
"FCV Farul Constanta","SuperLiga","Romania","2017","Departures","Dragoș Nedelcu","https://www.transfermarkt.com/dragos-nedelcu/profil/spieler/295868","Defensive Midfield","20","Romania","FCSB","SuperLiga","Romania",2130000,FALSE,NA,"Summer",7,7,0,519
"FCV Farul Constanta","SuperLiga","Romania","2017","Departures","Romario Benzar","https://www.transfermarkt.com/romario-benzar/profil/spieler/164231","Right-Back","25","Romania","FCSB","SuperLiga","Romania",7e+05,FALSE,NA,"Summer",6,6,0,525
"FCV Farul Constanta","SuperLiga","Romania","2017","Departures","Kevin Boli","https://www.transfermarkt.com/kevin-boli/profil/spieler/186593","Centre-Back","26","Cote d'Ivoire","CFR Cluj","SuperLiga","Romania",450000,FALSE,NA,"Summer",11,11,0,1008
"FCV Farul Constanta","SuperLiga","Romania","2017","Departures","Neluț Roșu","https://www.transfermarkt.com/nelut-rosu/profil/spieler/241310","Central Midfield","23","Romania","Levski Sofia","efbet Liga","Bulgaria",1e+05,FALSE,NA,"Summer",NA,NA,NA,NA
"FCV Farul Constanta","SuperLiga","Romania","2017","Departures","Robert Grecu","https://www.transfermarkt.com/robert-grecu/profil/spieler/295824","Right Winger","19","Romania","FCSB","SuperLiga","Romania",30000,TRUE,NA,"Summer",NA,NA,NA,NA
"FCV Farul Constanta","SuperLiga","Romania","2017","Departures","Florin Purece","https://www.transfermarkt.com/florin-purece/profil/spieler/203059","Attacking Midfield","25","Romania","Hapoel Raanana","Ligat ha'Al","Israel",0,FALSE,NA,"Summer",2,0,0,0
"FCV Farul Constanta","SuperLiga","Romania","2017","Departures","Gabriel Iancu","https://www.transfermarkt.com/gabriel-iancu/profil/spieler/164254","Centre-Forward","23","Romania","Nieciecza","Ekstraklasa","Poland",0,FALSE,NA,"Summer",NA,NA,NA,NA
"FCV Farul Constanta","SuperLiga","Romania","2017","Departures","Vlad Morar","https://www.transfermarkt.com/vlad-morar/profil/spieler/186031","Centre-Forward","23","Romania","Panetolikos","Super League 1","Greece",0,FALSE,NA,"Summer",1,0,0,0
"FCV Farul Constanta","SuperLiga","Romania","2017","Departures","Marius Constantin","https://www.transfermarkt.com/marius-constantin/profil/spieler/34503","Centre-Back","32","Romania","Gaz Metan","SuperLiga","Romania",0,FALSE,NA,"Summer",11,9,0,752
"FCV Farul Constanta","SuperLiga","Romania","2017","Departures","Bogdan Mitache","https://www.transfermarkt.com/bogdan-mitache/profil/spieler/186735","Left-Back","23","Romania","FC Voluntari II",NA,"Romania",0,FALSE,NA,"Summer",NA,NA,NA,NA
"FCV Farul Constanta","SuperLiga","Romania","2017","Departures","Andrei Dumitraș","https://www.transfermarkt.com/andrei-dumitras/profil/spieler/143833","Right-Back","29","Romania","FC Botosani","SuperLiga","Romania",0,FALSE,NA,"Summer",7,3,0,199
"FCV Farul Constanta","SuperLiga","Romania","2017","Departures","George Tudoran","https://www.transfermarkt.com/george-tudoran/profil/spieler/395784","Right Midfield","21","Romania","Pandurii ","Liga 2","Romania",0,FALSE,NA,"Summer",NA,NA,NA,NA
"FCV Farul Constanta","SuperLiga","Romania","2017","Departures","Paul Iacob","https://www.transfermarkt.com/paul-iacob/profil/spieler/303359","Centre-Back","21","Romania","ASA Tg. Mures","Liga 2","Romania",NA,TRUE,"loan transfer","Summer",NA,NA,NA,NA
"FCV Farul Constanta","SuperLiga","Romania","2017","Departures","Ciprian Perju","https://www.transfermarkt.com/ciprian-perju/profil/spieler/319197","Left-Back","21","Romania","CS Afumati","Liga 2","Romania",NA,TRUE,"loan transfer","Summer",1,0,0,0
"FCV Farul Constanta","SuperLiga","Romania","2017","Departures","Alexandru Iulian Stoica","https://www.transfermarkt.com/alexandru-iulian-stoica/profil/spieler/271291","Right Winger","20","Romania","ASA Tg. Mures","Liga 2","Romania",NA,TRUE,"loan transfer","Summer",NA,NA,NA,NA
"FCV Farul Constanta","SuperLiga","Romania","2017","Departures","Szabolcs Kilyén","https://www.transfermarkt.com/szabolcs-kilyen/profil/spieler/340979","Right-Back","19","Romania","ASA Tg. Mures","Liga 2","Romania",NA,TRUE,"loan transfer","Summer",0,0,0,0
"FCV Farul Constanta","SuperLiga","Romania","2017","Departures","Robert Grecu","https://www.transfermarkt.com/robert-grecu/profil/spieler/295824","Right Winger","19","Romania","FC Arges","Liga 2","Romania",NA,TRUE,"loan transfer","Summer",NA,NA,NA,NA
"FCV Farul Constanta","SuperLiga","Romania","2017","Departures","Szabolcs Kilyén","https://www.transfermarkt.com/szabolcs-kilyen/profil/spieler/340979","Right-Back","19","Romania","Sepsi OSK","SuperLiga","Romania",NA,TRUE,"loan transfer","Summer",0,0,0,0
"FCV Farul Constanta","SuperLiga","Romania","2017","Departures","Antonio Cruceru","https://www.transfermarkt.com/antonio-cruceru/profil/spieler/315448","Attacking Midfield","20","Romania","FC Arges","Liga 2","Romania",NA,TRUE,"loan transfer","Summer",NA,NA,NA,NA
"FCV Farul Constanta","SuperLiga","Romania","2017","Departures","Cosmin Dur-Bozoancă","https://www.transfermarkt.com/cosmin-dur-bozoanca/profil/spieler/340976","Goalkeeper","19","Romania","SSU Poli","Liga 2","Romania",NA,TRUE,"loan transfer","Summer",NA,NA,NA,NA
"FCV Farul Constanta","SuperLiga","Romania","2017","Departures","Mircea Manole","https://www.transfermarkt.com/mircea-manole/profil/spieler/405499","Left Winger","18","Romania","CS Afumati","Liga 2","Romania",NA,TRUE,"loan transfer","Summer",NA,NA,NA,NA
"FCV Farul Constanta","SuperLiga","Romania","2017","Departures","Vlăduţ Hînţescu","https://www.transfermarkt.com/vladut-hintescu/profil/spieler/317030","Goalkeeper","23","Romania","Unknown",NA,NA,NA,FALSE,"-","Summer",NA,NA,NA,NA
"FCV Farul Constanta","SuperLiga","Romania","2017","Arrivals","Ianis Hagi","https://www.transfermarkt.com/ianis-hagi/profil/spieler/282076","Attacking Midfield","19","Romania","Fiorentina","Serie A","Italy",2800000,FALSE,NA,"Winter",14,14,6,1256
"FCV Farul Constanta","SuperLiga","Romania","2017","Arrivals","Mihai Voduț","https://www.transfermarkt.com/mihai-vodut/profil/spieler/223042","Centre-Forward","23","Romania","FC Voluntari","SuperLiga","Romania",0,FALSE,NA,"Winter",7,5,1,273
"FCV Farul Constanta","SuperLiga","Romania","2017","Arrivals","Robert Răducanu","https://www.transfermarkt.com/robert-raducanu/profil/spieler/371969","Left Winger","21","Romania","Concordia","SuperLiga","Romania",0,FALSE,NA,"Winter",0,0,0,0
"FCV Farul Constanta","SuperLiga","Romania","2017","Arrivals","Mailson Lima","https://www.transfermarkt.com/mailson-lima/profil/spieler/283151","Left Winger","23","Cape Verde","FC Dordrecht","Keuken Kampioen Divisie","Netherlands",0,FALSE,NA,"Winter",12,8,0,360
"FCV Farul Constanta","SuperLiga","Romania","2017","Arrivals","Valentin Cojocaru","https://www.transfermarkt.com/valentin-cojocaru/profil/spieler/200616","Goalkeeper","22","Romania","Apol. Limassol","Cyprus League","Cyprus",NA,FALSE,"?","Winter",13,13,0,1170
"FCV Farul Constanta","SuperLiga","Romania","2017","Arrivals","Kofi Twumasi","https://www.transfermarkt.com/kofi-twumasi/profil/spieler/503934","Defensive Midfield","21","United States","FCV Farul U18",NA,"Romania",NA,FALSE,"-","Winter",4,3,0,132
"FCV Farul Constanta","SuperLiga","Romania","2017","Arrivals","Paul Iacob","https://www.transfermarkt.com/paul-iacob/profil/spieler/303359","Centre-Back","21","Romania","ASA Tg. Mures","Liga 2","Romania",NA,TRUE,"End of loan Dec 31, 2017","Winter",NA,NA,NA,NA
"FCV Farul Constanta","SuperLiga","Romania","2017","Arrivals","Alexandru Iulian Stoica","https://www.transfermarkt.com/alexandru-iulian-stoica/profil/spieler/271291","Right Winger","20","Romania","ASA Tg. Mures","Liga 2","Romania",NA,TRUE,"End of loan Dec 31, 2017","Winter",NA,NA,NA,NA
"FCV Farul Constanta","SuperLiga","Romania","2017","Arrivals","Szabolcs Kilyén","https://www.transfermarkt.com/szabolcs-kilyen/profil/spieler/340979","Right-Back","19","Romania","ASA Tg. Mures","Liga 2","Romania",NA,TRUE,"End of loan Dec 31, 2017","Winter",0,0,0,0
"FCV Farul Constanta","SuperLiga","Romania","2017","Arrivals","Antonio Cruceru","https://www.transfermarkt.com/antonio-cruceru/profil/spieler/315448","Attacking Midfield","21","Romania","FC Arges","Liga 2","Romania",NA,TRUE,"End of loan Dec 31, 2017","Winter",NA,NA,NA,NA
"FCV Farul Constanta","SuperLiga","Romania","2017","Departures","Aurelian Chițu","https://www.transfermarkt.com/aurelian-chitu/profil/spieler/164236","Centre-Forward","27","Romania","Daejeon Hana C.","K League 2","Korea, South",7e+05,FALSE,NA,"Winter",31,30,5,2278
"FCV Farul Constanta","SuperLiga","Romania","2017","Departures","George Țucudean","https://www.transfermarkt.com/george-tucudean/profil/spieler/130345","Centre-Forward","26","Romania","CFR Cluj","SuperLiga","Romania",450000,FALSE,NA,"Winter",24,23,12,1855
"FCV Farul Constanta","SuperLiga","Romania","2017","Departures","Eric","https://www.transfermarkt.com/eric/profil/spieler/81509","Attacking Midfield","32","Brazil","Al-Markhiya SC","Stars League","Qatar",50000,FALSE,NA,"Winter",24,22,7,1505
"FCV Farul Constanta","SuperLiga","Romania","2017","Departures","Victor Rîmniceanu","https://www.transfermarkt.com/victor-rimniceanu/profil/spieler/213699","Goalkeeper","27","Romania","Sepsi OSK","SuperLiga","Romania",0,FALSE,NA,"Winter",25,22,0,2010
"FCV Farul Constanta","SuperLiga","Romania","2017","Departures","Ovidiu Herea","https://www.transfermarkt.com/ovidiu-herea/profil/spieler/25933","Centre-Forward","32","Romania","CS Balotesti","Liga 2","Romania",0,FALSE,NA,"Winter",12,11,0,589
"FCV Farul Constanta","SuperLiga","Romania","2017","Departures","Florin Cioablă","https://www.transfermarkt.com/florin-cioabla/profil/spieler/330794","Attacking Midfield","21","Romania","Concordia","SuperLiga","Romania",0,FALSE,NA,"Winter",5,4,0,245
"FCV Farul Constanta","SuperLiga","Romania","2017","Departures","Răzvan Horj","https://www.transfermarkt.com/razvan-horj/profil/spieler/422587","Centre-Back","22","Romania","FC Voluntari","SuperLiga","Romania",NA,TRUE,"loan transfer","Winter",16,12,0,695
"FCV Farul Constanta","SuperLiga","Romania","2017","Departures","Paul Iacob","https://www.transfermarkt.com/paul-iacob/profil/spieler/303359","Centre-Back","21","Romania","D. Calarasi","Liga 2","Romania",NA,TRUE,"loan transfer","Winter",NA,NA,NA,NA
"FCV Farul Constanta","SuperLiga","Romania","2017","Departures","Alexandru Iulian Stoica","https://www.transfermarkt.com/alexandru-iulian-stoica/profil/spieler/271291","Right Winger","20","Romania","D. Calarasi","Liga 2","Romania",NA,TRUE,"loan transfer","Winter",NA,NA,NA,NA
"FCV Farul Constanta","SuperLiga","Romania","2017","Departures","Cristian Ene","https://www.transfermarkt.com/cristian-ene/profil/spieler/364706","Centre-Forward","20","Romania","U Cluj",NA,"Romania",NA,TRUE,"loan transfer","Winter",3,2,2,94
"FCV Farul Constanta","SuperLiga","Romania","2017","Departures","Antonio Cruceru","https://www.transfermarkt.com/antonio-cruceru/profil/spieler/315448","Attacking Midfield","21","Romania","AFC Turris",NA,"Romania",NA,TRUE,"loan transfer","Winter",NA,NA,NA,NA
"FCV Farul Constanta","SuperLiga","Romania","2017","Departures","Andreas Iani","https://www.transfermarkt.com/andreas-iani/profil/spieler/406134","Defensive Midfield","19","Romania","U. Constanta",NA,"Romania",NA,TRUE,"loan transfer","Winter",NA,NA,NA,NA
"FCV Farul Constanta","SuperLiga","Romania","2017","Departures","Alexandru Margina","https://www.transfermarkt.com/alexandru-margina/profil/spieler/150075","Centre-Forward","24","Romania","Without Club",NA,NA,NA,FALSE,"-","Winter",NA,NA,NA,NA
"CFR Cluj","SuperLiga","Romania","2017","Arrivals","Kevin Boli","https://www.transfermarkt.com/kevin-boli/profil/spieler/186593","Centre-Back","26","Cote d'Ivoire","FCV Farul","SuperLiga","Romania",450000,FALSE,NA,"Summer",18,14,0,1194
"CFR Cluj","SuperLiga","Romania","2017","Arrivals","Ibrahima Balde","https://www.transfermarkt.com/ibrahima-balde/profil/spieler/134497","Centre-Forward","28","Senegal","Stade Reims","Ligue 2","France",0,FALSE,NA,"Summer",18,13,4,383
"CFR Cluj","SuperLiga","Romania","2017","Arrivals","Dan Nistor","https://www.transfermarkt.com/dan-nistor/profil/spieler/156639","Central Midfield","29","Romania","FC Dinamo","SuperLiga","Romania",0,FALSE,NA,"Summer",20,18,0,1011
"CFR Cluj","SuperLiga","Romania","2017","Arrivals","Giedrius Arlauskis","https://www.transfermarkt.com/giedrius-arlauskis/profil/spieler/69001","Goalkeeper","29","Lithuania","Watford","Premier League","England",0,FALSE,NA,"Summer",26,26,0,2340
"CFR Cluj","SuperLiga","Romania","2017","Arrivals","Damjan Djokovic","https://www.transfermarkt.com/damjan-djokovic/profil/spieler/143039","Central Midfield","27","Croatia","HNK Rijeka","SuperSport HNL","Croatia",0,FALSE,NA,"Summer",25,23,3,1707
"CFR Cluj","SuperLiga","Romania","2017","Arrivals","Ovidiu Hoban","https://www.transfermarkt.com/ovidiu-hoban/profil/spieler/81484","Defensive Midfield","34","Romania","H. Beer Sheva","Ligat ha'Al","Israel",0,FALSE,NA,"Summer",35,34,3,2913
"CFR Cluj","SuperLiga","Romania","2017","Arrivals","Paulo Vinícius","https://www.transfermarkt.com/paulo-vinicius/profil/spieler/45025","Centre-Back","32","Brazil","Apol. Limassol","Cyprus League","Cyprus",0,FALSE,NA,"Summer",34,34,5,3060
"CFR Cluj","SuperLiga","Romania","2017","Arrivals","Alexandru Vlad","https://www.transfermarkt.com/alexandru-vlad/profil/spieler/204040","Left-Back","27","Romania","Dnipro","Druga Liga","Ukraine",0,FALSE,NA,"Summer",9,4,0,358
"CFR Cluj","SuperLiga","Romania","2017","Arrivals","Thierry Moutinho","https://www.transfermarkt.com/thierry-moutinho/profil/spieler/64804","Right Winger","26","Portugal","RCD Mallorca","2ª B - Grupo III","Spain",0,FALSE,NA,"Summer",13,9,0,299
"CFR Cluj","SuperLiga","Romania","2017","Arrivals","Emmanuel Culio","https://www.transfermarkt.com/emmanuel-culio/profil/spieler/30846","Central Midfield","33","Argentina","RCD Mallorca","2ª B - Grupo III","Spain",0,FALSE,NA,"Summer",34,34,8,3021
"CFR Cluj","SuperLiga","Romania","2017","Arrivals","Srdjan Luchin","https://www.transfermarkt.com/srdjan-luchin/profil/spieler/58720","Centre-Back","31","Romania","Levski Sofia","efbet Liga","Bulgaria",0,FALSE,NA,"Summer",24,4,0,221
"CFR Cluj","SuperLiga","Romania","2017","Arrivals","Urko Vera","https://www.transfermarkt.com/urko-vera/profil/spieler/92975","Centre-Forward","30","Spain","CD Mirandés","2ª B - Grupo II","Spain",0,FALSE,NA,"Summer",15,15,5,785
"CFR Cluj","SuperLiga","Romania","2017","Arrivals","Sasa Balic","https://www.transfermarkt.com/sasa-balic/profil/spieler/64104","Centre-Back","27","Montenegro","FK Sarajevo","Premijer Liga BiH","Bosnia-Herzegovina",0,FALSE,NA,"Summer",NA,NA,NA,NA
"CFR Cluj","SuperLiga","Romania","2017","Arrivals","Pelayo","https://www.transfermarkt.com/pelayo/profil/spieler/92953","Central Midfield","26","Spain","Elche CF","2ª B - Grupo III","Spain",0,FALSE,NA,"Summer",NA,NA,NA,NA
"CFR Cluj","SuperLiga","Romania","2017","Arrivals","Tomislav Duka","https://www.transfermarkt.com/tomislav-duka/profil/spieler/332209","Goalkeeper","24","Croatia","RNK Split",NA,"Croatia",0,FALSE,NA,"Summer",19,1,0,90
"CFR Cluj","SuperLiga","Romania","2017","Arrivals","Sebastian Mailat","https://www.transfermarkt.com/sebastian-mailat/profil/spieler/364697","Left Winger","19","Romania","ACS Poli","SuperLiga","Romania",0,FALSE,NA,"Summer",18,13,1,489
"CFR Cluj","SuperLiga","Romania","2017","Arrivals","Marius Coman","https://www.transfermarkt.com/marius-coman/profil/spieler/394475","Centre-Forward","20","Romania","Ac. Clinceni","Liga 2","Romania",0,FALSE,NA,"Summer",7,5,0,177
"CFR Cluj","SuperLiga","Romania","2017","Arrivals","Yasin Hamed","https://www.transfermarkt.com/yasin-hamed/profil/spieler/449810","Right Winger","17","Sudan","Pandurii ","Liga 2","Romania",0,FALSE,NA,"Summer",11,0,0,0
"CFR Cluj","SuperLiga","Romania","2017","Arrivals","Adrian Rus","https://www.transfermarkt.com/adrian-rus/profil/spieler/594827","Goalkeeper","23","Romania","U Cluj",NA,"Romania",0,FALSE,NA,"Summer",NA,NA,NA,NA
"CFR Cluj","SuperLiga","Romania","2017","Arrivals","Cristian Manea","https://www.transfermarkt.com/cristian-manea/profil/spieler/271284","Right-Back","19","Romania","Apol. Limassol","Cyprus League","Cyprus",NA,TRUE,"loan transfer","Summer",36,35,0,3150
"CFR Cluj","SuperLiga","Romania","2017","Arrivals","Jeremy Bokila","https://www.transfermarkt.com/jeremy-bokila/profil/spieler/56490","Centre-Forward","28","DR Congo","Akhisarspor","Süper Lig","Türkiye",NA,TRUE,"loan transfer","Summer",7,5,0,179
"CFR Cluj","SuperLiga","Romania","2017","Arrivals","Szilard Veres","https://www.transfermarkt.com/szilard-veres/profil/spieler/315471","Central Midfield","21","Romania","Gyirmót FC","NB I.","Hungary",NA,TRUE,"End of loan Jun 30, 2017","Summer",NA,NA,NA,NA
"CFR Cluj","SuperLiga","Romania","2017","Arrivals","Rares Pintea","https://www.transfermarkt.com/rares-pintea/profil/spieler/333378","Central Midfield","21","Romania","Unirea Jucu",NA,"Romania",NA,TRUE,"End of loan Jun 30, 2017","Summer",NA,NA,NA,NA
"CFR Cluj","SuperLiga","Romania","2017","Departures","Ionuț Larie","https://www.transfermarkt.com/ionut-larie/profil/spieler/46582","Centre-Back","30","Romania","FCSB","SuperLiga","Romania",0,FALSE,NA,"Summer",NA,NA,NA,NA
"CFR Cluj","SuperLiga","Romania","2017","Departures","Tiago Lopes","https://www.transfermarkt.com/tiago-lopes/profil/spieler/171069","Right-Back","28","Portugal","Kayserispor","Süper Lig","Türkiye",0,FALSE,NA,"Summer",NA,NA,NA,NA
"CFR Cluj","SuperLiga","Romania","2017","Departures","Filipe Nascimento","https://www.transfermarkt.com/filipe-nascimento/profil/spieler/197999","Central Midfield","22","Portugal","FC Dinamo","SuperLiga","Romania",0,FALSE,NA,"Summer",NA,NA,NA,NA
"CFR Cluj","SuperLiga","Romania","2017","Departures","Răzvan Horj","https://www.transfermarkt.com/razvan-horj/profil/spieler/422587","Centre-Back","21","Romania","FCV Farul","SuperLiga","Romania",0,FALSE,NA,"Summer",NA,NA,NA,NA
"CFR Cluj","SuperLiga","Romania","2017","Departures","Juan Carlos Real","https://www.transfermarkt.com/juan-carlos-real/profil/spieler/201861","Attacking Midfield","26","Spain","CD Tenerife","LaLiga2","Spain",0,FALSE,NA,"Summer",NA,NA,NA,NA
"CFR Cluj","SuperLiga","Romania","2017","Departures","Cristian Bud","https://www.transfermarkt.com/cristian-bud/profil/spieler/104211","Centre-Forward","32","Romania","ACS Poli","SuperLiga","Romania",0,FALSE,NA,"Summer",NA,NA,NA,NA
"CFR Cluj","SuperLiga","Romania","2017","Departures","Tomislav Sorsa","https://www.transfermarkt.com/tomislav-sorsa/profil/spieler/41787","Right-Back","28","Croatia","NK Osijek","SuperSport HNL","Croatia",0,FALSE,NA,"Summer",NA,NA,NA,NA
"CFR Cluj","SuperLiga","Romania","2017","Departures","Pelayo","https://www.transfermarkt.com/pelayo/profil/spieler/92953","Central Midfield","26","Spain","Albacete","LaLiga2","Spain",0,FALSE,NA,"Summer",NA,NA,NA,NA
"CFR Cluj","SuperLiga","Romania","2017","Departures","Liviu Antal","https://www.transfermarkt.com/liviu-antal/profil/spieler/123256","Right Winger","28","Romania","Žalgiris","A Lyga","Lithuania",0,FALSE,NA,"Summer",NA,NA,NA,NA
"CFR Cluj","SuperLiga","Romania","2017","Departures","Sasa Balic","https://www.transfermarkt.com/sasa-balic/profil/spieler/64104","Centre-Back","27","Montenegro","Zaglebie Lubin","Ekstraklasa","Poland",0,FALSE,NA,"Summer",NA,NA,NA,NA
"CFR Cluj","SuperLiga","Romania","2017","Departures","Mihai Mincă","https://www.transfermarkt.com/mihai-minca/profil/spieler/35431","Goalkeeper","32","Romania","Viitorul Tg.Jiu",NA,"Romania",0,FALSE,NA,"Summer",NA,NA,NA,NA
"CFR Cluj","SuperLiga","Romania","2017","Departures","Dan Roman","https://www.transfermarkt.com/dan-roman/profil/spieler/81431","Centre-Forward","31","Romania","UTA Arad","Liga 2","Romania",0,FALSE,NA,"Summer",NA,NA,NA,NA
"CFR Cluj","SuperLiga","Romania","2017","Departures","Alexandru Neagu","https://www.transfermarkt.com/alexandru-neagu/profil/spieler/220850","Attacking Midfield","24","Romania","ASA Tg. Mures","Liga 2","Romania",0,FALSE,NA,"Summer",NA,NA,NA,NA
"CFR Cluj","SuperLiga","Romania","2017","Departures","Andrei Tinc","https://www.transfermarkt.com/andrei-tinc/profil/spieler/200624","Centre-Back","32","Romania","Luceafarul","Liga 2","Romania",0,FALSE,NA,"Summer",NA,NA,NA,NA
"CFR Cluj","SuperLiga","Romania","2017","Departures","Jeremy Bokila","https://www.transfermarkt.com/jeremy-bokila/profil/spieler/56490","Centre-Forward","28","DR Congo","FC Dinamo","SuperLiga","Romania",NA,TRUE,"loan transfer","Summer",7,5,0,179
"CFR Cluj","SuperLiga","Romania","2017","Departures","Dino Spehar","https://www.transfermarkt.com/dino-spehar/profil/spieler/160381","Centre-Forward","23","Croatia","Concordia","SuperLiga","Romania",NA,TRUE,"loan transfer","Summer",NA,NA,NA,NA
"CFR Cluj","SuperLiga","Romania","2017","Departures","Cosmin Sîrbu","https://www.transfermarkt.com/cosmin-sirbu/profil/spieler/395816","Attacking Midfield","21","Romania","ASA Tg. Mures","Liga 2","Romania",NA,TRUE,"loan transfer","Summer",0,0,0,0
"CFR Cluj","SuperLiga","Romania","2017","Departures","Szilard Veres","https://www.transfermarkt.com/szilard-veres/profil/spieler/315471","Central Midfield","21","Romania","National Sebis",NA,"Romania",NA,TRUE,"loan transfer","Summer",NA,NA,NA,NA
"CFR Cluj","SuperLiga","Romania","2017","Departures","Rares Pintea","https://www.transfermarkt.com/rares-pintea/profil/spieler/333378","Central Midfield","22","Romania","National Sebis",NA,"Romania",NA,TRUE,"loan transfer","Summer",NA,NA,NA,NA
"CFR Cluj","SuperLiga","Romania","2017","Departures","Traian Marc","https://www.transfermarkt.com/traian-marc/profil/spieler/47490","Goalkeeper","34","Romania",NA,NA,NA,NA,FALSE,"-","Summer",NA,NA,NA,NA
"CFR Cluj","SuperLiga","Romania","2017","Departures","Tomislav Gomelt","https://www.transfermarkt.com/tomislav-gomelt/profil/spieler/210983","Central Midfield","22","Croatia","Bari","Serie B","Italy",NA,TRUE,"End of loan Jun 30, 2017","Summer",NA,NA,NA,NA
"CFR Cluj","SuperLiga","Romania","2017","Arrivals","Alexandru Ioniță","https://www.transfermarkt.com/alexandru-ionita/profil/spieler/209664","Attacking Midfield","23","Romania","Astra Giurgiu","SuperLiga","Romania",1e+06,FALSE,NA,"Winter",14,9,1,336
"CFR Cluj","SuperLiga","Romania","2017","Arrivals","Valentin Costache","https://www.transfermarkt.com/valentin-costache/profil/spieler/341391","Left Winger","19","Romania","FC Dinamo","SuperLiga","Romania",7e+05,FALSE,NA,"Winter",14,13,0,106
"CFR Cluj","SuperLiga","Romania","2017","Arrivals","George Țucudean","https://www.transfermarkt.com/george-tucudean/profil/spieler/130345","Centre-Forward","26","Romania","FCV Farul","SuperLiga","Romania",450000,FALSE,NA,"Winter",14,14,4,1047
"CFR Cluj","SuperLiga","Romania","2017","Arrivals","Mihai Bordeianu","https://www.transfermarkt.com/mihai-bordeianu/profil/spieler/210059","Central Midfield","26","Romania","FC Botosani","SuperLiga","Romania",2e+05,FALSE,NA,"Winter",8,6,0,273
"CFR Cluj","SuperLiga","Romania","2017","Arrivals","Gilvan","https://www.transfermarkt.com/gilvan/profil/spieler/347079","Centre-Back","28","Brazil","Atlético-GO","Série B","Brazil",0,FALSE,NA,"Winter",0,0,0,0
"CFR Cluj","SuperLiga","Romania","2017","Arrivals","Sebastian Mailat","https://www.transfermarkt.com/sebastian-mailat/profil/spieler/364697","Left Winger","19","Romania","ACS Poli","SuperLiga","Romania",0,FALSE,NA,"Winter",18,13,1,489
"CFR Cluj","SuperLiga","Romania","2017","Arrivals","Gabriel Dodoi","https://www.transfermarkt.com/gabriel-dodoi/profil/spieler/476496","Centre-Forward","19","Romania","Pandurii ","Liga 2","Romania",0,FALSE,NA,"Winter",0,0,0,0
"CFR Cluj","SuperLiga","Romania","2017","Arrivals","Cosmin Sîrbu","https://www.transfermarkt.com/cosmin-sirbu/profil/spieler/395816","Attacking Midfield","21","Romania","ASA Tg. Mures","Liga 2","Romania",NA,TRUE,"End of loan Dec 31, 2017","Winter",0,0,0,0
"CFR Cluj","SuperLiga","Romania","2017","Arrivals","Dino Spehar","https://www.transfermarkt.com/dino-spehar/profil/spieler/160381","Centre-Forward","23","Croatia","Concordia","SuperLiga","Romania",NA,TRUE,"End of loan Dec 31, 2017","Winter",NA,NA,NA,NA
"CFR Cluj","SuperLiga","Romania","2017","Arrivals","Horațiu Moldovan","https://www.transfermarkt.com/horatiu-moldovan/profil/spieler/525438","Goalkeeper","20","Romania","FC Hermannstadt","Liga 2","Romania",NA,TRUE,"End of loan Feb 18, 2018","Winter",0,0,0,0
"CFR Cluj","SuperLiga","Romania","2017","Departures","Dan Nistor","https://www.transfermarkt.com/dan-nistor/profil/spieler/156639","Central Midfield","29","Romania","FC Dinamo","SuperLiga","Romania",0,FALSE,NA,"Winter",20,18,0,1011
"CFR Cluj","SuperLiga","Romania","2017","Departures","Yasin Hamed","https://www.transfermarkt.com/yasin-hamed/profil/spieler/449810","Right Winger","18","Sudan","Sepsi OSK","SuperLiga","Romania",0,FALSE,NA,"Winter",11,0,0,0
"CFR Cluj","SuperLiga","Romania","2017","Departures","Alexandru Chirita","https://www.transfermarkt.com/alexandru-chirita/profil/spieler/315446","Attacking Midfield","21","Romania","Sepsi OSK","SuperLiga","Romania",0,FALSE,NA,"Winter",1,0,0,0
"CFR Cluj","SuperLiga","Romania","2017","Departures","Urko Vera","https://www.transfermarkt.com/urko-vera/profil/spieler/92975","Centre-Forward","30","Spain","Astra Giurgiu","SuperLiga","Romania",NA,TRUE,"loan transfer","Winter",15,15,5,785
"CFR Cluj","SuperLiga","Romania","2017","Departures","Thierry Moutinho","https://www.transfermarkt.com/thierry-moutinho/profil/spieler/64804","Right Winger","26","Portugal","CyD Leonesa","LaLiga2","Spain",NA,TRUE,"loan transfer","Winter",13,9,0,299
"CFR Cluj","SuperLiga","Romania","2017","Departures","Dino Spehar","https://www.transfermarkt.com/dino-spehar/profil/spieler/160381","Centre-Forward","23","Croatia","D. Calarasi","Liga 2","Romania",NA,TRUE,"loan transfer","Winter",NA,NA,NA,NA
"CS Universitatea Craiova","SuperLiga","Romania","2017","Arrivals","Mihai Roman","https://www.transfermarkt.com/mihai-roman/profil/spieler/135566","Centre-Forward","25","Romania","NEC Nijmegen","Keuken Kampioen Divisie","Netherlands",125000,FALSE,NA,"Summer",27,21,0,829
"CS Universitatea Craiova","SuperLiga","Romania","2017","Arrivals","Cristian Bărbuţ","https://www.transfermarkt.com/cristian-barbut/profil/spieler/262108","Right Winger","22","Romania","ACS Poli","SuperLiga","Romania",1e+05,FALSE,NA,"Summer",31,18,2,607
"CS Universitatea Craiova","SuperLiga","Romania","2017","Arrivals","Fausto Rossi","https://www.transfermarkt.com/fausto-rossi/profil/spieler/81743","Central Midfield","26","Italy","Trapani","Serie C - C","Italy",0,FALSE,NA,"Summer",9,7,0,289
"CS Universitatea Craiova","SuperLiga","Romania","2017","Arrivals","Tiago Ferreira","https://www.transfermarkt.com/tiago-ferreira/profil/spieler/149721","Centre-Back","24","Portugal","União Madeira","Liga Portugal 2","Portugal",0,FALSE,NA,"Summer",35,33,0,2787
"CS Universitatea Craiova","SuperLiga","Romania","2017","Arrivals","Ivan Martic","https://www.transfermarkt.com/ivan-martic/profil/spieler/73048","Right-Back","26","Switzerland","HNK Rijeka","SuperSport HNL","Croatia",0,FALSE,NA,"Summer",29,24,2,1980
"CS Universitatea Craiova","SuperLiga","Romania","2017","Arrivals","Hrvoje Spahija","https://www.transfermarkt.com/hrvoje-spahija/profil/spieler/80814","Centre-Back","29","Croatia","FC Voluntari","SuperLiga","Romania",0,FALSE,NA,"Summer",20,13,0,1042
"CS Universitatea Craiova","SuperLiga","Romania","2017","Arrivals","Miodrag Mitrović","https://www.transfermarkt.com/miodrag-mitrovic/profil/spieler/64629","Goalkeeper","25","Switzerland","FC Lugano II","2. Liga Inter - Gr. 4","Switzerland",0,FALSE,NA,"Summer",34,15,0,1380
"CS Universitatea Craiova","SuperLiga","Romania","2017","Arrivals","Niko Datkovic","https://www.transfermarkt.com/niko-datkovic/profil/spieler/178056","Centre-Back","24","Croatia","Spezia Calcio","Serie B","Italy",NA,TRUE,"loan transfer","Summer",12,10,0,792
"CS Universitatea Craiova","SuperLiga","Romania","2017","Arrivals","Alexandru Mitriță","https://www.transfermarkt.com/alexandru-mitrita/profil/spieler/209649","Left Winger","22","Romania","Pescara","Serie B","Italy",NA,TRUE,"loan transfer","Summer",38,38,16,2977
"CS Universitatea Craiova","SuperLiga","Romania","2017","Arrivals","Răzvan Popa","https://www.transfermarkt.com/razvan-popa/profil/spieler/220851","Centre-Back","20","Romania","Real Zaragoza","LaLiga2","Spain",NA,FALSE,"-","Summer",21,19,0,1231
"CS Universitatea Craiova","SuperLiga","Romania","2017","Arrivals","Ștefan Vlădoiu","https://www.transfermarkt.com/stefan-vladoiu/profil/spieler/451603","Right-Back","18","Romania","CS U Craiova II",NA,"Romania",NA,FALSE,"-","Summer",2,0,0,0
"CS Universitatea Craiova","SuperLiga","Romania","2017","Arrivals","Lucian Buzan","https://www.transfermarkt.com/lucian-buzan/profil/spieler/540113","Right Midfield","18","Romania","CSU Craiova U19",NA,"Romania",NA,FALSE,"-","Summer",5,1,0,4
"CS Universitatea Craiova","SuperLiga","Romania","2017","Arrivals","Laurențiu Popescu","https://www.transfermarkt.com/laurentiu-popescu/profil/spieler/271289","Goalkeeper","20","Romania","Pandurii ","SuperLiga","Romania",NA,TRUE,"End of loan Jun 30, 2017","Summer",16,2,0,180
"CS Universitatea Craiova","SuperLiga","Romania","2017","Departures","Andrei Ivan","https://www.transfermarkt.com/andrei-ivan/profil/spieler/271282","Left Winger","20","Romania","Krasnodar","Premier Liga","Russia",3e+06,FALSE,NA,"Summer",1,1,0,69
"CS Universitatea Craiova","SuperLiga","Romania","2017","Departures","Andrei Vlad","https://www.transfermarkt.com/andrei-vlad/profil/spieler/424302","Goalkeeper","18","Romania","FCSB","SuperLiga","Romania",4e+05,FALSE,NA,"Summer",NA,NA,NA,NA
"CS Universitatea Craiova","SuperLiga","Romania","2017","Departures","Nuno Rocha","https://www.transfermarkt.com/nuno-rocha/profil/spieler/237355","Attacking Midfield","25","Cape Verde","Tosno","Premier Liga","Russia",0,FALSE,NA,"Summer",NA,NA,NA,NA
"CS Universitatea Craiova","SuperLiga","Romania","2017","Departures","Alexandre Barthe","https://www.transfermarkt.com/alexandre-barthe/profil/spieler/87287","Centre-Back","31","France","CSKA Sofia","efbet Liga","Bulgaria",0,FALSE,NA,"Summer",9,6,0,363
"CS Universitatea Craiova","SuperLiga","Romania","2017","Departures","Bogdan Bucurică","https://www.transfermarkt.com/bogdan-bucurica/profil/spieler/43287","Left-Back","31","Romania","Concordia","SuperLiga","Romania",0,FALSE,NA,"Summer",NA,NA,NA,NA
"CS Universitatea Craiova","SuperLiga","Romania","2017","Departures","Filip Jazvic","https://www.transfermarkt.com/filip-jazvic/profil/spieler/145249","Centre-Forward","26","Croatia","Arka Gdynia","Ekstraklasa","Poland",0,FALSE,NA,"Summer",NA,NA,NA,NA
"CS Universitatea Craiova","SuperLiga","Romania","2017","Departures","Nusmir Fajic","https://www.transfermarkt.com/nusmir-fajic/profil/spieler/123076","Centre-Forward","30","Bosnia-Herzegovina","FK Krupa","Premijer Liga BiH","Bosnia-Herzegovina",0,FALSE,NA,"Summer",NA,NA,NA,NA
"CS Universitatea Craiova","SuperLiga","Romania","2017","Departures","Andrei Dumitraș","https://www.transfermarkt.com/andrei-dumitras/profil/spieler/143833","Right-Back","29","Romania","FCV Farul","SuperLiga","Romania",0,FALSE,NA,"Summer",NA,NA,NA,NA
"CS Universitatea Craiova","SuperLiga","Romania","2017","Departures","Pedro Mingote","https://www.transfermarkt.com/pedro-mingote/profil/spieler/24873","Goalkeeper","36","Portugal","Daco-Getica","SuperLiga","Romania",0,FALSE,NA,"Summer",NA,NA,NA,NA
"CS Universitatea Craiova","SuperLiga","Romania","2017","Departures","Răzvan Gunie","https://www.transfermarkt.com/razvan-gunie/profil/spieler/605544","Defensive Midfield","18","Romania","Viitorul Tg.Jiu",NA,"Romania",0,FALSE,NA,"Summer",NA,NA,NA,NA
"CS Universitatea Craiova","SuperLiga","Romania","2017","Departures","Roberto-Valentino Bozgan","https://www.transfermarkt.com/roberto-valentino-bozgan/profil/spieler/551105","Defensive Midfield","18","Romania","APOP Polis",NA,"Cyprus",0,FALSE,NA,"Summer",NA,NA,NA,NA
"CS Universitatea Craiova","SuperLiga","Romania","2017","Departures","Stephane Acka","https://www.transfermarkt.com/stephane-acka/profil/spieler/287203","Centre-Back","26","Cote d'Ivoire","Erzurumspor FK","1.Lig","Türkiye",NA,FALSE,"?","Summer",NA,NA,NA,NA
"CS Universitatea Craiova","SuperLiga","Romania","2017","Departures","Kay","https://www.transfermarkt.com/kaytm/profil/spieler/168125","Centre-Back","29","Cape Verde","Omonia Nicosia","Cyprus League","Cyprus",NA,FALSE,"?","Summer",NA,NA,NA,NA
"CS Universitatea Craiova","SuperLiga","Romania","2017","Departures","Simon Mazarache","https://www.transfermarkt.com/simon-mazarache/profil/spieler/220924","Centre-Forward","24","Romania","Daco-Getica","SuperLiga","Romania",NA,TRUE,"loan transfer","Summer",0,0,0,0
"CS Universitatea Craiova","SuperLiga","Romania","2017","Departures","Alin Manea","https://www.transfermarkt.com/alin-manea/profil/spieler/271283","Attacking Midfield","20","Romania","Sportul Snagov","Liga 2","Romania",NA,TRUE,"loan transfer","Summer",NA,NA,NA,NA
"CS Universitatea Craiova","SuperLiga","Romania","2017","Departures","Stephan Drăghici","https://www.transfermarkt.com/stephan-draghici/profil/spieler/435706","Right Midfield","19","Romania","Ac. Clinceni","Liga 2","Romania",NA,TRUE,"loan transfer","Summer",NA,NA,NA,NA
"CS Universitatea Craiova","SuperLiga","Romania","2017","Departures","Ștefan Vlădoiu","https://www.transfermarkt.com/stefan-vladoiu/profil/spieler/451603","Right-Back","18","Romania","Sportul Snagov","Liga 2","Romania",NA,TRUE,"loan transfer","Summer",2,0,0,0
"CS Universitatea Craiova","SuperLiga","Romania","2017","Arrivals","Alexandru Mitriță","https://www.transfermarkt.com/alexandru-mitrita/profil/spieler/209649","Left Winger","22","Romania","Pescara","Serie B","Italy",730000,FALSE,NA,"Winter",38,38,16,2977
"CS Universitatea Craiova","SuperLiga","Romania","2017","Arrivals","Ovidiu Bic","https://www.transfermarkt.com/ovidiu-bic/profil/spieler/220816","Central Midfield","23","Romania","Gaz Metan","SuperLiga","Romania",2e+05,FALSE,NA,"Winter",5,2,0,97
"CS Universitatea Craiova","SuperLiga","Romania","2017","Arrivals","André Santos","https://www.transfermarkt.com/andre-santos/profil/spieler/61743","Defensive Midfield","28","Portugal","Arouca","Liga Portugal 2","Portugal",0,FALSE,NA,"Winter",12,7,0,464
"CS Universitatea Craiova","SuperLiga","Romania","2017","Arrivals","Dominik Glavina","https://www.transfermarkt.com/dominik-glavina/profil/spieler/148397","Second Striker","25","Croatia","Rudar Velenje","Prva Liga","Slovenia",0,FALSE,NA,"Winter",10,6,0,192
"CS Universitatea Craiova","SuperLiga","Romania","2017","Arrivals","Florin Gardoș","https://www.transfermarkt.com/florin-gardos/profil/spieler/57423","Centre-Back","29","Romania","Southampton","Premier League","England",NA,TRUE,"loan transfer","Winter",6,4,0,222
"CS Universitatea Craiova","SuperLiga","Romania","2017","Arrivals","Răzvan Popa","https://www.transfermarkt.com/razvan-popa/profil/spieler/220851","Centre-Back","20","Romania","Real Zaragoza","LaLiga2","Spain",NA,FALSE,"-","Winter",21,19,0,1231
"CS Universitatea Craiova","SuperLiga","Romania","2017","Arrivals","Raoul Baicu","https://www.transfermarkt.com/raoul-baicu/profil/spieler/605947","Centre-Forward","17","Romania","CS U Craiova II",NA,"Romania",NA,FALSE,"-","Winter",NA,NA,NA,NA
"CS Universitatea Craiova","SuperLiga","Romania","2017","Arrivals","Simon Mazarache","https://www.transfermarkt.com/simon-mazarache/profil/spieler/220924","Centre-Forward","24","Romania","Daco-Getica","SuperLiga","Romania",NA,TRUE,"End of loan Dec 31, 2017","Winter",0,0,0,0
"CS Universitatea Craiova","SuperLiga","Romania","2017","Arrivals","Alin Manea","https://www.transfermarkt.com/alin-manea/profil/spieler/271283","Attacking Midfield","20","Romania","Sportul Snagov","Liga 2","Romania",NA,TRUE,"End of loan Dec 31, 2017","Winter",NA,NA,NA,NA
"CS Universitatea Craiova","SuperLiga","Romania","2017","Arrivals","Stephan Drăghici","https://www.transfermarkt.com/stephan-draghici/profil/spieler/435706","Right Midfield","19","Romania","Ac. Clinceni","Liga 2","Romania",NA,TRUE,"End of loan Dec 31, 2017","Winter",NA,NA,NA,NA
"CS Universitatea Craiova","SuperLiga","Romania","2017","Departures","Hrvoje Spahija","https://www.transfermarkt.com/hrvoje-spahija/profil/spieler/80814","Centre-Back","29","Croatia","Ordabasy","Premier Liga","Kazakhstan",NA,TRUE,"loan transfer","Winter",20,13,0,1042
"CS Universitatea Craiova","SuperLiga","Romania","2017","Departures","Mihai Roman","https://www.transfermarkt.com/mihai-roman/profil/spieler/135566","Centre-Forward","25","Romania","ACS Poli","SuperLiga","Romania",NA,TRUE,"loan transfer","Winter",27,21,0,829
"CS Universitatea Craiova","SuperLiga","Romania","2017","Departures","Alin Manea","https://www.transfermarkt.com/alin-manea/profil/spieler/271283","Attacking Midfield","21","Romania","Dacia U. Braila","Liga 2","Romania",NA,TRUE,"loan transfer","Winter",NA,NA,NA,NA
"CS Universitatea Craiova","SuperLiga","Romania","2017","Departures","Stephan Drăghici","https://www.transfermarkt.com/stephan-draghici/profil/spieler/435706","Right Midfield","19","Romania","Daco-Getica","SuperLiga","Romania",NA,TRUE,"loan transfer","Winter",NA,NA,NA,NA
"CS Universitatea Craiova","SuperLiga","Romania","2017","Departures","Raul Hreniuc","https://www.transfermarkt.com/raul-hreniuc/profil/spieler/405964","Centre-Back","20","Romania","Ac. Clinceni","Liga 2","Romania",NA,TRUE,"loan transfer","Winter",NA,NA,NA,NA
"CS Universitatea Craiova","SuperLiga","Romania","2017","Departures","Robert Petre","https://www.transfermarkt.com/robert-petre/profil/spieler/423521","Right Winger","20","Romania","Viitorul Tg.Jiu",NA,"Romania",NA,TRUE,"loan transfer","Winter",NA,NA,NA,NA
"CS Universitatea Craiova","SuperLiga","Romania","2017","Departures","Alexandru Popescu","https://www.transfermarkt.com/alexandru-popescu/profil/spieler/504909","Centre-Forward","20","Romania","Ac. Clinceni","Liga 2","Romania",NA,TRUE,"loan transfer","Winter",6,1,0,5
"CS Universitatea Craiova","SuperLiga","Romania","2017","Departures","Alexandru Mitriță","https://www.transfermarkt.com/alexandru-mitrita/profil/spieler/209649","Left Winger","22","Romania","Pescara","Serie B","Italy",NA,TRUE,"End of loan Dec 31, 2017","Winter",38,38,16,2977
"CS Universitatea Craiova","SuperLiga","Romania","2017","Departures","Niko Datkovic","https://www.transfermarkt.com/niko-datkovic/profil/spieler/178056","Centre-Back","24","Croatia","Spezia Calcio","Serie B","Italy",NA,TRUE,"End of loan Dec 31, 2017","Winter",12,10,0,792
"FC Dinamo 1948","SuperLiga","Romania","2017","Arrivals","Filipe Nascimento","https://www.transfermarkt.com/filipe-nascimento/profil/spieler/197999","Central Midfield","22","Portugal","CFR Cluj","SuperLiga","Romania",0,FALSE,NA,"Summer",22,19,2,1193
"FC Dinamo 1948","SuperLiga","Romania","2017","Arrivals","Diogo Salomão","https://www.transfermarkt.com/diogo-salomao/profil/spieler/145918","Right Winger","28","Portugal","RCD Mallorca","2ª B - Grupo III","Spain",0,FALSE,NA,"Summer",40,40,9,3157
"FC Dinamo 1948","SuperLiga","Romania","2017","Arrivals","Georgios Katsikas","https://www.transfermarkt.com/georgios-katsikas/profil/spieler/96778","Centre-Back","27","Greece","Esbjerg fB","1.Division","Denmark",0,FALSE,NA,"Summer",39,30,3,2641
"FC Dinamo 1948","SuperLiga","Romania","2017","Arrivals","Juan Albín","https://www.transfermarkt.com/juan-albin/profil/spieler/44139","Attacking Midfield","30","Uruguay","Tiburones Rojos","Liga MX Apertura","Mexico",NA,TRUE,"loan transfer","Summer",6,6,0,246
"FC Dinamo 1948","SuperLiga","Romania","2017","Arrivals","Constantin Nica","https://www.transfermarkt.com/constantin-nica/profil/spieler/221815","Right-Back","24","Romania","Atalanta BC","Serie A","Italy",NA,TRUE,"loan transfer","Summer",10,3,0,165
"FC Dinamo 1948","SuperLiga","Romania","2017","Arrivals","Jeremy Bokila","https://www.transfermarkt.com/jeremy-bokila/profil/spieler/56490","Centre-Forward","28","DR Congo","CFR Cluj","SuperLiga","Romania",NA,TRUE,"loan transfer","Summer",14,13,1,535
"FC Dinamo 1948","SuperLiga","Romania","2017","Arrivals","Robert Moldoveanu","https://www.transfermarkt.com/robert-moldoveanu/profil/spieler/319235","Right Winger","18","Romania","Dinamo II",NA,"Romania",NA,FALSE,"-","Summer",18,14,3,803
"FC Dinamo 1948","SuperLiga","Romania","2017","Arrivals","Denis Ciobotariu","https://www.transfermarkt.com/denis-ciobotariu/profil/spieler/428593","Centre-Back","19","Romania","Dinamo U18",NA,"Romania",NA,FALSE,"-","Summer",NA,NA,NA,NA
"FC Dinamo 1948","SuperLiga","Romania","2017","Arrivals","Ricardo Grigore","https://www.transfermarkt.com/ricardo-grigore/profil/spieler/436078","Centre-Back","18","Romania","Dinamo II",NA,"Romania",NA,FALSE,"-","Summer",12,6,1,451
"FC Dinamo 1948","SuperLiga","Romania","2017","Arrivals","Liviu Gheorghe","https://www.transfermarkt.com/liviu-gheorghe/profil/spieler/335822","Central Midfield","17","Romania","Dinamo U18",NA,"Romania",NA,FALSE,"-","Summer",6,6,0,181
"FC Dinamo 1948","SuperLiga","Romania","2017","Arrivals","Ion Gheorghe","https://www.transfermarkt.com/ion-gheorghe/profil/spieler/436075","Left Winger","17","Romania","Dinamo II",NA,"Romania",NA,FALSE,"-","Summer",6,4,0,56
"FC Dinamo 1948","SuperLiga","Romania","2017","Arrivals","Valentin Lazăr","https://www.transfermarkt.com/valentin-lazar/profil/spieler/200621","Left Winger","27","Romania","Al-Sailiya SC","Stars League","Qatar",NA,TRUE,"End of loan Jun 30, 2017","Summer",NA,NA,NA,NA
"FC Dinamo 1948","SuperLiga","Romania","2017","Arrivals","Paul Anton","https://www.transfermarkt.com/paul-anton/profil/spieler/123286","Central Midfield","26","Romania","Getafe","LaLiga2","Spain",NA,TRUE,"End of loan Jun 30, 2017","Summer",22,22,6,1660
"FC Dinamo 1948","SuperLiga","Romania","2017","Arrivals","Vlad Olteanu","https://www.transfermarkt.com/vlad-olteanu/profil/spieler/339960","Left-Back","21","Romania","Sepsi OSK","Liga 2","Romania",NA,TRUE,"End of loan Jun 30, 2017","Summer",18,17,0,1437
"FC Dinamo 1948","SuperLiga","Romania","2017","Arrivals","Valentin Costache","https://www.transfermarkt.com/valentin-costache/profil/spieler/341391","Left Winger","18","Romania","CS Afumati","Liga 2","Romania",NA,TRUE,"End of loan Jun 30, 2017","Summer",17,16,3,923
"FC Dinamo 1948","SuperLiga","Romania","2017","Arrivals","Vlad Muțiu","https://www.transfermarkt.com/vlad-mutiu/profil/spieler/309016","Goalkeeper","22","Romania","CS Afumati","Liga 2","Romania",NA,TRUE,"End of loan Jun 30, 2017","Summer",17,3,0,270
"FC Dinamo 1948","SuperLiga","Romania","2017","Departures","Valentin Lazăr","https://www.transfermarkt.com/valentin-lazar/profil/spieler/200621","Left Winger","27","Romania","Al-Sailiya SC","Stars League","Qatar",250000,FALSE,NA,"Summer",NA,NA,NA,NA
"FC Dinamo 1948","SuperLiga","Romania","2017","Departures","Antun Palic","https://www.transfermarkt.com/antun-palic/profil/spieler/68205","Attacking Midfield","29","Croatia","Mouscron","Jupiler Pro League","Belgium",0,FALSE,NA,"Summer",13,11,1,482
"FC Dinamo 1948","SuperLiga","Romania","2017","Departures","Dan Nistor","https://www.transfermarkt.com/dan-nistor/profil/spieler/156639","Central Midfield","29","Romania","CFR Cluj","SuperLiga","Romania",0,FALSE,NA,"Summer",19,19,1,1652
"FC Dinamo 1948","SuperLiga","Romania","2017","Departures","Azer Busuladzic","https://www.transfermarkt.com/azer-busuladzic/profil/spieler/106039","Defensive Midfield","25","Bosnia-Herzegovina","Atromitos","Super League 1","Greece",0,FALSE,NA,"Summer",6,4,0,243
"FC Dinamo 1948","SuperLiga","Romania","2017","Departures","Claudiu Bumba","https://www.transfermarkt.com/claudiu-bumba/profil/spieler/186731","Attacking Midfield","23","Romania","Concordia","SuperLiga","Romania",0,FALSE,NA,"Summer",9,4,0,200
"FC Dinamo 1948","SuperLiga","Romania","2017","Departures","Vytautas Černiauskas","https://www.transfermarkt.com/vytautas-cerniauskas/profil/spieler/97830","Goalkeeper","28","Lithuania","CSKA Sofia","efbet Liga","Bulgaria",0,FALSE,NA,"Summer",NA,NA,NA,NA
"FC Dinamo 1948","SuperLiga","Romania","2017","Departures","Thaer Bawab","https://www.transfermarkt.com/thaer-bawab/profil/spieler/40480","Centre-Forward","32","Jordan","Concordia","SuperLiga","Romania",0,FALSE,NA,"Summer",5,1,0,62
"FC Dinamo 1948","SuperLiga","Romania","2017","Departures","Danu Spataru","https://www.transfermarkt.com/danu-spataru/profil/spieler/167505","Left Winger","23","Moldova","ACSM Poli Iasi","SuperLiga","Romania",0,FALSE,NA,"Summer",NA,NA,NA,NA
"FC Dinamo 1948","SuperLiga","Romania","2017","Departures","Alexandru Burci","https://www.transfermarkt.com/alexandru-burci/profil/spieler/588449","Goalkeeper","20","Romania","Atletic Bradu",NA,"Romania",0,FALSE,NA,"Summer",NA,NA,NA,NA
"FC Dinamo 1948","SuperLiga","Romania","2017","Departures","Mihai Popescu","https://www.transfermarkt.com/mihai-popescu/profil/spieler/361537","Centre-Back","24","Romania","FC Voluntari","SuperLiga","Romania",NA,TRUE,"loan transfer","Summer",17,12,2,1080
"FC Dinamo 1948","SuperLiga","Romania","2017","Departures","Daniel Popa","https://www.transfermarkt.com/daniel-popa/profil/spieler/341364","Centre-Forward","21","Romania","FC Botosani","SuperLiga","Romania",NA,TRUE,"loan transfer","Summer",19,17,8,992
"FC Dinamo 1948","SuperLiga","Romania","2017","Departures","Vlad Olteanu","https://www.transfermarkt.com/vlad-olteanu/profil/spieler/339960","Left-Back","21","Romania","FC Voluntari","SuperLiga","Romania",NA,TRUE,"loan transfer","Summer",18,17,0,1437
"FC Dinamo 1948","SuperLiga","Romania","2017","Departures","Patrick Petre","https://www.transfermarkt.com/patrick-petre/profil/spieler/295885","Right Midfield","20","Romania","Sepsi OSK","SuperLiga","Romania",NA,TRUE,"loan transfer","Summer",NA,NA,NA,NA
"FC Dinamo 1948","SuperLiga","Romania","2017","Departures","Andrei Tîrcoveanu","https://www.transfermarkt.com/andrei-tircoveanu/profil/spieler/271293","Attacking Midfield","20","Romania","Gaz Metan","SuperLiga","Romania",NA,TRUE,"loan transfer","Summer",NA,NA,NA,NA
"FC Dinamo 1948","SuperLiga","Romania","2017","Departures","Iustin Popescu","https://www.transfermarkt.com/iustin-popescu/profil/spieler/289186","Goalkeeper","23","Romania","Chindia","Liga 2","Romania",NA,TRUE,"loan transfer","Summer",NA,NA,NA,NA
"FC Dinamo 1948","SuperLiga","Romania","2017","Departures","Denis Ciobotariu","https://www.transfermarkt.com/denis-ciobotariu/profil/spieler/428593","Centre-Back","19","Romania","Chindia","Liga 2","Romania",NA,TRUE,"loan transfer","Summer",NA,NA,NA,NA
"FC Dinamo 1948","SuperLiga","Romania","2017","Departures","Mihai Neicuțescu","https://www.transfermarkt.com/mihai-neicutescu/profil/spieler/436079","Centre-Forward","18","Romania","Chindia","Liga 2","Romania",NA,TRUE,"loan transfer","Summer",NA,NA,NA,NA
"FC Dinamo 1948","SuperLiga","Romania","2017","Departures","Juan Albín","https://www.transfermarkt.com/juan-albin/profil/spieler/44139","Attacking Midfield","31","Uruguay","Tiburones Rojos","Liga MX Apertura","Mexico",NA,TRUE,"End of loan Aug 16, 2017","Summer",6,6,0,246
"FC Dinamo 1948","SuperLiga","Romania","2017","Departures","Claude Dielna","https://www.transfermarkt.com/claude-dielna/profil/spieler/57135","Centre-Back","29","France","Sheff Wed","Championship","England",NA,TRUE,"End of loan Jun 30, 2017","Summer",NA,NA,NA,NA
"FC Dinamo 1948","SuperLiga","Romania","2017","Arrivals","Ivan Pesic","https://www.transfermarkt.com/ivan-pesic/profil/spieler/115133","Left Winger","25","Croatia","Hajduk Split","SuperSport HNL","Croatia",50000,FALSE,NA,"Winter",18,17,4,1083
"FC Dinamo 1948","SuperLiga","Romania","2017","Arrivals","Dan Nistor","https://www.transfermarkt.com/dan-nistor/profil/spieler/156639","Central Midfield","29","Romania","CFR Cluj","SuperLiga","Romania",0,FALSE,NA,"Winter",19,19,1,1652
"FC Dinamo 1948","SuperLiga","Romania","2017","Arrivals","Marco Ehmann","https://www.transfermarkt.com/marco-ehmann/profil/spieler/336310","Centre-Back","17","Romania","Karlsruhe U19","U19-Bundesliga S/SW","Germany",0,FALSE,NA,"Winter",0,0,0,0
"FC Dinamo 1948","SuperLiga","Romania","2017","Arrivals","Gabriel Torje","https://www.transfermarkt.com/gabriel-torje/profil/spieler/47184","Right Winger","28","Romania","Akhmat Grozny","Premier Liga","Russia",NA,TRUE,"loan transfer","Winter",8,8,2,446
"FC Dinamo 1948","SuperLiga","Romania","2017","Arrivals","Antun Palic","https://www.transfermarkt.com/antun-palic/profil/spieler/68205","Attacking Midfield","29","Croatia","Without Club",NA,NA,NA,FALSE,"-","Winter",13,11,1,482
"FC Dinamo 1948","SuperLiga","Romania","2017","Arrivals","Aitor Monroy","https://www.transfermarkt.com/aitor-monroy/profil/spieler/71986","Central Midfield","30","Spain","Without Club",NA,NA,NA,FALSE,"-","Winter",10,6,0,287
"FC Dinamo 1948","SuperLiga","Romania","2017","Arrivals","Mihai Popescu","https://www.transfermarkt.com/mihai-popescu/profil/spieler/361537","Centre-Back","24","Romania","FC Voluntari","SuperLiga","Romania",NA,TRUE,"End of loan Dec 31, 2017","Winter",17,12,2,1080
"FC Dinamo 1948","SuperLiga","Romania","2017","Arrivals","Daniel Popa","https://www.transfermarkt.com/daniel-popa/profil/spieler/341364","Centre-Forward","22","Romania","FC Botosani","SuperLiga","Romania",NA,TRUE,"End of loan Dec 31, 2017","Winter",19,17,8,992
"FC Dinamo 1948","SuperLiga","Romania","2017","Arrivals","Vlad Olteanu","https://www.transfermarkt.com/vlad-olteanu/profil/spieler/339960","Left-Back","21","Romania","FC Voluntari","SuperLiga","Romania",NA,TRUE,"End of loan Dec 31, 2017","Winter",18,17,0,1437
"FC Dinamo 1948","SuperLiga","Romania","2017","Departures","Ionuț Nedelcearu","https://www.transfermarkt.com/ionut-nedelcearu/profil/spieler/274694","Centre-Back","21","Romania","Ufa","Premier Liga","Russia",7e+05,FALSE,NA,"Winter",25,25,2,2219
"FC Dinamo 1948","SuperLiga","Romania","2017","Departures","Valentin Costache","https://www.transfermarkt.com/valentin-costache/profil/spieler/341391","Left Winger","19","Romania","CFR Cluj","SuperLiga","Romania",7e+05,FALSE,NA,"Winter",17,16,3,923
"FC Dinamo 1948","SuperLiga","Romania","2017","Departures","Steliano Filip","https://www.transfermarkt.com/steliano-filip/profil/spieler/181501","Left-Back","23","Romania","Hajduk Split","SuperSport HNL","Croatia",5e+05,FALSE,NA,"Winter",21,21,1,1896
"FC Dinamo 1948","SuperLiga","Romania","2017","Departures","Paul Anton","https://www.transfermarkt.com/paul-anton/profil/spieler/123286","Central Midfield","26","Romania","Anzhi","Premier Liga","Russia",4e+05,FALSE,NA,"Winter",22,22,6,1660
"FC Dinamo 1948","SuperLiga","Romania","2017","Departures","Filipe Nascimento","https://www.transfermarkt.com/filipe-nascimento/profil/spieler/197999","Central Midfield","23","Portugal","Levski Sofia","efbet Liga","Bulgaria",2e+05,FALSE,NA,"Winter",22,19,2,1193
"FC Dinamo 1948","SuperLiga","Romania","2017","Departures","Rivaldinho","https://www.transfermarkt.com/rivaldinho/profil/spieler/313968","Centre-Forward","22","Brazil","Levski Sofia","efbet Liga","Bulgaria",0,FALSE,NA,"Winter",26,23,4,1361
"FC Dinamo 1948","SuperLiga","Romania","2017","Departures","Maximiliano Oliva","https://www.transfermarkt.com/maximiliano-oliva/profil/spieler/55960","Left-Back","27","Argentina","ACS Poli","SuperLiga","Romania",0,FALSE,NA,"Winter",17,10,0,627
"Astra Giurgiu (- 2024)",NA,NA,"2017","Arrivals","Takayuki Seto","https://www.transfermarkt.com/takayuki-seto/profil/spieler/97562","Defensive Midfield","31","Japan","SB Ankaraspor","Süper Lig","Türkiye",0,FALSE,NA,"Summer",30,29,2,2289
"Astra Giurgiu (- 2024)",NA,NA,"2017","Arrivals","Anthony Le Tallec","https://www.transfermarkt.com/anthony-le-tallec/profil/spieler/4217","Centre-Forward","32","France","Atromitos","Super League 1","Greece",0,FALSE,NA,"Summer",26,24,2,1215
"Astra Giurgiu (- 2024)",NA,NA,"2017","Arrivals","Marquinhos","https://www.transfermarkt.com/marquinhos/profil/spieler/179046","Attacking Midfield","25","Brazil","Toledo",NA,"Brazil",0,FALSE,NA,"Summer",22,21,1,1316
"Astra Giurgiu (- 2024)",NA,NA,"2017","Arrivals","Mateo Poljak","https://www.transfermarkt.com/mateo-poljak/profil/spieler/45827","Defensive Midfield","27","Croatia","Newcastle","A-League Men","Australia",0,FALSE,NA,"Summer",5,4,0,262
"Astra Giurgiu (- 2024)",NA,NA,"2017","Arrivals","Bogdan Chipirliu","https://www.transfermarkt.com/bogdan-chipirliu/profil/spieler/250134","Centre-Forward","24","Romania","Daco-Getica","SuperLiga","Romania",0,FALSE,NA,"Summer",18,11,1,350
"Astra Giurgiu (- 2024)",NA,NA,"2017","Arrivals","Piotr Polczak","https://www.transfermarkt.com/piotr-polczak/profil/spieler/29745","Centre-Back","30","Poland","Cracovia","Ekstraklasa","Poland",0,FALSE,NA,"Summer",39,35,2,3092
"Astra Giurgiu (- 2024)",NA,NA,"2017","Arrivals","Risto Radunovic","https://www.transfermarkt.com/risto-radunovic/profil/spieler/144339","Left-Back","25","Montenegro","B. Podgorica","Meridianbet 1. CFL","Montenegro",0,FALSE,NA,"Summer",34,22,0,1503
"Astra Giurgiu (- 2024)",NA,NA,"2017","Arrivals","Florin Bejan","https://www.transfermarkt.com/florin-bejan/profil/spieler/147993","Centre-Back","26","Romania","Cracovia","Ekstraklasa","Poland",0,FALSE,NA,"Summer",37,31,0,2635
"Astra Giurgiu (- 2024)",NA,NA,"2017","Arrivals","Erico","https://www.transfermarkt.com/erico/profil/spieler/233917","Centre-Back","27","Brazil","Pandurii ","Liga 2","Romania",0,FALSE,NA,"Summer",40,25,0,2196
"Astra Giurgiu (- 2024)",NA,NA,"2017","Arrivals","Ciprian Biceanu","https://www.transfermarkt.com/ciprian-biceanu/profil/spieler/241259","Central Midfield","23","Romania","CS Mioveni","Liga 2","Romania",0,FALSE,NA,"Summer",15,7,0,156
"Astra Giurgiu (- 2024)",NA,NA,"2017","Arrivals","Robert Vîlceanu","https://www.transfermarkt.com/robert-vilceanu/profil/spieler/289295","Attacking Midfield","20","Romania","FCSB","SuperLiga","Romania",0,FALSE,NA,"Summer",4,2,0,42
"Astra Giurgiu (- 2024)",NA,NA,"2017","Arrivals","David Lazar","https://www.transfermarkt.com/david-lazar/profil/spieler/168278","Goalkeeper","25","Romania","Vejle BK","1.Division","Denmark",0,FALSE,NA,"Summer",41,5,0,376
"Astra Giurgiu (- 2024)",NA,NA,"2017","Arrivals","Cristian Nedelcovici","https://www.transfermarkt.com/cristian-nedelcovici/profil/spieler/161037","Goalkeeper","25","Romania","FC Podari",NA,"Romania",0,FALSE,NA,"Summer",NA,NA,NA,NA
"Astra Giurgiu (- 2024)",NA,NA,"2017","Arrivals","Radu Chiriac","https://www.transfermarkt.com/radu-chiriac/profil/spieler/418222","Central Midfield","17","Romania","FC D. Coman",NA,"Romania",NA,FALSE,"?","Summer",2,1,0,4
"Astra Giurgiu (- 2024)",NA,NA,"2017","Arrivals","Serge Nyuiadzi","https://www.transfermarkt.com/serge-nyuiadzi/profil/spieler/131736","Centre-Forward","25","Togo","Žalgiris","A Lyga","Lithuania",NA,TRUE,"loan transfer","Summer",12,8,1,321
"Astra Giurgiu (- 2024)",NA,NA,"2017","Arrivals","Anatole Abang","https://www.transfermarkt.com/anatole-abang/profil/spieler/363264","Centre-Forward","21","Cameroon","New York","MLS","United States",NA,TRUE,"loan transfer","Summer",29,29,5,1779
"Astra Giurgiu (- 2024)",NA,NA,"2017","Arrivals","Filip Mrzljak","https://www.transfermarkt.com/filip-mrzljak/profil/spieler/131324","Defensive Midfield","24","Croatia","Without Club",NA,NA,NA,FALSE,"-","Summer",36,34,0,2830
"Astra Giurgiu (- 2024)",NA,NA,"2017","Arrivals","Robert Boboc","https://www.transfermarkt.com/robert-boboc/profil/spieler/244542","Defensive Midfield","22","Romania","CS Mioveni","Liga 2","Romania",NA,TRUE,"End of loan Jun 30, 2017","Summer",NA,NA,NA,NA
"Astra Giurgiu (- 2024)",NA,NA,"2017","Departures","Constantin Budescu","https://www.transfermarkt.com/constantin-budescu/profil/spieler/164233","Attacking Midfield","28","Romania","FCSB","SuperLiga","Romania",750000,FALSE,NA,"Summer",NA,NA,NA,NA
"Astra Giurgiu (- 2024)",NA,NA,"2017","Departures","Silviu Lung Jr.","https://www.transfermarkt.com/silviu-lung-jr-/profil/spieler/73731","Goalkeeper","28","Romania","Kayserispor","Süper Lig","Türkiye",350000,FALSE,NA,"Summer",NA,NA,NA,NA
"Astra Giurgiu (- 2024)",NA,NA,"2017","Departures","Cristian Săpunaru","https://www.transfermarkt.com/cristian-sapunaru/profil/spieler/25942","Centre-Back","33","Romania","Kayserispor","Süper Lig","Türkiye",3e+05,FALSE,NA,"Summer",NA,NA,NA,NA
"Astra Giurgiu (- 2024)",NA,NA,"2017","Departures","Júnior Morais","https://www.transfermarkt.com/junior-morais/profil/spieler/125069","Left-Back","30","Brazil","FCSB","SuperLiga","Romania",0,FALSE,NA,"Summer",NA,NA,NA,NA
"Astra Giurgiu (- 2024)",NA,NA,"2017","Departures","Fabrício","https://www.transfermarkt.com/fabricio/profil/spieler/86917","Centre-Back","27","Brazil","FC Ashdod","Ligat ha'Al","Israel",0,FALSE,NA,"Summer",NA,NA,NA,NA
"Astra Giurgiu (- 2024)",NA,NA,"2017","Departures","Sergiu Buș","https://www.transfermarkt.com/sergiu-bus/profil/spieler/123671","Centre-Forward","24","Romania","Levski Sofia","efbet Liga","Bulgaria",0,FALSE,NA,"Summer",NA,NA,NA,NA
"Astra Giurgiu (- 2024)",NA,NA,"2017","Departures","Daniel Florea","https://www.transfermarkt.com/daniel-florea/profil/spieler/46543","Centre-Forward","29","Romania","UTA Arad","Liga 2","Romania",0,FALSE,NA,"Summer",NA,NA,NA,NA
"Astra Giurgiu (- 2024)",NA,NA,"2017","Departures","Boubacar Mansaly","https://www.transfermarkt.com/boubacar-mansaly/profil/spieler/68901","Defensive Midfield","29","Senegal","Erzurumspor FK","1.Lig","Türkiye",0,FALSE,NA,"Summer",NA,NA,NA,NA
"Astra Giurgiu (- 2024)",NA,NA,"2017","Departures","Daniel Niculae","https://www.transfermarkt.com/daniel-niculae/profil/spieler/34512","Centre-Forward","34","Romania","FC Rapid 1923",NA,"Romania",0,FALSE,NA,"Summer",NA,NA,NA,NA
"Astra Giurgiu (- 2024)",NA,NA,"2017","Departures","Cristian Oroș","https://www.transfermarkt.com/cristian-oros/profil/spieler/64215","Centre-Back","32","Romania","Sepsi OSK","SuperLiga","Romania",0,FALSE,NA,"Summer",NA,NA,NA,NA
"Astra Giurgiu (- 2024)",NA,NA,"2017","Departures","Filipe Teixeira","https://www.transfermarkt.com/filipe-teixeira/profil/spieler/5568","Right Winger","36","Portugal","FCSB","SuperLiga","Romania",0,FALSE,NA,"Summer",NA,NA,NA,NA
"Astra Giurgiu (- 2024)",NA,NA,"2017","Departures","Ricardo Alves","https://www.transfermarkt.com/ricardo-alves/profil/spieler/118323","Centre-Back","26","Portugal","Leixões","Liga Portugal 2","Portugal",0,FALSE,NA,"Summer",NA,NA,NA,NA
"Astra Giurgiu (- 2024)",NA,NA,"2017","Departures","Romario Kortzorg","https://www.transfermarkt.com/romario-kortzorg/profil/spieler/214617","Left Winger","27","Netherlands","Concordia","SuperLiga","Romania",0,FALSE,NA,"Summer",NA,NA,NA,NA
"Astra Giurgiu (- 2024)",NA,NA,"2017","Departures","Gatch Arthure Diomande","https://www.transfermarkt.com/gatch-arthure-diomande/profil/spieler/639694","Second Striker","19","Cote d'Ivoire","Unknown",NA,NA,0,FALSE,NA,"Summer",NA,NA,NA,NA
"Astra Giurgiu (- 2024)",NA,NA,"2017","Departures","Andrei Pițian","https://www.transfermarkt.com/andrei-pitian/profil/spieler/301258","Centre-Back","21","Romania","Apol. Limassol","Cyprus League","Cyprus",NA,TRUE,"loan transfer","Summer",8,4,0,86
"Astra Giurgiu (- 2024)",NA,NA,"2017","Departures","Robert Boboc","https://www.transfermarkt.com/robert-boboc/profil/spieler/244542","Defensive Midfield","22","Romania","FC Hermannstadt","Liga 2","Romania",NA,TRUE,"loan transfer","Summer",NA,NA,NA,NA
"Astra Giurgiu (- 2024)",NA,NA,"2017","Departures","Mădălin Răileanu","https://www.transfermarkt.com/madalin-raileanu/profil/spieler/309432","Defensive Midfield","20","Romania","Metaloglobus","Liga 2","Romania",NA,TRUE,"loan transfer","Summer",NA,NA,NA,NA
"Astra Giurgiu (- 2024)",NA,NA,"2017","Departures","Viorel Nicoara","https://www.transfermarkt.com/viorel-nicoara/profil/spieler/157022","Left Midfield","29","Romania","Without Club",NA,NA,NA,FALSE,"-","Summer",12,11,0,578
"Astra Giurgiu (- 2024)",NA,NA,"2017","Departures","Damien Boudjemaa","https://www.transfermarkt.com/damien-boudjemaa/profil/spieler/102651","Right Winger","32","France","Without Club",NA,NA,NA,FALSE,"-","Summer",NA,NA,NA,NA
"Astra Giurgiu (- 2024)",NA,NA,"2017","Departures","Geraldo","https://www.transfermarkt.com/geraldo/profil/spieler/14300","Centre-Back","36","Portugal",NA,NA,NA,NA,FALSE,"-","Summer",NA,NA,NA,NA
"Astra Giurgiu (- 2024)",NA,NA,"2017","Departures","Florin Lovin","https://www.transfermarkt.com/florin-lovin/profil/spieler/26497","Central Midfield","35","Romania",NA,NA,NA,NA,FALSE,"-","Summer",NA,NA,NA,NA
"Astra Giurgiu (- 2024)",NA,NA,"2017","Departures","Takayuki Seto","https://www.transfermarkt.com/takayuki-seto/profil/spieler/97562","Defensive Midfield","31","Japan","SB Ankaraspor","Süper Lig","Türkiye",NA,TRUE,"End of loan Jun 30, 2017","Summer",30,29,2,2289
"Astra Giurgiu (- 2024)",NA,NA,"2017","Arrivals","Laurențiu Buș","https://www.transfermarkt.com/laurentiu-bus/profil/spieler/54728","Central Midfield","30","Romania","FC Botosani","SuperLiga","Romania",50000,FALSE,NA,"Winter",14,13,1,627
"Astra Giurgiu (- 2024)",NA,NA,"2017","Arrivals","Daniel Barbir","https://www.transfermarkt.com/daniel-barbir/profil/spieler/330186","Centre-Back","20","United States","Whitecaps 2",NA,"Canada",0,FALSE,NA,"Winter",0,0,0,0
"Astra Giurgiu (- 2024)",NA,NA,"2017","Arrivals","Vlad Barbulescu","https://www.transfermarkt.com/vlad-barbulescu/profil/spieler/621680","Right Winger","21","Romania","V. Domnesti",NA,"Romania",0,FALSE,NA,"Winter",NA,NA,NA,NA
"Astra Giurgiu (- 2024)",NA,NA,"2017","Arrivals","Florentin Matei","https://www.transfermarkt.com/florentin-matei/profil/spieler/147998","Attacking Midfield","24","Romania","HNK Rijeka","SuperSport HNL","Croatia",NA,TRUE,"loan transfer","Winter",14,14,4,1141
"Astra Giurgiu (- 2024)",NA,NA,"2017","Arrivals","Urko Vera","https://www.transfermarkt.com/urko-vera/profil/spieler/92975","Centre-Forward","30","Spain","CFR Cluj","SuperLiga","Romania",NA,TRUE,"loan transfer","Winter",11,11,1,636
"Astra Giurgiu (- 2024)",NA,NA,"2017","Departures","Alexandru Ioniță","https://www.transfermarkt.com/alexandru-ionita/profil/spieler/209664","Attacking Midfield","23","Romania","CFR Cluj","SuperLiga","Romania",1e+06,FALSE,NA,"Winter",26,25,11,1944
"Astra Giurgiu (- 2024)",NA,NA,"2017","Departures","Marquinhos","https://www.transfermarkt.com/marquinhos/profil/spieler/179046","Attacking Midfield","25","Brazil","Žalgiris","A Lyga","Lithuania",0,FALSE,NA,"Winter",22,21,1,1316
"Astra Giurgiu (- 2024)",NA,NA,"2017","Departures","Anthony Le Tallec","https://www.transfermarkt.com/anthony-le-tallec/profil/spieler/4217","Centre-Forward","33","France","US Orléans","Ligue 2","France",0,FALSE,NA,"Winter",26,24,2,1215
"Astra Giurgiu (- 2024)",NA,NA,"2017","Departures","Mateo Poljak","https://www.transfermarkt.com/mateo-poljak/profil/spieler/45827","Defensive Midfield","28","Croatia","Marc. Stallions",NA,"Australia",NA,FALSE,"?","Winter",5,4,0,262
"Astra Giurgiu (- 2024)",NA,NA,"2017","Departures","Serge Nyuiadzi","https://www.transfermarkt.com/serge-nyuiadzi/profil/spieler/131736","Centre-Forward","26","Togo","Žalgiris","A Lyga","Lithuania",NA,TRUE,"End of loan Jan 10, 2018","Winter",12,8,1,321
"FC Botosani","SuperLiga","Romania","2017","Arrivals","Naif Ahmed Taib Hazazi","https://www.transfermarkt.com/naif-ahmed-taib-hazazi/profil/spieler/93468","Centre-Forward","29","Saudi Arabia","Without Club",NA,NA,0,FALSE,NA,"Summer",2,1,0,18
"FC Botosani","SuperLiga","Romania","2017","Arrivals","Tiberiu Serediuc","https://www.transfermarkt.com/tiberiu-serediuc/profil/spieler/192871","Right Midfield","24","Romania","Concordia","SuperLiga","Romania",0,FALSE,NA,"Summer",34,25,0,872
"FC Botosani","SuperLiga","Romania","2017","Arrivals","Eduard Pap","https://www.transfermarkt.com/eduard-pap/profil/spieler/249080","Goalkeeper","23","Romania","ASA Tg. Mures","Liga 2","Romania",0,FALSE,NA,"Summer",43,10,0,881
"FC Botosani","SuperLiga","Romania","2017","Arrivals","Andrei Dumitraș","https://www.transfermarkt.com/andrei-dumitras/profil/spieler/143833","Right-Back","29","Romania","FCV Farul","SuperLiga","Romania",0,FALSE,NA,"Summer",30,20,0,1480
"FC Botosani","SuperLiga","Romania","2017","Arrivals","Marian Târșă","https://www.transfermarkt.com/marian-tarsa/profil/spieler/412738","Central Midfield","19","Romania","ACSM Poli Iasi","SuperLiga","Romania",0,FALSE,NA,"Summer",11,3,0,182
"FC Botosani","SuperLiga","Romania","2017","Arrivals","Sebastian Chitosca","https://www.transfermarkt.com/sebastian-chitosca/profil/spieler/192864","Left Midfield","24","Romania","FCSB","SuperLiga","Romania",0,FALSE,NA,"Summer",25,17,1,575
"FC Botosani","SuperLiga","Romania","2017","Arrivals","Jonathan Rodríguez","https://www.transfermarkt.com/jonathan-rodriguez/profil/spieler/537768","Central Midfield","27","Argentina","Agropecuario","Primera Nacional","Argentina",0,FALSE,NA,"Summer",27,23,2,1221
"FC Botosani","SuperLiga","Romania","2017","Arrivals","Ianos Brinza","https://www.transfermarkt.com/ianos-brinza/profil/spieler/556245","Goalkeeper","18","Moldova","Dacia","Super Liga","Moldova",0,FALSE,NA,"Summer",5,1,0,90
"FC Botosani","SuperLiga","Romania","2017","Arrivals","Răzvan Oaidă","https://www.transfermarkt.com/razvan-oaida/profil/spieler/341141","Defensive Midfield","19","Romania","Brescia U19","Primavera 2 - A","Italy",NA,FALSE,"?","Summer",36,25,0,1870
"FC Botosani","SuperLiga","Romania","2017","Arrivals","Daniel Popa","https://www.transfermarkt.com/daniel-popa/profil/spieler/341364","Centre-Forward","21","Romania","FC Dinamo","SuperLiga","Romania",NA,TRUE,"loan transfer","Summer",23,22,1,1220
"FC Botosani","SuperLiga","Romania","2017","Arrivals","Esteban Ciaccheri","https://www.transfermarkt.com/esteban-ciaccheri/profil/spieler/364909","Centre-Forward","26","Argentina","Rangers Talca","Primera B Apertura","Chile",NA,TRUE,"loan transfer","Summer",13,11,0,412
"FC Botosani","SuperLiga","Romania","2017","Arrivals","Alexandru Piftor","https://www.transfermarkt.com/alexandru-piftor/profil/spieler/537769","Attacking Midfield","18","Romania","FC Botosani U18",NA,"Romania",NA,FALSE,"-","Summer",5,1,0,77
"FC Botosani","SuperLiga","Romania","2017","Arrivals","Răzvan Greu","https://www.transfermarkt.com/razvan-greu/profil/spieler/326001","Left Winger","22","Romania","Sepsi OSK","Liga 2","Romania",NA,TRUE,"End of loan Jun 30, 2017","Summer",NA,NA,NA,NA
"FC Botosani","SuperLiga","Romania","2017","Arrivals","Andrei Chindriș","https://www.transfermarkt.com/andrei-chindris/profil/spieler/435731","Centre-Back","18","Romania","Ac. Clinceni","Liga 2","Romania",NA,TRUE,"End of loan Jun 30, 2017","Summer",NA,NA,NA,NA
"FC Botosani","SuperLiga","Romania","2017","Arrivals","Bogdan Varodi","https://www.transfermarkt.com/bogdan-varodi/profil/spieler/459211","Left Midfield","20","Romania","Metalurg. Cugir",NA,"Romania",NA,TRUE,"End of loan Jun 30, 2017","Summer",0,0,0,0
"FC Botosani","SuperLiga","Romania","2017","Arrivals","Gabriel Coti","https://www.transfermarkt.com/gabriel-coti/profil/spieler/585382","Central Midfield","20","Romania","Armătura Zalău",NA,"Romania",NA,TRUE,"End of loan Jun 30, 2017","Summer",NA,NA,NA,NA
"FC Botosani","SuperLiga","Romania","2017","Departures","Cătălin Golofca","https://www.transfermarkt.com/catalin-golofca/profil/spieler/241234","Right Winger","27","Romania","FCSB","SuperLiga","Romania",4e+05,FALSE,NA,"Summer",24,24,5,1864
"FC Botosani","SuperLiga","Romania","2017","Departures","Aristidis Soiledis","https://www.transfermarkt.com/aristidis-soiledis/profil/spieler/63490","Left-Back","28","Greece","FCSB","SuperLiga","Romania",75000,FALSE,NA,"Summer",NA,NA,NA,NA
"FC Botosani","SuperLiga","Romania","2017","Departures","Gabriel Vașvari","https://www.transfermarkt.com/gabriel-vasvari/profil/spieler/177660","Defensive Midfield","30","Romania","ACS Poli","SuperLiga","Romania",0,FALSE,NA,"Summer",NA,NA,NA,NA
"FC Botosani","SuperLiga","Romania","2017","Departures","Alin Cârstocea","https://www.transfermarkt.com/alin-carstocea/profil/spieler/164235","Central Midfield","25","Romania","UTA Arad","Liga 2","Romania",0,FALSE,NA,"Summer",NA,NA,NA,NA
"FC Botosani","SuperLiga","Romania","2017","Departures","Andrei Hergheligiu","https://www.transfermarkt.com/andrei-hergheligiu/profil/spieler/208799","Left Winger","25","Romania","Luceafarul","Liga 2","Romania",0,FALSE,NA,"Summer",NA,NA,NA,NA
"FC Botosani","SuperLiga","Romania","2017","Departures","Sergiu Popovici","https://www.transfermarkt.com/sergiu-popovici/profil/spieler/217750","Left-Back","24","Romania","Gaz Metan","SuperLiga","Romania",0,FALSE,NA,"Summer",NA,NA,NA,NA
"FC Botosani","SuperLiga","Romania","2017","Departures","Răzvan Greu","https://www.transfermarkt.com/razvan-greu/profil/spieler/326001","Left Winger","22","Romania","U Cluj",NA,"Romania",0,FALSE,NA,"Summer",NA,NA,NA,NA
"FC Botosani","SuperLiga","Romania","2017","Departures","Andrei Patache","https://www.transfermarkt.com/andrei-patache/profil/spieler/64216","Right-Back","29","Romania","Concordia","SuperLiga","Romania",0,FALSE,NA,"Summer",6,1,0,90
"FC Botosani","SuperLiga","Romania","2017","Departures","Călin Albuț","https://www.transfermarkt.com/calin-albut/profil/spieler/46487","Goalkeeper","36","Romania","U Cluj",NA,"Romania",0,FALSE,NA,"Summer",NA,NA,NA,NA
"FC Botosani","SuperLiga","Romania","2017","Departures","Armand Svichi","https://www.transfermarkt.com/armand-svichi/profil/spieler/293369","Attacking Midfield","22","Romania","Unknown",NA,NA,0,FALSE,NA,"Summer",0,0,0,0
"FC Botosani","SuperLiga","Romania","2017","Departures","Gabriel Coti","https://www.transfermarkt.com/gabriel-coti/profil/spieler/585382","Central Midfield","20","Romania","CFR Cluj II",NA,"Romania",0,FALSE,NA,"Summer",NA,NA,NA,NA
"FC Botosani","SuperLiga","Romania","2017","Departures","Bogdan Varodi","https://www.transfermarkt.com/bogdan-varodi/profil/spieler/459211","Left Midfield","20","Romania","Sanatatea",NA,"Romania",NA,FALSE,"?","Summer",0,0,0,0
"FC Botosani","SuperLiga","Romania","2017","Departures","Raul Avram","https://www.transfermarkt.com/raul-avram/profil/spieler/384076","Goalkeeper","24","Romania","Miroslava","Liga 2","Romania",NA,TRUE,"loan transfer","Summer",NA,NA,NA,NA
"FC Botosani","SuperLiga","Romania","2017","Departures","Claudiu Juncănaru","https://www.transfermarkt.com/claudiu-juncanaru/profil/spieler/319736","Right-Back","21","Romania","U. Constanta",NA,"Romania",NA,TRUE,"loan transfer","Summer",1,0,0,0
"FC Botosani","SuperLiga","Romania","2017","Departures","Alexandru Corban","https://www.transfermarkt.com/alexandru-corban/profil/spieler/394539","Right Midfield","19","Romania","Miroslava","Liga 2","Romania",NA,TRUE,"loan transfer","Summer",NA,NA,NA,NA
"FC Botosani","SuperLiga","Romania","2017","Departures","Andrei Chindriș","https://www.transfermarkt.com/andrei-chindris/profil/spieler/435731","Centre-Back","18","Romania","Miroslava","Liga 2","Romania",NA,TRUE,"loan transfer","Summer",NA,NA,NA,NA
"FC Botosani","SuperLiga","Romania","2017","Departures","Endrick","https://www.transfermarkt.com/endrick/profil/spieler/452164","Attacking Midfield","22","Malaysia","Without Club",NA,NA,NA,FALSE,"-","Summer",NA,NA,NA,NA
"FC Botosani","SuperLiga","Romania","2017","Arrivals","Cătălin Golofca","https://www.transfermarkt.com/catalin-golofca/profil/spieler/241234","Right Winger","27","Romania","FCSB","SuperLiga","Romania",4e+05,FALSE,NA,"Winter",24,24,5,1864
"FC Botosani","SuperLiga","Romania","2017","Arrivals","Mircea Axente","https://www.transfermarkt.com/mircea-axente/profil/spieler/69558","Centre-Forward","30","Romania","Al-Faisaly","Saudi Pro League","Saudi Arabia",0,FALSE,NA,"Winter",19,19,5,887
"FC Botosani","SuperLiga","Romania","2017","Arrivals","Florin Acsinte","https://www.transfermarkt.com/florin-acsinte/profil/spieler/64090","Left-Back","30","Romania","FC Voluntari","SuperLiga","Romania",0,FALSE,NA,"Winter",17,13,1,1014
"FC Botosani","SuperLiga","Romania","2017","Arrivals","Bojan Golubovic","https://www.transfermarkt.com/bojan-golubovic/profil/spieler/37290","Centre-Forward","34","Serbia","Gaz Metan","SuperLiga","Romania",0,FALSE,NA,"Winter",20,16,2,996
"FC Botosani","SuperLiga","Romania","2017","Arrivals","Vlad Achim","https://www.transfermarkt.com/vlad-achim/profil/spieler/69402","Defensive Midfield","28","Romania","FCSB","SuperLiga","Romania",NA,TRUE,"loan transfer","Winter",15,15,0,1262
"FC Botosani","SuperLiga","Romania","2017","Arrivals","Raul Avram","https://www.transfermarkt.com/raul-avram/profil/spieler/384076","Goalkeeper","24","Romania","Miroslava","Liga 2","Romania",NA,TRUE,"End of loan Dec 31, 2017","Winter",NA,NA,NA,NA
"FC Botosani","SuperLiga","Romania","2017","Arrivals","Claudiu Juncănaru","https://www.transfermarkt.com/claudiu-juncanaru/profil/spieler/319736","Right-Back","21","Romania","U. Constanta",NA,"Romania",NA,TRUE,"End of loan Dec 31, 2017","Winter",1,0,0,0
"FC Botosani","SuperLiga","Romania","2017","Departures","Mihai Bordeianu","https://www.transfermarkt.com/mihai-bordeianu/profil/spieler/210059","Central Midfield","26","Romania","CFR Cluj","SuperLiga","Romania",2e+05,FALSE,NA,"Winter",23,20,1,1608
"FC Botosani","SuperLiga","Romania","2017","Departures","Laurențiu Buș","https://www.transfermarkt.com/laurentiu-bus/profil/spieler/54728","Central Midfield","30","Romania","Astra Giurgiu","SuperLiga","Romania",50000,FALSE,NA,"Winter",22,21,7,1639
"FC Botosani","SuperLiga","Romania","2017","Departures","Benjamin Kuku","https://www.transfermarkt.com/benjamin-kuku/profil/spieler/389291","Centre-Forward","22","Nigeria","Sepsi OSK","SuperLiga","Romania",0,FALSE,NA,"Winter",11,8,0,421
"FC Botosani","SuperLiga","Romania","2017","Departures","Raul Avram","https://www.transfermarkt.com/raul-avram/profil/spieler/384076","Goalkeeper","24","Romania","Petrolul",NA,"Romania",0,FALSE,NA,"Winter",NA,NA,NA,NA
"FC Botosani","SuperLiga","Romania","2017","Departures","Alexandru Tarnovan","https://www.transfermarkt.com/alexandru-tarnovan/profil/spieler/262028","Right Winger","22","Romania","FC Hermannstadt","Liga 2","Romania",0,FALSE,NA,"Winter",7,4,0,209
"FC Botosani","SuperLiga","Romania","2017","Departures","Robert Elek","https://www.transfermarkt.com/robert-elek/profil/spieler/55279","Centre-Forward","29","Romania","Daco-Getica","SuperLiga","Romania",0,FALSE,NA,"Winter",NA,NA,NA,NA
"FC Botosani","SuperLiga","Romania","2017","Departures","Armand Svichi","https://www.transfermarkt.com/armand-svichi/profil/spieler/293369","Attacking Midfield","22","Romania","Unknown",NA,NA,0,FALSE,NA,"Winter",0,0,0,0
"FC Botosani","SuperLiga","Romania","2017","Departures","Marian Târșă","https://www.transfermarkt.com/marian-tarsa/profil/spieler/412738","Central Midfield","19","Romania","Ac. Clinceni","Liga 2","Romania",NA,TRUE,"loan transfer","Winter",11,3,0,182
"FC Botosani","SuperLiga","Romania","2017","Departures","Claudiu Juncănaru","https://www.transfermarkt.com/claudiu-juncanaru/profil/spieler/319736","Right-Back","21","Romania","CSM Roman",NA,"Romania",NA,TRUE,"loan transfer","Winter",1,0,0,0
"FC Botosani","SuperLiga","Romania","2017","Departures","Daniel Popa","https://www.transfermarkt.com/daniel-popa/profil/spieler/341364","Centre-Forward","22","Romania","FC Dinamo","SuperLiga","Romania",NA,TRUE,"End of loan Dec 31, 2017","Winter",23,22,1,1220
"FC Botosani","SuperLiga","Romania","2017","Departures","Esteban Ciaccheri","https://www.transfermarkt.com/esteban-ciaccheri/profil/spieler/364909","Centre-Forward","26","Argentina","Rangers Talca","Liga de Ascenso","Chile",NA,TRUE,"End of loan Feb 18, 2018","Winter",13,11,0,412
"Concordia Chiajna","Liga 2","Romania","2017","Arrivals","Claudiu Bumba","https://www.transfermarkt.com/claudiu-bumba/profil/spieler/186731","Attacking Midfield","23","Romania","FC Dinamo","SuperLiga","Romania",0,FALSE,NA,"Summer",28,27,7,1843
"Concordia Chiajna","Liga 2","Romania","2017","Arrivals","Cristian Bud","https://www.transfermarkt.com/cristian-bud/profil/spieler/104211","Centre-Forward","32","Romania","ACS Poli","SuperLiga","Romania",0,FALSE,NA,"Summer",20,19,3,850
"Concordia Chiajna","Liga 2","Romania","2017","Arrivals","Manassé Enza-Yamissi","https://www.transfermarkt.com/manasse-enza-yamissi/profil/spieler/89584","Centre-Back","27","Central African Republic","US Orléans","Ligue 2","France",0,FALSE,NA,"Summer",28,15,0,1197
"Concordia Chiajna","Liga 2","Romania","2017","Arrivals","Thaer Bawab","https://www.transfermarkt.com/thaer-bawab/profil/spieler/40480","Centre-Forward","32","Jordan","FC Dinamo","SuperLiga","Romania",0,FALSE,NA,"Summer",28,27,1,1544
"Concordia Chiajna","Liga 2","Romania","2017","Arrivals","Vasile Gheorghe","https://www.transfermarkt.com/vasile-gheorghe/profil/spieler/123316","Central Midfield","31","Romania","ACSM Poli Iasi","SuperLiga","Romania",0,FALSE,NA,"Summer",14,8,0,459
"Concordia Chiajna","Liga 2","Romania","2017","Arrivals","Bogdan Bucurică","https://www.transfermarkt.com/bogdan-bucurica/profil/spieler/43287","Left-Back","31","Romania","CS U Craiova","SuperLiga","Romania",0,FALSE,NA,"Summer",11,11,0,876
"Concordia Chiajna","Liga 2","Romania","2017","Arrivals","Dan Bucsa","https://www.transfermarkt.com/dan-bucsa/profil/spieler/213583","Defensive Midfield","29","Romania","Daco-Getica","SuperLiga","Romania",0,FALSE,NA,"Summer",31,25,0,2041
"Concordia Chiajna","Liga 2","Romania","2017","Arrivals","Stjepan Babic","https://www.transfermarkt.com/stjepan-babic/profil/spieler/46494","Defensive Midfield","28","Croatia","Rudar Velenje","Prva Liga","Slovenia",0,FALSE,NA,"Summer",34,25,0,1156
"Concordia Chiajna","Liga 2","Romania","2017","Arrivals","Toni Tipuric","https://www.transfermarkt.com/toni-tipuric/profil/spieler/155800","Centre-Back","26","Austria","Cibalia","SuperSport HNL","Croatia",0,FALSE,NA,"Summer",8,8,0,675
"Concordia Chiajna","Liga 2","Romania","2017","Arrivals","Josip Zeba","https://www.transfermarkt.com/josip-zeba/profil/spieler/196850","Centre-Back","27","Croatia","NK Aluminij","Prva Liga","Slovenia",0,FALSE,NA,"Summer",7,4,0,277
"Concordia Chiajna","Liga 2","Romania","2017","Arrivals","Paul Batin","https://www.transfermarkt.com/paul-batin/profil/spieler/121151","Centre-Forward","30","Romania","Pandurii ","Liga 2","Romania",0,FALSE,NA,"Summer",34,33,13,2237
"Concordia Chiajna","Liga 2","Romania","2017","Arrivals","Andrei Patache","https://www.transfermarkt.com/andrei-patache/profil/spieler/64216","Right-Back","29","Romania","FC Botosani","SuperLiga","Romania",0,FALSE,NA,"Summer",23,17,0,1317
"Concordia Chiajna","Liga 2","Romania","2017","Arrivals","Alessandro Caparco","https://www.transfermarkt.com/alessandro-caparco/profil/spieler/85260","Goalkeeper","33","Italy","ACSM Poli Iasi","SuperLiga","Romania",0,FALSE,NA,"Summer",34,22,0,1940
"Concordia Chiajna","Liga 2","Romania","2017","Arrivals","Romario Kortzorg","https://www.transfermarkt.com/romario-kortzorg/profil/spieler/214617","Left Winger","27","Netherlands","Astra Giurgiu","SuperLiga","Romania",0,FALSE,NA,"Summer",11,10,0,686
"Concordia Chiajna","Liga 2","Romania","2017","Arrivals","Andrei Marc","https://www.transfermarkt.com/andrei-marc/profil/spieler/129608","Centre-Back","24","Romania","Sanliurfaspor ","2.Lig Beyaz","Türkiye",NA,TRUE,"loan transfer","Summer",31,31,4,2738
"Concordia Chiajna","Liga 2","Romania","2017","Arrivals","Dino Spehar","https://www.transfermarkt.com/dino-spehar/profil/spieler/160381","Centre-Forward","23","Croatia","CFR Cluj","SuperLiga","Romania",NA,TRUE,"loan transfer","Summer",6,3,0,125
"Concordia Chiajna","Liga 2","Romania","2017","Arrivals","George Isvoranu","https://www.transfermarkt.com/george-isvoranu/profil/spieler/549698","Goalkeeper","18","Romania","Chiajna II",NA,"Romania",NA,FALSE,"-","Summer",1,0,0,0
"Concordia Chiajna","Liga 2","Romania","2017","Arrivals","Alexandru Costache","https://www.transfermarkt.com/alexandru-costache/profil/spieler/466716","Goalkeeper","17","Romania","Chiajna II",NA,"Romania",NA,FALSE,"-","Summer",NA,NA,NA,NA
"Concordia Chiajna","Liga 2","Romania","2017","Arrivals","Florin Iacob","https://www.transfermarkt.com/florin-iacob/profil/spieler/186028","Goalkeeper","23","Romania","FC Brasov","Liga 2","Romania",NA,TRUE,"End of loan Jun 30, 2017","Summer",NA,NA,NA,NA
"Concordia Chiajna","Liga 2","Romania","2017","Arrivals","Florin Iacob","https://www.transfermarkt.com/florin-iacob/profil/spieler/186028","Goalkeeper","22","Romania","FC Brasov","Liga II - Seria II","Romania",NA,TRUE,"End of loan Jun 30, 2016","Summer",NA,NA,NA,NA
"Concordia Chiajna","Liga 2","Romania","2017","Arrivals","Lucian Asanache","https://www.transfermarkt.com/lucian-asanache/profil/spieler/264841","Centre-Back","22","Romania","Luceafarul","Liga 2","Romania",NA,TRUE,"End of loan Sep 1, 2017","Summer",NA,NA,NA,NA
"Concordia Chiajna","Liga 2","Romania","2017","Arrivals","Lucian Asanache","https://www.transfermarkt.com/lucian-asanache/profil/spieler/264841","Centre-Back","22","Romania","Foresta Suceava","Liga 2","Romania",NA,TRUE,"End of loan Jun 30, 2017","Summer",NA,NA,NA,NA
"Concordia Chiajna","Liga 2","Romania","2017","Departures","Ovidiu Herea","https://www.transfermarkt.com/ovidiu-herea/profil/spieler/25933","Centre-Forward","32","Romania","FCV Farul","SuperLiga","Romania",0,FALSE,NA,"Summer",NA,NA,NA,NA
"Concordia Chiajna","Liga 2","Romania","2017","Departures","Tiberiu Serediuc","https://www.transfermarkt.com/tiberiu-serediuc/profil/spieler/192871","Right Midfield","24","Romania","FC Botosani","SuperLiga","Romania",0,FALSE,NA,"Summer",NA,NA,NA,NA
"Concordia Chiajna","Liga 2","Romania","2017","Departures","Raul Costin","https://www.transfermarkt.com/raul-costin/profil/spieler/46523","Central Midfield","32","Romania","FC Arges","Liga 2","Romania",0,FALSE,NA,"Summer",3,2,0,151
"Concordia Chiajna","Liga 2","Romania","2017","Departures","Cristian Melinte","https://www.transfermarkt.com/cristian-melinte/profil/spieler/63461","Centre-Back","29","Romania","ACS Poli","SuperLiga","Romania",0,FALSE,NA,"Summer",NA,NA,NA,NA
"Concordia Chiajna","Liga 2","Romania","2017","Departures","Valentin Alexandru","https://www.transfermarkt.com/valentin-alexandru/profil/spieler/156800","Centre-Forward","25","Romania","D. Calarasi","Liga 2","Romania",0,FALSE,NA,"Summer",NA,NA,NA,NA
"Concordia Chiajna","Liga 2","Romania","2017","Departures","Virgil Drăghia","https://www.transfermarkt.com/virgil-draghia/profil/spieler/122652","Goalkeeper","27","Romania","Daco-Getica","SuperLiga","Romania",0,FALSE,NA,"Summer",7,0,0,0
"Concordia Chiajna","Liga 2","Romania","2017","Departures","Valentin Munteanu","https://www.transfermarkt.com/valentin-munteanu/profil/spieler/210558","Right Winger","27","Romania","D. Calarasi","Liga 2","Romania",0,FALSE,NA,"Summer",4,2,0,57
"Concordia Chiajna","Liga 2","Romania","2017","Departures","Alin Buleică","https://www.transfermarkt.com/alin-buleica/profil/spieler/147286","Right-Back","25","Romania","UTA Arad","Liga 2","Romania",0,FALSE,NA,"Summer",3,2,0,101
"Concordia Chiajna","Liga 2","Romania","2017","Departures","Florin Iacob","https://www.transfermarkt.com/florin-iacob/profil/spieler/186028","Goalkeeper","23","Romania","ASA Tg. Mures","Liga 2","Romania",0,FALSE,NA,"Summer",NA,NA,NA,NA
"Concordia Chiajna","Liga 2","Romania","2017","Departures","Marian Constantinescu","https://www.transfermarkt.com/marian-constantinescu/profil/spieler/46520","Attacking Midfield","35","Romania","Ac. Clinceni","Liga 2","Romania",0,FALSE,NA,"Summer",NA,NA,NA,NA
"Concordia Chiajna","Liga 2","Romania","2017","Departures","Alexandru Vagner","https://www.transfermarkt.com/alexandru-vagner/profil/spieler/48755","Right-Back","27","Romania","Petrolul",NA,"Romania",0,FALSE,NA,"Summer",NA,NA,NA,NA
"Concordia Chiajna","Liga 2","Romania","2017","Departures","Andrei Voineag","https://www.transfermarkt.com/andrei-voineag/profil/spieler/227587","Left-Back","23","Romania","Sportul Snagov","Liga 2","Romania",0,FALSE,NA,"Summer",NA,NA,NA,NA
"Concordia Chiajna","Liga 2","Romania","2017","Departures","Marian Voicu","https://www.transfermarkt.com/marian-voicu/profil/spieler/374015","Goalkeeper","19","Romania","Carmen Buk.",NA,"Romania",0,FALSE,NA,"Summer",NA,NA,NA,NA
"Concordia Chiajna","Liga 2","Romania","2017","Departures","Lucian Asanache","https://www.transfermarkt.com/lucian-asanache/profil/spieler/264841","Centre-Back","22","Romania","Luceafarul","Liga 2","Romania",NA,TRUE,"loan transfer","Summer",NA,NA,NA,NA
"Concordia Chiajna","Liga 2","Romania","2017","Departures","Lucian Asanache","https://www.transfermarkt.com/lucian-asanache/profil/spieler/264841","Centre-Back","22","Romania","Metaloglobus","Liga 2","Romania",NA,TRUE,"loan transfer","Summer",NA,NA,NA,NA
"Concordia Chiajna","Liga 2","Romania","2017","Departures","Patrice Feussi","https://www.transfermarkt.com/patrice-feussi/profil/spieler/21921","Right-Back","30","Cameroon","Without Club",NA,NA,NA,FALSE,"-","Summer",5,5,0,438
"Concordia Chiajna","Liga 2","Romania","2017","Departures","Toni Tipuric","https://www.transfermarkt.com/toni-tipuric/profil/spieler/155800","Centre-Back","26","Austria","Without Club",NA,NA,NA,FALSE,"-","Summer",8,8,0,675
"Concordia Chiajna","Liga 2","Romania","2017","Departures","Milano Koenders","https://www.transfermarkt.com/milano-koenders/profil/spieler/30617","Centre-Back","30","Netherlands","Without Club",NA,NA,NA,FALSE,"-","Summer",NA,NA,NA,NA
"Concordia Chiajna","Liga 2","Romania","2017","Departures","Josip Zeba","https://www.transfermarkt.com/josip-zeba/profil/spieler/196850","Centre-Back","27","Croatia","Without Club",NA,NA,NA,FALSE,"-","Summer",7,4,0,277
"Concordia Chiajna","Liga 2","Romania","2017","Departures","Cristian Novacek","https://www.transfermarkt.com/cristian-novacek/profil/spieler/421868","Defensive Midfield","21","Romania","Chiajna II",NA,"Romania",NA,FALSE,"-","Summer",NA,NA,NA,NA
"Concordia Chiajna","Liga 2","Romania","2017","Departures","Robert Bolozan","https://www.transfermarkt.com/robert-bolozan/profil/spieler/395781","Centre-Back","21","Romania","Chiajna II",NA,"Romania",NA,FALSE,"-","Summer",NA,NA,NA,NA
"Concordia Chiajna","Liga 2","Romania","2017","Departures","Florin Bejan","https://www.transfermarkt.com/florin-bejan/profil/spieler/147993","Centre-Back","26","Romania","Cracovia","Ekstraklasa","Poland",NA,TRUE,"End of loan Jun 30, 2017","Summer",NA,NA,NA,NA
"Concordia Chiajna","Liga 2","Romania","2017","Departures","Daniel Popescu","https://www.transfermarkt.com/daniel-popescu/profil/spieler/64224","Left-Back","29","Romania","FCSB","SuperLiga","Romania",NA,TRUE,"End of loan Jun 30, 2017","Summer",NA,NA,NA,NA
"Concordia Chiajna","Liga 2","Romania","2017","Arrivals","Armantas Vitkauskas","https://www.transfermarkt.com/armantas-vitkauskas/profil/spieler/82654","Goalkeeper","28","Lithuania","Žalgiris","A Lyga","Lithuania",0,FALSE,NA,"Winter",18,2,0,180
"Concordia Chiajna","Liga 2","Romania","2017","Arrivals","Florin Cioablă","https://www.transfermarkt.com/florin-cioabla/profil/spieler/330794","Attacking Midfield","21","Romania","FCV Farul","SuperLiga","Romania",0,FALSE,NA,"Winter",5,1,0,45
"Concordia Chiajna","Liga 2","Romania","2017","Arrivals","Pierre Semudenge","https://www.transfermarkt.com/pierre-semudenge/profil/spieler/328228","Midfielder","24","Netherlands","GG College",NA,"United States",0,FALSE,NA,"Winter",NA,NA,NA,NA
"Concordia Chiajna","Liga 2","Romania","2017","Arrivals","Nivaldo","https://www.transfermarkt.com/nivaldo/profil/spieler/197149","Left-Back","29","Cape Verde","Teplice","Chance Liga","Czech Republic",NA,FALSE,"?","Winter",15,15,1,758
"Concordia Chiajna","Liga 2","Romania","2017","Arrivals","Dan Panait","https://www.transfermarkt.com/dan-panait/profil/spieler/295878","Left-Back","20","Romania","FCV Farul U18",NA,"Romania",NA,TRUE,"loan transfer","Winter",8,4,0,276
"Concordia Chiajna","Liga 2","Romania","2017","Arrivals","Andrei Prepeliță","https://www.transfermarkt.com/andrei-prepelita/profil/spieler/37933","Central Midfield","32","Romania","Without Club",NA,NA,NA,FALSE,"-","Winter",13,13,2,1069
"Concordia Chiajna","Liga 2","Romania","2017","Departures","Cristian Bălgrădean","https://www.transfermarkt.com/cristian-balgradean/profil/spieler/158839","Goalkeeper","29","Romania","FCSB","SuperLiga","Romania",50000,FALSE,NA,"Winter",20,18,0,1570
"Concordia Chiajna","Liga 2","Romania","2017","Departures","Bogdan Bucurică","https://www.transfermarkt.com/bogdan-bucurica/profil/spieler/43287","Left-Back","31","Romania","FC Voluntari","SuperLiga","Romania",0,FALSE,NA,"Winter",11,11,0,876
"Concordia Chiajna","Liga 2","Romania","2017","Departures","Romario Kortzorg","https://www.transfermarkt.com/romario-kortzorg/profil/spieler/214617","Left Winger","28","Netherlands","Becamex HCMC ","V.League 1","Vietnam",0,FALSE,NA,"Winter",11,10,0,686
"Concordia Chiajna","Liga 2","Romania","2017","Departures","Florin Răsdan","https://www.transfermarkt.com/florin-rasdan/profil/spieler/326348","Right-Back","22","Romania","CSA Steaua",NA,"Romania",0,FALSE,NA,"Winter",7,2,0,90
"Concordia Chiajna","Liga 2","Romania","2017","Departures","Robert Răducanu","https://www.transfermarkt.com/robert-raducanu/profil/spieler/371969","Left Winger","21","Romania","FCV Farul","SuperLiga","Romania",0,FALSE,NA,"Winter",11,5,0,289
"Concordia Chiajna","Liga 2","Romania","2017","Departures","Pierre Semudenge","https://www.transfermarkt.com/pierre-semudenge/profil/spieler/328228","Midfielder","24","Netherlands","CSM Fetesti",NA,"Romania",0,FALSE,NA,"Winter",NA,NA,NA,NA
"Concordia Chiajna","Liga 2","Romania","2017","Departures","Vasile Gheorghe","https://www.transfermarkt.com/vasile-gheorghe/profil/spieler/123316","Central Midfield","32","Romania","Daco-Getica","SuperLiga","Romania",NA,TRUE,"loan transfer","Winter",14,8,0,459
"Concordia Chiajna","Liga 2","Romania","2017","Departures","Cristian Ciobanu","https://www.transfermarkt.com/cristian-ciobanu/profil/spieler/244002","Right Winger","23","Romania","Daco-Getica","SuperLiga","Romania",NA,TRUE,"loan transfer","Winter",2,1,0,65
"Concordia Chiajna","Liga 2","Romania","2017","Departures","Alin Dobrosavlevici","https://www.transfermarkt.com/alin-dobrosavlevici/profil/spieler/213589","Centre-Back","23","Romania","D. Calarasi","Liga 2","Romania",NA,TRUE,"loan transfer","Winter",11,1,0,90
"Concordia Chiajna","Liga 2","Romania","2017","Departures","Daniel Rogoveanu","https://www.transfermarkt.com/daniel-rogoveanu/profil/spieler/337754","Attacking Midfield","22","Romania","Chindia","Liga 2","Romania",NA,TRUE,"loan transfer","Winter",NA,NA,NA,NA
"Concordia Chiajna","Liga 2","Romania","2017","Departures","Dino Spehar","https://www.transfermarkt.com/dino-spehar/profil/spieler/160381","Centre-Forward","23","Croatia","CFR Cluj","SuperLiga","Romania",NA,TRUE,"End of loan Dec 31, 2017","Winter",6,3,0,125
"ACSM Politehnica Iasi","Liga 2","Romania","2017","Arrivals","Cătălin Ștefănescu","https://www.transfermarkt.com/catalin-stefanescu/profil/spieler/243762","Left Winger","22","Romania","FCSB","SuperLiga","Romania",15000,FALSE,NA,"Summer",24,22,1,718
"ACSM Politehnica Iasi","Liga 2","Romania","2017","Arrivals","Andu Moisi","https://www.transfermarkt.com/andu-moisi/profil/spieler/348732","Centre-Back","20","Romania","Miroslava","Liga 2","Romania",3000,FALSE,NA,"Summer",17,6,0,294
"ACSM Politehnica Iasi","Liga 2","Romania","2017","Arrivals","Tiago Almeida","https://www.transfermarkt.com/tiago-almeida/profil/spieler/92042","Right-Back","26","Cape Verde","Moreirense ","Liga Portugal","Portugal",0,FALSE,NA,"Summer",15,12,0,1039
"ACSM Politehnica Iasi","Liga 2","Romania","2017","Arrivals","Ivan Kelava","https://www.transfermarkt.com/ivan-kelava/profil/spieler/44227","Goalkeeper","29","Croatia","Debrecen","NB I.","Hungary",0,FALSE,NA,"Summer",30,15,0,1350
"ACSM Politehnica Iasi","Liga 2","Romania","2017","Arrivals","Platini","https://www.transfermarkt.com/platini/profil/spieler/130930","Left Winger","31","Cape Verde","Dibba Al-Hisn",NA,"United Arab Emirates",0,FALSE,NA,"Summer",36,36,7,2747
"ACSM Politehnica Iasi","Liga 2","Romania","2017","Arrivals","Salim Cissé","https://www.transfermarkt.com/salim-cisse/profil/spieler/236541","Centre-Forward","24","Guinea","Olhanense",NA,"Portugal",0,FALSE,NA,"Summer",19,13,2,500
"ACSM Politehnica Iasi","Liga 2","Romania","2017","Arrivals","Ionut Cioinac","https://www.transfermarkt.com/ionut-cioinac/profil/spieler/213641","Defensive Midfield","26","Romania","Pandurii ","Liga 2","Romania",0,FALSE,NA,"Summer",33,33,0,2896
"ACSM Politehnica Iasi","Liga 2","Romania","2017","Arrivals","Alexei Koselev","https://www.transfermarkt.com/alexei-koselev/profil/spieler/136109","Goalkeeper","23","Moldova","FC Sheriff","Super Liga","Moldova",0,FALSE,NA,"Summer",31,15,0,1305
"ACSM Politehnica Iasi","Liga 2","Romania","2017","Arrivals","Andrei Sin","https://www.transfermarkt.com/andrei-sin/profil/spieler/213777","Left-Back","25","Romania","ASA Tg. Mures","Liga 2","Romania",0,FALSE,NA,"Summer",33,33,2,2625
"ACSM Politehnica Iasi","Liga 2","Romania","2017","Arrivals","Alexandru Vremea","https://www.transfermarkt.com/alexandru-vremea/profil/spieler/228521","Defensive Midfield","25","Moldova","Ac. Chisinau",NA,"Moldova",0,FALSE,NA,"Summer",11,2,0,106
"ACSM Politehnica Iasi","Liga 2","Romania","2017","Arrivals","Danu Spataru","https://www.transfermarkt.com/danu-spataru/profil/spieler/167505","Left Winger","23","Moldova","FC Dinamo","SuperLiga","Romania",0,FALSE,NA,"Summer",16,14,1,654
"ACSM Politehnica Iasi","Liga 2","Romania","2017","Arrivals","Luwagga William Kizito","https://www.transfermarkt.com/luwagga-william-kizito/profil/spieler/222119","Centre-Forward","23","Uganda","Rio Ave","Liga Portugal","Portugal",NA,FALSE,"?","Summer",28,25,3,1248
"ACSM Politehnica Iasi","Liga 2","Romania","2017","Arrivals","Pedro Mendes","https://www.transfermarkt.com/pedro-mendes/profil/spieler/352851","Attacking Midfield","23","Portugal","Pinhalnovense",NA,"Portugal",NA,FALSE,"?","Summer",33,25,4,1581
"ACSM Politehnica Iasi","Liga 2","Romania","2017","Arrivals","Jô Santos","https://www.transfermarkt.com/jo-santos/profil/spieler/237058","Right Winger","26","Brazil","FC Sheriff","Super Liga","Moldova",NA,TRUE,"loan transfer","Summer",29,27,5,2233
"ACSM Politehnica Iasi","Liga 2","Romania","2017","Arrivals","Vitalijs Jagodinskis","https://www.transfermarkt.com/vitalijs-jagodinskis/profil/spieler/150284","Centre-Back","25","Latvia","Without Club",NA,NA,NA,FALSE,"-","Summer",18,14,0,852
"ACSM Politehnica Iasi","Liga 2","Romania","2017","Arrivals","Vasilica Vladeanu","https://www.transfermarkt.com/vasilica-vladeanu/profil/spieler/582925","Right-Back","18","Romania","Poli Iași U18",NA,"Romania",NA,FALSE,"-","Summer",3,2,0,45
"ACSM Politehnica Iasi","Liga 2","Romania","2017","Arrivals","Alexandru Boiciuc","https://www.transfermarkt.com/alexandru-boiciuc/profil/spieler/358734","Centre-Forward","19","Moldova","Milsami","Super Liga","Moldova",NA,TRUE,"End of loan Jun 30, 2017","Summer",NA,NA,NA,NA
"ACSM Politehnica Iasi","Liga 2","Romania","2017","Arrivals","Marius Chelaru","https://www.transfermarkt.com/marius-chelaru/profil/spieler/364707","Central Midfield","20","Romania","Miroslava",NA,"Romania",NA,TRUE,"End of loan Jun 30, 2017","Summer",34,23,1,1648
"ACSM Politehnica Iasi","Liga 2","Romania","2017","Arrivals","Madalin Crenganis","https://www.transfermarkt.com/madalin-crenganis/profil/spieler/227012","Centre-Forward","22","Romania","Miroslava",NA,"Romania",NA,TRUE,"End of loan Jun 30, 2017","Summer",NA,NA,NA,NA
"ACSM Politehnica Iasi","Liga 2","Romania","2017","Departures","Lukács Bőle","https://www.transfermarkt.com/lukacs-bole/profil/spieler/130775","Attacking Midfield","27","Hungary","Ferencváros","NB I.","Hungary",0,FALSE,NA,"Summer",NA,NA,NA,NA
"ACSM Politehnica Iasi","Liga 2","Romania","2017","Departures","Alexandru Țigănașu","https://www.transfermarkt.com/alexandru-tiganasu/profil/spieler/177661","Left-Back","27","Romania","ACS Poli","SuperLiga","Romania",0,FALSE,NA,"Summer",NA,NA,NA,NA
"ACSM Politehnica Iasi","Liga 2","Romania","2017","Departures","Alexandru Ciucur","https://www.transfermarkt.com/alexandru-ciucur/profil/spieler/123302","Left Winger","27","Romania","ACS Poli","SuperLiga","Romania",0,FALSE,NA,"Summer",NA,NA,NA,NA
"ACSM Politehnica Iasi","Liga 2","Romania","2017","Departures","Alexandru Răuță","https://www.transfermarkt.com/alexandru-rauta/profil/spieler/209117","Defensive Midfield","25","Romania","FC Voluntari","SuperLiga","Romania",0,FALSE,NA,"Summer",NA,NA,NA,NA
"ACSM Politehnica Iasi","Liga 2","Romania","2017","Departures","Daisuke Sato","https://www.transfermarkt.com/daisuke-sato/profil/spieler/316596","Left-Back","22","Philippines","AC Horsens","Superliga","Denmark",0,FALSE,NA,"Summer",NA,NA,NA,NA
"ACSM Politehnica Iasi","Liga 2","Romania","2017","Departures","Bojan Golubovic","https://www.transfermarkt.com/bojan-golubovic/profil/spieler/37290","Centre-Forward","33","Serbia","Gaz Metan","SuperLiga","Romania",0,FALSE,NA,"Summer",NA,NA,NA,NA
"ACSM Politehnica Iasi","Liga 2","Romania","2017","Departures","Stenio","https://www.transfermarkt.com/stenio/profil/spieler/176987","Central Midfield","29","Cape Verde","Dacia","Super Liga","Moldova",0,FALSE,NA,"Summer",NA,NA,NA,NA
"ACSM Politehnica Iasi","Liga 2","Romania","2017","Departures","Alexandru Boiciuc","https://www.transfermarkt.com/alexandru-boiciuc/profil/spieler/358734","Centre-Forward","19","Moldova","ASA Tg. Mures","Liga 2","Romania",0,FALSE,NA,"Summer",NA,NA,NA,NA
"ACSM Politehnica Iasi","Liga 2","Romania","2017","Departures","Ionuț Voicu","https://www.transfermarkt.com/ionut-voicu/profil/spieler/46677","Right-Back","32","Romania","Gaz Metan","SuperLiga","Romania",0,FALSE,NA,"Summer",NA,NA,NA,NA
"ACSM Politehnica Iasi","Liga 2","Romania","2017","Departures","Vasile Gheorghe","https://www.transfermarkt.com/vasile-gheorghe/profil/spieler/123316","Central Midfield","31","Romania","Concordia","SuperLiga","Romania",0,FALSE,NA,"Summer",NA,NA,NA,NA
"ACSM Politehnica Iasi","Liga 2","Romania","2017","Departures","Milan Mitic","https://www.transfermarkt.com/milan-mitic/profil/spieler/209648","Defensive Midfield","33","Serbia","Gaz Metan","SuperLiga","Romania",0,FALSE,NA,"Summer",NA,NA,NA,NA
"ACSM Politehnica Iasi","Liga 2","Romania","2017","Departures","Branko Grahovac","https://www.transfermarkt.com/branko-grahovac/profil/spieler/54843","Goalkeeper","33","Bosnia-Herzegovina","UTA Arad","Liga 2","Romania",0,FALSE,NA,"Summer",NA,NA,NA,NA
"ACSM Politehnica Iasi","Liga 2","Romania","2017","Departures","Marian Târșă","https://www.transfermarkt.com/marian-tarsa/profil/spieler/412738","Central Midfield","19","Romania","FC Botosani","SuperLiga","Romania",0,FALSE,NA,"Summer",NA,NA,NA,NA
"ACSM Politehnica Iasi","Liga 2","Romania","2017","Departures","Alessandro Caparco","https://www.transfermarkt.com/alessandro-caparco/profil/spieler/85260","Goalkeeper","33","Italy","Concordia","SuperLiga","Romania",0,FALSE,NA,"Summer",NA,NA,NA,NA
"ACSM Politehnica Iasi","Liga 2","Romania","2017","Departures","Madalin Ciuca","https://www.transfermarkt.com/madalin-ciuca/profil/spieler/47570","Centre-Back","34","Romania","UTA Arad","Liga 2","Romania",0,FALSE,NA,"Summer",NA,NA,NA,NA
"ACSM Politehnica Iasi","Liga 2","Romania","2017","Departures","Norris Ichim","https://www.transfermarkt.com/norris-ichim/profil/spieler/604370","Midfielder","19","Romania","CSM Pascani",NA,"Romania",0,FALSE,NA,"Summer",NA,NA,NA,NA
"ACSM Politehnica Iasi","Liga 2","Romania","2017","Departures","Silviu Cerneuteanu","https://www.transfermarkt.com/silviu-cerneuteanu/profil/spieler/524143","Right-Back","20","Romania","Miroslava","Liga 2","Romania",NA,TRUE,"loan transfer","Summer",NA,NA,NA,NA
"ACSM Politehnica Iasi","Liga 2","Romania","2017","Departures","Madalin Crenganis","https://www.transfermarkt.com/madalin-crenganis/profil/spieler/227012","Centre-Forward","22","Romania","Without Club",NA,NA,NA,FALSE,"-","Summer",NA,NA,NA,NA
"ACSM Politehnica Iasi","Liga 2","Romania","2017","Departures","Cătălin Ștefănescu","https://www.transfermarkt.com/catalin-stefanescu/profil/spieler/243762","Left Winger","22","Romania","FCSB","SuperLiga","Romania",NA,TRUE,"End of loan Jun 30, 2017","Summer",24,22,1,718
"ACSM Politehnica Iasi","Liga 2","Romania","2017","Departures","Ianos Brinza","https://www.transfermarkt.com/ianos-brinza/profil/spieler/556245","Goalkeeper","18","Moldova","Dacia","Super Liga","Moldova",NA,TRUE,"End of loan Jun 30, 2017","Summer",NA,NA,NA,NA
"ACSM Politehnica Iasi","Liga 2","Romania","2017","Arrivals","Mădălin Mihăescu","https://www.transfermarkt.com/madalin-mihaescu/profil/spieler/213593","Defensive Midfield","29","Romania","Daco-Getica","SuperLiga","Romania",0,FALSE,NA,"Winter",12,7,0,305
"ACSM Politehnica Iasi","Liga 2","Romania","2017","Arrivals","Bogdan Gavrilă","https://www.transfermarkt.com/bogdan-gavrila/profil/spieler/212752","Right Winger","25","Romania","Ethnikos","Cyprus League","Cyprus",0,FALSE,NA,"Winter",8,3,0,72
"ACSM Politehnica Iasi","Liga 2","Romania","2017","Arrivals","Alexandru Zaharia","https://www.transfermarkt.com/alexandru-zaharia/profil/spieler/210679","Left Midfield","27","Romania","Daco-Getica","SuperLiga","Romania",0,FALSE,NA,"Winter",15,12,0,855
"ACSM Politehnica Iasi","Liga 2","Romania","2017","Arrivals","Alexandru Zaharia","https://www.transfermarkt.com/alexandru-zaharia/profil/spieler/210679","Left Midfield","27","Romania","Daco-Getica","SuperLiga","Romania",0,FALSE,NA,"Winter",1,0,0,0
"ACSM Politehnica Iasi","Liga 2","Romania","2017","Arrivals","Alexandru Taciuc","https://www.transfermarkt.com/alexandru-taciuc/profil/spieler/350998","Right Winger","22","Romania","Miroslava","Liga 2","Romania",0,FALSE,NA,"Winter",NA,NA,NA,NA
"ACSM Politehnica Iasi","Liga 2","Romania","2017","Arrivals","Sadiq El Fitouri","https://www.transfermarkt.com/sadiq-el-fitouri/profil/spieler/210200","Right-Back","23","Libya","Al-Ahli",NA,"Libya",0,FALSE,NA,"Winter",NA,NA,NA,NA
"ACSM Politehnica Iasi","Liga 2","Romania","2017","Arrivals","Denis Rusu","https://www.transfermarkt.com/denis-rusu/profil/spieler/171770","Goalkeeper","27","Moldova","Zimbru Chisinau","Super Liga","Moldova",NA,FALSE,"?","Winter",13,10,0,885
"ACSM Politehnica Iasi","Liga 2","Romania","2017","Arrivals","Silviu Cerneuteanu","https://www.transfermarkt.com/silviu-cerneuteanu/profil/spieler/524143","Right-Back","20","Romania","Miroslava","Liga 2","Romania",NA,TRUE,"End of loan Dec 31, 2017","Winter",NA,NA,NA,NA
"ACSM Politehnica Iasi","Liga 2","Romania","2017","Departures","Tiago Almeida","https://www.transfermarkt.com/tiago-almeida/profil/spieler/92042","Right-Back","27","Cape Verde","União Madeira","Liga Portugal 2","Portugal",0,FALSE,NA,"Winter",15,12,0,1039
"ACSM Politehnica Iasi","Liga 2","Romania","2017","Departures","Danu Spataru","https://www.transfermarkt.com/danu-spataru/profil/spieler/167505","Left Winger","23","Moldova","Pari NN","1.Division","Russia",0,FALSE,NA,"Winter",16,14,1,654
"ACSM Politehnica Iasi","Liga 2","Romania","2017","Departures","Alexandru Vremea","https://www.transfermarkt.com/alexandru-vremea/profil/spieler/228521","Defensive Midfield","26","Moldova","Petrocub","Super Liga","Moldova",0,FALSE,NA,"Winter",11,2,0,106
"ACSM Politehnica Iasi","Liga 2","Romania","2017","Departures","Alexandru Taciuc","https://www.transfermarkt.com/alexandru-taciuc/profil/spieler/350998","Right Winger","22","Romania","Miroslava","Liga 2","Romania",NA,TRUE,"loan transfer","Winter",NA,NA,NA,NA
"ACSM Politehnica Iasi","Liga 2","Romania","2017","Departures","Andu Moisi","https://www.transfermarkt.com/andu-moisi/profil/spieler/348732","Centre-Back","21","Romania","Miroslava","Liga 2","Romania",NA,TRUE,"loan transfer","Winter",17,6,0,294
"ACSM Politehnica Iasi","Liga 2","Romania","2017","Departures","Silviu Cerneuteanu","https://www.transfermarkt.com/silviu-cerneuteanu/profil/spieler/524143","Right-Back","20","Romania","CSM Pascani",NA,"Romania",NA,TRUE,"loan transfer","Winter",NA,NA,NA,NA
"ACSM Politehnica Iasi","Liga 2","Romania","2017","Departures","Adrian Moldovan","https://www.transfermarkt.com/adrian-moldovan/profil/spieler/476152","Centre-Forward","18","Romania","Ac. Clinceni","Liga 2","Romania",NA,TRUE,"loan transfer","Winter",5,2,0,21
"ACSM Politehnica Iasi","Liga 2","Romania","2017","Departures","Sadiq El Fitouri","https://www.transfermarkt.com/sadiq-el-fitouri/profil/spieler/210200","Right-Back","23","Libya","Without Club",NA,NA,NA,FALSE,"-","Winter",NA,NA,NA,NA
"Sepsi OSK Sf. Gheorghe","Liga 2","Romania","2017","Arrivals","Victoraș Astafei","https://www.transfermarkt.com/victoras-astafei/profil/spieler/119671","Left Winger","29","Romania","Selangor FC","Super League","Malaysia",0,FALSE,NA,"Summer",21,21,3,1098
"Sepsi OSK Sf. Gheorghe","Liga 2","Romania","2017","Arrivals","Cristian Oroș","https://www.transfermarkt.com/cristian-oros/profil/spieler/64215","Centre-Back","32","Romania","Astra Giurgiu","SuperLiga","Romania",0,FALSE,NA,"Summer",15,14,0,1231
"Sepsi OSK Sf. Gheorghe","Liga 2","Romania","2017","Arrivals","Stefan Nikolic","https://www.transfermarkt.com/stefan-nikolic/profil/spieler/64953","Centre-Forward","27","Montenegro","Kaysar","Premier Liga","Kazakhstan",0,FALSE,NA,"Summer",14,14,0,911
"Sepsi OSK Sf. Gheorghe","Liga 2","Romania","2017","Arrivals","Bogdan Miron","https://www.transfermarkt.com/bogdan-miron/profil/spieler/212820","Goalkeeper","27","Romania","UTA Arad","Liga 2","Romania",0,FALSE,NA,"Summer",11,3,0,270
"Sepsi OSK Sf. Gheorghe","Liga 2","Romania","2017","Arrivals","Linas Pilibaitis","https://www.transfermarkt.com/linas-pilibaitis/profil/spieler/42657","Central Midfield","32","Lithuania","Atlantas","A Lyga","Lithuania",0,FALSE,NA,"Summer",7,4,0,164
"Sepsi OSK Sf. Gheorghe","Liga 2","Romania","2017","Arrivals","Marius Papsys","https://www.transfermarkt.com/marius-papsys/profil/spieler/150399","Right Winger","28","Lithuania","Stumbras","A Lyga","Lithuania",0,FALSE,NA,"Summer",16,10,0,528
"Sepsi OSK Sf. Gheorghe","Liga 2","Romania","2017","Arrivals","Claudiu Herea","https://www.transfermarkt.com/claudiu-herea/profil/spieler/210072","Left Winger","27","Romania","CS Balotesti","Liga 2","Romania",0,FALSE,NA,"Summer",20,19,3,1229
"Sepsi OSK Sf. Gheorghe","Liga 2","Romania","2017","Arrivals","István Fülöp","https://www.transfermarkt.com/istvan-fulop/profil/spieler/242113","Attacking Midfield","27","Romania","Diósgyőr","NB I.","Hungary",NA,TRUE,"loan transfer","Summer",28,28,9,2275
"Sepsi OSK Sf. Gheorghe","Liga 2","Romania","2017","Arrivals","Milovan Petrovikj","https://www.transfermarkt.com/milovan-petrovikj/profil/spieler/130455","Defensive Midfield","27","North Macedonia","NK Osijek","SuperSport HNL","Croatia",NA,TRUE,"loan transfer","Summer",31,30,1,2433
"Sepsi OSK Sf. Gheorghe","Liga 2","Romania","2017","Arrivals","Patrick Petre","https://www.transfermarkt.com/patrick-petre/profil/spieler/295885","Right Midfield","20","Romania","FC Dinamo","SuperLiga","Romania",NA,TRUE,"loan transfer","Summer",26,26,1,1781
"Sepsi OSK Sf. Gheorghe","Liga 2","Romania","2017","Arrivals","Szabolcs Kilyén","https://www.transfermarkt.com/szabolcs-kilyen/profil/spieler/340979","Right-Back","19","Romania","FCV Farul","SuperLiga","Romania",NA,TRUE,"loan transfer","Summer",2,0,0,0
"Sepsi OSK Sf. Gheorghe","Liga 2","Romania","2017","Arrivals","Constantin Dima","https://www.transfermarkt.com/constantin-dima/profil/spieler/335820","Centre-Back","17","Romania","Dinamo II",NA,"Romania",NA,TRUE,"loan transfer","Summer",32,25,0,1078
"Sepsi OSK Sf. Gheorghe","Liga 2","Romania","2017","Arrivals","Constantin Grecu","https://www.transfermarkt.com/constantin-grecu/profil/spieler/70037","Left-Back","29","Romania","Without Club",NA,NA,NA,FALSE,"-","Summer",19,15,0,1117
"Sepsi OSK Sf. Gheorghe","Liga 2","Romania","2017","Arrivals","Marko Jovanovski","https://www.transfermarkt.com/marko-jovanovski/profil/spieler/69229","Goalkeeper","29","North Macedonia","Without Club",NA,NA,NA,FALSE,"-","Summer",3,0,0,0
"Sepsi OSK Sf. Gheorghe","Liga 2","Romania","2017","Departures","Daniel Ene","https://www.transfermarkt.com/daniel-ene/profil/spieler/168270","Centre-Forward","25","Romania","CS Mioveni","Liga 2","Romania",0,FALSE,NA,"Summer",NA,NA,NA,NA
"Sepsi OSK Sf. Gheorghe","Liga 2","Romania","2017","Departures","Paul Chis","https://www.transfermarkt.com/paul-chis/profil/spieler/340084","Right-Back","21","Romania","U Cluj",NA,"Romania",0,FALSE,NA,"Summer",NA,NA,NA,NA
"Sepsi OSK Sf. Gheorghe","Liga 2","Romania","2017","Departures","Ionut Plamada","https://www.transfermarkt.com/ionut-plamada/profil/spieler/241575","Left Winger","27","Romania","SSU Poli","Liga 2","Romania",0,FALSE,NA,"Summer",NA,NA,NA,NA
"Sepsi OSK Sf. Gheorghe","Liga 2","Romania","2017","Departures","Vlad Bujor","https://www.transfermarkt.com/vlad-bujor/profil/spieler/123230","Second Striker","28","Romania","Pandurii ","Liga 2","Romania",0,FALSE,NA,"Summer",NA,NA,NA,NA
"Sepsi OSK Sf. Gheorghe","Liga 2","Romania","2017","Departures","Costinel Tofan","https://www.transfermarkt.com/costinel-tofan/profil/spieler/394481","Right-Back","20","Romania","FC Arges","Liga 2","Romania",0,FALSE,NA,"Summer",NA,NA,NA,NA
"Sepsi OSK Sf. Gheorghe","Liga 2","Romania","2017","Departures","Bogdan Minciuna","https://www.transfermarkt.com/bogdan-minciuna/profil/spieler/337615","Defensive Midfield","34","Romania","OC Rasnov",NA,"Romania",0,FALSE,NA,"Summer",NA,NA,NA,NA
"Sepsi OSK Sf. Gheorghe","Liga 2","Romania","2017","Departures","Alexandru Tutu","https://www.transfermarkt.com/alexandru-tutu/profil/spieler/234535","Central Midfield","23","Romania","AFC Harman",NA,"Romania",0,FALSE,NA,"Summer",NA,NA,NA,NA
"Sepsi OSK Sf. Gheorghe","Liga 2","Romania","2017","Departures","Robert Iakab","https://www.transfermarkt.com/robert-iakab/profil/spieler/262123","Central Midfield","21","Romania","FK Csikszereda",NA,"Romania",0,FALSE,NA,"Summer",NA,NA,NA,NA
"Sepsi OSK Sf. Gheorghe","Liga 2","Romania","2017","Departures","Cristian Cocan","https://www.transfermarkt.com/cristian-cocan/profil/spieler/428571","Central Midfield","21","Romania","FC Brasov",NA,"Romania",0,FALSE,NA,"Summer",NA,NA,NA,NA
"Sepsi OSK Sf. Gheorghe","Liga 2","Romania","2017","Departures","Victor Rîmniceanu","https://www.transfermarkt.com/victor-rimniceanu/profil/spieler/213699","Goalkeeper","28","Romania","Without Club",NA,NA,NA,FALSE,"-","Summer",8,6,0,540
"Sepsi OSK Sf. Gheorghe","Liga 2","Romania","2017","Departures","Linas Pilibaitis","https://www.transfermarkt.com/linas-pilibaitis/profil/spieler/42657","Central Midfield","32","Lithuania","Without Club",NA,NA,NA,FALSE,"-","Summer",7,4,0,164
"Sepsi OSK Sf. Gheorghe","Liga 2","Romania","2017","Departures","Armando Mihai","https://www.transfermarkt.com/armando-mihai/profil/spieler/48769","Centre-Back","29","Romania",NA,NA,NA,NA,FALSE,"-","Summer",NA,NA,NA,NA
"Sepsi OSK Sf. Gheorghe","Liga 2","Romania","2017","Departures","Adrian Rusandu","https://www.transfermarkt.com/adrian-rusandu/profil/spieler/209092","Goalkeeper","33","Romania","Without Club",NA,NA,NA,FALSE,"-","Summer",NA,NA,NA,NA
"Sepsi OSK Sf. Gheorghe","Liga 2","Romania","2017","Departures","Valentin Suciu","https://www.transfermarkt.com/valentin-suciu/profil/spieler/244685","Centre-Back","36","Romania",NA,NA,NA,NA,FALSE,"-","Summer",NA,NA,NA,NA
"Sepsi OSK Sf. Gheorghe","Liga 2","Romania","2017","Departures","Vlad Olteanu","https://www.transfermarkt.com/vlad-olteanu/profil/spieler/339960","Left-Back","21","Romania","FC Dinamo","SuperLiga","Romania",NA,TRUE,"End of loan Jun 30, 2017","Summer",NA,NA,NA,NA
"Sepsi OSK Sf. Gheorghe","Liga 2","Romania","2017","Departures","Răzvan Greu","https://www.transfermarkt.com/razvan-greu/profil/spieler/326001","Left Winger","22","Romania","FC Botosani","SuperLiga","Romania",NA,TRUE,"End of loan Jun 30, 2017","Summer",NA,NA,NA,NA
"Sepsi OSK Sf. Gheorghe","Liga 2","Romania","2017","Departures","Szabolcs Kilyén","https://www.transfermarkt.com/szabolcs-kilyen/profil/spieler/340979","Right-Back","19","Romania","FCV Farul","SuperLiga","Romania",NA,TRUE,"End of loan Aug 9, 2017","Summer",2,0,0,0
"Sepsi OSK Sf. Gheorghe","Liga 2","Romania","2017","Departures","Laurentiu Manole","https://www.transfermarkt.com/laurentiu-manole/profil/spieler/398803","Left Winger","20","Romania","Dinamo II",NA,"Romania",NA,TRUE,"End of loan Jun 30, 2017","Summer",NA,NA,NA,NA
"Sepsi OSK Sf. Gheorghe","Liga 2","Romania","2017","Arrivals","Victor Rîmniceanu","https://www.transfermarkt.com/victor-rimniceanu/profil/spieler/213699","Goalkeeper","27","Romania","FCV Farul","SuperLiga","Romania",0,FALSE,NA,"Winter",8,6,0,540
"Sepsi OSK Sf. Gheorghe","Liga 2","Romania","2017","Arrivals","Jure Obsivac","https://www.transfermarkt.com/jure-obsivac/profil/spieler/60062","Centre-Back","27","Croatia","Atyrau","Premier Liga","Kazakhstan",0,FALSE,NA,"Winter",12,11,0,945
"Sepsi OSK Sf. Gheorghe","Liga 2","Romania","2017","Arrivals","Marko Simonovski","https://www.transfermarkt.com/marko-simonovski/profil/spieler/153735","Centre-Forward","26","North Macedonia","FC Lahti","Veikkausliiga","Finland",0,FALSE,NA,"Winter",12,12,3,813
"Sepsi OSK Sf. Gheorghe","Liga 2","Romania","2017","Arrivals","Ibrahima Tandia","https://www.transfermarkt.com/ibrahima-tandia/profil/spieler/127083","Attacking Midfield","24","Mali","Tours FC","Ligue 2","France",0,FALSE,NA,"Winter",17,17,5,1337
"Sepsi OSK Sf. Gheorghe","Liga 2","Romania","2017","Arrivals","Alex Gorrin","https://www.transfermarkt.com/alex-gorrin/profil/spieler/197825","Central Midfield","24","Spain","Boavista","Liga Portugal","Portugal",0,FALSE,NA,"Winter",17,12,0,710
"Sepsi OSK Sf. Gheorghe","Liga 2","Romania","2017","Arrivals","Daisuke Sato","https://www.transfermarkt.com/daisuke-sato/profil/spieler/316596","Left-Back","23","Philippines","AC Horsens","Superliga","Denmark",0,FALSE,NA,"Winter",16,16,0,1415
"Sepsi OSK Sf. Gheorghe","Liga 2","Romania","2017","Arrivals","Benjamin Kuku","https://www.transfermarkt.com/benjamin-kuku/profil/spieler/389291","Centre-Forward","22","Nigeria","FC Botosani","SuperLiga","Romania",0,FALSE,NA,"Winter",12,12,1,579
"Sepsi OSK Sf. Gheorghe","Liga 2","Romania","2017","Arrivals","Nick Ross","https://www.transfermarkt.com/nick-ross/profil/spieler/95949","Defensive Midfield","26","Scotland","Slovacko B","Juniorska liga","Czech Republic",0,FALSE,NA,"Winter",12,5,0,205
"Sepsi OSK Sf. Gheorghe","Liga 2","Romania","2017","Arrivals","Albert Dalmau","https://www.transfermarkt.com/albert-dalmau/profil/spieler/85309","Right-Back","25","Spain","Atl. Levante",NA,"Spain",0,FALSE,NA,"Winter",18,16,0,1440
"Sepsi OSK Sf. Gheorghe","Liga 2","Romania","2017","Arrivals","Yasin Hamed","https://www.transfermarkt.com/yasin-hamed/profil/spieler/449810","Right Winger","18","Sudan","CFR Cluj","SuperLiga","Romania",0,FALSE,NA,"Winter",18,16,1,1049
"Sepsi OSK Sf. Gheorghe","Liga 2","Romania","2017","Arrivals","Alexandru Chirita","https://www.transfermarkt.com/alexandru-chirita/profil/spieler/315446","Attacking Midfield","21","Romania","CFR Cluj","SuperLiga","Romania",0,FALSE,NA,"Winter",5,1,0,7
"Sepsi OSK Sf. Gheorghe","Liga 2","Romania","2017","Arrivals","Ousmane Viera","https://www.transfermarkt.com/ousmane-viera/profil/spieler/69014","Centre-Back","31","Cote d'Ivoire","Without Club",NA,NA,NA,FALSE,"-","Winter",15,15,0,1323
"Sepsi OSK Sf. Gheorghe","Liga 2","Romania","2017","Arrivals","Filipe Oliveira","https://www.transfermarkt.com/filipe-oliveira/profil/spieler/3178","Right Winger","33","Portugal","Without Club",NA,NA,NA,FALSE,"-","Winter",17,16,0,786
"Sepsi OSK Sf. Gheorghe","Liga 2","Romania","2017","Departures","Victoraș Astafei","https://www.transfermarkt.com/victoras-astafei/profil/spieler/119671","Left Winger","30","Romania","HNK Gorica","Prva NL","Croatia",0,FALSE,NA,"Winter",21,21,3,1098
"Sepsi OSK Sf. Gheorghe","Liga 2","Romania","2017","Departures","Claudiu Herea","https://www.transfermarkt.com/claudiu-herea/profil/spieler/210072","Left Winger","27","Romania","CS Balotesti","Liga 2","Romania",0,FALSE,NA,"Winter",20,19,3,1229
"Sepsi OSK Sf. Gheorghe","Liga 2","Romania","2017","Departures","Constantin Grecu","https://www.transfermarkt.com/constantin-grecu/profil/spieler/70037","Left-Back","29","Romania","Without Club",NA,NA,0,FALSE,NA,"Winter",19,15,0,1117
"Sepsi OSK Sf. Gheorghe","Liga 2","Romania","2017","Departures","Stefan Nikolic","https://www.transfermarkt.com/stefan-nikolic/profil/spieler/64953","Centre-Forward","27","Montenegro","Napredak","Super liga Srbije","Serbia",0,FALSE,NA,"Winter",14,14,0,911
"Sepsi OSK Sf. Gheorghe","Liga 2","Romania","2017","Departures","Cristian Oroș","https://www.transfermarkt.com/cristian-oros/profil/spieler/64215","Centre-Back","33","Romania","Luceafarul","Liga 2","Romania",0,FALSE,NA,"Winter",15,14,0,1231
"Sepsi OSK Sf. Gheorghe","Liga 2","Romania","2017","Departures","Dragoș Huiban","https://www.transfermarkt.com/dragos-huiban/profil/spieler/64054","Centre-Forward","28","Romania","Sportul Snagov","Liga 2","Romania",0,FALSE,NA,"Winter",14,13,0,487
"Sepsi OSK Sf. Gheorghe","Liga 2","Romania","2017","Departures","Bogdan Miron","https://www.transfermarkt.com/bogdan-miron/profil/spieler/212820","Goalkeeper","27","Romania","Viitorul Tg.Jiu",NA,"Romania",0,FALSE,NA,"Winter",11,3,0,270
"Sepsi OSK Sf. Gheorghe","Liga 2","Romania","2017","Departures","Razvan Damian","https://www.transfermarkt.com/razvan-damian/profil/spieler/48713","Centre-Back","34","Romania","SR Brasov",NA,"Romania",0,FALSE,NA,"Winter",23,11,0,696
"Sepsi OSK Sf. Gheorghe","Liga 2","Romania","2017","Departures","Ciprian Radutoiu","https://www.transfermarkt.com/ciprian-radutoiu/profil/spieler/325157","Right-Back","30","Romania","SR Brasov",NA,"Romania",0,FALSE,NA,"Winter",9,5,0,401
"Sepsi OSK Sf. Gheorghe","Liga 2","Romania","2017","Departures","Marius Papsys","https://www.transfermarkt.com/marius-papsys/profil/spieler/150399","Right Winger","28","Lithuania","Atlantas","A Lyga","Lithuania",0,FALSE,NA,"Winter",16,10,0,528
"Sepsi OSK Sf. Gheorghe","Liga 2","Romania","2017","Departures","Szilárd Mitra","https://www.transfermarkt.com/szilard-mitra/profil/spieler/451325","Defensive Midfield","31","Romania","FK Csikszereda",NA,"Romania",0,FALSE,NA,"Winter",10,4,0,164
"Sepsi OSK Sf. Gheorghe","Liga 2","Romania","2017","Departures","Sandu Iovu","https://www.transfermarkt.com/sandu-iovu/profil/spieler/326349","Right Winger","21","Romania","Miroslava","Liga 2","Romania",0,FALSE,NA,"Winter",6,3,0,119
"Sepsi OSK Sf. Gheorghe","Liga 2","Romania","2017","Departures","Issa Thiaw","https://www.transfermarkt.com/issa-thiaw/profil/spieler/337941","Central Midfield","25","Senegal","Without Club",NA,NA,NA,FALSE,"-","Winter",14,14,0,962
"Gaz Metan Medias (- 2022)",NA,NA,"2017","Arrivals","Milan Perendija","https://www.transfermarkt.com/milan-perendija/profil/spieler/46175","Centre-Back","31","Serbia","Radnicki Nis","Super liga Srbije","Serbia",0,FALSE,NA,"Summer",7,6,0,489
"Gaz Metan Medias (- 2022)",NA,NA,"2017","Arrivals","Bojan Golubovic","https://www.transfermarkt.com/bojan-golubovic/profil/spieler/37290","Centre-Forward","33","Serbia","ACSM Poli Iasi","SuperLiga","Romania",0,FALSE,NA,"Summer",22,22,3,1643
"Gaz Metan Medias (- 2022)",NA,NA,"2017","Arrivals","Nasser Chamed","https://www.transfermarkt.com/nasser-chamed/profil/spieler/234766","Right Winger","23","Comoros","Nîmes Olympique","Ligue 2","France",0,FALSE,NA,"Summer",30,23,1,1484
"Gaz Metan Medias (- 2022)",NA,NA,"2017","Arrivals","Ionuț Voicu","https://www.transfermarkt.com/ionut-voicu/profil/spieler/46677","Right-Back","32","Romania","ACSM Poli Iasi","SuperLiga","Romania",0,FALSE,NA,"Summer",9,8,0,539
"Gaz Metan Medias (- 2022)",NA,NA,"2017","Arrivals","Milan Mitic","https://www.transfermarkt.com/milan-mitic/profil/spieler/209648","Defensive Midfield","33","Serbia","ACSM Poli Iasi","SuperLiga","Romania",0,FALSE,NA,"Summer",18,13,1,807
"Gaz Metan Medias (- 2022)",NA,NA,"2017","Arrivals","Marius Constantin","https://www.transfermarkt.com/marius-constantin/profil/spieler/34503","Centre-Back","32","Romania","FCV Farul","SuperLiga","Romania",0,FALSE,NA,"Summer",31,31,3,2650
"Gaz Metan Medias (- 2022)",NA,NA,"2017","Arrivals","Emmerik De Vriese","https://www.transfermarkt.com/emmerik-de-vriese/profil/spieler/13723","Midfielder","32","Belgium","Ermis Aradippou","Cyprus League","Cyprus",0,FALSE,NA,"Summer",12,9,0,669
"Gaz Metan Medias (- 2022)",NA,NA,"2017","Arrivals","Ionuț Neagu","https://www.transfermarkt.com/ionut-neagu/profil/spieler/112942","Defensive Midfield","27","Romania","Karabükspor","Süper Lig","Türkiye",0,FALSE,NA,"Summer",20,19,1,1305
"Gaz Metan Medias (- 2022)",NA,NA,"2017","Arrivals","Sorin Bușu","https://www.transfermarkt.com/sorin-busu/profil/spieler/57679","Left-Back","27","Romania","Pandurii ","Liga 2","Romania",0,FALSE,NA,"Summer",31,26,0,1981
"Gaz Metan Medias (- 2022)",NA,NA,"2017","Arrivals","Sergiu Popovici","https://www.transfermarkt.com/sergiu-popovici/profil/spieler/217750","Left-Back","24","Romania","FC Botosani","SuperLiga","Romania",0,FALSE,NA,"Summer",41,36,2,2750
"Gaz Metan Medias (- 2022)",NA,NA,"2017","Arrivals","Cristian Sîrghi","https://www.transfermarkt.com/cristian-sirghi/profil/spieler/48687","Centre-Back","30","Romania","Pandurii ","Liga 2","Romania",0,FALSE,NA,"Summer",33,29,0,2365
"Gaz Metan Medias (- 2022)",NA,NA,"2017","Arrivals","Olivian Surugiu","https://www.transfermarkt.com/olivian-surugiu/profil/spieler/184434","Right Midfield","27","Romania","Pandurii ","Liga 2","Romania",0,FALSE,NA,"Summer",14,6,0,314
"Gaz Metan Medias (- 2022)",NA,NA,"2017","Arrivals","Paul Păcurar","https://www.transfermarkt.com/paul-pacurar/profil/spieler/242120","Attacking Midfield","26","Romania","Pandurii ","Liga 2","Romania",0,FALSE,NA,"Summer",1,0,0,0
"Gaz Metan Medias (- 2022)",NA,NA,"2017","Arrivals","Filip Zderic","https://www.transfermarkt.com/filip-zderic/profil/spieler/193567","Right-Back","25","Croatia","Cibalia","SuperSport HNL","Croatia",0,FALSE,NA,"Summer",16,11,0,868
"Gaz Metan Medias (- 2022)",NA,NA,"2017","Arrivals","Nikola Stojanovic","https://www.transfermarkt.com/nikola-stojanovic/profil/spieler/336105","Central Midfield","22","Serbia","OFK Beograd",NA,"Serbia",0,FALSE,NA,"Summer",NA,NA,NA,NA
"Gaz Metan Medias (- 2022)",NA,NA,"2017","Arrivals","Paulo Jorge","https://www.transfermarkt.com/paulo-jorge/profil/spieler/149725","Central Midfield","24","Portugal","TuS Erndtebrück","Regionalliga West","Germany",0,FALSE,NA,"Summer",8,2,0,68
"Gaz Metan Medias (- 2022)",NA,NA,"2017","Arrivals","Fabian Lokaj","https://www.transfermarkt.com/fabian-lokaj/profil/spieler/203913","Centre-Forward","21","Albania","FC Chiasso","Challenge League","Switzerland",0,FALSE,NA,"Summer",6,5,0,267
"Gaz Metan Medias (- 2022)",NA,NA,"2017","Arrivals","Andrei Tîrcoveanu","https://www.transfermarkt.com/andrei-tircoveanu/profil/spieler/271293","Attacking Midfield","20","Romania","FC Dinamo","SuperLiga","Romania",NA,TRUE,"loan transfer","Summer",37,28,0,1038
"Gaz Metan Medias (- 2022)",NA,NA,"2017","Arrivals","Laurentiu Manole","https://www.transfermarkt.com/laurentiu-manole/profil/spieler/398803","Left Winger","20","Romania","Dinamo II",NA,"Romania",NA,TRUE,"loan transfer","Summer",19,14,1,539
"Gaz Metan Medias (- 2022)",NA,NA,"2017","Departures","Eric","https://www.transfermarkt.com/eric/profil/spieler/81509","Attacking Midfield","31","Brazil","FCV Farul","SuperLiga","Romania",0,FALSE,NA,"Summer",NA,NA,NA,NA
"Gaz Metan Medias (- 2022)",NA,NA,"2017","Departures","Valentin Crețu","https://www.transfermarkt.com/valentin-cretu/profil/spieler/79507","Right-Back","28","Romania","ACS Poli","SuperLiga","Romania",0,FALSE,NA,"Summer",19,19,0,1475
"Gaz Metan Medias (- 2022)",NA,NA,"2017","Departures","Radu Zaharia","https://www.transfermarkt.com/radu-zaharia/profil/spieler/81508","Right-Back","28","Romania","Ermis Aradippou","Cyprus League","Cyprus",0,FALSE,NA,"Summer",NA,NA,NA,NA
"Gaz Metan Medias (- 2022)",NA,NA,"2017","Departures","Alexandru Munteanu","https://www.transfermarkt.com/alexandru-munteanu/profil/spieler/123307","Right Winger","29","Romania","ACS Poli","SuperLiga","Romania",0,FALSE,NA,"Summer",NA,NA,NA,NA
"Gaz Metan Medias (- 2022)",NA,NA,"2017","Departures","Jasmin Trtovac","https://www.transfermarkt.com/jasmin-trtovac/profil/spieler/50193","Centre-Back","30","Serbia","Erzurumspor FK","1.Lig","Türkiye",0,FALSE,NA,"Summer",1,0,0,0
"Gaz Metan Medias (- 2022)",NA,NA,"2017","Departures","Dario Rugasevic","https://www.transfermarkt.com/dario-rugasevic/profil/spieler/107387","Left-Back","26","Croatia","Piast Gliwice","Ekstraklasa","Poland",0,FALSE,NA,"Summer",NA,NA,NA,NA
"Gaz Metan Medias (- 2022)",NA,NA,"2017","Departures","Aymen Tahar","https://www.transfermarkt.com/aymen-tahar/profil/spieler/104127","Central Midfield","27","Algeria","Boavista","Liga Portugal","Portugal",0,FALSE,NA,"Summer",NA,NA,NA,NA
"Gaz Metan Medias (- 2022)",NA,NA,"2017","Departures","Daniel Sikorski","https://www.transfermarkt.com/daniel-sikorski/profil/spieler/30615","Centre-Forward","29","Austria","Pafos FC","Cyprus League","Cyprus",0,FALSE,NA,"Summer",NA,NA,NA,NA
"Gaz Metan Medias (- 2022)",NA,NA,"2017","Departures","Paul Păcurar","https://www.transfermarkt.com/paul-pacurar/profil/spieler/242120","Attacking Midfield","26","Romania","Luceafarul","Liga 2","Romania",0,FALSE,NA,"Summer",1,0,0,0
"Gaz Metan Medias (- 2022)",NA,NA,"2017","Departures","Andrei Marinescu","https://www.transfermarkt.com/andrei-marinescu/profil/spieler/45052","Goalkeeper","32","Romania","CS Afumati","Liga 2","Romania",0,FALSE,NA,"Summer",NA,NA,NA,NA
"Gaz Metan Medias (- 2022)",NA,NA,"2017","Departures","Onanga Itoua","https://www.transfermarkt.com/onanga-itoua/profil/spieler/56786","Centre-Back","28","Congo","Alki Oroklini","Cyprus League","Cyprus",0,FALSE,NA,"Summer",NA,NA,NA,NA
"Gaz Metan Medias (- 2022)",NA,NA,"2017","Departures","Nikola Stojanovic","https://www.transfermarkt.com/nikola-stojanovic/profil/spieler/336105","Central Midfield","22","Serbia","Sloboda Uzice","Prva liga Srbije","Serbia",0,FALSE,NA,"Summer",NA,NA,NA,NA
"Gaz Metan Medias (- 2022)",NA,NA,"2017","Departures","Ciprian Petre","https://www.transfermarkt.com/ciprian-petre/profil/spieler/46625","Left Winger","36","Romania","Daco-Getica","SuperLiga","Romania",0,FALSE,NA,"Summer",NA,NA,NA,NA
"Gaz Metan Medias (- 2022)",NA,NA,"2017","Departures","Valentin Coșereanu","https://www.transfermarkt.com/valentin-cosereanu/profil/spieler/204181","Right Midfield","25","Romania","Unknown",NA,NA,0,FALSE,NA,"Summer",NA,NA,NA,NA
"Gaz Metan Medias (- 2022)",NA,NA,"2017","Departures","Ionuț Buzean","https://www.transfermarkt.com/ionut-buzean/profil/spieler/81473","Left-Back","34","Romania","Sparta Medias",NA,"Romania",0,FALSE,NA,"Summer",NA,NA,NA,NA
"Gaz Metan Medias (- 2022)",NA,NA,"2017","Departures","Sabin Lupu","https://www.transfermarkt.com/sabin-lupu/profil/spieler/236164","Right Midfield","24","Romania","FC Hermannstadt","Liga 2","Romania",NA,TRUE,"loan transfer","Summer",NA,NA,NA,NA
"Gaz Metan Medias (- 2022)",NA,NA,"2017","Departures","Mihai Stancu","https://www.transfermarkt.com/mihai-stancu/profil/spieler/252191","Defensive Midfield","21","Romania","FC Hermannstadt","Liga 2","Romania",NA,TRUE,"loan transfer","Summer",NA,NA,NA,NA
"Gaz Metan Medias (- 2022)",NA,NA,"2017","Departures","Răzvan Trif","https://www.transfermarkt.com/razvan-trif/profil/spieler/395799","Left-Back","19","Romania","Luceafarul","Liga 2","Romania",NA,TRUE,"loan transfer","Summer",6,2,0,48
"Gaz Metan Medias (- 2022)",NA,NA,"2017","Departures","Milan Perendija","https://www.transfermarkt.com/milan-perendija/profil/spieler/46175","Centre-Back","31","Serbia","Without Club",NA,NA,NA,FALSE,"-","Summer",7,6,0,489
"Gaz Metan Medias (- 2022)",NA,NA,"2017","Departures","Cristian Gavra","https://www.transfermarkt.com/cristian-gavra/profil/spieler/192865","Centre-Forward","24","Romania","FCV Farul","SuperLiga","Romania",NA,TRUE,"End of loan Jun 30, 2017","Summer",NA,NA,NA,NA
"Gaz Metan Medias (- 2022)",NA,NA,"2017","Arrivals","João Diogo","https://www.transfermarkt.com/joao-diogo/profil/spieler/71420","Right-Back","29","Portugal","Belenenses","Liga Portugal","Portugal",0,FALSE,NA,"Winter",12,11,2,838
"Gaz Metan Medias (- 2022)",NA,NA,"2017","Arrivals","Valentin Crețu","https://www.transfermarkt.com/valentin-cretu/profil/spieler/79507","Right-Back","29","Romania","ACS Poli","SuperLiga","Romania",0,FALSE,NA,"Winter",19,19,0,1475
"Gaz Metan Medias (- 2022)",NA,NA,"2017","Arrivals","Diogo Rosado","https://www.transfermarkt.com/diogo-rosado/profil/spieler/61760","Attacking Midfield","27","Portugal","1º de Agosto",NA,"Angola",0,FALSE,NA,"Winter",17,16,1,1022
"Gaz Metan Medias (- 2022)",NA,NA,"2017","Arrivals","Paul Pârvulescu","https://www.transfermarkt.com/paul-parvulescu/profil/spieler/81494","Left-Back","29","Romania","Wisla Plock","Ekstraklasa","Poland",0,FALSE,NA,"Winter",14,7,0,217
"Gaz Metan Medias (- 2022)",NA,NA,"2017","Arrivals","David Caiado","https://www.transfermarkt.com/david-caiado/profil/spieler/37414","Attacking Midfield","30","Portugal","Ponferradina","2ª B - Grupo I","Spain",0,FALSE,NA,"Winter",18,16,1,1012
"Gaz Metan Medias (- 2022)",NA,NA,"2017","Arrivals","Edinho Júnior","https://www.transfermarkt.com/edinho-junior/profil/spieler/131140","Centre-Forward","23","Portugal","Almancilense",NA,"Portugal",0,FALSE,NA,"Winter",7,1,0,31
"Gaz Metan Medias (- 2022)",NA,NA,"2017","Arrivals","Ely Fernandes","https://www.transfermarkt.com/ely-fernandes/profil/spieler/292488","Left Winger","27","Cape Verde","Pinhalnovense",NA,"Portugal",NA,FALSE,"?","Winter",17,14,4,905
"Gaz Metan Medias (- 2022)",NA,NA,"2017","Arrivals","Mario Rondón","https://www.transfermarkt.com/mario-rondon/profil/spieler/119272","Centre-Forward","31","Venezuela","Without Club",NA,NA,NA,FALSE,"-","Winter",21,21,10,1855
"Gaz Metan Medias (- 2022)",NA,NA,"2017","Arrivals","Sokratis Fytanidis","https://www.transfermarkt.com/sokratis-fytanidis/profil/spieler/18927","Centre-Back","33","Greece","Without Club",NA,NA,NA,FALSE,"-","Winter",14,10,0,838
"Gaz Metan Medias (- 2022)",NA,NA,"2017","Arrivals","Alexandros Fioretos","https://www.transfermarkt.com/alexandros-fioretos/profil/spieler/298587","Central Midfield","23","Greece","Without Club",NA,NA,NA,FALSE,"-","Winter",6,0,0,0
"Gaz Metan Medias (- 2022)",NA,NA,"2017","Departures","Ovidiu Bic","https://www.transfermarkt.com/ovidiu-bic/profil/spieler/220816","Central Midfield","23","Romania","CS U Craiova","SuperLiga","Romania",2e+05,FALSE,NA,"Winter",24,22,0,1765
"Gaz Metan Medias (- 2022)",NA,NA,"2017","Departures","Bojan Golubovic","https://www.transfermarkt.com/bojan-golubovic/profil/spieler/37290","Centre-Forward","34","Serbia","FC Botosani","SuperLiga","Romania",0,FALSE,NA,"Winter",22,22,3,1643
"Gaz Metan Medias (- 2022)",NA,NA,"2017","Departures","Cristian Danci","https://www.transfermarkt.com/cristian-danci/profil/spieler/208684","Central Midfield","29","Romania","FC Hermannstadt","Liga 2","Romania",0,FALSE,NA,"Winter",21,21,0,1371
"Gaz Metan Medias (- 2022)",NA,NA,"2017","Departures","Ionuț Voicu","https://www.transfermarkt.com/ionut-voicu/profil/spieler/46677","Right-Back","33","Romania","FC Rapid 1923",NA,"Romania",0,FALSE,NA,"Winter",9,8,0,539
"Gaz Metan Medias (- 2022)",NA,NA,"2017","Departures","Alexandru Curtean","https://www.transfermarkt.com/alexandru-curtean/profil/spieler/81477","Left Winger","30","Romania","FC Hermannstadt","Liga 2","Romania",0,FALSE,NA,"Winter",20,13,1,626
"Gaz Metan Medias (- 2022)",NA,NA,"2017","Departures","Filip Zderic","https://www.transfermarkt.com/filip-zderic/profil/spieler/193567","Right-Back","26","Croatia","FK Kukësi","Kategoria Superiore","Albania",0,FALSE,NA,"Winter",16,11,0,868
"Gaz Metan Medias (- 2022)",NA,NA,"2017","Departures","Akaki Khubutia","https://www.transfermarkt.com/akaki-khubutia/profil/spieler/77640","Centre-Back","31","Georgia","ACS Poli","SuperLiga","Romania",0,FALSE,NA,"Winter",15,12,1,1024
"Gaz Metan Medias (- 2022)",NA,NA,"2017","Departures","Olivian Surugiu","https://www.transfermarkt.com/olivian-surugiu/profil/spieler/184434","Right Midfield","27","Romania","FC Hermannstadt","Liga 2","Romania",0,FALSE,NA,"Winter",14,6,0,314
"Gaz Metan Medias (- 2022)",NA,NA,"2017","Departures","Paulo Jorge","https://www.transfermarkt.com/paulo-jorge/profil/spieler/149725","Central Midfield","24","Portugal","Trofense",NA,"Portugal",0,FALSE,NA,"Winter",8,2,0,68
"Gaz Metan Medias (- 2022)",NA,NA,"2017","Departures","Fabian Lokaj","https://www.transfermarkt.com/fabian-lokaj/profil/spieler/203913","Centre-Forward","21","Albania","BSV Rehden","Regionalliga Nord","Germany",0,FALSE,NA,"Winter",6,5,0,267
"Gaz Metan Medias (- 2022)",NA,NA,"2017","Departures","Emmerik De Vriese","https://www.transfermarkt.com/emmerik-de-vriese/profil/spieler/13723","Midfielder","32","Belgium","PO Xylotymbou",NA,"Cyprus",0,FALSE,NA,"Winter",12,9,0,669
"FC Voluntari","Liga 2","Romania","2017","Arrivals","Alexandru Răuță","https://www.transfermarkt.com/alexandru-rauta/profil/spieler/209117","Defensive Midfield","25","Romania","ACSM Poli Iasi","SuperLiga","Romania",0,FALSE,NA,"Summer",35,31,0,2573
"FC Voluntari","Liga 2","Romania","2017","Arrivals","Alexandru Tudorie","https://www.transfermarkt.com/alexandru-tudorie/profil/spieler/260139","Centre-Forward","21","Romania","FCSB","SuperLiga","Romania",0,FALSE,NA,"Summer",16,16,7,1163
"FC Voluntari","Liga 2","Romania","2017","Arrivals","Adelin Pîrcălabu","https://www.transfermarkt.com/adelin-pircalabu/profil/spieler/444869","Central Midfield","21","Romania","Pandurii ","Liga 2","Romania",0,FALSE,NA,"Summer",35,20,0,988
"FC Voluntari","Liga 2","Romania","2017","Arrivals","Mihai Popescu","https://www.transfermarkt.com/mihai-popescu/profil/spieler/361537","Centre-Back","24","Romania","FC Dinamo","SuperLiga","Romania",NA,TRUE,"loan transfer","Summer",22,20,0,1830
"FC Voluntari","Liga 2","Romania","2017","Arrivals","Vlad Olteanu","https://www.transfermarkt.com/vlad-olteanu/profil/spieler/339960","Left-Back","21","Romania","FC Dinamo","SuperLiga","Romania",NA,TRUE,"loan transfer","Summer",18,13,0,979
"FC Voluntari","Liga 2","Romania","2017","Departures","Hrvoje Spahija","https://www.transfermarkt.com/hrvoje-spahija/profil/spieler/80814","Centre-Back","29","Croatia","CS U Craiova","SuperLiga","Romania",0,FALSE,NA,"Summer",NA,NA,NA,NA
"FC Voluntari","Liga 2","Romania","2017","Departures","Alexandru Coman","https://www.transfermarkt.com/alexandru-coman/profil/spieler/143229","Centre-Back","25","Romania","CS Balotesti","Liga 2","Romania",0,FALSE,NA,"Summer",NA,NA,NA,NA
"FC Voluntari","Liga 2","Romania","2017","Departures","Andrei Ionescu","https://www.transfermarkt.com/andrei-ionescu/profil/spieler/48780","Central Midfield","29","Romania","Aizawl FC","I-League","India",0,FALSE,NA,"Summer",NA,NA,NA,NA
"FC Voluntari","Liga 2","Romania","2017","Departures","Laurențiu Iorga","https://www.transfermarkt.com/laurentiu-iorga/profil/spieler/59694","Right Winger","29","Romania","Wigry Suwalki","Betclic 1 Liga","Poland",0,FALSE,NA,"Summer",NA,NA,NA,NA
"FC Voluntari","Liga 2","Romania","2017","Departures","Marius Halmaghe","https://www.transfermarkt.com/marius-halmaghe/profil/spieler/315452","Left-Back","21","Romania","Sportul Snagov","Liga 2","Romania",0,FALSE,NA,"Summer",NA,NA,NA,NA
"FC Voluntari","Liga 2","Romania","2017","Departures","Vasile Mihai","https://www.transfermarkt.com/vasile-mihai/profil/spieler/349089","Attacking Midfield","21","Romania","CS Afumati","Liga 2","Romania",NA,TRUE,"loan transfer","Summer",NA,NA,NA,NA
"FC Voluntari","Liga 2","Romania","2017","Departures","Costin Curelea","https://www.transfermarkt.com/costin-curelea/profil/spieler/64141","Centre-Forward","32","Romania","Without Club",NA,NA,NA,FALSE,"-","Summer",NA,NA,NA,NA
"FC Voluntari","Liga 2","Romania","2017","Departures","Marius Tudorica","https://www.transfermarkt.com/marius-tudorica/profil/spieler/350965","Central Midfield","23","Romania","FC Voluntari II",NA,"Romania",NA,FALSE,"-","Summer",NA,NA,NA,NA
"FC Voluntari","Liga 2","Romania","2017","Departures","Mircea Bornescu","https://www.transfermarkt.com/mircea-bornescu/profil/spieler/47569","Goalkeeper","37","Romania",NA,NA,NA,NA,FALSE,"-","Summer",NA,NA,NA,NA
"FC Voluntari","Liga 2","Romania","2017","Departures","Nicolae Grigore","https://www.transfermarkt.com/nicolae-grigore/profil/spieler/35437","Central Midfield","33","Romania",NA,NA,NA,NA,FALSE,"-","Summer",NA,NA,NA,NA
"FC Voluntari","Liga 2","Romania","2017","Arrivals","Bogdan Bucurică","https://www.transfermarkt.com/bogdan-bucurica/profil/spieler/43287","Left-Back","31","Romania","Concordia","SuperLiga","Romania",0,FALSE,NA,"Winter",19,19,0,1665
"FC Voluntari","Liga 2","Romania","2017","Arrivals","Mihai Mincă","https://www.transfermarkt.com/mihai-minca/profil/spieler/35431","Goalkeeper","33","Romania","Viitorul Tg.Jiu",NA,"Romania",0,FALSE,NA,"Winter",14,13,0,1200
"FC Voluntari","Liga 2","Romania","2017","Arrivals","Răzvan Horj","https://www.transfermarkt.com/razvan-horj/profil/spieler/422587","Centre-Back","22","Romania","FCV Farul","SuperLiga","Romania",NA,TRUE,"loan transfer","Winter",16,12,0,1033
"FC Voluntari","Liga 2","Romania","2017","Arrivals","Daniel Benzar","https://www.transfermarkt.com/daniel-benzar/profil/spieler/382821","Left Winger","20","Romania","FCSB","SuperLiga","Romania",NA,TRUE,"loan transfer","Winter",14,14,2,1064
"FC Voluntari","Liga 2","Romania","2017","Arrivals","Marian Pleasca","https://www.transfermarkt.com/marian-pleasca/profil/spieler/148206","Right-Back","27","Romania","FCSB","SuperLiga","Romania",NA,TRUE,"loan transfer","Winter",10,10,0,883
"FC Voluntari","Liga 2","Romania","2017","Arrivals","Lucian Sânmărtean","https://www.transfermarkt.com/lucian-sanmartean/profil/spieler/9733","Central Midfield","37","Romania","Without Club",NA,NA,NA,FALSE,"-","Winter",12,5,0,269
"FC Voluntari","Liga 2","Romania","2017","Arrivals","Alphousseyni Sané","https://www.transfermarkt.com/alphousseyni-sane/profil/spieler/289194","Left-Back","22","France","Without Club",NA,NA,NA,FALSE,"-","Winter",4,0,0,0
"FC Voluntari","Liga 2","Romania","2017","Arrivals","Adrian Voicu","https://www.transfermarkt.com/adrian-voicu/profil/spieler/343948","Left Winger","25","Romania","FC Voluntari II",NA,"Romania",NA,FALSE,"-","Winter",8,2,0,74
"FC Voluntari","Liga 2","Romania","2017","Arrivals","Adrian Voicu","https://www.transfermarkt.com/adrian-voicu/profil/spieler/343948","Left Winger","25","Romania","FC Voluntari II",NA,"Romania",NA,FALSE,"-","Winter",13,13,2,535
"FC Voluntari","Liga 2","Romania","2017","Arrivals","Vasile Mihai","https://www.transfermarkt.com/vasile-mihai/profil/spieler/349089","Attacking Midfield","22","Romania","CS Afumati","Liga 2","Romania",NA,TRUE,"End of loan Dec 31, 2017","Winter",NA,NA,NA,NA
"FC Voluntari","Liga 2","Romania","2017","Departures","Florin Acsinte","https://www.transfermarkt.com/florin-acsinte/profil/spieler/64090","Left-Back","30","Romania","FC Botosani","SuperLiga","Romania",0,FALSE,NA,"Winter",20,20,0,1797
"FC Voluntari","Liga 2","Romania","2017","Departures","Venelin Filipov","https://www.transfermarkt.com/venelin-filipov/profil/spieler/179862","Right-Back","27","Bulgaria","Etar","efbet Liga","Bulgaria",0,FALSE,NA,"Winter",21,13,0,1200
"FC Voluntari","Liga 2","Romania","2017","Departures","Mihai Voduț","https://www.transfermarkt.com/mihai-vodut/profil/spieler/223042","Centre-Forward","23","Romania","FCV Farul","SuperLiga","Romania",0,FALSE,NA,"Winter",9,9,3,603
"FC Voluntari","Liga 2","Romania","2017","Departures","Vasile Maftei","https://www.transfermarkt.com/vasile-maftei/profil/spieler/34505","Centre-Back","36","Romania","FC Rapid 1923",NA,"Romania",0,FALSE,NA,"Winter",11,10,0,900
"FC Voluntari","Liga 2","Romania","2017","Departures","Sorin Tăbăcariu","https://www.transfermarkt.com/sorin-tabacariu/profil/spieler/291851","Central Midfield","23","Romania","FC Arges","Liga 2","Romania",0,FALSE,NA,"Winter",3,1,0,15
"FC Voluntari","Liga 2","Romania","2017","Departures","Doru Popadiuc","https://www.transfermarkt.com/doru-popadiuc/profil/spieler/279927","Attacking Midfield","22","Romania","Irtysh","Premier Liga","Kazakhstan",NA,TRUE,"loan transfer","Winter",18,15,1,688
"FC Voluntari","Liga 2","Romania","2017","Departures","George Gavrilaș","https://www.transfermarkt.com/george-gavrilas/profil/spieler/203089","Goalkeeper","27","Romania","Daco-Getica","SuperLiga","Romania",NA,TRUE,"loan transfer","Winter",6,0,0,0
"FC Voluntari","Liga 2","Romania","2017","Departures","Vasile Mihai","https://www.transfermarkt.com/vasile-mihai/profil/spieler/349089","Attacking Midfield","22","Romania","SSU Poli","Liga 2","Romania",NA,TRUE,"loan transfer","Winter",NA,NA,NA,NA
"FC Voluntari","Liga 2","Romania","2017","Departures","Mihai Popescu","https://www.transfermarkt.com/mihai-popescu/profil/spieler/361537","Centre-Back","24","Romania","FC Dinamo","SuperLiga","Romania",NA,TRUE,"End of loan Dec 31, 2017","Winter",22,20,0,1830
"FC Voluntari","Liga 2","Romania","2017","Departures","Vlad Olteanu","https://www.transfermarkt.com/vlad-olteanu/profil/spieler/339960","Left-Back","21","Romania","FC Dinamo","SuperLiga","Romania",NA,TRUE,"End of loan Dec 31, 2017","Winter",18,13,0,979
"ACS Poli Timisoara (2012 - 2021)",NA,NA,"2017","Arrivals","Valentin Crețu","https://www.transfermarkt.com/valentin-cretu/profil/spieler/79507","Right-Back","28","Romania","Gaz Metan","SuperLiga","Romania",0,FALSE,NA,"Summer",18,18,0,1549
"ACS Poli Timisoara (2012 - 2021)",NA,NA,"2017","Arrivals","Alexandru Țigănașu","https://www.transfermarkt.com/alexandru-tiganasu/profil/spieler/177661","Left-Back","27","Romania","ACSM Poli Iasi","SuperLiga","Romania",0,FALSE,NA,"Summer",21,18,0,1240
"ACS Poli Timisoara (2012 - 2021)",NA,NA,"2017","Arrivals","Cristian Bud","https://www.transfermarkt.com/cristian-bud/profil/spieler/104211","Centre-Forward","32","Romania","CFR Cluj","SuperLiga","Romania",0,FALSE,NA,"Summer",5,5,0,358
"ACS Poli Timisoara (2012 - 2021)",NA,NA,"2017","Arrivals","Gabriel Vașvari","https://www.transfermarkt.com/gabriel-vasvari/profil/spieler/177660","Defensive Midfield","30","Romania","FC Botosani","SuperLiga","Romania",0,FALSE,NA,"Summer",38,38,5,3248
"ACS Poli Timisoara (2012 - 2021)",NA,NA,"2017","Arrivals","Alexandru Munteanu","https://www.transfermarkt.com/alexandru-munteanu/profil/spieler/123307","Right Winger","29","Romania","Gaz Metan","SuperLiga","Romania",0,FALSE,NA,"Summer",37,37,4,3117
"ACS Poli Timisoara (2012 - 2021)",NA,NA,"2017","Arrivals","Ivan Curjuric","https://www.transfermarkt.com/ivan-curjuric/profil/spieler/74582","Attacking Midfield","27","Croatia","Nea Salamis","Cyprus League","Cyprus",0,FALSE,NA,"Summer",14,13,0,624
"ACS Poli Timisoara (2012 - 2021)",NA,NA,"2017","Arrivals","Alexandru Ciucur","https://www.transfermarkt.com/alexandru-ciucur/profil/spieler/123302","Left Winger","27","Romania","ACSM Poli Iasi","SuperLiga","Romania",0,FALSE,NA,"Summer",40,38,3,2597
"ACS Poli Timisoara (2012 - 2021)",NA,NA,"2017","Arrivals","Cristian Melinte","https://www.transfermarkt.com/cristian-melinte/profil/spieler/63461","Centre-Back","29","Romania","Concordia","SuperLiga","Romania",0,FALSE,NA,"Summer",39,39,0,3395
"ACS Poli Timisoara (2012 - 2021)",NA,NA,"2017","Arrivals","Camaldine Abraw","https://www.transfermarkt.com/camaldine-abraw/profil/spieler/146559","Centre-Forward","27","Togo","Kaizer Chiefs","Betway Premiership","South Africa",0,FALSE,NA,"Summer",10,8,2,473
"ACS Poli Timisoara (2012 - 2021)",NA,NA,"2017","Arrivals","Stefanel Covalschi","https://www.transfermarkt.com/stefanel-covalschi/profil/spieler/324118","Left-Back","22","Romania","CS Afumati","Liga 2","Romania",0,FALSE,NA,"Summer",NA,NA,NA,NA
"ACS Poli Timisoara (2012 - 2021)",NA,NA,"2017","Arrivals","Miguel Bianconi","https://www.transfermarkt.com/miguel-bianconi/profil/spieler/62832","Centre-Forward","25","Brazil","Mogi Mirim",NA,"Brazil",0,FALSE,NA,"Summer",15,9,0,335
"ACS Poli Timisoara (2012 - 2021)",NA,NA,"2017","Arrivals","Octavian Moșoarcă","https://www.transfermarkt.com/octavian-mosoarca/profil/spieler/865512","Goalkeeper","16","Romania","Unknown",NA,NA,0,FALSE,NA,"Summer",NA,NA,NA,NA
"ACS Poli Timisoara (2012 - 2021)",NA,NA,"2017","Arrivals","Vlad Mihalcea","https://www.transfermarkt.com/vlad-mihalcea/profil/spieler/341143","Attacking Midfield","18","Romania","FCSB","SuperLiga","Romania",NA,TRUE,"loan transfer","Summer",4,1,0,18
"ACS Poli Timisoara (2012 - 2021)",NA,NA,"2017","Arrivals","Mădălin Livan","https://www.transfermarkt.com/madalin-livan/profil/spieler/398604","Striker","20","Romania","CSM Lugoj",NA,"Romania",NA,TRUE,"End of loan Jun 30, 2017","Summer",NA,NA,NA,NA
"ACS Poli Timisoara (2012 - 2021)",NA,NA,"2017","Arrivals","Razvan Rus","https://www.transfermarkt.com/razvan-rus/profil/spieler/379162","Centre-Forward","20","Romania","CSM Lugoj",NA,"Romania",NA,TRUE,"End of loan Jun 30, 2017","Summer",0,0,0,0
"ACS Poli Timisoara (2012 - 2021)",NA,NA,"2017","Departures","Cristian Bărbuţ","https://www.transfermarkt.com/cristian-barbut/profil/spieler/262108","Right Winger","22","Romania","CS U Craiova","SuperLiga","Romania",1e+05,FALSE,NA,"Summer",NA,NA,NA,NA
"ACS Poli Timisoara (2012 - 2021)",NA,NA,"2017","Departures","Andrei Sîntean","https://www.transfermarkt.com/andrei-sintean/profil/spieler/319229","Attacking Midfield","18","Romania","Slavia Prague B","Juniorska liga","Czech Republic",25000,FALSE,NA,"Summer",NA,NA,NA,NA
"ACS Poli Timisoara (2012 - 2021)",NA,NA,"2017","Departures","Cristian Bud","https://www.transfermarkt.com/cristian-bud/profil/spieler/104211","Centre-Forward","32","Romania","Concordia","SuperLiga","Romania",0,FALSE,NA,"Summer",5,5,0,358
"ACS Poli Timisoara (2012 - 2021)",NA,NA,"2017","Departures","Cristian Scutaru","https://www.transfermarkt.com/cristian-scutaru/profil/spieler/47181","Centre-Back","30","Romania","UTA Arad","Liga 2","Romania",0,FALSE,NA,"Summer",NA,NA,NA,NA
"ACS Poli Timisoara (2012 - 2021)",NA,NA,"2017","Departures","Sebastian Mailat","https://www.transfermarkt.com/sebastian-mailat/profil/spieler/364697","Left Winger","19","Romania","CFR Cluj","SuperLiga","Romania",0,FALSE,NA,"Summer",15,15,2,844
"ACS Poli Timisoara (2012 - 2021)",NA,NA,"2017","Departures","Josip Fucek","https://www.transfermarkt.com/josip-fucek/profil/spieler/27853","Right Winger","32","Croatia","SV Kapfenberg","2. Liga","Austria",0,FALSE,NA,"Summer",NA,NA,NA,NA
"ACS Poli Timisoara (2012 - 2021)",NA,NA,"2017","Departures","Adrian Poparadu","https://www.transfermarkt.com/adrian-poparadu/profil/spieler/104553","Defensive Midfield","29","Romania","SSU Poli","Liga 2","Romania",0,FALSE,NA,"Summer",NA,NA,NA,NA
"ACS Poli Timisoara (2012 - 2021)",NA,NA,"2017","Departures","Alin Ignea","https://www.transfermarkt.com/alin-ignea/profil/spieler/208800","Central Midfield","28","Romania","SSU Poli","Liga 2","Romania",0,FALSE,NA,"Summer",NA,NA,NA,NA
"ACS Poli Timisoara (2012 - 2021)",NA,NA,"2017","Departures","Mădălin Livan","https://www.transfermarkt.com/madalin-livan/profil/spieler/398604","Striker","20","Romania","National Sebis",NA,"Romania",0,FALSE,NA,"Summer",NA,NA,NA,NA
"ACS Poli Timisoara (2012 - 2021)",NA,NA,"2017","Departures","Emanuel Vasi","https://www.transfermarkt.com/emanuel-vasi/profil/spieler/332325","Central Midfield","19","Romania","Unknown",NA,NA,0,FALSE,NA,"Summer",NA,NA,NA,NA
"ACS Poli Timisoara (2012 - 2021)",NA,NA,"2017","Departures","Sebastian Velcotă","https://www.transfermarkt.com/sebastian-velcota/profil/spieler/340975","Attacking Midfield","19","Romania","ACSM Reșița",NA,"Romania",0,FALSE,NA,"Summer",11,8,0,185
"ACS Poli Timisoara (2012 - 2021)",NA,NA,"2017","Departures","Răzvan Trandu","https://www.transfermarkt.com/razvan-trandu/profil/spieler/241319","Central Midfield","26","Romania","Unknown",NA,NA,0,FALSE,NA,"Summer",NA,NA,NA,NA
"ACS Poli Timisoara (2012 - 2021)",NA,NA,"2017","Departures","Stefanel Covalschi","https://www.transfermarkt.com/stefanel-covalschi/profil/spieler/324118","Left-Back","22","Romania","Unknown",NA,NA,NA,TRUE,"loan transfer","Summer",NA,NA,NA,NA
"ACS Poli Timisoara (2012 - 2021)",NA,NA,"2017","Departures","Cristian Pădurariu","https://www.transfermarkt.com/cristian-padurariu/profil/spieler/439828","Centre-Forward","20","Romania","CSM Lugoj",NA,"Romania",NA,TRUE,"loan transfer","Summer",NA,NA,NA,NA
"ACS Poli Timisoara (2012 - 2021)",NA,NA,"2017","Departures","Razvan Rus","https://www.transfermarkt.com/razvan-rus/profil/spieler/379162","Centre-Forward","20","Romania","Dumbravita",NA,"Romania",NA,TRUE,"loan transfer","Summer",0,0,0,0
"ACS Poli Timisoara (2012 - 2021)",NA,NA,"2017","Departures","Harald Fridrich","https://www.transfermarkt.com/harald-fridrich/profil/spieler/340974","Centre-Back","19","Romania","CSM Lugoj",NA,"Romania",NA,TRUE,"loan transfer","Summer",NA,NA,NA,NA
"ACS Poli Timisoara (2012 - 2021)",NA,NA,"2017","Departures","Denis Golda","https://www.transfermarkt.com/denis-golda/profil/spieler/439829","Centre-Forward","19","Romania","Ripensia","Liga 2","Romania",NA,TRUE,"loan transfer","Summer",NA,NA,NA,NA
"ACS Poli Timisoara (2012 - 2021)",NA,NA,"2017","Departures","Alexandru Belu","https://www.transfermarkt.com/alexandru-belu/profil/spieler/1107340","Centre-Back","17","Romania","CSM Lugoj",NA,"Romania",NA,TRUE,"loan transfer","Summer",NA,NA,NA,NA
"ACS Poli Timisoara (2012 - 2021)",NA,NA,"2017","Departures","David Pop","https://www.transfermarkt.com/david-pop/profil/spieler/621678","Defensive Midfield","17","Romania","ACS Ghiroda",NA,"Romania",NA,TRUE,"loan transfer","Summer",NA,NA,NA,NA
"ACS Poli Timisoara (2012 - 2021)",NA,NA,"2017","Departures","Alexandru Popovici","https://www.transfermarkt.com/alexandru-popovici/profil/spieler/69564","Right Winger","28","Romania","Without Club",NA,NA,NA,FALSE,"-","Summer",10,7,1,406
"ACS Poli Timisoara (2012 - 2021)",NA,NA,"2017","Departures","Pedro Henrique","https://www.transfermarkt.com/pedro-henrique/profil/spieler/160681","Centre-Forward","26","Brazil","Without Club",NA,NA,NA,FALSE,"-","Summer",NA,NA,NA,NA
"ACS Poli Timisoara (2012 - 2021)",NA,NA,"2017","Departures","Leo Novak","https://www.transfermarkt.com/leo-novak/profil/spieler/138739","Left-Back","26","Croatia","Without Club",NA,NA,NA,FALSE,"-","Summer",NA,NA,NA,NA
"ACS Poli Timisoara (2012 - 2021)",NA,NA,"2017","Departures","Marius Croitoru","https://www.transfermarkt.com/marius-croitoru/profil/spieler/46526","Right Winger","37","Romania",NA,NA,NA,NA,FALSE,"-","Summer",24,17,0,728
"ACS Poli Timisoara (2012 - 2021)",NA,NA,"2017","Departures","Vlad Mihalcea","https://www.transfermarkt.com/vlad-mihalcea/profil/spieler/341143","Attacking Midfield","18","Romania","FCSB","SuperLiga","Romania",NA,TRUE,"End of loan Aug 10, 2017","Summer",4,1,0,18
"ACS Poli Timisoara (2012 - 2021)",NA,NA,"2017","Arrivals","Andrei Enescu","https://www.transfermarkt.com/andrei-enescu/profil/spieler/34936","Central Midfield","30","Romania","Ethnikos","Cyprus League","Cyprus",0,FALSE,NA,"Winter",18,11,1,699
"ACS Poli Timisoara (2012 - 2021)",NA,NA,"2017","Arrivals","Maximiliano Oliva","https://www.transfermarkt.com/maximiliano-oliva/profil/spieler/55960","Left-Back","27","Argentina","FC Dinamo","SuperLiga","Romania",0,FALSE,NA,"Winter",12,11,0,683
"ACS Poli Timisoara (2012 - 2021)",NA,NA,"2017","Arrivals","Alexandru Popovici","https://www.transfermarkt.com/alexandru-popovici/profil/spieler/69564","Right Winger","29","Romania","FK Sabail","Premyer Liqa","Azerbaijan",0,FALSE,NA,"Winter",10,7,1,406
"ACS Poli Timisoara (2012 - 2021)",NA,NA,"2017","Arrivals","Akaki Khubutia","https://www.transfermarkt.com/akaki-khubutia/profil/spieler/77640","Centre-Back","31","Georgia","Gaz Metan","SuperLiga","Romania",0,FALSE,NA,"Winter",3,2,0,122
"ACS Poli Timisoara (2012 - 2021)",NA,NA,"2017","Arrivals","Mihai Roman","https://www.transfermarkt.com/mihai-roman/profil/spieler/135566","Centre-Forward","25","Romania","CS U Craiova","SuperLiga","Romania",NA,TRUE,"loan transfer","Winter",13,13,1,897
"ACS Poli Timisoara (2012 - 2021)",NA,NA,"2017","Arrivals","Iulian Carabela","https://www.transfermarkt.com/iulian-carabela/profil/spieler/451567","Left-Back","21","Romania","Daco-Getica","SuperLiga","Romania",NA,TRUE,"loan transfer","Winter",2,0,0,0
"ACS Poli Timisoara (2012 - 2021)",NA,NA,"2017","Arrivals","Adrian Zaluschi","https://www.transfermarkt.com/adrian-zaluschi/profil/spieler/208730","Centre-Forward","28","Romania","Ripensia","Liga 2","Romania",NA,TRUE,"loan transfer","Winter",12,3,0,180
"ACS Poli Timisoara (2012 - 2021)",NA,NA,"2017","Arrivals","Esteban Ciaccheri","https://www.transfermarkt.com/esteban-ciaccheri/profil/spieler/364909","Centre-Forward","26","Argentina","Rangers Talca","Liga de Ascenso","Chile",NA,TRUE,"loan transfer","Winter",1,0,0,0
"ACS Poli Timisoara (2012 - 2021)",NA,NA,"2017","Arrivals","Răzvan Raț","https://www.transfermarkt.com/razvan-rat/profil/spieler/14940","Left-Back","36","Romania","Without Club",NA,NA,NA,FALSE,"-","Winter",10,10,0,887
"ACS Poli Timisoara (2012 - 2021)",NA,NA,"2017","Arrivals","Sebastian Velcotă","https://www.transfermarkt.com/sebastian-velcota/profil/spieler/340975","Attacking Midfield","19","Romania","ACSM Reșița",NA,"Romania",NA,TRUE,"End of loan Jan 1, 2018","Winter",11,8,0,185
"ACS Poli Timisoara (2012 - 2021)",NA,NA,"2017","Arrivals","Harald Fridrich","https://www.transfermarkt.com/harald-fridrich/profil/spieler/340974","Centre-Back","19","Romania","CSM Lugoj",NA,"Romania",NA,TRUE,"End of loan Dec 31, 2017","Winter",NA,NA,NA,NA
"ACS Poli Timisoara (2012 - 2021)",NA,NA,"2017","Departures","Valentin Crețu","https://www.transfermarkt.com/valentin-cretu/profil/spieler/79507","Right-Back","29","Romania","Gaz Metan","SuperLiga","Romania",0,FALSE,NA,"Winter",18,18,0,1549
"ACS Poli Timisoara (2012 - 2021)",NA,NA,"2017","Departures","Josip Soljic","https://www.transfermarkt.com/josip-soljic/profil/spieler/47532","Defensive Midfield","30","Croatia","Stal Mielec","Betclic 1 Liga","Poland",0,FALSE,NA,"Winter",19,17,0,1151
"ACS Poli Timisoara (2012 - 2021)",NA,NA,"2017","Departures","Ivan Curjuric","https://www.transfermarkt.com/ivan-curjuric/profil/spieler/74582","Attacking Midfield","28","Croatia","EN Paralimniou",NA,"Cyprus",0,FALSE,NA,"Winter",14,13,0,624
"ACS Poli Timisoara (2012 - 2021)",NA,NA,"2017","Departures","Camaldine Abraw","https://www.transfermarkt.com/camaldine-abraw/profil/spieler/146559","Centre-Forward","27","Togo","AmaZulu FC","Betway Premiership","South Africa",0,FALSE,NA,"Winter",10,8,2,473
"ACS Poli Timisoara (2012 - 2021)",NA,NA,"2017","Departures","Sebastian Mailat","https://www.transfermarkt.com/sebastian-mailat/profil/spieler/364697","Left Winger","19","Romania","CFR Cluj","SuperLiga","Romania",0,FALSE,NA,"Winter",15,15,2,844
"ACS Poli Timisoara (2012 - 2021)",NA,NA,"2017","Departures","Harald Fridrich","https://www.transfermarkt.com/harald-fridrich/profil/spieler/340974","Centre-Back","20","Romania","CSM Lugoj",NA,"Romania",0,FALSE,NA,"Winter",NA,NA,NA,NA
"ACS Poli Timisoara (2012 - 2021)",NA,NA,"2017","Departures","Miguel Bianconi","https://www.transfermarkt.com/miguel-bianconi/profil/spieler/62832","Centre-Forward","25","Brazil","RB Bragantino","Campeonato Paulista","Brazil",NA,FALSE,"?","Winter",15,9,0,335
"ACS Poli Timisoara (2012 - 2021)",NA,NA,"2017","Departures","Cristian Bocșan","https://www.transfermarkt.com/cristian-bocsan/profil/spieler/273147","Centre-Back","23","Romania","Ripensia","Liga 2","Romania",NA,TRUE,"loan transfer","Winter",20,9,0,701
"ACS Poli Timisoara (2012 - 2021)",NA,NA,"2017","Departures","Cătălin Doman","https://www.transfermarkt.com/catalin-doman/profil/spieler/46536","Attacking Midfield","30","Romania","D. Calarasi","Liga 2","Romania",NA,TRUE,"loan transfer","Winter",21,18,0,512
"ASC Daco-Getica Bukarest",NA,NA,"2017","Arrivals","Alexandru Benga","https://www.transfermarkt.com/alexandru-benga/profil/spieler/202800","Centre-Back","28","Romania","Ermis Aradippou","Cyprus League","Cyprus",0,FALSE,NA,"Summer",19,17,0,1398
"ASC Daco-Getica Bukarest",NA,NA,"2017","Arrivals","Nika Dzalamidze","https://www.transfermarkt.com/nika-dzalamidze/profil/spieler/136039","Right Winger","25","Georgia","Gornik Leczna","Betclic 1 Liga","Poland",0,FALSE,NA,"Summer",14,11,2,632
"ASC Daco-Getica Bukarest",NA,NA,"2017","Arrivals","Dan Bucsa","https://www.transfermarkt.com/dan-bucsa/profil/spieler/213583","Defensive Midfield","29","Romania","Hapoel Bnei Lod","Liga Leumit","Israel",0,FALSE,NA,"Summer",3,2,0,58
"ASC Daco-Getica Bukarest",NA,NA,"2017","Arrivals","Ivan Sesar","https://www.transfermarkt.com/ivan-sesar/profil/spieler/69445","Defensive Midfield","27","Bosnia-Herzegovina","Siroki Brijeg","Premijer Liga BiH","Bosnia-Herzegovina",0,FALSE,NA,"Summer",19,18,0,1420
"ASC Daco-Getica Bukarest",NA,NA,"2017","Arrivals","Virgil Drăghia","https://www.transfermarkt.com/virgil-draghia/profil/spieler/122652","Goalkeeper","27","Romania","Concordia","SuperLiga","Romania",0,FALSE,NA,"Summer",33,24,0,2160
"ASC Daco-Getica Bukarest",NA,NA,"2017","Arrivals","Pedro Mingote","https://www.transfermarkt.com/pedro-mingote/profil/spieler/24873","Goalkeeper","36","Portugal","CS U Craiova","SuperLiga","Romania",0,FALSE,NA,"Summer",8,3,0,270
"ASC Daco-Getica Bukarest",NA,NA,"2017","Arrivals","Andrei Lungu","https://www.transfermarkt.com/andrei-lungu/profil/spieler/167088","Central Midfield","28","Romania","Ramat haSharon","Liga Leumit","Israel",0,FALSE,NA,"Summer",5,4,0,181
"ASC Daco-Getica Bukarest",NA,NA,"2017","Arrivals","Cătălin Țîră","https://www.transfermarkt.com/catalin-tira/profil/spieler/168257","Centre-Forward","23","Romania","D. Calarasi","Liga 2","Romania",0,FALSE,NA,"Summer",23,17,2,664
"ASC Daco-Getica Bukarest",NA,NA,"2017","Arrivals","Ciprian Petre","https://www.transfermarkt.com/ciprian-petre/profil/spieler/46625","Left Winger","36","Romania","Gaz Metan","SuperLiga","Romania",0,FALSE,NA,"Summer",37,28,1,1443
"ASC Daco-Getica Bukarest",NA,NA,"2017","Arrivals","Vasile Danila","https://www.transfermarkt.com/vasile-danila/profil/spieler/511632","Central Midfield","20","Romania","Foresta Suceava","Liga 2","Romania",0,FALSE,NA,"Summer",NA,NA,NA,NA
"ASC Daco-Getica Bukarest",NA,NA,"2017","Arrivals","Alexandru Ilie","https://www.transfermarkt.com/alexandru-ilie/profil/spieler/588433","Central Midfield","17","Romania","FC Ardealul",NA,"Romania",0,FALSE,NA,"Summer",4,3,1,87
"ASC Daco-Getica Bukarest",NA,NA,"2017","Arrivals","Simon Mazarache","https://www.transfermarkt.com/simon-mazarache/profil/spieler/220924","Centre-Forward","24","Romania","CS U Craiova","SuperLiga","Romania",NA,TRUE,"loan transfer","Summer",23,22,3,1797
"ASC Daco-Getica Bukarest",NA,NA,"2017","Arrivals","Marian Stoenac","https://www.transfermarkt.com/marian-stoenac/profil/spieler/287556","Attacking Midfield","24","Romania","CSM Deva",NA,"Romania",NA,TRUE,"End of loan Jun 30, 2017","Summer",15,12,1,683
"ASC Daco-Getica Bukarest",NA,NA,"2017","Arrivals","Andrei Rontea","https://www.transfermarkt.com/andrei-rontea/profil/spieler/511633","Defensive Midfield","20","Romania","CS Balotesti","Liga 2","Romania",NA,TRUE,"End of loan Jun 30, 2017","Summer",0,0,0,0
"ASC Daco-Getica Bukarest",NA,NA,"2017","Departures","Bogdan Chipirliu","https://www.transfermarkt.com/bogdan-chipirliu/profil/spieler/250134","Centre-Forward","24","Romania","Astra Giurgiu","SuperLiga","Romania",0,FALSE,NA,"Summer",NA,NA,NA,NA
"ASC Daco-Getica Bukarest",NA,NA,"2017","Departures","Dan Bucsa","https://www.transfermarkt.com/dan-bucsa/profil/spieler/213583","Defensive Midfield","29","Romania","Concordia","SuperLiga","Romania",0,FALSE,NA,"Summer",3,2,0,58
"ASC Daco-Getica Bukarest",NA,NA,"2017","Departures","Vasile Buhaescu","https://www.transfermarkt.com/vasile-buhaescu/profil/spieler/48775","Centre-Forward","29","Romania","FC Arges","Liga 2","Romania",0,FALSE,NA,"Summer",5,4,0,190
"ASC Daco-Getica Bukarest",NA,NA,"2017","Departures","Alexandru Rosca","https://www.transfermarkt.com/alexandru-rosca/profil/spieler/435719","Attacking Midfield","19","Romania","D. Calarasi","Liga 2","Romania",0,FALSE,NA,"Summer",NA,NA,NA,NA
"ASC Daco-Getica Bukarest",NA,NA,"2017","Departures","Alexandru Vasile","https://www.transfermarkt.com/alexandru-vasile/profil/spieler/213598","Central Midfield","23","Romania","Otelul Galati",NA,"Romania",0,FALSE,NA,"Summer",NA,NA,NA,NA
"ASC Daco-Getica Bukarest",NA,NA,"2017","Departures","Károly Fila","https://www.transfermarkt.com/karoly-fila/profil/spieler/395813","Goalkeeper","21","Romania","Sportul Snagov","Liga 2","Romania",0,FALSE,NA,"Summer",NA,NA,NA,NA
"ASC Daco-Getica Bukarest",NA,NA,"2017","Departures","Alexandru Musca","https://www.transfermarkt.com/alexandru-musca/profil/spieler/324809","Centre-Forward","21","Romania","Otelul Galati",NA,"Romania",NA,TRUE,"loan transfer","Summer",NA,NA,NA,NA
"ASC Daco-Getica Bukarest",NA,NA,"2017","Departures","Sorin Bustea","https://www.transfermarkt.com/sorin-bustea/profil/spieler/213101","Left-Back","22","Romania","Sportul Snagov","Liga 2","Romania",NA,TRUE,"loan transfer","Summer",NA,NA,NA,NA
"ASC Daco-Getica Bukarest",NA,NA,"2017","Departures","Adrian Hurdubei","https://www.transfermarkt.com/adrian-hurdubei/profil/spieler/213775","Attacking Midfield","26","Romania","CS Balotesti","Liga 2","Romania",NA,TRUE,"loan transfer","Summer",NA,NA,NA,NA
"ASC Daco-Getica Bukarest",NA,NA,"2017","Departures","Vasile Danila","https://www.transfermarkt.com/vasile-danila/profil/spieler/511632","Central Midfield","21","Romania","Foresta Suceava","Liga 2","Romania",NA,TRUE,"loan transfer","Summer",NA,NA,NA,NA
"ASC Daco-Getica Bukarest",NA,NA,"2017","Departures","Pedro Mingote","https://www.transfermarkt.com/pedro-mingote/profil/spieler/24873","Goalkeeper","37","Portugal",NA,NA,NA,NA,FALSE,"-","Summer",8,3,0,270
"ASC Daco-Getica Bukarest",NA,NA,"2017","Departures","Alin Ilin","https://www.transfermarkt.com/alin-ilin/profil/spieler/46568","Right-Back","32","Romania","Without Club",NA,NA,NA,FALSE,"-","Summer",NA,NA,NA,NA
"ASC Daco-Getica Bukarest",NA,NA,"2017","Departures","Dragos Florea","https://www.transfermarkt.com/dragos-florea/profil/spieler/451445","Striker","22","Romania","Without Club",NA,NA,NA,FALSE,"-","Summer",NA,NA,NA,NA
"ASC Daco-Getica Bukarest",NA,NA,"2017","Departures","George Mares","https://www.transfermarkt.com/george-mares/profil/spieler/222297","Centre-Forward","21","Romania","Unknown",NA,NA,NA,FALSE,"-","Summer",NA,NA,NA,NA
"ASC Daco-Getica Bukarest",NA,NA,"2017","Departures","Gökhan Kardes","https://www.transfermarkt.com/gokhan-kardes/profil/spieler/256777","Centre-Back","21","Türkiye","PSV U21","Keuken Kampioen Divisie","Netherlands",NA,TRUE,"End of loan Jun 30, 2018","Summer",14,12,0,993
"ASC Daco-Getica Bukarest",NA,NA,"2017","Arrivals","Cristian Balgiu","https://www.transfermarkt.com/cristian-balgiu/profil/spieler/262983","Central Midfield","23","Romania","Ac. Clinceni","Liga 2","Romania",0,FALSE,NA,"Winter",14,11,0,738
"ASC Daco-Getica Bukarest",NA,NA,"2017","Arrivals","Andrei Ciolacu","https://www.transfermarkt.com/andrei-ciolacu/profil/spieler/186247","Centre-Forward","25","Romania","Warriors FC","Premier League","Singapore",0,FALSE,NA,"Winter",7,4,0,94
"ASC Daco-Getica Bukarest",NA,NA,"2017","Arrivals","Cornel Ene","https://www.transfermarkt.com/cornel-ene/profil/spieler/224170","Centre-Back","24","Romania","ASA Tg. Mures","Liga 2","Romania",0,FALSE,NA,"Winter",10,6,0,362
"ASC Daco-Getica Bukarest",NA,NA,"2017","Arrivals","Mihai Leca","https://www.transfermarkt.com/mihai-leca/profil/spieler/234286","Centre-Back","25","Romania","Zimbru Chisinau","Super Liga","Moldova",0,FALSE,NA,"Winter",17,16,1,1395
"ASC Daco-Getica Bukarest",NA,NA,"2017","Arrivals","Daniel Popescu","https://www.transfermarkt.com/daniel-popescu/profil/spieler/64224","Left-Back","29","Romania","FCSB II",NA,"Romania",0,FALSE,NA,"Winter",12,11,0,718
"ASC Daco-Getica Bukarest",NA,NA,"2017","Arrivals","Charles Acolatse","https://www.transfermarkt.com/charles-acolatse/profil/spieler/539363","Defensive Midfield","22","Togo","Foresta Suceava","Liga 2","Romania",0,FALSE,NA,"Winter",14,10,0,867
"ASC Daco-Getica Bukarest",NA,NA,"2017","Arrivals","Marian Constantinescu","https://www.transfermarkt.com/marian-constantinescu/profil/spieler/46520","Attacking Midfield","36","Romania","Ac. Clinceni","Liga 2","Romania",0,FALSE,NA,"Winter",18,13,0,546
"ASC Daco-Getica Bukarest",NA,NA,"2017","Arrivals","Robert Elek","https://www.transfermarkt.com/robert-elek/profil/spieler/55279","Centre-Forward","29","Romania","FC Botosani","SuperLiga","Romania",0,FALSE,NA,"Winter",12,11,1,717
"ASC Daco-Getica Bukarest",NA,NA,"2017","Arrivals","Vlad Opris","https://www.transfermarkt.com/vlad-opris/profil/spieler/531103","Centre-Back","21","Romania","CS Balotesti","Liga 2","Romania",0,FALSE,NA,"Winter",NA,NA,NA,NA
"ASC Daco-Getica Bukarest",NA,NA,"2017","Arrivals","Alexandru Fotescu","https://www.transfermarkt.com/alexandru-fotescu/profil/spieler/325947","Attacking Midfield","32","Romania","AFC Turris",NA,"Romania",0,FALSE,NA,"Winter",0,0,0,0
"ASC Daco-Getica Bukarest",NA,NA,"2017","Arrivals","Vasile Gheorghe","https://www.transfermarkt.com/vasile-gheorghe/profil/spieler/123316","Central Midfield","32","Romania","Concordia","SuperLiga","Romania",NA,TRUE,"loan transfer","Winter",12,10,1,742
"ASC Daco-Getica Bukarest",NA,NA,"2017","Arrivals","Gabriel Simion","https://www.transfermarkt.com/gabriel-simion/profil/spieler/447557","Defensive Midfield","19","Romania","FCSB","SuperLiga","Romania",NA,TRUE,"loan transfer","Winter",14,10,0,758
"ASC Daco-Getica Bukarest",NA,NA,"2017","Arrivals","George Gavrilaș","https://www.transfermarkt.com/george-gavrilas/profil/spieler/203089","Goalkeeper","27","Romania","FC Voluntari","SuperLiga","Romania",NA,TRUE,"loan transfer","Winter",12,1,0,90
"ASC Daco-Getica Bukarest",NA,NA,"2017","Arrivals","Cristian Ciobanu","https://www.transfermarkt.com/cristian-ciobanu/profil/spieler/244002","Right Winger","23","Romania","Concordia","SuperLiga","Romania",NA,TRUE,"loan transfer","Winter",17,16,0,1049
"ASC Daco-Getica Bukarest",NA,NA,"2017","Arrivals","Réda Rabeï","https://www.transfermarkt.com/reda-rabei/profil/spieler/440887","Central Midfield","23","France","Amiens SC","Ligue 1","France",NA,TRUE,"loan transfer","Winter",9,7,0,516
"ASC Daco-Getica Bukarest",NA,NA,"2017","Arrivals","Gökhan Kardes","https://www.transfermarkt.com/gokhan-kardes/profil/spieler/256777","Centre-Back","20","Türkiye","PSV U21","Keuken Kampioen Divisie","Netherlands",NA,TRUE,"loan transfer","Winter",14,12,0,993
"ASC Daco-Getica Bukarest",NA,NA,"2017","Arrivals","Stephan Drăghici","https://www.transfermarkt.com/stephan-draghici/profil/spieler/435706","Right Midfield","19","Romania","CS U Craiova","SuperLiga","Romania",NA,TRUE,"loan transfer","Winter",17,15,0,1125
"ASC Daco-Getica Bukarest",NA,NA,"2017","Arrivals","Robert Bogdan","https://www.transfermarkt.com/robert-bogdan/profil/spieler/568323","Centre-Back","18","Romania","CS U Craiova II",NA,"Romania",NA,TRUE,"loan transfer","Winter",2,1,0,36
"ASC Daco-Getica Bukarest",NA,NA,"2017","Arrivals","Viorel Nicoara","https://www.transfermarkt.com/viorel-nicoara/profil/spieler/157022","Left Midfield","30","Romania","Without Club",NA,NA,NA,FALSE,"-","Winter",14,13,0,824
"ASC Daco-Getica Bukarest",NA,NA,"2017","Arrivals","Adrian Hurdubei","https://www.transfermarkt.com/adrian-hurdubei/profil/spieler/213775","Attacking Midfield","27","Romania","CS Balotesti","Liga 2","Romania",NA,TRUE,"End of loan Dec 31, 2017","Winter",NA,NA,NA,NA
"ASC Daco-Getica Bukarest",NA,NA,"2017","Departures","Nika Dzalamidze","https://www.transfermarkt.com/nika-dzalamidze/profil/spieler/136039","Right Winger","26","Georgia","Dinamo Tbilisi","Erovnuli Liga","Georgia",0,FALSE,NA,"Winter",14,11,2,632
"ASC Daco-Getica Bukarest",NA,NA,"2017","Departures","Ivan Sesar","https://www.transfermarkt.com/ivan-sesar/profil/spieler/69445","Defensive Midfield","28","Bosnia-Herzegovina","FC Inter","Veikkausliiga","Finland",0,FALSE,NA,"Winter",19,18,0,1420
"ASC Daco-Getica Bukarest",NA,NA,"2017","Departures","Alexandru Benga","https://www.transfermarkt.com/alexandru-benga/profil/spieler/202800","Centre-Back","28","Romania","Sandecja","Ekstraklasa","Poland",0,FALSE,NA,"Winter",19,17,0,1398
"ASC Daco-Getica Bukarest",NA,NA,"2017","Departures","George Călințaru","https://www.transfermarkt.com/george-calintaru/profil/spieler/181242","Left-Back","28","Romania","U. Constanta",NA,"Romania",0,FALSE,NA,"Winter",23,22,2,1642
"ASC Daco-Getica Bukarest",NA,NA,"2017","Departures","Mădălin Mihăescu","https://www.transfermarkt.com/madalin-mihaescu/profil/spieler/213593","Defensive Midfield","29","Romania","ACSM Poli Iasi","SuperLiga","Romania",0,FALSE,NA,"Winter",20,19,0,1539
"ASC Daco-Getica Bukarest",NA,NA,"2017","Departures","Cătălin Țîră","https://www.transfermarkt.com/catalin-tira/profil/spieler/168257","Centre-Forward","23","Romania","Viitorul Tg.Jiu",NA,"Romania",0,FALSE,NA,"Winter",23,17,2,664
"ASC Daco-Getica Bukarest",NA,NA,"2017","Departures","Valentin Bărbulescu","https://www.transfermarkt.com/valentin-barbulescu/profil/spieler/203084","Defensive Midfield","32","Romania","Sportul Snagov","Liga 2","Romania",0,FALSE,NA,"Winter",16,15,0,1134
"ASC Daco-Getica Bukarest",NA,NA,"2017","Departures","Ovidiu Morariu","https://www.transfermarkt.com/ovidiu-morariu/profil/spieler/212758","Centre-Back","28","Romania","Chindia","Liga 2","Romania",0,FALSE,NA,"Winter",21,7,0,572
"ASC Daco-Getica Bukarest",NA,NA,"2017","Departures","Alexandru Zaharia","https://www.transfermarkt.com/alexandru-zaharia/profil/spieler/210679","Left Midfield","27","Romania","ACSM Poli Iasi","SuperLiga","Romania",0,FALSE,NA,"Winter",22,16,0,1020
"ASC Daco-Getica Bukarest",NA,NA,"2017","Departures","Andrei Lungu","https://www.transfermarkt.com/andrei-lungu/profil/spieler/167088","Central Midfield","28","Romania","Ramat haSharon","Liga Leumit","Israel",0,FALSE,NA,"Winter",5,4,0,181
"ASC Daco-Getica Bukarest",NA,NA,"2017","Departures","Ionuț Neag","https://www.transfermarkt.com/ionut-neag/profil/spieler/186736","Centre-Back","23","Romania","Viitorul Tg.Jiu",NA,"Romania",0,FALSE,NA,"Winter",2,1,0,90
"ASC Daco-Getica Bukarest",NA,NA,"2017","Departures","Alexandru Sălcianu","https://www.transfermarkt.com/alexandru-salcianu/profil/spieler/710058","Centre-Back","24","Romania","AFC Turris",NA,"Romania",NA,FALSE,"?","Winter",NA,NA,NA,NA
"ASC Daco-Getica Bukarest",NA,NA,"2017","Departures","Iulian Carabela","https://www.transfermarkt.com/iulian-carabela/profil/spieler/451567","Left-Back","21","Romania","ACS Poli","SuperLiga","Romania",NA,TRUE,"loan transfer","Winter",23,12,0,978
"ASC Daco-Getica Bukarest",NA,NA,"2017","Departures","Marian Stoenac","https://www.transfermarkt.com/marian-stoenac/profil/spieler/287556","Attacking Midfield","24","Romania","Viitorul Tg.Jiu",NA,"Romania",NA,TRUE,"loan transfer","Winter",15,12,1,683
"ASC Daco-Getica Bukarest",NA,NA,"2017","Departures","Florin Cazan","https://www.transfermarkt.com/florin-cazan/profil/spieler/313736","Right Midfield","20","Romania","Unirea Slobozia",NA,"Romania",NA,TRUE,"loan transfer","Winter",14,8,0,186
"ASC Daco-Getica Bukarest",NA,NA,"2017","Departures","Adrian Hurdubei","https://www.transfermarkt.com/adrian-hurdubei/profil/spieler/213775","Attacking Midfield","27","Romania","Aerostar",NA,"Romania",NA,TRUE,"loan transfer","Winter",NA,NA,NA,NA
"ASC Daco-Getica Bukarest",NA,NA,"2017","Departures","Vlad Opris","https://www.transfermarkt.com/vlad-opris/profil/spieler/531103","Centre-Back","21","Romania","Foresta Suceava","Liga 2","Romania",NA,TRUE,"loan transfer","Winter",NA,NA,NA,NA
"ASC Daco-Getica Bukarest",NA,NA,"2017","Departures","Simon Mazarache","https://www.transfermarkt.com/simon-mazarache/profil/spieler/220924","Centre-Forward","24","Romania","CS U Craiova","SuperLiga","Romania",NA,TRUE,"End of loan Dec 31, 2017","Winter",23,22,3,1797
