"team_name","league","country","season","transfer_type","player_name","player_url","player_position","player_age","player_nationality","club_2","league_2","country_2","transfer_fee","is_loan","transfer_notes","window","in_squad","appearances","goals","minutes_played"
"FCSB","SuperLiga","Romania","2021","Arrivals","Andrei Dumiter","https://www.transfermarkt.com/andrei-dumiter/profil/spieler/466722","Centre-Forward","22","Romania","Sepsi OSK","SuperLiga","Romania",350000,FALSE,NA,"Summer",37,22,3,724
"FCSB","SuperLiga","Romania","2021","Arrivals","Valentin Gheorghe","https://www.transfermarkt.com/valentin-gheorghe/profil/spieler/453810","Left Winger","24","Romania","Astra Giurgiu","Liga 2","Romania",250000,FALSE,NA,"Summer",33,29,7,1168
"FCSB","SuperLiga","Romania","2021","Arrivals","Andrei Cordea","https://www.transfermarkt.com/andrei-cordea/profil/spieler/435712","Right Winger","22","Romania","Ac. Clinceni","SuperLiga","Romania",50000,FALSE,NA,"Summer",42,41,6,2719
"FCSB","SuperLiga","Romania","2021","Arrivals","Claudiu Keșerü","https://www.transfermarkt.com/claudiu-keseru/profil/spieler/25115","Centre-Forward","34","Romania","Ludogorets","efbet Liga","Bulgaria",0,FALSE,NA,"Summer",20,19,5,1001
"FCSB","SuperLiga","Romania","2021","Arrivals","Constantin Budescu","https://www.transfermarkt.com/constantin-budescu/profil/spieler/164233","Attacking Midfield","32","Romania","Damac FC","Saudi Pro League","Saudi Arabia",0,FALSE,NA,"Summer",13,11,1,441
"FCSB","SuperLiga","Romania","2021","Arrivals","Paulo Vinícius","https://www.transfermarkt.com/paulo-vinicius/profil/spieler/45025","Centre-Back","36","Brazil","CFR Cluj","SuperLiga","Romania",0,FALSE,NA,"Summer",28,25,2,2198
"FCSB","SuperLiga","Romania","2021","Arrivals","Zdenek Ondrasek","https://www.transfermarkt.com/zdenek-ondrasek/profil/spieler/72947","Centre-Forward","32","Czech Republic","Viktoria Plzen","Chance Liga","Czech Republic",0,FALSE,NA,"Summer",4,3,0,113
"FCSB","SuperLiga","Romania","2021","Arrivals","Ivan Mamut","https://www.transfermarkt.com/ivan-mamut/profil/spieler/446996","Centre-Forward","24","Croatia","CS U Craiova","SuperLiga","Romania",0,FALSE,NA,"Summer",15,11,1,364
"FCSB","SuperLiga","Romania","2021","Arrivals","Alexandru Crețu","https://www.transfermarkt.com/alexandru-cretu/profil/spieler/216661","Defensive Midfield","29","Romania","NK Maribor","Prva Liga","Slovenia",0,FALSE,NA,"Summer",7,7,0,615
"FCSB","SuperLiga","Romania","2021","Arrivals","Stipe Vucur","https://www.transfermarkt.com/stipe-vucur/profil/spieler/111463","Centre-Back","29","Austria","Hallescher FC","3. Liga","Germany",0,FALSE,NA,"Summer",3,3,0,255
"FCSB","SuperLiga","Romania","2021","Arrivals","Andrei Burlacu","https://www.transfermarkt.com/andrei-burlacu/profil/spieler/415457","Left Winger","24","Romania","CS U Craiova","SuperLiga","Romania",0,FALSE,NA,"Summer",12,3,0,85
"FCSB","SuperLiga","Romania","2021","Arrivals","Sorin Șerban","https://www.transfermarkt.com/sorin-serban/profil/spieler/567518","Left-Back","21","Romania","FCSB II",NA,"Romania",NA,FALSE,"-","Summer",17,10,0,627
"FCSB","SuperLiga","Romania","2021","Arrivals","Alexandru Musi","https://www.transfermarkt.com/alexandru-musi/profil/spieler/881064","Left Winger","16","Romania","FCSB U18",NA,"Romania",NA,FALSE,"-","Summer",22,8,1,157
"FCSB","SuperLiga","Romania","2021","Arrivals","Adrian Petre","https://www.transfermarkt.com/adrian-petre/profil/spieler/365769","Centre-Forward","22","Romania","Cosenza","Serie B","Italy",NA,TRUE,"End of loan Feb 6, 2021","Summer",NA,NA,NA,NA
"FCSB","SuperLiga","Romania","2021","Arrivals","Cristian Dumitru","https://www.transfermarkt.com/cristian-dumitru/profil/spieler/599600","Left Winger","19","Romania","FC Arges","SuperLiga","Romania",NA,TRUE,"End of loan Jun 30, 2021","Summer",4,3,0,54
"FCSB","SuperLiga","Romania","2021","Arrivals","Marius Briceag","https://www.transfermarkt.com/marius-briceag/profil/spieler/209063","Left-Back","29","Romania","FC Voluntari","SuperLiga","Romania",NA,TRUE,"End of loan Jun 30, 2021","Summer",NA,NA,NA,NA
"FCSB","SuperLiga","Romania","2021","Arrivals","Cristian Dumitru","https://www.transfermarkt.com/cristian-dumitru/profil/spieler/599600","Left Winger","18","Romania","Ac. Clinceni","SuperLiga","Romania",NA,TRUE,"End of loan Oct 5, 2020","Summer",4,3,0,54
"FCSB","SuperLiga","Romania","2021","Arrivals","Ianis Stoica","https://www.transfermarkt.com/ianis-stoica/profil/spieler/547754","Left Winger","18","Romania","Slatina","Liga 2","Romania",NA,TRUE,"End of loan Jun 30, 2021","Summer",38,34,9,1283
"FCSB","SuperLiga","Romania","2021","Arrivals","Robert Ion","https://www.transfermarkt.com/robert-ion/profil/spieler/608511","Attacking Midfield","21","Romania","FC Voluntari","SuperLiga","Romania",NA,TRUE,"End of loan Sep 6, 2021","Summer",NA,NA,NA,NA
"FCSB","SuperLiga","Romania","2021","Arrivals","Răzvan Ducan","https://www.transfermarkt.com/razvan-ducan/profil/spieler/547853","Goalkeeper","19","Romania","AFC Turris","Liga 2","Romania",NA,TRUE,"End of loan Jan 15, 2021","Summer",NA,NA,NA,NA
"FCSB","SuperLiga","Romania","2021","Departures","Olimpiu Moruțan","https://www.transfermarkt.com/olimpiu-morutan/profil/spieler/429551","Attacking Midfield","22","Romania","Galatasaray","Süper Lig","Türkiye",4100000,FALSE,NA,"Summer",7,7,1,512
"FCSB","SuperLiga","Romania","2021","Departures","Gabriel Simion","https://www.transfermarkt.com/gabriel-simion/profil/spieler/447557","Defensive Midfield","23","Romania","Aris Limassol","Cyprus League","Cyprus",1e+05,TRUE,NA,"Summer",NA,NA,NA,NA
"FCSB","SuperLiga","Romania","2021","Departures","Zdenek Ondrasek","https://www.transfermarkt.com/zdenek-ondrasek/profil/spieler/72947","Centre-Forward","32","Czech Republic","Tromsø","Eliteserien","Norway",0,FALSE,NA,"Summer",4,3,0,113
"FCSB","SuperLiga","Romania","2021","Departures","Ionuț Vînă","https://www.transfermarkt.com/ionut-vina/profil/spieler/208828","Central Midfield","26","Romania","CS U Craiova","SuperLiga","Romania",0,FALSE,NA,"Summer",2,1,0,45
"FCSB","SuperLiga","Romania","2021","Departures","Alexandru Crețu","https://www.transfermarkt.com/alexandru-cretu/profil/spieler/216661","Defensive Midfield","29","Romania","CS U Craiova","SuperLiga","Romania",0,FALSE,NA,"Summer",7,7,0,615
"FCSB","SuperLiga","Romania","2021","Departures","Marius Briceag","https://www.transfermarkt.com/marius-briceag/profil/spieler/209063","Left-Back","29","Romania","FC Voluntari","SuperLiga","Romania",0,FALSE,NA,"Summer",NA,NA,NA,NA
"FCSB","SuperLiga","Romania","2021","Departures","Alexandru Buziuc","https://www.transfermarkt.com/alexandru-buziuc/profil/spieler/269786","Centre-Forward","27","Romania","CS Mioveni","SuperLiga","Romania",0,FALSE,NA,"Summer",NA,NA,NA,NA
"FCSB","SuperLiga","Romania","2021","Departures","Ante Vukusic","https://www.transfermarkt.com/ante-vukusic/profil/spieler/99345","Centre-Forward","30","Croatia","ACR Messina","Serie C - C","Italy",0,FALSE,NA,"Summer",NA,NA,NA,NA
"FCSB","SuperLiga","Romania","2021","Departures","Lucian Filip","https://www.transfermarkt.com/lucian-filip/profil/spieler/60880","Defensive Midfield","30","Romania","Ac. Clinceni","SuperLiga","Romania",0,FALSE,NA,"Summer",NA,NA,NA,NA
"FCSB","SuperLiga","Romania","2021","Departures","Dragoș Nedelcu","https://www.transfermarkt.com/dragos-nedelcu/profil/spieler/295868","Defensive Midfield","24","Romania","F. Düsseldorf","2. Bundesliga","Germany",NA,TRUE,"loan transfer","Summer",NA,NA,NA,NA
"FCSB","SuperLiga","Romania","2021","Departures","Cristian Dumitru","https://www.transfermarkt.com/cristian-dumitru/profil/spieler/599600","Left Winger","19","Romania","FC Arges","SuperLiga","Romania",NA,TRUE,"loan transfer","Summer",4,3,0,54
"FCSB","SuperLiga","Romania","2021","Departures","Robert Ion","https://www.transfermarkt.com/robert-ion/profil/spieler/608511","Attacking Midfield","21","Romania","Ac. Clinceni","SuperLiga","Romania",NA,TRUE,"loan transfer","Summer",NA,NA,NA,NA
"FCSB","SuperLiga","Romania","2021","Departures","Robert Ion","https://www.transfermarkt.com/robert-ion/profil/spieler/608511","Attacking Midfield","20","Romania","FC Voluntari","SuperLiga","Romania",NA,TRUE,"loan transfer","Summer",NA,NA,NA,NA
"FCSB","SuperLiga","Romania","2021","Departures","Alexandru Pantea","https://www.transfermarkt.com/alexandru-pantea/profil/spieler/670828","Right-Back","17","Romania","FC Hermannstadt","Liga 2","Romania",NA,TRUE,"loan transfer","Summer",NA,NA,NA,NA
"FCSB","SuperLiga","Romania","2021","Departures","Andrei Pandele","https://www.transfermarkt.com/andrei-pandele/profil/spieler/608478","Central Midfield","17","Romania","Metaloglobus","Liga 2","Romania",NA,TRUE,"loan transfer","Summer",NA,NA,NA,NA
"FCSB","SuperLiga","Romania","2021","Departures","Stipe Vucur","https://www.transfermarkt.com/stipe-vucur/profil/spieler/111463","Centre-Back","29","Austria","Without Club",NA,NA,NA,FALSE,"-","Summer",3,3,0,255
"FCSB","SuperLiga","Romania","2021","Departures","Aristidis Soiledis","https://www.transfermarkt.com/aristidis-soiledis/profil/spieler/63490","Left-Back","30","Greece",NA,NA,NA,NA,FALSE,"-","Summer",NA,NA,NA,NA
"FCSB","SuperLiga","Romania","2021","Arrivals","Malcom Edjouma","https://www.transfermarkt.com/malcom-edjouma/profil/spieler/468704","Central Midfield","25","Morocco","FC Botosani","SuperLiga","Romania",330000,FALSE,NA,"Winter",14,14,2,800
"FCSB","SuperLiga","Romania","2021","Arrivals","Florin Achim","https://www.transfermarkt.com/florin-achim/profil/spieler/212679","Right-Back","30","Romania","Ac. Clinceni","SuperLiga","Romania",0,FALSE,NA,"Winter",1,1,0,1
"FCSB","SuperLiga","Romania","2021","Arrivals","Dragoș Nedelcu","https://www.transfermarkt.com/dragos-nedelcu/profil/spieler/295868","Defensive Midfield","24","Romania","F. Düsseldorf","2. Bundesliga","Germany",NA,TRUE,"End of loan Feb 3, 2022","Winter",NA,NA,NA,NA
"FCSB","SuperLiga","Romania","2021","Arrivals","Mihai Lixandru","https://www.transfermarkt.com/mihai-lixandru/profil/spieler/824915","Central Midfield","20","Romania","Gaz Metan","SuperLiga","Romania",NA,TRUE,"End of loan Feb 14, 2022","Winter",NA,NA,NA,NA
"FCSB","SuperLiga","Romania","2021","Departures","Constantin Budescu","https://www.transfermarkt.com/constantin-budescu/profil/spieler/164233","Attacking Midfield","32","Romania","FC Voluntari","SuperLiga","Romania",0,FALSE,NA,"Winter",13,11,1,441
"FCSB","SuperLiga","Romania","2021","Departures","Denis Haruț","https://www.transfermarkt.com/denis-harut/profil/spieler/412641","Centre-Back","22","Romania","FC Botosani","SuperLiga","Romania",NA,TRUE,"loan transfer","Winter",25,13,0,737
"FCSB","SuperLiga","Romania","2021","Departures","Dragoș Nedelcu","https://www.transfermarkt.com/dragos-nedelcu/profil/spieler/295868","Defensive Midfield","24","Romania","FCV Farul","SuperLiga","Romania",NA,TRUE,"loan transfer","Winter",NA,NA,NA,NA
"FCSB","SuperLiga","Romania","2021","Departures","Mihai Lixandru","https://www.transfermarkt.com/mihai-lixandru/profil/spieler/824915","Central Midfield","20","Romania","CS Mioveni","SuperLiga","Romania",NA,TRUE,"loan transfer","Winter",NA,NA,NA,NA
"CFR Cluj","SuperLiga","Romania","2021","Arrivals","Ulrich Meleke","https://www.transfermarkt.com/ulrich-meleke/profil/spieler/581447","Defensive Midfield","22","Cote d'Ivoire","FC Botosani","SuperLiga","Romania",250000,FALSE,NA,"Summer",NA,NA,NA,NA
"CFR Cluj","SuperLiga","Romania","2021","Arrivals","Nana Boateng","https://www.transfermarkt.com/nana-boateng/profil/spieler/236272","Defensive Midfield","27","Ghana","KuPS","Veikkausliiga","Finland",125000,FALSE,NA,"Summer",39,39,2,2915
"CFR Cluj","SuperLiga","Romania","2021","Arrivals","Claudiu Petrila","https://www.transfermarkt.com/claudiu-petrila/profil/spieler/623424","Left Winger","20","Romania","Sepsi OSK","SuperLiga","Romania",NA,TRUE,"End of loan Jun 30, 2021","Summer",47,41,10,2485
"CFR Cluj","SuperLiga","Romania","2021","Arrivals","Denis Rusu","https://www.transfermarkt.com/denis-rusu/profil/spieler/805072","Left Winger","20","Romania","Soimii Lipova",NA,"Romania",10000,FALSE,NA,"Summer",3,0,0,0
"CFR Cluj","SuperLiga","Romania","2021","Arrivals","Mihai Bordeianu","https://www.transfermarkt.com/mihai-bordeianu/profil/spieler/210059","Central Midfield","29","Romania","Al-Qadsiah",NA,"Saudi Arabia",0,FALSE,NA,"Summer",37,37,1,2309
"CFR Cluj","SuperLiga","Romania","2021","Arrivals","Florin Ștefan","https://www.transfermarkt.com/florin-stefan/profil/spieler/320637","Left-Back","25","Romania","Sepsi OSK","SuperLiga","Romania",0,FALSE,NA,"Summer",34,11,0,716
"CFR Cluj","SuperLiga","Romania","2021","Arrivals","Jonathan Rodríguez","https://www.transfermarkt.com/jonathan-rodriguez/profil/spieler/537768","Central Midfield","31","Argentina","FC Botosani","SuperLiga","Romania",0,FALSE,NA,"Summer",20,18,0,1275
"CFR Cluj","SuperLiga","Romania","2021","Arrivals","Rachid Bouhenna","https://www.transfermarkt.com/rachid-bouhenna/profil/spieler/194790","Centre-Back","30","Algeria","Sepsi OSK","SuperLiga","Romania",0,FALSE,NA,"Summer",27,19,1,1443
"CFR Cluj","SuperLiga","Romania","2021","Arrivals","Daniel Graovac","https://www.transfermarkt.com/daniel-graovac/profil/spieler/131728","Centre-Back","27","Bosnia-Herzegovina","Astra Giurgiu","Liga 2","Romania",0,FALSE,NA,"Summer",49,37,1,3101
"CFR Cluj","SuperLiga","Romania","2021","Arrivals","Guessouma Fofana","https://www.transfermarkt.com/guessouma-fofana/profil/spieler/419999","Defensive Midfield","28","Mauritania","Guingamp","Ligue 2","France",0,FALSE,NA,"Summer",12,7,0,234
"CFR Cluj","SuperLiga","Romania","2021","Arrivals","Karlo Letica","https://www.transfermarkt.com/karlo-letica/profil/spieler/318707","Goalkeeper","24","Croatia","Club Brugge","Jupiler Pro League","Belgium",0,FALSE,NA,"Summer",7,4,0,360
"CFR Cluj","SuperLiga","Romania","2021","Arrivals","Anas Tahiri","https://www.transfermarkt.com/anas-tahiri/profil/spieler/308265","Central Midfield","26","Morocco","RKC Waalwijk","Eredivisie","Netherlands",0,FALSE,NA,"Summer",15,7,1,397
"CFR Cluj","SuperLiga","Romania","2021","Arrivals","Cristiano Figueiredo","https://www.transfermarkt.com/cristiano-figueiredo/profil/spieler/100127","Goalkeeper","30","Portugal","FC Hermannstadt","Liga 2","Romania",0,FALSE,NA,"Summer",9,2,0,180
"CFR Cluj","SuperLiga","Romania","2021","Arrivals","Emmanuel Culio","https://www.transfermarkt.com/emmanuel-culio/profil/spieler/30846","Central Midfield","38","Argentina","Flandria",NA,"Argentina",0,FALSE,NA,"Summer",14,12,1,702
"CFR Cluj","SuperLiga","Romania","2021","Arrivals","Daniel Paraschiv","https://www.transfermarkt.com/daniel-paraschiv/profil/spieler/605543","Centre-Forward","22","Romania","Viitorul Tg.Jiu","Liga 2","Romania",NA,FALSE,"?","Summer",NA,NA,NA,NA
"CFR Cluj","SuperLiga","Romania","2021","Arrivals","Denis Alibec","https://www.transfermarkt.com/denis-alibec/profil/spieler/81396","Centre-Forward","30","Romania","Kayserispor","Süper Lig","Türkiye",NA,TRUE,"loan transfer","Summer",23,21,2,818
"CFR Cluj","SuperLiga","Romania","2021","Arrivals","Hadi Sacko","https://www.transfermarkt.com/hadi-sacko/profil/spieler/198728","Right Winger","27","Mali","Without Club",NA,NA,NA,FALSE,"-","Summer",12,8,0,357
"CFR Cluj","SuperLiga","Romania","2021","Arrivals","Raul Haiduc","https://www.transfermarkt.com/raul-haiduc/profil/spieler/912175","Centre-Forward","18","Romania","CFR Cluj U19",NA,"Romania",NA,FALSE,"-","Summer",NA,NA,NA,NA
"CFR Cluj","SuperLiga","Romania","2021","Arrivals","Mihai Butean","https://www.transfermarkt.com/mihai-butean/profil/spieler/375712","Right-Back","24","Romania","Gaz Metan","SuperLiga","Romania",NA,TRUE,"End of loan Jun 30, 2021","Summer",1,1,0,85
"CFR Cluj","SuperLiga","Romania","2021","Arrivals","Cătălin Golofca","https://www.transfermarkt.com/catalin-golofca/profil/spieler/241234","Right Winger","31","Romania","Sepsi OSK","SuperLiga","Romania",NA,TRUE,"End of loan Jun 30, 2021","Summer",NA,NA,NA,NA
"CFR Cluj","SuperLiga","Romania","2021","Arrivals","Sebastian Mailat","https://www.transfermarkt.com/sebastian-mailat/profil/spieler/364697","Left Winger","23","Romania","FC Voluntari","SuperLiga","Romania",NA,TRUE,"End of loan Jun 30, 2021","Summer",NA,NA,NA,NA
"CFR Cluj","SuperLiga","Romania","2021","Arrivals","Otto Hindrich","https://www.transfermarkt.com/otto-hindrich/profil/spieler/744075","Goalkeeper","18","Romania","SSU Poli","Liga 2","Romania",NA,TRUE,"End of loan Jun 30, 2021","Summer",48,19,0,1710
"CFR Cluj","SuperLiga","Romania","2021","Arrivals","Răzvan Andronic","https://www.transfermarkt.com/razvan-andronic/profil/spieler/568539","Centre-Forward","21","Romania","Ac. Clinceni","SuperLiga","Romania",NA,TRUE,"End of loan Jun 30, 2021","Summer",NA,NA,NA,NA
"CFR Cluj","SuperLiga","Romania","2021","Arrivals","Rareș Ispas","https://www.transfermarkt.com/rares-ispas/profil/spieler/634317","Left-Back","20","Romania","Comuna Recea","Liga 2","Romania",NA,TRUE,"End of loan Jun 30, 2021","Summer",NA,NA,NA,NA
"CFR Cluj","SuperLiga","Romania","2021","Arrivals","Alin Fică","https://www.transfermarkt.com/alin-fica/profil/spieler/675506","Central Midfield","20","Romania","Comuna Recea","Liga 2","Romania",NA,TRUE,"End of loan Jun 30, 2021","Summer",7,1,0,1
"CFR Cluj","SuperLiga","Romania","2021","Arrivals","Ionuț Rus","https://www.transfermarkt.com/ionut-rus/profil/spieler/418208","Goalkeeper","21","Romania","FC Hermannstadt","SuperLiga","Romania",NA,TRUE,"End of loan Jun 30, 2021","Summer",NA,NA,NA,NA
"CFR Cluj","SuperLiga","Romania","2021","Arrivals","Sebastian Serediuc","https://www.transfermarkt.com/sebastian-serediuc/profil/spieler/633092","Centre-Forward","21","Romania","Unirea Dej",NA,"Romania",NA,TRUE,"End of loan Jun 30, 2021","Summer",NA,NA,NA,NA
"CFR Cluj","SuperLiga","Romania","2021","Departures","Paulo Vinícius","https://www.transfermarkt.com/paulo-vinicius/profil/spieler/45025","Centre-Back","36","Brazil","FCSB","SuperLiga","Romania",0,FALSE,NA,"Summer",NA,NA,NA,NA
"CFR Cluj","SuperLiga","Romania","2021","Departures","Mario Rondón","https://www.transfermarkt.com/mario-rondon/profil/spieler/119272","Centre-Forward","35","Venezuela","Radomiak","Ekstraklasa","Poland",0,FALSE,NA,"Summer",NA,NA,NA,NA
"CFR Cluj","SuperLiga","Romania","2021","Departures","Michaël Pereira","https://www.transfermarkt.com/michael-pereira/profil/spieler/147483","Right Winger","33","France","Kocaelispor","1.Lig","Türkiye",0,FALSE,NA,"Summer",NA,NA,NA,NA
"CFR Cluj","SuperLiga","Romania","2021","Departures","William Soares","https://www.transfermarkt.com/william-soares/profil/spieler/80151","Defensive Midfield","32","Brazil","Petro Luanda",NA,"Angola",0,FALSE,NA,"Summer",NA,NA,NA,NA
"CFR Cluj","SuperLiga","Romania","2021","Departures","Cătălin Golofca","https://www.transfermarkt.com/catalin-golofca/profil/spieler/241234","Right Winger","31","Romania","Sepsi OSK","SuperLiga","Romania",0,FALSE,NA,"Summer",NA,NA,NA,NA
"CFR Cluj","SuperLiga","Romania","2021","Departures","Iasmin Latovlevici","https://www.transfermarkt.com/iasmin-latovlevici/profil/spieler/47172","Left-Back","35","Romania","FC Arges","SuperLiga","Romania",0,FALSE,NA,"Summer",15,7,1,512
"CFR Cluj","SuperLiga","Romania","2021","Departures","Grzegorz Sandomierski","https://www.transfermarkt.com/grzegorz-sandomierski/profil/spieler/55263","Goalkeeper","31","Poland","Górnik Zabrze","Ekstraklasa","Poland",0,FALSE,NA,"Summer",NA,NA,NA,NA
"CFR Cluj","SuperLiga","Romania","2021","Departures","Alexandru Ioniță","https://www.transfermarkt.com/alexandru-ionita/profil/spieler/209664","Attacking Midfield","26","Romania","FC Rapid 1923","SuperLiga","Romania",0,FALSE,NA,"Summer",NA,NA,NA,NA
"CFR Cluj","SuperLiga","Romania","2021","Departures","Rares Murariu","https://www.transfermarkt.com/rares-murariu/profil/spieler/319238","Goalkeeper","22","Romania","SSU Poli","Liga 2","Romania",0,FALSE,NA,"Summer",NA,NA,NA,NA
"CFR Cluj","SuperLiga","Romania","2021","Departures","Cătălin Itu","https://www.transfermarkt.com/catalin-itu/profil/spieler/464306","Central Midfield","21","Romania","FC Dinamo","SuperLiga","Romania",NA,TRUE,"loan transfer","Summer",14,4,0,77
"CFR Cluj","SuperLiga","Romania","2021","Departures","Nicolae Carnat","https://www.transfermarkt.com/nicolae-carnat/profil/spieler/341140","Right Winger","23","Romania","FC Rapid 1923","SuperLiga","Romania",NA,TRUE,"loan transfer","Summer",NA,NA,NA,NA
"CFR Cluj","SuperLiga","Romania","2021","Departures","Daniel Paraschiv","https://www.transfermarkt.com/daniel-paraschiv/profil/spieler/605543","Centre-Forward","22","Romania","FC Voluntari","SuperLiga","Romania",NA,TRUE,"loan transfer","Summer",NA,NA,NA,NA
"CFR Cluj","SuperLiga","Romania","2021","Departures","Ulrich Meleke","https://www.transfermarkt.com/ulrich-meleke/profil/spieler/581447","Defensive Midfield","22","Cote d'Ivoire","FC Voluntari","SuperLiga","Romania",NA,TRUE,"loan transfer","Summer",NA,NA,NA,NA
"CFR Cluj","SuperLiga","Romania","2021","Departures","Rareș Ispas","https://www.transfermarkt.com/rares-ispas/profil/spieler/634317","Left-Back","20","Romania","Sepsi OSK","SuperLiga","Romania",NA,TRUE,"loan transfer","Summer",NA,NA,NA,NA
"CFR Cluj","SuperLiga","Romania","2021","Departures","Ionuț Rus","https://www.transfermarkt.com/ionut-rus/profil/spieler/418208","Goalkeeper","21","Romania","Ripensia","Liga 2","Romania",NA,TRUE,"loan transfer","Summer",NA,NA,NA,NA
"CFR Cluj","SuperLiga","Romania","2021","Departures","Sebastian Serediuc","https://www.transfermarkt.com/sebastian-serediuc/profil/spieler/633092","Centre-Forward","21","Romania","SSU Poli","Liga 2","Romania",NA,TRUE,"loan transfer","Summer",NA,NA,NA,NA
"CFR Cluj","SuperLiga","Romania","2021","Departures","Giedrius Arlauskis","https://www.transfermarkt.com/giedrius-arlauskis/profil/spieler/69001","Goalkeeper","33","Lithuania","Without Club",NA,NA,NA,FALSE,"-","Summer",12,11,0,976
"CFR Cluj","SuperLiga","Romania","2021","Departures","Syam Ben Youssef","https://www.transfermarkt.com/syam-ben-youssef/profil/spieler/133078","Centre-Back","32","Tunisia","Without Club",NA,NA,NA,FALSE,"-","Summer",NA,NA,NA,NA
"CFR Cluj","SuperLiga","Romania","2021","Departures","Luís Aurélio","https://www.transfermarkt.com/luis-aurelio/profil/spieler/236748","Central Midfield","32","Portugal","Without Club",NA,NA,NA,FALSE,"-","Summer",NA,NA,NA,NA
"CFR Cluj","SuperLiga","Romania","2021","Departures","Andrei Joca","https://www.transfermarkt.com/andrei-joca/profil/spieler/675540","Right Winger","21","Romania","CFR Cluj II",NA,"Romania",NA,FALSE,"-","Summer",NA,NA,NA,NA
"CFR Cluj","SuperLiga","Romania","2021","Departures","Mihai Bordeianu","https://www.transfermarkt.com/mihai-bordeianu/profil/spieler/210059","Central Midfield","29","Romania","Al-Qadsiah",NA,"Saudi Arabia",NA,TRUE,"End of loan Jun 30, 2021","Summer",37,37,1,2309
"CFR Cluj","SuperLiga","Romania","2021","Arrivals","Marko Dugandzic","https://www.transfermarkt.com/marko-dugandzic/profil/spieler/225961","Centre-Forward","27","Croatia","FK Sochi","Premier Liga","Russia",5e+05,FALSE,NA,"Winter",13,13,1,290
"CFR Cluj","SuperLiga","Romania","2021","Arrivals","Răzvan Sava","https://www.transfermarkt.com/razvan-sava/profil/spieler/568617","Goalkeeper","19","Romania","Torino","Serie A","Italy",250000,FALSE,NA,"Winter",11,0,0,0
"CFR Cluj","SuperLiga","Romania","2021","Arrivals","Roger","https://www.transfermarkt.com/roger/profil/spieler/435169","Attacking Midfield","25","Brazil","UTA Arad","SuperLiga","Romania",2e+05,FALSE,NA,"Winter",4,2,0,139
"CFR Cluj","SuperLiga","Romania","2021","Arrivals","Yuri Matias","https://www.transfermarkt.com/yuri-matias/profil/spieler/443612","Centre-Back","27","Brazil","Gaz Metan","SuperLiga","Romania",1e+05,FALSE,NA,"Winter",14,14,0,781
"CFR Cluj","SuperLiga","Romania","2021","Arrivals","Lovro Cvek","https://www.transfermarkt.com/lovro-cvek/profil/spieler/317467","Defensive Midfield","26","Croatia","Zorya Lugansk","Premier Liga","Ukraine",0,FALSE,NA,"Winter",6,3,0,115
"CFR Cluj","SuperLiga","Romania","2021","Arrivals","Karlo Letica","https://www.transfermarkt.com/karlo-letica/profil/spieler/318707","Goalkeeper","24","Croatia","Club Brugge","Jupiler Pro League","Belgium",0,FALSE,NA,"Winter",7,4,0,360
"CFR Cluj","SuperLiga","Romania","2021","Arrivals","Sergiu Buș","https://www.transfermarkt.com/sergiu-bus/profil/spieler/123671","Centre-Forward","29","Romania","Seongnam FC","K League 1","Korea, South",0,FALSE,NA,"Winter",5,4,0,70
"CFR Cluj","SuperLiga","Romania","2021","Arrivals","Daniel Bîrligea","https://www.transfermarkt.com/daniel-birligea/profil/spieler/468192","Centre-Forward","21","Romania","Teramo","Serie C - B","Italy",0,FALSE,NA,"Winter",7,6,1,189
"CFR Cluj","SuperLiga","Romania","2021","Arrivals","Kristian Dimitrov","https://www.transfermarkt.com/kristian-dimitrov/profil/spieler/351800","Centre-Back","24","Bulgaria","Hajduk Split","SuperSport HNL","Croatia",NA,TRUE,"loan transfer","Winter",4,1,1,90
"CFR Cluj","SuperLiga","Romania","2021","Arrivals","Cristian Neguț","https://www.transfermarkt.com/cristian-negut/profil/spieler/430836","Centre-Forward","26","Romania","Chindia","SuperLiga","Romania",NA,TRUE,"loan transfer","Winter",17,8,1,288
"CFR Cluj","SuperLiga","Romania","2021","Arrivals","Cătălin Itu","https://www.transfermarkt.com/catalin-itu/profil/spieler/464306","Central Midfield","22","Romania","FC Dinamo","SuperLiga","Romania",NA,TRUE,"End of loan Jan 4, 2022","Winter",14,4,0,77
"CFR Cluj","SuperLiga","Romania","2021","Arrivals","Alexandru Pașcanu","https://www.transfermarkt.com/alexandru-pascanu/profil/spieler/421258","Centre-Back","23","Romania","Ponferradina","LaLiga2","Spain",NA,TRUE,"End of loan Jan 16, 2022","Winter",NA,NA,NA,NA
"CFR Cluj","SuperLiga","Romania","2021","Arrivals","Daniel Paraschiv","https://www.transfermarkt.com/daniel-paraschiv/profil/spieler/605543","Centre-Forward","22","Romania","FC Voluntari","SuperLiga","Romania",NA,TRUE,"End of loan Jan 1, 2022","Winter",NA,NA,NA,NA
"CFR Cluj","SuperLiga","Romania","2021","Departures","Alexandru Pașcanu","https://www.transfermarkt.com/alexandru-pascanu/profil/spieler/421258","Centre-Back","23","Romania","Ponferradina","LaLiga2","Spain",8e+05,FALSE,NA,"Winter",NA,NA,NA,NA
"CFR Cluj","SuperLiga","Romania","2021","Departures","Anas Tahiri","https://www.transfermarkt.com/anas-tahiri/profil/spieler/308265","Central Midfield","26","Morocco","Heerenveen","Eredivisie","Netherlands",0,FALSE,NA,"Winter",15,7,1,397
"CFR Cluj","SuperLiga","Romania","2021","Departures","Cristiano Figueiredo","https://www.transfermarkt.com/cristiano-figueiredo/profil/spieler/100127","Goalkeeper","31","Portugal","FC Dinamo","SuperLiga","Romania",0,FALSE,NA,"Winter",9,2,0,180
"CFR Cluj","SuperLiga","Romania","2021","Departures","Sebastian Mailat","https://www.transfermarkt.com/sebastian-mailat/profil/spieler/364697","Left Winger","24","Romania","FC Botosani","SuperLiga","Romania",0,FALSE,NA,"Winter",NA,NA,NA,NA
"CFR Cluj","SuperLiga","Romania","2021","Departures","Răzvan Andronic","https://www.transfermarkt.com/razvan-andronic/profil/spieler/568539","Centre-Forward","22","Romania","FC Brasov-SR","Liga 2","Romania",0,FALSE,NA,"Winter",NA,NA,NA,NA
"CFR Cluj","SuperLiga","Romania","2021","Departures","Jonathan Rodríguez","https://www.transfermarkt.com/jonathan-rodriguez/profil/spieler/537768","Central Midfield","31","Argentina","FC Dinamo","SuperLiga","Romania",NA,TRUE,"loan transfer","Winter",20,18,0,1275
"CFR Cluj","SuperLiga","Romania","2021","Departures","Denis Ciobotariu","https://www.transfermarkt.com/denis-ciobotariu/profil/spieler/428593","Centre-Back","23","Romania","FC Voluntari","SuperLiga","Romania",NA,TRUE,"loan transfer","Winter",23,9,0,703
"CFR Cluj","SuperLiga","Romania","2021","Departures","Mihai Butean","https://www.transfermarkt.com/mihai-butean/profil/spieler/375712","Right-Back","25","Romania","Chindia","SuperLiga","Romania",NA,TRUE,"loan transfer","Winter",1,1,0,85
"CFR Cluj","SuperLiga","Romania","2021","Departures","Daniel Paraschiv","https://www.transfermarkt.com/daniel-paraschiv/profil/spieler/605543","Centre-Forward","22","Romania","FC Hermannstadt","Liga 2","Romania",NA,TRUE,"loan transfer","Winter",NA,NA,NA,NA
"CFR Cluj","SuperLiga","Romania","2021","Departures","Denis Rusu","https://www.transfermarkt.com/denis-rusu/profil/spieler/805072","Left Winger","20","Romania","Chindia","SuperLiga","Romania",NA,TRUE,"loan transfer","Winter",3,0,0,0
"CFR Cluj","SuperLiga","Romania","2021","Departures","Mike Cestor","https://www.transfermarkt.com/mike-cestor/profil/spieler/136744","Centre-Back","29","DR Congo","Without Club",NA,NA,NA,FALSE,"-","Winter",32,22,1,1484
"CFR Cluj","SuperLiga","Romania","2021","Departures","Emmanuel Culio","https://www.transfermarkt.com/emmanuel-culio/profil/spieler/30846","Central Midfield","38","Argentina",NA,NA,NA,NA,FALSE,"-","Winter",14,12,1,702
"CFR Cluj","SuperLiga","Romania","2021","Departures","Raul Haiduc","https://www.transfermarkt.com/raul-haiduc/profil/spieler/912175","Centre-Forward","19","Romania","CFR Cluj II",NA,"Romania",NA,FALSE,"-","Winter",NA,NA,NA,NA
"CFR Cluj","SuperLiga","Romania","2021","Departures","Denis Alibec","https://www.transfermarkt.com/denis-alibec/profil/spieler/81396","Centre-Forward","31","Romania","Kayserispor","Süper Lig","Türkiye",NA,TRUE,"End of loan Jan 27, 2022","Winter",23,21,2,818
"CS Universitatea Craiova","SuperLiga","Romania","2021","Arrivals","David Lazar","https://www.transfermarkt.com/david-lazar/profil/spieler/168278","Goalkeeper","29","Romania","Astra Giurgiu","Liga 2","Romania",2e+05,FALSE,NA,"Summer",49,9,0,810
"CS Universitatea Craiova","SuperLiga","Romania","2021","Arrivals","Lyes Houri","https://www.transfermarkt.com/lyes-houri/profil/spieler/229007","Attacking Midfield","25","France","Fehérvár","NB I.","Hungary",150000,TRUE,NA,"Summer",11,11,2,929
"CS Universitatea Craiova","SuperLiga","Romania","2021","Arrivals","Alexandru Mărieș","https://www.transfermarkt.com/alexandru-maries/profil/spieler/677159","Right Midfield","20","Romania","Comuna Recea",NA,"Romania",5000,FALSE,NA,"Summer",3,0,0,0
"CS Universitatea Craiova","SuperLiga","Romania","2021","Arrivals","Valerică Găman","https://www.transfermarkt.com/valerica-gaman/profil/spieler/47576","Centre-Back","32","Romania","Astra Giurgiu","Liga 2","Romania",0,FALSE,NA,"Summer",28,20,0,1592
"CS Universitatea Craiova","SuperLiga","Romania","2021","Arrivals","Ionuț Vînă","https://www.transfermarkt.com/ionut-vina/profil/spieler/208828","Central Midfield","26","Romania","FCSB","SuperLiga","Romania",0,FALSE,NA,"Summer",32,22,2,833
"CS Universitatea Craiova","SuperLiga","Romania","2021","Arrivals","Alexandru Crețu","https://www.transfermarkt.com/alexandru-cretu/profil/spieler/216661","Defensive Midfield","29","Romania","FCSB","SuperLiga","Romania",0,FALSE,NA,"Summer",33,32,3,2270
"CS Universitatea Craiova","SuperLiga","Romania","2021","Arrivals","Ante Roguljic","https://www.transfermarkt.com/ante-roguljic/profil/spieler/226090","Attacking Midfield","25","Croatia","AS Trencin","Niké Liga","Slovakia",0,FALSE,NA,"Summer",24,21,5,487
"CS Universitatea Craiova","SuperLiga","Romania","2021","Arrivals","Antoine Conte","https://www.transfermarkt.com/antoine-conte/profil/spieler/181373","Centre-Back","27","Guinea",NA,NA,NA,NA,FALSE,"-","Summer",15,13,0,553
"CS Universitatea Craiova","SuperLiga","Romania","2021","Arrivals","Denis Rusu","https://www.transfermarkt.com/denis-rusu/profil/spieler/171770","Goalkeeper","30","Moldova","Without Club",NA,NA,NA,FALSE,"-","Summer",5,0,0,0
"CS Universitatea Craiova","SuperLiga","Romania","2021","Arrivals","Antoni Ivanov","https://www.transfermarkt.com/antoni-ivanov/profil/spieler/283287","Central Midfield","25","Bulgaria","FC Voluntari","SuperLiga","Romania",NA,TRUE,"End of loan Jun 30, 2021","Summer",13,9,0,244
"CS Universitatea Craiova","SuperLiga","Romania","2021","Arrivals","Gustavo Vagenin","https://www.transfermarkt.com/gustavo-vagenin/profil/spieler/268223","Attacking Midfield","29","Brazil","Ajman Club","UAE Pro League","United Arab Emirates",NA,TRUE,"End of loan Jun 30, 2021","Summer",48,44,12,2926
"CS Universitatea Craiova","SuperLiga","Romania","2021","Arrivals","Stephan Drăghici","https://www.transfermarkt.com/stephan-draghici/profil/spieler/435706","Right Midfield","23","Romania","FC Arges","SuperLiga","Romania",NA,TRUE,"End of loan Jun 30, 2021","Summer",NA,NA,NA,NA
"CS Universitatea Craiova","SuperLiga","Romania","2021","Arrivals","Florin Borța","https://www.transfermarkt.com/florin-borta/profil/spieler/603327","Right-Back","23","Romania","Concordia","Liga 2","Romania",NA,TRUE,"End of loan Jun 30, 2022","Summer",NA,NA,NA,NA
"CS Universitatea Craiova","SuperLiga","Romania","2021","Arrivals","Jovan Marković","https://www.transfermarkt.com/jovan-markovic/profil/spieler/418235","Centre-Forward","20","Romania","Ac. Clinceni","SuperLiga","Romania",NA,TRUE,"End of loan Jun 30, 2021","Summer",45,44,13,1935
"CS Universitatea Craiova","SuperLiga","Romania","2021","Arrivals","Alin Manea","https://www.transfermarkt.com/alin-manea/profil/spieler/271283","Attacking Midfield","24","Romania","SSU Poli","Liga 2","Romania",NA,TRUE,"End of loan Jun 30, 2021","Summer",NA,NA,NA,NA
"CS Universitatea Craiova","SuperLiga","Romania","2021","Arrivals","Alexandru Popescu","https://www.transfermarkt.com/alexandru-popescu/profil/spieler/504909","Centre-Forward","23","Romania","Aerostar","Liga 2","Romania",NA,TRUE,"End of loan Jun 30, 2021","Summer",NA,NA,NA,NA
"CS Universitatea Craiova","SuperLiga","Romania","2021","Arrivals","Alexandru Popescu","https://www.transfermarkt.com/alexandru-popescu/profil/spieler/504909","Centre-Forward","22","Romania","SSU Poli","Liga 2","Romania",NA,TRUE,"End of loan Jan 4, 2021","Summer",NA,NA,NA,NA
"CS Universitatea Craiova","SuperLiga","Romania","2021","Departures","Alexandru Cicâldău","https://www.transfermarkt.com/alexandru-cicaldau/profil/spieler/295810","Attacking Midfield","24","Romania","Galatasaray","Süper Lig","Türkiye",6500000,FALSE,NA,"Summer",3,3,0,267
"CS Universitatea Craiova","SuperLiga","Romania","2021","Departures","Reagy Ofosu","https://www.transfermarkt.com/reagy-ofosu/profil/spieler/83253","Left Winger","29","Germany","Bursaspor","1.Lig","Türkiye",150000,FALSE,NA,"Summer",4,3,0,110
"CS Universitatea Craiova","SuperLiga","Romania","2021","Departures","Ovidiu Bic","https://www.transfermarkt.com/ovidiu-bic/profil/spieler/220816","Central Midfield","27","Romania","Kiryat Shmona","Ligat ha'Al","Israel",1e+05,TRUE,NA,"Summer",20,15,1,463
"CS Universitatea Craiova","SuperLiga","Romania","2021","Departures","Stephane Acka","https://www.transfermarkt.com/stephane-acka/profil/spieler/287203","Centre-Back","30","Cote d'Ivoire","Kiryat Shmona","Ligat ha'Al","Israel",80000,FALSE,NA,"Summer",NA,NA,NA,NA
"CS Universitatea Craiova","SuperLiga","Romania","2021","Departures","Cristian Bărbuţ","https://www.transfermarkt.com/cristian-barbut/profil/spieler/262108","Right Winger","26","Romania","Sepsi OSK","SuperLiga","Romania",0,FALSE,NA,"Summer",NA,NA,NA,NA
"CS Universitatea Craiova","SuperLiga","Romania","2021","Departures","Ivan Mamut","https://www.transfermarkt.com/ivan-mamut/profil/spieler/446996","Centre-Forward","24","Croatia","FCSB","SuperLiga","Romania",0,FALSE,NA,"Summer",NA,NA,NA,NA
"CS Universitatea Craiova","SuperLiga","Romania","2021","Departures","Stephan Drăghici","https://www.transfermarkt.com/stephan-draghici/profil/spieler/435706","Right Midfield","23","Romania","CSA Steaua","Liga 2","Romania",0,FALSE,NA,"Summer",NA,NA,NA,NA
"CS Universitatea Craiova","SuperLiga","Romania","2021","Departures","Andrei Burlacu","https://www.transfermarkt.com/andrei-burlacu/profil/spieler/415457","Left Winger","24","Romania","FCSB","SuperLiga","Romania",0,FALSE,NA,"Summer",NA,NA,NA,NA
"CS Universitatea Craiova","SuperLiga","Romania","2021","Departures","Alexandru Popescu","https://www.transfermarkt.com/alexandru-popescu/profil/spieler/504909","Centre-Forward","23","Romania","D. Calarasi","Liga 2","Romania",0,FALSE,NA,"Summer",NA,NA,NA,NA
"CS Universitatea Craiova","SuperLiga","Romania","2021","Departures","Alexandru Mărieș","https://www.transfermarkt.com/alexandru-maries/profil/spieler/677159","Right Midfield","20","Romania","ACSM Poli Iasi","Liga 2","Romania",NA,TRUE,"loan transfer","Summer",3,0,0,0
"CS Universitatea Craiova","SuperLiga","Romania","2021","Departures","Laurențiu Popescu","https://www.transfermarkt.com/laurentiu-popescu/profil/spieler/271289","Goalkeeper","24","Romania","ACSM Poli Iasi","Liga 2","Romania",NA,TRUE,"loan transfer","Summer",NA,NA,NA,NA
"CS Universitatea Craiova","SuperLiga","Romania","2021","Departures","Vasile Constantin","https://www.transfermarkt.com/vasile-constantin/profil/spieler/685203","Central Midfield","23","Romania","FC Brasov-SR","Liga 2","Romania",NA,TRUE,"loan transfer","Summer",5,3,0,56
"CS Universitatea Craiova","SuperLiga","Romania","2021","Departures","Alin Manea","https://www.transfermarkt.com/alin-manea/profil/spieler/271283","Attacking Midfield","24","Romania","Without Club",NA,NA,NA,FALSE,"-","Summer",NA,NA,NA,NA
"CS Universitatea Craiova","SuperLiga","Romania","2021","Departures","Andrei Marinescu","https://www.transfermarkt.com/andrei-marinescu/profil/spieler/45052","Goalkeeper","36","Romania",NA,NA,NA,NA,FALSE,"-","Summer",NA,NA,NA,NA
"CS Universitatea Craiova","SuperLiga","Romania","2021","Departures","Juan Cámara","https://www.transfermarkt.com/juan-camara/profil/spieler/162039","Attacking Midfield","27","Spain","Jagiellonia","Ekstraklasa","Poland",NA,TRUE,"End of loan Jun 30, 2021","Summer",NA,NA,NA,NA
"CS Universitatea Craiova","SuperLiga","Romania","2021","Departures","Alexandru Tudorie","https://www.transfermarkt.com/alexandru-tudorie/profil/spieler/260139","Centre-Forward","25","Romania","Arsenal Tula","Premier Liga","Russia",NA,TRUE,"End of loan Jun 30, 2021","Summer",NA,NA,NA,NA
"CS Universitatea Craiova","SuperLiga","Romania","2021","Arrivals","Ovidiu Bic","https://www.transfermarkt.com/ovidiu-bic/profil/spieler/220816","Central Midfield","27","Romania","Kiryat Shmona","Ligat ha'Al","Israel",NA,TRUE,"End of loan Jan 24, 2022","Winter",20,15,1,463
"CS Universitatea Craiova","SuperLiga","Romania","2021","Arrivals","Laurențiu Popescu","https://www.transfermarkt.com/laurentiu-popescu/profil/spieler/271289","Goalkeeper","24","Romania","ACSM Poli Iasi","Liga 2","Romania",NA,TRUE,"End of loan Jan 1, 2022","Winter",NA,NA,NA,NA
"CS Universitatea Craiova","SuperLiga","Romania","2021","Departures","Mihai Bălașa","https://www.transfermarkt.com/mihai-balasa/profil/spieler/236940","Centre-Back","27","Romania","Sepsi OSK","SuperLiga","Romania",50000,FALSE,NA,"Winter",23,12,1,823
"CS Universitatea Craiova","SuperLiga","Romania","2021","Departures","Matteo Fedele","https://www.transfermarkt.com/matteo-fedele/profil/spieler/111438","Central Midfield","29","Switzerland","Hamrun Spart.","Premier League","Malta",0,FALSE,NA,"Winter",20,12,0,472
"CS Universitatea Craiova","SuperLiga","Romania","2021","Departures","Antoni Ivanov","https://www.transfermarkt.com/antoni-ivanov/profil/spieler/283287","Central Midfield","26","Bulgaria","FC Dinamo","SuperLiga","Romania",0,FALSE,NA,"Winter",13,9,0,244
"CS Universitatea Craiova","SuperLiga","Romania","2021","Departures","Mihai Roman","https://www.transfermarkt.com/mihai-roman/profil/spieler/135566","Centre-Forward","29","Romania","FC Botosani","SuperLiga","Romania",0,FALSE,NA,"Winter",1,1,0,32
"CS Universitatea Craiova","SuperLiga","Romania","2021","Departures","Laurențiu Popescu","https://www.transfermarkt.com/laurentiu-popescu/profil/spieler/271289","Goalkeeper","24","Romania","FC Brasov-SR","Liga 2","Romania",NA,TRUE,"loan transfer","Winter",NA,NA,NA,NA
"FCV Farul Constanta","SuperLiga","Romania","2021","Arrivals","Marian Aioani","https://www.transfermarkt.com/marian-aioani/profil/spieler/426724","Goalkeeper","21","Romania","Chindia","SuperLiga","Romania",60000,FALSE,NA,"Summer",37,37,0,3330
"FCV Farul Constanta","SuperLiga","Romania","2021","Arrivals","Jefté Betancor","https://www.transfermarkt.com/jefte-betancor/profil/spieler/198015","Centre-Forward","28","Spain","FC Voluntari","SuperLiga","Romania",0,FALSE,NA,"Summer",36,36,16,2632
"FCV Farul Constanta","SuperLiga","Romania","2021","Arrivals","Adrian Petre","https://www.transfermarkt.com/adrian-petre/profil/spieler/365769","Centre-Forward","23","Romania","UTA Arad","SuperLiga","Romania",0,FALSE,NA,"Summer",35,34,9,1239
"FCV Farul Constanta","SuperLiga","Romania","2021","Arrivals","Romário Pires","https://www.transfermarkt.com/romario-pires/profil/spieler/148601","Central Midfield","32","Brazil","FC Hermannstadt","Liga 2","Romania",0,FALSE,NA,"Summer",18,16,0,976
"FCV Farul Constanta","SuperLiga","Romania","2021","Arrivals","Florin Purece","https://www.transfermarkt.com/florin-purece/profil/spieler/203059","Attacking Midfield","29","Romania","Sepsi OSK","SuperLiga","Romania",0,FALSE,NA,"Summer",32,27,1,1383
"FCV Farul Constanta","SuperLiga","Romania","2021","Arrivals","Laurențiu Brănescu","https://www.transfermarkt.com/laurentiu-branescu/profil/spieler/156521","Goalkeeper","27","Romania","ACSM Poli Iasi","Liga 2","Romania",0,FALSE,NA,"Summer",35,1,0,90
"FCV Farul Constanta","SuperLiga","Romania","2021","Arrivals","Ionuț Larie","https://www.transfermarkt.com/ionut-larie/profil/spieler/46582","Centre-Back","34","Romania","Gaz Metan","SuperLiga","Romania",0,FALSE,NA,"Summer",40,40,1,3539
"FCV Farul Constanta","SuperLiga","Romania","2021","Arrivals","Enes Sali","https://www.transfermarkt.com/enes-sali/profil/spieler/875252","Left Winger","15","Romania","Academia Hagi",NA,"Romania",NA,FALSE,"-","Summer",30,20,1,644
"FCV Farul Constanta","SuperLiga","Romania","2021","Arrivals","Nicolas Popescu","https://www.transfermarkt.com/nicolas-popescu/profil/spieler/608447","Defensive Midfield","18","Romania","FCV Farul U18",NA,"Romania",NA,FALSE,"-","Summer",22,7,0,109
"FCV Farul Constanta","SuperLiga","Romania","2021","Arrivals","Eduard Radaslavescu","https://www.transfermarkt.com/eduard-radaslavescu/profil/spieler/731522","Attacking Midfield","17","Romania","FCV Farul U18",NA,"Romania",NA,FALSE,"-","Summer",30,25,1,1098
"FCV Farul Constanta","SuperLiga","Romania","2021","Arrivals","Bradley de Nooijer","https://www.transfermarkt.com/bradley-de-nooijer/profil/spieler/313741","Left-Back","23","Netherlands","Vorskla Poltava","Premier Liga","Ukraine",NA,TRUE,"End of loan Jun 30, 2021","Summer",38,38,1,3180
"FCV Farul Constanta","SuperLiga","Romania","2021","Arrivals","Marco Dulca","https://www.transfermarkt.com/marco-dulca/profil/spieler/391445","Defensive Midfield","22","Romania","Chindia","SuperLiga","Romania",NA,TRUE,"End of loan Jun 30, 2021","Summer",NA,NA,NA,NA
"FCV Farul Constanta","SuperLiga","Romania","2021","Arrivals","Árpád Tordai","https://www.transfermarkt.com/arpad-tordai/profil/spieler/271294","Goalkeeper","24","Romania","Fehérvár","NB I.","Hungary",NA,TRUE,"End of loan Jun 30, 2021","Summer",7,3,0,270
"FCV Farul Constanta","SuperLiga","Romania","2021","Arrivals","Cosmin Dur-Bozoancă","https://www.transfermarkt.com/cosmin-dur-bozoanca/profil/spieler/340976","Goalkeeper","23","Romania","U. Constanta","Liga 2","Romania",NA,TRUE,"End of loan Jun 30, 2021","Summer",2,0,0,0
"FCV Farul Constanta","SuperLiga","Romania","2021","Arrivals","Cosmin Tucaliuc","https://www.transfermarkt.com/cosmin-tucaliuc/profil/spieler/418234","Attacking Midfield","21","Romania","CS Mioveni","SuperLiga","Romania",NA,TRUE,"End of loan Aug 16, 2021","Summer",NA,NA,NA,NA
"FCV Farul Constanta","SuperLiga","Romania","2021","Arrivals","Ciprian Perju","https://www.transfermarkt.com/ciprian-perju/profil/spieler/319197","Left-Back","25","Romania","FC Buzău","Liga 2","Romania",NA,TRUE,"End of loan Jun 30, 2021","Summer",NA,NA,NA,NA
"FCV Farul Constanta","SuperLiga","Romania","2021","Arrivals","Alexandru Pop","https://www.transfermarkt.com/alexandru-pop/profil/spieler/434892","Centre-Forward","21","Romania","U Cluj","Liga 2","Romania",NA,TRUE,"End of loan Jun 30, 2021","Summer",NA,NA,NA,NA
"FCV Farul Constanta","SuperLiga","Romania","2021","Arrivals","Sebastian Agachi","https://www.transfermarkt.com/sebastian-agachi/profil/spieler/483050","Goalkeeper","20","Moldova","U. Constanta","Liga 2","Romania",NA,TRUE,"End of loan Jun 30, 2021","Summer",NA,NA,NA,NA
"FCV Farul Constanta","SuperLiga","Romania","2021","Arrivals","Antonio Vlad","https://www.transfermarkt.com/antonio-vlad/profil/spieler/547817","Centre-Back","20","Romania","CSA Steaua","Liga 2","Romania",NA,TRUE,"End of loan Jul 1, 2021","Summer",NA,NA,NA,NA
"FCV Farul Constanta","SuperLiga","Romania","2021","Arrivals","Ștefan Mușat","https://www.transfermarkt.com/stefan-musat/profil/spieler/623763","Goalkeeper","20","Romania","CSA Steaua",NA,"Romania",NA,TRUE,"End of loan Jun 30, 2021","Summer",0,0,0,0
"FCV Farul Constanta","SuperLiga","Romania","2021","Departures","Valentin Cojocaru","https://www.transfermarkt.com/valentin-cojocaru/profil/spieler/200616","Goalkeeper","25","Romania","SC Dnipro-1","Premier Liga","Ukraine",1e+05,FALSE,NA,"Summer",NA,NA,NA,NA
"FCV Farul Constanta","SuperLiga","Romania","2021","Departures","Paul Iacob","https://www.transfermarkt.com/paul-iacob/profil/spieler/303359","Centre-Back","25","Romania","Chindia","SuperLiga","Romania",0,FALSE,NA,"Summer",NA,NA,NA,NA
"FCV Farul Constanta","SuperLiga","Romania","2021","Departures","Marco Dulca","https://www.transfermarkt.com/marco-dulca/profil/spieler/391445","Defensive Midfield","22","Romania","Chindia","SuperLiga","Romania",0,FALSE,NA,"Summer",NA,NA,NA,NA
"FCV Farul Constanta","SuperLiga","Romania","2021","Departures","Jô Santos","https://www.transfermarkt.com/jo-santos/profil/spieler/237058","Right Winger","30","Brazil","Al-Riffa SC",NA,"Bahrain",0,FALSE,NA,"Summer",NA,NA,NA,NA
"FCV Farul Constanta","SuperLiga","Romania","2021","Departures","Cosmin Matei","https://www.transfermarkt.com/cosmin-matei/profil/spieler/81421","Attacking Midfield","29","Romania","FC Dinamo","SuperLiga","Romania",0,FALSE,NA,"Summer",NA,NA,NA,NA
"FCV Farul Constanta","SuperLiga","Romania","2021","Departures","Răzvan Grădinaru","https://www.transfermarkt.com/razvan-gradinaru/profil/spieler/289256","Right-Back","25","Romania","Gaz Metan","SuperLiga","Romania",0,FALSE,NA,"Summer",NA,NA,NA,NA
"FCV Farul Constanta","SuperLiga","Romania","2021","Departures","Cătălin Căbuz","https://www.transfermarkt.com/catalin-cabuz/profil/spieler/315442","Goalkeeper","25","Romania","Chindia","SuperLiga","Romania",0,FALSE,NA,"Summer",NA,NA,NA,NA
"FCV Farul Constanta","SuperLiga","Romania","2021","Departures","Jon Gaztañaga","https://www.transfermarkt.com/jon-gaztanaga/profil/spieler/66110","Central Midfield","30","Spain","CyD Leonesa","Primera Federación - Gr. I","Spain",0,FALSE,NA,"Summer",NA,NA,NA,NA
"FCV Farul Constanta","SuperLiga","Romania","2021","Departures","Juvhel Tsoumou","https://www.transfermarkt.com/juvhel-tsoumou/profil/spieler/42485","Centre-Forward","30","Congo","Wydad AC","Botola Pro Inwi","Morocco",0,FALSE,NA,"Summer",NA,NA,NA,NA
"FCV Farul Constanta","SuperLiga","Romania","2021","Departures","Marquinhos Pedroso","https://www.transfermarkt.com/marquinhos-pedroso/profil/spieler/218352","Left-Back","27","Brazil","Liepaja","Virsliga","Latvia",0,FALSE,NA,"Summer",NA,NA,NA,NA
"FCV Farul Constanta","SuperLiga","Romania","2021","Departures","Árpád Tordai","https://www.transfermarkt.com/arpad-tordai/profil/spieler/271294","Goalkeeper","24","Romania","Mezőkövesd","NB I.","Hungary",0,FALSE,NA,"Summer",7,3,0,270
"FCV Farul Constanta","SuperLiga","Romania","2021","Departures","David Babunski","https://www.transfermarkt.com/david-babunski/profil/spieler/133628","Central Midfield","27","North Macedonia","Debrecen","NB I.","Hungary",0,FALSE,NA,"Summer",NA,NA,NA,NA
"FCV Farul Constanta","SuperLiga","Romania","2021","Departures","Ciprian Perju","https://www.transfermarkt.com/ciprian-perju/profil/spieler/319197","Left-Back","25","Romania","Unirea Slobozia","Liga 2","Romania",0,FALSE,NA,"Summer",NA,NA,NA,NA
"FCV Farul Constanta","SuperLiga","Romania","2021","Departures","Robert Neciu","https://www.transfermarkt.com/robert-neciu/profil/spieler/319240","Left-Back","22","Romania","FC Botosani","SuperLiga","Romania",0,FALSE,NA,"Summer",NA,NA,NA,NA
"FCV Farul Constanta","SuperLiga","Romania","2021","Departures","Alexandru Iulian Stoica","https://www.transfermarkt.com/alexandru-iulian-stoica/profil/spieler/271291","Right Winger","24","Romania","D. Calarasi","Liga 2","Romania",0,FALSE,NA,"Summer",NA,NA,NA,NA
"FCV Farul Constanta","SuperLiga","Romania","2021","Departures","Sebastian Agachi","https://www.transfermarkt.com/sebastian-agachi/profil/spieler/483050","Goalkeeper","20","Moldova","Balti","Super Liga","Moldova",0,FALSE,NA,"Summer",NA,NA,NA,NA
"FCV Farul Constanta","SuperLiga","Romania","2021","Departures","Alexandru Crivac","https://www.transfermarkt.com/alexandru-crivac/profil/spieler/568577","Defensive Midfield","19","Romania","FC Arges","SuperLiga","Romania",0,FALSE,NA,"Summer",NA,NA,NA,NA
"FCV Farul Constanta","SuperLiga","Romania","2021","Departures","Tiberiu Căpușă","https://www.transfermarkt.com/tiberiu-capusa/profil/spieler/340978","Centre-Back","23","Romania","Chindia","SuperLiga","Romania",NA,FALSE,"?","Summer",NA,NA,NA,NA
"FCV Farul Constanta","SuperLiga","Romania","2021","Departures","Cosmin Tucaliuc","https://www.transfermarkt.com/cosmin-tucaliuc/profil/spieler/418234","Attacking Midfield","21","Romania","CS Mioveni","SuperLiga","Romania",NA,TRUE,"loan transfer","Summer",NA,NA,NA,NA
"FCV Farul Constanta","SuperLiga","Romania","2021","Departures","Cosmin Tucaliuc","https://www.transfermarkt.com/cosmin-tucaliuc/profil/spieler/418234","Attacking Midfield","21","Romania","Petrolul","Liga 2","Romania",NA,TRUE,"loan transfer","Summer",NA,NA,NA,NA
"FCV Farul Constanta","SuperLiga","Romania","2021","Departures","Gabriel Nedelea","https://www.transfermarkt.com/gabriel-nedelea/profil/spieler/464280","Left-Back","21","Romania","Otelul Galati",NA,"Romania",NA,TRUE,"loan transfer","Summer",NA,NA,NA,NA
"FCV Farul Constanta","SuperLiga","Romania","2021","Departures","Florian Haită","https://www.transfermarkt.com/florian-haita/profil/spieler/675514","Right Winger","20","Romania","U Cluj","Liga 2","Romania",NA,TRUE,"loan transfer","Summer",NA,NA,NA,NA
"FCV Farul Constanta","SuperLiga","Romania","2021","Departures","Alexandru Pop","https://www.transfermarkt.com/alexandru-pop/profil/spieler/434892","Centre-Forward","21","Romania","Unirea Dej","Liga 2","Romania",NA,TRUE,"loan transfer","Summer",NA,NA,NA,NA
"FCV Farul Constanta","SuperLiga","Romania","2021","Departures","Răzvan Matiș","https://www.transfermarkt.com/razvan-matis/profil/spieler/547785","Left Winger","20","Romania","Chindia","SuperLiga","Romania",NA,TRUE,"loan transfer","Summer",NA,NA,NA,NA
"FCV Farul Constanta","SuperLiga","Romania","2021","Departures","Antonio Vlad","https://www.transfermarkt.com/antonio-vlad/profil/spieler/547817","Centre-Back","20","Romania","Corvinul",NA,"Romania",NA,TRUE,"loan transfer","Summer",NA,NA,NA,NA
"FCV Farul Constanta","SuperLiga","Romania","2021","Departures","Cosmin Dur-Bozoancă","https://www.transfermarkt.com/cosmin-dur-bozoanca/profil/spieler/340976","Goalkeeper","23","Romania","Without Club",NA,NA,NA,FALSE,"-","Summer",2,0,0,0
"FCV Farul Constanta","SuperLiga","Romania","2021","Departures","Alexandru Șerban","https://www.transfermarkt.com/alexandru-serban/profil/spieler/547850","Goalkeeper","19","Romania","FCV Farul II",NA,"Romania",NA,FALSE,"-","Summer",NA,NA,NA,NA
"FCV Farul Constanta","SuperLiga","Romania","2021","Departures","Sabin Stănciulescu","https://www.transfermarkt.com/sabin-stanciulescu/profil/spieler/724114","Goalkeeper","18","Romania","FCV Farul II",NA,"Romania",NA,FALSE,"-","Summer",NA,NA,NA,NA
"FCV Farul Constanta","SuperLiga","Romania","2021","Departures","Romario Benzar","https://www.transfermarkt.com/romario-benzar/profil/spieler/164231","Right-Back","29","Romania","Lecce","Serie B","Italy",NA,TRUE,"End of loan Jun 30, 2021","Summer",NA,NA,NA,NA
"FCV Farul Constanta","SuperLiga","Romania","2021","Departures","Artur Crăciun","https://www.transfermarkt.com/artur-craciun/profil/spieler/464878","Centre-Back","22","Moldova","Honvéd","NB I.","Hungary",NA,TRUE,"End of loan Mar 9, 2021","Summer",NA,NA,NA,NA
"FCV Farul Constanta","SuperLiga","Romania","2021","Arrivals","Michael Omoh","https://www.transfermarkt.com/michael-omoh/profil/spieler/210536","Attacking Midfield","30","Nigeria","Ac. Clinceni","SuperLiga","Romania",0,FALSE,NA,"Winter",14,12,2,626
"FCV Farul Constanta","SuperLiga","Romania","2021","Arrivals","Robert Moldoveanu","https://www.transfermarkt.com/robert-moldoveanu/profil/spieler/319235","Right Winger","22","Romania","FC Dinamo","SuperLiga","Romania",0,FALSE,NA,"Winter",19,16,2,586
"FCV Farul Constanta","SuperLiga","Romania","2021","Arrivals","Gabriel Iancu","https://www.transfermarkt.com/gabriel-iancu/profil/spieler/164254","Centre-Forward","27","Romania","Akhmat Grozny","Premier Liga","Russia",NA,TRUE,"loan transfer","Winter",11,11,1,547
"FCV Farul Constanta","SuperLiga","Romania","2021","Arrivals","Dragoș Nedelcu","https://www.transfermarkt.com/dragos-nedelcu/profil/spieler/295868","Defensive Midfield","24","Romania","FCSB","SuperLiga","Romania",NA,TRUE,"loan transfer","Winter",15,15,2,935
"FCV Farul Constanta","SuperLiga","Romania","2021","Arrivals","Eduard Radaslavescu","https://www.transfermarkt.com/eduard-radaslavescu/profil/spieler/731522","Attacking Midfield","17","Romania","FCV Farul U18",NA,"Romania",NA,FALSE,"-","Winter",30,25,1,1098
"FCV Farul Constanta","SuperLiga","Romania","2021","Arrivals","Dan Sîrbu","https://www.transfermarkt.com/dan-sirbu/profil/spieler/666463","Right-Back","18","Romania","FCV Farul II",NA,"Romania",NA,FALSE,"-","Winter",6,4,0,45
"FCV Farul Constanta","SuperLiga","Romania","2021","Arrivals","Răzvan Matiș","https://www.transfermarkt.com/razvan-matis/profil/spieler/547785","Left Winger","21","Romania","Chindia","SuperLiga","Romania",NA,TRUE,"End of loan Feb 1, 2022","Winter",NA,NA,NA,NA
"FCV Farul Constanta","SuperLiga","Romania","2021","Departures","Virgil Ghiță","https://www.transfermarkt.com/virgil-ghita/profil/spieler/340977","Centre-Back","23","Romania","Cracovia","Ekstraklasa","Poland",1200000,FALSE,NA,"Winter",25,25,2,2205
"FCV Farul Constanta","SuperLiga","Romania","2021","Departures","Alin Dobrosavlevici","https://www.transfermarkt.com/alin-dobrosavlevici/profil/spieler/213589","Centre-Back","27","Romania","FC Arges","SuperLiga","Romania",0,FALSE,NA,"Winter",19,10,0,422
"FCV Farul Constanta","SuperLiga","Romania","2021","Departures","Aurelian Chițu","https://www.transfermarkt.com/aurelian-chitu/profil/spieler/164236","Centre-Forward","30","Romania","FC U Craiova","SuperLiga","Romania",0,FALSE,NA,"Winter",17,14,0,705
"FCV Farul Constanta","SuperLiga","Romania","2021","Departures","Ely Fernandes","https://www.transfermarkt.com/ely-fernandes/profil/spieler/292488","Left Winger","31","Cape Verde","U Cluj","Liga 2","Romania",0,FALSE,NA,"Winter",13,10,0,395
"FCV Farul Constanta","SuperLiga","Romania","2021","Departures","Romário Pires","https://www.transfermarkt.com/romario-pires/profil/spieler/148601","Central Midfield","33","Brazil","U Cluj","Liga 2","Romania",NA,FALSE,"?","Winter",18,16,0,976
"FCV Farul Constanta","SuperLiga","Romania","2021","Departures","George Ganea","https://www.transfermarkt.com/george-ganea/profil/spieler/335821","Left Winger","22","Romania","FC Arges","SuperLiga","Romania",NA,TRUE,"loan transfer","Winter",15,14,2,677
"FCV Farul Constanta","SuperLiga","Romania","2021","Departures","Răzvan Matiș","https://www.transfermarkt.com/razvan-matis/profil/spieler/547785","Left Winger","21","Romania","Concordia","Liga 2","Romania",NA,TRUE,"loan transfer","Winter",NA,NA,NA,NA
"FCV Farul Constanta","SuperLiga","Romania","2021","Departures","Carlo Casap","https://www.transfermarkt.com/carlo-casap/profil/spieler/340981","Central Midfield","23","Romania","Concordia","Liga 2","Romania",NA,TRUE,"loan transfer","Winter",1,0,0,0
"FC Botosani","SuperLiga","Romania","2021","Arrivals","Joyskim Dawa","https://www.transfermarkt.com/joyskim-dawa/profil/spieler/569743","Centre-Back","25","Cameroon","Valmiera","Virsliga","Latvia",0,FALSE,NA,"Summer",32,32,4,2781
"FC Botosani","SuperLiga","Romania","2021","Arrivals","Andrei Dragu","https://www.transfermarkt.com/andrei-dragu/profil/spieler/536129","Left Midfield","21","Romania","Viitorul Tg.Jiu","Liga 2","Romania",0,FALSE,NA,"Summer",32,13,0,718
"FC Botosani","SuperLiga","Romania","2021","Arrivals","Maecky Ngombo","https://www.transfermarkt.com/maecky-ngombo/profil/spieler/403839","Centre-Forward","26","Belgium","Without Club",NA,NA,0,FALSE,NA,"Summer",NA,NA,NA,NA
"FC Botosani","SuperLiga","Romania","2021","Arrivals","Hervé Kage","https://www.transfermarkt.com/herve-kage/profil/spieler/42731","Left Winger","32","DR Congo","Hesperange","BGL Ligue","Luxembourg",0,FALSE,NA,"Summer",18,14,3,766
"FC Botosani","SuperLiga","Romania","2021","Arrivals","Petar Petkovski","https://www.transfermarkt.com/petar-petkovski/profil/spieler/343358","Left Winger","24","North Macedonia","Rabotnicki","Prva liga","North Macedonia",0,FALSE,NA,"Summer",30,16,1,576
"FC Botosani","SuperLiga","Romania","2021","Arrivals","Richard Sila","https://www.transfermarkt.com/richard-sila/profil/spieler/562005","Centre-Forward","23","France","Paris FC","Ligue 2","France",0,FALSE,NA,"Summer",16,14,0,748
"FC Botosani","SuperLiga","Romania","2021","Arrivals","Paul Mensah","https://www.transfermarkt.com/paul-mensah/profil/spieler/598541","Attacking Midfield","21","Ghana","SV Kapfenberg","2. Liga","Austria",0,FALSE,NA,"Summer",2,2,0,88
"FC Botosani","SuperLiga","Romania","2021","Arrivals","Jucie Lupeta","https://www.transfermarkt.com/jucie-lupeta/profil/spieler/269927","Centre-Forward","28","Portugal","FC Arges","SuperLiga","Romania",0,FALSE,NA,"Summer",21,16,1,302
"FC Botosani","SuperLiga","Romania","2021","Arrivals","Robert Neciu","https://www.transfermarkt.com/robert-neciu/profil/spieler/319240","Left-Back","22","Romania","FCV Farul","SuperLiga","Romania",0,FALSE,NA,"Summer",6,3,0,68
"FC Botosani","SuperLiga","Romania","2021","Arrivals","Martin Remacle","https://www.transfermarkt.com/martin-remacle/profil/spieler/309847","Defensive Midfield","24","Belgium","FC Voluntari","SuperLiga","Romania",0,FALSE,NA,"Summer",6,2,0,46
"FC Botosani","SuperLiga","Romania","2021","Arrivals","Mateus Santos","https://www.transfermarkt.com/mateus-santos/profil/spieler/537599","Right Winger","22","Brazil","São Bento (SP)","Campeonato Paulista","Brazil",0,FALSE,NA,"Summer",32,25,2,1255
"FC Botosani","SuperLiga","Romania","2021","Arrivals","Sebastian Nechita","https://www.transfermarkt.com/sebastian-nechita/profil/spieler/608446","Central Midfield","18","Romania","Unknown",NA,NA,0,FALSE,NA,"Summer",NA,NA,NA,NA
"FC Botosani","SuperLiga","Romania","2021","Arrivals","Jajá","https://www.transfermarkt.com/jaja/profil/spieler/726092","Left Winger","22","Brazil","Boavista",NA,"Brazil",NA,TRUE,"loan transfer","Summer",31,27,5,1609
"FC Botosani","SuperLiga","Romania","2021","Arrivals","Brayan Torres","https://www.transfermarkt.com/brayan-torres/profil/spieler/664927","Left Winger","23","Colombia","Without Club",NA,NA,NA,FALSE,"-","Summer",2,1,0,26
"FC Botosani","SuperLiga","Romania","2021","Arrivals","Bogdan Filip","https://www.transfermarkt.com/bogdan-filip/profil/spieler/832833","Central Midfield","21","Romania","FC Botosani II",NA,"Romania",NA,FALSE,"-","Summer",4,0,0,0
"FC Botosani","SuperLiga","Romania","2021","Arrivals","Bryan Mendoza","https://www.transfermarkt.com/bryan-mendoza/profil/spieler/690820","Right-Back","28","Argentina","Comuna Recea","Liga 2","Romania",NA,TRUE,"End of loan Jun 30, 2021","Summer",NA,NA,NA,NA
"FC Botosani","SuperLiga","Romania","2021","Arrivals","Ianos Brinza","https://www.transfermarkt.com/ianos-brinza/profil/spieler/556245","Goalkeeper","22","Moldova","ACSM Poli Iasi","SuperLiga","Romania",NA,TRUE,"End of loan Jun 30, 2021","Summer",NA,NA,NA,NA
"FC Botosani","SuperLiga","Romania","2021","Arrivals","Bogdan Melinte","https://www.transfermarkt.com/bogdan-melinte/profil/spieler/830290","Right Winger","22","Romania","Minaur",NA,"Romania",NA,TRUE,"End of loan Jun 30, 2021","Summer",NA,NA,NA,NA
"FC Botosani","SuperLiga","Romania","2021","Departures","Ulrich Meleke","https://www.transfermarkt.com/ulrich-meleke/profil/spieler/581447","Defensive Midfield","22","Cote d'Ivoire","CFR Cluj","SuperLiga","Romania",250000,FALSE,NA,"Summer",NA,NA,NA,NA
"FC Botosani","SuperLiga","Romania","2021","Departures","Andrei Chindriș","https://www.transfermarkt.com/andrei-chindris/profil/spieler/435731","Centre-Back","22","Romania","Santa Clara","Liga Portugal","Portugal",220000,FALSE,NA,"Summer",5,5,1,281
"FC Botosani","SuperLiga","Romania","2021","Departures","Mahmoud Al-Mawas","https://www.transfermarkt.com/mahmoud-al-mawas/profil/spieler/380348","Right Winger","28","Syria","Al-Shorta",NA,"Iraq",1e+05,FALSE,NA,"Summer",NA,NA,NA,NA
"FC Botosani","SuperLiga","Romania","2021","Departures","Hamidou Keyta","https://www.transfermarkt.com/hamidou-keyta/profil/spieler/419293","Left Winger","26","France","Santa Clara","Liga Portugal","Portugal",0,FALSE,NA,"Summer",NA,NA,NA,NA
"FC Botosani","SuperLiga","Romania","2021","Departures","Jonathan Rodríguez","https://www.transfermarkt.com/jonathan-rodriguez/profil/spieler/537768","Central Midfield","31","Argentina","CFR Cluj","SuperLiga","Romania",0,FALSE,NA,"Summer",NA,NA,NA,NA
"FC Botosani","SuperLiga","Romania","2021","Departures","Stefan Ashkovski","https://www.transfermarkt.com/stefan-ashkovski/profil/spieler/134458","Left Midfield","29","North Macedonia","Sepsi OSK","SuperLiga","Romania",0,FALSE,NA,"Summer",NA,NA,NA,NA
"FC Botosani","SuperLiga","Romania","2021","Departures","Hidajet Hankic","https://www.transfermarkt.com/hidajet-hankic/profil/spieler/156680","Goalkeeper","27","Bosnia-Herzegovina","Botev Plovdiv","efbet Liga","Bulgaria",0,FALSE,NA,"Summer",NA,NA,NA,NA
"FC Botosani","SuperLiga","Romania","2021","Departures","Marcel Holzmann","https://www.transfermarkt.com/marcel-holzmann/profil/spieler/54847","Left-Back","30","Austria","Ac. Clinceni","SuperLiga","Romania",0,FALSE,NA,"Summer",NA,NA,NA,NA
"FC Botosani","SuperLiga","Romania","2021","Departures","Bryan Mendoza","https://www.transfermarkt.com/bryan-mendoza/profil/spieler/690820","Right-Back","28","Argentina","Petrolul","Liga 2","Romania",0,FALSE,NA,"Summer",NA,NA,NA,NA
"FC Botosani","SuperLiga","Romania","2021","Departures","Florin Plămadă","https://www.transfermarkt.com/florin-plamada/profil/spieler/241574","Centre-Back","29","Romania","ACSM Poli Iasi","Liga 2","Romania",0,FALSE,NA,"Summer",NA,NA,NA,NA
"FC Botosani","SuperLiga","Romania","2021","Departures","Marian Târșă","https://www.transfermarkt.com/marian-tarsa/profil/spieler/412738","Central Midfield","23","Romania","ACSM Poli Iasi","Liga 2","Romania",0,FALSE,NA,"Summer",NA,NA,NA,NA
"FC Botosani","SuperLiga","Romania","2021","Departures","Ianos Brinza","https://www.transfermarkt.com/ianos-brinza/profil/spieler/556245","Goalkeeper","22","Moldova","ACSM Poli Iasi","Liga 2","Romania",NA,FALSE,"?","Summer",NA,NA,NA,NA
"FC Botosani","SuperLiga","Romania","2021","Departures","Sekou Camara","https://www.transfermarkt.com/sekou-camara/profil/spieler/486537","Centre-Forward","24","Guinea","ACSM Poli Iasi","Liga 2","Romania",NA,TRUE,"loan transfer","Summer",1,1,0,1
"FC Botosani","SuperLiga","Romania","2021","Departures","Brayan Torres","https://www.transfermarkt.com/brayan-torres/profil/spieler/664927","Left Winger","23","Colombia","ACSM Poli Iasi","Liga 2","Romania",NA,TRUE,"loan transfer","Summer",2,1,0,26
"FC Botosani","SuperLiga","Romania","2021","Departures","Bogdan Melinte","https://www.transfermarkt.com/bogdan-melinte/profil/spieler/830290","Right Winger","22","Romania","Dante Botosani",NA,"Romania",NA,TRUE,"loan transfer","Summer",NA,NA,NA,NA
"FC Botosani","SuperLiga","Romania","2021","Departures","Maecky Ngombo","https://www.transfermarkt.com/maecky-ngombo/profil/spieler/403839","Centre-Forward","26","Belgium","Without Club",NA,NA,NA,FALSE,"-","Summer",NA,NA,NA,NA
"FC Botosani","SuperLiga","Romania","2021","Departures","Youssef Toutouh","https://www.transfermarkt.com/youssef-toutouh/profil/spieler/164658","Left Winger","28","Denmark","Without Club",NA,NA,NA,FALSE,"-","Summer",NA,NA,NA,NA
"FC Botosani","SuperLiga","Romania","2021","Arrivals","Victor Dican","https://www.transfermarkt.com/victor-dican/profil/spieler/568540","Defensive Midfield","21","Romania","U Cluj","Liga 2","Romania",1e+05,FALSE,NA,"Winter",18,18,2,1554
"FC Botosani","SuperLiga","Romania","2021","Arrivals","Sebastian Mailat","https://www.transfermarkt.com/sebastian-mailat/profil/spieler/364697","Left Winger","24","Romania","CFR Cluj","SuperLiga","Romania",0,FALSE,NA,"Winter",19,18,1,1062
"FC Botosani","SuperLiga","Romania","2021","Arrivals","Sergej Grubac","https://www.transfermarkt.com/sergej-grubac/profil/spieler/429318","Centre-Forward","21","Montenegro","Without Club",NA,NA,0,FALSE,NA,"Winter",3,3,0,38
"FC Botosani","SuperLiga","Romania","2021","Arrivals","Mihai Roman","https://www.transfermarkt.com/mihai-roman/profil/spieler/135566","Centre-Forward","29","Romania","CS U Craiova","SuperLiga","Romania",0,FALSE,NA,"Winter",19,19,9,1558
"FC Botosani","SuperLiga","Romania","2021","Arrivals","Mihai Roman","https://www.transfermarkt.com/mihai-roman/profil/spieler/135566","Centre-Forward","29","Romania","CS U Craiova","SuperLiga","Romania",0,FALSE,NA,"Winter",28,20,2,704
"FC Botosani","SuperLiga","Romania","2021","Arrivals","Terrence Tisdell","https://www.transfermarkt.com/terrence-tisdell/profil/spieler/482586","Right Winger","23","Liberia","Kocaelispor","1.Lig","Türkiye",0,FALSE,NA,"Winter",6,5,0,110
"FC Botosani","SuperLiga","Romania","2021","Arrivals","Denis Haruț","https://www.transfermarkt.com/denis-harut/profil/spieler/412641","Centre-Back","22","Romania","FCSB","SuperLiga","Romania",NA,TRUE,"loan transfer","Winter",15,14,1,1243
"FC Botosani","SuperLiga","Romania","2021","Arrivals","Gabriel David","https://www.transfermarkt.com/gabriel-david/profil/spieler/976856","Central Midfield","18","Romania","FC Botosani U18",NA,"Romania",NA,FALSE,"-","Winter",5,1,0,21
"FC Botosani","SuperLiga","Romania","2021","Arrivals","Brayan Torres","https://www.transfermarkt.com/brayan-torres/profil/spieler/664927","Left Winger","23","Colombia","ACSM Poli Iasi","Liga 2","Romania",NA,TRUE,"End of loan Jan 1, 2022","Winter",2,1,0,26
"FC Botosani","SuperLiga","Romania","2021","Arrivals","Bogdan Melinte","https://www.transfermarkt.com/bogdan-melinte/profil/spieler/830290","Right Winger","23","Romania","Dante Botosani",NA,"Romania",NA,TRUE,"End of loan Dec 31, 2021","Winter",NA,NA,NA,NA
"FC Botosani","SuperLiga","Romania","2021","Departures","Bogdan Racovițan","https://www.transfermarkt.com/bogdan-racovitan/profil/spieler/804134","Centre-Back","21","Romania","Raków","Ekstraklasa","Poland",6e+05,FALSE,NA,"Winter",23,23,1,2034
"FC Botosani","SuperLiga","Romania","2021","Departures","Malcom Edjouma","https://www.transfermarkt.com/malcom-edjouma/profil/spieler/468704","Central Midfield","25","Morocco","FCSB","SuperLiga","Romania",330000,FALSE,NA,"Winter",23,23,4,1965
"FC Botosani","SuperLiga","Romania","2021","Departures","Hervin Ongenda","https://www.transfermarkt.com/hervin-ongenda/profil/spieler/182910","Attacking Midfield","26","France","Apol. Limassol","Cyprus League","Cyprus",25000,FALSE,NA,"Winter",22,21,3,1752
"FC Botosani","SuperLiga","Romania","2021","Departures","Richard Sila","https://www.transfermarkt.com/richard-sila/profil/spieler/562005","Centre-Forward","23","France","Chindia","SuperLiga","Romania",0,FALSE,NA,"Winter",16,14,0,748
"FC Botosani","SuperLiga","Romania","2021","Departures","David Duțu","https://www.transfermarkt.com/david-dutu/profil/spieler/535462","Goalkeeper","21","Romania","Minaur",NA,"Romania",0,FALSE,NA,"Winter",NA,NA,NA,NA
"FC Botosani","SuperLiga","Romania","2021","Departures","Hervé Kage","https://www.transfermarkt.com/herve-kage/profil/spieler/42731","Left Winger","32","DR Congo","RE Virton","Challenger Pro League","Belgium",NA,FALSE,"?","Winter",18,14,3,766
"FC Botosani","SuperLiga","Romania","2021","Departures","Paul Mensah","https://www.transfermarkt.com/paul-mensah/profil/spieler/598541","Attacking Midfield","22","Ghana","Blau Weiss Linz","2. Liga","Austria",NA,FALSE,"?","Winter",2,2,0,88
"FC Botosani","SuperLiga","Romania","2021","Departures","Martin Remacle","https://www.transfermarkt.com/martin-remacle/profil/spieler/309847","Defensive Midfield","24","Belgium","U Cluj","Liga 2","Romania",NA,TRUE,"loan transfer","Winter",6,2,0,46
"FC Botosani","SuperLiga","Romania","2021","Departures","Bogdan Melinte","https://www.transfermarkt.com/bogdan-melinte/profil/spieler/830290","Right Winger","23","Romania","S. Darabani",NA,"Romania",NA,TRUE,"loan transfer","Winter",NA,NA,NA,NA
"FC Botosani","SuperLiga","Romania","2021","Departures","Adrian Moescu","https://www.transfermarkt.com/adrian-moescu/profil/spieler/706943","Centre-Back","20","Romania","Dante Botosani",NA,"Romania",NA,TRUE,"loan transfer","Winter",1,0,0,0
"FC Botosani","SuperLiga","Romania","2021","Departures","Brayan Torres","https://www.transfermarkt.com/brayan-torres/profil/spieler/664927","Left Winger","23","Colombia","FC Botosani II",NA,"Romania",NA,FALSE,"-","Winter",2,1,0,26
"Sepsi OSK Sf. Gheorghe","Liga 2","Romania","2021","Arrivals","Vitalie Damaşcan","https://www.transfermarkt.com/vitalie-damascan/profil/spieler/354136","Centre-Forward","22","Moldova","Torino","Serie A","Italy",0,FALSE,NA,"Summer",31,21,2,805
"Sepsi OSK Sf. Gheorghe","Liga 2","Romania","2021","Arrivals","Cristian Bărbuţ","https://www.transfermarkt.com/cristian-barbut/profil/spieler/262108","Right Winger","26","Romania","CS U Craiova","SuperLiga","Romania",0,FALSE,NA,"Summer",36,33,1,1882
"Sepsi OSK Sf. Gheorghe","Liga 2","Romania","2021","Arrivals","Stefan Ashkovski","https://www.transfermarkt.com/stefan-ashkovski/profil/spieler/134458","Left Midfield","29","North Macedonia","FC Botosani","SuperLiga","Romania",0,FALSE,NA,"Summer",44,41,2,1793
"Sepsi OSK Sf. Gheorghe","Liga 2","Romania","2021","Arrivals","Tsvetelin Chunchukov","https://www.transfermarkt.com/tsvetelin-chunchukov/profil/spieler/274666","Centre-Forward","26","Bulgaria","Slavia Sofia","efbet Liga","Bulgaria",0,FALSE,NA,"Summer",25,23,1,1211
"Sepsi OSK Sf. Gheorghe","Liga 2","Romania","2021","Arrivals","Cătălin Golofca","https://www.transfermarkt.com/catalin-golofca/profil/spieler/241234","Right Winger","31","Romania","CFR Cluj","SuperLiga","Romania",0,FALSE,NA,"Summer",39,35,3,1566
"Sepsi OSK Sf. Gheorghe","Liga 2","Romania","2021","Arrivals","Hugo Sousa","https://www.transfermarkt.com/hugo-sousa/profil/spieler/187908","Centre-Back","29","Portugal","Astra Giurgiu","Liga 2","Romania",0,FALSE,NA,"Summer",16,8,0,571
"Sepsi OSK Sf. Gheorghe","Liga 2","Romania","2021","Arrivals","Răzvan Began","https://www.transfermarkt.com/razvan-began/profil/spieler/333376","Goalkeeper","24","Romania","D. Calarasi","Liga 2","Romania",0,FALSE,NA,"Summer",41,5,0,408
"Sepsi OSK Sf. Gheorghe","Liga 2","Romania","2021","Arrivals","Petar Bojic","https://www.transfermarkt.com/petar-bojic/profil/spieler/162985","Centre-Forward","29","Serbia","Vojvodina","Super liga Srbije","Serbia",NA,FALSE,"?","Summer",22,16,1,520
"Sepsi OSK Sf. Gheorghe","Liga 2","Romania","2021","Arrivals","Rajko Rep","https://www.transfermarkt.com/rajko-rep/profil/spieler/80525","Attacking Midfield","31","Slovenia","TSV Hartberg","Bundesliga","Austria",NA,FALSE,"?","Summer",6,5,1,326
"Sepsi OSK Sf. Gheorghe","Liga 2","Romania","2021","Arrivals","Kevin Brobbey","https://www.transfermarkt.com/kevin-brobbey/profil/spieler/187290","Centre-Forward","28","Netherlands","Kayserispor","Süper Lig","Türkiye",NA,TRUE,"loan transfer","Summer",33,31,6,1698
"Sepsi OSK Sf. Gheorghe","Liga 2","Romania","2021","Arrivals","Rareș Ispas","https://www.transfermarkt.com/rares-ispas/profil/spieler/634317","Left-Back","20","Romania","CFR Cluj","SuperLiga","Romania",NA,TRUE,"loan transfer","Summer",45,29,0,2109
"Sepsi OSK Sf. Gheorghe","Liga 2","Romania","2021","Arrivals","János Botorok","https://www.transfermarkt.com/janos-botorok/profil/spieler/809020","Right Winger","19","Romania","FK Csikszereda","Liga 2","Romania",NA,TRUE,"loan transfer","Summer",1,0,0,0
"Sepsi OSK Sf. Gheorghe","Liga 2","Romania","2021","Arrivals","Nicolae Păun","https://www.transfermarkt.com/nicolae-paun/profil/spieler/860352","Defensive Midfield","22","Romania","Sepsi OSK II",NA,"Romania",NA,FALSE,"-","Summer",39,37,2,2754
"Sepsi OSK Sf. Gheorghe","Liga 2","Romania","2021","Arrivals","Hunor Gedő","https://www.transfermarkt.com/hunor-gedo/profil/spieler/911335","Goalkeeper","17","Romania","Sepsi U19",NA,"Romania",NA,FALSE,"-","Summer",11,1,0,3
"Sepsi OSK Sf. Gheorghe","Liga 2","Romania","2021","Arrivals","Béla Fejér","https://www.transfermarkt.com/bela-fejer/profil/spieler/315257","Goalkeeper","26","Romania","Nyíregyháza","NB II.","Hungary",NA,TRUE,"End of loan Jun 30, 2021","Summer",NA,NA,NA,NA
"Sepsi OSK Sf. Gheorghe","Liga 2","Romania","2021","Arrivals","Vlad Mitrea","https://www.transfermarkt.com/vlad-mitrea/profil/spieler/484029","Central Midfield","20","Romania","Petrolul","Liga 2","Romania",NA,TRUE,"End of loan Jun 30, 2021","Summer",NA,NA,NA,NA
"Sepsi OSK Sf. Gheorghe","Liga 2","Romania","2021","Departures","Pavol Safranko","https://www.transfermarkt.com/pavol-safranko/profil/spieler/366937","Centre-Forward","26","Slovakia","Sundowns","Betway Premiership","South Africa",7e+05,FALSE,NA,"Summer",NA,NA,NA,NA
"Sepsi OSK Sf. Gheorghe","Liga 2","Romania","2021","Departures","Andrei Dumiter","https://www.transfermarkt.com/andrei-dumiter/profil/spieler/466722","Centre-Forward","22","Romania","FCSB","SuperLiga","Romania",350000,FALSE,NA,"Summer",1,1,0,9
"Sepsi OSK Sf. Gheorghe","Liga 2","Romania","2021","Departures","Claudiu Petrila","https://www.transfermarkt.com/claudiu-petrila/profil/spieler/623424","Left Winger","20","Romania","CFR Cluj","SuperLiga","Romania",NA,TRUE,"End of loan Jun 30, 2021","Summer",NA,NA,NA,NA
"Sepsi OSK Sf. Gheorghe","Liga 2","Romania","2021","Departures","Florin Ștefan","https://www.transfermarkt.com/florin-stefan/profil/spieler/320637","Left-Back","25","Romania","CFR Cluj","SuperLiga","Romania",0,FALSE,NA,"Summer",NA,NA,NA,NA
"Sepsi OSK Sf. Gheorghe","Liga 2","Romania","2021","Departures","Rachid Bouhenna","https://www.transfermarkt.com/rachid-bouhenna/profil/spieler/194790","Centre-Back","30","Algeria","CFR Cluj","SuperLiga","Romania",0,FALSE,NA,"Summer",NA,NA,NA,NA
"Sepsi OSK Sf. Gheorghe","Liga 2","Romania","2021","Departures","Florin Purece","https://www.transfermarkt.com/florin-purece/profil/spieler/203059","Attacking Midfield","29","Romania","FCV Farul","SuperLiga","Romania",0,FALSE,NA,"Summer",NA,NA,NA,NA
"Sepsi OSK Sf. Gheorghe","Liga 2","Romania","2021","Departures","Bryan Nouvier","https://www.transfermarkt.com/bryan-nouvier/profil/spieler/344889","Central Midfield","26","France","Jeunesse Esch","BGL Ligue","Luxembourg",0,FALSE,NA,"Summer",NA,NA,NA,NA
"Sepsi OSK Sf. Gheorghe","Liga 2","Romania","2021","Departures","Jesús Fernández","https://www.transfermarkt.com/jesus-fernandez/profil/spieler/91885","Goalkeeper","33","Spain","Hércules CF","Segunda Federación - Gr. V","Spain",0,FALSE,NA,"Summer",NA,NA,NA,NA
"Sepsi OSK Sf. Gheorghe","Liga 2","Romania","2021","Departures","Admir Bajrovic","https://www.transfermarkt.com/admir-bajrovic/profil/spieler/222556","Centre-Forward","25","Sweden","PAE Chania","Super League 2","Greece",0,FALSE,NA,"Summer",NA,NA,NA,NA
"Sepsi OSK Sf. Gheorghe","Liga 2","Romania","2021","Departures","Tomás Díaz","https://www.transfermarkt.com/tomas-diaz/profil/spieler/741999","Left Winger","24","Argentina","Talleres RE",NA,"Argentina",0,FALSE,NA,"Summer",NA,NA,NA,NA
"Sepsi OSK Sf. Gheorghe","Liga 2","Romania","2021","Departures","Simone Rapp","https://www.transfermarkt.com/simone-rapp/profil/spieler/154635","Centre-Forward","28","Switzerland","FC Vaduz","Challenge League","Liechtenstein",0,FALSE,NA,"Summer",NA,NA,NA,NA
"Sepsi OSK Sf. Gheorghe","Liga 2","Romania","2021","Departures","Peter Gal-Andrezly","https://www.transfermarkt.com/peter-gal-andrezly/profil/spieler/90872","Left Midfield","31","Slovakia","FK Csikszereda","Liga 2","Romania",0,FALSE,NA,"Summer",NA,NA,NA,NA
"Sepsi OSK Sf. Gheorghe","Liga 2","Romania","2021","Departures","Béla Fejér","https://www.transfermarkt.com/bela-fejer/profil/spieler/315257","Goalkeeper","26","Romania","Nyíregyháza","NB II.","Hungary",NA,FALSE,"?","Summer",NA,NA,NA,NA
"Sepsi OSK Sf. Gheorghe","Liga 2","Romania","2021","Departures","Lóránt Kovács","https://www.transfermarkt.com/lorant-kovacs/profil/spieler/272527","Defensive Midfield","28","Romania","FK Csikszereda","Liga 2","Romania",NA,TRUE,"loan transfer","Summer",NA,NA,NA,NA
"Sepsi OSK Sf. Gheorghe","Liga 2","Romania","2021","Departures","Aleksa Markovic","https://www.transfermarkt.com/aleksa-markovic/profil/spieler/636241","Defensive Midfield","20","Austria","Without Club",NA,NA,NA,FALSE,"-","Summer",NA,NA,NA,NA
"Sepsi OSK Sf. Gheorghe","Liga 2","Romania","2021","Departures","Cătălin Golofca","https://www.transfermarkt.com/catalin-golofca/profil/spieler/241234","Right Winger","31","Romania","CFR Cluj","SuperLiga","Romania",NA,TRUE,"End of loan Jun 30, 2021","Summer",39,35,3,1566
"Sepsi OSK Sf. Gheorghe","Liga 2","Romania","2021","Departures","Lóránd Fülöp","https://www.transfermarkt.com/lorand-fulop/profil/spieler/448674","Central Midfield","23","Romania","Puskás AFC","NB I.","Hungary",NA,TRUE,"End of loan Jun 30, 2021","Summer",NA,NA,NA,NA
"Sepsi OSK Sf. Gheorghe","Liga 2","Romania","2021","Departures","János Botorok","https://www.transfermarkt.com/janos-botorok/profil/spieler/809020","Right Winger","19","Romania","FK Csikszereda","Liga 2","Romania",NA,TRUE,"End of loan Sep 6, 2021","Summer",1,0,0,0
"Sepsi OSK Sf. Gheorghe","Liga 2","Romania","2021","Arrivals","Mihai Bălașa","https://www.transfermarkt.com/mihai-balasa/profil/spieler/236940","Centre-Back","27","Romania","CS U Craiova","SuperLiga","Romania",50000,FALSE,NA,"Winter",12,9,1,697
"Sepsi OSK Sf. Gheorghe","Liga 2","Romania","2021","Arrivals","Alexandru Tudorie","https://www.transfermarkt.com/alexandru-tudorie/profil/spieler/260139","Centre-Forward","25","Romania","Arsenal Tula","Premier Liga","Russia",0,FALSE,NA,"Winter",21,18,7,1271
"Sepsi OSK Sf. Gheorghe","Liga 2","Romania","2021","Arrivals","Nandor Tamas","https://www.transfermarkt.com/nandor-tamas/profil/spieler/535468","Right Winger","20","Romania","Puskás AFC","NB I.","Hungary",NA,TRUE,"loan transfer","Winter",16,5,0,257
"Sepsi OSK Sf. Gheorghe","Liga 2","Romania","2021","Departures","Rajko Rep","https://www.transfermarkt.com/rajko-rep/profil/spieler/80525","Attacking Midfield","31","Slovenia","A. Klagenfurt","Bundesliga","Austria",0,FALSE,NA,"Winter",6,5,1,326
"Sepsi OSK Sf. Gheorghe","Liga 2","Romania","2021","Departures","Vlad Mitrea","https://www.transfermarkt.com/vlad-mitrea/profil/spieler/484029","Central Midfield","21","Romania","CS Mioveni","SuperLiga","Romania",0,FALSE,NA,"Winter",NA,NA,NA,NA
"Sepsi OSK Sf. Gheorghe","Liga 2","Romania","2021","Departures","Petar Bojic","https://www.transfermarkt.com/petar-bojic/profil/spieler/162985","Centre-Forward","30","Serbia","Kolubara","Super liga Srbije","Serbia",NA,TRUE,"loan transfer","Winter",22,16,1,520
"Sepsi OSK Sf. Gheorghe","Liga 2","Romania","2021","Departures","Tsvetelin Chunchukov","https://www.transfermarkt.com/tsvetelin-chunchukov/profil/spieler/274666","Centre-Forward","27","Bulgaria","Chindia","SuperLiga","Romania",NA,TRUE,"loan transfer","Winter",25,23,1,1211
"Sepsi OSK Sf. Gheorghe","Liga 2","Romania","2021","Departures","Nandor Tamas","https://www.transfermarkt.com/nandor-tamas/profil/spieler/535468","Right Winger","21","Romania","Puskás AFC","NB I.","Hungary",NA,TRUE,"End of loan Dec 31, 2021","Winter",16,5,0,257
"FC Rapid 1923","SuperLiga","Romania","2021","Arrivals","Albert Stahl","https://www.transfermarkt.com/albert-stahl/profil/spieler/478022","Right Winger","22","Romania","Astra Giurgiu","Liga 2","Romania",1e+05,FALSE,NA,"Summer",31,25,1,1250
"FC Rapid 1923","SuperLiga","Romania","2021","Arrivals","Alexandru Albu","https://www.transfermarkt.com/alexandru-albu/profil/spieler/372908","Defensive Midfield","27","Romania","Concordia","Liga 2","Romania",50000,TRUE,NA,"Summer",36,36,7,3139
"FC Rapid 1923","SuperLiga","Romania","2021","Arrivals","Ljuban Crepulja","https://www.transfermarkt.com/ljuban-crepulja/profil/spieler/238474","Defensive Midfield","27","Croatia","Astra Giurgiu","Liga 2","Romania",0,FALSE,NA,"Summer",28,24,0,2014
"FC Rapid 1923","SuperLiga","Romania","2021","Arrivals","Claudiu Belu","https://www.transfermarkt.com/claudiu-belu/profil/spieler/208716","Right-Back","27","Romania","FC Hermannstadt","Liga 2","Romania",0,FALSE,NA,"Summer",29,26,0,2227
"FC Rapid 1923","SuperLiga","Romania","2021","Arrivals","Romario Moise","https://www.transfermarkt.com/romario-moise/profil/spieler/390844","Attacking Midfield","24","Romania","Astra Giurgiu","Liga 2","Romania",0,FALSE,NA,"Summer",33,25,2,1196
"FC Rapid 1923","SuperLiga","Romania","2021","Arrivals","Júnior Morais","https://www.transfermarkt.com/junior-morais/profil/spieler/125069","Left-Back","34","Brazil","Gaziantep FK","Süper Lig","Türkiye",0,FALSE,NA,"Summer",35,35,2,3030
"FC Rapid 1923","SuperLiga","Romania","2021","Arrivals","Younes Bnou Marzouk","https://www.transfermarkt.com/younes-bnou-marzouk/profil/spieler/265573","Centre-Forward","25","Morocco","FC Chiasso","Promotion League","Switzerland",0,FALSE,NA,"Summer",39,32,5,1056
"FC Rapid 1923","SuperLiga","Romania","2021","Arrivals","Cristian Săpunaru","https://www.transfermarkt.com/cristian-sapunaru/profil/spieler/25942","Centre-Back","37","Romania","Kayserispor","Süper Lig","Türkiye",0,FALSE,NA,"Summer",38,37,1,3304
"FC Rapid 1923","SuperLiga","Romania","2021","Arrivals","Dragoș Grigore","https://www.transfermarkt.com/dragos-grigore/profil/spieler/95182","Centre-Back","34","Romania","Ludogorets","efbet Liga","Bulgaria",0,FALSE,NA,"Summer",32,31,1,2577
"FC Rapid 1923","SuperLiga","Romania","2021","Arrivals","Alexandru Ioniță","https://www.transfermarkt.com/alexandru-ionita/profil/spieler/209664","Attacking Midfield","26","Romania","CFR Cluj","SuperLiga","Romania",0,FALSE,NA,"Summer",22,22,4,1037
"FC Rapid 1923","SuperLiga","Romania","2021","Arrivals","Ciprian Popescu","https://www.transfermarkt.com/ciprian-popescu/profil/spieler/710090","Centre-Forward","17","Romania","Sport Team U18",NA,"Romania",NA,FALSE,"?","Summer",5,1,0,3
"FC Rapid 1923","SuperLiga","Romania","2021","Arrivals","Nicolae Carnat","https://www.transfermarkt.com/nicolae-carnat/profil/spieler/341140","Right Winger","23","Romania","CFR Cluj","SuperLiga","Romania",NA,TRUE,"loan transfer","Summer",27,22,3,1360
"FC Rapid 1923","SuperLiga","Romania","2021","Arrivals","Gabriel Goicea","https://www.transfermarkt.com/gabriel-goicea/profil/spieler/1130091","Left-Back","17","Romania","AS Metropolitan",NA,"Romania",NA,TRUE,"loan transfer","Summer",NA,NA,NA,NA
"FC Rapid 1923","SuperLiga","Romania","2021","Arrivals","Saifeddine Alami","https://www.transfermarkt.com/saifeddine-alami/profil/spieler/225577","Attacking Midfield","28","Morocco","D. Calarasi","Liga 2","Romania",NA,TRUE,"End of loan Jul 1, 2021","Summer",19,13,2,502
"FC Rapid 1923","SuperLiga","Romania","2021","Arrivals","Alin Demici","https://www.transfermarkt.com/alin-demici/profil/spieler/535467","Left-Back","21","Romania","Slatina","Liga 2","Romania",NA,TRUE,"End of loan Jun 30, 2021","Summer",9,1,0,6
"FC Rapid 1923","SuperLiga","Romania","2021","Arrivals","Vlad Mocioaca","https://www.transfermarkt.com/vlad-mocioaca/profil/spieler/723750","Centre-Back","19","Romania","Daesti",NA,"Romania",NA,TRUE,"End of loan Jun 30, 2021","Summer",NA,NA,NA,NA
"FC Rapid 1923","SuperLiga","Romania","2021","Departures","Octavian Ursu","https://www.transfermarkt.com/octavian-ursu/profil/spieler/286549","Right Winger","26","Romania","SSU Poli","Liga 2","Romania",0,FALSE,NA,"Summer",NA,NA,NA,NA
"FC Rapid 1923","SuperLiga","Romania","2021","Departures","Amir Jorza","https://www.transfermarkt.com/amir-jorza/profil/spieler/397484","Central Midfield","22","Romania","ACSM Reșița",NA,"Romania",0,FALSE,NA,"Summer",NA,NA,NA,NA
"FC Rapid 1923","SuperLiga","Romania","2021","Departures","Marian Drăghiceanu","https://www.transfermarkt.com/marian-draghiceanu/profil/spieler/319212","Attacking Midfield","22","Romania","ACSM Reșița",NA,"Romania",0,FALSE,NA,"Summer",NA,NA,NA,NA
"FC Rapid 1923","SuperLiga","Romania","2021","Departures","Daniel Benzar","https://www.transfermarkt.com/daniel-benzar/profil/spieler/382821","Left Winger","23","Romania","SSU Poli","Liga 2","Romania",0,FALSE,NA,"Summer",NA,NA,NA,NA
"FC Rapid 1923","SuperLiga","Romania","2021","Departures","Emmanuel Ernest","https://www.transfermarkt.com/emmanuel-ernest/profil/spieler/843367","Centre-Forward","20","Liberia","Ripensia","Liga 2","Romania",0,FALSE,NA,"Summer",NA,NA,NA,NA
"FC Rapid 1923","SuperLiga","Romania","2021","Departures","Vlad Mocioaca","https://www.transfermarkt.com/vlad-mocioaca/profil/spieler/723750","Centre-Back","19","Romania","Unknown",NA,NA,0,FALSE,NA,"Summer",NA,NA,NA,NA
"FC Rapid 1923","SuperLiga","Romania","2021","Departures","Harrison Devenish-Meares","https://www.transfermarkt.com/harrison-devenish-meares/profil/spieler/877833","Goalkeeper","24","Australia","SSU Poli","Liga 2","Romania",0,FALSE,NA,"Summer",NA,NA,NA,NA
"FC Rapid 1923","SuperLiga","Romania","2021","Departures","Rareș Lazăr","https://www.transfermarkt.com/rares-lazar/profil/spieler/321234","Central Midfield","22","Romania","SSU Poli","Liga 2","Romania",NA,TRUE,"loan transfer","Summer",NA,NA,NA,NA
"FC Rapid 1923","SuperLiga","Romania","2021","Departures","Enrichi Finica","https://www.transfermarkt.com/enrichi-finica/profil/spieler/603089","Left-Back","19","Romania","U. Constanta","Liga 2","Romania",NA,TRUE,"loan transfer","Summer",2,1,0,1
"FC Rapid 1923","SuperLiga","Romania","2021","Departures","Cristian Ignat","https://www.transfermarkt.com/cristian-ignat/profil/spieler/716054","Centre-Back","18","Romania","U. Constanta","Liga 2","Romania",NA,TRUE,"loan transfer","Summer",5,0,0,0
"FC Rapid 1923","SuperLiga","Romania","2021","Departures","Sebastian Micu","https://www.transfermarkt.com/sebastian-micu/profil/spieler/1019733","Goalkeeper","20","Romania","ACSM Reșița",NA,"Romania",NA,TRUE,"loan transfer","Summer",NA,NA,NA,NA
"FC Rapid 1923","SuperLiga","Romania","2021","Departures","Ivica Zunic","https://www.transfermarkt.com/ivica-zunic/profil/spieler/139943","Centre-Back","32","Bosnia-Herzegovina","Without Club",NA,NA,NA,FALSE,"-","Summer",NA,NA,NA,NA
"FC Rapid 1923","SuperLiga","Romania","2021","Departures","Alexandru Ioniță I","https://www.transfermarkt.com/alexandru-ionita-i/profil/spieler/113865","Centre-Forward","31","Romania","Rapid 1923 II",NA,"Romania",NA,FALSE,"-","Summer",NA,NA,NA,NA
"FC Rapid 1923","SuperLiga","Romania","2021","Departures","Raul Costin","https://www.transfermarkt.com/raul-costin/profil/spieler/46523","Central Midfield","36","Romania","Rapid 1923 II",NA,"Romania",NA,FALSE,"-","Summer",6,1,0,47
"FC Rapid 1923","SuperLiga","Romania","2021","Departures","Mircea Leasă","https://www.transfermarkt.com/mircea-leasa/profil/spieler/379091","Right-Back","22","Romania","Rapid 1923 II",NA,"Romania",NA,FALSE,"-","Summer",NA,NA,NA,NA
"FC Rapid 1923","SuperLiga","Romania","2021","Departures","Alexandru Catrici","https://www.transfermarkt.com/alexandru-catrici/profil/spieler/575178","Centre-Back","19","Romania","Rapid 1923 II",NA,"Romania",NA,FALSE,"-","Summer",NA,NA,NA,NA
"FC Rapid 1923","SuperLiga","Romania","2021","Departures","Gabriel Toma","https://www.transfermarkt.com/gabriel-toma/profil/spieler/478054","Right Winger","20","Romania","Rapid 1923 II",NA,"Romania",NA,FALSE,"-","Summer",NA,NA,NA,NA
"FC Rapid 1923","SuperLiga","Romania","2021","Departures","Sabin Iosif","https://www.transfermarkt.com/sabin-iosif/profil/spieler/824922","Central Midfield","19","Romania","Rapid 1923 II",NA,"Romania",NA,FALSE,"-","Summer",1,0,0,0
"FC Rapid 1923","SuperLiga","Romania","2021","Departures","Ionuț Voicu","https://www.transfermarkt.com/ionut-voicu/profil/spieler/46677","Right-Back","36","Romania",NA,NA,NA,NA,FALSE,"-","Summer",NA,NA,NA,NA
"FC Rapid 1923","SuperLiga","Romania","2021","Departures","Radu Crișan","https://www.transfermarkt.com/radu-crisan/profil/spieler/339954","Centre-Back","24","Romania","Astra Giurgiu","SuperLiga","Romania",NA,TRUE,"End of loan Dec 31, 2020","Summer",NA,NA,NA,NA
"FC Rapid 1923","SuperLiga","Romania","2021","Departures","Ciprian Popescu","https://www.transfermarkt.com/ciprian-popescu/profil/spieler/710090","Centre-Forward","17","Romania","Sport Team U18",NA,"Romania",NA,TRUE,"End of loan Jun 30, 2021","Summer",5,1,0,3
"FC Rapid 1923","SuperLiga","Romania","2021","Arrivals","Răzvan Onea","https://www.transfermarkt.com/razvan-onea/profil/spieler/536130","Right-Back","23","Romania","ACSM Poli Iasi","Liga 2","Romania",1e+05,FALSE,NA,"Winter",6,6,0,436
"FC Rapid 1923","SuperLiga","Romania","2021","Arrivals","Mattias Käit","https://www.transfermarkt.com/mattias-kait/profil/spieler/205227","Central Midfield","23","Estonia","Bodø/Glimt","Eliteserien","Norway",0,FALSE,NA,"Winter",18,18,2,1501
"FC Rapid 1923","SuperLiga","Romania","2021","Arrivals","Jakub Vojtus","https://www.transfermarkt.com/jakub-vojtus/profil/spieler/104990","Centre-Forward","28","Slovakia","Mezőkövesd","NB I.","Hungary",0,FALSE,NA,"Winter",14,14,4,919
"FC Rapid 1923","SuperLiga","Romania","2021","Arrivals","Matías Pérez Acuña","https://www.transfermarkt.com/matias-perez-acuna/profil/spieler/300312","Right-Back","27","Argentina","Delfín SC","Serie A Primera Etapa","Ecuador",NA,FALSE,"?","Winter",10,2,0,135
"FC Rapid 1923","SuperLiga","Romania","2021","Departures","Bogdan Barbu","https://www.transfermarkt.com/bogdan-barbu/profil/spieler/241548","Attacking Midfield","29","Romania","Concordia","Liga 2","Romania",0,FALSE,NA,"Winter",11,2,0,32
"FC Rapid 1923","SuperLiga","Romania","2021","Departures","Anestis Nastos","https://www.transfermarkt.com/anestis-nastos/profil/spieler/97159","Centre-Back","32","Greece","Without Club",NA,NA,NA,FALSE,"-","Winter",6,4,0,211
"FC Rapid 1923","SuperLiga","Romania","2021","Departures","Luca Florică","https://www.transfermarkt.com/luca-florica/profil/spieler/568573","Left Winger","19","Romania","AS Metropolitan",NA,"Romania",NA,TRUE,"End of loan Feb 1, 2022","Winter",21,4,0,168
"FC Voluntari","Liga 2","Romania","2021","Arrivals","Vadim Rață","https://www.transfermarkt.com/vadim-rata/profil/spieler/136128","Central Midfield","28","Moldova","Chindia","SuperLiga","Romania",0,FALSE,NA,"Summer",43,43,9,3494
"FC Voluntari","Liga 2","Romania","2021","Arrivals","Marius Briceag","https://www.transfermarkt.com/marius-briceag/profil/spieler/209063","Left-Back","29","Romania","FCSB","SuperLiga","Romania",0,FALSE,NA,"Summer",43,36,2,2804
"FC Voluntari","Liga 2","Romania","2021","Arrivals","Neluț Roșu","https://www.transfermarkt.com/nelut-rosu/profil/spieler/241310","Central Midfield","27","Romania","UTA Arad","SuperLiga","Romania",0,FALSE,NA,"Summer",17,5,0,179
"FC Voluntari","Liga 2","Romania","2021","Arrivals","Adam Nemec","https://www.transfermarkt.com/adam-nemec/profil/spieler/55210","Centre-Forward","35","Slovakia","FC Dinamo","SuperLiga","Romania",0,FALSE,NA,"Summer",37,37,7,2930
"FC Voluntari","Liga 2","Romania","2021","Arrivals","Lóránd Fülöp","https://www.transfermarkt.com/lorand-fulop/profil/spieler/448674","Central Midfield","23","Romania","Puskás AFC","NB I.","Hungary",0,FALSE,NA,"Summer",44,40,1,1331
"FC Voluntari","Liga 2","Romania","2021","Arrivals","George Merloi","https://www.transfermarkt.com/george-merloi/profil/spieler/530697","Right Winger","21","Romania","Astra Giurgiu","Liga 2","Romania",0,FALSE,NA,"Summer",33,19,0,292
"FC Voluntari","Liga 2","Romania","2021","Arrivals","Mihai Popa","https://www.transfermarkt.com/mihai-popa/profil/spieler/623412","Goalkeeper","20","Romania","Astra Giurgiu","Liga 2","Romania",0,FALSE,NA,"Summer",41,39,0,3510
"FC Voluntari","Liga 2","Romania","2021","Arrivals","Idan Golan","https://www.transfermarkt.com/idan-golan/profil/spieler/355391","Second Striker","25","Israel","U Cluj","Liga 2","Romania",0,FALSE,NA,"Summer",21,9,0,115
"FC Voluntari","Liga 2","Romania","2021","Arrivals","Alin Lazar","https://www.transfermarkt.com/alin-lazar/profil/spieler/540893","Attacking Midfield","20","Romania","Dinamo II",NA,"Romania",0,FALSE,NA,"Summer",NA,NA,NA,NA
"FC Voluntari","Liga 2","Romania","2021","Arrivals","Ionuț Andreș","https://www.transfermarkt.com/ionut-andres/profil/spieler/902110","Centre-Back","21","Romania","Ceahlaul",NA,"Romania",NA,FALSE,"?","Summer",10,2,0,93
"FC Voluntari","Liga 2","Romania","2021","Arrivals","Daniel Paraschiv","https://www.transfermarkt.com/daniel-paraschiv/profil/spieler/605543","Centre-Forward","22","Romania","CFR Cluj","SuperLiga","Romania",NA,TRUE,"loan transfer","Summer",0,0,0,0
"FC Voluntari","Liga 2","Romania","2021","Arrivals","Daniel Paraschiv","https://www.transfermarkt.com/daniel-paraschiv/profil/spieler/605543","Centre-Forward","22","Romania","CFR Cluj","SuperLiga","Romania",NA,TRUE,"loan transfer","Summer",17,12,1,345
"FC Voluntari","Liga 2","Romania","2021","Arrivals","Ulrich Meleke","https://www.transfermarkt.com/ulrich-meleke/profil/spieler/581447","Defensive Midfield","22","Cote d'Ivoire","CFR Cluj","SuperLiga","Romania",NA,TRUE,"loan transfer","Summer",34,33,0,2265
"FC Voluntari","Liga 2","Romania","2021","Arrivals","Robert Ion","https://www.transfermarkt.com/robert-ion/profil/spieler/608511","Attacking Midfield","20","Romania","FCSB","SuperLiga","Romania",NA,TRUE,"loan transfer","Summer",5,3,0,91
"FC Voluntari","Liga 2","Romania","2021","Arrivals","Valentin Neacșu","https://www.transfermarkt.com/valentin-neacsu/profil/spieler/836000","Goalkeeper","21","Romania","FC Voluntari II",NA,"Romania",NA,FALSE,"-","Summer",8,1,0,45
"FC Voluntari","Liga 2","Romania","2021","Arrivals","Florin Bălan","https://www.transfermarkt.com/florin-balan/profil/spieler/666432","Left Midfield","19","Romania","U. Constanta","Liga 2","Romania",NA,TRUE,"End of loan Jun 30, 2021","Summer",4,0,0,0
"FC Voluntari","Liga 2","Romania","2021","Arrivals","Oktay Ozkara","https://www.transfermarkt.com/oktay-ozkara/profil/spieler/809504","Centre-Back","20","Romania","Unirea Slobozia","Liga 2","Romania",NA,TRUE,"End of loan Jun 30, 2021","Summer",NA,NA,NA,NA
"FC Voluntari","Liga 2","Romania","2021","Departures","Jefté Betancor","https://www.transfermarkt.com/jefte-betancor/profil/spieler/198015","Centre-Forward","28","Spain","FCV Farul","SuperLiga","Romania",0,FALSE,NA,"Summer",NA,NA,NA,NA
"FC Voluntari","Liga 2","Romania","2021","Departures","Ionuț Balaur","https://www.transfermarkt.com/ionut-balaur/profil/spieler/64103","Centre-Back","32","Romania","CS Mioveni","SuperLiga","Romania",0,FALSE,NA,"Summer",NA,NA,NA,NA
"FC Voluntari","Liga 2","Romania","2021","Departures","Martin Remacle","https://www.transfermarkt.com/martin-remacle/profil/spieler/309847","Defensive Midfield","24","Belgium","FC Botosani","SuperLiga","Romania",0,FALSE,NA,"Summer",NA,NA,NA,NA
"FC Voluntari","Liga 2","Romania","2021","Departures","Mihai Cotolan","https://www.transfermarkt.com/mihai-cotolan/profil/spieler/436073","Goalkeeper","22","Romania","Astra Giurgiu","Liga 2","Romania",0,FALSE,NA,"Summer",NA,NA,NA,NA
"FC Voluntari","Liga 2","Romania","2021","Departures","Haruna Garba","https://www.transfermarkt.com/haruna-garba/profil/spieler/331723","Centre-Forward","27","Nigeria","Gzira Utd.","Premier League","Malta",0,FALSE,NA,"Summer",NA,NA,NA,NA
"FC Voluntari","Liga 2","Romania","2021","Departures","George Buliga","https://www.transfermarkt.com/george-buliga/profil/spieler/649787","Centre-Back","23","Romania","Astra Giurgiu","Liga 2","Romania",0,FALSE,NA,"Summer",NA,NA,NA,NA
"FC Voluntari","Liga 2","Romania","2021","Departures","Adelin Voinescu","https://www.transfermarkt.com/adelin-voinescu/profil/spieler/805627","Centre-Forward","23","Romania","Dacia U. Braila","Liga 2","Romania",0,FALSE,NA,"Summer",NA,NA,NA,NA
"FC Voluntari","Liga 2","Romania","2021","Departures","Claudiu Borțoneanu","https://www.transfermarkt.com/claudiu-bortoneanu/profil/spieler/474520","Central Midfield","21","Romania","Metaloglobus","Liga 2","Romania",NA,TRUE,"loan transfer","Summer",NA,NA,NA,NA
"FC Voluntari","Liga 2","Romania","2021","Departures","Alexandru Ionuț Stoica","https://www.transfermarkt.com/alexandru-ionut-stoica/profil/spieler/568537","Centre-Forward","21","Romania","Unirea Slobozia","Liga 2","Romania",NA,TRUE,"loan transfer","Summer",NA,NA,NA,NA
"FC Voluntari","Liga 2","Romania","2021","Departures","Radu Zamfir","https://www.transfermarkt.com/radu-zamfir/profil/spieler/540849","Right-Back","19","Romania","FC Buzău","Liga 2","Romania",NA,TRUE,"loan transfer","Summer",NA,NA,NA,NA
"FC Voluntari","Liga 2","Romania","2021","Departures","Mourad Satli","https://www.transfermarkt.com/mourad-satli/profil/spieler/123921","Centre-Back","31","Algeria","Without Club",NA,NA,NA,FALSE,"-","Summer",NA,NA,NA,NA
"FC Voluntari","Liga 2","Romania","2021","Departures","Anderson","https://www.transfermarkt.com/anderson/profil/spieler/700073","Left Winger","24","Brazil","Without Club",NA,NA,NA,FALSE,"-","Summer",NA,NA,NA,NA
"FC Voluntari","Liga 2","Romania","2021","Departures","Vasile Mihai","https://www.transfermarkt.com/vasile-mihai/profil/spieler/349089","Attacking Midfield","25","Romania","FC Voluntari II",NA,"Romania",NA,FALSE,"-","Summer",NA,NA,NA,NA
"FC Voluntari","Liga 2","Romania","2021","Departures","Adrian Dorobanțu","https://www.transfermarkt.com/adrian-dorobantu/profil/spieler/710094","Second Striker","22","Romania","FC Voluntari II",NA,"Romania",NA,FALSE,"-","Summer",NA,NA,NA,NA
"FC Voluntari","Liga 2","Romania","2021","Departures","Oktay Ozkara","https://www.transfermarkt.com/oktay-ozkara/profil/spieler/809504","Centre-Back","20","Romania","FC Voluntari II",NA,"Romania",NA,FALSE,"-","Summer",NA,NA,NA,NA
"FC Voluntari","Liga 2","Romania","2021","Departures","Alin Lazar","https://www.transfermarkt.com/alin-lazar/profil/spieler/540893","Attacking Midfield","20","Romania","FC Voluntari II",NA,"Romania",NA,FALSE,"-","Summer",NA,NA,NA,NA
"FC Voluntari","Liga 2","Romania","2021","Departures","Ivan Pesic","https://www.transfermarkt.com/ivan-pesic/profil/spieler/115133","Left Winger","29","Croatia","Vorskla Poltava","Premier Liga","Ukraine",NA,TRUE,"End of loan Jun 30, 2021","Summer",NA,NA,NA,NA
"FC Voluntari","Liga 2","Romania","2021","Departures","Antoni Ivanov","https://www.transfermarkt.com/antoni-ivanov/profil/spieler/283287","Central Midfield","25","Bulgaria","CS U Craiova","SuperLiga","Romania",NA,TRUE,"End of loan Jun 30, 2021","Summer",NA,NA,NA,NA
"FC Voluntari","Liga 2","Romania","2021","Departures","Sebastian Mailat","https://www.transfermarkt.com/sebastian-mailat/profil/spieler/364697","Left Winger","23","Romania","CFR Cluj","SuperLiga","Romania",NA,TRUE,"End of loan Jun 30, 2021","Summer",NA,NA,NA,NA
"FC Voluntari","Liga 2","Romania","2021","Departures","Marius Briceag","https://www.transfermarkt.com/marius-briceag/profil/spieler/209063","Left-Back","29","Romania","FCSB","SuperLiga","Romania",NA,TRUE,"End of loan Jun 30, 2021","Summer",43,36,2,2804
"FC Voluntari","Liga 2","Romania","2021","Departures","Robert Ion","https://www.transfermarkt.com/robert-ion/profil/spieler/608511","Attacking Midfield","21","Romania","FCSB","SuperLiga","Romania",NA,TRUE,"End of loan Sep 6, 2021","Summer",5,3,0,91
"FC Voluntari","Liga 2","Romania","2021","Arrivals","Constantin Budescu","https://www.transfermarkt.com/constantin-budescu/profil/spieler/164233","Attacking Midfield","32","Romania","FCSB","SuperLiga","Romania",0,FALSE,NA,"Winter",11,11,2,627
"FC Voluntari","Liga 2","Romania","2021","Arrivals","Denis Ciobotariu","https://www.transfermarkt.com/denis-ciobotariu/profil/spieler/428593","Centre-Back","23","Romania","CFR Cluj","SuperLiga","Romania",NA,TRUE,"loan transfer","Winter",16,16,1,1422
"FC Voluntari","Liga 2","Romania","2021","Arrivals","Muhamed Tehe Olawale","https://www.transfermarkt.com/muhamed-tehe-olawale/profil/spieler/391064","Centre-Forward","22","Cote d'Ivoire","Parma","Serie B","Italy",NA,TRUE,"loan transfer","Winter",11,7,0,109
"FC Voluntari","Liga 2","Romania","2021","Departures","Viktor Angelov","https://www.transfermarkt.com/viktor-angelov/profil/spieler/134457","Centre-Forward","27","North Macedonia","Brera Strumica","Prva liga","North Macedonia",0,FALSE,NA,"Winter",11,7,0,249
"FC Voluntari","Liga 2","Romania","2021","Departures","Neluț Roșu","https://www.transfermarkt.com/nelut-rosu/profil/spieler/241310","Central Midfield","28","Romania","Concordia","Liga 2","Romania",NA,TRUE,"loan transfer","Winter",17,5,0,179
"FC Voluntari","Liga 2","Romania","2021","Departures","Valentin Neacșu","https://www.transfermarkt.com/valentin-neacsu/profil/spieler/836000","Goalkeeper","21","Romania","Gloria Bistrita",NA,"Romania",NA,TRUE,"loan transfer","Winter",8,1,0,45
"FC Voluntari","Liga 2","Romania","2021","Departures","Florin Bălan","https://www.transfermarkt.com/florin-balan/profil/spieler/666432","Left Midfield","20","Romania","CS Afumati",NA,"Romania",NA,TRUE,"loan transfer","Winter",4,0,0,0
"FC Voluntari","Liga 2","Romania","2021","Departures","Marcos Lavín","https://www.transfermarkt.com/marcos-lavin/profil/spieler/282409","Goalkeeper","25","Spain","Without Club",NA,NA,NA,FALSE,"-","Winter",2,0,0,0
"FC Voluntari","Liga 2","Romania","2021","Departures","Daniel Paraschiv","https://www.transfermarkt.com/daniel-paraschiv/profil/spieler/605543","Centre-Forward","22","Romania","CFR Cluj","SuperLiga","Romania",NA,TRUE,"End of loan Jan 1, 2022","Winter",0,0,0,0
"FC Voluntari","Liga 2","Romania","2021","Departures","Daniel Paraschiv","https://www.transfermarkt.com/daniel-paraschiv/profil/spieler/605543","Centre-Forward","22","Romania","CFR Cluj","SuperLiga","Romania",NA,TRUE,"End of loan Jan 1, 2022","Winter",17,12,1,345
"FC Dinamo 1948","SuperLiga","Romania","2021","Arrivals","Plamen Iliev","https://www.transfermarkt.com/plamen-iliev/profil/spieler/156566","Goalkeeper","29","Bulgaria","Ludogorets","efbet Liga","Bulgaria",0,FALSE,NA,"Summer",13,10,0,900
"FC Dinamo 1948","SuperLiga","Romania","2021","Arrivals","Cosmin Matei","https://www.transfermarkt.com/cosmin-matei/profil/spieler/81421","Attacking Midfield","29","Romania","FCV Farul","SuperLiga","Romania",0,FALSE,NA,"Summer",26,24,3,1852
"FC Dinamo 1948","SuperLiga","Romania","2021","Arrivals","Mirko Ivanovski","https://www.transfermarkt.com/mirko-ivanovski/profil/spieler/66241","Centre-Forward","31","North Macedonia","Diósgyőr","NB II.","Hungary",0,FALSE,NA,"Summer",27,27,4,1763
"FC Dinamo 1948","SuperLiga","Romania","2021","Arrivals","Răzvan Popa","https://www.transfermarkt.com/razvan-popa/profil/spieler/220851","Centre-Back","24","Romania","ACSM Poli Iasi","Liga 2","Romania",0,FALSE,NA,"Summer",13,8,0,590
"FC Dinamo 1948","SuperLiga","Romania","2021","Arrivals","Cătălin Țîră","https://www.transfermarkt.com/catalin-tira/profil/spieler/168257","Centre-Forward","27","Romania","Sūduva","A Lyga","Lithuania",0,FALSE,NA,"Summer",11,8,1,241
"FC Dinamo 1948","SuperLiga","Romania","2021","Arrivals","Cătălin Itu","https://www.transfermarkt.com/catalin-itu/profil/spieler/464306","Central Midfield","21","Romania","CFR Cluj","SuperLiga","Romania",NA,TRUE,"loan transfer","Summer",15,15,0,977
"FC Dinamo 1948","SuperLiga","Romania","2021","Arrivals","André Pinto","https://www.transfermarkt.com/andre-pinto/profil/spieler/58923","Centre-Back","31","Portugal","Without Club",NA,NA,NA,FALSE,"-","Summer",11,9,0,810
"FC Dinamo 1948","SuperLiga","Romania","2021","Arrivals","Cătălin Carp","https://www.transfermarkt.com/catalin-carp/profil/spieler/213016","Defensive Midfield","28","Moldova","Without Club",NA,NA,NA,FALSE,"-","Summer",18,15,2,1075
"FC Dinamo 1948","SuperLiga","Romania","2021","Arrivals","Nikolaos Kenourgios","https://www.transfermarkt.com/nikolaos-kenourgios/profil/spieler/493332","Left-Back","23","Greece","Without Club",NA,NA,NA,FALSE,"-","Summer",7,7,0,497
"FC Dinamo 1948","SuperLiga","Romania","2021","Arrivals","Gabriel Torje","https://www.transfermarkt.com/gabriel-torje/profil/spieler/47184","Right Winger","31","Romania","Without Club",NA,NA,NA,FALSE,"-","Summer",27,26,6,1960
"FC Dinamo 1948","SuperLiga","Romania","2021","Arrivals","Marko Nunic","https://www.transfermarkt.com/marko-nunic/profil/spieler/201668","Centre-Forward","28","Slovenia","Without Club",NA,NA,NA,FALSE,"-","Summer",7,5,0,182
"FC Dinamo 1948","SuperLiga","Romania","2021","Arrivals","Tomas Vestenicky","https://www.transfermarkt.com/tomas-vestenicky/profil/spieler/186393","Centre-Forward","25","Slovakia","Without Club",NA,NA,NA,FALSE,"-","Summer",8,7,0,140
"FC Dinamo 1948","SuperLiga","Romania","2021","Arrivals","Michel Espinosa","https://www.transfermarkt.com/michel-espinosa/profil/spieler/187387","Defensive Midfield","28","France","Without Club",NA,NA,NA,FALSE,"-","Summer",4,4,0,333
"FC Dinamo 1948","SuperLiga","Romania","2021","Arrivals","Andrei Florescu","https://www.transfermarkt.com/andrei-florescu/profil/spieler/798263","Left Winger","19","Romania","Dinamo II",NA,"Romania",NA,FALSE,"-","Summer",NA,NA,NA,NA
"FC Dinamo 1948","SuperLiga","Romania","2021","Arrivals","Constantin Nica","https://www.transfermarkt.com/constantin-nica/profil/spieler/221815","Right-Back","28","Romania","Without Club",NA,NA,NA,FALSE,"-","Summer",1,1,0,67
"FC Dinamo 1948","SuperLiga","Romania","2021","Arrivals","Claudiu Stan","https://www.transfermarkt.com/claudiu-stan/profil/spieler/540892","Central Midfield","19","Romania","Dinamo II",NA,"Romania",NA,FALSE,"-","Summer",10,1,0,8
"FC Dinamo 1948","SuperLiga","Romania","2021","Arrivals","Andrei Mitran","https://www.transfermarkt.com/andrei-mitran/profil/spieler/540890","Left-Back","20","Romania","Dinamo II",NA,"Romania",NA,FALSE,"-","Summer",2,0,0,0
"FC Dinamo 1948","SuperLiga","Romania","2021","Arrivals","Deniz Giafer","https://www.transfermarkt.com/deniz-giafer/profil/spieler/491770","Centre-Back","20","Romania","Dinamo U18",NA,"Romania",NA,FALSE,"-","Summer",25,15,0,958
"FC Dinamo 1948","SuperLiga","Romania","2021","Arrivals","Roberto Dinita","https://www.transfermarkt.com/roberto-dinita/profil/spieler/798262","Defensive Midfield","19","Romania","Dinamo II",NA,"Romania",NA,FALSE,"-","Summer",NA,NA,NA,NA
"FC Dinamo 1948","SuperLiga","Romania","2021","Arrivals","Mario Pavel","https://www.transfermarkt.com/mario-pavel/profil/spieler/910565","Centre-Back","17","Romania","Dinamo II",NA,"Romania",NA,FALSE,"-","Summer",NA,NA,NA,NA
"FC Dinamo 1948","SuperLiga","Romania","2021","Arrivals","David Țone","https://www.transfermarkt.com/david-tone/profil/spieler/863542","Centre-Back","16","Romania","Dinamo II",NA,"Romania",NA,FALSE,"-","Summer",NA,NA,NA,NA
"FC Dinamo 1948","SuperLiga","Romania","2021","Arrivals","Antonio Bordușanu","https://www.transfermarkt.com/antonio-bordusanu/profil/spieler/863556","Right Winger","16","Romania","Dinamo II",NA,"Romania",NA,FALSE,"-","Summer",NA,NA,NA,NA
"FC Dinamo 1948","SuperLiga","Romania","2021","Arrivals","Daniel Popa","https://www.transfermarkt.com/daniel-popa/profil/spieler/341364","Centre-Forward","25","Romania","Chindia","SuperLiga","Romania",NA,TRUE,"End of loan Jun 30, 2021","Summer",NA,NA,NA,NA
"FC Dinamo 1948","SuperLiga","Romania","2021","Arrivals","Mihai Neicuțescu","https://www.transfermarkt.com/mihai-neicutescu/profil/spieler/436079","Centre-Forward","22","Romania","Chindia","SuperLiga","Romania",NA,TRUE,"End of loan Jun 30, 2021","Summer",9,6,0,180
"FC Dinamo 1948","SuperLiga","Romania","2021","Arrivals","Ștefan Fara","https://www.transfermarkt.com/stefan-fara/profil/spieler/540839","Goalkeeper","20","Romania","U. Constanta","Liga 2","Romania",NA,TRUE,"End of loan Jun 30, 2021","Summer",23,0,0,0
"FC Dinamo 1948","SuperLiga","Romania","2021","Departures","Paul Anton","https://www.transfermarkt.com/paul-anton/profil/spieler/123286","Central Midfield","30","Romania","Ponferradina","LaLiga2","Spain",0,FALSE,NA,"Summer",2,1,0,65
"FC Dinamo 1948","SuperLiga","Romania","2021","Departures","Daniel Popa","https://www.transfermarkt.com/daniel-popa/profil/spieler/341364","Centre-Forward","25","Romania","Chindia","SuperLiga","Romania",0,FALSE,NA,"Summer",NA,NA,NA,NA
"FC Dinamo 1948","SuperLiga","Romania","2021","Departures","Diego Fabbrini","https://www.transfermarkt.com/diego-fabbrini/profil/spieler/56903","Left Winger","30","Italy","Ascoli","Serie B","Italy",0,FALSE,NA,"Summer",NA,NA,NA,NA
"FC Dinamo 1948","SuperLiga","Romania","2021","Departures","Ante Puljic","https://www.transfermarkt.com/ante-puljic/profil/spieler/47459","Centre-Back","33","Croatia","Bnei Sakhnin","Ligat ha'Al","Israel",0,FALSE,NA,"Summer",NA,NA,NA,NA
"FC Dinamo 1948","SuperLiga","Romania","2021","Departures","Adam Nemec","https://www.transfermarkt.com/adam-nemec/profil/spieler/55210","Centre-Forward","35","Slovakia","FC Voluntari","SuperLiga","Romania",0,FALSE,NA,"Summer",NA,NA,NA,NA
"FC Dinamo 1948","SuperLiga","Romania","2021","Departures","Janusz Gol","https://www.transfermarkt.com/janusz-gol/profil/spieler/80941","Defensive Midfield","35","Poland","Gornik Leczna","Ekstraklasa","Poland",0,FALSE,NA,"Summer",NA,NA,NA,NA
"FC Dinamo 1948","SuperLiga","Romania","2021","Departures","Vlad Achim","https://www.transfermarkt.com/vlad-achim/profil/spieler/69402","Defensive Midfield","32","Romania","FC U Craiova","SuperLiga","Romania",0,FALSE,NA,"Summer",NA,NA,NA,NA
"FC Dinamo 1948","SuperLiga","Romania","2021","Departures","Andrei Blejdea","https://www.transfermarkt.com/andrei-blejdea/profil/spieler/313631","Left Winger","25","Romania","U Cluj","Liga 2","Romania",0,FALSE,NA,"Summer",NA,NA,NA,NA
"FC Dinamo 1948","SuperLiga","Romania","2021","Departures","Giani Stere","https://www.transfermarkt.com/giani-stere/profil/spieler/621679","Centre-Forward","22","Romania","Metaloglobus","Liga 2","Romania",0,FALSE,NA,"Summer",NA,NA,NA,NA
"FC Dinamo 1948","SuperLiga","Romania","2021","Departures","Aleksander Mitrovic","https://www.transfermarkt.com/aleksander-mitrovic/profil/spieler/608470","Goalkeeper","18","Romania","Genoa U20","Primavera 1","Italy",0,FALSE,NA,"Summer",NA,NA,NA,NA
"FC Dinamo 1948","SuperLiga","Romania","2021","Departures","Ionuț Șerban","https://www.transfermarkt.com/ionut-serban/profil/spieler/217891","Central Midfield","25","Romania","Without Club",NA,NA,NA,FALSE,"?","Summer",NA,NA,NA,NA
"FC Dinamo 1948","SuperLiga","Romania","2021","Departures","Andrei Florescu","https://www.transfermarkt.com/andrei-florescu/profil/spieler/798263","Left Winger","19","Romania","Metaloglobus","Liga 2","Romania",NA,TRUE,"loan transfer","Summer",NA,NA,NA,NA
"FC Dinamo 1948","SuperLiga","Romania","2021","Departures","Raúl Albentosa","https://www.transfermarkt.com/raul-albentosa/profil/spieler/77026","Centre-Back","32","Spain","Without Club",NA,NA,NA,FALSE,"-","Summer",NA,NA,NA,NA
"FC Dinamo 1948","SuperLiga","Romania","2021","Departures","Gudmund Kongshavn","https://www.transfermarkt.com/gudmund-kongshavn/profil/spieler/122337","Goalkeeper","30","Norway","Without Club",NA,NA,NA,FALSE,"-","Summer",NA,NA,NA,NA
"FC Dinamo 1948","SuperLiga","Romania","2021","Departures","Gevaro Nepomuceno","https://www.transfermarkt.com/gevaro-nepomuceno/profil/spieler/139198","Left Winger","28","Curacao","Without Club",NA,NA,NA,FALSE,"-","Summer",NA,NA,NA,NA
"FC Dinamo 1948","SuperLiga","Romania","2021","Departures","Magaye Gueye","https://www.transfermarkt.com/magaye-gueye/profil/spieler/91956","Centre-Forward","30","Senegal","Without Club",NA,NA,NA,FALSE,"-","Summer",NA,NA,NA,NA
"FC Dinamo 1948","SuperLiga","Romania","2021","Departures","Joseph Akpala","https://www.transfermarkt.com/joseph-akpala/profil/spieler/38000","Centre-Forward","34","Nigeria",NA,NA,NA,NA,FALSE,"-","Summer",NA,NA,NA,NA
"FC Dinamo 1948","SuperLiga","Romania","2021","Departures","Juan Cámara","https://www.transfermarkt.com/juan-camara/profil/spieler/162039","Attacking Midfield","26","Spain","Jagiellonia","Ekstraklasa","Poland",NA,TRUE,"End of loan Jan 15, 2021","Summer",NA,NA,NA,NA
"FC Dinamo 1948","SuperLiga","Romania","2021","Departures","Jonathan Morsay","https://www.transfermarkt.com/jonathan-morsay/profil/spieler/298313","Left Winger","23","Sierra Leone","Chievo Verona",NA,"Italy",NA,TRUE,"End of loan Jun 30, 2021","Summer",NA,NA,NA,NA
"FC Dinamo 1948","SuperLiga","Romania","2021","Arrivals","Răzvan Grădinaru","https://www.transfermarkt.com/razvan-gradinaru/profil/spieler/289256","Right-Back","26","Romania","Gaz Metan","SuperLiga","Romania",0,FALSE,NA,"Winter",13,12,0,937
"FC Dinamo 1948","SuperLiga","Romania","2021","Arrivals","Cristiano Figueiredo","https://www.transfermarkt.com/cristiano-figueiredo/profil/spieler/100127","Goalkeeper","31","Portugal","CFR Cluj","SuperLiga","Romania",0,FALSE,NA,"Winter",15,8,0,720
"FC Dinamo 1948","SuperLiga","Romania","2021","Arrivals","Vlad Morar","https://www.transfermarkt.com/vlad-morar/profil/spieler/186031","Centre-Forward","28","Romania","Gaz Metan","SuperLiga","Romania",0,FALSE,NA,"Winter",14,14,5,781
"FC Dinamo 1948","SuperLiga","Romania","2021","Arrivals","Gabriel Moura","https://www.transfermarkt.com/gabriel-moura/profil/spieler/210088","Right-Back","33","Brazil","Gaz Metan","SuperLiga","Romania",0,FALSE,NA,"Winter",14,11,0,847
"FC Dinamo 1948","SuperLiga","Romania","2021","Arrivals","Antoni Ivanov","https://www.transfermarkt.com/antoni-ivanov/profil/spieler/283287","Central Midfield","26","Bulgaria","CS U Craiova","SuperLiga","Romania",0,FALSE,NA,"Winter",13,12,1,559
"FC Dinamo 1948","SuperLiga","Romania","2021","Arrivals","Balthazar Pierret","https://www.transfermarkt.com/balthazar-pierret/profil/spieler/642002","Defensive Midfield","21","France","US Boulogne","Championnat National","France",0,FALSE,NA,"Winter",17,17,2,1379
"FC Dinamo 1948","SuperLiga","Romania","2021","Arrivals","Christian Irobiso","https://www.transfermarkt.com/christian-irobiso/profil/spieler/213351","Centre-Forward","28","Nigeria","Gaz Metan","SuperLiga","Romania",0,FALSE,NA,"Winter",8,8,3,664
"FC Dinamo 1948","SuperLiga","Romania","2021","Arrivals","Igor Jovanovic","https://www.transfermarkt.com/igor-jovanovic/profil/spieler/50366","Centre-Back","32","Croatia","Sūduva","A Lyga","Lithuania",0,FALSE,NA,"Winter",13,7,0,521
"FC Dinamo 1948","SuperLiga","Romania","2021","Arrivals","Răzvan Patriche","https://www.transfermarkt.com/razvan-patriche/profil/spieler/64218","Centre-Back","35","Romania","Ac. Clinceni","SuperLiga","Romania",0,FALSE,NA,"Winter",15,12,1,952
"FC Dinamo 1948","SuperLiga","Romania","2021","Arrivals","Marius Tomozei","https://www.transfermarkt.com/marius-tomozei/profil/spieler/213243","Right-Back","31","Romania","UTA Arad","SuperLiga","Romania",0,FALSE,NA,"Winter",3,3,0,173
"FC Dinamo 1948","SuperLiga","Romania","2021","Arrivals","Alin Buleică","https://www.transfermarkt.com/alin-buleica/profil/spieler/147286","Right-Back","30","Romania","Without Club",NA,NA,0,FALSE,NA,"Winter",14,10,0,684
"FC Dinamo 1948","SuperLiga","Romania","2021","Arrivals","Jonathan Rodríguez","https://www.transfermarkt.com/jonathan-rodriguez/profil/spieler/537768","Central Midfield","31","Argentina","CFR Cluj","SuperLiga","Romania",NA,TRUE,"loan transfer","Winter",16,16,0,1026
"FC Dinamo 1948","SuperLiga","Romania","2021","Arrivals","Désiré Sègbè","https://www.transfermarkt.com/desire-segbe/profil/spieler/310770","Centre-Forward","28","Benin","USL Dunkerque","Ligue 2","France",NA,TRUE,"loan transfer","Winter",2,2,1,71
"FC Dinamo 1948","SuperLiga","Romania","2021","Arrivals","Thomas Chesneau","https://www.transfermarkt.com/thomas-chesneau/profil/spieler/460622","Goalkeeper","22","France","Concordia","Liga 2","Romania",NA,TRUE,"loan transfer","Winter",4,2,0,180
"FC Dinamo 1948","SuperLiga","Romania","2021","Arrivals","Dusan Celar","https://www.transfermarkt.com/dusan-celar/profil/spieler/694510","Centre-Forward","25","Serbia","CFR Cluj II",NA,"Romania",NA,TRUE,"loan transfer","Winter",NA,NA,NA,NA
"FC Dinamo 1948","SuperLiga","Romania","2021","Arrivals","Cătălin Carp","https://www.transfermarkt.com/catalin-carp/profil/spieler/213016","Defensive Midfield","28","Moldova","Without Club",NA,NA,NA,FALSE,"-","Winter",18,15,2,1075
"FC Dinamo 1948","SuperLiga","Romania","2021","Arrivals","Nikolaos Kenourgios","https://www.transfermarkt.com/nikolaos-kenourgios/profil/spieler/493332","Left-Back","23","Greece","Without Club",NA,NA,NA,FALSE,"-","Winter",7,7,0,497
"FC Dinamo 1948","SuperLiga","Romania","2021","Arrivals","Marko Nunic","https://www.transfermarkt.com/marko-nunic/profil/spieler/201668","Centre-Forward","28","Slovenia","Without Club",NA,NA,NA,FALSE,"-","Winter",7,5,0,182
"FC Dinamo 1948","SuperLiga","Romania","2021","Arrivals","Tomas Vestenicky","https://www.transfermarkt.com/tomas-vestenicky/profil/spieler/186393","Centre-Forward","25","Slovakia","Without Club",NA,NA,NA,FALSE,"-","Winter",8,7,0,140
"FC Dinamo 1948","SuperLiga","Romania","2021","Arrivals","Michel Espinosa","https://www.transfermarkt.com/michel-espinosa/profil/spieler/187387","Defensive Midfield","28","France","Without Club",NA,NA,NA,FALSE,"-","Winter",4,4,0,333
"FC Dinamo 1948","SuperLiga","Romania","2021","Arrivals","Petar Gluhakovic","https://www.transfermarkt.com/petar-gluhakovic/profil/spieler/186361","Right-Back","25","Austria","Without Club",NA,NA,NA,FALSE,"-","Winter",5,2,0,162
"FC Dinamo 1948","SuperLiga","Romania","2021","Arrivals","Baptiste Aloé","https://www.transfermarkt.com/baptiste-aloe/profil/spieler/215653","Centre-Back","27","France","Without Club",NA,NA,NA,FALSE,"-","Winter",11,10,1,766
"FC Dinamo 1948","SuperLiga","Romania","2021","Departures","Deian Sorescu","https://www.transfermarkt.com/deian-sorescu/profil/spieler/379209","Right Winger","24","Romania","Raków","Ekstraklasa","Poland",905000,FALSE,NA,"Winter",20,20,8,1751
"FC Dinamo 1948","SuperLiga","Romania","2021","Departures","Plamen Iliev","https://www.transfermarkt.com/plamen-iliev/profil/spieler/156566","Goalkeeper","30","Bulgaria","FC Hermannstadt","Liga 2","Romania",0,FALSE,NA,"Winter",13,10,0,900
"FC Dinamo 1948","SuperLiga","Romania","2021","Departures","Cătălin Țîră","https://www.transfermarkt.com/catalin-tira/profil/spieler/168257","Centre-Forward","27","Romania","Bisceglie","Serie D - H","Italy",0,FALSE,NA,"Winter",11,8,1,241
"FC Dinamo 1948","SuperLiga","Romania","2021","Departures","Mihai Neicuțescu","https://www.transfermarkt.com/mihai-neicutescu/profil/spieler/436079","Centre-Forward","23","Romania","FC Buzău","Liga 2","Romania",0,FALSE,NA,"Winter",9,6,0,180
"FC Dinamo 1948","SuperLiga","Romania","2021","Departures","Robert Moldoveanu","https://www.transfermarkt.com/robert-moldoveanu/profil/spieler/319235","Right Winger","22","Romania","FCV Farul","SuperLiga","Romania",0,FALSE,NA,"Winter",14,13,0,912
"FC Dinamo 1948","SuperLiga","Romania","2021","Departures","Constantin Nica","https://www.transfermarkt.com/constantin-nica/profil/spieler/221815","Right-Back","28","Romania","Pistoiese","Serie C - B","Italy",0,FALSE,NA,"Winter",1,1,0,67
"FC Dinamo 1948","SuperLiga","Romania","2021","Departures","Petar Gluhakovic","https://www.transfermarkt.com/petar-gluhakovic/profil/spieler/186361","Right-Back","25","Austria","SV Stripfing","Regional League East","Austria",0,FALSE,NA,"Winter",5,2,0,162
"FC Dinamo 1948","SuperLiga","Romania","2021","Departures","Marko Nunic","https://www.transfermarkt.com/marko-nunic/profil/spieler/201668","Centre-Forward","28","Slovenia","PAEEK Kyrenia","Cyprus League","Cyprus",NA,FALSE,"?","Winter",7,5,0,182
"FC Dinamo 1948","SuperLiga","Romania","2021","Departures","André Pinto","https://www.transfermarkt.com/andre-pinto/profil/spieler/58923","Centre-Back","32","Portugal",NA,NA,NA,NA,FALSE,"-","Winter",11,9,0,810
"FC Dinamo 1948","SuperLiga","Romania","2021","Departures","Nikolaos Kenourgios","https://www.transfermarkt.com/nikolaos-kenourgios/profil/spieler/493332","Left-Back","23","Greece","Without Club",NA,NA,NA,FALSE,"-","Winter",7,7,0,497
"FC Dinamo 1948","SuperLiga","Romania","2021","Departures","Michel Espinosa","https://www.transfermarkt.com/michel-espinosa/profil/spieler/187387","Defensive Midfield","28","France","Without Club",NA,NA,NA,FALSE,"-","Winter",4,4,0,333
"FC Dinamo 1948","SuperLiga","Romania","2021","Departures","Răzvan Popa","https://www.transfermarkt.com/razvan-popa/profil/spieler/220851","Centre-Back","25","Romania",NA,NA,NA,NA,FALSE,"-","Winter",13,8,0,590
"FC Dinamo 1948","SuperLiga","Romania","2021","Departures","Tomas Vestenicky","https://www.transfermarkt.com/tomas-vestenicky/profil/spieler/186393","Centre-Forward","25","Slovakia","Without Club",NA,NA,NA,FALSE,"-","Winter",8,7,0,140
"FC Dinamo 1948","SuperLiga","Romania","2021","Departures","Alin Dudea","https://www.transfermarkt.com/alin-dudea/profil/spieler/328517","Defensive Midfield","24","Romania","Dinamo II",NA,"Romania",NA,FALSE,"-","Winter",6,4,0,189
"FC Dinamo 1948","SuperLiga","Romania","2021","Departures","Roberto Dinita","https://www.transfermarkt.com/roberto-dinita/profil/spieler/798262","Defensive Midfield","19","Romania","Dinamo II",NA,"Romania",NA,FALSE,"-","Winter",NA,NA,NA,NA
"FC Dinamo 1948","SuperLiga","Romania","2021","Departures","David Țone","https://www.transfermarkt.com/david-tone/profil/spieler/863542","Centre-Back","17","Romania","Dinamo II",NA,"Romania",NA,FALSE,"-","Winter",NA,NA,NA,NA
"FC Dinamo 1948","SuperLiga","Romania","2021","Departures","Andrei Mitran","https://www.transfermarkt.com/andrei-mitran/profil/spieler/540890","Left-Back","20","Romania","Dinamo II",NA,"Romania",NA,FALSE,"-","Winter",2,0,0,0
"FC Dinamo 1948","SuperLiga","Romania","2021","Departures","Cătălin Itu","https://www.transfermarkt.com/catalin-itu/profil/spieler/464306","Central Midfield","22","Romania","CFR Cluj","SuperLiga","Romania",NA,TRUE,"End of loan Jan 4, 2022","Winter",15,15,0,977
"AFC Chindia Targoviste","Liga 2","Romania","2021","Arrivals","Paul Iacob","https://www.transfermarkt.com/paul-iacob/profil/spieler/303359","Centre-Back","25","Romania","FCV Farul","SuperLiga","Romania",0,FALSE,NA,"Summer",42,42,0,3754
"AFC Chindia Targoviste","Liga 2","Romania","2021","Arrivals","Marco Dulca","https://www.transfermarkt.com/marco-dulca/profil/spieler/391445","Defensive Midfield","22","Romania","FCV Farul","SuperLiga","Romania",0,FALSE,NA,"Summer",38,37,2,2970
"AFC Chindia Targoviste","Liga 2","Romania","2021","Arrivals","Daniel Popa","https://www.transfermarkt.com/daniel-popa/profil/spieler/341364","Centre-Forward","25","Romania","FC Dinamo","SuperLiga","Romania",0,FALSE,NA,"Summer",27,26,6,2043
"AFC Chindia Targoviste","Liga 2","Romania","2021","Arrivals","Simo Rumbullaku","https://www.transfermarkt.com/simo-rumbullaku/profil/spieler/234237","Left-Back","29","Albania","UTA Arad","SuperLiga","Romania",0,FALSE,NA,"Summer",36,23,0,1502
"AFC Chindia Targoviste","Liga 2","Romania","2021","Arrivals","Cătălin Căbuz","https://www.transfermarkt.com/catalin-cabuz/profil/spieler/315442","Goalkeeper","25","Romania","FCV Farul","SuperLiga","Romania",0,FALSE,NA,"Summer",42,33,0,2955
"AFC Chindia Targoviste","Liga 2","Romania","2021","Arrivals","Nikolaos Baxevanos","https://www.transfermarkt.com/nikolaos-baxevanos/profil/spieler/465616","Centre-Back","21","Greece","Lazio","Serie A","Italy",0,FALSE,NA,"Summer",7,7,0,574
"AFC Chindia Targoviste","Liga 2","Romania","2021","Arrivals","Doru Popadiuc","https://www.transfermarkt.com/doru-popadiuc/profil/spieler/279927","Attacking Midfield","26","Romania","ACSM Poli Iasi","Liga 2","Romania",0,FALSE,NA,"Summer",42,40,4,3036
"AFC Chindia Targoviste","Liga 2","Romania","2021","Arrivals","Sergiu Suciu","https://www.transfermarkt.com/sergiu-suciu/profil/spieler/113612","Central Midfield","31","Romania","Juve Stabia","Serie C - C","Italy",0,FALSE,NA,"Summer",20,11,0,611
"AFC Chindia Targoviste","Liga 2","Romania","2021","Arrivals","Adrian Stoian","https://www.transfermarkt.com/adrian-stoian/profil/spieler/96853","Left Winger","30","Romania","Without Club",NA,NA,0,FALSE,NA,"Summer",12,7,0,198
"AFC Chindia Targoviste","Liga 2","Romania","2021","Arrivals","Mikaël Cantave","https://www.transfermarkt.com/mikael-cantave/profil/spieler/294687","Right Winger","24","Haiti","CP Villarrobledo",NA,"Spain",0,FALSE,NA,"Summer",13,9,0,130
"AFC Chindia Targoviste","Liga 2","Romania","2021","Arrivals","Vlad Stancu","https://www.transfermarkt.com/vlad-stancu/profil/spieler/947515","Central Midfield","19","Romania","Sport Team",NA,"Romania",0,FALSE,NA,"Summer",5,1,0,1
"AFC Chindia Targoviste","Liga 2","Romania","2021","Arrivals","Tiberiu Căpușă","https://www.transfermarkt.com/tiberiu-capusa/profil/spieler/340978","Centre-Back","23","Romania","FCV Farul","SuperLiga","Romania",NA,FALSE,"?","Summer",40,38,0,3066
"AFC Chindia Targoviste","Liga 2","Romania","2021","Arrivals","Alexandru Jipa","https://www.transfermarkt.com/alexandru-jipa/profil/spieler/938289","Right Midfield","19","Romania","Sport Team",NA,"Romania",NA,FALSE,"?","Summer",22,11,0,393
"AFC Chindia Targoviste","Liga 2","Romania","2021","Arrivals","Marian Șerban","https://www.transfermarkt.com/marian-serban/profil/spieler/535465","Central Midfield","20","Romania","CS U Craiova II",NA,"Romania",NA,TRUE,"loan transfer","Summer",36,16,0,893
"AFC Chindia Targoviste","Liga 2","Romania","2021","Arrivals","Răzvan Matiș","https://www.transfermarkt.com/razvan-matis/profil/spieler/547785","Left Winger","20","Romania","FCV Farul","SuperLiga","Romania",NA,TRUE,"loan transfer","Summer",23,16,0,636
"AFC Chindia Targoviste","Liga 2","Romania","2021","Departures","Marian Aioani","https://www.transfermarkt.com/marian-aioani/profil/spieler/426724","Goalkeeper","21","Romania","FCV Farul","SuperLiga","Romania",60000,FALSE,NA,"Summer",NA,NA,NA,NA
"AFC Chindia Targoviste","Liga 2","Romania","2021","Departures","Andrei Pițian","https://www.transfermarkt.com/andrei-pitian/profil/spieler/301258","Centre-Back","25","Romania","FC Arges","SuperLiga","Romania",0,FALSE,NA,"Summer",17,17,0,1530
"AFC Chindia Targoviste","Liga 2","Romania","2021","Departures","Vadim Rață","https://www.transfermarkt.com/vadim-rata/profil/spieler/136128","Central Midfield","28","Moldova","FC Voluntari","SuperLiga","Romania",0,FALSE,NA,"Summer",NA,NA,NA,NA
"AFC Chindia Targoviste","Liga 2","Romania","2021","Departures","Denis Dumitrașcu","https://www.transfermarkt.com/denis-dumitrascu/profil/spieler/274671","Left-Back","26","Romania","FC Arges","SuperLiga","Romania",0,FALSE,NA,"Summer",NA,NA,NA,NA
"AFC Chindia Targoviste","Liga 2","Romania","2021","Departures","Bourama Fomba","https://www.transfermarkt.com/bourama-fomba/profil/spieler/780352","Centre-Back","22","Mali","FC Oleksandriya","Premier Liga","Ukraine",0,FALSE,NA,"Summer",NA,NA,NA,NA
"AFC Chindia Targoviste","Liga 2","Romania","2021","Departures","Blaise Yaméogo","https://www.transfermarkt.com/blaise-yameogo/profil/spieler/576738","Left Winger","27","Burkina Faso","Without Club",NA,NA,0,FALSE,NA,"Summer",NA,NA,NA,NA
"AFC Chindia Targoviste","Liga 2","Romania","2021","Departures","Valmir Berisha","https://www.transfermarkt.com/valmir-berisha/profil/spieler/226146","Centre-Forward","25","Sweden","Sliema Wander.","Premier League","Malta",0,FALSE,NA,"Summer",NA,NA,NA,NA
"AFC Chindia Targoviste","Liga 2","Romania","2021","Departures","Mihai Costea","https://www.transfermarkt.com/mihai-costea/profil/spieler/47572","Centre-Forward","33","Romania","Without Club",NA,NA,0,FALSE,NA,"Summer",NA,NA,NA,NA
"AFC Chindia Targoviste","Liga 2","Romania","2021","Departures","Florinel Mitrea","https://www.transfermarkt.com/florinel-mitrea/profil/spieler/700771","Left-Back","27","Romania","U Cluj","Liga 2","Romania",0,FALSE,NA,"Summer",NA,NA,NA,NA
"AFC Chindia Targoviste","Liga 2","Romania","2021","Departures","Alex Negrea","https://www.transfermarkt.com/alex-negrea/profil/spieler/303318","Left-Back","22","Romania","Sportul Simleu",NA,"Romania",0,FALSE,NA,"Summer",NA,NA,NA,NA
"AFC Chindia Targoviste","Liga 2","Romania","2021","Departures","Marco Dulca","https://www.transfermarkt.com/marco-dulca/profil/spieler/391445","Defensive Midfield","22","Romania","FCV Farul","SuperLiga","Romania",NA,TRUE,"End of loan Jun 30, 2021","Summer",38,37,2,2970
"AFC Chindia Targoviste","Liga 2","Romania","2021","Departures","Daniel Popa","https://www.transfermarkt.com/daniel-popa/profil/spieler/341364","Centre-Forward","25","Romania","FC Dinamo","SuperLiga","Romania",NA,TRUE,"End of loan Jun 30, 2021","Summer",27,26,6,2043
"AFC Chindia Targoviste","Liga 2","Romania","2021","Departures","Mihai Neicuțescu","https://www.transfermarkt.com/mihai-neicutescu/profil/spieler/436079","Centre-Forward","22","Romania","FC Dinamo","SuperLiga","Romania",NA,TRUE,"End of loan Jun 30, 2021","Summer",NA,NA,NA,NA
"AFC Chindia Targoviste","Liga 2","Romania","2021","Arrivals","Andrei Pițian","https://www.transfermarkt.com/andrei-pitian/profil/spieler/301258","Centre-Back","26","Romania","FC Arges","SuperLiga","Romania",0,FALSE,NA,"Winter",17,17,0,1530
"AFC Chindia Targoviste","Liga 2","Romania","2021","Arrivals","Juan Pablo Passaglia","https://www.transfermarkt.com/juan-pablo-passaglia/profil/spieler/128339","Central Midfield","32","Argentina","UTA Arad","SuperLiga","Romania",0,FALSE,NA,"Winter",18,18,1,1534
"AFC Chindia Targoviste","Liga 2","Romania","2021","Arrivals","Nasser Chamed","https://www.transfermarkt.com/nasser-chamed/profil/spieler/234766","Right Winger","28","Comoros","Gaz Metan","SuperLiga","Romania",0,FALSE,NA,"Winter",10,10,4,629
"AFC Chindia Targoviste","Liga 2","Romania","2021","Arrivals","Richard Sila","https://www.transfermarkt.com/richard-sila/profil/spieler/562005","Centre-Forward","23","France","FC Botosani","SuperLiga","Romania",0,FALSE,NA,"Winter",18,18,1,933
"AFC Chindia Targoviste","Liga 2","Romania","2021","Arrivals","Adrian Stoian","https://www.transfermarkt.com/adrian-stoian/profil/spieler/96853","Left Winger","30","Romania","Without Club",NA,NA,0,FALSE,NA,"Winter",12,7,0,198
"AFC Chindia Targoviste","Liga 2","Romania","2021","Arrivals","Tsvetelin Chunchukov","https://www.transfermarkt.com/tsvetelin-chunchukov/profil/spieler/274666","Centre-Forward","27","Bulgaria","Sepsi OSK","SuperLiga","Romania",NA,TRUE,"loan transfer","Winter",16,16,0,615
"AFC Chindia Targoviste","Liga 2","Romania","2021","Arrivals","Mihai Butean","https://www.transfermarkt.com/mihai-butean/profil/spieler/375712","Right-Back","25","Romania","CFR Cluj","SuperLiga","Romania",NA,TRUE,"loan transfer","Winter",17,17,1,1294
"AFC Chindia Targoviste","Liga 2","Romania","2021","Arrivals","Denis Rusu","https://www.transfermarkt.com/denis-rusu/profil/spieler/805072","Left Winger","20","Romania","CFR Cluj","SuperLiga","Romania",NA,TRUE,"loan transfer","Winter",1,1,0,10
"AFC Chindia Targoviste","Liga 2","Romania","2021","Departures","Daniel Popa","https://www.transfermarkt.com/daniel-popa/profil/spieler/341364","Centre-Forward","26","Romania","Daejeon Hana C.","K League 2","Korea, South",1e+05,FALSE,NA,"Winter",27,26,6,2043
"AFC Chindia Targoviste","Liga 2","Romania","2021","Departures","Sergiu Suciu","https://www.transfermarkt.com/sergiu-suciu/profil/spieler/113612","Central Midfield","31","Romania","Pistoiese","Serie C - B","Italy",0,FALSE,NA,"Winter",20,11,0,611
"AFC Chindia Targoviste","Liga 2","Romania","2021","Departures","Cristian Neguț","https://www.transfermarkt.com/cristian-negut/profil/spieler/430836","Centre-Forward","26","Romania","CFR Cluj","SuperLiga","Romania",NA,TRUE,"loan transfer","Winter",19,18,3,1422
"AFC Chindia Targoviste","Liga 2","Romania","2021","Departures","Adrian Stoian","https://www.transfermarkt.com/adrian-stoian/profil/spieler/96853","Left Winger","30","Romania","Without Club",NA,NA,NA,FALSE,"-","Winter",12,7,0,198
"AFC Chindia Targoviste","Liga 2","Romania","2021","Departures","Răzvan Matiș","https://www.transfermarkt.com/razvan-matis/profil/spieler/547785","Left Winger","21","Romania","FCV Farul","SuperLiga","Romania",NA,TRUE,"End of loan Feb 1, 2022","Winter",23,16,0,636
"UTA Arad","SuperLiga","Romania","2021","Arrivals","Filip Dangubic","https://www.transfermarkt.com/filip-dangubic/profil/spieler/324970","Centre-Forward","26","Croatia","NK Celje","Prva Liga","Slovenia",0,FALSE,NA,"Summer",37,33,1,1756
"UTA Arad","SuperLiga","Romania","2021","Arrivals","Idriz Batha","https://www.transfermarkt.com/idriz-batha/profil/spieler/228837","Central Midfield","29","Albania","KF Tirana","Kategoria Superiore","Albania",0,FALSE,NA,"Summer",35,35,0,2945
"UTA Arad","SuperLiga","Romania","2021","Arrivals","Juan Pablo Passaglia","https://www.transfermarkt.com/juan-pablo-passaglia/profil/spieler/128339","Central Midfield","32","Argentina","ACSM Poli Iasi","Liga 2","Romania",0,FALSE,NA,"Summer",21,19,0,1279
"UTA Arad","SuperLiga","Romania","2021","Arrivals","Vinko Medjimorec","https://www.transfermarkt.com/vinko-medjimorec/profil/spieler/381004","Centre-Back","25","Croatia","FK Gabala","Premyer Liqa","Azerbaijan",0,FALSE,NA,"Summer",32,24,0,1673
"UTA Arad","SuperLiga","Romania","2021","Arrivals","Rolandas Baravykas","https://www.transfermarkt.com/rolandas-baravykas/profil/spieler/221496","Left-Back","25","Lithuania","FK Kukësi","Kategoria Superiore","Albania",0,FALSE,NA,"Summer",38,22,0,1271
"UTA Arad","SuperLiga","Romania","2021","Arrivals","Desley Ubbink","https://www.transfermarkt.com/desley-ubbink/profil/spieler/272718","Attacking Midfield","28","Netherlands","Podbeskidzie","Betclic 1 Liga","Poland",0,FALSE,NA,"Summer",39,39,3,3290
"UTA Arad","SuperLiga","Romania","2021","Arrivals","Adrian Mar","https://www.transfermarkt.com/adrian-mar/profil/spieler/777441","Left-Back","18","Romania","CS Mioveni","SuperLiga","Romania",0,FALSE,NA,"Summer",5,0,0,0
"UTA Arad","SuperLiga","Romania","2021","Arrivals","Marko Vukcevic","https://www.transfermarkt.com/marko-vukcevic/profil/spieler/166229","Right-Back","28","Montenegro","FK Podgorica","Meridianbet 1. CFL","Montenegro",NA,FALSE,"?","Summer",36,36,0,2928
"UTA Arad","SuperLiga","Romania","2021","Arrivals","Tudor Călin","https://www.transfermarkt.com/tudor-calin/profil/spieler/666460","Central Midfield","20","Romania","Ripensia","Liga 2","Romania",NA,TRUE,"loan transfer","Summer",1,0,0,0
"UTA Arad","SuperLiga","Romania","2021","Arrivals","Constantin Dima","https://www.transfermarkt.com/constantin-dima/profil/spieler/335820","Centre-Back","22","Romania","Without Club",NA,NA,NA,FALSE,"-","Summer",28,6,0,451
"UTA Arad","SuperLiga","Romania","2021","Arrivals","Tomas Wagner","https://www.transfermarkt.com/tomas-wagner/profil/spieler/112951","Centre-Forward","31","Czech Republic","Without Club",NA,NA,NA,FALSE,"-","Summer",3,3,0,57
"UTA Arad","SuperLiga","Romania","2021","Arrivals","Claudiu Negoescu","https://www.transfermarkt.com/claudiu-negoescu/profil/spieler/672898","Right Winger","18","Romania","UTA Arad U19",NA,"Romania",NA,FALSE,"-","Summer",2,1,0,1
"UTA Arad","SuperLiga","Romania","2021","Arrivals","Darius Sfirlea","https://www.transfermarkt.com/darius-sfirlea/profil/spieler/832157","Attacking Midfield","19","Romania","UTA Arad U19",NA,"Romania",NA,FALSE,"-","Summer",NA,NA,NA,NA
"UTA Arad","SuperLiga","Romania","2021","Arrivals","Cristian Moldovan","https://www.transfermarkt.com/cristian-moldovan/profil/spieler/1164594","Attacking Midfield","19","Romania","UTA Arad U19",NA,"Romania",NA,FALSE,"-","Summer",NA,NA,NA,NA
"UTA Arad","SuperLiga","Romania","2021","Arrivals","Denis Hrezdac","https://www.transfermarkt.com/denis-hrezdac/profil/spieler/641765","Defensive Midfield","19","Romania","Corvinul",NA,"Romania",NA,TRUE,"End of loan Jun 30, 2021","Summer",14,1,0,15
"UTA Arad","SuperLiga","Romania","2021","Arrivals","Raul Opric","https://www.transfermarkt.com/raul-opric/profil/spieler/608494","Goalkeeper","19","Romania","Metalurg. Cugir",NA,"Romania",NA,TRUE,"End of loan Jun 30, 2021","Summer",NA,NA,NA,NA
"UTA Arad","SuperLiga","Romania","2021","Departures","Simo Rumbullaku","https://www.transfermarkt.com/simo-rumbullaku/profil/spieler/234237","Left-Back","29","Albania","Chindia","SuperLiga","Romania",0,FALSE,NA,"Summer",NA,NA,NA,NA
"UTA Arad","SuperLiga","Romania","2021","Departures","Adrian Petre","https://www.transfermarkt.com/adrian-petre/profil/spieler/365769","Centre-Forward","23","Romania","FCV Farul","SuperLiga","Romania",0,FALSE,NA,"Summer",NA,NA,NA,NA
"UTA Arad","SuperLiga","Romania","2021","Departures","Andrei Peteleu","https://www.transfermarkt.com/andrei-peteleu/profil/spieler/192870","Right-Back","29","Romania","Kisvárda","NB I.","Hungary",0,FALSE,NA,"Summer",NA,NA,NA,NA
"UTA Arad","SuperLiga","Romania","2021","Departures","Neluț Roșu","https://www.transfermarkt.com/nelut-rosu/profil/spieler/241310","Central Midfield","27","Romania","FC Voluntari","SuperLiga","Romania",0,FALSE,NA,"Summer",NA,NA,NA,NA
"UTA Arad","SuperLiga","Romania","2021","Departures","Valentin Buhăcianu","https://www.transfermarkt.com/valentin-buhacianu/profil/spieler/394464","Centre-Forward","27","Romania","FC Hermannstadt","Liga 2","Romania",0,FALSE,NA,"Summer",NA,NA,NA,NA
"UTA Arad","SuperLiga","Romania","2021","Departures","Ciprian Rus","https://www.transfermarkt.com/ciprian-rus/profil/spieler/397474","Centre-Forward","30","Romania","Viitorul Tg.Jiu","Liga 2","Romania",0,FALSE,NA,"Summer",NA,NA,NA,NA
"UTA Arad","SuperLiga","Romania","2021","Departures","Albert Voinea","https://www.transfermarkt.com/albert-voinea/profil/spieler/180871","Centre-Forward","28","Romania","U Cluj","Liga 2","Romania",0,FALSE,NA,"Summer",NA,NA,NA,NA
"UTA Arad","SuperLiga","Romania","2021","Departures","Dragoș Tescan","https://www.transfermarkt.com/dragos-tescan/profil/spieler/700772","Centre-Forward","21","Romania","U Cluj","Liga 2","Romania",0,FALSE,NA,"Summer",NA,NA,NA,NA
"UTA Arad","SuperLiga","Romania","2021","Departures","Rares Deta","https://www.transfermarkt.com/rares-deta/profil/spieler/728053","Left-Back","21","Romania","Slatina",NA,"Romania",0,FALSE,NA,"Summer",NA,NA,NA,NA
"UTA Arad","SuperLiga","Romania","2021","Departures","Claudiu Negoescu","https://www.transfermarkt.com/claudiu-negoescu/profil/spieler/672898","Right Winger","18","Romania","Metaloglobus","Liga 2","Romania",NA,TRUE,"loan transfer","Summer",2,1,0,1
"UTA Arad","SuperLiga","Romania","2021","Departures","Darius Sfirlea","https://www.transfermarkt.com/darius-sfirlea/profil/spieler/832157","Attacking Midfield","19","Romania","Luceafarul",NA,"Romania",NA,TRUE,"loan transfer","Summer",NA,NA,NA,NA
"UTA Arad","SuperLiga","Romania","2021","Departures","Rafael Zamfir","https://www.transfermarkt.com/rafael-zamfir/profil/spieler/700766","Goalkeeper","19","Romania","Pecica",NA,"Romania",NA,TRUE,"loan transfer","Summer",NA,NA,NA,NA
"UTA Arad","SuperLiga","Romania","2021","Departures","Cristian Moldovan","https://www.transfermarkt.com/cristian-moldovan/profil/spieler/1164594","Attacking Midfield","19","Romania","Front. Curtici",NA,"Romania",NA,TRUE,"loan transfer","Summer",NA,NA,NA,NA
"UTA Arad","SuperLiga","Romania","2021","Departures","Mario Andries","https://www.transfermarkt.com/mario-andries/profil/spieler/1164588","Right Winger","17","Romania","Front. Curtici",NA,"Romania",NA,TRUE,"loan transfer","Summer",NA,NA,NA,NA
"UTA Arad","SuperLiga","Romania","2021","Departures","Cristian Melinte","https://www.transfermarkt.com/cristian-melinte/profil/spieler/63461","Centre-Back","33","Romania","Unknown",NA,NA,NA,FALSE,"-","Summer",NA,NA,NA,NA
"UTA Arad","SuperLiga","Romania","2021","Departures","Alexandru Albu","https://www.transfermarkt.com/alexandru-albu/profil/spieler/372908","Defensive Midfield","27","Romania","Concordia","Liga 2","Romania",NA,TRUE,"End of loan Jun 30, 2021","Summer",NA,NA,NA,NA
"UTA Arad","SuperLiga","Romania","2021","Arrivals","Nicolao Cardoso","https://www.transfermarkt.com/nicolao-cardoso/profil/spieler/87052","Left Winger","30","Italy","Suwon Bluewings","K League 1","Korea, South",0,FALSE,NA,"Winter",13,13,3,740
"UTA Arad","SuperLiga","Romania","2021","Arrivals","Karolis Laukžemis","https://www.transfermarkt.com/karolis-laukzemis/profil/spieler/167371","Centre-Forward","29","Lithuania","Kaysar","Pervaya Liga","Kazakhstan",0,FALSE,NA,"Winter",18,12,0,475
"UTA Arad","SuperLiga","Romania","2021","Arrivals","Florentin Matei","https://www.transfermarkt.com/florentin-matei/profil/spieler/147998","Attacking Midfield","28","Romania","Apollon Smyrnis","Super League 1","Greece",0,FALSE,NA,"Winter",10,10,0,180
"UTA Arad","SuperLiga","Romania","2021","Arrivals","Philip Otele","https://www.transfermarkt.com/philip-otele/profil/spieler/678655","Left Winger","22","Nigeria","Kauno Žalgiris","A Lyga","Lithuania",0,FALSE,NA,"Winter",16,16,5,1163
"UTA Arad","SuperLiga","Romania","2021","Arrivals","Easton Ongaro","https://www.transfermarkt.com/easton-ongaro/profil/spieler/673051","Centre-Forward","23","Canada","FC Edmonton","CanPL","Canada",0,FALSE,NA,"Winter",6,6,1,135
"UTA Arad","SuperLiga","Romania","2021","Arrivals","Fabiano Cibi","https://www.transfermarkt.com/fabiano-cibi/profil/spieler/723839","Defensive Midfield","16","Romania","LPS Banatul",NA,"Romania",NA,FALSE,"?","Winter",3,1,0,3
"UTA Arad","SuperLiga","Romania","2021","Arrivals","Constantin Dima","https://www.transfermarkt.com/constantin-dima/profil/spieler/335820","Centre-Back","22","Romania","Without Club",NA,NA,NA,FALSE,"-","Winter",28,6,0,451
"UTA Arad","SuperLiga","Romania","2021","Arrivals","Tomas Wagner","https://www.transfermarkt.com/tomas-wagner/profil/spieler/112951","Centre-Forward","31","Czech Republic","Without Club",NA,NA,NA,FALSE,"-","Winter",3,3,0,57
"UTA Arad","SuperLiga","Romania","2021","Arrivals","Alexandru Pătlăgică","https://www.transfermarkt.com/alexandru-patlagica/profil/spieler/916317","Right-Back","18","Romania","UTA Arad U19",NA,"Romania",NA,FALSE,"-","Winter",14,5,0,82
"UTA Arad","SuperLiga","Romania","2021","Arrivals","Alexandru Roșca","https://www.transfermarkt.com/alexandru-rosca/profil/spieler/968921","Goalkeeper","18","Romania","UTA Arad U19",NA,"Romania",NA,FALSE,"-","Winter",3,0,0,0
"UTA Arad","SuperLiga","Romania","2021","Departures","Roger","https://www.transfermarkt.com/roger/profil/spieler/435169","Attacking Midfield","25","Brazil","CFR Cluj","SuperLiga","Romania",2e+05,FALSE,NA,"Winter",27,27,3,2064
"UTA Arad","SuperLiga","Romania","2021","Departures","Ioan Hora","https://www.transfermarkt.com/ioan-hora/profil/spieler/54528","Centre-Forward","33","Romania","FC Hermannstadt","Liga 2","Romania",0,FALSE,NA,"Winter",18,18,4,825
"UTA Arad","SuperLiga","Romania","2021","Departures","Juan Pablo Passaglia","https://www.transfermarkt.com/juan-pablo-passaglia/profil/spieler/128339","Central Midfield","32","Argentina","Chindia","SuperLiga","Romania",0,FALSE,NA,"Winter",21,19,0,1279
"UTA Arad","SuperLiga","Romania","2021","Departures","Liviu Antal","https://www.transfermarkt.com/liviu-antal/profil/spieler/123256","Right Winger","32","Romania","Haladás","NB II.","Hungary",0,FALSE,NA,"Winter",22,21,2,639
"UTA Arad","SuperLiga","Romania","2021","Departures","Marius Tomozei","https://www.transfermarkt.com/marius-tomozei/profil/spieler/213243","Right-Back","31","Romania","FC Dinamo","SuperLiga","Romania",0,FALSE,NA,"Winter",10,4,0,152
"UTA Arad","SuperLiga","Romania","2021","Departures","Florin Ilie","https://www.transfermarkt.com/florin-ilie/profil/spieler/192866","Centre-Back","29","Romania","U Cluj","Liga 2","Romania",0,FALSE,NA,"Winter",8,2,0,91
"UTA Arad","SuperLiga","Romania","2021","Departures","Sorin Bustea","https://www.transfermarkt.com/sorin-bustea/profil/spieler/213101","Left-Back","27","Romania","CSA Steaua","Liga 2","Romania",0,FALSE,NA,"Winter",20,6,0,108
"UTA Arad","SuperLiga","Romania","2021","Departures","Adrian Mar","https://www.transfermarkt.com/adrian-mar/profil/spieler/777441","Left-Back","19","Romania","Alexandria",NA,"Romania",NA,TRUE,"loan transfer","Winter",5,0,0,0
"UTA Arad","SuperLiga","Romania","2021","Departures","Haralambie Mociu","https://www.transfermarkt.com/haralambie-mociu/profil/spieler/724572","Goalkeeper","20","Romania","Corvinul",NA,"Romania",NA,TRUE,"loan transfer","Winter",1,0,0,0
"UTA Arad","SuperLiga","Romania","2021","Departures","Samir Borcea","https://www.transfermarkt.com/samir-borcea/profil/spieler/1161373","Centre-Forward","18","Romania","Pecica",NA,"Romania",NA,TRUE,"loan transfer","Winter",NA,NA,NA,NA
"UTA Arad","SuperLiga","Romania","2021","Departures","Tomas Wagner","https://www.transfermarkt.com/tomas-wagner/profil/spieler/112951","Centre-Forward","31","Czech Republic","Without Club",NA,NA,NA,FALSE,"-","Winter",3,3,0,57
"ACSC FC Arges","SuperLiga","Romania","2021","Arrivals","Alexandru Ișfan","https://www.transfermarkt.com/alexandru-isfan/profil/spieler/672055","Right Winger","21","Romania","CS Mioveni","SuperLiga","Romania",2e+05,FALSE,NA,"Summer",43,42,4,2921
"ACSC FC Arges","SuperLiga","Romania","2021","Arrivals","Martin Raynov","https://www.transfermarkt.com/martin-raynov/profil/spieler/237017","Defensive Midfield","29","Bulgaria","FC Ashdod","Ligat ha'Al","Israel",0,FALSE,NA,"Summer",35,35,2,2528
"ACSC FC Arges","SuperLiga","Romania","2021","Arrivals","Andrei Pițian","https://www.transfermarkt.com/andrei-pitian/profil/spieler/301258","Centre-Back","25","Romania","Chindia","SuperLiga","Romania",0,FALSE,NA,"Summer",18,12,0,665
"ACSC FC Arges","SuperLiga","Romania","2021","Arrivals","Denis Dumitrașcu","https://www.transfermarkt.com/denis-dumitrascu/profil/spieler/274671","Left-Back","26","Romania","Chindia","SuperLiga","Romania",0,FALSE,NA,"Summer",38,33,1,1657
"ACSC FC Arges","SuperLiga","Romania","2021","Arrivals","Jafar Arias","https://www.transfermarkt.com/jafar-arias/profil/spieler/326997","Centre-Forward","26","Curacao","VVV-Venlo","Keuken Kampioen Divisie","Netherlands",0,FALSE,NA,"Summer",29,20,2,916
"ACSC FC Arges","SuperLiga","Romania","2021","Arrivals","João Miguel","https://www.transfermarkt.com/joao-miguel/profil/spieler/254582","Centre-Back","27","Portugal","Mafra","Liga Portugal 2","Portugal",0,FALSE,NA,"Summer",39,29,1,2367
"ACSC FC Arges","SuperLiga","Romania","2021","Arrivals","Diogo Viana","https://www.transfermarkt.com/diogo-viana/profil/spieler/72855","Right Winger","31","Portugal","Feirense","Liga Portugal 2","Portugal",0,FALSE,NA,"Summer",42,32,2,1705
"ACSC FC Arges","SuperLiga","Romania","2021","Arrivals","Iasmin Latovlevici","https://www.transfermarkt.com/iasmin-latovlevici/profil/spieler/47172","Left-Back","35","Romania","CFR Cluj","SuperLiga","Romania",0,FALSE,NA,"Summer",30,28,1,2233
"ACSC FC Arges","SuperLiga","Romania","2021","Arrivals","Cristian Tănase","https://www.transfermarkt.com/cristian-tanase/profil/spieler/46662","Left Winger","34","Romania","Ac. Clinceni","SuperLiga","Romania",0,FALSE,NA,"Summer",25,25,3,1541
"ACSC FC Arges","SuperLiga","Romania","2021","Arrivals","Said Ahmed Said","https://www.transfermarkt.com/said-ahmed-said/profil/spieler/45529","Centre-Forward","28","Italy","Rio Ave","Liga Portugal 2","Portugal",0,FALSE,NA,"Summer",29,28,3,1535
"ACSC FC Arges","SuperLiga","Romania","2021","Arrivals","Jucie Lupeta","https://www.transfermarkt.com/jucie-lupeta/profil/spieler/269927","Centre-Forward","28","Portugal","M. Petah Tikva","Ligat ha'Al","Israel",0,FALSE,NA,"Summer",6,5,0,315
"ACSC FC Arges","SuperLiga","Romania","2021","Arrivals","Claudiu Moisie","https://www.transfermarkt.com/claudiu-moisie/profil/spieler/700776","Centre-Back","21","Romania","Pandurii ",NA,"Romania",0,FALSE,NA,"Summer",20,4,0,109
"ACSC FC Arges","SuperLiga","Romania","2021","Arrivals","Kehinde Fatai","https://www.transfermarkt.com/kehinde-fatai/profil/spieler/73951","Centre-Forward","31","Nigeria","Without Club",NA,NA,0,FALSE,NA,"Summer",27,22,2,982
"ACSC FC Arges","SuperLiga","Romania","2021","Arrivals","Alexandru Crivac","https://www.transfermarkt.com/alexandru-crivac/profil/spieler/568577","Defensive Midfield","19","Romania","FCV Farul","SuperLiga","Romania",0,FALSE,NA,"Summer",3,1,0,1
"ACSC FC Arges","SuperLiga","Romania","2021","Arrivals","Theodor Butoiu","https://www.transfermarkt.com/theodor-butoiu/profil/spieler/575177","Centre-Forward","19","Romania","FC D. Coman",NA,"Romania",0,FALSE,NA,"Summer",NA,NA,NA,NA
"ACSC FC Arges","SuperLiga","Romania","2021","Arrivals","Tiberiu Coman","https://www.transfermarkt.com/tiberiu-coman/profil/spieler/866063","Centre-Forward","19","Romania","CS Mioveni","SuperLiga","Romania",0,FALSE,NA,"Summer",1,0,0,0
"ACSC FC Arges","SuperLiga","Romania","2021","Arrivals","Cristian Dumitru","https://www.transfermarkt.com/cristian-dumitru/profil/spieler/599600","Left Winger","19","Romania","FCSB","SuperLiga","Romania",NA,TRUE,"loan transfer","Summer",35,33,2,1582
"ACSC FC Arges","SuperLiga","Romania","2021","Arrivals","Tudor Telcean","https://www.transfermarkt.com/tudor-telcean/profil/spieler/671627","Centre-Back","19","Romania","U Cluj","Liga 2","Romania",NA,TRUE,"loan transfer","Summer",8,3,0,313
"ACSC FC Arges","SuperLiga","Romania","2021","Arrivals","Ovidiu Rasoveanu","https://www.transfermarkt.com/ovidiu-rasoveanu/profil/spieler/623417","Right Winger","19","Romania","Pandurii ","Liga 2","Romania",NA,TRUE,"End of loan Jun 30, 2021","Summer",NA,NA,NA,NA
"ACSC FC Arges","SuperLiga","Romania","2021","Arrivals","Angelo Cocian","https://www.transfermarkt.com/angelo-cocian/profil/spieler/478052","Central Midfield","19","Romania","Unirea Dej",NA,"Romania",NA,TRUE,"End of loan Jun 30, 2020","Summer",NA,NA,NA,NA
"ACSC FC Arges","SuperLiga","Romania","2021","Departures","Cephas Malele","https://www.transfermarkt.com/cephas-malele/profil/spieler/22686","Centre-Forward","27","Switzerland","Al-Tai","Saudi Pro League","Saudi Arabia",0,FALSE,NA,"Summer",NA,NA,NA,NA
"ACSC FC Arges","SuperLiga","Romania","2021","Departures","Robert Grecu","https://www.transfermarkt.com/robert-grecu/profil/spieler/295824","Right Winger","23","Romania","Astra Giurgiu","Liga 2","Romania",0,FALSE,NA,"Summer",NA,NA,NA,NA
"ACSC FC Arges","SuperLiga","Romania","2021","Departures","Pablo de Lucas","https://www.transfermarkt.com/pablo-de-lucas/profil/spieler/57851","Defensive Midfield","34","Spain","FK Kukësi","Kategoria Superiore","Albania",0,FALSE,NA,"Summer",NA,NA,NA,NA
"ACSC FC Arges","SuperLiga","Romania","2021","Departures","Sylvain Deslandes","https://www.transfermarkt.com/sylvain-deslandes/profil/spieler/272621","Centre-Back","24","France","Debrecen","NB I.","Hungary",0,FALSE,NA,"Summer",NA,NA,NA,NA
"ACSC FC Arges","SuperLiga","Romania","2021","Departures","Mediop Ndiaye","https://www.transfermarkt.com/mediop-ndiaye/profil/spieler/515941","Centre-Forward","30","Senegal","ACSM Reșița",NA,"Romania",0,FALSE,NA,"Summer",NA,NA,NA,NA
"ACSC FC Arges","SuperLiga","Romania","2021","Departures","Alexander Maes","https://www.transfermarkt.com/alexander-maes/profil/spieler/110796","Central Midfield","29","Belgium","Lierse SK","Challenger Pro League","Belgium",0,FALSE,NA,"Summer",NA,NA,NA,NA
"ACSC FC Arges","SuperLiga","Romania","2021","Departures","Jucie Lupeta","https://www.transfermarkt.com/jucie-lupeta/profil/spieler/269927","Centre-Forward","28","Portugal","FC Botosani","SuperLiga","Romania",0,FALSE,NA,"Summer",6,5,0,315
"ACSC FC Arges","SuperLiga","Romania","2021","Departures","Sérgio Marakis","https://www.transfermarkt.com/sergio-marakis/profil/spieler/188669","Defensive Midfield","29","Portugal","SV Horn","2. Liga","Austria",0,FALSE,NA,"Summer",NA,NA,NA,NA
"ACSC FC Arges","SuperLiga","Romania","2021","Departures","Ionuț Năstăsie","https://www.transfermarkt.com/ionut-nastasie/profil/spieler/148000","Left Winger","29","Romania","FC Hermannstadt","Liga 2","Romania",0,FALSE,NA,"Summer",NA,NA,NA,NA
"ACSC FC Arges","SuperLiga","Romania","2021","Departures","Alin Popa","https://www.transfermarkt.com/alin-popa/profil/spieler/209115","Right Midfield","30","Romania","V. Colonesti",NA,"Romania",0,FALSE,NA,"Summer",NA,NA,NA,NA
"ACSC FC Arges","SuperLiga","Romania","2021","Departures","Andrei Mirica","https://www.transfermarkt.com/andrei-mirica/profil/spieler/710095","Left Midfield","20","Romania","Pop. Leordeni",NA,"Romania",0,FALSE,NA,"Summer",NA,NA,NA,NA
"ACSC FC Arges","SuperLiga","Romania","2021","Departures","Ovidiu Rasoveanu","https://www.transfermarkt.com/ovidiu-rasoveanu/profil/spieler/623417","Right Winger","19","Romania","Pandurii ",NA,"Romania",0,FALSE,NA,"Summer",NA,NA,NA,NA
"ACSC FC Arges","SuperLiga","Romania","2021","Departures","George Micle","https://www.transfermarkt.com/george-micle/profil/spieler/723749","Goalkeeper","19","Romania","U Cluj","Liga 2","Romania",NA,TRUE,"loan transfer","Summer",8,1,0,90
"ACSC FC Arges","SuperLiga","Romania","2021","Departures","Luka Maric","https://www.transfermarkt.com/luka-maric/profil/spieler/190722","Centre-Back","34","Croatia","Without Club",NA,NA,NA,FALSE,"-","Summer",NA,NA,NA,NA
"ACSC FC Arges","SuperLiga","Romania","2021","Departures","Mihai Leca","https://www.transfermarkt.com/mihai-leca/profil/spieler/234286","Centre-Back","29","Romania","Without Club",NA,NA,NA,FALSE,"-","Summer",NA,NA,NA,NA
"ACSC FC Arges","SuperLiga","Romania","2021","Departures","Cristian Dumitru","https://www.transfermarkt.com/cristian-dumitru/profil/spieler/599600","Left Winger","19","Romania","FCSB","SuperLiga","Romania",NA,TRUE,"End of loan Jun 30, 2021","Summer",35,33,2,1582
"ACSC FC Arges","SuperLiga","Romania","2021","Departures","Stephan Drăghici","https://www.transfermarkt.com/stephan-draghici/profil/spieler/435706","Right Midfield","23","Romania","CS U Craiova","SuperLiga","Romania",NA,TRUE,"End of loan Jun 30, 2021","Summer",NA,NA,NA,NA
"ACSC FC Arges","SuperLiga","Romania","2021","Arrivals","Alin Dobrosavlevici","https://www.transfermarkt.com/alin-dobrosavlevici/profil/spieler/213589","Centre-Back","27","Romania","FCV Farul","SuperLiga","Romania",0,FALSE,NA,"Winter",19,15,1,1205
"ACSC FC Arges","SuperLiga","Romania","2021","Arrivals","Kehinde Fatai","https://www.transfermarkt.com/kehinde-fatai/profil/spieler/73951","Centre-Forward","31","Nigeria","Without Club",NA,NA,0,FALSE,NA,"Winter",27,22,2,982
"ACSC FC Arges","SuperLiga","Romania","2021","Arrivals","George Ganea","https://www.transfermarkt.com/george-ganea/profil/spieler/335821","Left Winger","22","Romania","FCV Farul","SuperLiga","Romania",NA,TRUE,"loan transfer","Winter",15,14,1,1031
"ACSC FC Arges","SuperLiga","Romania","2021","Arrivals","George Micle","https://www.transfermarkt.com/george-micle/profil/spieler/723749","Goalkeeper","20","Romania","U Cluj","Liga 2","Romania",NA,TRUE,"End of loan Jan 5, 2022","Winter",8,1,0,90
"ACSC FC Arges","SuperLiga","Romania","2021","Departures","Andrei Pițian","https://www.transfermarkt.com/andrei-pitian/profil/spieler/301258","Centre-Back","26","Romania","Chindia","SuperLiga","Romania",0,FALSE,NA,"Winter",18,12,0,665
"ACSC FC Arges","SuperLiga","Romania","2021","Departures","Ruan Teles","https://www.transfermarkt.com/ruan-teles/profil/spieler/520787","Right Winger","24","Brazil","Kaspiy Aktau","Premier Liga","Kazakhstan",0,FALSE,NA,"Winter",19,13,0,506
"ACSC FC Arges","SuperLiga","Romania","2021","Departures","Tiberiu Coman","https://www.transfermarkt.com/tiberiu-coman/profil/spieler/866063","Centre-Forward","19","Romania","CS Mioveni","SuperLiga","Romania",NA,FALSE,"?","Winter",1,0,0,0
"ACSC FC Arges","SuperLiga","Romania","2021","Departures","Theodor Butoiu","https://www.transfermarkt.com/theodor-butoiu/profil/spieler/575177","Centre-Forward","20","Romania","Flacara Horezu",NA,"Romania",NA,TRUE,"loan transfer","Winter",NA,NA,NA,NA
"ACSC FC Arges","SuperLiga","Romania","2021","Departures","Jimmy De Jonghe","https://www.transfermarkt.com/jimmy-de-jonghe/profil/spieler/110671","Left-Back","29","Belgium","Without Club",NA,NA,NA,FALSE,"-","Winter",11,7,0,353
"ACSC FC Arges","SuperLiga","Romania","2021","Departures","Alexandru Crivac","https://www.transfermarkt.com/alexandru-crivac/profil/spieler/568577","Defensive Midfield","19","Romania","Arges U19",NA,"Romania",NA,FALSE,"-","Winter",3,1,0,1
"ACSC FC Arges","SuperLiga","Romania","2021","Departures","Tudor Telcean","https://www.transfermarkt.com/tudor-telcean/profil/spieler/671627","Centre-Back","20","Romania","U Cluj","Liga 2","Romania",NA,TRUE,"End of loan Jan 6, 2022","Winter",8,3,0,313
"Gaz Metan Medias (- 2022)",NA,NA,"2021","Arrivals","Octavian Vâlceanu","https://www.transfermarkt.com/octavian-valceanu/profil/spieler/252192","Goalkeeper","24","Romania","V. Domnesti",NA,"Romania",0,FALSE,NA,"Summer",27,23,0,2070
"Gaz Metan Medias (- 2022)",NA,NA,"2021","Arrivals","Mihai Dobrescu","https://www.transfermarkt.com/mihai-dobrescu/profil/spieler/236127","Left-Back","28","Romania","Ac. Clinceni","SuperLiga","Romania",0,FALSE,NA,"Summer",15,14,0,1064
"Gaz Metan Medias (- 2022)",NA,NA,"2021","Arrivals","Patricio Matricardi","https://www.transfermarkt.com/patricio-matricardi/profil/spieler/283585","Centre-Back","27","Argentina","FC Hermannstadt","Liga 2","Romania",0,FALSE,NA,"Summer",28,28,3,2375
"Gaz Metan Medias (- 2022)",NA,NA,"2021","Arrivals","Răzvan Grădinaru","https://www.transfermarkt.com/razvan-gradinaru/profil/spieler/289256","Right-Back","25","Romania","FCV Farul","SuperLiga","Romania",0,FALSE,NA,"Summer",25,25,0,1848
"Gaz Metan Medias (- 2022)",NA,NA,"2021","Arrivals","Mathaus","https://www.transfermarkt.com/mathaus/profil/spieler/380301","Centre-Back","30","Cape Verde","Académico Viseu","Liga Portugal 2","Portugal",0,FALSE,NA,"Summer",16,15,2,971
"Gaz Metan Medias (- 2022)",NA,NA,"2021","Arrivals","Christian Irobiso","https://www.transfermarkt.com/christian-irobiso/profil/spieler/213351","Centre-Forward","28","Nigeria","Varzim","Liga Portugal 2","Portugal",0,FALSE,NA,"Summer",25,23,2,1345
"Gaz Metan Medias (- 2022)",NA,NA,"2021","Arrivals","Diogo Izata","https://www.transfermarkt.com/diogo-izata/profil/spieler/258024","Centre-Back","24","Portugal","Vilafranquense","Liga Portugal 2","Portugal",0,FALSE,NA,"Summer",15,13,0,616
"Gaz Metan Medias (- 2022)",NA,NA,"2021","Arrivals","Ioan Filip","https://www.transfermarkt.com/ioan-filip/profil/spieler/169272","Defensive Midfield","32","Romania","U Cluj","Liga 2","Romania",0,FALSE,NA,"Summer",25,24,2,1581
"Gaz Metan Medias (- 2022)",NA,NA,"2021","Arrivals","Paul Pațurcă","https://www.transfermarkt.com/paul-paturca/profil/spieler/244912","Central Midfield","25","Romania","FC Buzău","Liga 2","Romania",0,FALSE,NA,"Summer",NA,NA,NA,NA
"Gaz Metan Medias (- 2022)",NA,NA,"2021","Arrivals","Dragoș Iancu","https://www.transfermarkt.com/dragos-iancu/profil/spieler/878792","Central Midfield","18","Romania","CFR Cluj U19",NA,"Romania",0,FALSE,NA,"Summer",29,23,1,1533
"Gaz Metan Medias (- 2022)",NA,NA,"2021","Arrivals","Raul Steau","https://www.transfermarkt.com/raul-steau/profil/spieler/547818","Attacking Midfield","20","Romania","Sassuolo","Serie A","Italy",0,FALSE,NA,"Summer",26,22,2,1128
"Gaz Metan Medias (- 2022)",NA,NA,"2021","Arrivals","Ramon Gașpar","https://www.transfermarkt.com/ramon-gaspar/profil/spieler/913161","Attacking Midfield","18","Romania","Cork Academy",NA,"Ireland",0,FALSE,NA,"Summer",26,16,1,1040
"Gaz Metan Medias (- 2022)",NA,NA,"2021","Arrivals","Mihai Lixandru","https://www.transfermarkt.com/mihai-lixandru/profil/spieler/824915","Central Midfield","20","Romania","FCSB II",NA,"Romania",NA,TRUE,"loan transfer","Summer",22,18,1,1097
"Gaz Metan Medias (- 2022)",NA,NA,"2021","Arrivals","Cristian Avram","https://www.transfermarkt.com/cristian-avram/profil/spieler/666464","Central Midfield","18","Romania","Gaz Metan II",NA,"Romania",NA,FALSE,"-","Summer",19,12,0,950
"Gaz Metan Medias (- 2022)",NA,NA,"2021","Arrivals","Tomas Smola","https://www.transfermarkt.com/tomas-smola/profil/spieler/255413","Centre-Forward","32","Czech Republic","SFC Opava","Chance Liga","Czech Republic",NA,TRUE,"End of loan Jun 30, 2021","Summer",4,1,0,19
"Gaz Metan Medias (- 2022)",NA,NA,"2021","Departures","Ricardo Valente","https://www.transfermarkt.com/ricardo-valente/profil/spieler/292775","Centre-Forward","30","Portugal","Beykoz Anadolu","1.Lig","Türkiye",0,FALSE,NA,"Summer",NA,NA,NA,NA
"Gaz Metan Medias (- 2022)",NA,NA,"2021","Departures","Ondrej Baco","https://www.transfermarkt.com/ondrej-baco/profil/spieler/431058","Centre-Back","25","Czech Republic","H. Jerusalem","Ligat ha'Al","Israel",0,FALSE,NA,"Summer",NA,NA,NA,NA
"Gaz Metan Medias (- 2022)",NA,NA,"2021","Departures","Ionuț Larie","https://www.transfermarkt.com/ionut-larie/profil/spieler/46582","Centre-Back","34","Romania","FCV Farul","SuperLiga","Romania",0,FALSE,NA,"Summer",NA,NA,NA,NA
"Gaz Metan Medias (- 2022)",NA,NA,"2021","Departures","Zé Manuel","https://www.transfermarkt.com/ze-manuel/profil/spieler/113025","Right Winger","30","Portugal","Rio Ave","Liga Portugal 2","Portugal",0,FALSE,NA,"Summer",NA,NA,NA,NA
"Gaz Metan Medias (- 2022)",NA,NA,"2021","Departures","Paul Pațurcă","https://www.transfermarkt.com/paul-paturca/profil/spieler/244912","Central Midfield","25","Romania","FC Buzău","Liga 2","Romania",0,FALSE,NA,"Summer",NA,NA,NA,NA
"Gaz Metan Medias (- 2022)",NA,NA,"2021","Departures","Yael Tiendrebeogo","https://www.transfermarkt.com/yael-tiendrebeogo/profil/spieler/649458","Defensive Midfield","20","Burkina Faso","Neuves-Maisons ",NA,"France",0,FALSE,NA,"Summer",NA,NA,NA,NA
"Gaz Metan Medias (- 2022)",NA,NA,"2021","Departures","Sergiu Ciocan","https://www.transfermarkt.com/sergiu-ciocan/profil/spieler/687721","Right Midfield","22","Romania","Minaur",NA,"Romania",NA,TRUE,"loan transfer","Summer",5,3,0,45
"Gaz Metan Medias (- 2022)",NA,NA,"2021","Departures","Albert Popa","https://www.transfermarkt.com/albert-popa/profil/spieler/494593","Goalkeeper","22","Romania","D. Calarasi","Liga 2","Romania",NA,TRUE,"loan transfer","Summer",NA,NA,NA,NA
"Gaz Metan Medias (- 2022)",NA,NA,"2021","Departures","Bogdan Jica","https://www.transfermarkt.com/bogdan-jica/profil/spieler/675045","Centre-Back","21","Romania","FC Hermannstadt","Liga 2","Romania",NA,TRUE,"loan transfer","Summer",NA,NA,NA,NA
"Gaz Metan Medias (- 2022)",NA,NA,"2021","Departures","Gabriel Plumbuitu","https://www.transfermarkt.com/gabriel-plumbuitu/profil/spieler/666433","Left Winger","17","Romania","Metaloglobus","Liga 2","Romania",NA,TRUE,"loan transfer","Summer",NA,NA,NA,NA
"Gaz Metan Medias (- 2022)",NA,NA,"2021","Departures","Tudor Oltean","https://www.transfermarkt.com/tudor-oltean/profil/spieler/919685","Left-Back","18","Romania","FC Buzău","Liga 2","Romania",NA,TRUE,"loan transfer","Summer",NA,NA,NA,NA
"Gaz Metan Medias (- 2022)",NA,NA,"2021","Departures","Răzvan Pleșca","https://www.transfermarkt.com/razvan-plesca/profil/spieler/25940","Goalkeeper","38","Romania",NA,NA,NA,NA,FALSE,"-","Summer",NA,NA,NA,NA
"Gaz Metan Medias (- 2022)",NA,NA,"2021","Departures","Eric","https://www.transfermarkt.com/eric/profil/spieler/81509","Attacking Midfield","35","Brazil",NA,NA,NA,NA,FALSE,"-","Summer",NA,NA,NA,NA
"Gaz Metan Medias (- 2022)",NA,NA,"2021","Departures","Idrisa Sambú","https://www.transfermarkt.com/idrisa-sambu/profil/spieler/290761","Right Winger","23","Portugal","Without Club",NA,NA,NA,FALSE,"-","Summer",NA,NA,NA,NA
"Gaz Metan Medias (- 2022)",NA,NA,"2021","Departures","Paul Costea","https://www.transfermarkt.com/paul-costea/profil/spieler/599465","Left Midfield","22","Romania","Gaz Metan II",NA,"Romania",NA,FALSE,"-","Summer",18,14,0,1164
"Gaz Metan Medias (- 2022)",NA,NA,"2021","Departures","Andrei Cristea","https://www.transfermarkt.com/andrei-cristea/profil/spieler/464239","Goalkeeper","21","Romania",NA,NA,NA,NA,FALSE,"-","Summer",NA,NA,NA,NA
"Gaz Metan Medias (- 2022)",NA,NA,"2021","Departures","Mihai Butean","https://www.transfermarkt.com/mihai-butean/profil/spieler/375712","Right-Back","24","Romania","CFR Cluj","SuperLiga","Romania",NA,TRUE,"End of loan Jun 30, 2021","Summer",NA,NA,NA,NA
"Gaz Metan Medias (- 2022)",NA,NA,"2021","Arrivals","Paul Costea","https://www.transfermarkt.com/paul-costea/profil/spieler/599465","Left Midfield","22","Romania","Gaz Metan II",NA,"Romania",NA,FALSE,"-","Winter",18,14,0,1164
"Gaz Metan Medias (- 2022)",NA,NA,"2021","Arrivals","Erik Grosz","https://www.transfermarkt.com/erik-grosz/profil/spieler/884078","Goalkeeper","18","Romania","Gaz Metan U19",NA,"Romania",NA,FALSE,"-","Winter",13,6,0,495
"Gaz Metan Medias (- 2022)",NA,NA,"2021","Arrivals","Cristian Câmpean","https://www.transfermarkt.com/cristian-campean/profil/spieler/904435","Central Midfield","18","Romania","Gaz Metan U19",NA,"Romania",NA,FALSE,"-","Winter",13,8,0,79
"Gaz Metan Medias (- 2022)",NA,NA,"2021","Arrivals","Răzvan Covaci","https://www.transfermarkt.com/razvan-covaci/profil/spieler/904433","Central Midfield","18","Romania","Gaz Metan U19",NA,"Romania",NA,FALSE,"-","Winter",13,12,0,382
"Gaz Metan Medias (- 2022)",NA,NA,"2021","Arrivals","Vlad Domșa","https://www.transfermarkt.com/vlad-domsa/profil/spieler/904432","Attacking Midfield","18","Romania","Gaz Metan U19",NA,"Romania",NA,FALSE,"-","Winter",13,12,0,543
"Gaz Metan Medias (- 2022)",NA,NA,"2021","Arrivals","Cristian Maxim","https://www.transfermarkt.com/cristian-maxim/profil/spieler/904420","Right-Back","18","Romania","Gaz Metan U19",NA,"Romania",NA,FALSE,"-","Winter",13,13,0,1083
"Gaz Metan Medias (- 2022)",NA,NA,"2021","Arrivals","Mihai Țala","https://www.transfermarkt.com/mihai-tala/profil/spieler/987023","Left-Back","17","Romania","Gaz Metan U19",NA,"Romania",NA,FALSE,"-","Winter",13,12,0,675
"Gaz Metan Medias (- 2022)",NA,NA,"2021","Arrivals","Simion Bumbar","https://www.transfermarkt.com/simion-bumbar/profil/spieler/989018","Goalkeeper","16","Romania","Gaz Metan U19",NA,"Romania",NA,FALSE,"-","Winter",12,7,0,585
"Gaz Metan Medias (- 2022)",NA,NA,"2021","Arrivals","Albert Popa","https://www.transfermarkt.com/albert-popa/profil/spieler/494593","Goalkeeper","22","Romania","D. Calarasi","Liga 2","Romania",NA,TRUE,"End of loan Jan 15, 2022","Winter",NA,NA,NA,NA
"Gaz Metan Medias (- 2022)",NA,NA,"2021","Arrivals","Gabriel Plumbuitu","https://www.transfermarkt.com/gabriel-plumbuitu/profil/spieler/666433","Left Winger","17","Romania","Metaloglobus","Liga 2","Romania",NA,TRUE,"End of loan Jan 10, 2022","Winter",NA,NA,NA,NA
"Gaz Metan Medias (- 2022)",NA,NA,"2021","Departures","Yuri Matias","https://www.transfermarkt.com/yuri-matias/profil/spieler/443612","Centre-Back","27","Brazil","CFR Cluj","SuperLiga","Romania",1e+05,FALSE,NA,"Winter",23,21,5,1862
"Gaz Metan Medias (- 2022)",NA,NA,"2021","Departures","Ronaldo Deaconu","https://www.transfermarkt.com/ronaldo-deaconu/profil/spieler/271281","Attacking Midfield","24","Romania","SX Chang'an At.","League One","China",0,FALSE,NA,"Winter",21,20,3,1481
"Gaz Metan Medias (- 2022)",NA,NA,"2021","Departures","Octavian Vâlceanu","https://www.transfermarkt.com/octavian-valceanu/profil/spieler/252192","Goalkeeper","25","Romania","Without Club",NA,NA,0,FALSE,NA,"Winter",27,23,0,2070
"Gaz Metan Medias (- 2022)",NA,NA,"2021","Departures","Răzvan Grădinaru","https://www.transfermarkt.com/razvan-gradinaru/profil/spieler/289256","Right-Back","26","Romania","FC Dinamo","SuperLiga","Romania",0,FALSE,NA,"Winter",25,25,0,1848
"Gaz Metan Medias (- 2022)",NA,NA,"2021","Departures","Bryan Alceus","https://www.transfermarkt.com/bryan-alceus/profil/spieler/354686","Central Midfield","25","Haiti","Zira FC","Premyer Liqa","Azerbaijan",0,FALSE,NA,"Winter",18,16,0,1210
"Gaz Metan Medias (- 2022)",NA,NA,"2021","Departures","Răzvan Trif","https://www.transfermarkt.com/razvan-trif/profil/spieler/395799","Left-Back","24","Romania","CS Mioveni","SuperLiga","Romania",0,FALSE,NA,"Winter",26,23,1,1499
"Gaz Metan Medias (- 2022)",NA,NA,"2021","Departures","Mihai Dobrescu","https://www.transfermarkt.com/mihai-dobrescu/profil/spieler/236127","Left-Back","29","Romania","U Cluj","Liga 2","Romania",0,FALSE,NA,"Winter",15,14,0,1064
"Gaz Metan Medias (- 2022)",NA,NA,"2021","Departures","Vlad Morar","https://www.transfermarkt.com/vlad-morar/profil/spieler/186031","Centre-Forward","28","Romania","FC Dinamo","SuperLiga","Romania",0,FALSE,NA,"Winter",23,21,3,1209
"Gaz Metan Medias (- 2022)",NA,NA,"2021","Departures","Gabriel Moura","https://www.transfermarkt.com/gabriel-moura/profil/spieler/210088","Right-Back","33","Brazil","FC Dinamo","SuperLiga","Romania",0,FALSE,NA,"Winter",26,26,0,2159
"Gaz Metan Medias (- 2022)",NA,NA,"2021","Departures","Nasser Chamed","https://www.transfermarkt.com/nasser-chamed/profil/spieler/234766","Right Winger","28","Comoros","Chindia","SuperLiga","Romania",0,FALSE,NA,"Winter",27,27,1,1257
"Gaz Metan Medias (- 2022)",NA,NA,"2021","Departures","Mihai Velisar","https://www.transfermarkt.com/mihai-velisar/profil/spieler/610483","Left-Back","23","Romania","Petrolul","Liga 2","Romania",0,FALSE,NA,"Winter",18,12,0,748
"Gaz Metan Medias (- 2022)",NA,NA,"2021","Departures","Ioan Filip","https://www.transfermarkt.com/ioan-filip/profil/spieler/169272","Defensive Midfield","32","Romania","U Cluj","Liga 2","Romania",0,FALSE,NA,"Winter",25,24,2,1581
"Gaz Metan Medias (- 2022)",NA,NA,"2021","Departures","Christian Irobiso","https://www.transfermarkt.com/christian-irobiso/profil/spieler/213351","Centre-Forward","28","Nigeria","FC Dinamo","SuperLiga","Romania",0,FALSE,NA,"Winter",25,23,2,1345
"Gaz Metan Medias (- 2022)",NA,NA,"2021","Departures","Roberto Romeo","https://www.transfermarkt.com/roberto-romeo/profil/spieler/153206","Right-Back","31","Italy","U Cluj","Liga 2","Romania",0,FALSE,NA,"Winter",14,10,0,547
"Gaz Metan Medias (- 2022)",NA,NA,"2021","Departures","Răzvan Horj","https://www.transfermarkt.com/razvan-horj/profil/spieler/422587","Centre-Back","26","Romania","Petrolul","Liga 2","Romania",0,FALSE,NA,"Winter",24,9,0,618
"Gaz Metan Medias (- 2022)",NA,NA,"2021","Departures","Albert Popa","https://www.transfermarkt.com/albert-popa/profil/spieler/494593","Goalkeeper","22","Romania","O. Secuiesc",NA,"Romania",NA,FALSE,"?","Winter",NA,NA,NA,NA
"Gaz Metan Medias (- 2022)",NA,NA,"2021","Departures","Diogo Izata","https://www.transfermarkt.com/diogo-izata/profil/spieler/258024","Centre-Back","24","Portugal","FC Koper","Prva Liga","Slovenia",NA,TRUE,"loan transfer","Winter",15,13,0,616
"Gaz Metan Medias (- 2022)",NA,NA,"2021","Departures","Gabriel Plumbuitu","https://www.transfermarkt.com/gabriel-plumbuitu/profil/spieler/666433","Left Winger","17","Romania","SSU Poli","Liga 2","Romania",NA,TRUE,"loan transfer","Winter",NA,NA,NA,NA
"Gaz Metan Medias (- 2022)",NA,NA,"2021","Departures","Adama Sarr","https://www.transfermarkt.com/adama-sarr/profil/spieler/170939","Centre-Forward","30","France","Without Club",NA,NA,NA,FALSE,"-","Winter",18,16,0,535
"Gaz Metan Medias (- 2022)",NA,NA,"2021","Departures","Yves-Simon Pambou","https://www.transfermarkt.com/yves-simon-pambou/profil/spieler/291746","Central Midfield","26","France","Without Club",NA,NA,NA,FALSE,"-","Winter",1,0,0,0
"Gaz Metan Medias (- 2022)",NA,NA,"2021","Departures","Tomas Smola","https://www.transfermarkt.com/tomas-smola/profil/spieler/255413","Centre-Forward","32","Czech Republic",NA,NA,NA,NA,FALSE,"-","Winter",4,1,0,19
"Gaz Metan Medias (- 2022)",NA,NA,"2021","Departures","Mihai Lixandru","https://www.transfermarkt.com/mihai-lixandru/profil/spieler/824915","Central Midfield","20","Romania","FCSB","SuperLiga","Romania",NA,TRUE,"End of loan Feb 14, 2022","Winter",22,18,1,1097
"FC U Craiova 1948",NA,NA,"2021","Arrivals","Juan Bauza","https://www.transfermarkt.com/juan-bauza/profil/spieler/470324","Attacking Midfield","25","Argentina","FK Csikszereda","Liga 2","Romania",50000,TRUE,NA,"Summer",29,25,5,1463
"FC U Craiova 1948",NA,NA,"2021","Arrivals","Samuel Asamoah","https://www.transfermarkt.com/samuel-asamoah/profil/spieler/232848","Defensive Midfield","27","Togo","Sint-Truiden","Jupiler Pro League","Belgium",0,FALSE,NA,"Summer",39,39,1,3108
"FC U Craiova 1948",NA,NA,"2021","Arrivals","Terell Ondaan","https://www.transfermarkt.com/terell-ondaan/profil/spieler/187598","Right Winger","27","Guyana","Grenoble","Ligue 2","France",0,FALSE,NA,"Summer",35,26,2,916
"FC U Craiova 1948",NA,NA,"2021","Arrivals","Marko Gajic","https://www.transfermarkt.com/marko-gajic/profil/spieler/237489","Centre-Back","29","Serbia","Vozdovac","Super liga Srbije","Serbia",0,FALSE,NA,"Summer",19,10,0,638
"FC U Craiova 1948",NA,NA,"2021","Arrivals","Benjamin Van Durmen","https://www.transfermarkt.com/benjamin-van-durmen/profil/spieler/434514","Left Midfield","24","Belgium","Mouscron","Challenger Pro League","Belgium",0,FALSE,NA,"Summer",34,30,1,2220
"FC U Craiova 1948",NA,NA,"2021","Arrivals","Sekou Sidibe","https://www.transfermarkt.com/sekou-sidibe/profil/spieler/409513","Right Winger","20","Belgium","FC Emmen","Keuken Kampioen Divisie","Netherlands",0,FALSE,NA,"Summer",39,36,4,1962
"FC U Craiova 1948",NA,NA,"2021","Arrivals","Pedro Machado","https://www.transfermarkt.com/pedro-machado/profil/spieler/598542","Centre-Back","25","Portugal","Oliveirense","Liga 3 - Finals","Portugal",0,FALSE,NA,"Summer",4,2,0,180
"FC U Craiova 1948",NA,NA,"2021","Arrivals","Sorin Bușu","https://www.transfermarkt.com/sorin-busu/profil/spieler/57679","Left-Back","32","Romania","ACSM Poli Iasi","Liga 2","Romania",0,FALSE,NA,"Summer",37,17,0,1181
"FC U Craiova 1948",NA,NA,"2021","Arrivals","Vlad Achim","https://www.transfermarkt.com/vlad-achim/profil/spieler/69402","Defensive Midfield","32","Romania","FC Dinamo","SuperLiga","Romania",0,FALSE,NA,"Summer",22,17,0,1170
"FC U Craiova 1948",NA,NA,"2021","Arrivals","François Marquet","https://www.transfermarkt.com/francois-marquet/profil/spieler/194438","Central Midfield","26","Belgium","KV Oostende","Jupiler Pro League","Belgium",0,FALSE,NA,"Summer",32,19,0,828
"FC U Craiova 1948",NA,NA,"2021","Arrivals","Armin Gremsl","https://www.transfermarkt.com/armin-gremsl/profil/spieler/159758","Goalkeeper","26","Austria","SKN St. Pölten","2. Liga","Austria",0,FALSE,NA,"Summer",6,2,0,180
"FC U Craiova 1948",NA,NA,"2021","Arrivals","Dominik Kovacic","https://www.transfermarkt.com/dominik-kovacic/profil/spieler/258898","Centre-Back","27","Croatia","NK Lokomotiva","SuperSport HNL","Croatia",NA,FALSE,"?","Summer",39,39,1,3510
"FC U Craiova 1948",NA,NA,"2021","Arrivals","Hugo Vieira","https://www.transfermarkt.com/hugo-vieira/profil/spieler/124286","Centre-Forward","32","Portugal","Without Club",NA,NA,NA,FALSE,"-","Summer",11,11,1,510
"FC U Craiova 1948",NA,NA,"2021","Arrivals","Mamadou Bagayoko","https://www.transfermarkt.com/mamadou-bagayoko/profil/spieler/81897","Right-Back","31","Cote d'Ivoire","Without Club",NA,NA,NA,FALSE,"-","Summer",7,1,0,17
"FC U Craiova 1948",NA,NA,"2021","Arrivals","Alberto Cobrea","https://www.transfermarkt.com/alberto-cobrea/profil/spieler/96841","Goalkeeper","30","Romania","Without Club",NA,NA,NA,FALSE,"-","Summer",3,1,0,90
"FC U Craiova 1948",NA,NA,"2021","Arrivals","Cătălin Albu","https://www.transfermarkt.com/catalin-albu/profil/spieler/794081","Central Midfield","17","Romania","FCU Craiova U19",NA,"Romania",NA,FALSE,"-","Summer",11,1,0,13
"FC U Craiova 1948",NA,NA,"2021","Arrivals","Vlăduț Boția","https://www.transfermarkt.com/vladut-botia/profil/spieler/358782","Centre-Forward","25","Romania","FC Brasov-SR",NA,"Romania",NA,TRUE,"End of loan Jun 30, 2021","Summer",NA,NA,NA,NA
"FC U Craiova 1948",NA,NA,"2021","Arrivals","Robert Tudor","https://www.transfermarkt.com/robert-tudor/profil/spieler/749106","Left-Back","20","Romania","Alexandria",NA,"Romania",NA,TRUE,"End of loan Jun 30, 2021","Summer",NA,NA,NA,NA
"FC U Craiova 1948",NA,NA,"2021","Departures","Costinel Gugu","https://www.transfermarkt.com/costinel-gugu/profil/spieler/179792","Centre-Back","28","Romania","U Cluj","Liga 2","Romania",0,FALSE,NA,"Summer",NA,NA,NA,NA
"FC U Craiova 1948",NA,NA,"2021","Departures","Denis Ispas","https://www.transfermarkt.com/denis-ispas/profil/spieler/228074","Centre-Back","27","Romania","U Cluj","Liga 2","Romania",0,FALSE,NA,"Summer",NA,NA,NA,NA
"FC U Craiova 1948",NA,NA,"2021","Departures","Robert Răducanu","https://www.transfermarkt.com/robert-raducanu/profil/spieler/371969","Left Winger","25","Romania","U Cluj","Liga 2","Romania",0,FALSE,NA,"Summer",2,2,0,85
"FC U Craiova 1948",NA,NA,"2021","Departures","Alexandru Gîț","https://www.transfermarkt.com/alexandru-git/profil/spieler/579998","Right-Back","23","Romania","U Cluj","Liga 2","Romania",0,FALSE,NA,"Summer",NA,NA,NA,NA
"FC U Craiova 1948",NA,NA,"2021","Departures","Andrei Ciolacu","https://www.transfermarkt.com/andrei-ciolacu/profil/spieler/186247","Centre-Forward","29","Romania","Floriana","Premier League","Malta",0,FALSE,NA,"Summer",NA,NA,NA,NA
"FC U Craiova 1948",NA,NA,"2021","Departures","Valentin Munteanu","https://www.transfermarkt.com/valentin-munteanu/profil/spieler/210558","Right Winger","31","Romania","ACSM Reșița",NA,"Romania",0,FALSE,NA,"Summer",NA,NA,NA,NA
"FC U Craiova 1948",NA,NA,"2021","Departures","Marian Anghelina","https://www.transfermarkt.com/marian-anghelina/profil/spieler/209058","Defensive Midfield","30","Romania","Concordia","Liga 2","Romania",0,FALSE,NA,"Summer",NA,NA,NA,NA
"FC U Craiova 1948",NA,NA,"2021","Departures","Adrian Voicu","https://www.transfermarkt.com/adrian-voicu/profil/spieler/343948","Left Winger","28","Romania","Concordia","Liga 2","Romania",0,FALSE,NA,"Summer",NA,NA,NA,NA
"FC U Craiova 1948",NA,NA,"2021","Departures","Abdelaye Diakite","https://www.transfermarkt.com/abdelaye-diakite/profil/spieler/111805","Centre-Back","31","France","Nea Salamis","2. Division","Cyprus",0,FALSE,NA,"Summer",NA,NA,NA,NA
"FC U Craiova 1948",NA,NA,"2021","Departures","Ignacio Cacheiro","https://www.transfermarkt.com/ignacio-cacheiro/profil/spieler/359040","Right Winger","28","Argentina","Ilvamaddalena",NA,"Italy",0,FALSE,NA,"Summer",NA,NA,NA,NA
"FC U Craiova 1948",NA,NA,"2021","Departures","Marian Stoenac","https://www.transfermarkt.com/marian-stoenac/profil/spieler/287556","Attacking Midfield","28","Romania","ACSM Poli Iasi","Liga 2","Romania",0,FALSE,NA,"Summer",NA,NA,NA,NA
"FC U Craiova 1948",NA,NA,"2021","Departures","Radu Criștiu","https://www.transfermarkt.com/radu-cristiu/profil/spieler/524154","Left-Back","23","Romania","CSC Selimbar","Liga 2","Romania",0,FALSE,NA,"Summer",NA,NA,NA,NA
"FC U Craiova 1948",NA,NA,"2021","Departures","Samuel Zimța","https://www.transfermarkt.com/samuel-zimta/profil/spieler/458625","Central Midfield","21","Romania","Viitorul Simian",NA,"Romania",0,FALSE,NA,"Summer",NA,NA,NA,NA
"FC U Craiova 1948",NA,NA,"2021","Departures","Vlăduț Boția","https://www.transfermarkt.com/vladut-botia/profil/spieler/358782","Centre-Forward","25","Romania","FC Brasov-SR","Liga 2","Romania",0,FALSE,NA,"Summer",NA,NA,NA,NA
"FC U Craiova 1948",NA,NA,"2021","Departures","Robert Tudor","https://www.transfermarkt.com/robert-tudor/profil/spieler/749106","Left-Back","20","Romania","Without Club",NA,NA,0,FALSE,NA,"Summer",NA,NA,NA,NA
"FC U Craiova 1948",NA,NA,"2021","Departures","Samuel Luica","https://www.transfermarkt.com/samuel-luica/profil/spieler/415458","Centre-Back","24","Romania","Viitorul Simian",NA,"Romania",0,FALSE,NA,"Summer",NA,NA,NA,NA
"FC U Craiova 1948",NA,NA,"2021","Departures","Mario Enache","https://www.transfermarkt.com/mario-enache/profil/spieler/809372","Goalkeeper","17","Romania","CSA Steaua","Liga 2","Romania",NA,TRUE,"loan transfer","Summer",0,0,0,0
"FC U Craiova 1948",NA,NA,"2021","Departures","Ionuț Zanfir","https://www.transfermarkt.com/ionut-zanfir/profil/spieler/749103","Central Midfield","21","Romania","ACSO Filiasi",NA,"Romania",NA,TRUE,"loan transfer","Summer",5,0,0,0
"FC U Craiova 1948",NA,NA,"2021","Departures","Calin Cristea","https://www.transfermarkt.com/calin-cristea/profil/spieler/123284","Central Midfield","33","Romania","ACSM Reșița",NA,"Romania",NA,FALSE,"-","Summer",NA,NA,NA,NA
"FC U Craiova 1948",NA,NA,"2021","Departures","Federico Taborda","https://www.transfermarkt.com/federico-taborda/profil/spieler/542064","Goalkeeper","32","Argentina","Canosa",NA,"Italy",NA,FALSE,"-","Summer",NA,NA,NA,NA
"FC U Craiova 1948",NA,NA,"2021","Departures","Arsène Luboya","https://www.transfermarkt.com/arsene-luboya/profil/spieler/651845","Second Striker","28","France","Without Club",NA,NA,NA,FALSE,"-","Summer",NA,NA,NA,NA
"FC U Craiova 1948",NA,NA,"2021","Arrivals","Aurelian Chițu","https://www.transfermarkt.com/aurelian-chitu/profil/spieler/164236","Centre-Forward","30","Romania","FCV Farul","SuperLiga","Romania",0,FALSE,NA,"Winter",0,0,0,0
"FC U Craiova 1948",NA,NA,"2021","Arrivals","Gabriel Enache","https://www.transfermarkt.com/gabriel-enache/profil/spieler/197652","Right-Back","31","Romania","Zhetysu","Pervaya Liga","Kazakhstan",0,FALSE,NA,"Winter",0,0,0,0
"FC U Craiova 1948",NA,NA,"2021","Arrivals","Mario Enache","https://www.transfermarkt.com/mario-enache/profil/spieler/809372","Goalkeeper","18","Romania","CSA Steaua","Liga 2","Romania",NA,TRUE,"End of loan Dec 31, 2021","Winter",0,0,0,0
"FC U Craiova 1948",NA,NA,"2021","Arrivals","Ionuț Zanfir","https://www.transfermarkt.com/ionut-zanfir/profil/spieler/749103","Central Midfield","21","Romania","ACSO Filiasi",NA,"Romania",NA,TRUE,"End of loan Jan 1, 2022","Winter",5,0,0,0
"FC U Craiova 1948",NA,NA,"2021","Departures","Hugo Vieira","https://www.transfermarkt.com/hugo-vieira/profil/spieler/124286","Centre-Forward","33","Portugal","Hibernians FC","Premier League","Malta",0,FALSE,NA,"Winter",11,11,1,510
"FC U Craiova 1948",NA,NA,"2021","Departures","Marko Gajic","https://www.transfermarkt.com/marko-gajic/profil/spieler/237489","Centre-Back","29","Serbia","Radnicki 1923","Super liga Srbije","Serbia",0,FALSE,NA,"Winter",19,10,0,638
"FC U Craiova 1948",NA,NA,"2021","Departures","Pedro Machado","https://www.transfermarkt.com/pedro-machado/profil/spieler/598542","Centre-Back","25","Portugal","Torreense","Liga 3 - Finals","Portugal",0,FALSE,NA,"Winter",4,2,0,180
"FC U Craiova 1948",NA,NA,"2021","Departures","Armin Gremsl","https://www.transfermarkt.com/armin-gremsl/profil/spieler/159758","Goalkeeper","27","Austria","SCR Altach","Bundesliga","Austria",0,FALSE,NA,"Winter",6,2,0,180
"FC U Craiova 1948",NA,NA,"2021","Departures","Alexandru Raicea","https://www.transfermarkt.com/alexandru-raicea/profil/spieler/749105","Right Winger","25","Romania","CS Mioveni","SuperLiga","Romania",NA,TRUE,"loan transfer","Winter",23,19,1,420
"FC U Craiova 1948",NA,NA,"2021","Departures","Ionuț Zanfir","https://www.transfermarkt.com/ionut-zanfir/profil/spieler/749103","Central Midfield","21","Romania","ACSO Filiasi",NA,"Romania",NA,TRUE,"loan transfer","Winter",5,0,0,0
"FC U Craiova 1948",NA,NA,"2021","Departures","Mamadou Bagayoko","https://www.transfermarkt.com/mamadou-bagayoko/profil/spieler/81897","Right-Back","32","Cote d'Ivoire","Without Club",NA,NA,NA,FALSE,"-","Winter",7,1,0,17
"Academica Clinceni (2005 - 2022)",NA,NA,"2021","Arrivals","Marcel Holzmann","https://www.transfermarkt.com/marcel-holzmann/profil/spieler/54847","Left-Back","30","Austria","FC Botosani","SuperLiga","Romania",0,FALSE,NA,"Summer",28,23,2,1810
"Academica Clinceni (2005 - 2022)",NA,NA,"2021","Arrivals","Donatas Kazlauskas","https://www.transfermarkt.com/donatas-kazlauskas/profil/spieler/167863","Left Midfield","27","Lithuania","PFC Lviv","Premier Liga","Ukraine",0,FALSE,NA,"Summer",12,9,0,315
"Academica Clinceni (2005 - 2022)",NA,NA,"2021","Arrivals","Floriano Vanzo","https://www.transfermarkt.com/floriano-vanzo/profil/spieler/201696","Attacking Midfield","27","Belgium","ACSM Poli Iasi","Liga 2","Romania",0,FALSE,NA,"Summer",13,10,0,530
"Academica Clinceni (2005 - 2022)",NA,NA,"2021","Arrivals","William Amorim","https://www.transfermarkt.com/william-amorim/profil/spieler/203087","Left Winger","29","Brazil","Esportivo",NA,"Brazil",0,FALSE,NA,"Summer",30,30,0,1898
"Academica Clinceni (2005 - 2022)",NA,NA,"2021","Arrivals","Lucian Filip","https://www.transfermarkt.com/lucian-filip/profil/spieler/60880","Defensive Midfield","30","Romania","FCSB","SuperLiga","Romania",0,FALSE,NA,"Summer",14,6,0,249
"Academica Clinceni (2005 - 2022)",NA,NA,"2021","Arrivals","Michael Omoh","https://www.transfermarkt.com/michael-omoh/profil/spieler/210536","Attacking Midfield","29","Nigeria","M. Ahi Nazareth","Liga Leumit","Israel",0,FALSE,NA,"Summer",19,19,1,1279
"Academica Clinceni (2005 - 2022)",NA,NA,"2021","Arrivals","Apostolos Vellios","https://www.transfermarkt.com/apostolos-vellios/profil/spieler/124495","Centre-Forward","29","Greece","Ascoli","Serie B","Italy",0,FALSE,NA,"Summer",21,16,1,1023
"Academica Clinceni (2005 - 2022)",NA,NA,"2021","Arrivals","Marius Cioiu","https://www.transfermarkt.com/marius-cioiu/profil/spieler/605541","Right Winger","21","Romania","Viitorul Tg.Jiu","Liga 2","Romania",0,FALSE,NA,"Summer",22,17,1,842
"Academica Clinceni (2005 - 2022)",NA,NA,"2021","Arrivals","Andrei Sin","https://www.transfermarkt.com/andrei-sin/profil/spieler/213777","Left-Back","29","Romania","Viitorul Tg.Jiu","Liga 2","Romania",0,FALSE,NA,"Summer",NA,NA,NA,NA
"Academica Clinceni (2005 - 2022)",NA,NA,"2021","Arrivals","Cristian Gavra","https://www.transfermarkt.com/cristian-gavra/profil/spieler/192865","Centre-Forward","28","Romania","U Cluj","Liga 2","Romania",0,FALSE,NA,"Summer",18,12,0,460
"Academica Clinceni (2005 - 2022)",NA,NA,"2021","Arrivals","Aurelian Păun","https://www.transfermarkt.com/aurelian-paun/profil/spieler/675499","Goalkeeper","20","Romania","Star Sport Ag.",NA,"Romania",0,FALSE,NA,"Summer",19,7,0,630
"Academica Clinceni (2005 - 2022)",NA,NA,"2021","Arrivals","Marian Obedeanu","https://www.transfermarkt.com/marian-obedeanu/profil/spieler/677343","Centre-Forward","20","Romania","Concordia","Liga 2","Romania",0,FALSE,NA,"Summer",15,9,0,412
"Academica Clinceni (2005 - 2022)",NA,NA,"2021","Arrivals","Valentin Cristea","https://www.transfermarkt.com/valentin-cristea/profil/spieler/881902","Right Winger","21","Romania","Without Club",NA,NA,0,FALSE,NA,"Summer",1,1,0,3
"Academica Clinceni (2005 - 2022)",NA,NA,"2021","Arrivals","Steven Goma","https://www.transfermarkt.com/steven-goma/profil/spieler/812300","Centre-Forward","19","France","Pandurii ",NA,"Romania",NA,FALSE,"?","Summer",14,7,0,223
"Academica Clinceni (2005 - 2022)",NA,NA,"2021","Arrivals","Valentin Dumitrache","https://www.transfermarkt.com/valentin-dumitrache/profil/spieler/909053","Centre-Forward","18","Romania","LPS Buzău",NA,"Romania",NA,FALSE,"?","Summer",40,33,0,1111
"Academica Clinceni (2005 - 2022)",NA,NA,"2021","Arrivals","Robert Ion","https://www.transfermarkt.com/robert-ion/profil/spieler/608511","Attacking Midfield","21","Romania","FCSB","SuperLiga","Romania",NA,TRUE,"loan transfer","Summer",28,28,3,2259
"Academica Clinceni (2005 - 2022)",NA,NA,"2021","Arrivals","Ștefan Dobre","https://www.transfermarkt.com/stefan-dobre/profil/spieler/604374","Goalkeeper","20","Romania","Ripensia","Liga 2","Romania",NA,TRUE,"loan transfer","Summer",10,6,0,525
"Academica Clinceni (2005 - 2022)",NA,NA,"2021","Arrivals","Florin Alexandru","https://www.transfermarkt.com/florin-alexandru/profil/spieler/1017068","Central Midfield","18","Romania","Clinceni II",NA,"Romania",NA,FALSE,"-","Summer",NA,NA,NA,NA
"Academica Clinceni (2005 - 2022)",NA,NA,"2021","Arrivals","Marius Ciobanu-Vanghele","https://www.transfermarkt.com/marius-ciobanu-vanghele/profil/spieler/791473","Right Winger","18","Romania","Unirea Slobozia","Liga 2","Romania",NA,TRUE,"End of loan Jun 30, 2021","Summer",NA,NA,NA,NA
"Academica Clinceni (2005 - 2022)",NA,NA,"2021","Departures","Andrei Cordea","https://www.transfermarkt.com/andrei-cordea/profil/spieler/435712","Right Winger","22","Romania","FCSB","SuperLiga","Romania",50000,FALSE,NA,"Summer",NA,NA,NA,NA
"Academica Clinceni (2005 - 2022)",NA,NA,"2021","Departures","Mihai Dobrescu","https://www.transfermarkt.com/mihai-dobrescu/profil/spieler/236127","Left-Back","28","Romania","Gaz Metan","SuperLiga","Romania",0,FALSE,NA,"Summer",NA,NA,NA,NA
"Academica Clinceni (2005 - 2022)",NA,NA,"2021","Departures","Bautista Cascini","https://www.transfermarkt.com/bautista-cascini/profil/spieler/423439","Central Midfield","24","Argentina","The Strongest","División Profesional Apertura","Bolivia",0,FALSE,NA,"Summer",20,20,7,1749
"Academica Clinceni (2005 - 2022)",NA,NA,"2021","Departures","Adrian Popa","https://www.transfermarkt.com/adrian-popa/profil/spieler/104062","Right Winger","33","Romania","CSA Steaua","Liga 2","Romania",0,FALSE,NA,"Summer",NA,NA,NA,NA
"Academica Clinceni (2005 - 2022)",NA,NA,"2021","Departures","Eugeniu Cebotaru","https://www.transfermarkt.com/eugeniu-cebotaru/profil/spieler/48820","Central Midfield","36","Moldova","Petrolul","Liga 2","Romania",0,FALSE,NA,"Summer",NA,NA,NA,NA
"Academica Clinceni (2005 - 2022)",NA,NA,"2021","Departures","Cristian Tănase","https://www.transfermarkt.com/cristian-tanase/profil/spieler/46662","Left Winger","34","Romania","FC Arges","SuperLiga","Romania",0,FALSE,NA,"Summer",NA,NA,NA,NA
"Academica Clinceni (2005 - 2022)",NA,NA,"2021","Departures","Lucian Dumitriu","https://www.transfermarkt.com/lucian-dumitriu/profil/spieler/287418","Central Midfield","28","Romania","CS Mioveni","SuperLiga","Romania",0,FALSE,NA,"Summer",NA,NA,NA,NA
"Academica Clinceni (2005 - 2022)",NA,NA,"2021","Departures","Andrei Sin","https://www.transfermarkt.com/andrei-sin/profil/spieler/213777","Left-Back","29","Romania","Metaloglobus","Liga 2","Romania",0,FALSE,NA,"Summer",NA,NA,NA,NA
"Academica Clinceni (2005 - 2022)",NA,NA,"2021","Departures","Marius Ciobanu-Vanghele","https://www.transfermarkt.com/marius-ciobanu-vanghele/profil/spieler/791473","Right Winger","18","Romania","U Cluj","Liga 2","Romania",0,FALSE,NA,"Summer",NA,NA,NA,NA
"Academica Clinceni (2005 - 2022)",NA,NA,"2021","Departures","Ionut Tăbărana","https://www.transfermarkt.com/ionut-tabarana/profil/spieler/1021081","Centre-Back","18","Romania","Pop. Leordeni",NA,"Romania",0,FALSE,NA,"Summer",NA,NA,NA,NA
"Academica Clinceni (2005 - 2022)",NA,NA,"2021","Departures","Ciprian Gliga","https://www.transfermarkt.com/ciprian-gliga/profil/spieler/534441","Right Midfield","24","Romania","Without Club",NA,NA,NA,FALSE,"-","Summer",NA,NA,NA,NA
"Academica Clinceni (2005 - 2022)",NA,NA,"2021","Departures","Florin Gardoș","https://www.transfermarkt.com/florin-gardos/profil/spieler/57423","Centre-Back","33","Romania",NA,NA,NA,NA,FALSE,"-","Summer",15,8,0,559
"Academica Clinceni (2005 - 2022)",NA,NA,"2021","Departures","Tsvetelin Chunchukov","https://www.transfermarkt.com/tsvetelin-chunchukov/profil/spieler/274666","Centre-Forward","26","Bulgaria","Slavia Sofia","efbet Liga","Bulgaria",NA,TRUE,"End of loan Jun 30, 2021","Summer",NA,NA,NA,NA
"Academica Clinceni (2005 - 2022)",NA,NA,"2021","Departures","Cristian Dumitru","https://www.transfermarkt.com/cristian-dumitru/profil/spieler/599600","Left Winger","18","Romania","FCSB","SuperLiga","Romania",NA,TRUE,"End of loan Oct 5, 2020","Summer",NA,NA,NA,NA
"Academica Clinceni (2005 - 2022)",NA,NA,"2021","Departures","Jovan Marković","https://www.transfermarkt.com/jovan-markovic/profil/spieler/418235","Centre-Forward","20","Romania","CS U Craiova","SuperLiga","Romania",NA,TRUE,"End of loan Jun 30, 2021","Summer",NA,NA,NA,NA
"Academica Clinceni (2005 - 2022)",NA,NA,"2021","Departures","Răzvan Andronic","https://www.transfermarkt.com/razvan-andronic/profil/spieler/568539","Centre-Forward","21","Romania","CFR Cluj","SuperLiga","Romania",NA,TRUE,"End of loan Jun 30, 2021","Summer",NA,NA,NA,NA
"Academica Clinceni (2005 - 2022)",NA,NA,"2021","Departures","Aurelian Păun","https://www.transfermarkt.com/aurelian-paun/profil/spieler/675499","Goalkeeper","20","Romania","Star Sport Ag.",NA,"Romania",NA,TRUE,"End of loan Jun 30, 2021","Summer",19,7,0,630
"Academica Clinceni (2005 - 2022)",NA,NA,"2021","Arrivals","Muhamed Al-Ghoul","https://www.transfermarkt.com/muhamed-al-ghoul/profil/spieler/342573","Attacking Midfield","25","Palestine","NK Dubrava ZG","Prva NL","Croatia",0,FALSE,NA,"Winter",14,13,2,866
"Academica Clinceni (2005 - 2022)",NA,NA,"2021","Arrivals","Ayrton Mboko","https://www.transfermarkt.com/ayrton-mboko/profil/spieler/285998","Right-Back","24","Belgium","Beerschot VA","Jupiler Pro League","Belgium",0,FALSE,NA,"Winter",7,7,0,541
"Academica Clinceni (2005 - 2022)",NA,NA,"2021","Arrivals","Aleksandar Tsvetkov","https://www.transfermarkt.com/aleksandar-tsvetkov/profil/spieler/87290","Centre-Back","31","Bulgaria","Beroe","efbet Liga","Bulgaria",0,FALSE,NA,"Winter",15,15,0,1311
"Academica Clinceni (2005 - 2022)",NA,NA,"2021","Arrivals","Stipe Plazibat","https://www.transfermarkt.com/stipe-plazibat/profil/spieler/192048","Centre-Forward","32","Croatia","LC Sailors","Premier League","Singapore",0,FALSE,NA,"Winter",6,5,0,322
"Academica Clinceni (2005 - 2022)",NA,NA,"2021","Arrivals","Mario Vrdoljak","https://www.transfermarkt.com/mario-vrdoljak/profil/spieler/225631","Defensive Midfield","28","Croatia","Grosseto","Serie C - B","Italy",0,FALSE,NA,"Winter",13,13,0,1102
"Academica Clinceni (2005 - 2022)",NA,NA,"2021","Arrivals","Agron Rufati","https://www.transfermarkt.com/agron-rufati/profil/spieler/460591","Centre-Back","22","North Macedonia","Zorya Lugansk","Premier Liga","Ukraine",0,FALSE,NA,"Winter",13,13,0,1105
"Academica Clinceni (2005 - 2022)",NA,NA,"2021","Arrivals","Pavel Cmovs","https://www.transfermarkt.com/pavel-cmovs/profil/spieler/95793","Centre-Back","31","Czech Republic","Pohronie","Niké Liga","Slovakia",0,FALSE,NA,"Winter",9,8,0,394
"Academica Clinceni (2005 - 2022)",NA,NA,"2021","Arrivals","Vladimir Gogov","https://www.transfermarkt.com/vladimir-gogov/profil/spieler/851800","Defensive Midfield","24","Bulgaria","CSKA 1948 II","Vtora Liga","Bulgaria",0,FALSE,NA,"Winter",12,10,0,523
"Academica Clinceni (2005 - 2022)",NA,NA,"2021","Arrivals","Davide Massaro","https://www.transfermarkt.com/davide-massaro/profil/spieler/394926","Centre-Forward","24","Italy","CS Mioveni","SuperLiga","Romania",0,FALSE,NA,"Winter",7,3,1,91
"Academica Clinceni (2005 - 2022)",NA,NA,"2021","Arrivals","Mirel Bolboașă","https://www.transfermarkt.com/mirel-bolboasa/profil/spieler/64114","Goalkeeper","32","Romania","FC Hermannstadt","Liga 2","Romania",0,FALSE,NA,"Winter",15,2,0,180
"Academica Clinceni (2005 - 2022)",NA,NA,"2021","Arrivals","Cătălin Ion","https://www.transfermarkt.com/catalin-ion/profil/spieler/863162","Centre-Back","23","Romania","ACSM Reșița",NA,"Romania",0,FALSE,NA,"Winter",16,16,0,1189
"Academica Clinceni (2005 - 2022)",NA,NA,"2021","Arrivals","Andrei Iana","https://www.transfermarkt.com/andrei-iana/profil/spieler/568534","Right-Back","20","Romania","ACSM Reșița",NA,"Romania",0,FALSE,NA,"Winter",15,11,0,259
"Academica Clinceni (2005 - 2022)",NA,NA,"2021","Arrivals","Daniel Oprea","https://www.transfermarkt.com/daniel-oprea/profil/spieler/1001988","Centre-Back","21","Romania","Unknown",NA,NA,0,FALSE,NA,"Winter",NA,NA,NA,NA
"Academica Clinceni (2005 - 2022)",NA,NA,"2021","Arrivals","Valentin Cristea","https://www.transfermarkt.com/valentin-cristea/profil/spieler/881902","Right Winger","21","Romania","Without Club",NA,NA,0,FALSE,NA,"Winter",1,1,0,3
"Academica Clinceni (2005 - 2022)",NA,NA,"2021","Arrivals","Luca Florică","https://www.transfermarkt.com/luca-florica/profil/spieler/568573","Left Winger","19","Romania","AS Metropolitan",NA,"Romania",NA,TRUE,"loan transfer","Winter",14,14,0,942
"Academica Clinceni (2005 - 2022)",NA,NA,"2021","Arrivals","Jérémy Corinus","https://www.transfermarkt.com/jeremy-corinus/profil/spieler/621161","Centre-Back","24","Martinique","Fermana","Serie C - B","Italy",NA,FALSE,"-","Winter",5,5,0,335
"Academica Clinceni (2005 - 2022)",NA,NA,"2021","Arrivals","Cristian Ștefan","https://www.transfermarkt.com/cristian-stefan/profil/spieler/809703","Central Midfield","20","Romania","Clinceni II",NA,"Romania",NA,FALSE,"-","Winter",21,8,1,666
"Academica Clinceni (2005 - 2022)",NA,NA,"2021","Arrivals","Laurențiu Liș","https://www.transfermarkt.com/laurentiu-lis/profil/spieler/976495","Left Winger","17","Romania","Clinceni U19",NA,"Romania",NA,FALSE,"-","Winter",4,2,0,41
"Academica Clinceni (2005 - 2022)",NA,NA,"2021","Arrivals","Ovidiu Sterian","https://www.transfermarkt.com/ovidiu-sterian/profil/spieler/976496","Centre-Back","17","Romania","Clinceni U19",NA,"Romania",NA,FALSE,"-","Winter",NA,NA,NA,NA
"Academica Clinceni (2005 - 2022)",NA,NA,"2021","Arrivals","Laurențiu Vlăsceanu","https://www.transfermarkt.com/laurentiu-vlasceanu/profil/spieler/912165","Left-Back","16","Romania","Clinceni II",NA,"Romania",NA,FALSE,"-","Winter",5,4,0,129
"Academica Clinceni (2005 - 2022)",NA,NA,"2021","Arrivals","Cosmin Ionita","https://www.transfermarkt.com/cosmin-ionita/profil/spieler/962984","Right Midfield","18","Romania","Clinceni U19",NA,"Romania",NA,FALSE,"-","Winter",5,2,0,149
"Academica Clinceni (2005 - 2022)",NA,NA,"2021","Arrivals","Roberto Neagu","https://www.transfermarkt.com/roberto-neagu/profil/spieler/1016822","Central Midfield","17","Romania","Clinceni U19",NA,"Romania",NA,FALSE,"-","Winter",NA,NA,NA,NA
"Academica Clinceni (2005 - 2022)",NA,NA,"2021","Arrivals","Cosmin Ion","https://www.transfermarkt.com/cosmin-ion/profil/spieler/1016823","Right-Back","17","Romania","Clinceni U19",NA,"Romania",NA,FALSE,"-","Winter",NA,NA,NA,NA
"Academica Clinceni (2005 - 2022)",NA,NA,"2021","Arrivals","Alexandru Melniciuc","https://www.transfermarkt.com/alexandru-melniciuc/profil/spieler/723983","Centre-Forward","16","Romania","Clinceni U19",NA,"Romania",NA,FALSE,"-","Winter",10,8,0,158
"Academica Clinceni (2005 - 2022)",NA,NA,"2021","Arrivals","Andrei Dima","https://www.transfermarkt.com/andrei-dima/profil/spieler/937068","Attacking Midfield","15","Romania","Clinceni U19",NA,"Romania",NA,FALSE,"-","Winter",12,11,0,235
"Academica Clinceni (2005 - 2022)",NA,NA,"2021","Departures","Amir Bilali","https://www.transfermarkt.com/amir-bilali/profil/spieler/226181","Centre-Back","27","Albania","Mezőkövesd","NB I.","Hungary",0,FALSE,NA,"Winter",18,17,0,1560
"Academica Clinceni (2005 - 2022)",NA,NA,"2021","Departures","Denis Ventura","https://www.transfermarkt.com/denis-ventura/profil/spieler/231722","Defensive Midfield","26","Slovakia","Gyirmót FC","NB I.","Hungary",0,FALSE,NA,"Winter",21,14,2,1118
"Academica Clinceni (2005 - 2022)",NA,NA,"2021","Departures","Georgi Pashov","https://www.transfermarkt.com/georgi-pashov/profil/spieler/87297","Right-Back","31","Bulgaria","Petrolul","Liga 2","Romania",0,FALSE,NA,"Winter",15,13,0,1036
"Academica Clinceni (2005 - 2022)",NA,NA,"2021","Departures","Michael Omoh","https://www.transfermarkt.com/michael-omoh/profil/spieler/210536","Attacking Midfield","30","Nigeria","FCV Farul","SuperLiga","Romania",0,FALSE,NA,"Winter",19,19,1,1279
"Academica Clinceni (2005 - 2022)",NA,NA,"2021","Departures","Asen Chandarov","https://www.transfermarkt.com/asen-chandarov/profil/spieler/335740","Central Midfield","23","Bulgaria","Septemvri Sofia","Vtora Liga","Bulgaria",0,FALSE,NA,"Winter",19,14,2,767
"Academica Clinceni (2005 - 2022)",NA,NA,"2021","Departures","Marius Cioiu","https://www.transfermarkt.com/marius-cioiu/profil/spieler/605541","Right Winger","22","Romania","Petrolul","Liga 2","Romania",0,FALSE,NA,"Winter",22,17,1,842
"Academica Clinceni (2005 - 2022)",NA,NA,"2021","Departures","Apostolos Vellios","https://www.transfermarkt.com/apostolos-vellios/profil/spieler/124495","Centre-Forward","30","Greece","PAS Lamia","Super League 1","Greece",0,FALSE,NA,"Winter",21,16,1,1023
"Academica Clinceni (2005 - 2022)",NA,NA,"2021","Departures","Florin Achim","https://www.transfermarkt.com/florin-achim/profil/spieler/212679","Right-Back","30","Romania","FCSB","SuperLiga","Romania",0,FALSE,NA,"Winter",19,16,0,1237
"Academica Clinceni (2005 - 2022)",NA,NA,"2021","Departures","Floriano Vanzo","https://www.transfermarkt.com/floriano-vanzo/profil/spieler/201696","Attacking Midfield","27","Belgium","ACSM Poli Iasi","Liga 2","Romania",0,FALSE,NA,"Winter",13,10,0,530
"Academica Clinceni (2005 - 2022)",NA,NA,"2021","Departures","Donatas Kazlauskas","https://www.transfermarkt.com/donatas-kazlauskas/profil/spieler/167863","Left Midfield","27","Lithuania","Žalgiris","A Lyga","Lithuania",0,FALSE,NA,"Winter",12,9,0,315
"Academica Clinceni (2005 - 2022)",NA,NA,"2021","Departures","Răzvan Patriche","https://www.transfermarkt.com/razvan-patriche/profil/spieler/64218","Centre-Back","35","Romania","FC Dinamo","SuperLiga","Romania",0,FALSE,NA,"Winter",20,18,1,1440
"Academica Clinceni (2005 - 2022)",NA,NA,"2021","Departures","Aurelian Păun","https://www.transfermarkt.com/aurelian-paun/profil/spieler/675499","Goalkeeper","20","Romania","Star Sport Ag.",NA,"Romania",0,FALSE,NA,"Winter",19,7,0,630
"Academica Clinceni (2005 - 2022)",NA,NA,"2021","Departures","Paul Pârvulescu","https://www.transfermarkt.com/paul-parvulescu/profil/spieler/81494","Left-Back","33","Romania","U Cluj","Liga 2","Romania",0,FALSE,NA,"Winter",15,15,0,1195
"Academica Clinceni (2005 - 2022)",NA,NA,"2021","Departures","Cristian Gavra","https://www.transfermarkt.com/cristian-gavra/profil/spieler/192865","Centre-Forward","28","Romania","Ripensia","Liga 2","Romania",0,FALSE,NA,"Winter",18,12,0,460
"Academica Clinceni (2005 - 2022)",NA,NA,"2021","Departures","Thibault Moulin","https://www.transfermarkt.com/thibault-moulin/profil/spieler/160567","Central Midfield","32","France","Wieczysta",NA,"Poland",0,FALSE,NA,"Winter",16,16,0,1407
"Academica Clinceni (2005 - 2022)",NA,NA,"2021","Departures","Raul Rusescu","https://www.transfermarkt.com/raul-rusescu/profil/spieler/81433","Centre-Forward","33","Romania","Lamezia","Serie D - I","Italy",NA,FALSE,"-","Winter",NA,NA,NA,NA
"Academica Clinceni (2005 - 2022)",NA,NA,"2021","Departures","Stipe Plazibat","https://www.transfermarkt.com/stipe-plazibat/profil/spieler/192048","Centre-Forward","32","Croatia","Without Club",NA,NA,NA,FALSE,"-","Winter",6,5,0,322
"Academica Clinceni (2005 - 2022)",NA,NA,"2021","Departures","Lucian Filip","https://www.transfermarkt.com/lucian-filip/profil/spieler/60880","Defensive Midfield","31","Romania",NA,NA,NA,NA,FALSE,"-","Winter",14,6,0,249
"CS Mioveni",NA,NA,"2021","Arrivals","Ionuț Balaur","https://www.transfermarkt.com/ionut-balaur/profil/spieler/64103","Centre-Back","32","Romania","FC Voluntari","SuperLiga","Romania",0,FALSE,NA,"Summer",36,30,2,2281
"CS Mioveni",NA,NA,"2021","Arrivals","Alexandru Buziuc","https://www.transfermarkt.com/alexandru-buziuc/profil/spieler/269786","Centre-Forward","27","Romania","FCSB","SuperLiga","Romania",0,FALSE,NA,"Summer",35,34,5,2171
"CS Mioveni",NA,NA,"2021","Arrivals","Adrian Scarlatache","https://www.transfermarkt.com/adrian-scarlatache/profil/spieler/46644","Centre-Back","34","Romania","FC Hermannstadt","Liga 2","Romania",0,FALSE,NA,"Summer",36,35,2,3111
"CS Mioveni",NA,NA,"2021","Arrivals","Lucian Dumitriu","https://www.transfermarkt.com/lucian-dumitriu/profil/spieler/287418","Central Midfield","28","Romania","Ac. Clinceni","SuperLiga","Romania",0,FALSE,NA,"Summer",33,33,2,2483
"CS Mioveni",NA,NA,"2021","Arrivals","Adrian Cierpka","https://www.transfermarkt.com/adrian-cierpka/profil/spieler/225854","Defensive Midfield","26","Poland","Gornik Leczna","Ekstraklasa","Poland",0,FALSE,NA,"Summer",11,10,0,480
"CS Mioveni",NA,NA,"2021","Arrivals","Emanuel Dat","https://www.transfermarkt.com/emanuel-dat/profil/spieler/478055","Left Midfield","20","Romania","ACSM Reșița",NA,"Romania",0,FALSE,NA,"Summer",19,4,0,245
"CS Mioveni",NA,NA,"2021","Arrivals","Andrei Cristea","https://www.transfermarkt.com/andrei-cristea/profil/spieler/26491","Centre-Forward","37","Romania","ACSM Poli Iasi","Liga 2","Romania",0,FALSE,NA,"Summer",15,14,0,377
"CS Mioveni",NA,NA,"2021","Arrivals","Moussa Sanoh","https://www.transfermarkt.com/moussa-sanoh/profil/spieler/203928","Right Winger","26","Liberia","Balzan FC","Premier League","Malta",0,FALSE,NA,"Summer",33,31,4,1602
"CS Mioveni",NA,NA,"2021","Arrivals","Rafael Garutti","https://www.transfermarkt.com/rafael-garutti/profil/spieler/744880","Centre-Back","22","Brazil","União Almeirim",NA,"Portugal",0,FALSE,NA,"Summer",NA,NA,NA,NA
"CS Mioveni",NA,NA,"2021","Arrivals","Cosmin Tucaliuc","https://www.transfermarkt.com/cosmin-tucaliuc/profil/spieler/418234","Attacking Midfield","21","Romania","FCV Farul","SuperLiga","Romania",NA,TRUE,"loan transfer","Summer",NA,NA,NA,NA
"CS Mioveni",NA,NA,"2021","Arrivals","Costin Ciucureanu","https://www.transfermarkt.com/costin-ciucureanu/profil/spieler/503586","Right Midfield","21","Romania","Concordia","Liga 2","Romania",NA,TRUE,"loan transfer","Summer",5,1,0,29
"CS Mioveni",NA,NA,"2021","Arrivals","Valentin Sima","https://www.transfermarkt.com/valentin-sima/profil/spieler/331592","Goalkeeper","23","Romania","Miroslava",NA,"Romania",NA,TRUE,"End of loan Jun 30, 2021","Summer",2,0,0,0
"CS Mioveni",NA,NA,"2021","Arrivals","Alin Călin","https://www.transfermarkt.com/alin-calin/profil/spieler/672894","Centre-Forward","19","Romania","Unirea Bascov",NA,"Romania",NA,TRUE,"End of loan Jun 30, 2021","Summer",NA,NA,NA,NA
"CS Mioveni",NA,NA,"2021","Arrivals","Marius Calinoiu","https://www.transfermarkt.com/marius-calinoiu/profil/spieler/1161568","Goalkeeper","21","Romania","Unirea Bascov",NA,"Romania",NA,TRUE,"End of loan Jun 30, 2021","Summer",NA,NA,NA,NA
"CS Mioveni",NA,NA,"2021","Departures","Alexandru Ișfan","https://www.transfermarkt.com/alexandru-isfan/profil/spieler/672055","Right Winger","21","Romania","FC Arges","SuperLiga","Romania",2e+05,FALSE,NA,"Summer",NA,NA,NA,NA
"CS Mioveni",NA,NA,"2021","Departures","Adrian Mar","https://www.transfermarkt.com/adrian-mar/profil/spieler/777441","Left-Back","18","Romania","UTA Arad","SuperLiga","Romania",0,FALSE,NA,"Summer",NA,NA,NA,NA
"CS Mioveni",NA,NA,"2021","Departures","Robert Gherghe","https://www.transfermarkt.com/robert-gherghe/profil/spieler/339955","Centre-Back","25","Romania","FC Brasov-SR","Liga 2","Romania",0,FALSE,NA,"Summer",NA,NA,NA,NA
"CS Mioveni",NA,NA,"2021","Departures","Ionuț Tănase","https://www.transfermarkt.com/ionut-tanase/profil/spieler/341144","Defensive Midfield","23","Romania","Crisul Chisineu",NA,"Romania",0,FALSE,NA,"Summer",NA,NA,NA,NA
"CS Mioveni",NA,NA,"2021","Departures","Marius Chindriș","https://www.transfermarkt.com/marius-chindris/profil/spieler/130340","Defensive Midfield","30","Romania","Petrolul","Liga 2","Romania",0,FALSE,NA,"Summer",1,0,0,0
"CS Mioveni",NA,NA,"2021","Departures","Tiberiu Coman","https://www.transfermarkt.com/tiberiu-coman/profil/spieler/866063","Centre-Forward","19","Romania","FC Arges","SuperLiga","Romania",0,FALSE,NA,"Summer",3,1,0,11
"CS Mioveni",NA,NA,"2021","Departures","Antonio Niță","https://www.transfermarkt.com/antonio-nita/profil/spieler/730579","Left Winger","19","Romania","ACSM Reșița",NA,"Romania",0,FALSE,NA,"Summer",NA,NA,NA,NA
"CS Mioveni",NA,NA,"2021","Departures","Sebastian Ivan","https://www.transfermarkt.com/sebastian-ivan/profil/spieler/470611","Centre-Forward","24","Romania","Unirea Slobozia","Liga 2","Romania",NA,TRUE,"loan transfer","Summer",NA,NA,NA,NA
"CS Mioveni",NA,NA,"2021","Departures","Alin Călin","https://www.transfermarkt.com/alin-calin/profil/spieler/672894","Centre-Forward","19","Romania","Sp. Rosiori",NA,"Romania",NA,TRUE,"loan transfer","Summer",NA,NA,NA,NA
"CS Mioveni",NA,NA,"2021","Departures","Florin Șerban","https://www.transfermarkt.com/florin-serban/profil/spieler/950235","Goalkeeper","20","Romania","ACSO Filiasi",NA,"Romania",NA,TRUE,"loan transfer","Summer",NA,NA,NA,NA
"CS Mioveni",NA,NA,"2021","Departures","Leonard Alexandrescu","https://www.transfermarkt.com/leonard-alexandrescu/profil/spieler/866081","Centre-Back","19","Romania","V. Colonesti",NA,"Romania",NA,TRUE,"loan transfer","Summer",NA,NA,NA,NA
"CS Mioveni",NA,NA,"2021","Departures","Rafael Garutti","https://www.transfermarkt.com/rafael-garutti/profil/spieler/744880","Centre-Back","22","Brazil","Corvinul",NA,"Romania",NA,TRUE,"loan transfer","Summer",NA,NA,NA,NA
"CS Mioveni",NA,NA,"2021","Departures","Valentin Cristea","https://www.transfermarkt.com/valentin-cristea/profil/spieler/881902","Right Winger","21","Romania","Without Club",NA,NA,NA,FALSE,"-","Summer",0,0,0,0
"CS Mioveni",NA,NA,"2021","Departures","Cosmin Tucaliuc","https://www.transfermarkt.com/cosmin-tucaliuc/profil/spieler/418234","Attacking Midfield","21","Romania","FCV Farul","SuperLiga","Romania",NA,TRUE,"End of loan Aug 16, 2021","Summer",NA,NA,NA,NA
"CS Mioveni",NA,NA,"2021","Departures","Robert Ghita","https://www.transfermarkt.com/robert-ghita/profil/spieler/623764","Right-Back","19","Romania","FCV Farul II",NA,"Romania",NA,TRUE,"End of loan Jun 30, 2020","Summer",NA,NA,NA,NA
"CS Mioveni",NA,NA,"2021","Departures","Marian Șerban","https://www.transfermarkt.com/marian-serban/profil/spieler/535465","Central Midfield","20","Romania","CS U Craiova II",NA,"Romania",NA,TRUE,"End of loan Jun 30, 2021","Summer",NA,NA,NA,NA
"CS Mioveni",NA,NA,"2021","Departures","Fabrizio Constantin","https://www.transfermarkt.com/fabrizio-constantin/profil/spieler/608485","Centre-Back","17","Romania","FCSB U18",NA,"Romania",NA,TRUE,"End of loan Jun 30, 2021","Summer",NA,NA,NA,NA
"CS Mioveni",NA,NA,"2021","Arrivals","Răzvan Trif","https://www.transfermarkt.com/razvan-trif/profil/spieler/395799","Left-Back","24","Romania","Gaz Metan","SuperLiga","Romania",0,FALSE,NA,"Winter",12,11,0,730
"CS Mioveni",NA,NA,"2021","Arrivals","Pawel Tomczyk","https://www.transfermarkt.com/pawel-tomczyk/profil/spieler/388953","Centre-Forward","23","Poland","Widzew Lodz","Betclic 1 Liga","Poland",0,FALSE,NA,"Winter",16,11,1,291
"CS Mioveni",NA,NA,"2021","Arrivals","Albert Voinea","https://www.transfermarkt.com/albert-voinea/profil/spieler/180871","Centre-Forward","29","Romania","U Cluj","Liga 2","Romania",0,FALSE,NA,"Winter",7,4,1,55
"CS Mioveni",NA,NA,"2021","Arrivals","Vlad Mitrea","https://www.transfermarkt.com/vlad-mitrea/profil/spieler/484029","Central Midfield","21","Romania","Sepsi OSK","SuperLiga","Romania",0,FALSE,NA,"Winter",3,1,0,17
"CS Mioveni",NA,NA,"2021","Arrivals","Achraf Nait Brahim","https://www.transfermarkt.com/achraf-nait-brahim/profil/spieler/468190","Left Winger","24","Netherlands","Cork City Res.",NA,"Ireland",0,FALSE,NA,"Winter",NA,NA,NA,NA
"CS Mioveni",NA,NA,"2021","Arrivals","Tiberiu Coman","https://www.transfermarkt.com/tiberiu-coman/profil/spieler/866063","Centre-Forward","19","Romania","FC Arges","SuperLiga","Romania",NA,FALSE,"?","Winter",3,1,0,11
"CS Mioveni",NA,NA,"2021","Arrivals","Mihai Lixandru","https://www.transfermarkt.com/mihai-lixandru/profil/spieler/824915","Central Midfield","20","Romania","FCSB","SuperLiga","Romania",NA,TRUE,"loan transfer","Winter",12,12,0,971
"CS Mioveni",NA,NA,"2021","Arrivals","Alexandru Raicea","https://www.transfermarkt.com/alexandru-raicea/profil/spieler/749105","Right Winger","25","Romania","FC U Craiova","SuperLiga","Romania",NA,TRUE,"loan transfer","Winter",14,11,1,385
"CS Mioveni",NA,NA,"2021","Arrivals","Alin Șerban","https://www.transfermarkt.com/alin-serban/profil/spieler/806225","Left-Back","19","Romania","CS Mioveni U19",NA,"Romania",NA,FALSE,"-","Winter",NA,NA,NA,NA
"CS Mioveni",NA,NA,"2021","Arrivals","Jason Wright","https://www.transfermarkt.com/jason-wright/profil/spieler/189784","Centre-Forward","27","Jamaica","Without Club",NA,NA,NA,FALSE,"-","Winter",2,1,0,13
"CS Mioveni",NA,NA,"2021","Arrivals","Alin Călin","https://www.transfermarkt.com/alin-calin/profil/spieler/672894","Centre-Forward","20","Romania","Sp. Rosiori",NA,"Romania",NA,TRUE,"End of loan Jan 20, 2022","Winter",NA,NA,NA,NA
"CS Mioveni",NA,NA,"2021","Arrivals","Florin Șerban","https://www.transfermarkt.com/florin-serban/profil/spieler/950235","Goalkeeper","20","Romania","ACSO Filiasi",NA,"Romania",NA,TRUE,"End of loan Jan 15, 2022","Winter",NA,NA,NA,NA
"CS Mioveni",NA,NA,"2021","Departures","Davide Massaro","https://www.transfermarkt.com/davide-massaro/profil/spieler/394926","Centre-Forward","24","Italy","Ac. Clinceni","SuperLiga","Romania",0,FALSE,NA,"Winter",14,6,0,93
"CS Mioveni",NA,NA,"2021","Departures","Marius Calinoiu","https://www.transfermarkt.com/marius-calinoiu/profil/spieler/1161568","Goalkeeper","22","Romania","Juventus Bascov",NA,"Romania",0,FALSE,NA,"Winter",NA,NA,NA,NA
"CS Mioveni",NA,NA,"2021","Departures","Alin Șerban","https://www.transfermarkt.com/alin-serban/profil/spieler/806225","Left-Back","19","Romania","Daesti",NA,"Romania",NA,TRUE,"loan transfer","Winter",NA,NA,NA,NA
"CS Mioveni",NA,NA,"2021","Departures","Alin Călin","https://www.transfermarkt.com/alin-calin/profil/spieler/672894","Centre-Forward","20","Romania","Daesti",NA,"Romania",NA,TRUE,"loan transfer","Winter",NA,NA,NA,NA
"CS Mioveni",NA,NA,"2021","Departures","Florin Șerban","https://www.transfermarkt.com/florin-serban/profil/spieler/950235","Goalkeeper","20","Romania","CSC Selimbar","Liga 2","Romania",NA,TRUE,"loan transfer","Winter",NA,NA,NA,NA
"CS Mioveni",NA,NA,"2021","Departures","Andrei Cristea","https://www.transfermarkt.com/andrei-cristea/profil/spieler/26491","Centre-Forward","37","Romania",NA,NA,NA,NA,FALSE,"-","Winter",15,14,0,377
"CS Mioveni",NA,NA,"2021","Departures","Costin Ciucureanu","https://www.transfermarkt.com/costin-ciucureanu/profil/spieler/503586","Right Midfield","21","Romania","Concordia","Liga 2","Romania",NA,FALSE,"-","Winter",5,1,0,29
