"team_name","league","country","season","transfer_type","player_name","player_url","player_position","player_age","player_nationality","club_2","league_2","country_2","transfer_fee","is_loan","transfer_notes","window","in_squad","appearances","goals","minutes_played"
"FCSB","SuperLiga","Romania","2020","Arrivals","Alexandru Buziuc","https://www.transfermarkt.com/alexandru-buziuc/profil/spieler/269786","Centre-Forward","26","Romania","Ac. Clinceni","SuperLiga","Romania",50000,FALSE,NA,"Summer",32,25,2,905
"FCSB","SuperLiga","Romania","2020","Arrivals","Sergiu Buș","https://www.transfermarkt.com/sergiu-bus/profil/spieler/123671","Centre-Forward","27","Romania","Gaz Metan","SuperLiga","Romania",0,FALSE,NA,"Summer",11,11,2,576
"FCSB","SuperLiga","Romania","2020","Arrivals","Cătălin Straton","https://www.transfermarkt.com/catalin-straton/profil/spieler/123251","Goalkeeper","30","Romania","FC Dinamo","SuperLiga","Romania",0,FALSE,NA,"Summer",35,6,0,495
"FCSB","SuperLiga","Romania","2020","Arrivals","Gabriel Enache","https://www.transfermarkt.com/gabriel-enache/profil/spieler/197652","Right-Back","30","Romania","Qyzyljar ","Premier Liga","Kazakhstan",0,FALSE,NA,"Summer",7,2,0,180
"FCSB","SuperLiga","Romania","2020","Arrivals","Marius Briceag","https://www.transfermarkt.com/marius-briceag/profil/spieler/209063","Left-Back","28","Romania","CS U Craiova","SuperLiga","Romania",0,FALSE,NA,"Summer",13,8,0,497
"FCSB","SuperLiga","Romania","2020","Arrivals","Goran Karanovic","https://www.transfermarkt.com/goran-karanovic/profil/spieler/33337","Centre-Forward","32","Switzerland","FC Hermannstadt","SuperLiga","Romania",NA,TRUE,"loan transfer","Summer",1,1,0,10
"FCSB","SuperLiga","Romania","2020","Arrivals","David Caiado","https://www.transfermarkt.com/david-caiado/profil/spieler/37414","Attacking Midfield","33","Portugal","FC Hermannstadt","SuperLiga","Romania",NA,TRUE,"loan transfer","Summer",1,1,0,90
"FCSB","SuperLiga","Romania","2020","Arrivals","Octavian Popescu","https://www.transfermarkt.com/octavian-popescu/profil/spieler/797100","Left Winger","17","Romania","FCSB II",NA,"Romania",NA,FALSE,"-","Summer",34,34,4,2451
"FCSB","SuperLiga","Romania","2020","Arrivals","Gabriel Simion","https://www.transfermarkt.com/gabriel-simion/profil/spieler/447557","Defensive Midfield","22","Romania","Astra Giurgiu","SuperLiga","Romania",NA,TRUE,"End of loan Aug 10, 2020","Summer",37,22,0,1126
"FCSB","SuperLiga","Romania","2020","Arrivals","Adrian Șut","https://www.transfermarkt.com/adrian-sut/profil/spieler/433979","Defensive Midfield","21","Romania","Ac. Clinceni","SuperLiga","Romania",NA,TRUE,"End of loan Aug 10, 2020","Summer",30,27,0,1704
"FCSB","SuperLiga","Romania","2020","Arrivals","Ovidiu Horșia","https://www.transfermarkt.com/ovidiu-horsia/profil/spieler/418223","Right Winger","19","Romania","ACSM Poli Iasi","SuperLiga","Romania",NA,TRUE,"End of loan Aug 10, 2020","Summer",8,2,0,92
"FCSB","SuperLiga","Romania","2020","Arrivals","Claudiu Belu","https://www.transfermarkt.com/claudiu-belu/profil/spieler/208716","Right-Back","26","Romania","FC Voluntari","SuperLiga","Romania",NA,TRUE,"End of loan Aug 10, 2020","Summer",NA,NA,NA,NA
"FCSB","SuperLiga","Romania","2020","Arrivals","William Amorim","https://www.transfermarkt.com/william-amorim/profil/spieler/203087","Left Winger","28","Brazil","AO Xanthi","Super League 2","Greece",NA,TRUE,"End of loan Jul 31, 2020","Summer",NA,NA,NA,NA
"FCSB","SuperLiga","Romania","2020","Arrivals","Sorin Șerban","https://www.transfermarkt.com/sorin-serban/profil/spieler/567518","Left-Back","20","Romania","ACSM Poli Iasi","SuperLiga","Romania",NA,TRUE,"End of loan Aug 10, 2020","Summer",4,2,0,180
"FCSB","SuperLiga","Romania","2020","Arrivals","Robert Ion","https://www.transfermarkt.com/robert-ion/profil/spieler/608511","Attacking Midfield","19","Romania","Ac. Clinceni","SuperLiga","Romania",NA,TRUE,"End of loan Aug 10, 2020","Summer",8,4,0,148
"FCSB","SuperLiga","Romania","2020","Arrivals","Răzvan Ducan","https://www.transfermarkt.com/razvan-ducan/profil/spieler/547853","Goalkeeper","19","Romania","FC Arges","SuperLiga","Romania",NA,TRUE,"End of loan Aug 20, 2020","Summer",4,1,0,120
"FCSB","SuperLiga","Romania","2020","Arrivals","Cristian Dumitru","https://www.transfermarkt.com/cristian-dumitru/profil/spieler/599600","Left Winger","18","Romania","Ac. Clinceni","SuperLiga","Romania",NA,TRUE,"End of loan Jan 1, 2020","Summer",5,1,0,45
"FCSB","SuperLiga","Romania","2020","Arrivals","Ianis Stoica","https://www.transfermarkt.com/ianis-stoica/profil/spieler/547754","Left Winger","17","Romania","Metaloglobus","Liga 2","Romania",NA,TRUE,"End of loan Jun 30, 2020","Summer",NA,NA,NA,NA
"FCSB","SuperLiga","Romania","2020","Arrivals","Mario Mihai","https://www.transfermarkt.com/mario-mihai/profil/spieler/449697","Left-Back","21","Romania","CS Tunari",NA,"Romania",NA,TRUE,"End of loan Jun 30, 2020","Summer",NA,NA,NA,NA
"FCSB","SuperLiga","Romania","2020","Departures","Adrian Petre","https://www.transfermarkt.com/adrian-petre/profil/spieler/365769","Centre-Forward","22","Romania","Cosenza","Serie B","Italy",50000,TRUE,NA,"Summer",8,4,1,240
"FCSB","SuperLiga","Romania","2020","Departures","Bogdan Planic","https://www.transfermarkt.com/bogdan-planic/profil/spieler/180360","Centre-Back","28","Serbia","Maccabi Haifa","Ligat ha'Al","Israel",0,FALSE,NA,"Summer",NA,NA,NA,NA
"FCSB","SuperLiga","Romania","2020","Departures","Harlem Gnohéré","https://www.transfermarkt.com/harlem-gnohere/profil/spieler/70778","Centre-Forward","32","France","Mouscron","Jupiler Pro League","Belgium",0,FALSE,NA,"Summer",NA,NA,NA,NA
"FCSB","SuperLiga","Romania","2020","Departures","Cristian Bălgrădean","https://www.transfermarkt.com/cristian-balgradean/profil/spieler/158839","Goalkeeper","32","Romania","CFR Cluj","SuperLiga","Romania",0,FALSE,NA,"Summer",NA,NA,NA,NA
"FCSB","SuperLiga","Romania","2020","Departures","Claudiu Belu","https://www.transfermarkt.com/claudiu-belu/profil/spieler/208716","Right-Back","26","Romania","FC Hermannstadt","SuperLiga","Romania",0,FALSE,NA,"Summer",NA,NA,NA,NA
"FCSB","SuperLiga","Romania","2020","Departures","Marko Momcilovic","https://www.transfermarkt.com/marko-momcilovic/profil/spieler/89506","Centre-Back","33","Serbia","Radnicki Nis","Super liga Srbije","Serbia",0,FALSE,NA,"Summer",NA,NA,NA,NA
"FCSB","SuperLiga","Romania","2020","Departures","Mario Mihai","https://www.transfermarkt.com/mario-mihai/profil/spieler/449697","Left-Back","21","Romania","CS Tunari",NA,"Romania",0,FALSE,NA,"Summer",NA,NA,NA,NA
"FCSB","SuperLiga","Romania","2020","Departures","William Amorim","https://www.transfermarkt.com/william-amorim/profil/spieler/203087","Left Winger","28","Brazil","Altay SK","1.Lig","Türkiye",NA,FALSE,"?","Summer",NA,NA,NA,NA
"FCSB","SuperLiga","Romania","2020","Departures","Ovidiu Horșia","https://www.transfermarkt.com/ovidiu-horsia/profil/spieler/418223","Right Winger","19","Romania","Gaz Metan","SuperLiga","Romania",NA,TRUE,"loan transfer","Summer",8,2,0,92
"FCSB","SuperLiga","Romania","2020","Departures","Cristian Dumitru","https://www.transfermarkt.com/cristian-dumitru/profil/spieler/599600","Left Winger","18","Romania","Ac. Clinceni","SuperLiga","Romania",NA,TRUE,"loan transfer","Summer",5,1,0,45
"FCSB","SuperLiga","Romania","2020","Departures","Răzvan Ducan","https://www.transfermarkt.com/razvan-ducan/profil/spieler/547853","Goalkeeper","19","Romania","AFC Turris","Liga 2","Romania",NA,TRUE,"loan transfer","Summer",4,1,0,120
"FCSB","SuperLiga","Romania","2020","Departures","Ianis Stoica","https://www.transfermarkt.com/ianis-stoica/profil/spieler/547754","Left Winger","17","Romania","Slatina","Liga 2","Romania",NA,TRUE,"loan transfer","Summer",NA,NA,NA,NA
"FCSB","SuperLiga","Romania","2020","Departures","Sorin Șerban","https://www.transfermarkt.com/sorin-serban/profil/spieler/567518","Left-Back","20","Romania","FCSB II",NA,"Romania",NA,FALSE,"-","Summer",4,2,0,180
"FCSB","SuperLiga","Romania","2020","Departures","Alexandru Stan","https://www.transfermarkt.com/alexandru-stan/profil/spieler/97517","Left Midfield","31","Romania","FCSB II",NA,"Romania",NA,FALSE,"-","Summer",NA,NA,NA,NA
"FCSB","SuperLiga","Romania","2020","Departures","Toma Niga","https://www.transfermarkt.com/toma-niga/profil/spieler/276907","Goalkeeper","23","Romania","FCSB II",NA,"Romania",NA,FALSE,"-","Summer",1,0,0,0
"FCSB","SuperLiga","Romania","2020","Departures","Mihai Udrea","https://www.transfermarkt.com/mihai-udrea/profil/spieler/786187","Goalkeeper","19","Romania","FCSB II",NA,"Romania",NA,FALSE,"-","Summer",6,0,0,0
"FCSB","SuperLiga","Romania","2020","Departures","Adrian Popa","https://www.transfermarkt.com/adrian-popa/profil/spieler/104062","Right Winger","31","Romania","Reading","Championship","England",NA,TRUE,"End of loan Jun 30, 2020","Summer",NA,NA,NA,NA
"FCSB","SuperLiga","Romania","2020","Departures","Goran Karanovic","https://www.transfermarkt.com/goran-karanovic/profil/spieler/33337","Centre-Forward","32","Switzerland","FC Hermannstadt","SuperLiga","Romania",NA,TRUE,"End of loan Oct 1, 2020","Summer",1,1,0,10
"FCSB","SuperLiga","Romania","2020","Departures","David Caiado","https://www.transfermarkt.com/david-caiado/profil/spieler/37414","Attacking Midfield","33","Portugal","FC Hermannstadt","SuperLiga","Romania",NA,TRUE,"End of loan Oct 1, 2020","Summer",1,1,0,90
"FCSB","SuperLiga","Romania","2020","Arrivals","Denis Haruț","https://www.transfermarkt.com/denis-harut/profil/spieler/412641","Centre-Back","21","Romania","FC Botosani","SuperLiga","Romania",660000,FALSE,NA,"Winter",18,12,0,945
"FCSB","SuperLiga","Romania","2020","Arrivals","Risto Radunovic","https://www.transfermarkt.com/risto-radunovic/profil/spieler/144339","Left-Back","28","Montenegro","Astra Giurgiu","SuperLiga","Romania",4e+05,FALSE,NA,"Winter",23,23,0,1805
"FCSB","SuperLiga","Romania","2020","Arrivals","Ante Vukusic","https://www.transfermarkt.com/ante-vukusic/profil/spieler/99345","Centre-Forward","29","Croatia","NK Olimpija","Prva Liga","Slovenia",0,FALSE,NA,"Winter",10,5,0,134
"FCSB","SuperLiga","Romania","2020","Arrivals","Mihai Udrea","https://www.transfermarkt.com/mihai-udrea/profil/spieler/786187","Goalkeeper","19","Romania","FCSB II",NA,"Romania",NA,FALSE,"-","Winter",6,0,0,0
"FCSB","SuperLiga","Romania","2020","Arrivals","Ovidiu Horșia","https://www.transfermarkt.com/ovidiu-horsia/profil/spieler/418223","Right Winger","21","Romania","Gaz Metan","SuperLiga","Romania",NA,TRUE,"End of loan Feb 14, 2022","Winter",8,2,0,92
"FCSB","SuperLiga","Romania","2020","Departures","Dennis Man","https://www.transfermarkt.com/dennis-man/profil/spieler/397486","Right Winger","22","Romania","Parma","Serie A","Italy",12600000,FALSE,NA,"Winter",20,20,17,1726
"FCSB","SuperLiga","Romania","2020","Departures","Sergiu Buș","https://www.transfermarkt.com/sergiu-bus/profil/spieler/123671","Centre-Forward","28","Romania","Seongnam FC","K League 1","Korea, South",3e+05,FALSE,NA,"Winter",11,11,2,576
"FCSB","SuperLiga","Romania","2020","Departures","Adrian Petre","https://www.transfermarkt.com/adrian-petre/profil/spieler/365769","Centre-Forward","22","Romania","UTA Arad","SuperLiga","Romania",0,FALSE,NA,"Winter",8,4,1,240
"FCSB","SuperLiga","Romania","2020","Departures","Gabriel Enache","https://www.transfermarkt.com/gabriel-enache/profil/spieler/197652","Right-Back","30","Romania","Zhetysu","Premier Liga","Kazakhstan",0,FALSE,NA,"Winter",7,2,0,180
"FCSB","SuperLiga","Romania","2020","Departures","Marius Briceag","https://www.transfermarkt.com/marius-briceag/profil/spieler/209063","Left-Back","28","Romania","FC Voluntari","SuperLiga","Romania",NA,TRUE,"loan transfer","Winter",13,8,0,497
"FCSB","SuperLiga","Romania","2020","Departures","Cristian Dumitru","https://www.transfermarkt.com/cristian-dumitru/profil/spieler/599600","Left Winger","19","Romania","FC Arges","SuperLiga","Romania",NA,TRUE,"loan transfer","Winter",5,1,0,45
"FCSB","SuperLiga","Romania","2020","Departures","Răzvan Ducan","https://www.transfermarkt.com/razvan-ducan/profil/spieler/547853","Goalkeeper","19","Romania","CS Mioveni","Liga 2","Romania",NA,TRUE,"loan transfer","Winter",4,1,0,120
"CS Universitatea Craiova","SuperLiga","Romania","2020","Arrivals","Alexandru Cîmpanu","https://www.transfermarkt.com/alexandru-cimpanu/profil/spieler/687846","Right Winger","19","Romania","FC Botosani","SuperLiga","Romania",5e+05,FALSE,NA,"Summer",35,27,2,1506
"CS Universitatea Craiova","SuperLiga","Romania","2020","Arrivals","Mihai Căpățînă","https://www.transfermarkt.com/mihai-capatina/profil/spieler/292201","Central Midfield","24","Romania","FC Voluntari","SuperLiga","Romania",250000,FALSE,NA,"Summer",39,28,0,922
"CS Universitatea Craiova","SuperLiga","Romania","2020","Arrivals","Reagy Ofosu","https://www.transfermarkt.com/reagy-ofosu/profil/spieler/83253","Left Winger","29","Germany","FC Botosani","SuperLiga","Romania",150000,FALSE,NA,"Summer",23,20,4,1260
"CS Universitatea Craiova","SuperLiga","Romania","2020","Arrivals","Ivan Mamut","https://www.transfermarkt.com/ivan-mamut/profil/spieler/446996","Centre-Forward","23","Croatia","Inker","Prva NL","Croatia",50000,TRUE,NA,"Summer",33,26,3,1338
"CS Universitatea Craiova","SuperLiga","Romania","2020","Arrivals","Marius Constantin","https://www.transfermarkt.com/marius-constantin/profil/spieler/34503","Centre-Back","35","Romania","Gaz Metan","SuperLiga","Romania",50000,FALSE,NA,"Summer",44,40,0,3371
"CS Universitatea Craiova","SuperLiga","Romania","2020","Arrivals","Vladimir Screciu","https://www.transfermarkt.com/vladimir-screciu/profil/spieler/418219","Defensive Midfield","20","Romania","KRC Genk","Jupiler Pro League","Belgium",0,FALSE,NA,"Summer",24,21,1,734
"CS Universitatea Craiova","SuperLiga","Romania","2020","Arrivals","Paul Papp","https://www.transfermarkt.com/paul-papp/profil/spieler/112552","Centre-Back","30","Romania","Sivasspor","Süper Lig","Türkiye",0,FALSE,NA,"Summer",32,20,1,1461
"CS Universitatea Craiova","SuperLiga","Romania","2020","Arrivals","Alexandru Tudorie","https://www.transfermarkt.com/alexandru-tudorie/profil/spieler/260139","Centre-Forward","24","Romania","Arsenal Tula","Premier Liga","Russia",NA,TRUE,"loan transfer","Summer",34,21,4,653
"CS Universitatea Craiova","SuperLiga","Romania","2020","Arrivals","Atanas Trică","https://www.transfermarkt.com/atanas-trica/profil/spieler/896370","Centre-Forward","17","Romania","CSU Craiova U19",NA,"Romania",NA,FALSE,"-","Summer",1,1,0,2
"CS Universitatea Craiova","SuperLiga","Romania","2020","Arrivals","Alexandru Olteanu","https://www.transfermarkt.com/alexandru-olteanu/profil/spieler/565088","Right-Back","20","Romania","CS U Craiova II",NA,"Romania",NA,FALSE,"-","Summer",3,1,0,4
"CS Universitatea Craiova","SuperLiga","Romania","2020","Arrivals","César Meza Colli","https://www.transfermarkt.com/cesar-meza-colli/profil/spieler/163443","Attacking Midfield","28","Paraguay","Shamakhi","Premyer Liqa","Azerbaijan",NA,TRUE,"End of loan Jun 30, 2020","Summer",NA,NA,NA,NA
"CS Universitatea Craiova","SuperLiga","Romania","2020","Arrivals","Ovidiu Bic","https://www.transfermarkt.com/ovidiu-bic/profil/spieler/220816","Central Midfield","26","Romania","Chindia","SuperLiga","Romania",NA,TRUE,"End of loan Aug 15, 2020","Summer",43,27,2,1823
"CS Universitatea Craiova","SuperLiga","Romania","2020","Arrivals","Carlos Fortes","https://www.transfermarkt.com/carlos-fortes/profil/spieler/297467","Centre-Forward","25","Cape Verde","Ittihad Tanger","Botola Pro Inwi","Morocco",NA,TRUE,"End of loan Jun 30, 2020","Summer",NA,NA,NA,NA
"CS Universitatea Craiova","SuperLiga","Romania","2020","Arrivals","Andrei Burlacu","https://www.transfermarkt.com/andrei-burlacu/profil/spieler/415457","Left Winger","23","Romania","Concordia","Liga 2","Romania",NA,TRUE,"End of loan Jun 30, 2020","Summer",0,0,0,0
"CS Universitatea Craiova","SuperLiga","Romania","2020","Arrivals","Stephan Drăghici","https://www.transfermarkt.com/stephan-draghici/profil/spieler/435706","Right Midfield","22","Romania","Gaz Metan","SuperLiga","Romania",NA,TRUE,"End of loan Sep 8, 2020","Summer",NA,NA,NA,NA
"CS Universitatea Craiova","SuperLiga","Romania","2020","Arrivals","Raul Hreniuc","https://www.transfermarkt.com/raul-hreniuc/profil/spieler/405964","Centre-Back","23","Romania","CS Mioveni","Liga 2","Romania",NA,TRUE,"End of loan Jun 30, 2020","Summer",NA,NA,NA,NA
"CS Universitatea Craiova","SuperLiga","Romania","2020","Arrivals","Hristos Vadasis","https://www.transfermarkt.com/hristos-vadasis/profil/spieler/535464","Left-Back","20","Romania","FC Rapid 1923","Liga 2","Romania",NA,TRUE,"End of loan Jun 30, 2020","Summer",NA,NA,NA,NA
"CS Universitatea Craiova","SuperLiga","Romania","2020","Departures","Valentin Mihăilă","https://www.transfermarkt.com/valentin-mihaila/profil/spieler/535469","Left Winger","20","Romania","Parma","Serie A","Italy",9100000,FALSE,NA,"Summer",6,6,0,379
"CS Universitatea Craiova","SuperLiga","Romania","2020","Departures","Gustavo Vagenin","https://www.transfermarkt.com/gustavo-vagenin/profil/spieler/268223","Attacking Midfield","28","Brazil","Ajman Club","UAE Pro League","United Arab Emirates",80000,TRUE,NA,"Summer",NA,NA,NA,NA
"CS Universitatea Craiova","SuperLiga","Romania","2020","Departures","Uros Cosic","https://www.transfermarkt.com/uros-cosic/profil/spieler/94305","Centre-Back","27","Serbia","Soligorsk","Vysheyshaya Liga","Belarus",0,FALSE,NA,"Summer",NA,NA,NA,NA
"CS Universitatea Craiova","SuperLiga","Romania","2020","Departures","Kamer Qaka","https://www.transfermarkt.com/kamer-qaka/profil/spieler/167821","Central Midfield","25","Albania","Kongsvinger","OBOS-ligaen","Norway",0,FALSE,NA,"Summer",NA,NA,NA,NA
"CS Universitatea Craiova","SuperLiga","Romania","2020","Departures","Carlos Fortes","https://www.transfermarkt.com/carlos-fortes/profil/spieler/297467","Centre-Forward","25","Cape Verde","Vilafranquense","Liga Portugal 2","Portugal",0,FALSE,NA,"Summer",NA,NA,NA,NA
"CS Universitatea Craiova","SuperLiga","Romania","2020","Departures","Marius Briceag","https://www.transfermarkt.com/marius-briceag/profil/spieler/209063","Left-Back","28","Romania","FCSB","SuperLiga","Romania",0,FALSE,NA,"Summer",NA,NA,NA,NA
"CS Universitatea Craiova","SuperLiga","Romania","2020","Departures","Florin Gardoș","https://www.transfermarkt.com/florin-gardos/profil/spieler/57423","Centre-Back","31","Romania","Ac. Clinceni","SuperLiga","Romania",0,FALSE,NA,"Summer",NA,NA,NA,NA
"CS Universitatea Craiova","SuperLiga","Romania","2020","Departures","César Meza Colli","https://www.transfermarkt.com/cesar-meza-colli/profil/spieler/163443","Attacking Midfield","29","Paraguay","Shamakhi","Premyer Liqa","Azerbaijan",NA,FALSE,"?","Summer",NA,NA,NA,NA
"CS Universitatea Craiova","SuperLiga","Romania","2020","Departures","Luis Nițu","https://www.transfermarkt.com/luis-nitu/profil/spieler/575181","Right Winger","19","Romania","Gaz Metan","SuperLiga","Romania",NA,FALSE,"?","Summer",NA,NA,NA,NA
"CS Universitatea Craiova","SuperLiga","Romania","2020","Departures","Stephan Drăghici","https://www.transfermarkt.com/stephan-draghici/profil/spieler/435706","Right Midfield","22","Romania","FC Arges","SuperLiga","Romania",NA,TRUE,"loan transfer","Summer",NA,NA,NA,NA
"CS Universitatea Craiova","SuperLiga","Romania","2020","Departures","Alexandru Popescu","https://www.transfermarkt.com/alexandru-popescu/profil/spieler/504909","Centre-Forward","22","Romania","SSU Poli","Liga 2","Romania",NA,TRUE,"loan transfer","Summer",NA,NA,NA,NA
"CS Universitatea Craiova","SuperLiga","Romania","2020","Departures","Alexandru Mățel","https://www.transfermarkt.com/alexandru-matel/profil/spieler/48767","Right-Back","30","Romania","Without Club",NA,NA,NA,FALSE,"-","Summer",NA,NA,NA,NA
"CS Universitatea Craiova","SuperLiga","Romania","2020","Departures","Raul Hreniuc","https://www.transfermarkt.com/raul-hreniuc/profil/spieler/405964","Centre-Back","23","Romania","CS U Craiova II",NA,"Romania",NA,FALSE,"-","Summer",NA,NA,NA,NA
"CS Universitatea Craiova","SuperLiga","Romania","2020","Departures","Hristos Vadasis","https://www.transfermarkt.com/hristos-vadasis/profil/spieler/535464","Left-Back","20","Romania","CS U Craiova II",NA,"Romania",NA,FALSE,"-","Summer",NA,NA,NA,NA
"CS Universitatea Craiova","SuperLiga","Romania","2020","Arrivals","Matteo Fedele","https://www.transfermarkt.com/matteo-fedele/profil/spieler/111438","Central Midfield","28","Switzerland","Valenciennes FC","Ligue 2","France",0,FALSE,NA,"Winter",20,13,1,296
"CS Universitatea Craiova","SuperLiga","Romania","2020","Arrivals","Ivan Mamut","https://www.transfermarkt.com/ivan-mamut/profil/spieler/446996","Centre-Forward","23","Croatia","Inker","Prva NL","Croatia",NA,FALSE,"?","Winter",33,26,3,1338
"CS Universitatea Craiova","SuperLiga","Romania","2020","Arrivals","Juan Cámara","https://www.transfermarkt.com/juan-camara/profil/spieler/162039","Attacking Midfield","27","Spain","Jagiellonia","Ekstraklasa","Poland",NA,TRUE,"loan transfer","Winter",17,16,0,787
"CS Universitatea Craiova","SuperLiga","Romania","2020","Departures","Antoni Ivanov","https://www.transfermarkt.com/antoni-ivanov/profil/spieler/283287","Central Midfield","25","Bulgaria","FC Voluntari","SuperLiga","Romania",NA,TRUE,"loan transfer","Winter",3,0,0,0
"CS Universitatea Craiova","SuperLiga","Romania","2020","Departures","Alexandru Popescu","https://www.transfermarkt.com/alexandru-popescu/profil/spieler/504909","Centre-Forward","22","Romania","Aerostar","Liga 2","Romania",NA,TRUE,"loan transfer","Winter",NA,NA,NA,NA
"CS Universitatea Craiova","SuperLiga","Romania","2020","Departures","Alexandru Olteanu","https://www.transfermarkt.com/alexandru-olteanu/profil/spieler/565088","Right-Back","20","Romania","CS U Craiova II",NA,"Romania",NA,FALSE,"-","Winter",3,1,0,4
"CS Universitatea Craiova","SuperLiga","Romania","2020","Departures","Ivan Mamut","https://www.transfermarkt.com/ivan-mamut/profil/spieler/446996","Centre-Forward","23","Croatia","Inker","Prva NL","Croatia",NA,TRUE,"End of loan Jan 14, 2021","Winter",33,26,3,1338
"CFR Cluj","SuperLiga","Romania","2020","Arrivals","Cristian Manea","https://www.transfermarkt.com/cristian-manea/profil/spieler/271284","Right-Back","23","Romania","Apol. Limassol","Cyprus League","Cyprus",4e+05,FALSE,NA,"Summer",44,33,0,2467
"CFR Cluj","SuperLiga","Romania","2020","Arrivals","Kevin Boli","https://www.transfermarkt.com/kevin-boli/profil/spieler/186593","Centre-Back","29","Cote d'Ivoire","GuiZ FC","League One","China",3e+05,FALSE,NA,"Summer",3,2,0,210
"CFR Cluj","SuperLiga","Romania","2020","Arrivals","Gabriel Debeljuh","https://www.transfermarkt.com/gabriel-debeljuh/profil/spieler/340073","Centre-Forward","23","Croatia","FC Hermannstadt","SuperLiga","Romania",250000,FALSE,NA,"Summer",44,43,11,2678
"CFR Cluj","SuperLiga","Romania","2020","Arrivals","Nicolae Carnat","https://www.transfermarkt.com/nicolae-carnat/profil/spieler/341140","Right Winger","22","Romania","Sepsi OSK","SuperLiga","Romania",75000,FALSE,NA,"Summer",27,15,0,431
"CFR Cluj","SuperLiga","Romania","2020","Arrivals","Cristian Bălgrădean","https://www.transfermarkt.com/cristian-balgradean/profil/spieler/158839","Goalkeeper","32","Romania","FCSB","SuperLiga","Romania",0,FALSE,NA,"Summer",44,36,0,3176
"CFR Cluj","SuperLiga","Romania","2020","Arrivals","William Soares","https://www.transfermarkt.com/william-soares/profil/spieler/80151","Defensive Midfield","31","Brazil","Gil Vicente","Liga Portugal","Portugal",0,FALSE,NA,"Summer",23,18,0,1065
"CFR Cluj","SuperLiga","Romania","2020","Arrivals","Iasmin Latovlevici","https://www.transfermarkt.com/iasmin-latovlevici/profil/spieler/47172","Left-Back","34","Romania","Without Club",NA,NA,0,FALSE,NA,"Summer",33,9,0,323
"CFR Cluj","SuperLiga","Romania","2020","Arrivals","Mihai Pînzariu","https://www.transfermarkt.com/mihai-pinzariu/profil/spieler/975205","Goalkeeper","15","Romania","U Cluj","Liga 2","Romania",0,FALSE,NA,"Summer",NA,NA,NA,NA
"CFR Cluj","SuperLiga","Romania","2020","Arrivals","Jakub Vojtus","https://www.transfermarkt.com/jakub-vojtus/profil/spieler/104990","Centre-Forward","26","Slovakia","Ac. Clinceni","SuperLiga","Romania",NA,FALSE,"?","Summer",17,11,0,407
"CFR Cluj","SuperLiga","Romania","2020","Arrivals","Rares Murariu","https://www.transfermarkt.com/rares-murariu/profil/spieler/319238","Goalkeeper","21","Romania","SSU Poli","Liga 2","Romania",NA,FALSE,"?","Summer",4,1,0,5
"CFR Cluj","SuperLiga","Romania","2020","Arrivals","Andrei Joca","https://www.transfermarkt.com/andrei-joca/profil/spieler/675540","Right Winger","20","Romania","CFR Cluj U19",NA,"Romania",NA,FALSE,"-","Summer",12,6,0,30
"CFR Cluj","SuperLiga","Romania","2020","Arrivals","Alexandru Pașcanu","https://www.transfermarkt.com/alexandru-pascanu/profil/spieler/421258","Centre-Back","21","Romania","FC Voluntari","SuperLiga","Romania",NA,TRUE,"End of loan Aug 10, 2020","Summer",NA,NA,NA,NA
"CFR Cluj","SuperLiga","Romania","2020","Arrivals","Mihai Butean","https://www.transfermarkt.com/mihai-butean/profil/spieler/375712","Right-Back","23","Romania","Gaz Metan","SuperLiga","Romania",NA,TRUE,"End of loan Aug 10, 2020","Summer",2,1,0,90
"CFR Cluj","SuperLiga","Romania","2020","Arrivals","Andrei Radu","https://www.transfermarkt.com/andrei-radu/profil/spieler/243293","Left-Back","24","Romania","ACSM Poli Iasi","SuperLiga","Romania",NA,TRUE,"End of loan Jun 30, 2020","Summer",NA,NA,NA,NA
"CFR Cluj","SuperLiga","Romania","2020","Arrivals","Sebastian Mailat","https://www.transfermarkt.com/sebastian-mailat/profil/spieler/364697","Left Winger","22","Romania","U Cluj","Liga 2","Romania",NA,TRUE,"End of loan Aug 10, 2020","Summer",NA,NA,NA,NA
"CFR Cluj","SuperLiga","Romania","2020","Arrivals","Giannis Kontoes","https://www.transfermarkt.com/giannis-kontoes/profil/spieler/57016","Centre-Back","34","Greece","Ac. Clinceni","SuperLiga","Romania",NA,TRUE,"End of loan Aug 10, 2020","Summer",NA,NA,NA,NA
"CFR Cluj","SuperLiga","Romania","2020","Arrivals","Alexandru Ioniță","https://www.transfermarkt.com/alexandru-ionita/profil/spieler/209664","Attacking Midfield","26","Romania","Astra Giurgiu","SuperLiga","Romania",NA,TRUE,"End of loan Jun 30, 2021","Summer",NA,NA,NA,NA
"CFR Cluj","SuperLiga","Romania","2020","Arrivals","Rareș Ispas","https://www.transfermarkt.com/rares-ispas/profil/spieler/634317","Left-Back","19","Romania","ACSM Reșița","Liga 2","Romania",NA,TRUE,"End of loan Jun 30, 2020","Summer",NA,NA,NA,NA
"CFR Cluj","SuperLiga","Romania","2020","Departures","Mihai Bordeianu","https://www.transfermarkt.com/mihai-bordeianu/profil/spieler/210059","Central Midfield","28","Romania","Al-Qadsiah","Saudi Pro League","Saudi Arabia",1200000,FALSE,NA,"Summer",20,19,0,1570
"CFR Cluj","SuperLiga","Romania","2020","Departures","Kevin Boli","https://www.transfermarkt.com/kevin-boli/profil/spieler/186593","Centre-Back","29","Cote d'Ivoire","Samsunspor","1.Lig","Türkiye",7e+05,FALSE,NA,"Summer",3,2,0,210
"CFR Cluj","SuperLiga","Romania","2020","Departures","Giedrius Arlauskis","https://www.transfermarkt.com/giedrius-arlauskis/profil/spieler/69001","Goalkeeper","32","Lithuania","Al-Shabab","Saudi Pro League","Saudi Arabia",0,FALSE,NA,"Summer",9,7,0,537
"CFR Cluj","SuperLiga","Romania","2020","Departures","Lacina Traoré","https://www.transfermarkt.com/lacina-traore/profil/spieler/69006","Centre-Forward","30","Cote d'Ivoire","Bandirmaspor","1.Lig","Türkiye",0,FALSE,NA,"Summer",NA,NA,NA,NA
"CFR Cluj","SuperLiga","Romania","2020","Departures","Andrei Radu","https://www.transfermarkt.com/andrei-radu/profil/spieler/243293","Left-Back","24","Romania","FC Dinamo","SuperLiga","Romania",0,FALSE,NA,"Summer",NA,NA,NA,NA
"CFR Cluj","SuperLiga","Romania","2020","Departures","Yacouba Sylla","https://www.transfermarkt.com/yacouba-sylla/profil/spieler/160080","Defensive Midfield","29","Mali","Mouloudia","Botola Pro Inwi","Morocco",0,FALSE,NA,"Summer",NA,NA,NA,NA
"CFR Cluj","SuperLiga","Romania","2020","Departures","Giannis Kontoes","https://www.transfermarkt.com/giannis-kontoes/profil/spieler/57016","Centre-Back","34","Greece","Panionios",NA,"Greece",0,FALSE,NA,"Summer",NA,NA,NA,NA
"CFR Cluj","SuperLiga","Romania","2020","Departures","Jesús Fernández","https://www.transfermarkt.com/jesus-fernandez/profil/spieler/91885","Goalkeeper","32","Spain","Sepsi OSK","SuperLiga","Romania",0,FALSE,NA,"Summer",NA,NA,NA,NA
"CFR Cluj","SuperLiga","Romania","2020","Departures","Alexandru Pașcanu","https://www.transfermarkt.com/alexandru-pascanu/profil/spieler/421258","Centre-Back","21","Romania","Ponferradina","LaLiga2","Spain",NA,TRUE,"loan transfer","Summer",NA,NA,NA,NA
"CFR Cluj","SuperLiga","Romania","2020","Departures","Mihai Butean","https://www.transfermarkt.com/mihai-butean/profil/spieler/375712","Right-Back","23","Romania","Gaz Metan","SuperLiga","Romania",NA,TRUE,"loan transfer","Summer",2,1,0,90
"CFR Cluj","SuperLiga","Romania","2020","Departures","Cătălin Golofca","https://www.transfermarkt.com/catalin-golofca/profil/spieler/241234","Right Winger","30","Romania","Sepsi OSK","SuperLiga","Romania",NA,TRUE,"loan transfer","Summer",4,3,1,54
"CFR Cluj","SuperLiga","Romania","2020","Departures","Claudiu Petrila","https://www.transfermarkt.com/claudiu-petrila/profil/spieler/623424","Left Winger","19","Romania","Sepsi OSK","SuperLiga","Romania",NA,TRUE,"loan transfer","Summer",7,6,1,134
"CFR Cluj","SuperLiga","Romania","2020","Departures","Sebastian Mailat","https://www.transfermarkt.com/sebastian-mailat/profil/spieler/364697","Left Winger","22","Romania","FC Voluntari","SuperLiga","Romania",NA,TRUE,"loan transfer","Summer",NA,NA,NA,NA
"CFR Cluj","SuperLiga","Romania","2020","Departures","Răzvan Andronic","https://www.transfermarkt.com/razvan-andronic/profil/spieler/568539","Centre-Forward","20","Romania","Ac. Clinceni","SuperLiga","Romania",NA,TRUE,"loan transfer","Summer",NA,NA,NA,NA
"CFR Cluj","SuperLiga","Romania","2020","Departures","Alin Fică","https://www.transfermarkt.com/alin-fica/profil/spieler/675506","Central Midfield","19","Romania","FC Rapid 1923","Liga 2","Romania",NA,TRUE,"loan transfer","Summer",NA,NA,NA,NA
"CFR Cluj","SuperLiga","Romania","2020","Departures","Otto Hindrich","https://www.transfermarkt.com/otto-hindrich/profil/spieler/744075","Goalkeeper","18","Romania","SSU Poli","Liga 2","Romania",NA,TRUE,"loan transfer","Summer",3,0,0,0
"CFR Cluj","SuperLiga","Romania","2020","Departures","Rareș Ispas","https://www.transfermarkt.com/rares-ispas/profil/spieler/634317","Left-Back","20","Romania","Comuna Recea","Liga 2","Romania",NA,TRUE,"loan transfer","Summer",NA,NA,NA,NA
"CFR Cluj","SuperLiga","Romania","2020","Departures","Cristian Manea","https://www.transfermarkt.com/cristian-manea/profil/spieler/271284","Right-Back","23","Romania","Apol. Limassol","Cyprus League","Cyprus",NA,TRUE,"End of loan Aug 10, 2020","Summer",44,33,0,2467
"CFR Cluj","SuperLiga","Romania","2020","Departures","Kevin Boli","https://www.transfermarkt.com/kevin-boli/profil/spieler/186593","Centre-Back","29","Cote d'Ivoire","GuiZ FC","League One","China",NA,TRUE,"End of loan Aug 10, 2020","Summer",3,2,0,210
"CFR Cluj","SuperLiga","Romania","2020","Arrivals","Giedrius Arlauskis","https://www.transfermarkt.com/giedrius-arlauskis/profil/spieler/69001","Goalkeeper","33","Lithuania","Al-Shabab","Saudi Pro League","Saudi Arabia",0,FALSE,NA,"Winter",9,7,0,537
"CFR Cluj","SuperLiga","Romania","2020","Arrivals","Rúnar Már Sigurjónsson","https://www.transfermarkt.com/runar-mar-sigurjonsson/profil/spieler/90008","Central Midfield","30","Iceland","FC Astana","Premier Liga","Kazakhstan",0,FALSE,NA,"Winter",14,13,3,584
"CFR Cluj","SuperLiga","Romania","2020","Arrivals","Syam Ben Youssef","https://www.transfermarkt.com/syam-ben-youssef/profil/spieler/133078","Centre-Back","31","Tunisia","Denizlispor U21",NA,"Türkiye",0,FALSE,NA,"Winter",23,8,0,720
"CFR Cluj","SuperLiga","Romania","2020","Arrivals","Ivica Zunic","https://www.transfermarkt.com/ivica-zunic/profil/spieler/139943","Centre-Back","32","Bosnia-Herzegovina","Without Club",NA,NA,NA,FALSE,"?","Winter",3,2,0,93
"CFR Cluj","SuperLiga","Romania","2020","Arrivals","Sebastian Serediuc","https://www.transfermarkt.com/sebastian-serediuc/profil/spieler/633092","Centre-Forward","20","Romania","Minaur",NA,"Romania",NA,FALSE,"?","Winter",NA,NA,NA,NA
"CFR Cluj","SuperLiga","Romania","2020","Arrivals","Mihai Bordeianu","https://www.transfermarkt.com/mihai-bordeianu/profil/spieler/210059","Central Midfield","29","Romania","Al-Qadsiah","Saudi Pro League","Saudi Arabia",NA,TRUE,"loan transfer","Winter",20,19,0,1570
"CFR Cluj","SuperLiga","Romania","2020","Arrivals","Adrian Gîdea","https://www.transfermarkt.com/adrian-gidea/profil/spieler/847618","Central Midfield","20","Romania","CFR Cluj U19",NA,"Romania",NA,FALSE,"-","Winter",23,22,1,292
"CFR Cluj","SuperLiga","Romania","2020","Arrivals","Alin Fică","https://www.transfermarkt.com/alin-fica/profil/spieler/675506","Central Midfield","19","Romania","FC Rapid 1923","Liga 2","Romania",NA,TRUE,"End of loan Dec 31, 2020","Winter",NA,NA,NA,NA
"CFR Cluj","SuperLiga","Romania","2020","Departures","Damjan Djokovic","https://www.transfermarkt.com/damjan-djokovic/profil/spieler/143039","Central Midfield","30","Croatia","C. Rizespor","Süper Lig","Türkiye",4e+05,FALSE,NA,"Winter",26,25,0,1721
"CFR Cluj","SuperLiga","Romania","2020","Departures","Jakub Vojtus","https://www.transfermarkt.com/jakub-vojtus/profil/spieler/104990","Centre-Forward","27","Slovakia","Mezőkövesd","NB I.","Hungary",1e+05,FALSE,NA,"Winter",17,11,0,407
"CFR Cluj","SuperLiga","Romania","2020","Departures","Ivica Zunic","https://www.transfermarkt.com/ivica-zunic/profil/spieler/139943","Centre-Back","32","Bosnia-Herzegovina","FC Rapid 1923","Liga 2","Romania",0,FALSE,NA,"Winter",3,2,0,93
"CFR Cluj","SuperLiga","Romania","2020","Departures","Alin Fică","https://www.transfermarkt.com/alin-fica/profil/spieler/675506","Central Midfield","19","Romania","Comuna Recea","Liga 2","Romania",NA,TRUE,"loan transfer","Winter",NA,NA,NA,NA
"CFR Cluj","SuperLiga","Romania","2020","Departures","Ionuț Rus","https://www.transfermarkt.com/ionut-rus/profil/spieler/418208","Goalkeeper","20","Romania","FC Hermannstadt","SuperLiga","Romania",NA,TRUE,"loan transfer","Winter",3,0,0,0
"CFR Cluj","SuperLiga","Romania","2020","Departures","Sebastian Serediuc","https://www.transfermarkt.com/sebastian-serediuc/profil/spieler/633092","Centre-Forward","20","Romania","Unirea Dej",NA,"Romania",NA,TRUE,"loan transfer","Winter",NA,NA,NA,NA
"FCV Farul Constanta","SuperLiga","Romania","2020","Arrivals","Jon Gaztañaga","https://www.transfermarkt.com/jon-gaztanaga/profil/spieler/66110","Central Midfield","29","Spain","AEL Limassol","Cyprus League","Cyprus",0,FALSE,NA,"Summer",23,19,1,1197
"FCV Farul Constanta","SuperLiga","Romania","2020","Arrivals","Ángel Martínez","https://www.transfermarkt.com/angel-martinez/profil/spieler/66117","Centre-Back","29","Spain","Asteras Aktor","Super League 1","Greece",0,FALSE,NA,"Summer",5,5,0,450
"FCV Farul Constanta","SuperLiga","Romania","2020","Arrivals","Josemi Castañeda","https://www.transfermarkt.com/josemi-castaneda/profil/spieler/455080","Central Midfield","22","Spain","UD Las Palmas","LaLiga2","Spain",0,FALSE,NA,"Summer",6,4,0,64
"FCV Farul Constanta","SuperLiga","Romania","2020","Arrivals","Adrian Stoian","https://www.transfermarkt.com/adrian-stoian/profil/spieler/96853","Left Winger","29","Romania","Livorno","Serie C - A","Italy",0,FALSE,NA,"Summer",8,5,0,110
"FCV Farul Constanta","SuperLiga","Romania","2020","Arrivals","Ely Fernandes","https://www.transfermarkt.com/ely-fernandes/profil/spieler/292488","Left Winger","29","Cape Verde","Gaz Metan","SuperLiga","Romania",0,FALSE,NA,"Summer",22,20,2,1007
"FCV Farul Constanta","SuperLiga","Romania","2020","Arrivals","Kevin Brobbey","https://www.transfermarkt.com/kevin-brobbey/profil/spieler/187290","Centre-Forward","27","Netherlands","ACSM Poli Iasi","SuperLiga","Romania",0,FALSE,NA,"Summer",19,19,9,1608
"FCV Farul Constanta","SuperLiga","Romania","2020","Arrivals","David Babunski","https://www.transfermarkt.com/david-babunski/profil/spieler/133628","Central Midfield","26","North Macedonia","FC Botosani","SuperLiga","Romania",0,FALSE,NA,"Summer",19,13,0,459
"FCV Farul Constanta","SuperLiga","Romania","2020","Arrivals","Alin Dobrosavlevici","https://www.transfermarkt.com/alin-dobrosavlevici/profil/spieler/213589","Centre-Back","25","Romania","FC Hermannstadt","SuperLiga","Romania",0,FALSE,NA,"Summer",39,31,2,2696
"FCV Farul Constanta","SuperLiga","Romania","2020","Arrivals","Víctor Fernández","https://www.transfermarkt.com/victor-fernandez/profil/spieler/415205","Left Winger","22","Spain","Newcastle U21","Premier League 2","England",0,FALSE,NA,"Summer",8,5,0,279
"FCV Farul Constanta","SuperLiga","Romania","2020","Arrivals","Romario Benzar","https://www.transfermarkt.com/romario-benzar/profil/spieler/164231","Right-Back","28","Romania","Lecce","Serie B","Italy",NA,TRUE,"loan transfer","Summer",25,23,0,1479
"FCV Farul Constanta","SuperLiga","Romania","2020","Arrivals","Darius Grosu","https://www.transfermarkt.com/darius-grosu/profil/spieler/568557","Right-Back","18","Romania","FCV Farul U18",NA,"Romania",NA,FALSE,"-","Summer",15,0,0,0
"FCV Farul Constanta","SuperLiga","Romania","2020","Arrivals","Ștefan Mușat","https://www.transfermarkt.com/stefan-musat/profil/spieler/623763","Goalkeeper","19","Romania","FCV Farul U18",NA,"Romania",NA,FALSE,"-","Summer",NA,NA,NA,NA
"FCV Farul Constanta","SuperLiga","Romania","2020","Arrivals","Valentin Cojocaru","https://www.transfermarkt.com/valentin-cojocaru/profil/spieler/200616","Goalkeeper","24","Romania","FC Voluntari","SuperLiga","Romania",NA,TRUE,"End of loan Aug 10, 2020","Summer",38,32,0,2822
"FCV Farul Constanta","SuperLiga","Romania","2020","Arrivals","Alexandru Mățan","https://www.transfermarkt.com/alexandru-matan/profil/spieler/368942","Attacking Midfield","20","Romania","FC Voluntari","SuperLiga","Romania",NA,TRUE,"End of loan Aug 10, 2020","Summer",23,23,1,1654
"FCV Farul Constanta","SuperLiga","Romania","2020","Arrivals","Cosmin Dur-Bozoancă","https://www.transfermarkt.com/cosmin-dur-bozoanca/profil/spieler/340976","Goalkeeper","22","Romania","U Cluj","Liga 2","Romania",NA,TRUE,"End of loan Jun 30, 2020","Summer",NA,NA,NA,NA
"FCV Farul Constanta","SuperLiga","Romania","2020","Arrivals","Robert Neciu","https://www.transfermarkt.com/robert-neciu/profil/spieler/319240","Left-Back","20","Romania","Chindia","SuperLiga","Romania",NA,TRUE,"End of loan Jan 1, 2020","Summer",NA,NA,NA,NA
"FCV Farul Constanta","SuperLiga","Romania","2020","Arrivals","Răzvan Matiș","https://www.transfermarkt.com/razvan-matis/profil/spieler/547785","Left Winger","19","Romania","FC Arges","SuperLiga","Romania",NA,TRUE,"End of loan Sep 9, 2020","Summer",4,3,0,143
"FCV Farul Constanta","SuperLiga","Romania","2020","Arrivals","Cosmin Tucaliuc","https://www.transfermarkt.com/cosmin-tucaliuc/profil/spieler/418234","Attacking Midfield","21","Romania","FC Buzău","Liga 2","Romania",NA,TRUE,"End of loan Jun 30, 2021","Summer",NA,NA,NA,NA
"FCV Farul Constanta","SuperLiga","Romania","2020","Arrivals","Szabolcs Kilyén","https://www.transfermarkt.com/szabolcs-kilyen/profil/spieler/340979","Right-Back","22","Romania","FC Dinamo","SuperLiga","Romania",NA,TRUE,"End of loan Aug 10, 2020","Summer",NA,NA,NA,NA
"FCV Farul Constanta","SuperLiga","Romania","2020","Arrivals","Gabriel Nedelea","https://www.transfermarkt.com/gabriel-nedelea/profil/spieler/464280","Left-Back","20","Romania","FC Buzău","Liga 2","Romania",NA,TRUE,"End of loan Jun 30, 2021","Summer",NA,NA,NA,NA
"FCV Farul Constanta","SuperLiga","Romania","2020","Arrivals","Alexandru Iulian Stoica","https://www.transfermarkt.com/alexandru-iulian-stoica/profil/spieler/271291","Right Winger","24","Romania","Farul Constanta",NA,"Romania",NA,TRUE,"End of loan Jun 30, 2021","Summer",NA,NA,NA,NA
"FCV Farul Constanta","SuperLiga","Romania","2020","Arrivals","Andrei Tîrcoveanu","https://www.transfermarkt.com/andrei-tircoveanu/profil/spieler/271293","Attacking Midfield","23","Romania","Concordia","Liga 2","Romania",NA,TRUE,"End of loan Jun 30, 2020","Summer",NA,NA,NA,NA
"FCV Farul Constanta","SuperLiga","Romania","2020","Arrivals","Andreas Iani","https://www.transfermarkt.com/andreas-iani/profil/spieler/406134","Defensive Midfield","22","Romania","Progresul Sp.",NA,"Romania",NA,TRUE,"End of loan Jun 30, 2020","Summer",NA,NA,NA,NA
"FCV Farul Constanta","SuperLiga","Romania","2020","Arrivals","Dimciu Halep","https://www.transfermarkt.com/dimciu-halep/profil/spieler/623750","Centre-Forward","20","Romania","U. Constanta","Liga 2","Romania",NA,TRUE,"End of loan Jun 30, 2020","Summer",NA,NA,NA,NA
"FCV Farul Constanta","SuperLiga","Romania","2020","Departures","Louis Munteanu","https://www.transfermarkt.com/louis-munteanu/profil/spieler/547786","Centre-Forward","18","Romania","Fiorentina U20","Primavera 1","Italy",1700000,FALSE,NA,"Summer",2,2,0,77
"FCV Farul Constanta","SuperLiga","Romania","2020","Departures","Rivaldinho","https://www.transfermarkt.com/rivaldinho/profil/spieler/313968","Centre-Forward","25","Brazil","Cracovia","Ekstraklasa","Poland",3e+05,FALSE,NA,"Summer",NA,NA,NA,NA
"FCV Farul Constanta","SuperLiga","Romania","2020","Departures","Vlad Achim","https://www.transfermarkt.com/vlad-achim/profil/spieler/69402","Defensive Midfield","31","Romania","FC Dinamo","SuperLiga","Romania",0,FALSE,NA,"Summer",NA,NA,NA,NA
"FCV Farul Constanta","SuperLiga","Romania","2020","Departures","Malcom Edjouma","https://www.transfermarkt.com/malcom-edjouma/profil/spieler/468704","Central Midfield","23","Morocco","KSV Roeselare","1ste Nationale","Belgium",0,FALSE,NA,"Summer",NA,NA,NA,NA
"FCV Farul Constanta","SuperLiga","Romania","2020","Departures","Szabolcs Kilyén","https://www.transfermarkt.com/szabolcs-kilyen/profil/spieler/340979","Right-Back","22","Romania","Vasas FC","NB II.","Hungary",0,FALSE,NA,"Summer",NA,NA,NA,NA
"FCV Farul Constanta","SuperLiga","Romania","2020","Departures","Andrei Tîrcoveanu","https://www.transfermarkt.com/andrei-tircoveanu/profil/spieler/271293","Attacking Midfield","23","Romania","FC Botosani","SuperLiga","Romania",0,FALSE,NA,"Summer",NA,NA,NA,NA
"FCV Farul Constanta","SuperLiga","Romania","2020","Departures","Cosmin Bîrnoi","https://www.transfermarkt.com/cosmin-birnoi/profil/spieler/450325","Centre-Forward","22","Romania","U. Constanta","Liga 2","Romania",0,FALSE,NA,"Summer",NA,NA,NA,NA
"FCV Farul Constanta","SuperLiga","Romania","2020","Departures","Alexandru Buzbuchi","https://www.transfermarkt.com/alexandru-buzbuchi/profil/spieler/216660","Goalkeeper","26","Romania","Gaz Metan","SuperLiga","Romania",0,FALSE,NA,"Summer",NA,NA,NA,NA
"FCV Farul Constanta","SuperLiga","Romania","2020","Departures","Andreas Iani","https://www.transfermarkt.com/andreas-iani/profil/spieler/406134","Defensive Midfield","22","Romania","Otelul Galati",NA,"Romania",0,FALSE,NA,"Summer",NA,NA,NA,NA
"FCV Farul Constanta","SuperLiga","Romania","2020","Departures","Dimciu Halep","https://www.transfermarkt.com/dimciu-halep/profil/spieler/623750","Centre-Forward","20","Romania","FCSB II",NA,"Romania",0,FALSE,NA,"Summer",NA,NA,NA,NA
"FCV Farul Constanta","SuperLiga","Romania","2020","Departures","Paul Iacob","https://www.transfermarkt.com/paul-iacob/profil/spieler/303359","Centre-Back","24","Romania","Chindia","SuperLiga","Romania",NA,TRUE,"loan transfer","Summer",NA,NA,NA,NA
"FCV Farul Constanta","SuperLiga","Romania","2020","Departures","Răzvan Matiș","https://www.transfermarkt.com/razvan-matis/profil/spieler/547785","Left Winger","19","Romania","Petrolul","Liga 2","Romania",NA,TRUE,"loan transfer","Summer",4,3,0,143
"FCV Farul Constanta","SuperLiga","Romania","2020","Departures","Cosmin Dur-Bozoancă","https://www.transfermarkt.com/cosmin-dur-bozoanca/profil/spieler/340976","Goalkeeper","22","Romania","U. Constanta","Liga 2","Romania",NA,TRUE,"loan transfer","Summer",NA,NA,NA,NA
"FCV Farul Constanta","SuperLiga","Romania","2020","Departures","Marco Dulca","https://www.transfermarkt.com/marco-dulca/profil/spieler/391445","Defensive Midfield","21","Romania","Chindia","SuperLiga","Romania",NA,TRUE,"loan transfer","Summer",1,0,0,0
"FCV Farul Constanta","SuperLiga","Romania","2020","Departures","Tiberiu Căpușă","https://www.transfermarkt.com/tiberiu-capusa/profil/spieler/340978","Centre-Back","22","Romania","Chindia","SuperLiga","Romania",NA,TRUE,"loan transfer","Summer",1,0,0,0
"FCV Farul Constanta","SuperLiga","Romania","2020","Departures","Antonio Vlad","https://www.transfermarkt.com/antonio-vlad/profil/spieler/547817","Centre-Back","19","Romania","CSA Steaua",NA,"Romania",NA,TRUE,"loan transfer","Summer",NA,NA,NA,NA
"FCV Farul Constanta","SuperLiga","Romania","2020","Departures","Darius Grosu","https://www.transfermarkt.com/darius-grosu/profil/spieler/568557","Right-Back","19","Romania","Metaloglobus","Liga 2","Romania",NA,TRUE,"loan transfer","Summer",15,0,0,0
"FCV Farul Constanta","SuperLiga","Romania","2020","Departures","Ștefan Mușat","https://www.transfermarkt.com/stefan-musat/profil/spieler/623763","Goalkeeper","19","Romania","CSA Steaua",NA,"Romania",NA,TRUE,"loan transfer","Summer",NA,NA,NA,NA
"FCV Farul Constanta","SuperLiga","Romania","2020","Departures","Cristian Ganea","https://www.transfermarkt.com/cristian-ganea/profil/spieler/262117","Left-Back","28","Romania","Athletic","LaLiga","Spain",NA,TRUE,"End of loan Jul 1, 2020","Summer",NA,NA,NA,NA
"FCV Farul Constanta","SuperLiga","Romania","2020","Arrivals","Jô Santos","https://www.transfermarkt.com/jo-santos/profil/spieler/237058","Right Winger","29","Brazil","FC Hermannstadt","SuperLiga","Romania",0,FALSE,NA,"Winter",17,17,4,1032
"FCV Farul Constanta","SuperLiga","Romania","2020","Arrivals","Răzvan Grădinaru","https://www.transfermarkt.com/razvan-gradinaru/profil/spieler/289256","Right-Back","25","Romania","FC Voluntari","SuperLiga","Romania",0,FALSE,NA,"Winter",21,20,0,1018
"FCV Farul Constanta","SuperLiga","Romania","2020","Arrivals","Marquinhos Pedroso","https://www.transfermarkt.com/marquinhos-pedroso/profil/spieler/218352","Left-Back","27","Brazil","Botev Plovdiv","efbet Liga","Bulgaria",0,FALSE,NA,"Winter",13,11,0,566
"FCV Farul Constanta","SuperLiga","Romania","2020","Arrivals","Juvhel Tsoumou","https://www.transfermarkt.com/juvhel-tsoumou/profil/spieler/42485","Centre-Forward","30","Congo","LN Tieren","League One","China",0,FALSE,NA,"Winter",18,18,4,1224
"FCV Farul Constanta","SuperLiga","Romania","2020","Arrivals","Valerijs Sabala","https://www.transfermarkt.com/valerijs-sabala/profil/spieler/151533","Centre-Forward","26","Latvia","Sūduva","A Lyga","Lithuania",0,FALSE,NA,"Winter",6,5,0,119
"FCV Farul Constanta","SuperLiga","Romania","2020","Arrivals","Artur Crăciun","https://www.transfermarkt.com/artur-craciun/profil/spieler/464878","Centre-Back","22","Moldova","Honvéd","NB I.","Hungary",NA,TRUE,"loan transfer","Winter",NA,NA,NA,NA
"FCV Farul Constanta","SuperLiga","Romania","2020","Arrivals","Alexandru Șerban","https://www.transfermarkt.com/alexandru-serban/profil/spieler/547850","Goalkeeper","19","Romania","FCV Farul U18",NA,"Romania",NA,FALSE,"-","Winter",0,0,0,0
"FCV Farul Constanta","SuperLiga","Romania","2020","Arrivals","Constantin Grameni","https://www.transfermarkt.com/constantin-grameni/profil/spieler/568578","Central Midfield","18","Romania","FCV Farul II",NA,"Romania",NA,FALSE,"-","Winter",28,13,0,787
"FCV Farul Constanta","SuperLiga","Romania","2020","Arrivals","Gabriel Buta","https://www.transfermarkt.com/gabriel-buta/profil/spieler/724115","Centre-Back","18","Romania","FCV Farul U18",NA,"Romania",NA,FALSE,"-","Winter",15,3,0,38
"FCV Farul Constanta","SuperLiga","Romania","2020","Arrivals","Sabin Stănciulescu","https://www.transfermarkt.com/sabin-stanciulescu/profil/spieler/724114","Goalkeeper","18","Romania","FCV Farul U18",NA,"Romania",NA,FALSE,"-","Winter",1,0,0,0
"FCV Farul Constanta","SuperLiga","Romania","2020","Arrivals","Luca Andronache","https://www.transfermarkt.com/luca-andronache/profil/spieler/666469","Left Winger","17","Romania","FCV Farul U18",NA,"Romania",NA,FALSE,"-","Winter",15,11,0,175
"FCV Farul Constanta","SuperLiga","Romania","2020","Arrivals","Florian Haită","https://www.transfermarkt.com/florian-haita/profil/spieler/675514","Right Winger","20","Romania","AFC Turris","Liga 2","Romania",NA,TRUE,"End of loan Dec 31, 2020","Winter",9,8,0,201
"FCV Farul Constanta","SuperLiga","Romania","2020","Arrivals","Răzvan Matiș","https://www.transfermarkt.com/razvan-matis/profil/spieler/547785","Left Winger","19","Romania","Petrolul","Liga 2","Romania",NA,TRUE,"End of loan Jan 1, 2021","Winter",4,3,0,143
"FCV Farul Constanta","SuperLiga","Romania","2020","Departures","Alexandru Mățan","https://www.transfermarkt.com/alexandru-matan/profil/spieler/368942","Attacking Midfield","21","Romania","Columbus","MLS","United States",1500000,FALSE,NA,"Winter",23,23,1,1654
"FCV Farul Constanta","SuperLiga","Romania","2020","Departures","Kevin Brobbey","https://www.transfermarkt.com/kevin-brobbey/profil/spieler/187290","Centre-Forward","27","Netherlands","Kayserispor","Süper Lig","Türkiye",8e+05,FALSE,NA,"Winter",19,19,9,1608
"FCV Farul Constanta","SuperLiga","Romania","2020","Departures","Gabriel Iancu","https://www.transfermarkt.com/gabriel-iancu/profil/spieler/164254","Centre-Forward","26","Romania","Akhmat Grozny","Premier Liga","Russia",5e+05,FALSE,NA,"Winter",11,10,4,872
"FCV Farul Constanta","SuperLiga","Romania","2020","Departures","Ángel Martínez","https://www.transfermarkt.com/angel-martinez/profil/spieler/66117","Centre-Back","29","Spain","PAS Lamia","Super League 1","Greece",0,FALSE,NA,"Winter",5,5,0,450
"FCV Farul Constanta","SuperLiga","Romania","2020","Departures","Valerijs Sabala","https://www.transfermarkt.com/valerijs-sabala/profil/spieler/151533","Centre-Forward","26","Latvia","GKS Belchatow","Betclic 1 Liga","Poland",0,FALSE,NA,"Winter",6,5,0,119
"FCV Farul Constanta","SuperLiga","Romania","2020","Departures","Adrian Stoian","https://www.transfermarkt.com/adrian-stoian/profil/spieler/96853","Left Winger","29","Romania","Ascoli","Serie B","Italy",0,FALSE,NA,"Winter",8,5,0,110
"FCV Farul Constanta","SuperLiga","Romania","2020","Departures","Víctor Fernández","https://www.transfermarkt.com/victor-fernandez/profil/spieler/415205","Left Winger","22","Spain","FC Botosani","SuperLiga","Romania",NA,FALSE,"?","Winter",8,5,0,279
"FCV Farul Constanta","SuperLiga","Romania","2020","Departures","Bradley de Nooijer","https://www.transfermarkt.com/bradley-de-nooijer/profil/spieler/313741","Left-Back","23","Netherlands","Vorskla Poltava","Premier Liga","Ukraine",NA,TRUE,"loan transfer","Winter",16,13,0,1044
"FCV Farul Constanta","SuperLiga","Romania","2020","Departures","Árpád Tordai","https://www.transfermarkt.com/arpad-tordai/profil/spieler/271294","Goalkeeper","23","Romania","Fehérvár","NB I.","Hungary",NA,TRUE,"loan transfer","Winter",5,2,0,180
"FCV Farul Constanta","SuperLiga","Romania","2020","Departures","Robert Hodorogea","https://www.transfermarkt.com/robert-hodorogea/profil/spieler/289403","Centre-Back","25","Romania","FCV Farul II",NA,"Romania",NA,FALSE,"-","Winter",NA,NA,NA,NA
"FCV Farul Constanta","SuperLiga","Romania","2020","Departures","Doru Dumitrescu","https://www.transfermarkt.com/doru-dumitrescu/profil/spieler/415890","Central Midfield","22","Romania",NA,NA,NA,NA,FALSE,"-","Winter",NA,NA,NA,NA
"Astra Giurgiu (- 2024)",NA,NA,"2020","Arrivals","Dario Canadjija","https://www.transfermarkt.com/dario-canadjija/profil/spieler/193998","Defensive Midfield","26","Croatia","HNK Gorica","SuperSport HNL","Croatia",4e+05,FALSE,NA,"Summer",36,35,1,2617
"Astra Giurgiu (- 2024)",NA,NA,"2020","Arrivals","Valerică Găman","https://www.transfermarkt.com/valerica-gaman/profil/spieler/47576","Centre-Back","31","Romania","Without Club",NA,NA,0,FALSE,NA,"Summer",32,28,2,2240
"Astra Giurgiu (- 2024)",NA,NA,"2020","Arrivals","Sébastien Wüthrich","https://www.transfermarkt.com/sebastien-wuthrich/profil/spieler/52744","Attacking Midfield","30","Switzerland","Servette FC","Super League","Switzerland",0,FALSE,NA,"Summer",33,28,4,1521
"Astra Giurgiu (- 2024)",NA,NA,"2020","Arrivals","Mattia Montini","https://www.transfermarkt.com/mattia-montini/profil/spieler/130368","Centre-Forward","28","Italy","FC Dinamo","SuperLiga","Romania",0,FALSE,NA,"Summer",35,33,8,1675
"Astra Giurgiu (- 2024)",NA,NA,"2020","Arrivals","George Merloi","https://www.transfermarkt.com/george-merloi/profil/spieler/530697","Right Winger","20","Romania","Ac. Clinceni","SuperLiga","Romania",0,FALSE,NA,"Summer",43,30,3,1308
"Astra Giurgiu (- 2024)",NA,NA,"2020","Arrivals","Hugo Sousa","https://www.transfermarkt.com/hugo-sousa/profil/spieler/187908","Centre-Back","28","Portugal","Aris Saloniki","Super League 1","Greece",0,FALSE,NA,"Summer",29,24,1,1749
"Astra Giurgiu (- 2024)",NA,NA,"2020","Arrivals","Robert Riza","https://www.transfermarkt.com/robert-riza/profil/spieler/623411","Left-Back","21","Romania","Without Club",NA,NA,NA,FALSE,"-","Summer",27,8,1,147
"Astra Giurgiu (- 2024)",NA,NA,"2020","Arrivals","Romario Moise","https://www.transfermarkt.com/romario-moise/profil/spieler/390844","Attacking Midfield","23","Romania","UTA Arad","SuperLiga","Romania",NA,TRUE,"End of loan Aug 15, 2020","Summer",16,14,0,559
"Astra Giurgiu (- 2024)",NA,NA,"2020","Arrivals","Radu Crișan","https://www.transfermarkt.com/radu-crisan/profil/spieler/339954","Centre-Back","24","Romania","UTA Arad","SuperLiga","Romania",NA,TRUE,"End of loan Aug 11, 2020","Summer",NA,NA,NA,NA
"Astra Giurgiu (- 2024)",NA,NA,"2020","Arrivals","Miguel Santos","https://www.transfermarkt.com/miguel-santos/profil/spieler/243555","Goalkeeper","25","Portugal","Ac. Clinceni","SuperLiga","Romania",NA,TRUE,"End of loan Aug 10, 2020","Summer",NA,NA,NA,NA
"Astra Giurgiu (- 2024)",NA,NA,"2020","Arrivals","Robert Boboc","https://www.transfermarkt.com/robert-boboc/profil/spieler/244542","Defensive Midfield","25","Romania","D. Calarasi","Liga 2","Romania",NA,TRUE,"End of loan Jun 30, 2020","Summer",NA,NA,NA,NA
"Astra Giurgiu (- 2024)",NA,NA,"2020","Arrivals","Mihai Popa","https://www.transfermarkt.com/mihai-popa/profil/spieler/623412","Goalkeeper","19","Romania","FC Rapid 1923","Liga 2","Romania",NA,TRUE,"End of loan Aug 14, 2020","Summer",43,15,0,1309
"Astra Giurgiu (- 2024)",NA,NA,"2020","Arrivals","Mădălin Răileanu","https://www.transfermarkt.com/madalin-raileanu/profil/spieler/309432","Defensive Midfield","23","Romania","CS Blejoi",NA,"Romania",NA,TRUE,"End of loan Jun 30, 2020","Summer",NA,NA,NA,NA
"Astra Giurgiu (- 2024)",NA,NA,"2020","Arrivals","Serges Ekollo","https://www.transfermarkt.com/serges-ekollo/profil/spieler/709665","Central Midfield","21","Cameroon","Petrolul","Liga 2","Romania",NA,TRUE,"End of loan Jun 30, 2020","Summer",NA,NA,NA,NA
"Astra Giurgiu (- 2024)",NA,NA,"2020","Arrivals","Radu Chiriac","https://www.transfermarkt.com/radu-chiriac/profil/spieler/418222","Central Midfield","20","Romania","Metaloglobus","Liga 2","Romania",NA,TRUE,"End of loan Jun 30, 2020","Summer",NA,NA,NA,NA
"Astra Giurgiu (- 2024)",NA,NA,"2020","Departures","Denis Alibec","https://www.transfermarkt.com/denis-alibec/profil/spieler/81396","Centre-Forward","29","Romania","Kayserispor","Süper Lig","Türkiye",1e+06,FALSE,NA,"Summer",5,5,1,431
"Astra Giurgiu (- 2024)",NA,NA,"2020","Departures","Julien Begue","https://www.transfermarkt.com/julien-begue/profil/spieler/301841","Centre-Forward","26","France","Le Mans FC","Championnat National","France",0,FALSE,NA,"Summer",NA,NA,NA,NA
"Astra Giurgiu (- 2024)",NA,NA,"2020","Departures","Georgi Kitanov","https://www.transfermarkt.com/georgi-kitanov/profil/spieler/221552","Goalkeeper","25","Bulgaria","Petrolul","Liga 2","Romania",0,FALSE,NA,"Summer",NA,NA,NA,NA
"Astra Giurgiu (- 2024)",NA,NA,"2020","Departures","Oumare Tounkara","https://www.transfermarkt.com/oumare-tounkara/profil/spieler/128973","Centre-Forward","30","France","Lyon La Duchère","Championnat National","France",0,FALSE,NA,"Summer",NA,NA,NA,NA
"Astra Giurgiu (- 2024)",NA,NA,"2020","Departures","Ciprian Biceanu","https://www.transfermarkt.com/ciprian-biceanu/profil/spieler/241259","Central Midfield","26","Romania","Concordia","Liga 2","Romania",0,FALSE,NA,"Summer",NA,NA,NA,NA
"Astra Giurgiu (- 2024)",NA,NA,"2020","Departures","Gabriel Tamaș","https://www.transfermarkt.com/gabriel-tamas/profil/spieler/6893","Centre-Back","36","Romania","U Cluj","Liga 2","Romania",0,FALSE,NA,"Summer",NA,NA,NA,NA
"Astra Giurgiu (- 2024)",NA,NA,"2020","Departures","Alexandru Dandea","https://www.transfermarkt.com/alexandru-dandea/profil/spieler/213287","Centre-Back","32","Romania","FC Rapid 1923","Liga 2","Romania",0,FALSE,NA,"Summer",5,5,0,233
"Astra Giurgiu (- 2024)",NA,NA,"2020","Departures","Goodness Ajayi","https://www.transfermarkt.com/goodness-ajayi/profil/spieler/271626","Left Winger","25","Nigeria","Kazma SC",NA,"Kuwait",0,FALSE,NA,"Summer",NA,NA,NA,NA
"Astra Giurgiu (- 2024)",NA,NA,"2020","Departures","Mădălin Răileanu","https://www.transfermarkt.com/madalin-raileanu/profil/spieler/309432","Defensive Midfield","23","Romania","CS Blejoi",NA,"Romania",0,FALSE,NA,"Summer",NA,NA,NA,NA
"Astra Giurgiu (- 2024)",NA,NA,"2020","Departures","Serges Ekollo","https://www.transfermarkt.com/serges-ekollo/profil/spieler/709665","Central Midfield","22","Cameroon","Petrolul","Liga 2","Romania",NA,FALSE,"?","Summer",NA,NA,NA,NA
"Astra Giurgiu (- 2024)",NA,NA,"2020","Departures","Radu Crișan","https://www.transfermarkt.com/radu-crisan/profil/spieler/339954","Centre-Back","24","Romania","FC Rapid 1923","Liga 2","Romania",NA,TRUE,"loan transfer","Summer",NA,NA,NA,NA
"Astra Giurgiu (- 2024)",NA,NA,"2020","Departures","Robert Boboc","https://www.transfermarkt.com/robert-boboc/profil/spieler/244542","Defensive Midfield","25","Romania","ACSM Reșița","Liga 2","Romania",NA,TRUE,"loan transfer","Summer",NA,NA,NA,NA
"Astra Giurgiu (- 2024)",NA,NA,"2020","Departures","Miguel Santos","https://www.transfermarkt.com/miguel-santos/profil/spieler/243555","Goalkeeper","25","Portugal","Roda JC","Keuken Kampioen Divisie","Netherlands",NA,TRUE,"loan transfer","Summer",NA,NA,NA,NA
"Astra Giurgiu (- 2024)",NA,NA,"2020","Departures","Mihai Cohan","https://www.transfermarkt.com/mihai-cohan/profil/spieler/575183","Left-Back","19","Romania","SCM Zalau",NA,"Romania",NA,TRUE,"loan transfer","Summer",NA,NA,NA,NA
"Astra Giurgiu (- 2024)",NA,NA,"2020","Departures","Radu Chiriac","https://www.transfermarkt.com/radu-chiriac/profil/spieler/418222","Central Midfield","20","Romania","Astra II",NA,"Romania",NA,FALSE,"-","Summer",NA,NA,NA,NA
"Astra Giurgiu (- 2024)",NA,NA,"2020","Departures","Gabriel Simion","https://www.transfermarkt.com/gabriel-simion/profil/spieler/447557","Defensive Midfield","22","Romania","FCSB","SuperLiga","Romania",NA,TRUE,"End of loan Aug 10, 2020","Summer",NA,NA,NA,NA
"Astra Giurgiu (- 2024)",NA,NA,"2020","Departures","Alexandru Ioniță","https://www.transfermarkt.com/alexandru-ionita/profil/spieler/209664","Attacking Midfield","26","Romania","CFR Cluj","SuperLiga","Romania",NA,TRUE,"End of loan Jun 30, 2021","Summer",4,2,0,99
"Astra Giurgiu (- 2024)",NA,NA,"2020","Departures","Rafael Popovici-Ciatău","https://www.transfermarkt.com/rafael-popovici-ciatau/profil/spieler/836802","Right Midfield","16","Romania","Unknown",NA,NA,NA,TRUE,"End of loan Jun 30, 2020","Summer",NA,NA,NA,NA
"Astra Giurgiu (- 2024)",NA,NA,"2020","Arrivals","Momcilo Raspopovic","https://www.transfermarkt.com/momcilo-raspopovic/profil/spieler/246836","Right-Back","26","Montenegro","HNK Rijeka","SuperSport HNL","Croatia",2e+05,FALSE,NA,"Winter",19,16,1,1092
"Astra Giurgiu (- 2024)",NA,NA,"2020","Arrivals","Abdel Lamanje","https://www.transfermarkt.com/abdel-lamanje/profil/spieler/130927","Centre-Back","30","France","Shakhter K.","Premier Liga","Kazakhstan",0,FALSE,NA,"Winter",22,13,0,1106
"Astra Giurgiu (- 2024)",NA,NA,"2020","Arrivals","Shlomi Azulay","https://www.transfermarkt.com/shlomi-azulay/profil/spieler/136997","Centre-Forward","31","Israel","B. Jerusalem","Ligat ha'Al","Israel",0,FALSE,NA,"Winter",8,6,3,279
"Astra Giurgiu (- 2024)",NA,NA,"2020","Arrivals","Igor Jovanovic","https://www.transfermarkt.com/igor-jovanovic/profil/spieler/50366","Centre-Back","31","Croatia","Seongnam FC","K League 1","Korea, South",0,FALSE,NA,"Winter",25,14,0,825
"Astra Giurgiu (- 2024)",NA,NA,"2020","Arrivals","Cătălin Ion","https://www.transfermarkt.com/catalin-ion/profil/spieler/863162","Centre-Back","22","Romania","V. Colonesti",NA,"Romania",0,FALSE,NA,"Winter",7,2,0,174
"Astra Giurgiu (- 2024)",NA,NA,"2020","Arrivals","Yann Boé-Kane","https://www.transfermarkt.com/yann-boe-kane/profil/spieler/127051","Defensive Midfield","29","France","Without Club",NA,NA,NA,FALSE,"-","Winter",25,24,1,1894
"Astra Giurgiu (- 2024)",NA,NA,"2020","Arrivals","Sulejman Krpic","https://www.transfermarkt.com/sulejman-krpic/profil/spieler/109047","Centre-Forward","30","Bosnia-Herzegovina","Without Club",NA,NA,NA,FALSE,"-","Winter",23,22,4,1107
"Astra Giurgiu (- 2024)",NA,NA,"2020","Arrivals","Răzvan Mizdrescu","https://www.transfermarkt.com/razvan-mizdrescu/profil/spieler/1402292","Right Winger","19","Romania","Astra Giur. U19",NA,"Romania",NA,FALSE,"-","Winter",NA,NA,NA,NA
"Astra Giurgiu (- 2024)",NA,NA,"2020","Departures","Risto Radunovic","https://www.transfermarkt.com/risto-radunovic/profil/spieler/144339","Left-Back","28","Montenegro","FCSB","SuperLiga","Romania",4e+05,FALSE,NA,"Winter",14,14,2,1260
"Astra Giurgiu (- 2024)",NA,NA,"2020","Departures","Constantin Dima","https://www.transfermarkt.com/constantin-dima/profil/spieler/335820","Centre-Back","21","Romania","Desna","Premier Liga","Ukraine",1e+05,FALSE,NA,"Winter",18,10,0,837
"Astra Giurgiu (- 2024)",NA,NA,"2020","Departures","Constantin Budescu","https://www.transfermarkt.com/constantin-budescu/profil/spieler/164233","Attacking Midfield","31","Romania","Damac FC","Saudi Pro League","Saudi Arabia",0,FALSE,NA,"Winter",18,18,8,1535
"Astra Giurgiu (- 2024)",NA,NA,"2020","Departures","Shlomi Azulay","https://www.transfermarkt.com/shlomi-azulay/profil/spieler/136997","Centre-Forward","31","Israel","Hapoel Tel Aviv","Ligat ha'Al","Israel",0,FALSE,NA,"Winter",8,6,3,279
"Astra Giurgiu (- 2024)",NA,NA,"2020","Departures","Dinu Graur","https://www.transfermarkt.com/dinu-graur/profil/spieler/309570","Right-Back","26","Moldova","AE Larisa","Super League 1","Greece",0,FALSE,NA,"Winter",4,2,0,105
"Astra Giurgiu (- 2024)",NA,NA,"2020","Departures","Andrei Trușescu","https://www.transfermarkt.com/andrei-trusescu/profil/spieler/466718","Left-Back","21","Romania","V. Colonesti",NA,"Romania",0,FALSE,NA,"Winter",NA,NA,NA,NA
"Astra Giurgiu (- 2024)",NA,NA,"2020","Departures","Romario Moise","https://www.transfermarkt.com/romario-moise/profil/spieler/390844","Attacking Midfield","24","Romania","Petrolul","Liga 2","Romania",NA,TRUE,"loan transfer","Winter",16,14,0,559
"Astra Giurgiu (- 2024)",NA,NA,"2020","Departures","Radu Crișan","https://www.transfermarkt.com/radu-crisan/profil/spieler/339954","Centre-Back","24","Romania","D. Calarasi","Liga 2","Romania",NA,TRUE,"loan transfer","Winter",NA,NA,NA,NA
"FC Dinamo 1948","SuperLiga","Romania","2020","Arrivals","Aleix García","https://www.transfermarkt.com/aleix-garcia/profil/spieler/261504","Central Midfield","23","Spain","Man City","Premier League","England",0,FALSE,NA,"Summer",9,8,0,477
"FC Dinamo 1948","SuperLiga","Romania","2020","Arrivals","Paul Anton","https://www.transfermarkt.com/paul-anton/profil/spieler/123286","Central Midfield","29","Romania","KS Samara","1.Division","Russia",0,FALSE,NA,"Summer",35,35,7,2946
"FC Dinamo 1948","SuperLiga","Romania","2020","Arrivals","Abdoulaye Ba","https://www.transfermarkt.com/abdoulaye-ba/profil/spieler/106837","Centre-Back","29","Senegal","Rayo Vallecano","LaLiga2","Spain",0,FALSE,NA,"Summer",7,3,0,196
"FC Dinamo 1948","SuperLiga","Romania","2020","Arrivals","Borja Valle","https://www.transfermarkt.com/borja-valle/profil/spieler/176067","Centre-Forward","28","Spain","Dep. La Coruña","2ª B - Grupo I","Spain",0,FALSE,NA,"Summer",10,10,5,679
"FC Dinamo 1948","SuperLiga","Romania","2020","Arrivals","Vlad Achim","https://www.transfermarkt.com/vlad-achim/profil/spieler/69402","Defensive Midfield","31","Romania","FCV Farul","SuperLiga","Romania",0,FALSE,NA,"Summer",35,33,1,1688
"FC Dinamo 1948","SuperLiga","Romania","2020","Arrivals","Isma López","https://www.transfermarkt.com/isma-lopez/profil/spieler/54231","Left-Back","30","Spain","CD Tenerife","LaLiga2","Spain",0,FALSE,NA,"Summer",9,9,0,788
"FC Dinamo 1948","SuperLiga","Romania","2020","Arrivals","Andrei Radu","https://www.transfermarkt.com/andrei-radu/profil/spieler/243293","Left-Back","24","Romania","CFR Cluj","SuperLiga","Romania",0,FALSE,NA,"Summer",28,17,1,1084
"FC Dinamo 1948","SuperLiga","Romania","2020","Arrivals","Adam Nemec","https://www.transfermarkt.com/adam-nemec/profil/spieler/55210","Centre-Forward","34","Slovakia","Pafos FC","Cyprus League","Cyprus",0,FALSE,NA,"Summer",34,34,5,2835
"FC Dinamo 1948","SuperLiga","Romania","2020","Arrivals","Janusz Gol","https://www.transfermarkt.com/janusz-gol/profil/spieler/80941","Defensive Midfield","34","Poland","Cracovia","Ekstraklasa","Poland",0,FALSE,NA,"Summer",33,27,0,1968
"FC Dinamo 1948","SuperLiga","Romania","2020","Arrivals","Alexander González","https://www.transfermarkt.com/alexander-gonzalez/profil/spieler/147562","Right-Back","27","Venezuela","CD Mirandés","LaLiga2","Spain",0,FALSE,NA,"Summer",8,7,1,457
"FC Dinamo 1948","SuperLiga","Romania","2020","Arrivals","Magaye Gueye","https://www.transfermarkt.com/magaye-gueye/profil/spieler/91956","Centre-Forward","30","Senegal","Qarabag FK","Premyer Liqa","Azerbaijan",0,FALSE,NA,"Summer",20,20,3,1126
"FC Dinamo 1948","SuperLiga","Romania","2020","Arrivals","Joseph Akpala","https://www.transfermarkt.com/joseph-akpala/profil/spieler/38000","Centre-Forward","34","Nigeria","Without Club",NA,NA,0,FALSE,NA,"Summer",1,1,0,20
"FC Dinamo 1948","SuperLiga","Romania","2020","Arrivals","René Román","https://www.transfermarkt.com/rene-roman/profil/spieler/64350","Goalkeeper","36","Spain","UD Almería","LaLiga2","Spain",0,FALSE,NA,"Summer",10,3,0,270
"FC Dinamo 1948","SuperLiga","Romania","2020","Arrivals","Costin Amzăr","https://www.transfermarkt.com/costin-amzar/profil/spieler/672896","Left-Back","17","Romania","CS D. Buk. U17",NA,"Romania",0,FALSE,NA,"Summer",0,0,0,0
"FC Dinamo 1948","SuperLiga","Romania","2020","Arrivals","Tomás Mejías","https://www.transfermarkt.com/tomas-mejias/profil/spieler/62947","Goalkeeper","31","Spain","Middlesbrough","Championship","England",NA,TRUE,"loan transfer","Summer",13,10,0,900
"FC Dinamo 1948","SuperLiga","Romania","2020","Arrivals","Juan Cámara","https://www.transfermarkt.com/juan-camara/profil/spieler/162039","Attacking Midfield","26","Spain","Jagiellonia","Ekstraklasa","Poland",NA,TRUE,"loan transfer","Summer",13,13,2,1017
"FC Dinamo 1948","SuperLiga","Romania","2020","Arrivals","Raúl Albentosa","https://www.transfermarkt.com/raul-albentosa/profil/spieler/77026","Centre-Back","32","Spain","Without Club",NA,NA,NA,FALSE,"-","Summer",12,12,1,1110
"FC Dinamo 1948","SuperLiga","Romania","2020","Arrivals","Aleksander Mitrovic","https://www.transfermarkt.com/aleksander-mitrovic/profil/spieler/608470","Goalkeeper","17","Romania","Dinamo U18",NA,"Romania",NA,FALSE,"-","Summer",11,0,0,0
"FC Dinamo 1948","SuperLiga","Romania","2020","Arrivals","Florin Bejan","https://www.transfermarkt.com/florin-bejan/profil/spieler/147993","Centre-Back","29","Romania","Ac. Clinceni","SuperLiga","Romania",NA,TRUE,"End of loan Aug 10, 2020","Summer",36,25,2,1833
"FC Dinamo 1948","SuperLiga","Romania","2020","Arrivals","Alin Dudea","https://www.transfermarkt.com/alin-dudea/profil/spieler/328517","Defensive Midfield","24","Romania","ACSM Reșița","Liga 2","Romania",NA,TRUE,"End of loan Jun 30, 2021","Summer",NA,NA,NA,NA
"FC Dinamo 1948","SuperLiga","Romania","2020","Arrivals","Alin Dudea","https://www.transfermarkt.com/alin-dudea/profil/spieler/328517","Defensive Midfield","22","Romania","Chindia","SuperLiga","Romania",NA,TRUE,"End of loan Feb 7, 2020","Summer",NA,NA,NA,NA
"FC Dinamo 1948","SuperLiga","Romania","2020","Arrivals","Geani Crețu","https://www.transfermarkt.com/geani-cretu/profil/spieler/540920","Attacking Midfield","20","Romania","FC Rapid 1923","Liga 2","Romania",NA,TRUE,"End of loan Aug 14, 2020","Summer",33,15,0,607
"FC Dinamo 1948","SuperLiga","Romania","2020","Arrivals","Cătălin Măgureanu","https://www.transfermarkt.com/catalin-magureanu/profil/spieler/491962","Second Striker","20","Romania","CS Afumati",NA,"Romania",NA,TRUE,"End of loan Jun 30, 2020","Summer",20,12,0,332
"FC Dinamo 1948","SuperLiga","Romania","2020","Arrivals","Liviu Gheorghe","https://www.transfermarkt.com/liviu-gheorghe/profil/spieler/335822","Central Midfield","20","Romania","Modelu",NA,"Romania",NA,TRUE,"End of loan Jun 30, 2020","Summer",NA,NA,NA,NA
"FC Dinamo 1948","SuperLiga","Romania","2020","Arrivals","Mihai Eșanu","https://www.transfermarkt.com/mihai-esanu/profil/spieler/436072","Goalkeeper","21","Romania","U. Constanta","Liga 2","Romania",NA,TRUE,"End of loan Jun 30, 2020","Summer",29,23,0,2055
"FC Dinamo 1948","SuperLiga","Romania","2020","Arrivals","Dragos Petrisor","https://www.transfermarkt.com/dragos-petrisor/profil/spieler/747336","Goalkeeper","20","Romania","AFC Turris","Liga 2","Romania",NA,TRUE,"End of loan Jun 30, 2020","Summer",NA,NA,NA,NA
"FC Dinamo 1948","SuperLiga","Romania","2020","Departures","Mattia Montini","https://www.transfermarkt.com/mattia-montini/profil/spieler/130368","Centre-Forward","28","Italy","Astra Giurgiu","SuperLiga","Romania",0,FALSE,NA,"Summer",NA,NA,NA,NA
"FC Dinamo 1948","SuperLiga","Romania","2020","Departures","Riccardo Piscitelli","https://www.transfermarkt.com/riccardo-piscitelli/profil/spieler/163051","Goalkeeper","26","Italy","Nacional","Liga Portugal","Portugal",0,FALSE,NA,"Summer",NA,NA,NA,NA
"FC Dinamo 1948","SuperLiga","Romania","2020","Departures","Valentin Lazăr","https://www.transfermarkt.com/valentin-lazar/profil/spieler/200621","Left Winger","31","Romania","Al-Shahania SC","Qatari Second Division","Qatar",0,FALSE,NA,"Summer",NA,NA,NA,NA
"FC Dinamo 1948","SuperLiga","Romania","2020","Departures","Cătălin Straton","https://www.transfermarkt.com/catalin-straton/profil/spieler/123251","Goalkeeper","30","Romania","FCSB","SuperLiga","Romania",0,FALSE,NA,"Summer",3,3,0,226
"FC Dinamo 1948","SuperLiga","Romania","2020","Departures","Florin Bejan","https://www.transfermarkt.com/florin-bejan/profil/spieler/147993","Centre-Back","30","Romania","FC Hermannstadt","Liga 2","Romania",0,FALSE,NA,"Summer",36,25,2,1833
"FC Dinamo 1948","SuperLiga","Romania","2020","Departures","Mihai Popescu","https://www.transfermarkt.com/mihai-popescu/profil/spieler/361537","Centre-Back","27","Romania","Heart of Midl.","Championship","Scotland",0,FALSE,NA,"Summer",1,0,0,0
"FC Dinamo 1948","SuperLiga","Romania","2020","Departures","Lukas Skovajsa","https://www.transfermarkt.com/lukas-skovajsa/profil/spieler/232390","Left-Back","26","Slovakia","C. Budejovice","Chance Liga","Czech Republic",0,FALSE,NA,"Summer",NA,NA,NA,NA
"FC Dinamo 1948","SuperLiga","Romania","2020","Departures","Ioan Filip","https://www.transfermarkt.com/ioan-filip/profil/spieler/169272","Defensive Midfield","31","Romania","U Cluj","Liga 2","Romania",0,FALSE,NA,"Summer",NA,NA,NA,NA
"FC Dinamo 1948","SuperLiga","Romania","2020","Departures","Radu Zamfir","https://www.transfermarkt.com/radu-zamfir/profil/spieler/540849","Right-Back","18","Romania","FC Voluntari","SuperLiga","Romania",0,FALSE,NA,"Summer",1,0,0,0
"FC Dinamo 1948","SuperLiga","Romania","2020","Departures","Daniel Popa","https://www.transfermarkt.com/daniel-popa/profil/spieler/341364","Centre-Forward","25","Romania","Chindia","SuperLiga","Romania",NA,TRUE,"loan transfer","Summer",2,2,0,121
"FC Dinamo 1948","SuperLiga","Romania","2020","Departures","Mihai Neicuțescu","https://www.transfermarkt.com/mihai-neicutescu/profil/spieler/436079","Centre-Forward","21","Romania","Chindia","SuperLiga","Romania",NA,TRUE,"loan transfer","Summer",2,2,0,80
"FC Dinamo 1948","SuperLiga","Romania","2020","Departures","Dragos Petrisor","https://www.transfermarkt.com/dragos-petrisor/profil/spieler/747336","Goalkeeper","20","Romania","Aerostar","Liga 2","Romania",NA,TRUE,"loan transfer","Summer",NA,NA,NA,NA
"FC Dinamo 1948","SuperLiga","Romania","2020","Departures","Liviu Gheorghe","https://www.transfermarkt.com/liviu-gheorghe/profil/spieler/335822","Central Midfield","20","Romania","Axiopolis",NA,"Romania",NA,TRUE,"loan transfer","Summer",NA,NA,NA,NA
"FC Dinamo 1948","SuperLiga","Romania","2020","Departures","Ștefan Fara","https://www.transfermarkt.com/stefan-fara/profil/spieler/540839","Goalkeeper","19","Romania","U. Constanta","Liga 2","Romania",NA,TRUE,"loan transfer","Summer",NA,NA,NA,NA
"FC Dinamo 1948","SuperLiga","Romania","2020","Departures","Stefan Ciobanu","https://www.transfermarkt.com/stefan-ciobanu/profil/spieler/798357","Goalkeeper","19","Romania","CS Tunari",NA,"Romania",NA,TRUE,"loan transfer","Summer",NA,NA,NA,NA
"FC Dinamo 1948","SuperLiga","Romania","2020","Departures","Filip Mrzljak","https://www.transfermarkt.com/filip-mrzljak/profil/spieler/131324","Defensive Midfield","27","Croatia","Without Club",NA,NA,NA,FALSE,"-","Summer",NA,NA,NA,NA
"FC Dinamo 1948","SuperLiga","Romania","2020","Departures","Andrei Sin","https://www.transfermarkt.com/andrei-sin/profil/spieler/213777","Left-Back","28","Romania","Dinamo II",NA,"Romania",NA,FALSE,"-","Summer",2,2,0,180
"FC Dinamo 1948","SuperLiga","Romania","2020","Departures","Kristian Kostrna","https://www.transfermarkt.com/kristian-kostrna/profil/spieler/108405","Centre-Back","26","Slovakia","Without Club",NA,NA,NA,FALSE,"-","Summer",NA,NA,NA,NA
"FC Dinamo 1948","SuperLiga","Romania","2020","Departures","Mamoutou N'Diaye","https://www.transfermarkt.com/mamoutou-ndiaye/profil/spieler/94298","Central Midfield","30","Mali","Without Club",NA,NA,NA,FALSE,"-","Summer",NA,NA,NA,NA
"FC Dinamo 1948","SuperLiga","Romania","2020","Departures","Slavko Perovic","https://www.transfermarkt.com/slavko-perovic/profil/spieler/51153","Centre-Forward","31","Serbia",NA,NA,NA,NA,FALSE,"-","Summer",NA,NA,NA,NA
"FC Dinamo 1948","SuperLiga","Romania","2020","Departures","Szabolcs Kilyén","https://www.transfermarkt.com/szabolcs-kilyen/profil/spieler/340979","Right-Back","22","Romania","FCV Farul","SuperLiga","Romania",NA,TRUE,"End of loan Aug 10, 2020","Summer",NA,NA,NA,NA
"FC Dinamo 1948","SuperLiga","Romania","2020","Arrivals","Steliano Filip","https://www.transfermarkt.com/steliano-filip/profil/spieler/181501","Left-Back","26","Romania","AE Larisa","Super League 1","Greece",0,FALSE,NA,"Winter",21,21,1,1761
"FC Dinamo 1948","SuperLiga","Romania","2020","Arrivals","Gudmund Kongshavn","https://www.transfermarkt.com/gudmund-kongshavn/profil/spieler/122337","Goalkeeper","30","Norway","Aalesund","OBOS-ligaen","Norway",0,FALSE,NA,"Winter",21,6,0,540
"FC Dinamo 1948","SuperLiga","Romania","2020","Arrivals","Gevaro Nepomuceno","https://www.transfermarkt.com/gevaro-nepomuceno/profil/spieler/139198","Left Winger","28","Curacao","Halifax Town","National League","England",0,FALSE,NA,"Winter",22,13,0,585
"FC Dinamo 1948","SuperLiga","Romania","2020","Arrivals","Andrei Blejdea","https://www.transfermarkt.com/andrei-blejdea/profil/spieler/313631","Left Winger","24","Romania","FC Arges","SuperLiga","Romania",0,FALSE,NA,"Winter",16,12,0,374
"FC Dinamo 1948","SuperLiga","Romania","2020","Arrivals","Giani Stere","https://www.transfermarkt.com/giani-stere/profil/spieler/621679","Centre-Forward","21","Romania","CSM Deva",NA,"Romania",0,FALSE,NA,"Winter",7,4,0,110
"FC Dinamo 1948","SuperLiga","Romania","2020","Arrivals","Alexandru Stoian","https://www.transfermarkt.com/alexandru-stoian/profil/spieler/1015431","Goalkeeper","15","Romania","Unknown",NA,NA,0,FALSE,NA,"Winter",NA,NA,NA,NA
"FC Dinamo 1948","SuperLiga","Romania","2020","Arrivals","Jonathan Morsay","https://www.transfermarkt.com/jonathan-morsay/profil/spieler/298313","Left Winger","23","Sierra Leone","Chievo Verona","Serie B","Italy",NA,TRUE,"loan transfer","Winter",20,16,2,754
"FC Dinamo 1948","SuperLiga","Romania","2020","Departures","Aleix García","https://www.transfermarkt.com/aleix-garcia/profil/spieler/261504","Central Midfield","23","Spain","SD Eibar","LaLiga","Spain",0,FALSE,NA,"Winter",9,8,0,477
"FC Dinamo 1948","SuperLiga","Romania","2020","Departures","Borja Valle","https://www.transfermarkt.com/borja-valle/profil/spieler/176067","Centre-Forward","28","Spain","Real Oviedo","LaLiga2","Spain",0,FALSE,NA,"Winter",10,10,5,679
"FC Dinamo 1948","SuperLiga","Romania","2020","Departures","Isma López","https://www.transfermarkt.com/isma-lopez/profil/spieler/54231","Left-Back","31","Spain","Racing","2ª B - Grupo II","Spain",0,FALSE,NA,"Winter",9,9,0,788
"FC Dinamo 1948","SuperLiga","Romania","2020","Departures","Alexander González","https://www.transfermarkt.com/alexander-gonzalez/profil/spieler/147562","Right-Back","28","Venezuela","Málaga CF","LaLiga2","Spain",0,FALSE,NA,"Winter",8,7,1,457
"FC Dinamo 1948","SuperLiga","Romania","2020","Departures","Abdoulaye Ba","https://www.transfermarkt.com/abdoulaye-ba/profil/spieler/106837","Centre-Back","30","Senegal","Moreirense ","Liga Portugal","Portugal",0,FALSE,NA,"Winter",7,3,0,196
"FC Dinamo 1948","SuperLiga","Romania","2020","Departures","René Román","https://www.transfermarkt.com/rene-roman/profil/spieler/64350","Goalkeeper","37","Spain","Atl. Baleares","2ª B - Grupo V","Spain",0,FALSE,NA,"Winter",10,3,0,270
"FC Dinamo 1948","SuperLiga","Romania","2020","Departures","Tomás Mejías","https://www.transfermarkt.com/tomas-mejias/profil/spieler/62947","Goalkeeper","31","Spain","Middlesbrough","Championship","England",NA,TRUE,"End of loan Jan 11, 2021","Winter",13,10,0,900
"FC Botosani","SuperLiga","Romania","2020","Arrivals","Hervin Ongenda","https://www.transfermarkt.com/hervin-ongenda/profil/spieler/182910","Attacking Midfield","25","France","Chievo Verona","Serie B","Italy",0,FALSE,NA,"Summer",33,33,4,2474
"FC Botosani","SuperLiga","Romania","2020","Arrivals","Christopher Braun","https://www.transfermarkt.com/christopher-braun/profil/spieler/82657","Right-Back","29","Germany","OFI Crete FC","Super League 1","Greece",0,FALSE,NA,"Summer",30,26,0,1997
"FC Botosani","SuperLiga","Romania","2020","Arrivals","Sekou Camara","https://www.transfermarkt.com/sekou-camara/profil/spieler/486537","Centre-Forward","23","Guinea","Without Club",NA,NA,0,FALSE,NA,"Summer",22,14,1,561
"FC Botosani","SuperLiga","Romania","2020","Arrivals","Youssef Toutouh","https://www.transfermarkt.com/youssef-toutouh/profil/spieler/164658","Left Winger","28","Denmark","AS FAR Rabat","Botola Pro Inwi","Morocco",0,FALSE,NA,"Summer",16,14,0,336
"FC Botosani","SuperLiga","Romania","2020","Arrivals","Florin Plămadă","https://www.transfermarkt.com/florin-plamada/profil/spieler/241574","Centre-Back","28","Romania","Metaloglobus","Liga 2","Romania",0,FALSE,NA,"Summer",32,5,0,108
"FC Botosani","SuperLiga","Romania","2020","Arrivals","Baba Touré","https://www.transfermarkt.com/baba-toure/profil/spieler/315111","Centre-Back","26","France","Le Puy Foot","National 2 - Grp. D","France",0,FALSE,NA,"Summer",NA,NA,NA,NA
"FC Botosani","SuperLiga","Romania","2020","Arrivals","David Duțu","https://www.transfermarkt.com/david-dutu/profil/spieler/535462","Goalkeeper","21","Romania","Pop. Leordeni",NA,"Romania",0,FALSE,NA,"Summer",NA,NA,NA,NA
"FC Botosani","SuperLiga","Romania","2020","Arrivals","Andrei Tîrcoveanu","https://www.transfermarkt.com/andrei-tircoveanu/profil/spieler/271293","Attacking Midfield","23","Romania","FCV Farul","SuperLiga","Romania",0,FALSE,NA,"Summer",37,26,2,1338
"FC Botosani","SuperLiga","Romania","2020","Arrivals","Mario Contra","https://www.transfermarkt.com/mario-contra/profil/spieler/331578","Goalkeeper","21","Romania","SSU Poli","Liga 2","Romania",0,FALSE,NA,"Summer",1,0,0,0
"FC Botosani","SuperLiga","Romania","2020","Arrivals","Bogdan Melinte","https://www.transfermarkt.com/bogdan-melinte/profil/spieler/830290","Right Winger","22","Romania","FC Botosani U18",NA,"Romania",NA,FALSE,"-","Summer",4,1,0,15
"FC Botosani","SuperLiga","Romania","2020","Arrivals","Alexandru Piftor","https://www.transfermarkt.com/alexandru-piftor/profil/spieler/537769","Attacking Midfield","21","Romania","Chindia","SuperLiga","Romania",NA,TRUE,"End of loan Aug 10, 2020","Summer",NA,NA,NA,NA
"FC Botosani","SuperLiga","Romania","2020","Arrivals","Dragos Penescu","https://www.transfermarkt.com/dragos-penescu/profil/spieler/676831","Central Midfield","20","Romania","U Cluj","Liga 2","Romania",NA,TRUE,"End of loan Jun 30, 2020","Summer",NA,NA,NA,NA
"FC Botosani","SuperLiga","Romania","2020","Departures","Marko Dugandzic","https://www.transfermarkt.com/marko-dugandzic/profil/spieler/225961","Centre-Forward","26","Croatia","FK Sochi","Premier Liga","Russia",5e+05,FALSE,NA,"Summer",7,7,3,616
"FC Botosani","SuperLiga","Romania","2020","Departures","Alexandru Cîmpanu","https://www.transfermarkt.com/alexandru-cimpanu/profil/spieler/687846","Right Winger","19","Romania","CS U Craiova","SuperLiga","Romania",5e+05,FALSE,NA,"Summer",7,3,1,177
"FC Botosani","SuperLiga","Romania","2020","Departures","Reagy Ofosu","https://www.transfermarkt.com/reagy-ofosu/profil/spieler/83253","Left Winger","29","Germany","CS U Craiova","SuperLiga","Romania",150000,FALSE,NA,"Summer",8,8,1,606
"FC Botosani","SuperLiga","Romania","2020","Departures","David Babunski","https://www.transfermarkt.com/david-babunski/profil/spieler/133628","Central Midfield","26","North Macedonia","FCV Farul","SuperLiga","Romania",0,FALSE,NA,"Summer",11,9,0,397
"FC Botosani","SuperLiga","Romania","2020","Departures","Bautista Cascini","https://www.transfermarkt.com/bautista-cascini/profil/spieler/423439","Central Midfield","23","Argentina","Ac. Clinceni","SuperLiga","Romania",0,FALSE,NA,"Summer",4,2,0,104
"FC Botosani","SuperLiga","Romania","2020","Departures","Dragos Penescu","https://www.transfermarkt.com/dragos-penescu/profil/spieler/676831","Central Midfield","20","Romania","Dinamo II",NA,"Romania",0,FALSE,NA,"Summer",NA,NA,NA,NA
"FC Botosani","SuperLiga","Romania","2020","Departures","Mario Ebenhofer","https://www.transfermarkt.com/mario-ebenhofer/profil/spieler/192530","Left Midfield","28","Austria","SGV Freiberg","Oberliga Baden-Württemberg","Germany",0,FALSE,NA,"Summer",NA,NA,NA,NA
"FC Botosani","SuperLiga","Romania","2020","Departures","Alexandru Piftor","https://www.transfermarkt.com/alexandru-piftor/profil/spieler/537769","Attacking Midfield","21","Romania","FC Buzău","Liga 2","Romania",NA,FALSE,"?","Summer",NA,NA,NA,NA
"FC Botosani","SuperLiga","Romania","2020","Departures","Bryan Mendoza","https://www.transfermarkt.com/bryan-mendoza/profil/spieler/690820","Right-Back","27","Argentina","Petrolul","Liga 2","Romania",NA,TRUE,"loan transfer","Summer",1,1,0,90
"FC Botosani","SuperLiga","Romania","2020","Departures","Ianos Brinza","https://www.transfermarkt.com/ianos-brinza/profil/spieler/556245","Goalkeeper","21","Moldova","ACSM Poli Iasi","SuperLiga","Romania",NA,TRUE,"loan transfer","Summer",NA,NA,NA,NA
"FC Botosani","SuperLiga","Romania","2020","Departures","Alessio Carlone","https://www.transfermarkt.com/alessio-carlone/profil/spieler/258816","Attacking Midfield","24","Belgium",NA,NA,NA,NA,FALSE,"-","Summer",1,0,0,0
"FC Botosani","SuperLiga","Romania","2020","Arrivals","Mahmoud Al-Mawas","https://www.transfermarkt.com/mahmoud-al-mawas/profil/spieler/380348","Right Winger","27","Syria","Umm Salal SC","Stars League","Qatar",0,FALSE,NA,"Winter",26,25,4,2031
"FC Botosani","SuperLiga","Romania","2020","Arrivals","Malcom Edjouma","https://www.transfermarkt.com/malcom-edjouma/profil/spieler/468704","Central Midfield","24","Morocco","KSV Roeselare","1ste Nationale","Belgium",0,FALSE,NA,"Winter",0,0,0,0
"FC Botosani","SuperLiga","Romania","2020","Arrivals","Ulrich Meleke","https://www.transfermarkt.com/ulrich-meleke/profil/spieler/581447","Defensive Midfield","21","Cote d'Ivoire","Kokkolan PV","Ykkösliiga","Finland",0,FALSE,NA,"Winter",12,12,0,792
"FC Botosani","SuperLiga","Romania","2020","Arrivals","Bogdan Racovițan","https://www.transfermarkt.com/bogdan-racovitan/profil/spieler/804134","Centre-Back","20","Romania","Dijon FCO B","National 3 - Grp. J","France",0,FALSE,NA,"Winter",7,2,0,51
"FC Botosani","SuperLiga","Romania","2020","Arrivals","Víctor Fernández","https://www.transfermarkt.com/victor-fernandez/profil/spieler/415205","Left Winger","22","Spain","FCV Farul","SuperLiga","Romania",NA,FALSE,"?","Winter",3,2,0,55
"FC Botosani","SuperLiga","Romania","2020","Arrivals","Bryan Mendoza","https://www.transfermarkt.com/bryan-mendoza/profil/spieler/690820","Right-Back","27","Argentina","Petrolul","Liga 2","Romania",NA,TRUE,"End of loan Feb 7, 2021","Winter",1,1,0,90
"FC Botosani","SuperLiga","Romania","2020","Departures","Denis Haruț","https://www.transfermarkt.com/denis-harut/profil/spieler/412641","Centre-Back","21","Romania","FCSB","SuperLiga","Romania",660000,FALSE,NA,"Winter",21,20,1,1800
"FC Botosani","SuperLiga","Romania","2020","Departures","Víctor Fernández","https://www.transfermarkt.com/victor-fernandez/profil/spieler/415205","Left Winger","22","Spain","UE Cornellà","2ª B - Grupo III","Spain",0,FALSE,NA,"Winter",3,2,0,55
"FC Botosani","SuperLiga","Romania","2020","Departures","Bryan Mendoza","https://www.transfermarkt.com/bryan-mendoza/profil/spieler/690820","Right-Back","27","Argentina","Comuna Recea","Liga 2","Romania",NA,TRUE,"loan transfer","Winter",1,1,0,90
"FC Botosani","SuperLiga","Romania","2020","Departures","Bogdan Melinte","https://www.transfermarkt.com/bogdan-melinte/profil/spieler/830290","Right Winger","22","Romania","Minaur",NA,"Romania",NA,TRUE,"loan transfer","Winter",4,1,0,15
"FC Botosani","SuperLiga","Romania","2020","Departures","Minas Chalkiadakis","https://www.transfermarkt.com/minas-chalkiadakis/profil/spieler/460332","Centre-Forward","25","Greece","Without Club",NA,NA,NA,FALSE,"-","Winter",4,4,0,142
"FC Botosani","SuperLiga","Romania","2020","Departures","Baba Touré","https://www.transfermarkt.com/baba-toure/profil/spieler/315111","Centre-Back","26","France","Without Club",NA,NA,NA,FALSE,"-","Winter",NA,NA,NA,NA
"Sepsi OSK Sf. Gheorghe","Liga 2","Romania","2020","Arrivals","Panagiotis Deligiannidis","https://www.transfermarkt.com/panagiotis-deligiannidis/profil/spieler/234733","Right-Back","23","Greece","OFI Crete FC","Super League 1","Greece",50000,FALSE,NA,"Summer",20,15,0,1000
"Sepsi OSK Sf. Gheorghe","Liga 2","Romania","2020","Arrivals","Boubacar Fofana","https://www.transfermarkt.com/boubacar-fofana/profil/spieler/130964","Defensive Midfield","30","Guinea","Gaz Metan","SuperLiga","Romania",0,FALSE,NA,"Summer",32,28,2,1762
"Sepsi OSK Sf. Gheorghe","Liga 2","Romania","2020","Arrivals","Admir Bajrovic","https://www.transfermarkt.com/admir-bajrovic/profil/spieler/222556","Centre-Forward","25","Sweden","Panetolikos","Super League 1","Greece",0,FALSE,NA,"Summer",20,13,2,467
"Sepsi OSK Sf. Gheorghe","Liga 2","Romania","2020","Arrivals","Bogdan Mitrea","https://www.transfermarkt.com/bogdan-mitrea/profil/spieler/208866","Centre-Back","32","Romania","Spartak Trnava","Niké Liga","Slovakia",0,FALSE,NA,"Summer",39,39,5,3500
"Sepsi OSK Sf. Gheorghe","Liga 2","Romania","2020","Arrivals","Adnan Aganovic","https://www.transfermarkt.com/adnan-aganovic/profil/spieler/50806","Central Midfield","32","Croatia","AEL Limassol","Cyprus League","Cyprus",0,FALSE,NA,"Summer",36,35,4,2170
"Sepsi OSK Sf. Gheorghe","Liga 2","Romania","2020","Arrivals","Florin Purece","https://www.transfermarkt.com/florin-purece/profil/spieler/203059","Attacking Midfield","28","Romania","Nieciecza","Betclic 1 Liga","Poland",0,FALSE,NA,"Summer",31,21,1,1077
"Sepsi OSK Sf. Gheorghe","Liga 2","Romania","2020","Arrivals","Alexandru Greab","https://www.transfermarkt.com/alexandru-greab/profil/spieler/186027","Goalkeeper","28","Romania","Concordia","Liga 2","Romania",0,FALSE,NA,"Summer",NA,NA,NA,NA
"Sepsi OSK Sf. Gheorghe","Liga 2","Romania","2020","Arrivals","Bryan Nouvier","https://www.transfermarkt.com/bryan-nouvier/profil/spieler/344889","Central Midfield","25","France","Raków","Ekstraklasa","Poland",0,FALSE,NA,"Summer",28,21,1,1006
"Sepsi OSK Sf. Gheorghe","Liga 2","Romania","2020","Arrivals","Jesús Fernández","https://www.transfermarkt.com/jesus-fernandez/profil/spieler/91885","Goalkeeper","32","Spain","CFR Cluj","SuperLiga","Romania",0,FALSE,NA,"Summer",38,8,0,720
"Sepsi OSK Sf. Gheorghe","Liga 2","Romania","2020","Arrivals","Vlad Mitrea","https://www.transfermarkt.com/vlad-mitrea/profil/spieler/484029","Central Midfield","19","Romania","KSC Lokeren",NA,"Belgium",0,FALSE,NA,"Summer",6,5,0,44
"Sepsi OSK Sf. Gheorghe","Liga 2","Romania","2020","Arrivals","Aleksa Markovic","https://www.transfermarkt.com/aleksa-markovic/profil/spieler/636241","Defensive Midfield","19","Austria","Oberhausen U19","U19-Bundesliga West","Germany",0,FALSE,NA,"Summer",3,2,0,41
"Sepsi OSK Sf. Gheorghe","Liga 2","Romania","2020","Arrivals","Cătălin Golofca","https://www.transfermarkt.com/catalin-golofca/profil/spieler/241234","Right Winger","30","Romania","CFR Cluj","SuperLiga","Romania",NA,TRUE,"loan transfer","Summer",33,33,3,1817
"Sepsi OSK Sf. Gheorghe","Liga 2","Romania","2020","Arrivals","Claudiu Petrila","https://www.transfermarkt.com/claudiu-petrila/profil/spieler/623424","Left Winger","19","Romania","CFR Cluj","SuperLiga","Romania",NA,TRUE,"loan transfer","Summer",28,26,5,1286
"Sepsi OSK Sf. Gheorghe","Liga 2","Romania","2020","Arrivals","Yasin Hamed","https://www.transfermarkt.com/yasin-hamed/profil/spieler/449810","Right Winger","20","Sudan","FK Csikszereda","Liga 2","Romania",NA,TRUE,"End of loan Jun 30, 2020","Summer",NA,NA,NA,NA
"Sepsi OSK Sf. Gheorghe","Liga 2","Romania","2020","Arrivals","Tomás Díaz","https://www.transfermarkt.com/tomas-diaz/profil/spieler/741999","Left Winger","24","Argentina","Chindia","SuperLiga","Romania",NA,TRUE,"End of loan Jun 30, 2021","Summer",NA,NA,NA,NA
"Sepsi OSK Sf. Gheorghe","Liga 2","Romania","2020","Arrivals","Claudiu Veres","https://www.transfermarkt.com/claudiu-veres/profil/spieler/746702","Left Midfield","20","Romania","D. Calarasi","Liga 2","Romania",NA,TRUE,"End of loan Jun 30, 2020","Summer",NA,NA,NA,NA
"Sepsi OSK Sf. Gheorghe","Liga 2","Romania","2020","Departures","Nicolae Carnat","https://www.transfermarkt.com/nicolae-carnat/profil/spieler/341140","Right Winger","22","Romania","CFR Cluj","SuperLiga","Romania",75000,FALSE,NA,"Summer",4,4,0,272
"Sepsi OSK Sf. Gheorghe","Liga 2","Romania","2020","Departures","Abud Omar","https://www.transfermarkt.com/abud-omar/profil/spieler/272920","Left-Back","28","Kenya","Ionikos Nikeas","Super League 2","Greece",0,FALSE,NA,"Summer",NA,NA,NA,NA
"Sepsi OSK Sf. Gheorghe","Liga 2","Romania","2020","Departures","Goran Karanovic","https://www.transfermarkt.com/goran-karanovic/profil/spieler/33337","Centre-Forward","32","Switzerland","FC Hermannstadt","SuperLiga","Romania",0,FALSE,NA,"Summer",NA,NA,NA,NA
"Sepsi OSK Sf. Gheorghe","Liga 2","Romania","2020","Departures","Stefan Velev","https://www.transfermarkt.com/stefan-velev/profil/spieler/146179","Defensive Midfield","31","Bulgaria","Cherno More","efbet Liga","Bulgaria",0,FALSE,NA,"Summer",NA,NA,NA,NA
"Sepsi OSK Sf. Gheorghe","Liga 2","Romania","2020","Departures","Hrvoje Barisic","https://www.transfermarkt.com/hrvoje-barisic/profil/spieler/109000","Centre-Back","29","Bosnia-Herzegovina","FK Tuzla City","Premijer Liga BiH","Bosnia-Herzegovina",0,FALSE,NA,"Summer",NA,NA,NA,NA
"Sepsi OSK Sf. Gheorghe","Liga 2","Romania","2020","Departures","Ronaldo Deaconu","https://www.transfermarkt.com/ronaldo-deaconu/profil/spieler/271281","Attacking Midfield","23","Romania","Gaz Metan","SuperLiga","Romania",0,FALSE,NA,"Summer",1,0,0,0
"Sepsi OSK Sf. Gheorghe","Liga 2","Romania","2020","Departures","Yasin Hamed","https://www.transfermarkt.com/yasin-hamed/profil/spieler/449810","Right Winger","20","Sudan","Nyíregyháza","NB II.","Hungary",0,FALSE,NA,"Summer",NA,NA,NA,NA
"Sepsi OSK Sf. Gheorghe","Liga 2","Romania","2020","Departures","Daniel Celea","https://www.transfermarkt.com/daniel-celea/profil/spieler/442329","Centre-Back","25","Romania","LKS Lodz","Betclic 1 Liga","Poland",0,FALSE,NA,"Summer",NA,NA,NA,NA
"Sepsi OSK Sf. Gheorghe","Liga 2","Romania","2020","Departures","Alexandru Greab","https://www.transfermarkt.com/alexandru-greab/profil/spieler/186027","Goalkeeper","28","Romania","FC Arges","SuperLiga","Romania",0,FALSE,NA,"Summer",NA,NA,NA,NA
"Sepsi OSK Sf. Gheorghe","Liga 2","Romania","2020","Departures","Călin Popescu","https://www.transfermarkt.com/calin-popescu/profil/spieler/509936","Left Winger","18","Romania","UTA Arad","SuperLiga","Romania",0,FALSE,NA,"Summer",NA,NA,NA,NA
"Sepsi OSK Sf. Gheorghe","Liga 2","Romania","2020","Departures","Edgar Salli","https://www.transfermarkt.com/edgar-salli/profil/spieler/184915","Right Winger","27","Cameroon","Olympiakos N.","Cyprus League","Cyprus",NA,FALSE,"?","Summer",NA,NA,NA,NA
"Sepsi OSK Sf. Gheorghe","Liga 2","Romania","2020","Departures","Jacob Adebanjo","https://www.transfermarkt.com/jacob-adebanjo/profil/spieler/470960","Centre-Back","26","Nigeria","Valadares Gaia",NA,"Portugal",NA,FALSE,"?","Summer",NA,NA,NA,NA
"Sepsi OSK Sf. Gheorghe","Liga 2","Romania","2020","Departures","Béla Fejér","https://www.transfermarkt.com/bela-fejer/profil/spieler/315257","Goalkeeper","25","Romania","Nyíregyháza","NB II.","Hungary",NA,TRUE,"loan transfer","Summer",2,2,0,180
"Sepsi OSK Sf. Gheorghe","Liga 2","Romania","2020","Departures","Tomás Díaz","https://www.transfermarkt.com/tomas-diaz/profil/spieler/741999","Left Winger","23","Argentina","Chindia","SuperLiga","Romania",NA,TRUE,"loan transfer","Summer",NA,NA,NA,NA
"Sepsi OSK Sf. Gheorghe","Liga 2","Romania","2020","Departures","Panagiotis Deligiannidis","https://www.transfermarkt.com/panagiotis-deligiannidis/profil/spieler/234733","Right-Back","24","Greece","Without Club",NA,NA,NA,FALSE,"-","Summer",20,15,0,1000
"Sepsi OSK Sf. Gheorghe","Liga 2","Romania","2020","Arrivals","Simone Rapp","https://www.transfermarkt.com/simone-rapp/profil/spieler/154635","Centre-Forward","28","Switzerland","Lausanne-Sport","Super League","Switzerland",0,FALSE,NA,"Winter",5,2,0,29
"Sepsi OSK Sf. Gheorghe","Liga 2","Romania","2020","Arrivals","Eder González","https://www.transfermarkt.com/eder-gonzalez/profil/spieler/456523","Defensive Midfield","23","Spain","FK Csikszereda","Liga 2","Romania",0,FALSE,NA,"Winter",23,23,2,1332
"Sepsi OSK Sf. Gheorghe","Liga 2","Romania","2020","Arrivals","Branislav Ninaj","https://www.transfermarkt.com/branislav-ninaj/profil/spieler/260979","Centre-Back","26","Slovakia","Fortuna Sittard","Eredivisie","Netherlands",NA,FALSE,"?","Winter",21,17,0,1243
"Sepsi OSK Sf. Gheorghe","Liga 2","Romania","2020","Arrivals","Béla Fejér","https://www.transfermarkt.com/bela-fejer/profil/spieler/315257","Goalkeeper","25","Romania","Nyíregyháza","NB II.","Hungary",NA,TRUE,"End of loan Jan 28, 2021","Winter",2,2,0,180
"Sepsi OSK Sf. Gheorghe","Liga 2","Romania","2020","Departures","Claudiu Veres","https://www.transfermarkt.com/claudiu-veres/profil/spieler/746702","Left Midfield","20","Romania","Minaur",NA,"Romania",0,FALSE,NA,"Winter",NA,NA,NA,NA
"Sepsi OSK Sf. Gheorghe","Liga 2","Romania","2020","Departures","Béla Fejér","https://www.transfermarkt.com/bela-fejer/profil/spieler/315257","Goalkeeper","25","Romania","Nyíregyháza","NB II.","Hungary",NA,TRUE,"loan transfer","Winter",2,2,0,180
"Sepsi OSK Sf. Gheorghe","Liga 2","Romania","2020","Departures","Vlad Mitrea","https://www.transfermarkt.com/vlad-mitrea/profil/spieler/484029","Central Midfield","19","Romania","Petrolul","Liga 2","Romania",NA,TRUE,"loan transfer","Winter",6,5,0,44
"Sepsi OSK Sf. Gheorghe","Liga 2","Romania","2020","Departures","Hugo Konongo","https://www.transfermarkt.com/hugo-konongo/profil/spieler/126561","Left-Back","27","Congo","Without Club",NA,NA,NA,FALSE,"-","Winter",NA,NA,NA,NA
"Sepsi OSK Sf. Gheorghe","Liga 2","Romania","2020","Departures","Balázs Csiszér","https://www.transfermarkt.com/balazs-csiszer/profil/spieler/639141","Right-Back","21","Romania","Sepsi OSK II",NA,"Romania",NA,FALSE,"-","Winter",22,12,0,576
"FC Voluntari","Liga 2","Romania","2020","Arrivals","Adrian Popa","https://www.transfermarkt.com/adrian-popa/profil/spieler/104062","Right Winger","32","Romania","Reading","Championship","England",0,FALSE,NA,"Summer",8,8,2,581
"FC Voluntari","Liga 2","Romania","2020","Arrivals","Răzvan Grădinaru","https://www.transfermarkt.com/razvan-gradinaru/profil/spieler/289256","Right-Back","24","Romania","ACSM Poli Iasi","SuperLiga","Romania",0,FALSE,NA,"Summer",16,16,1,1100
"FC Voluntari","Liga 2","Romania","2020","Arrivals","Jefté Betancor","https://www.transfermarkt.com/jefte-betancor/profil/spieler/198015","Centre-Forward","27","Spain","SV Ried","Bundesliga","Austria",0,FALSE,NA,"Summer",32,31,10,2302
"FC Voluntari","Liga 2","Romania","2020","Arrivals","Marcelo Lopes","https://www.transfermarkt.com/marcelo-lopes/profil/spieler/279355","Left Winger","26","Cape Verde","FC Eindhoven","Keuken Kampioen Divisie","Netherlands",0,FALSE,NA,"Summer",31,26,2,911
"FC Voluntari","Liga 2","Romania","2020","Arrivals","Marcos Lavín","https://www.transfermarkt.com/marcos-lavin/profil/spieler/282409","Goalkeeper","24","Spain","Getafe CF B","2ª B - Grupo V","Spain",0,FALSE,NA,"Summer",35,7,0,630
"FC Voluntari","Liga 2","Romania","2020","Arrivals","Radu Zamfir","https://www.transfermarkt.com/radu-zamfir/profil/spieler/540849","Right-Back","18","Romania","FC Dinamo","SuperLiga","Romania",0,FALSE,NA,"Summer",NA,NA,NA,NA
"FC Voluntari","Liga 2","Romania","2020","Arrivals","Anderson","https://www.transfermarkt.com/anderson/profil/spieler/700073","Left Winger","23","Brazil","Freamunde",NA,"Portugal",0,FALSE,NA,"Summer",16,11,0,239
"FC Voluntari","Liga 2","Romania","2020","Arrivals","Sebastian Mailat","https://www.transfermarkt.com/sebastian-mailat/profil/spieler/364697","Left Winger","22","Romania","CFR Cluj","SuperLiga","Romania",NA,TRUE,"loan transfer","Summer",29,25,4,1526
"FC Voluntari","Liga 2","Romania","2020","Arrivals","Grégoire Puel","https://www.transfermarkt.com/gregoire-puel/profil/spieler/156487","Right-Back","28","France","Without Club",NA,NA,NA,FALSE,"-","Summer",6,2,0,43
"FC Voluntari","Liga 2","Romania","2020","Arrivals","Vasile Mihai","https://www.transfermarkt.com/vasile-mihai/profil/spieler/349089","Attacking Midfield","24","Romania","FC Voluntari II",NA,"Romania",NA,FALSE,"-","Summer",9,5,0,124
"FC Voluntari","Liga 2","Romania","2020","Arrivals","Alexandru Chilili","https://www.transfermarkt.com/alexandru-chilili/profil/spieler/575217","Centre-Back","18","Romania","Voluntari U18",NA,"Romania",NA,FALSE,"-","Summer",5,1,0,25
"FC Voluntari","Liga 2","Romania","2020","Arrivals","Adelin Voinescu","https://www.transfermarkt.com/adelin-voinescu/profil/spieler/805627","Centre-Forward","22","Romania","FC Voluntari II",NA,"Romania",NA,FALSE,"-","Summer",5,3,0,22
"FC Voluntari","Liga 2","Romania","2020","Arrivals","Alexandru Ionuț Stoica","https://www.transfermarkt.com/alexandru-ionut-stoica/profil/spieler/568537","Centre-Forward","20","Romania","U. Constanta","Liga 2","Romania",NA,TRUE,"End of loan Jun 30, 2020","Summer",21,17,1,622
"FC Voluntari","Liga 2","Romania","2020","Arrivals","Bogdan Szijj","https://www.transfermarkt.com/bogdan-szijj/profil/spieler/361551","Right Midfield","20","Romania","ACSM Reșița",NA,"Romania",NA,TRUE,"End of loan Jun 30, 2019","Summer",NA,NA,NA,NA
"FC Voluntari","Liga 2","Romania","2020","Departures","Aïssa Laïdouni","https://www.transfermarkt.com/aissa-laidouni/profil/spieler/233782","Central Midfield","23","Tunisia","Ferencváros","NB I.","Hungary",6e+05,FALSE,NA,"Summer",NA,NA,NA,NA
"FC Voluntari","Liga 2","Romania","2020","Departures","Mihai Căpățînă","https://www.transfermarkt.com/mihai-capatina/profil/spieler/292201","Central Midfield","24","Romania","CS U Craiova","SuperLiga","Romania",250000,FALSE,NA,"Summer",6,6,2,540
"FC Voluntari","Liga 2","Romania","2020","Departures","Andraz Struna","https://www.transfermarkt.com/andraz-struna/profil/spieler/70592","Right-Back","31","Slovenia","Triestina","Serie C - B","Italy",0,FALSE,NA,"Summer",NA,NA,NA,NA
"FC Voluntari","Liga 2","Romania","2020","Departures","Daniel Benzar","https://www.transfermarkt.com/daniel-benzar/profil/spieler/382821","Left Winger","22","Romania","FC Rapid 1923","Liga 2","Romania",0,FALSE,NA,"Summer",NA,NA,NA,NA
"FC Voluntari","Liga 2","Romania","2020","Departures","Vlad Morar","https://www.transfermarkt.com/vlad-morar/profil/spieler/186031","Centre-Forward","27","Romania","UTA Arad","SuperLiga","Romania",0,FALSE,NA,"Summer",NA,NA,NA,NA
"FC Voluntari","Liga 2","Romania","2020","Departures","Cătălin Țîră","https://www.transfermarkt.com/catalin-tira/profil/spieler/168257","Centre-Forward","26","Romania","FC Rapid 1923","Liga 2","Romania",0,FALSE,NA,"Summer",NA,NA,NA,NA
"FC Voluntari","Liga 2","Romania","2020","Departures","Mircea Leasă","https://www.transfermarkt.com/mircea-leasa/profil/spieler/379091","Right-Back","21","Romania","FC Rapid 1923","Liga 2","Romania",0,FALSE,NA,"Summer",NA,NA,NA,NA
"FC Voluntari","Liga 2","Romania","2020","Departures","Andrei Gal","https://www.transfermarkt.com/andrei-gal/profil/spieler/809700","Centre-Back","20","Romania","Pandurii ","Liga 2","Romania",0,FALSE,NA,"Summer",NA,NA,NA,NA
"FC Voluntari","Liga 2","Romania","2020","Departures","Florin Bălan","https://www.transfermarkt.com/florin-balan/profil/spieler/666432","Left Midfield","18","Romania","U. Constanta","Liga 2","Romania",NA,TRUE,"loan transfer","Summer",NA,NA,NA,NA
"FC Voluntari","Liga 2","Romania","2020","Departures","Marko Simonovski","https://www.transfermarkt.com/marko-simonovski/profil/spieler/153735","Centre-Forward","28","North Macedonia","Without Club",NA,NA,NA,FALSE,"-","Summer",NA,NA,NA,NA
"FC Voluntari","Liga 2","Romania","2020","Departures","Bozhidar Mitrev","https://www.transfermarkt.com/bozhidar-mitrev/profil/spieler/44756","Goalkeeper","33","Bulgaria","Without Club",NA,NA,NA,FALSE,"-","Summer",NA,NA,NA,NA
"FC Voluntari","Liga 2","Romania","2020","Departures","Alexandru Pașcanu","https://www.transfermarkt.com/alexandru-pascanu/profil/spieler/421258","Centre-Back","21","Romania","CFR Cluj","SuperLiga","Romania",NA,TRUE,"End of loan Aug 10, 2020","Summer",NA,NA,NA,NA
"FC Voluntari","Liga 2","Romania","2020","Departures","Valentin Cojocaru","https://www.transfermarkt.com/valentin-cojocaru/profil/spieler/200616","Goalkeeper","24","Romania","FCV Farul","SuperLiga","Romania",NA,TRUE,"End of loan Aug 10, 2020","Summer",NA,NA,NA,NA
"FC Voluntari","Liga 2","Romania","2020","Departures","Alexandru Tudorie","https://www.transfermarkt.com/alexandru-tudorie/profil/spieler/260139","Centre-Forward","24","Romania","Arsenal Tula","Premier Liga","Russia",NA,TRUE,"End of loan Aug 10, 2020","Summer",NA,NA,NA,NA
"FC Voluntari","Liga 2","Romania","2020","Departures","Alexandru Mățan","https://www.transfermarkt.com/alexandru-matan/profil/spieler/368942","Attacking Midfield","20","Romania","FCV Farul","SuperLiga","Romania",NA,TRUE,"End of loan Aug 10, 2020","Summer",NA,NA,NA,NA
"FC Voluntari","Liga 2","Romania","2020","Departures","Claudiu Belu","https://www.transfermarkt.com/claudiu-belu/profil/spieler/208716","Right-Back","26","Romania","FCSB","SuperLiga","Romania",NA,TRUE,"End of loan Aug 10, 2020","Summer",NA,NA,NA,NA
"FC Voluntari","Liga 2","Romania","2020","Departures","Nicolás Gorobsov","https://www.transfermarkt.com/nicolas-gorobsov/profil/spieler/75611","Defensive Midfield","30","Argentina","Concordia","Liga 2","Romania",NA,TRUE,"End of loan Aug 10, 2020","Summer",NA,NA,NA,NA
"FC Voluntari","Liga 2","Romania","2020","Departures","Moussa Sanoh","https://www.transfermarkt.com/moussa-sanoh/profil/spieler/203928","Right Winger","25","Liberia","Gaz Metan","SuperLiga","Romania",NA,TRUE,"End of loan Aug 10, 2020","Summer",NA,NA,NA,NA
"FC Voluntari","Liga 2","Romania","2020","Arrivals","Gabriel Tamaș","https://www.transfermarkt.com/gabriel-tamas/profil/spieler/6893","Centre-Back","37","Romania","U Cluj","Liga 2","Romania",35000,FALSE,NA,"Winter",18,18,0,1526
"FC Voluntari","Liga 2","Romania","2020","Arrivals","Lukas Droppa","https://www.transfermarkt.com/lukas-droppa/profil/spieler/81959","Defensive Midfield","31","Czech Republic","Gaz Metan","SuperLiga","Romania",0,FALSE,NA,"Winter",25,22,3,1860
"FC Voluntari","Liga 2","Romania","2020","Arrivals","Mourad Satli","https://www.transfermarkt.com/mourad-satli/profil/spieler/123921","Centre-Back","31","Algeria","Muaither SC","Qatari Second Division","Qatar",0,FALSE,NA,"Winter",14,6,0,461
"FC Voluntari","Liga 2","Romania","2020","Arrivals","Hélder Tavares","https://www.transfermarkt.com/helder-tavares/profil/spieler/134608","Central Midfield","31","Cape Verde","Without Club",NA,NA,0,FALSE,NA,"Winter",15,15,0,827
"FC Voluntari","Liga 2","Romania","2020","Arrivals","Viktor Angelov","https://www.transfermarkt.com/viktor-angelov/profil/spieler/134457","Centre-Forward","26","North Macedonia","Siroki Brijeg","Premijer Liga BiH","Bosnia-Herzegovina",0,FALSE,NA,"Winter",22,20,1,872
"FC Voluntari","Liga 2","Romania","2020","Arrivals","Haruna Garba","https://www.transfermarkt.com/haruna-garba/profil/spieler/331723","Centre-Forward","27","Nigeria","SZ Dongwu","League One","China",0,FALSE,NA,"Winter",9,4,0,124
"FC Voluntari","Liga 2","Romania","2020","Arrivals","Martin Remacle","https://www.transfermarkt.com/martin-remacle/profil/spieler/309847","Defensive Midfield","23","Belgium","Pandurii ","Liga 2","Romania",0,FALSE,NA,"Winter",11,7,0,208
"FC Voluntari","Liga 2","Romania","2020","Arrivals","Ivan Pesic","https://www.transfermarkt.com/ivan-pesic/profil/spieler/115133","Left Winger","28","Croatia","Vorskla Poltava","Premier Liga","Ukraine",NA,TRUE,"loan transfer","Winter",18,18,1,980
"FC Voluntari","Liga 2","Romania","2020","Arrivals","Antoni Ivanov","https://www.transfermarkt.com/antoni-ivanov/profil/spieler/283287","Central Midfield","25","Bulgaria","CS U Craiova","SuperLiga","Romania",NA,TRUE,"loan transfer","Winter",17,17,3,1206
"FC Voluntari","Liga 2","Romania","2020","Arrivals","Marius Briceag","https://www.transfermarkt.com/marius-briceag/profil/spieler/209063","Left-Back","28","Romania","FCSB","SuperLiga","Romania",NA,TRUE,"loan transfer","Winter",21,16,0,1228
"FC Voluntari","Liga 2","Romania","2020","Arrivals","Adrian Dorobanțu","https://www.transfermarkt.com/adrian-dorobantu/profil/spieler/710094","Second Striker","21","Romania","FC Voluntari II",NA,"Romania",NA,FALSE,"-","Winter",5,3,0,128
"FC Voluntari","Liga 2","Romania","2020","Departures","Adrian Popa","https://www.transfermarkt.com/adrian-popa/profil/spieler/104062","Right Winger","32","Romania","Ac. Clinceni","SuperLiga","Romania",0,FALSE,NA,"Winter",8,8,2,581
"FC Voluntari","Liga 2","Romania","2020","Departures","Răzvan Grădinaru","https://www.transfermarkt.com/razvan-gradinaru/profil/spieler/289256","Right-Back","25","Romania","FCV Farul","SuperLiga","Romania",0,FALSE,NA,"Winter",16,16,1,1100
"FC Voluntari","Liga 2","Romania","2020","Departures","Eric","https://www.transfermarkt.com/eric/profil/spieler/81509","Attacking Midfield","35","Brazil","Gaz Metan","SuperLiga","Romania",0,FALSE,NA,"Winter",8,7,0,398
"FC Voluntari","Liga 2","Romania","2020","Departures","Pablo de Lucas","https://www.transfermarkt.com/pablo-de-lucas/profil/spieler/57851","Defensive Midfield","34","Spain","FC Arges","SuperLiga","Romania",0,FALSE,NA,"Winter",12,12,0,970
"FC Voluntari","Liga 2","Romania","2020","Departures","Milan Kocic","https://www.transfermarkt.com/milan-kocic/profil/spieler/274828","Defensive Midfield","30","Slovenia","Chindia","SuperLiga","Romania",0,FALSE,NA,"Winter",14,6,0,209
"FC Voluntari","Liga 2","Romania","2020","Departures","Oktay Ozkara","https://www.transfermarkt.com/oktay-ozkara/profil/spieler/809504","Centre-Back","20","Romania","Unirea Slobozia","Liga 2","Romania",NA,TRUE,"loan transfer","Winter",7,2,0,86
"FC Voluntari","Liga 2","Romania","2020","Departures","Grégoire Puel","https://www.transfermarkt.com/gregoire-puel/profil/spieler/156487","Right-Back","28","France","Without Club",NA,NA,NA,FALSE,"-","Winter",6,2,0,43
"Academica Clinceni (2005 - 2022)",NA,NA,"2020","Arrivals","Petrișor Petrescu","https://www.transfermarkt.com/petrisor-petrescu/profil/spieler/241343","Right Winger","27","Romania","FC Hermannstadt","SuperLiga","Romania",0,FALSE,NA,"Summer",12,11,1,487
"Academica Clinceni (2005 - 2022)",NA,NA,"2020","Arrivals","Raul Rusescu","https://www.transfermarkt.com/raul-rusescu/profil/spieler/81433","Centre-Forward","32","Romania","Giresunspor","1.Lig","Türkiye",0,FALSE,NA,"Summer",30,30,6,2005
"Academica Clinceni (2005 - 2022)",NA,NA,"2020","Arrivals","Alexandru Boiciuc","https://www.transfermarkt.com/alexandru-boiciuc/profil/spieler/358734","Centre-Forward","22","Moldova","Karpaty","Druga Liga","Ukraine",0,FALSE,NA,"Summer",17,14,0,780
"Academica Clinceni (2005 - 2022)",NA,NA,"2020","Arrivals","Georgi Pashov","https://www.transfermarkt.com/georgi-pashov/profil/spieler/87297","Right-Back","30","Bulgaria","Zhetysu","Premier Liga","Kazakhstan",0,FALSE,NA,"Summer",38,33,1,2387
"Academica Clinceni (2005 - 2022)",NA,NA,"2020","Arrivals","Lucian Dumitriu","https://www.transfermarkt.com/lucian-dumitriu/profil/spieler/287418","Central Midfield","27","Romania","FC Hermannstadt","SuperLiga","Romania",0,FALSE,NA,"Summer",28,23,0,942
"Academica Clinceni (2005 - 2022)",NA,NA,"2020","Arrivals","Mladen Jutric","https://www.transfermarkt.com/mladen-jutric/profil/spieler/197052","Centre-Back","24","Austria","Doxa Katokopias","Cyprus League","Cyprus",0,FALSE,NA,"Summer",23,21,1,1762
"Academica Clinceni (2005 - 2022)",NA,NA,"2020","Arrivals","Amir Bilali","https://www.transfermarkt.com/amir-bilali/profil/spieler/226181","Centre-Back","26","Albania","FK Partizani","Kategoria Superiore","Albania",0,FALSE,NA,"Summer",27,16,1,1251
"Academica Clinceni (2005 - 2022)",NA,NA,"2020","Arrivals","Bautista Cascini","https://www.transfermarkt.com/bautista-cascini/profil/spieler/423439","Central Midfield","23","Argentina","FC Botosani","SuperLiga","Romania",0,FALSE,NA,"Summer",30,29,2,2109
"Academica Clinceni (2005 - 2022)",NA,NA,"2020","Arrivals","Andrei Cordea","https://www.transfermarkt.com/andrei-cordea/profil/spieler/435712","Right Winger","21","Romania","Novara","Serie C - A","Italy",0,FALSE,NA,"Summer",34,34,4,2636
"Academica Clinceni (2005 - 2022)",NA,NA,"2020","Arrivals","Cristian Tănase","https://www.transfermarkt.com/cristian-tanase/profil/spieler/46662","Left Winger","33","Romania","Giresunspor","1.Lig","Türkiye",0,FALSE,NA,"Summer",27,27,1,1426
"Academica Clinceni (2005 - 2022)",NA,NA,"2020","Arrivals","Florin Gardoș","https://www.transfermarkt.com/florin-gardos/profil/spieler/57423","Centre-Back","31","Romania","CS U Craiova","SuperLiga","Romania",0,FALSE,NA,"Summer",34,27,0,2143
"Academica Clinceni (2005 - 2022)",NA,NA,"2020","Arrivals","Ciprian Gliga","https://www.transfermarkt.com/ciprian-gliga/profil/spieler/534441","Right Midfield","23","Romania","Concordia","Liga 2","Romania",0,FALSE,NA,"Summer",4,3,0,40
"Academica Clinceni (2005 - 2022)",NA,NA,"2020","Arrivals","Vlad Motroc","https://www.transfermarkt.com/vlad-motroc/profil/spieler/540846","Centre-Back","21","Romania","FC Arges","SuperLiga","Romania",0,FALSE,NA,"Summer",1,0,0,0
"Academica Clinceni (2005 - 2022)",NA,NA,"2020","Arrivals","Asen Chandarov","https://www.transfermarkt.com/asen-chandarov/profil/spieler/335740","Central Midfield","21","Bulgaria","Septemvri Sofia","Vtora Liga","Bulgaria",NA,FALSE,"?","Summer",36,23,2,921
"Academica Clinceni (2005 - 2022)",NA,NA,"2020","Arrivals","Tsvetelin Chunchukov","https://www.transfermarkt.com/tsvetelin-chunchukov/profil/spieler/274666","Centre-Forward","25","Bulgaria","Slavia Sofia","efbet Liga","Bulgaria",NA,TRUE,"loan transfer","Summer",31,31,6,2352
"Academica Clinceni (2005 - 2022)",NA,NA,"2020","Arrivals","Marian Șerban","https://www.transfermarkt.com/marian-serban/profil/spieler/535465","Central Midfield","20","Romania","CS U Craiova II",NA,"Romania",NA,TRUE,"loan transfer","Summer",9,4,1,112
"Academica Clinceni (2005 - 2022)",NA,NA,"2020","Arrivals","Cristian Dumitru","https://www.transfermarkt.com/cristian-dumitru/profil/spieler/599600","Left Winger","18","Romania","FCSB","SuperLiga","Romania",NA,TRUE,"loan transfer","Summer",5,5,0,392
"Academica Clinceni (2005 - 2022)",NA,NA,"2020","Arrivals","Răzvan Andronic","https://www.transfermarkt.com/razvan-andronic/profil/spieler/568539","Centre-Forward","20","Romania","CFR Cluj","SuperLiga","Romania",NA,TRUE,"loan transfer","Summer",31,23,2,813
"Academica Clinceni (2005 - 2022)",NA,NA,"2020","Departures","Alexandru Buziuc","https://www.transfermarkt.com/alexandru-buziuc/profil/spieler/269786","Centre-Forward","26","Romania","FCSB","SuperLiga","Romania",50000,FALSE,NA,"Summer",NA,NA,NA,NA
"Academica Clinceni (2005 - 2022)",NA,NA,"2020","Departures","Gabriel Matei","https://www.transfermarkt.com/gabriel-matei/profil/spieler/131882","Right-Back","30","Romania","FC Arges","SuperLiga","Romania",0,FALSE,NA,"Summer",NA,NA,NA,NA
"Academica Clinceni (2005 - 2022)",NA,NA,"2020","Departures","David Humanes","https://www.transfermarkt.com/david-humanes/profil/spieler/338441","Centre-Back","23","Spain","Ararat-Armenia","Premier League","Armenia",0,FALSE,NA,"Summer",NA,NA,NA,NA
"Academica Clinceni (2005 - 2022)",NA,NA,"2020","Departures","George Merloi","https://www.transfermarkt.com/george-merloi/profil/spieler/530697","Right Winger","20","Romania","Astra Giurgiu","SuperLiga","Romania",0,FALSE,NA,"Summer",NA,NA,NA,NA
"Academica Clinceni (2005 - 2022)",NA,NA,"2020","Departures","Martin Toshev","https://www.transfermarkt.com/martin-toshev/profil/spieler/69506","Centre-Forward","31","Bulgaria","Shakhter K.","Premier Liga","Kazakhstan",0,FALSE,NA,"Summer",1,1,0,5
"Academica Clinceni (2005 - 2022)",NA,NA,"2020","Departures","Okan Chatziterzoglou","https://www.transfermarkt.com/okan-chatziterzoglou/profil/spieler/365248","Centre-Back","24","Greece","Ap. Larisas","Super League 2","Greece",0,FALSE,NA,"Summer",NA,NA,NA,NA
"Academica Clinceni (2005 - 2022)",NA,NA,"2020","Departures","Vlad Motroc","https://www.transfermarkt.com/vlad-motroc/profil/spieler/540846","Centre-Back","21","Romania","Slatina","Liga 2","Romania",0,FALSE,NA,"Summer",1,0,0,0
"Academica Clinceni (2005 - 2022)",NA,NA,"2020","Departures","Jakub Vojtus","https://www.transfermarkt.com/jakub-vojtus/profil/spieler/104990","Centre-Forward","26","Slovakia","CFR Cluj","SuperLiga","Romania",NA,FALSE,"?","Summer",NA,NA,NA,NA
"Academica Clinceni (2005 - 2022)",NA,NA,"2020","Departures","Sofiane Moussa","https://www.transfermarkt.com/sofiane-moussa/profil/spieler/159553","Centre-Forward","32","Tunisia",NA,NA,NA,NA,FALSE,"-","Summer",NA,NA,NA,NA
"Academica Clinceni (2005 - 2022)",NA,NA,"2020","Departures","Jean Deretti","https://www.transfermarkt.com/jean-deretti/profil/spieler/196629","Attacking Midfield","27","Brazil","Without Club",NA,NA,NA,FALSE,"-","Summer",NA,NA,NA,NA
"Academica Clinceni (2005 - 2022)",NA,NA,"2020","Departures","Aristote N'Dongala","https://www.transfermarkt.com/aristote-ndongala/profil/spieler/255930","Left Winger","26","DR Congo","Without Club",NA,NA,NA,FALSE,"-","Summer",NA,NA,NA,NA
"Academica Clinceni (2005 - 2022)",NA,NA,"2020","Departures","Vasile Olariu","https://www.transfermarkt.com/vasile-olariu/profil/spieler/64280","Central Midfield","33","Romania","Without Club",NA,NA,NA,FALSE,"-","Summer",NA,NA,NA,NA
"Academica Clinceni (2005 - 2022)",NA,NA,"2020","Departures","Alon Netzer","https://www.transfermarkt.com/alon-netzer/profil/spieler/309389","Centre-Back","27","Israel","Without Club",NA,NA,NA,FALSE,"-","Summer",NA,NA,NA,NA
"Academica Clinceni (2005 - 2022)",NA,NA,"2020","Departures","Octavian Vâlceanu","https://www.transfermarkt.com/octavian-valceanu/profil/spieler/252192","Goalkeeper","24","Romania","V. Domnesti",NA,"Romania",NA,TRUE,"End of loan Jun 30, 2021","Summer",39,32,0,2880
"Academica Clinceni (2005 - 2022)",NA,NA,"2020","Departures","Adrian Șut","https://www.transfermarkt.com/adrian-sut/profil/spieler/433979","Defensive Midfield","21","Romania","FCSB","SuperLiga","Romania",NA,TRUE,"End of loan Aug 10, 2020","Summer",NA,NA,NA,NA
"Academica Clinceni (2005 - 2022)",NA,NA,"2020","Departures","Alexandru Albu","https://www.transfermarkt.com/alexandru-albu/profil/spieler/372908","Defensive Midfield","26","Romania","Concordia","Liga 2","Romania",NA,TRUE,"End of loan Aug 7, 2020","Summer",NA,NA,NA,NA
"Academica Clinceni (2005 - 2022)",NA,NA,"2020","Departures","Florin Bejan","https://www.transfermarkt.com/florin-bejan/profil/spieler/147993","Centre-Back","29","Romania","FC Dinamo","SuperLiga","Romania",NA,TRUE,"End of loan Aug 10, 2020","Summer",NA,NA,NA,NA
"Academica Clinceni (2005 - 2022)",NA,NA,"2020","Departures","Robert Ion","https://www.transfermarkt.com/robert-ion/profil/spieler/608511","Attacking Midfield","19","Romania","FCSB","SuperLiga","Romania",NA,TRUE,"End of loan Aug 10, 2020","Summer",NA,NA,NA,NA
"Academica Clinceni (2005 - 2022)",NA,NA,"2020","Departures","Giannis Kontoes","https://www.transfermarkt.com/giannis-kontoes/profil/spieler/57016","Centre-Back","34","Greece","CFR Cluj","SuperLiga","Romania",NA,TRUE,"End of loan Aug 10, 2020","Summer",NA,NA,NA,NA
"Academica Clinceni (2005 - 2022)",NA,NA,"2020","Departures","Miguel Santos","https://www.transfermarkt.com/miguel-santos/profil/spieler/243555","Goalkeeper","25","Portugal","Astra Giurgiu","SuperLiga","Romania",NA,TRUE,"End of loan Aug 10, 2020","Summer",NA,NA,NA,NA
"Academica Clinceni (2005 - 2022)",NA,NA,"2020","Departures","Cristian Dumitru","https://www.transfermarkt.com/cristian-dumitru/profil/spieler/599600","Left Winger","18","Romania","FCSB","SuperLiga","Romania",NA,TRUE,"End of loan Jan 1, 2020","Summer",5,5,0,392
"Academica Clinceni (2005 - 2022)",NA,NA,"2020","Departures","Adrian Perényi","https://www.transfermarkt.com/adrian-perenyi/profil/spieler/796011","Central Midfield","16","Romania","ACS Prosport",NA,"Romania",NA,TRUE,"End of loan Jun 30, 2020","Summer",NA,NA,NA,NA
"Academica Clinceni (2005 - 2022)",NA,NA,"2020","Arrivals","Adrian Popa","https://www.transfermarkt.com/adrian-popa/profil/spieler/104062","Right Winger","32","Romania","FC Voluntari","SuperLiga","Romania",0,FALSE,NA,"Winter",19,19,2,1134
"Academica Clinceni (2005 - 2022)",NA,NA,"2020","Arrivals","Thibault Moulin","https://www.transfermarkt.com/thibault-moulin/profil/spieler/160567","Central Midfield","31","France","MOS Caen",NA,"France",0,FALSE,NA,"Winter",17,17,1,1190
"Academica Clinceni (2005 - 2022)",NA,NA,"2020","Arrivals","Martin Toshev","https://www.transfermarkt.com/martin-toshev/profil/spieler/69506","Centre-Forward","30","Bulgaria","Zhetysu","Premier Liga","Kazakhstan",0,FALSE,NA,"Winter",1,1,0,5
"Academica Clinceni (2005 - 2022)",NA,NA,"2020","Arrivals","Aleksandru Longher","https://www.transfermarkt.com/aleksandru-longher/profil/spieler/540921","Right Winger","20","Romania","ACSM Poli Iasi","SuperLiga","Romania",NA,FALSE,"?","Winter",23,16,0,222
"Academica Clinceni (2005 - 2022)",NA,NA,"2020","Arrivals","Aurelian Păun","https://www.transfermarkt.com/aurelian-paun/profil/spieler/675499","Goalkeeper","19","Romania","Star Sport Ag.",NA,"Romania",NA,TRUE,"loan transfer","Winter",3,2,0,180
"Academica Clinceni (2005 - 2022)",NA,NA,"2020","Departures","Petrișor Petrescu","https://www.transfermarkt.com/petrisor-petrescu/profil/spieler/241343","Right Winger","27","Romania","FC Hermannstadt","SuperLiga","Romania",0,FALSE,NA,"Winter",12,11,1,487
"Academica Clinceni (2005 - 2022)",NA,NA,"2020","Departures","Alexandru Boiciuc","https://www.transfermarkt.com/alexandru-boiciuc/profil/spieler/358734","Centre-Forward","23","Moldova","Turris","Serie C - C","Italy",0,FALSE,NA,"Winter",17,14,0,780
"Academica Clinceni (2005 - 2022)",NA,NA,"2020","Departures","Marius Ciobanu-Vanghele","https://www.transfermarkt.com/marius-ciobanu-vanghele/profil/spieler/791473","Right Winger","17","Romania","Unirea Slobozia","Liga 2","Romania",NA,TRUE,"loan transfer","Winter",2,0,0,0
"Academica Clinceni (2005 - 2022)",NA,NA,"2020","Departures","Vasile Soare","https://www.transfermarkt.com/vasile-soare/profil/spieler/912197","Goalkeeper","19","Romania","Clinceni II",NA,"Romania",NA,FALSE,"-","Winter",1,0,0,0
"Academica Clinceni (2005 - 2022)",NA,NA,"2020","Departures","Marian Șerban","https://www.transfermarkt.com/marian-serban/profil/spieler/535465","Central Midfield","20","Romania","CS U Craiova II",NA,"Romania",NA,TRUE,"End of loan Jan 12, 2021","Winter",9,4,1,112
"FC Hermannstadt","SuperLiga","Romania","2020","Arrivals","Bright Addae","https://www.transfermarkt.com/bright-addae/profil/spieler/128036","Defensive Midfield","27","Ghana","Juve Stabia","Serie C - C","Italy",0,FALSE,NA,"Summer",33,32,2,2180
"FC Hermannstadt","SuperLiga","Romania","2020","Arrivals","Claudiu Belu","https://www.transfermarkt.com/claudiu-belu/profil/spieler/208716","Right-Back","26","Romania","FCSB","SuperLiga","Romania",0,FALSE,NA,"Summer",28,27,1,1706
"FC Hermannstadt","SuperLiga","Romania","2020","Arrivals","Ángel Bastos","https://www.transfermarkt.com/angel-bastos/profil/spieler/337758","Right-Back","28","Spain","Extremadura","2ª B - Grupo V","Spain",0,FALSE,NA,"Summer",9,7,0,396
"FC Hermannstadt","SuperLiga","Romania","2020","Arrivals","Soni Mustivar","https://www.transfermarkt.com/soni-mustivar/profil/spieler/85195","Central Midfield","30","Haiti","Neftchi PFK","Premyer Liqa","Azerbaijan",0,FALSE,NA,"Summer",10,9,0,443
"FC Hermannstadt","SuperLiga","Romania","2020","Arrivals","Stanley Elbers","https://www.transfermarkt.com/stanley-elbers/profil/spieler/188905","Right Winger","28","Netherlands","PEC Zwolle","Eredivisie","Netherlands",0,FALSE,NA,"Summer",12,6,0,127
"FC Hermannstadt","SuperLiga","Romania","2020","Arrivals","Goran Karanovic","https://www.transfermarkt.com/goran-karanovic/profil/spieler/33337","Centre-Forward","32","Switzerland","Sepsi OSK","SuperLiga","Romania",0,FALSE,NA,"Summer",16,15,1,544
"FC Hermannstadt","SuperLiga","Romania","2020","Arrivals","Florin Bejan","https://www.transfermarkt.com/florin-bejan/profil/spieler/147993","Centre-Back","30","Romania","FC Dinamo","SuperLiga","Romania",0,FALSE,NA,"Summer",NA,NA,NA,NA
"FC Hermannstadt","SuperLiga","Romania","2020","Arrivals","Adrian Scarlatache","https://www.transfermarkt.com/adrian-scarlatache/profil/spieler/46644","Centre-Back","33","Romania","Zira FC","Premyer Liqa","Azerbaijan",0,FALSE,NA,"Summer",34,23,1,1841
"FC Hermannstadt","SuperLiga","Romania","2020","Arrivals","Fábio Fortes","https://www.transfermarkt.com/fabio-fortes/profil/spieler/190920","Centre-Forward","28","Portugal","Arouca","Liga Portugal 2","Portugal",0,FALSE,NA,"Summer",13,13,1,745
"FC Hermannstadt","SuperLiga","Romania","2020","Arrivals","Edson Pires","https://www.transfermarkt.com/edson-pires/profil/spieler/626337","Central Midfield","23","Guinea-Bissau","Aljustrelense",NA,"Portugal",0,FALSE,NA,"Summer",NA,NA,NA,NA
"FC Hermannstadt","SuperLiga","Romania","2020","Arrivals","Baba Alhassan","https://www.transfermarkt.com/baba-alhassan/profil/spieler/626899","Centre-Back","20","Ghana","Without Club",NA,NA,0,FALSE,NA,"Summer",33,24,1,1167
"FC Hermannstadt","SuperLiga","Romania","2020","Arrivals","Valentin Mărgărit","https://www.transfermarkt.com/valentin-margarit/profil/spieler/670830","Goalkeeper","16","Romania","Sport Team",NA,"Romania",0,FALSE,NA,"Summer",2,0,0,0
"FC Hermannstadt","SuperLiga","Romania","2020","Arrivals","David Mayoral","https://www.transfermarkt.com/david-mayoral/profil/spieler/355629","Right Winger","23","Spain","Cádiz CF","LaLiga","Spain",NA,TRUE,"loan transfer","Summer",29,29,5,2229
"FC Hermannstadt","SuperLiga","Romania","2020","Arrivals","Luca Florică","https://www.transfermarkt.com/luca-florica/profil/spieler/568573","Left Winger","17","Romania","AS Metropolitan",NA,"Romania",NA,TRUE,"loan transfer","Summer",10,1,0,5
"FC Hermannstadt","SuperLiga","Romania","2020","Arrivals","Goran Karanovic","https://www.transfermarkt.com/goran-karanovic/profil/spieler/33337","Centre-Forward","32","Switzerland","FCSB","SuperLiga","Romania",NA,TRUE,"End of loan Oct 1, 2020","Summer",16,15,1,544
"FC Hermannstadt","SuperLiga","Romania","2020","Arrivals","David Caiado","https://www.transfermarkt.com/david-caiado/profil/spieler/37414","Attacking Midfield","33","Portugal","FCSB","SuperLiga","Romania",NA,TRUE,"End of loan Oct 1, 2020","Summer",8,7,0,362
"FC Hermannstadt","SuperLiga","Romania","2020","Arrivals","Radu Criștiu","https://www.transfermarkt.com/radu-cristiu/profil/spieler/524154","Left-Back","22","Romania","FC U Craiova",NA,"Romania",NA,TRUE,"End of loan Jun 30, 2020","Summer",NA,NA,NA,NA
"FC Hermannstadt","SuperLiga","Romania","2020","Arrivals","Stjepan Plazonja","https://www.transfermarkt.com/stjepan-plazonja/profil/spieler/491965","Left Winger","22","Croatia","CSC Selimbar",NA,"Romania",NA,TRUE,"End of loan Jun 30, 2020","Summer",NA,NA,NA,NA
"FC Hermannstadt","SuperLiga","Romania","2020","Arrivals","Paul Osan","https://www.transfermarkt.com/paul-osan/profil/spieler/828500","Centre-Back","20","Romania","Minaur",NA,"Romania",NA,TRUE,"End of loan Jun 30, 2020","Summer",3,0,0,0
"FC Hermannstadt","SuperLiga","Romania","2020","Departures","Gabriel Debeljuh","https://www.transfermarkt.com/gabriel-debeljuh/profil/spieler/340073","Centre-Forward","23","Croatia","CFR Cluj","SuperLiga","Romania",250000,FALSE,NA,"Summer",NA,NA,NA,NA
"FC Hermannstadt","SuperLiga","Romania","2020","Departures","Petrișor Petrescu","https://www.transfermarkt.com/petrisor-petrescu/profil/spieler/241343","Right Winger","27","Romania","Ac. Clinceni","SuperLiga","Romania",0,FALSE,NA,"Summer",28,28,2,1904
"FC Hermannstadt","SuperLiga","Romania","2020","Departures","Yazalde","https://www.transfermarkt.com/yazalde/profil/spieler/56014","Centre-Forward","32","Portugal","Najran SC",NA,"Saudi Arabia",0,FALSE,NA,"Summer",14,14,3,942
"FC Hermannstadt","SuperLiga","Romania","2020","Departures","Adrian Bălan","https://www.transfermarkt.com/adrian-balan/profil/spieler/223221","Centre-Forward","30","Romania","FC Rapid 1923","Liga 2","Romania",0,FALSE,NA,"Summer",3,3,1,225
"FC Hermannstadt","SuperLiga","Romania","2020","Departures","Afonso Taira","https://www.transfermarkt.com/afonso-taira/profil/spieler/118317","Defensive Midfield","28","Portugal","B SAD","Liga Portugal","Portugal",0,FALSE,NA,"Summer",NA,NA,NA,NA
"FC Hermannstadt","SuperLiga","Romania","2020","Departures","Sorin Bușu","https://www.transfermarkt.com/sorin-busu/profil/spieler/57679","Left-Back","31","Romania","ACSM Poli Iasi","SuperLiga","Romania",0,FALSE,NA,"Summer",2,2,0,105
"FC Hermannstadt","SuperLiga","Romania","2020","Departures","Lucian Dumitriu","https://www.transfermarkt.com/lucian-dumitriu/profil/spieler/287418","Central Midfield","27","Romania","Ac. Clinceni","SuperLiga","Romania",0,FALSE,NA,"Summer",3,1,0,26
"FC Hermannstadt","SuperLiga","Romania","2020","Departures","Alin Dobrosavlevici","https://www.transfermarkt.com/alin-dobrosavlevici/profil/spieler/213589","Centre-Back","25","Romania","FCV Farul","SuperLiga","Romania",0,FALSE,NA,"Summer",NA,NA,NA,NA
"FC Hermannstadt","SuperLiga","Romania","2020","Departures","Srdjan Luchin","https://www.transfermarkt.com/srdjan-luchin/profil/spieler/58720","Centre-Back","34","Romania","U Cluj","Liga 2","Romania",0,FALSE,NA,"Summer",NA,NA,NA,NA
"FC Hermannstadt","SuperLiga","Romania","2020","Departures","Biel Company","https://www.transfermarkt.com/biel-company/profil/spieler/210140","Right-Back","28","Spain","CD Manacor",NA,"Spain",0,FALSE,NA,"Summer",NA,NA,NA,NA
"FC Hermannstadt","SuperLiga","Romania","2020","Departures","Radu Criștiu","https://www.transfermarkt.com/radu-cristiu/profil/spieler/524154","Left-Back","22","Romania","FC U Craiova","Liga 2","Romania",0,FALSE,NA,"Summer",NA,NA,NA,NA
"FC Hermannstadt","SuperLiga","Romania","2020","Departures","Edson Pires","https://www.transfermarkt.com/edson-pires/profil/spieler/626337","Central Midfield","23","Guinea-Bissau","Loures",NA,"Portugal",0,FALSE,NA,"Summer",NA,NA,NA,NA
"FC Hermannstadt","SuperLiga","Romania","2020","Departures","Emanuel Novo","https://www.transfermarkt.com/emanuel-novo/profil/spieler/352934","Goalkeeper","28","Portugal","Penafiel","Liga Portugal 2","Portugal",NA,FALSE,"?","Summer",2,0,0,0
"FC Hermannstadt","SuperLiga","Romania","2020","Departures","Goran Karanovic","https://www.transfermarkt.com/goran-karanovic/profil/spieler/33337","Centre-Forward","32","Switzerland","FCSB","SuperLiga","Romania",NA,TRUE,"loan transfer","Summer",16,15,1,544
"FC Hermannstadt","SuperLiga","Romania","2020","Departures","David Caiado","https://www.transfermarkt.com/david-caiado/profil/spieler/37414","Attacking Midfield","33","Portugal","FCSB","SuperLiga","Romania",NA,TRUE,"loan transfer","Summer",8,7,0,362
"FC Hermannstadt","SuperLiga","Romania","2020","Departures","Stjepan Plazonja","https://www.transfermarkt.com/stjepan-plazonja/profil/spieler/491965","Left Winger","22","Croatia","SSU Poli","Liga 2","Romania",NA,TRUE,"loan transfer","Summer",NA,NA,NA,NA
"FC Hermannstadt","SuperLiga","Romania","2020","Departures","Tiago Almeida","https://www.transfermarkt.com/tiago-almeida/profil/spieler/92042","Right-Back","30","Cape Verde","Feirense","Liga Portugal 2","Portugal",NA,FALSE,"-","Summer",NA,NA,NA,NA
"FC Hermannstadt","SuperLiga","Romania","2020","Departures","Kévin Rimane","https://www.transfermarkt.com/kevin-rimane/profil/spieler/93751","Centre-Back","29","French Guiana","Without Club",NA,NA,NA,FALSE,"-","Summer",NA,NA,NA,NA
"FC Hermannstadt","SuperLiga","Romania","2020","Departures","Paul Osan","https://www.transfermarkt.com/paul-osan/profil/spieler/828500","Centre-Back","20","Romania","Hermannstadt II",NA,"Romania",NA,FALSE,"-","Summer",3,0,0,0
"FC Hermannstadt","SuperLiga","Romania","2020","Departures","Andrei Cordea","https://www.transfermarkt.com/andrei-cordea/profil/spieler/435712","Right Winger","21","Romania","Novara","Serie C - A","Italy",NA,TRUE,"End of loan Sep 15, 2020","Summer",NA,NA,NA,NA
"FC Hermannstadt","SuperLiga","Romania","2020","Arrivals","Aias Aosman","https://www.transfermarkt.com/aias-aosman/profil/spieler/124673","Attacking Midfield","26","Syria","Beykoz Anadolu","1.Lig","Türkiye",0,FALSE,NA,"Winter",16,13,1,854
"FC Hermannstadt","SuperLiga","Romania","2020","Arrivals","Billal Sebaihi","https://www.transfermarkt.com/billal-sebaihi/profil/spieler/170498","Right Winger","28","France","Kaspiy Aktau","Premier Liga","Kazakhstan",0,FALSE,NA,"Winter",14,11,0,425
"FC Hermannstadt","SuperLiga","Romania","2020","Arrivals","Petrișor Petrescu","https://www.transfermarkt.com/petrisor-petrescu/profil/spieler/241343","Right Winger","27","Romania","Ac. Clinceni","SuperLiga","Romania",0,FALSE,NA,"Winter",28,28,2,1904
"FC Hermannstadt","SuperLiga","Romania","2020","Arrivals","Yazalde","https://www.transfermarkt.com/yazalde/profil/spieler/56014","Centre-Forward","32","Portugal","Najran SC",NA,"Saudi Arabia",0,FALSE,NA,"Winter",14,14,3,942
"FC Hermannstadt","SuperLiga","Romania","2020","Arrivals","Patricio Matricardi","https://www.transfermarkt.com/patricio-matricardi/profil/spieler/283585","Centre-Back","27","Argentina","Rotor Volgograd","Premier Liga","Russia",0,FALSE,NA,"Winter",16,14,1,1090
"FC Hermannstadt","SuperLiga","Romania","2020","Arrivals","Ante Aralica","https://www.transfermarkt.com/ante-aralica/profil/spieler/340199","Centre-Forward","24","Croatia","Loko Plovdiv","efbet Liga","Bulgaria",0,FALSE,NA,"Winter",20,16,0,279
"FC Hermannstadt","SuperLiga","Romania","2020","Arrivals","Călin Popescu","https://www.transfermarkt.com/calin-popescu/profil/spieler/509936","Left Winger","19","Romania","UTA Arad","SuperLiga","Romania",0,FALSE,NA,"Winter",5,1,0,7
"FC Hermannstadt","SuperLiga","Romania","2020","Arrivals","Drazen Bagaric","https://www.transfermarkt.com/drazen-bagaric/profil/spieler/217136","Left Winger","28","Croatia","NK Olimpija","Prva Liga","Slovenia",NA,FALSE,"?","Winter",21,19,2,1025
"FC Hermannstadt","SuperLiga","Romania","2020","Arrivals","Alexandru Oroian","https://www.transfermarkt.com/alexandru-oroian/profil/spieler/614623","Right-Back","20","Romania","UTA Arad","SuperLiga","Romania",NA,FALSE,"?","Winter",5,3,0,131
"FC Hermannstadt","SuperLiga","Romania","2020","Arrivals","Ionuț Rus","https://www.transfermarkt.com/ionut-rus/profil/spieler/418208","Goalkeeper","20","Romania","CFR Cluj","SuperLiga","Romania",NA,TRUE,"loan transfer","Winter",0,0,0,0
"FC Hermannstadt","SuperLiga","Romania","2020","Arrivals","Alexandru Mățel","https://www.transfermarkt.com/alexandru-matel/profil/spieler/48767","Right-Back","31","Romania","Without Club",NA,NA,NA,FALSE,"-","Winter",24,23,1,1621
"FC Hermannstadt","SuperLiga","Romania","2020","Arrivals","Adrian Ster","https://www.transfermarkt.com/adrian-ster/profil/spieler/395817","Centre-Forward","22","Romania","Without Club",NA,NA,NA,FALSE,"-","Winter",9,4,0,52
"FC Hermannstadt","SuperLiga","Romania","2020","Arrivals","Loren Nita","https://www.transfermarkt.com/loren-nita/profil/spieler/547808","Central Midfield","19","Romania","CSC Selimbar",NA,"Romania",NA,FALSE,"-","Winter",NA,NA,NA,NA
"FC Hermannstadt","SuperLiga","Romania","2020","Arrivals","Paul Osan","https://www.transfermarkt.com/paul-osan/profil/spieler/828500","Centre-Back","20","Romania","Hermannstadt II",NA,"Romania",NA,FALSE,"-","Winter",3,0,0,0
"FC Hermannstadt","SuperLiga","Romania","2020","Arrivals","Saeed Issah","https://www.transfermarkt.com/saeed-issah/profil/spieler/610414","Left-Back","21","Ghana","Without Club",NA,NA,NA,FALSE,"-","Winter",5,2,0,77
"FC Hermannstadt","SuperLiga","Romania","2020","Departures","Jô Santos","https://www.transfermarkt.com/jo-santos/profil/spieler/237058","Right Winger","29","Brazil","FCV Farul","SuperLiga","Romania",0,FALSE,NA,"Winter",19,19,3,1548
"FC Hermannstadt","SuperLiga","Romania","2020","Departures","Soni Mustivar","https://www.transfermarkt.com/soni-mustivar/profil/spieler/85195","Central Midfield","30","Haiti","Nea Salamis","Cyprus League","Cyprus",0,FALSE,NA,"Winter",10,9,0,443
"FC Hermannstadt","SuperLiga","Romania","2020","Departures","Ángel Bastos","https://www.transfermarkt.com/angel-bastos/profil/spieler/337758","Right-Back","28","Spain","R. Majadahonda","2ª B - Grupo V","Spain",0,FALSE,NA,"Winter",9,7,0,396
"FC Hermannstadt","SuperLiga","Romania","2020","Departures","David Caiado","https://www.transfermarkt.com/david-caiado/profil/spieler/37414","Attacking Midfield","33","Portugal","Penafiel","Liga Portugal 2","Portugal",0,FALSE,NA,"Winter",8,7,0,362
"FC Hermannstadt","SuperLiga","Romania","2020","Departures","Valentin Mărgărit","https://www.transfermarkt.com/valentin-margarit/profil/spieler/670830","Goalkeeper","16","Romania","FC Rapid 1923","Liga 2","Romania",0,FALSE,NA,"Winter",2,0,0,0
"FC Hermannstadt","SuperLiga","Romania","2020","Departures","Angel Baumann","https://www.transfermarkt.com/angel-baumann/profil/spieler/960108","Goalkeeper","20","Romania","Magura Cisnadie",NA,"Romania",0,FALSE,NA,"Winter",NA,NA,NA,NA
"FC Hermannstadt","SuperLiga","Romania","2020","Departures","Fábio Fortes","https://www.transfermarkt.com/fabio-fortes/profil/spieler/190920","Centre-Forward","28","Portugal","Hermannstadt II",NA,"Romania",NA,FALSE,"-","Winter",13,13,1,745
"FC Hermannstadt","SuperLiga","Romania","2020","Departures","Loren Nita","https://www.transfermarkt.com/loren-nita/profil/spieler/547808","Central Midfield","19","Romania","Hermannstadt II",NA,"Romania",NA,FALSE,"-","Winter",NA,NA,NA,NA
"FC Hermannstadt","SuperLiga","Romania","2020","Departures","Luca Florică","https://www.transfermarkt.com/luca-florica/profil/spieler/568573","Left Winger","18","Romania","AS Metropolitan",NA,"Romania",NA,TRUE,"End of loan Dec 31, 2020","Winter",10,1,0,5
"UTA Arad","SuperLiga","Romania","2020","Arrivals","Alexandru Albu","https://www.transfermarkt.com/alexandru-albu/profil/spieler/372908","Defensive Midfield","26","Romania","Concordia","Liga 2","Romania",30000,TRUE,NA,"Summer",39,37,2,2905
"UTA Arad","SuperLiga","Romania","2020","Arrivals","Ioan Hora","https://www.transfermarkt.com/ioan-hora/profil/spieler/54528","Centre-Forward","31","Romania","Gaz Metan","SuperLiga","Romania",0,FALSE,NA,"Summer",34,33,7,2201
"UTA Arad","SuperLiga","Romania","2020","Arrivals","Neluț Roșu","https://www.transfermarkt.com/nelut-rosu/profil/spieler/241310","Central Midfield","27","Romania","Gaz Metan","SuperLiga","Romania",0,FALSE,NA,"Summer",36,28,0,1592
"UTA Arad","SuperLiga","Romania","2020","Arrivals","Erico","https://www.transfermarkt.com/erico/profil/spieler/233917","Centre-Back","31","Brazil","FK Sabail","Premyer Liqa","Azerbaijan",0,FALSE,NA,"Summer",37,35,5,2874
"UTA Arad","SuperLiga","Romania","2020","Arrivals","Alexandru Benga","https://www.transfermarkt.com/alexandru-benga/profil/spieler/202800","Centre-Back","31","Romania","Chindia","SuperLiga","Romania",0,FALSE,NA,"Summer",24,23,0,2005
"UTA Arad","SuperLiga","Romania","2020","Arrivals","Vlad Morar","https://www.transfermarkt.com/vlad-morar/profil/spieler/186031","Centre-Forward","27","Romania","FC Voluntari","SuperLiga","Romania",0,FALSE,NA,"Summer",15,13,4,715
"UTA Arad","SuperLiga","Romania","2020","Arrivals","Mihovil Klapan","https://www.transfermarkt.com/mihovil-klapan/profil/spieler/252874","Central Midfield","25","Croatia","Loko Plovdiv","efbet Liga","Bulgaria",0,FALSE,NA,"Summer",6,2,0,27
"UTA Arad","SuperLiga","Romania","2020","Arrivals","Călin Popescu","https://www.transfermarkt.com/calin-popescu/profil/spieler/509936","Left Winger","18","Romania","Sepsi OSK","SuperLiga","Romania",0,FALSE,NA,"Summer",7,3,0,16
"UTA Arad","SuperLiga","Romania","2020","Arrivals","Horațiu Moldovan","https://www.transfermarkt.com/horatiu-moldovan/profil/spieler/525438","Goalkeeper","22","Romania","Ripensia","Liga 2","Romania",0,FALSE,NA,"Summer",7,4,0,360
"UTA Arad","SuperLiga","Romania","2020","Arrivals","Dragoș Tescan","https://www.transfermarkt.com/dragos-tescan/profil/spieler/700772","Centre-Forward","20","Romania","AFC Turris","Liga 2","Romania",0,FALSE,NA,"Summer",20,12,0,499
"UTA Arad","SuperLiga","Romania","2020","Arrivals","David Covaci","https://www.transfermarkt.com/david-covaci/profil/spieler/1166176","Attacking Midfield","15","Romania","Unknown",NA,NA,0,FALSE,NA,"Summer",NA,NA,NA,NA
"UTA Arad","SuperLiga","Romania","2020","Arrivals","Denis Rusu","https://www.transfermarkt.com/denis-rusu/profil/spieler/805072","Left Winger","19","Romania","Soimii Lipova",NA,"Romania",NA,TRUE,"loan transfer","Summer",39,36,2,2370
"UTA Arad","SuperLiga","Romania","2020","Arrivals","Marian Pleasca","https://www.transfermarkt.com/marian-pleasca/profil/spieler/148206","Right-Back","30","Romania","Gaz Metan","SuperLiga","Romania",NA,FALSE,"-","Summer",5,2,0,50
"UTA Arad","SuperLiga","Romania","2020","Arrivals","Rares Deta","https://www.transfermarkt.com/rares-deta/profil/spieler/728053","Left-Back","21","Romania","Slatina","Liga 2","Romania",NA,TRUE,"End of loan Jun 30, 2021","Summer",NA,NA,NA,NA
"UTA Arad","SuperLiga","Romania","2020","Arrivals","Rafael Zamfir","https://www.transfermarkt.com/rafael-zamfir/profil/spieler/700766","Goalkeeper","19","Romania","Crisul Chisineu",NA,"Romania",NA,TRUE,"End of loan Jun 30, 2021","Summer",NA,NA,NA,NA
"UTA Arad","SuperLiga","Romania","2020","Departures","Cătălin Vulturar","https://www.transfermarkt.com/catalin-vulturar/profil/spieler/710079","Defensive Midfield","16","Romania","Lecce U20","Primavera 2 - B","Italy",5e+05,FALSE,NA,"Summer",2,0,0,0
"UTA Arad","SuperLiga","Romania","2020","Departures","Alexandru Ciucur","https://www.transfermarkt.com/alexandru-ciucur/profil/spieler/123302","Left Winger","30","Romania","D. Calarasi","Liga 2","Romania",0,FALSE,NA,"Summer",NA,NA,NA,NA
"UTA Arad","SuperLiga","Romania","2020","Departures","Cristian Pușcaș","https://www.transfermarkt.com/cristian-puscas/profil/spieler/211016","Defensive Midfield","26","Romania","AFC Turris","Liga 2","Romania",0,FALSE,NA,"Summer",NA,NA,NA,NA
"UTA Arad","SuperLiga","Romania","2020","Departures","Bogdan Stancu","https://www.transfermarkt.com/bogdan-stancu/profil/spieler/212841","Left-Back","26","Romania","Without Club",NA,NA,0,FALSE,NA,"Summer",NA,NA,NA,NA
"UTA Arad","SuperLiga","Romania","2020","Departures","Stephan Coulibaly","https://www.transfermarkt.com/stephan-coulibaly/profil/spieler/608499","Defensive Midfield","21","Cote d'Ivoire","Ripensia","Liga 2","Romania",0,FALSE,NA,"Summer",NA,NA,NA,NA
"UTA Arad","SuperLiga","Romania","2020","Departures","Denis Salka","https://www.transfermarkt.com/denis-salka/profil/spieler/672893","Centre-Back","19","Romania","L. Teuz Cermei",NA,"Romania",NA,TRUE,"loan transfer","Summer",NA,NA,NA,NA
"UTA Arad","SuperLiga","Romania","2020","Departures","Raul Opric","https://www.transfermarkt.com/raul-opric/profil/spieler/608494","Goalkeeper","18","Romania","Metalurg. Cugir",NA,"Romania",NA,TRUE,"loan transfer","Summer",NA,NA,NA,NA
"UTA Arad","SuperLiga","Romania","2020","Departures","Andrei Gavrilă","https://www.transfermarkt.com/andrei-gavrila/profil/spieler/871476","Left Midfield","18","Romania","Soimii Lipova",NA,"Romania",NA,TRUE,"loan transfer","Summer",NA,NA,NA,NA
"UTA Arad","SuperLiga","Romania","2020","Departures","Denis Rusu","https://www.transfermarkt.com/denis-rusu/profil/spieler/805072","Left Winger","20","Romania","Soimii Lipova",NA,"Romania",NA,TRUE,"End of loan Jun 30, 2021","Summer",39,36,2,2370
"UTA Arad","SuperLiga","Romania","2020","Departures","Romario Moise","https://www.transfermarkt.com/romario-moise/profil/spieler/390844","Attacking Midfield","23","Romania","Astra Giurgiu","SuperLiga","Romania",NA,TRUE,"End of loan Aug 15, 2020","Summer",NA,NA,NA,NA
"UTA Arad","SuperLiga","Romania","2020","Departures","Radu Crișan","https://www.transfermarkt.com/radu-crisan/profil/spieler/339954","Centre-Back","24","Romania","Astra Giurgiu","SuperLiga","Romania",NA,TRUE,"End of loan Aug 11, 2020","Summer",NA,NA,NA,NA
"UTA Arad","SuperLiga","Romania","2020","Departures","Andrei Rus","https://www.transfermarkt.com/andrei-rus/profil/spieler/623421","Right-Back","19","Romania","Petrolul","Liga 2","Romania",NA,TRUE,"End of loan Aug 9, 2020","Summer",NA,NA,NA,NA
"UTA Arad","SuperLiga","Romania","2020","Arrivals","Adrian Petre","https://www.transfermarkt.com/adrian-petre/profil/spieler/365769","Centre-Forward","22","Romania","FCSB","SuperLiga","Romania",0,FALSE,NA,"Winter",15,15,1,649
"UTA Arad","SuperLiga","Romania","2020","Arrivals","Evgeniy Shlyakov","https://www.transfermarkt.com/evgeniy-shlyakov/profil/spieler/145981","Right-Back","29","Russia","Tambov","Premier Liga","Russia",0,FALSE,NA,"Winter",20,20,1,1675
"UTA Arad","SuperLiga","Romania","2020","Arrivals","Andrei Peteleu","https://www.transfermarkt.com/andrei-peteleu/profil/spieler/192870","Right-Back","28","Romania","FC Sheriff","Super Liga","Moldova",0,FALSE,NA,"Winter",11,11,0,723
"UTA Arad","SuperLiga","Romania","2020","Arrivals","Liviu Antal","https://www.transfermarkt.com/liviu-antal/profil/spieler/123256","Right Winger","31","Romania","Žalgiris","A Lyga","Lithuania",0,FALSE,NA,"Winter",24,22,3,1175
"UTA Arad","SuperLiga","Romania","2020","Arrivals","Modestas Vorobjovas","https://www.transfermarkt.com/modestas-vorobjovas/profil/spieler/262636","Defensive Midfield","25","Lithuania","Žalgiris","A Lyga","Lithuania",0,FALSE,NA,"Winter",24,24,0,1909
"UTA Arad","SuperLiga","Romania","2020","Arrivals","Albert Voinea","https://www.transfermarkt.com/albert-voinea/profil/spieler/180871","Centre-Forward","28","Romania","AFC Turris","Liga 2","Romania",0,FALSE,NA,"Winter",10,7,0,162
"UTA Arad","SuperLiga","Romania","2020","Arrivals","Roger","https://www.transfermarkt.com/roger/profil/spieler/435169","Attacking Midfield","24","Brazil","Riga","Virsliga","Latvia",NA,FALSE,"?","Winter",24,24,2,2033
"UTA Arad","SuperLiga","Romania","2020","Arrivals","Haralambie Mociu","https://www.transfermarkt.com/haralambie-mociu/profil/spieler/724572","Goalkeeper","19","Romania","Ripensia","Liga 2","Romania",NA,FALSE,"?","Winter",3,0,0,0
"UTA Arad","SuperLiga","Romania","2020","Departures","Vlad Morar","https://www.transfermarkt.com/vlad-morar/profil/spieler/186031","Centre-Forward","27","Romania","Gaz Metan","SuperLiga","Romania",0,FALSE,NA,"Winter",15,13,4,715
"UTA Arad","SuperLiga","Romania","2020","Departures","Octavian Ursu","https://www.transfermarkt.com/octavian-ursu/profil/spieler/286549","Right Winger","26","Romania","FC Rapid 1923","Liga 2","Romania",0,FALSE,NA,"Winter",11,11,1,484
"UTA Arad","SuperLiga","Romania","2020","Departures","Alexandru Ioniță I","https://www.transfermarkt.com/alexandru-ionita-i/profil/spieler/113865","Centre-Forward","31","Romania","FC Rapid 1923","Liga 2","Romania",0,FALSE,NA,"Winter",12,10,0,344
"UTA Arad","SuperLiga","Romania","2020","Departures","Horațiu Moldovan","https://www.transfermarkt.com/horatiu-moldovan/profil/spieler/525438","Goalkeeper","22","Romania","FC Rapid 1923","Liga 2","Romania",0,FALSE,NA,"Winter",7,4,0,360
"UTA Arad","SuperLiga","Romania","2020","Departures","Marian Pleasca","https://www.transfermarkt.com/marian-pleasca/profil/spieler/148206","Right-Back","31","Romania","Pandurii ","Liga 2","Romania",0,FALSE,NA,"Winter",5,2,0,50
"UTA Arad","SuperLiga","Romania","2020","Departures","Mihovil Klapan","https://www.transfermarkt.com/mihovil-klapan/profil/spieler/252874","Central Midfield","25","Croatia","NK Opatija","Prva NL","Croatia",0,FALSE,NA,"Winter",6,2,0,27
"UTA Arad","SuperLiga","Romania","2020","Departures","Călin Popescu","https://www.transfermarkt.com/calin-popescu/profil/spieler/509936","Left Winger","19","Romania","FC Hermannstadt","SuperLiga","Romania",0,FALSE,NA,"Winter",7,3,0,16
"UTA Arad","SuperLiga","Romania","2020","Departures","Alexandru Oroian","https://www.transfermarkt.com/alexandru-oroian/profil/spieler/614623","Right-Back","20","Romania","FC Hermannstadt","SuperLiga","Romania",NA,FALSE,"?","Winter",14,9,0,253
"UTA Arad","SuperLiga","Romania","2020","Departures","Denis Hrezdac","https://www.transfermarkt.com/denis-hrezdac/profil/spieler/641765","Defensive Midfield","19","Romania","Corvinul",NA,"Romania",NA,TRUE,"loan transfer","Winter",NA,NA,NA,NA
"Gaz Metan Medias (- 2022)",NA,NA,"2020","Arrivals","Gabriel Plumbuitu","https://www.transfermarkt.com/gabriel-plumbuitu/profil/spieler/666433","Left Winger","16","Romania","Daco-Getica",NA,"Romania",30000,FALSE,NA,"Summer",6,4,0,19
"Gaz Metan Medias (- 2022)",NA,NA,"2020","Arrivals","Mihai Velisar","https://www.transfermarkt.com/mihai-velisar/profil/spieler/610483","Left-Back","20","Romania","Petrolul","Liga 2","Romania",15000,FALSE,NA,"Summer",35,30,0,2293
"Gaz Metan Medias (- 2022)",NA,NA,"2020","Arrivals","Sergiu Ciocan","https://www.transfermarkt.com/sergiu-ciocan/profil/spieler/687721","Right Midfield","21","Romania","Comuna Recea","Liga 2","Romania",10000,FALSE,NA,"Summer",28,20,2,712
"Gaz Metan Medias (- 2022)",NA,NA,"2020","Arrivals","Yves-Simon Pambou","https://www.transfermarkt.com/yves-simon-pambou/profil/spieler/291746","Central Midfield","24","France","Grenoble","Ligue 2","France",0,FALSE,NA,"Summer",36,25,0,1002
"Gaz Metan Medias (- 2022)",NA,NA,"2020","Arrivals","Zé Manuel","https://www.transfermarkt.com/ze-manuel/profil/spieler/113025","Right Winger","29","Portugal","Santa Clara","Liga Portugal","Portugal",0,FALSE,NA,"Summer",33,29,4,1577
"Gaz Metan Medias (- 2022)",NA,NA,"2020","Arrivals","Ricardo Valente","https://www.transfermarkt.com/ricardo-valente/profil/spieler/292775","Centre-Forward","29","Portugal","Tondela","Liga Portugal","Portugal",0,FALSE,NA,"Summer",33,33,10,2326
"Gaz Metan Medias (- 2022)",NA,NA,"2020","Arrivals","Francisco Júnior","https://www.transfermarkt.com/francisco-junior/profil/spieler/215840","Central Midfield","28","Guinea-Bissau","Hapoel Haifa","Ligat ha'Al","Israel",0,FALSE,NA,"Summer",25,24,0,1515
"Gaz Metan Medias (- 2022)",NA,NA,"2020","Arrivals","Idrisa Sambú","https://www.transfermarkt.com/idrisa-sambu/profil/spieler/290761","Right Winger","22","Portugal","Spartak 2","1.Division","Russia",0,FALSE,NA,"Summer",19,13,2,288
"Gaz Metan Medias (- 2022)",NA,NA,"2020","Arrivals","Ondrej Baco","https://www.transfermarkt.com/ondrej-baco/profil/spieler/431058","Centre-Back","24","Czech Republic","Zlin","Chance Liga","Czech Republic",0,FALSE,NA,"Summer",36,33,2,2760
"Gaz Metan Medias (- 2022)",NA,NA,"2020","Arrivals","Ronaldo Deaconu","https://www.transfermarkt.com/ronaldo-deaconu/profil/spieler/271281","Attacking Midfield","23","Romania","Sepsi OSK","SuperLiga","Romania",0,FALSE,NA,"Summer",39,39,11,2745
"Gaz Metan Medias (- 2022)",NA,NA,"2020","Arrivals","Bryan Alceus","https://www.transfermarkt.com/bryan-alceus/profil/spieler/354686","Central Midfield","24","Haiti","Paris FC","Ligue 2","France",0,FALSE,NA,"Summer",32,30,0,1974
"Gaz Metan Medias (- 2022)",NA,NA,"2020","Arrivals","Alexandru Buzbuchi","https://www.transfermarkt.com/alexandru-buzbuchi/profil/spieler/216660","Goalkeeper","26","Romania","FCV Farul","SuperLiga","Romania",0,FALSE,NA,"Summer",39,18,0,1620
"Gaz Metan Medias (- 2022)",NA,NA,"2020","Arrivals","Răzvan Horj","https://www.transfermarkt.com/razvan-horj/profil/spieler/422587","Centre-Back","24","Romania","U Cluj","Liga 2","Romania",0,FALSE,NA,"Summer",17,7,0,562
"Gaz Metan Medias (- 2022)",NA,NA,"2020","Arrivals","Yael Tiendrebeogo","https://www.transfermarkt.com/yael-tiendrebeogo/profil/spieler/649458","Defensive Midfield","19","Burkina Faso","ES Thaon","National 3 - Grp. I","France",0,FALSE,NA,"Summer",0,0,0,0
"Gaz Metan Medias (- 2022)",NA,NA,"2020","Arrivals","Yuri Matias","https://www.transfermarkt.com/yuri-matias/profil/spieler/443612","Centre-Back","25","Brazil","Tractor","Persian Gulf Pro League","Iran",NA,FALSE,"?","Summer",34,28,2,2348
"Gaz Metan Medias (- 2022)",NA,NA,"2020","Arrivals","Tomas Smola","https://www.transfermarkt.com/tomas-smola/profil/spieler/255413","Centre-Forward","31","Czech Republic","Banik Ostrava","Chance Liga","Czech Republic",NA,FALSE,"?","Summer",5,3,0,105
"Gaz Metan Medias (- 2022)",NA,NA,"2020","Arrivals","Luis Nițu","https://www.transfermarkt.com/luis-nitu/profil/spieler/575181","Right Winger","19","Romania","CS U Craiova","SuperLiga","Romania",NA,FALSE,"?","Summer",18,16,1,624
"Gaz Metan Medias (- 2022)",NA,NA,"2020","Arrivals","Mihai Butean","https://www.transfermarkt.com/mihai-butean/profil/spieler/375712","Right-Back","23","Romania","CFR Cluj","SuperLiga","Romania",NA,TRUE,"loan transfer","Summer",35,35,2,3076
"Gaz Metan Medias (- 2022)",NA,NA,"2020","Arrivals","Ovidiu Horșia","https://www.transfermarkt.com/ovidiu-horsia/profil/spieler/418223","Right Winger","19","Romania","FCSB","SuperLiga","Romania",NA,TRUE,"loan transfer","Summer",32,24,2,1023
"Gaz Metan Medias (- 2022)",NA,NA,"2020","Arrivals","Fernander Kassaï","https://www.transfermarkt.com/fernander-kassai/profil/spieler/166559","Centre-Back","33","Central African Republic","Without Club",NA,NA,NA,FALSE,"-","Summer",2,1,0,3
"Gaz Metan Medias (- 2022)",NA,NA,"2020","Arrivals","Moussa Sanoh","https://www.transfermarkt.com/moussa-sanoh/profil/spieler/203928","Right Winger","25","Liberia","FC Voluntari","SuperLiga","Romania",NA,TRUE,"End of loan Aug 10, 2020","Summer",5,5,0,214
"Gaz Metan Medias (- 2022)",NA,NA,"2020","Arrivals","Bogdan Jica","https://www.transfermarkt.com/bogdan-jica/profil/spieler/675045","Centre-Back","19","Romania","D. Calarasi","Liga 2","Romania",NA,TRUE,"End of loan Jun 30, 2020","Summer",4,1,0,4
"Gaz Metan Medias (- 2022)",NA,NA,"2020","Departures","Marius Constantin","https://www.transfermarkt.com/marius-constantin/profil/spieler/34503","Centre-Back","35","Romania","CS U Craiova","SuperLiga","Romania",50000,FALSE,NA,"Summer",NA,NA,NA,NA
"Gaz Metan Medias (- 2022)",NA,NA,"2020","Departures","Sergiu Buș","https://www.transfermarkt.com/sergiu-bus/profil/spieler/123671","Centre-Forward","27","Romania","FCSB","SuperLiga","Romania",0,FALSE,NA,"Summer",NA,NA,NA,NA
"Gaz Metan Medias (- 2022)",NA,NA,"2020","Departures","Boubacar Fofana","https://www.transfermarkt.com/boubacar-fofana/profil/spieler/130964","Defensive Midfield","30","Guinea","Sepsi OSK","SuperLiga","Romania",0,FALSE,NA,"Summer",NA,NA,NA,NA
"Gaz Metan Medias (- 2022)",NA,NA,"2020","Departures","Ioan Hora","https://www.transfermarkt.com/ioan-hora/profil/spieler/54528","Centre-Forward","31","Romania","UTA Arad","SuperLiga","Romania",0,FALSE,NA,"Summer",NA,NA,NA,NA
"Gaz Metan Medias (- 2022)",NA,NA,"2020","Departures","Neluț Roșu","https://www.transfermarkt.com/nelut-rosu/profil/spieler/241310","Central Midfield","27","Romania","UTA Arad","SuperLiga","Romania",0,FALSE,NA,"Summer",NA,NA,NA,NA
"Gaz Metan Medias (- 2022)",NA,NA,"2020","Departures","Ely Fernandes","https://www.transfermarkt.com/ely-fernandes/profil/spieler/292488","Left Winger","29","Cape Verde","FCV Farul","SuperLiga","Romania",0,FALSE,NA,"Summer",NA,NA,NA,NA
"Gaz Metan Medias (- 2022)",NA,NA,"2020","Departures","Răzvan Popa","https://www.transfermarkt.com/razvan-popa/profil/spieler/220851","Centre-Back","23","Romania","ACSM Poli Iasi","SuperLiga","Romania",0,FALSE,NA,"Summer",3,3,0,267
"Gaz Metan Medias (- 2022)",NA,NA,"2020","Departures","Ricardo Batista","https://www.transfermarkt.com/ricardo-batista/profil/spieler/24846","Goalkeeper","33","Angola","Casa Pia","Liga Portugal 2","Portugal",0,FALSE,NA,"Summer",NA,NA,NA,NA
"Gaz Metan Medias (- 2022)",NA,NA,"2020","Departures","Fernander Kassaï","https://www.transfermarkt.com/fernander-kassai/profil/spieler/166559","Centre-Back","33","Central African Republic","Without Club",NA,NA,NA,FALSE,"-","Summer",2,1,0,3
"Gaz Metan Medias (- 2022)",NA,NA,"2020","Departures","Marian Pleasca","https://www.transfermarkt.com/marian-pleasca/profil/spieler/148206","Right-Back","30","Romania","UTA Arad","SuperLiga","Romania",NA,FALSE,"-","Summer",NA,NA,NA,NA
"Gaz Metan Medias (- 2022)",NA,NA,"2020","Departures","Mickaël Diakota","https://www.transfermarkt.com/mickael-diakota/profil/spieler/127178","Central Midfield","29","France","Without Club",NA,NA,NA,FALSE,"-","Summer",NA,NA,NA,NA
"Gaz Metan Medias (- 2022)",NA,NA,"2020","Departures","Mihai Butean","https://www.transfermarkt.com/mihai-butean/profil/spieler/375712","Right-Back","23","Romania","CFR Cluj","SuperLiga","Romania",NA,TRUE,"End of loan Aug 10, 2020","Summer",35,35,2,3076
"Gaz Metan Medias (- 2022)",NA,NA,"2020","Departures","Sergiu Ciocan","https://www.transfermarkt.com/sergiu-ciocan/profil/spieler/687721","Right Midfield","21","Romania","Comuna Recea","Liga 2","Romania",NA,TRUE,"End of loan Aug 13, 2020","Summer",28,20,2,712
"Gaz Metan Medias (- 2022)",NA,NA,"2020","Departures","Stephan Drăghici","https://www.transfermarkt.com/stephan-draghici/profil/spieler/435706","Right Midfield","22","Romania","CS U Craiova","SuperLiga","Romania",NA,TRUE,"End of loan Sep 8, 2020","Summer",NA,NA,NA,NA
"Gaz Metan Medias (- 2022)",NA,NA,"2020","Arrivals","Vlad Morar","https://www.transfermarkt.com/vlad-morar/profil/spieler/186031","Centre-Forward","27","Romania","UTA Arad","SuperLiga","Romania",0,FALSE,NA,"Winter",16,14,3,766
"Gaz Metan Medias (- 2022)",NA,NA,"2020","Arrivals","Eric","https://www.transfermarkt.com/eric/profil/spieler/81509","Attacking Midfield","35","Brazil","FC Voluntari","SuperLiga","Romania",0,FALSE,NA,"Winter",0,0,0,0
"Gaz Metan Medias (- 2022)",NA,NA,"2020","Arrivals","Adama Sarr","https://www.transfermarkt.com/adama-sarr/profil/spieler/170939","Centre-Forward","29","France","Beykoz Anadolu","1.Lig","Türkiye",0,FALSE,NA,"Winter",11,10,0,530
"Gaz Metan Medias (- 2022)",NA,NA,"2020","Arrivals","Ismael Kanda","https://www.transfermarkt.com/ismael-kanda/profil/spieler/707248","Centre-Back","20","France","LOSC Lille B","National 3 - Grp. G","France",0,FALSE,NA,"Winter",0,0,0,0
"Gaz Metan Medias (- 2022)",NA,NA,"2020","Departures","Lukas Droppa","https://www.transfermarkt.com/lukas-droppa/profil/spieler/81959","Defensive Midfield","31","Czech Republic","FC Voluntari","SuperLiga","Romania",0,FALSE,NA,"Winter",6,6,0,495
"Gaz Metan Medias (- 2022)",NA,NA,"2020","Departures","Moussa Sanoh","https://www.transfermarkt.com/moussa-sanoh/profil/spieler/203928","Right Winger","25","Liberia","Balzan FC","Premier League","Malta",0,FALSE,NA,"Winter",5,5,0,214
"Gaz Metan Medias (- 2022)",NA,NA,"2020","Departures","Nicolao Cardoso","https://www.transfermarkt.com/nicolao-cardoso/profil/spieler/87052","Left Winger","29","Italy","Suwon Bluewings","K League 1","Korea, South",NA,FALSE,"?","Winter",12,12,7,914
"Gaz Metan Medias (- 2022)",NA,NA,"2020","Departures","Tomas Smola","https://www.transfermarkt.com/tomas-smola/profil/spieler/255413","Centre-Forward","31","Czech Republic","SFC Opava","Chance Liga","Czech Republic",NA,TRUE,"loan transfer","Winter",5,3,0,105
"Gaz Metan Medias (- 2022)",NA,NA,"2020","Departures","Cristian Avram","https://www.transfermarkt.com/cristian-avram/profil/spieler/666464","Central Midfield","17","Romania","Gaz Metan II",NA,"Romania",NA,FALSE,"-","Winter",3,0,0,0
"Gaz Metan Medias (- 2022)",NA,NA,"2020","Departures","Ovidiu Horșia","https://www.transfermarkt.com/ovidiu-horsia/profil/spieler/418223","Right Winger","21","Romania","FCSB","SuperLiga","Romania",NA,TRUE,"End of loan Feb 14, 2022","Winter",32,24,2,1023
"AFC Chindia Targoviste","Liga 2","Romania","2020","Arrivals","Bourama Fomba","https://www.transfermarkt.com/bourama-fomba/profil/spieler/780352","Centre-Back","21","Mali","Ceahlaul",NA,"Romania",0,FALSE,NA,"Summer",34,18,0,1122
"AFC Chindia Targoviste","Liga 2","Romania","2020","Arrivals","Rareș Pop","https://www.transfermarkt.com/rares-pop/profil/spieler/435730","Goalkeeper","21","Romania","U Cluj","Liga 2","Romania",NA,FALSE,"?","Summer",7,0,0,0
"AFC Chindia Targoviste","Liga 2","Romania","2020","Arrivals","Paul Iacob","https://www.transfermarkt.com/paul-iacob/profil/spieler/303359","Centre-Back","24","Romania","FCV Farul","SuperLiga","Romania",NA,TRUE,"loan transfer","Summer",35,35,3,3020
"AFC Chindia Targoviste","Liga 2","Romania","2020","Arrivals","Daniel Popa","https://www.transfermarkt.com/daniel-popa/profil/spieler/341364","Centre-Forward","25","Romania","FC Dinamo","SuperLiga","Romania",NA,TRUE,"loan transfer","Summer",36,36,8,2908
"AFC Chindia Targoviste","Liga 2","Romania","2020","Arrivals","Mihai Neicuțescu","https://www.transfermarkt.com/mihai-neicutescu/profil/spieler/436079","Centre-Forward","21","Romania","FC Dinamo","SuperLiga","Romania",NA,TRUE,"loan transfer","Summer",23,15,0,401
"AFC Chindia Targoviste","Liga 2","Romania","2020","Arrivals","Tomás Díaz","https://www.transfermarkt.com/tomas-diaz/profil/spieler/741999","Left Winger","23","Argentina","Sepsi OSK","SuperLiga","Romania",NA,TRUE,"loan transfer","Summer",18,16,1,728
"AFC Chindia Targoviste","Liga 2","Romania","2020","Arrivals","Marco Dulca","https://www.transfermarkt.com/marco-dulca/profil/spieler/391445","Defensive Midfield","21","Romania","FCV Farul","SuperLiga","Romania",NA,TRUE,"loan transfer","Summer",33,33,2,2943
"AFC Chindia Targoviste","Liga 2","Romania","2020","Arrivals","Tiberiu Căpușă","https://www.transfermarkt.com/tiberiu-capusa/profil/spieler/340978","Centre-Back","22","Romania","FCV Farul","SuperLiga","Romania",NA,TRUE,"loan transfer","Summer",36,36,1,3106
"AFC Chindia Targoviste","Liga 2","Romania","2020","Departures","Alexandru Benga","https://www.transfermarkt.com/alexandru-benga/profil/spieler/202800","Centre-Back","31","Romania","UTA Arad","SuperLiga","Romania",0,FALSE,NA,"Summer",NA,NA,NA,NA
"AFC Chindia Targoviste","Liga 2","Romania","2020","Departures","Bradley Diallo","https://www.transfermarkt.com/bradley-diallo/profil/spieler/127129","Centre-Back","30","France","FC U Craiova","Liga 2","Romania",0,FALSE,NA,"Summer",NA,NA,NA,NA
"AFC Chindia Targoviste","Liga 2","Romania","2020","Departures","Josip Ivancic","https://www.transfermarkt.com/josip-ivancic/profil/spieler/194179","Centre-Forward","29","Croatia","Zrinjski Mostar","Premijer Liga BiH","Bosnia-Herzegovina",0,FALSE,NA,"Summer",NA,NA,NA,NA
"AFC Chindia Targoviste","Liga 2","Romania","2020","Departures","Daniel Novac","https://www.transfermarkt.com/daniel-novac/profil/spieler/156372","Central Midfield","32","Romania","U Cluj","Liga 2","Romania",0,FALSE,NA,"Summer",NA,NA,NA,NA
"AFC Chindia Targoviste","Liga 2","Romania","2020","Departures","Liviu Mihai","https://www.transfermarkt.com/liviu-mihai/profil/spieler/74087","Central Midfield","32","Romania","AFC Turris","Liga 2","Romania",0,FALSE,NA,"Summer",2,1,0,7
"AFC Chindia Targoviste","Liga 2","Romania","2020","Departures","Cătălin Barbu","https://www.transfermarkt.com/catalin-barbu/profil/spieler/476049","Centre-Forward","21","Romania","FC Arges","SuperLiga","Romania",0,FALSE,NA,"Summer",2,2,0,10
"AFC Chindia Targoviste","Liga 2","Romania","2020","Departures","Iustin Popescu","https://www.transfermarkt.com/iustin-popescu/profil/spieler/289186","Goalkeeper","26","Romania","CS Mioveni","Liga 2","Romania",0,FALSE,NA,"Summer",NA,NA,NA,NA
"AFC Chindia Targoviste","Liga 2","Romania","2020","Departures","Filip Dangubic","https://www.transfermarkt.com/filip-dangubic/profil/spieler/324970","Centre-Forward","25","Croatia","NK Celje","Prva Liga","Slovenia",NA,FALSE,"?","Summer",NA,NA,NA,NA
"AFC Chindia Targoviste","Liga 2","Romania","2020","Departures","Ovidiu Bic","https://www.transfermarkt.com/ovidiu-bic/profil/spieler/220816","Central Midfield","26","Romania","CS U Craiova","SuperLiga","Romania",NA,TRUE,"End of loan Aug 15, 2020","Summer",NA,NA,NA,NA
"AFC Chindia Targoviste","Liga 2","Romania","2020","Departures","Robert Neciu","https://www.transfermarkt.com/robert-neciu/profil/spieler/319240","Left-Back","20","Romania","FCV Farul","SuperLiga","Romania",NA,TRUE,"End of loan Jan 1, 2020","Summer",NA,NA,NA,NA
"AFC Chindia Targoviste","Liga 2","Romania","2020","Departures","Tomás Díaz","https://www.transfermarkt.com/tomas-diaz/profil/spieler/741999","Left Winger","24","Argentina","Sepsi OSK","SuperLiga","Romania",NA,TRUE,"End of loan Jun 30, 2021","Summer",18,16,1,728
"AFC Chindia Targoviste","Liga 2","Romania","2020","Departures","Alin Dudea","https://www.transfermarkt.com/alin-dudea/profil/spieler/328517","Defensive Midfield","22","Romania","FC Dinamo","SuperLiga","Romania",NA,TRUE,"End of loan Feb 7, 2020","Summer",NA,NA,NA,NA
"AFC Chindia Targoviste","Liga 2","Romania","2020","Departures","Alexandru Piftor","https://www.transfermarkt.com/alexandru-piftor/profil/spieler/537769","Attacking Midfield","21","Romania","FC Botosani","SuperLiga","Romania",NA,TRUE,"End of loan Aug 10, 2020","Summer",NA,NA,NA,NA
"AFC Chindia Targoviste","Liga 2","Romania","2020","Arrivals","Milan Kocic","https://www.transfermarkt.com/milan-kocic/profil/spieler/274828","Defensive Midfield","30","Slovenia","FC Voluntari","SuperLiga","Romania",0,FALSE,NA,"Winter",25,13,0,636
"AFC Chindia Targoviste","Liga 2","Romania","2020","Arrivals","Mihai Costea","https://www.transfermarkt.com/mihai-costea/profil/spieler/47572","Centre-Forward","32","Romania","Al-Arabi",NA,"United Arab Emirates",0,FALSE,NA,"Winter",24,15,0,303
"AFC Chindia Targoviste","Liga 2","Romania","2020","Arrivals","Daniel Celea","https://www.transfermarkt.com/daniel-celea/profil/spieler/442329","Centre-Back","25","Romania","LKS Lodz","Betclic 1 Liga","Poland",0,FALSE,NA,"Winter",16,15,0,1334
"AFC Chindia Targoviste","Liga 2","Romania","2020","Arrivals","Florinel Mitrea","https://www.transfermarkt.com/florinel-mitrea/profil/spieler/700771","Left-Back","27","Romania","AFC Turris","Liga 2","Romania",NA,FALSE,"?","Winter",15,8,0,195
"ACSC FC Arges","SuperLiga","Romania","2020","Arrivals","Gabriel Matei","https://www.transfermarkt.com/gabriel-matei/profil/spieler/131882","Right-Back","30","Romania","Ac. Clinceni","SuperLiga","Romania",0,FALSE,NA,"Summer",11,8,0,625
"ACSC FC Arges","SuperLiga","Romania","2020","Arrivals","Alexander Maes","https://www.transfermarkt.com/alexander-maes/profil/spieler/110796","Central Midfield","28","Belgium","Beerschot VA","Jupiler Pro League","Belgium",0,FALSE,NA,"Summer",22,14,1,558
"ACSC FC Arges","SuperLiga","Romania","2020","Arrivals","Sérgio Marakis","https://www.transfermarkt.com/sergio-marakis/profil/spieler/188669","Defensive Midfield","28","Portugal","Cova Piedade","Liga Portugal 2","Portugal",0,FALSE,NA,"Summer",9,5,0,228
"ACSC FC Arges","SuperLiga","Romania","2020","Arrivals","Flavius Croitoru","https://www.transfermarkt.com/flavius-croitoru/profil/spieler/209066","Goalkeeper","28","Romania","CS Mioveni","Liga 2","Romania",0,FALSE,NA,"Summer",13,5,0,450
"ACSC FC Arges","SuperLiga","Romania","2020","Arrivals","Georgian Honciu","https://www.transfermarkt.com/georgian-honciu/profil/spieler/212754","Central Midfield","31","Romania","D. Calarasi","Liga 2","Romania",0,FALSE,NA,"Summer",34,24,1,919
"ACSC FC Arges","SuperLiga","Romania","2020","Arrivals","Cephas Malele","https://www.transfermarkt.com/cephas-malele/profil/spieler/22686","Centre-Forward","26","Switzerland","Oliveirense","Liga Portugal 2","Portugal",0,FALSE,NA,"Summer",31,31,18,2491
"ACSC FC Arges","SuperLiga","Romania","2020","Arrivals","Gabriel Deac","https://www.transfermarkt.com/gabriel-deac/profil/spieler/337737","Right Midfield","25","Romania","Petrolul","Liga 2","Romania",0,FALSE,NA,"Summer",5,5,1,210
"ACSC FC Arges","SuperLiga","Romania","2020","Arrivals","Luka Maric","https://www.transfermarkt.com/luka-maric/profil/spieler/190722","Centre-Back","33","Croatia","Without Club",NA,NA,0,FALSE,NA,"Summer",25,24,1,2148
"ACSC FC Arges","SuperLiga","Romania","2020","Arrivals","David Meza Colli","https://www.transfermarkt.com/david-meza-colli/profil/spieler/54328","Defensive Midfield","31","Paraguay","Petrolul","Liga 2","Romania",0,FALSE,NA,"Summer",39,39,1,3472
"ACSC FC Arges","SuperLiga","Romania","2020","Arrivals","Alexandru Greab","https://www.transfermarkt.com/alexandru-greab/profil/spieler/186027","Goalkeeper","28","Romania","Sepsi OSK","SuperLiga","Romania",0,FALSE,NA,"Summer",38,28,0,2520
"ACSC FC Arges","SuperLiga","Romania","2020","Arrivals","Cătălin Barbu","https://www.transfermarkt.com/catalin-barbu/profil/spieler/476049","Centre-Forward","21","Romania","Chindia","SuperLiga","Romania",0,FALSE,NA,"Summer",23,7,0,241
"ACSC FC Arges","SuperLiga","Romania","2020","Arrivals","Mediop Ndiaye","https://www.transfermarkt.com/mediop-ndiaye/profil/spieler/515941","Centre-Forward","29","Senegal","D. Calarasi","Liga 2","Romania",NA,FALSE,"?","Summer",35,24,1,1054
"ACSC FC Arges","SuperLiga","Romania","2020","Arrivals","Stephan Drăghici","https://www.transfermarkt.com/stephan-draghici/profil/spieler/435706","Right Midfield","22","Romania","CS U Craiova","SuperLiga","Romania",NA,TRUE,"loan transfer","Summer",29,27,2,1477
"ACSC FC Arges","SuperLiga","Romania","2020","Arrivals","Antun Palic","https://www.transfermarkt.com/antun-palic/profil/spieler/68205","Attacking Midfield","32","Croatia","Without Club",NA,NA,NA,FALSE,"-","Summer",27,25,2,1618
"ACSC FC Arges","SuperLiga","Romania","2020","Departures","Vasile Buhaescu","https://www.transfermarkt.com/vasile-buhaescu/profil/spieler/48775","Centre-Forward","32","Romania","Petrolul","Liga 2","Romania",0,FALSE,NA,"Summer",2,2,0,68
"ACSC FC Arges","SuperLiga","Romania","2020","Departures","Nini Popescu","https://www.transfermarkt.com/nini-popescu/profil/spieler/287466","Right Midfield","26","Romania","ACSM Reșița","Liga 2","Romania",0,FALSE,NA,"Summer",1,1,0,45
"ACSC FC Arges","SuperLiga","Romania","2020","Departures","Robert Dănescu","https://www.transfermarkt.com/robert-danescu/profil/spieler/605540","Right-Back","19","Romania","ACSO Filiasi",NA,"Romania",0,FALSE,NA,"Summer",NA,NA,NA,NA
"ACSC FC Arges","SuperLiga","Romania","2020","Departures","Kevin Moihedja","https://www.transfermarkt.com/kevin-moihedja/profil/spieler/236064","Defensive Midfield","24","Comoros","Olym. Charleroi","1ste Nationale","Belgium",0,FALSE,NA,"Summer",NA,NA,NA,NA
"ACSC FC Arges","SuperLiga","Romania","2020","Departures","Denis Brînzan","https://www.transfermarkt.com/denis-brinzan/profil/spieler/476495","Central Midfield","23","Romania","ACSM Reșița","Liga 2","Romania",0,FALSE,NA,"Summer",NA,NA,NA,NA
"ACSC FC Arges","SuperLiga","Romania","2020","Departures","Dorinel Oancea","https://www.transfermarkt.com/dorinel-oancea/profil/spieler/556116","Right-Back","23","Romania","CS Mioveni","Liga 2","Romania",0,FALSE,NA,"Summer",NA,NA,NA,NA
"ACSC FC Arges","SuperLiga","Romania","2020","Departures","Vlad Motroc","https://www.transfermarkt.com/vlad-motroc/profil/spieler/540846","Centre-Back","21","Romania","Ac. Clinceni","SuperLiga","Romania",0,FALSE,NA,"Summer",NA,NA,NA,NA
"ACSC FC Arges","SuperLiga","Romania","2020","Departures","Angelo Cocian","https://www.transfermarkt.com/angelo-cocian/profil/spieler/478052","Central Midfield","19","Romania","Unirea Dej",NA,"Romania",0,FALSE,NA,"Summer",0,0,0,0
"ACSC FC Arges","SuperLiga","Romania","2020","Departures","David Andrei","https://www.transfermarkt.com/david-andrei/profil/spieler/213194","Left Midfield","28","Romania","Real Bradu",NA,"Romania",0,FALSE,NA,"Summer",NA,NA,NA,NA
"ACSC FC Arges","SuperLiga","Romania","2020","Departures","Ovidiu Rasoveanu","https://www.transfermarkt.com/ovidiu-rasoveanu/profil/spieler/623417","Right Winger","18","Romania","ACSM Reșița","Liga 2","Romania",NA,TRUE,"loan transfer","Summer",NA,NA,NA,NA
"ACSC FC Arges","SuperLiga","Romania","2020","Departures","Nedo Turkovic","https://www.transfermarkt.com/nedo-turkovic/profil/spieler/166170","Centre-Forward","30","Bosnia-Herzegovina","Without Club",NA,NA,NA,FALSE,"-","Summer",NA,NA,NA,NA
"ACSC FC Arges","SuperLiga","Romania","2020","Departures","Răzvan Matiș","https://www.transfermarkt.com/razvan-matis/profil/spieler/547785","Left Winger","19","Romania","FCV Farul","SuperLiga","Romania",NA,TRUE,"End of loan Sep 9, 2020","Summer",2,2,0,110
"ACSC FC Arges","SuperLiga","Romania","2020","Departures","Răzvan Ducan","https://www.transfermarkt.com/razvan-ducan/profil/spieler/547853","Goalkeeper","19","Romania","FCSB","SuperLiga","Romania",NA,TRUE,"End of loan Aug 20, 2020","Summer",NA,NA,NA,NA
"ACSC FC Arges","SuperLiga","Romania","2020","Departures","Antonio Stan","https://www.transfermarkt.com/antonio-stan/profil/spieler/831083","Right Midfield","19","Romania","V. Colonesti",NA,"Romania",NA,TRUE,"End of loan Jun 30, 2020","Summer",NA,NA,NA,NA
"ACSC FC Arges","SuperLiga","Romania","2020","Arrivals","Jimmy De Jonghe","https://www.transfermarkt.com/jimmy-de-jonghe/profil/spieler/110671","Left-Back","28","Belgium","Without Club",NA,NA,0,FALSE,NA,"Winter",17,9,0,525
"ACSC FC Arges","SuperLiga","Romania","2020","Arrivals","Pablo de Lucas","https://www.transfermarkt.com/pablo-de-lucas/profil/spieler/57851","Defensive Midfield","34","Spain","FC Voluntari","SuperLiga","Romania",0,FALSE,NA,"Winter",9,4,0,105
"ACSC FC Arges","SuperLiga","Romania","2020","Arrivals","Deian Boldor","https://www.transfermarkt.com/deian-boldor/profil/spieler/239570","Centre-Back","25","Romania","Potenza","Serie C - C","Italy",0,FALSE,NA,"Winter",18,9,0,473
"ACSC FC Arges","SuperLiga","Romania","2020","Arrivals","Ruan Teles","https://www.transfermarkt.com/ruan-teles/profil/spieler/520787","Right Winger","23","Brazil","Marítimo U23","Liga Revelação - Second Round","Portugal",0,FALSE,NA,"Winter",10,6,0,165
"ACSC FC Arges","SuperLiga","Romania","2020","Arrivals","Cristian Dumitru","https://www.transfermarkt.com/cristian-dumitru/profil/spieler/599600","Left Winger","19","Romania","FCSB","SuperLiga","Romania",NA,TRUE,"loan transfer","Winter",24,24,3,1857
"ACSC FC Arges","SuperLiga","Romania","2020","Arrivals","Ovidiu Rasoveanu","https://www.transfermarkt.com/ovidiu-rasoveanu/profil/spieler/623417","Right Winger","18","Romania","ACSM Reșița","Liga 2","Romania",NA,TRUE,"End of loan Jan 1, 2021","Winter",NA,NA,NA,NA
"ACSC FC Arges","SuperLiga","Romania","2020","Departures","Gabriel Matei","https://www.transfermarkt.com/gabriel-matei/profil/spieler/131882","Right-Back","30","Romania","Gornik Leczna","Betclic 1 Liga","Poland",0,FALSE,NA,"Winter",11,8,0,625
"ACSC FC Arges","SuperLiga","Romania","2020","Departures","Gabriel Deac","https://www.transfermarkt.com/gabriel-deac/profil/spieler/337737","Right Midfield","25","Romania","Concordia","Liga 2","Romania",0,FALSE,NA,"Winter",5,5,1,210
"ACSC FC Arges","SuperLiga","Romania","2020","Departures","Andrei Blejdea","https://www.transfermarkt.com/andrei-blejdea/profil/spieler/313631","Left Winger","24","Romania","FC Dinamo","SuperLiga","Romania",0,FALSE,NA,"Winter",12,11,0,567
"ACSC FC Arges","SuperLiga","Romania","2020","Departures","Daniel Șerbănică","https://www.transfermarkt.com/daniel-serbanica/profil/spieler/529149","Left-Back","24","Romania","CS Mioveni","Liga 2","Romania",0,FALSE,NA,"Winter",16,6,0,257
"ACSC FC Arges","SuperLiga","Romania","2020","Departures","Andrei Panait","https://www.transfermarkt.com/andrei-panait/profil/spieler/81426","Defensive Midfield","31","Romania","CS Mioveni","Liga 2","Romania",0,FALSE,NA,"Winter",4,1,0,19
"ACSC FC Arges","SuperLiga","Romania","2020","Departures","Ovidiu Rasoveanu","https://www.transfermarkt.com/ovidiu-rasoveanu/profil/spieler/623417","Right Winger","18","Romania","Pandurii ","Liga 2","Romania",NA,TRUE,"loan transfer","Winter",NA,NA,NA,NA
"ACSC FC Arges","SuperLiga","Romania","2020","Departures","Andrei Prepeliță","https://www.transfermarkt.com/andrei-prepelita/profil/spieler/37933","Central Midfield","35","Romania",NA,NA,NA,NA,FALSE,"-","Winter",15,11,0,739
"ACSM Politehnica Iasi","Liga 2","Romania","2020","Arrivals","Floriano Vanzo","https://www.transfermarkt.com/floriano-vanzo/profil/spieler/201696","Attacking Midfield","26","Belgium","RE Virton","2de Nationale ACFF","Belgium",0,FALSE,NA,"Summer",35,35,0,2472
"ACSM Politehnica Iasi","Liga 2","Romania","2020","Arrivals","Dzenan Zajmovic","https://www.transfermarkt.com/dzenan-zajmovic/profil/spieler/278769","Centre-Forward","25","Bosnia-Herzegovina","Zeljeznicar","Premijer Liga BiH","Bosnia-Herzegovina",0,FALSE,NA,"Summer",26,21,2,1042
"ACSM Politehnica Iasi","Liga 2","Romania","2020","Arrivals","Sorin Bușu","https://www.transfermarkt.com/sorin-busu/profil/spieler/57679","Left-Back","31","Romania","FC Hermannstadt","SuperLiga","Romania",0,FALSE,NA,"Summer",36,36,0,3163
"ACSM Politehnica Iasi","Liga 2","Romania","2020","Arrivals","Andreias Calcan","https://www.transfermarkt.com/andreias-calcan/profil/spieler/244548","Left Winger","26","Romania","Újpest FC","NB I.","Hungary",0,FALSE,NA,"Summer",24,24,5,2007
"ACSM Politehnica Iasi","Liga 2","Romania","2020","Arrivals","Răzvan Popa","https://www.transfermarkt.com/razvan-popa/profil/spieler/220851","Centre-Back","23","Romania","Gaz Metan","SuperLiga","Romania",0,FALSE,NA,"Summer",19,18,0,1471
"ACSM Politehnica Iasi","Liga 2","Romania","2020","Arrivals","Joseph Mensah","https://www.transfermarkt.com/joseph-mensah/profil/spieler/286000","Right Winger","25","Ghana","Bnei Yehuda","Ligat ha'Al","Israel",0,FALSE,NA,"Summer",25,14,0,617
"ACSM Politehnica Iasi","Liga 2","Romania","2020","Arrivals","Donaldo Acka","https://www.transfermarkt.com/donaldo-acka/profil/spieler/547052","Defensive Midfield","22","Albania","FC Luftëtari","Kategoria e Parë","Albania",0,FALSE,NA,"Summer",11,8,0,211
"ACSM Politehnica Iasi","Liga 2","Romania","2020","Arrivals","Daniel Ciobanu","https://www.transfermarkt.com/daniel-ciobanu/profil/spieler/320734","Centre-Back","26","Romania","Pandurii ","Liga 2","Romania",0,FALSE,NA,"Summer",4,1,0,85
"ACSM Politehnica Iasi","Liga 2","Romania","2020","Arrivals","Levente Bősz","https://www.transfermarkt.com/levente-bosz/profil/spieler/368548","Goalkeeper","26","Hungary","Vasas FC","NB II.","Hungary",0,FALSE,NA,"Summer",9,6,0,540
"ACSM Politehnica Iasi","Liga 2","Romania","2020","Arrivals","Cătălin Aeroaiei","https://www.transfermarkt.com/catalin-aeroaiei/profil/spieler/394886","Right Midfield","24","Romania","Somuz Falticeni",NA,"Romania",0,FALSE,NA,"Summer",0,0,0,0
"ACSM Politehnica Iasi","Liga 2","Romania","2020","Arrivals","Bogdan Balint","https://www.transfermarkt.com/bogdan-balint/profil/spieler/813629","Left-Back","20","Romania","Aerostar","Liga 2","Romania",0,FALSE,NA,"Summer",4,0,0,0
"ACSM Politehnica Iasi","Liga 2","Romania","2020","Arrivals","Antonio Stan","https://www.transfermarkt.com/antonio-stan/profil/spieler/831083","Right Midfield","20","Romania","V. Colonesti",NA,"Romania",0,FALSE,NA,"Summer",27,18,0,178
"ACSM Politehnica Iasi","Liga 2","Romania","2020","Arrivals","Denis Ciofu","https://www.transfermarkt.com/denis-ciofu/profil/spieler/871494","Goalkeeper","18","Romania","Unknown",NA,NA,0,FALSE,NA,"Summer",1,0,0,0
"ACSM Politehnica Iasi","Liga 2","Romania","2020","Arrivals","Nikolaos Baxevanos","https://www.transfermarkt.com/nikolaos-baxevanos/profil/spieler/465616","Centre-Back","21","Greece","Lazio","Serie A","Italy",NA,TRUE,"loan transfer","Summer",38,37,0,3164
"ACSM Politehnica Iasi","Liga 2","Romania","2020","Arrivals","Ianos Brinza","https://www.transfermarkt.com/ianos-brinza/profil/spieler/556245","Goalkeeper","21","Moldova","FC Botosani","SuperLiga","Romania",NA,TRUE,"loan transfer","Summer",31,11,0,926
"ACSM Politehnica Iasi","Liga 2","Romania","2020","Arrivals","Dan Tălmaciu","https://www.transfermarkt.com/dan-talmaciu/profil/spieler/830935","Centre-Back","18","Romania","Dinamo U18",NA,"Romania",NA,TRUE,"loan transfer","Summer",6,1,0,90
"ACSM Politehnica Iasi","Liga 2","Romania","2020","Departures","Răzvan Grădinaru","https://www.transfermarkt.com/razvan-gradinaru/profil/spieler/289256","Right-Back","24","Romania","FC Voluntari","SuperLiga","Romania",0,FALSE,NA,"Summer",NA,NA,NA,NA
"ACSM Politehnica Iasi","Liga 2","Romania","2020","Departures","Michael Omoh","https://www.transfermarkt.com/michael-omoh/profil/spieler/210536","Attacking Midfield","28","Nigeria","H. Kfar Saba","Ligat ha'Al","Israel",0,FALSE,NA,"Summer",NA,NA,NA,NA
"ACSM Politehnica Iasi","Liga 2","Romania","2020","Departures","Linas Klimavičius","https://www.transfermarkt.com/linas-klimavicius/profil/spieler/57418","Centre-Back","31","Lithuania","Sūduva","A Lyga","Lithuania",0,FALSE,NA,"Summer",NA,NA,NA,NA
"ACSM Politehnica Iasi","Liga 2","Romania","2020","Departures","Denis Rusu","https://www.transfermarkt.com/denis-rusu/profil/spieler/171770","Goalkeeper","30","Moldova","Viitorul Tg.Jiu","Liga 2","Romania",0,FALSE,NA,"Summer",NA,NA,NA,NA
"ACSM Politehnica Iasi","Liga 2","Romania","2020","Departures","Kevin Brobbey","https://www.transfermarkt.com/kevin-brobbey/profil/spieler/187290","Centre-Forward","27","Netherlands","FCV Farul","SuperLiga","Romania",0,FALSE,NA,"Summer",NA,NA,NA,NA
"ACSM Politehnica Iasi","Liga 2","Romania","2020","Departures","Abdelaye Diakite","https://www.transfermarkt.com/abdelaye-diakite/profil/spieler/111805","Centre-Back","30","France","FC U Craiova","Liga 2","Romania",0,FALSE,NA,"Summer",NA,NA,NA,NA
"ACSM Politehnica Iasi","Liga 2","Romania","2020","Departures","Daniel Ciobanu","https://www.transfermarkt.com/daniel-ciobanu/profil/spieler/320734","Centre-Back","26","Romania","ACSM Reșița","Liga 2","Romania",0,FALSE,NA,"Summer",4,1,0,85
"ACSM Politehnica Iasi","Liga 2","Romania","2020","Departures","Robert Adrian Dodan","https://www.transfermarkt.com/robert-adrian-dodan/profil/spieler/534439","Central Midfield","20","Romania","Bradu Borca",NA,"Romania",0,FALSE,NA,"Summer",NA,NA,NA,NA
"ACSM Politehnica Iasi","Liga 2","Romania","2020","Departures","Narcis Badic","https://www.transfermarkt.com/narcis-badic/profil/spieler/208779","Left-Back","29","Romania","Unknown",NA,NA,NA,FALSE,"?","Summer",NA,NA,NA,NA
"ACSM Politehnica Iasi","Liga 2","Romania","2020","Departures","Alexandru Zaharia","https://www.transfermarkt.com/alexandru-zaharia/profil/spieler/537786","Centre-Forward","20","Romania","Aerostar","Liga 2","Romania",NA,TRUE,"loan transfer","Summer",20,7,1,218
"ACSM Politehnica Iasi","Liga 2","Romania","2020","Departures","Lucian Dumea","https://www.transfermarkt.com/lucian-dumea/profil/spieler/836570","Right-Back","18","Romania","FC Buzău","Liga 2","Romania",NA,TRUE,"loan transfer","Summer",0,0,0,0
"ACSM Politehnica Iasi","Liga 2","Romania","2020","Departures","Andreias Calcan","https://www.transfermarkt.com/andreias-calcan/profil/spieler/244548","Left Winger","27","Romania","Without Club",NA,NA,NA,FALSE,"-","Summer",24,24,5,2007
"ACSM Politehnica Iasi","Liga 2","Romania","2020","Departures","Alessandro Caparco","https://www.transfermarkt.com/alessandro-caparco/profil/spieler/85260","Goalkeeper","36","Italy",NA,NA,NA,NA,FALSE,"-","Summer",1,0,0,0
"ACSM Politehnica Iasi","Liga 2","Romania","2020","Departures","Ovidiu Horșia","https://www.transfermarkt.com/ovidiu-horsia/profil/spieler/418223","Right Winger","19","Romania","FCSB","SuperLiga","Romania",NA,TRUE,"End of loan Aug 10, 2020","Summer",NA,NA,NA,NA
"ACSM Politehnica Iasi","Liga 2","Romania","2020","Departures","Andrei Radu","https://www.transfermarkt.com/andrei-radu/profil/spieler/243293","Left-Back","24","Romania","CFR Cluj","SuperLiga","Romania",NA,TRUE,"End of loan Jun 30, 2020","Summer",NA,NA,NA,NA
"ACSM Politehnica Iasi","Liga 2","Romania","2020","Departures","Sorin Șerban","https://www.transfermarkt.com/sorin-serban/profil/spieler/567518","Left-Back","20","Romania","FCSB","SuperLiga","Romania",NA,TRUE,"End of loan Aug 10, 2020","Summer",NA,NA,NA,NA
"ACSM Politehnica Iasi","Liga 2","Romania","2020","Arrivals","Uros Djuranovic","https://www.transfermarkt.com/uros-djuranovic/profil/spieler/387052","Centre-Forward","26","Montenegro","Radnicki Nis","Super liga Srbije","Serbia",0,FALSE,NA,"Winter",15,15,4,1283
"ACSM Politehnica Iasi","Liga 2","Romania","2020","Arrivals","Dylan Flores","https://www.transfermarkt.com/dylan-flores/profil/spieler/131250","Attacking Midfield","27","Costa Rica","LD Alajuelense","Primera División Clausura","Costa Rica",0,FALSE,NA,"Winter",19,12,1,564
"ACSM Politehnica Iasi","Liga 2","Romania","2020","Arrivals","Rafael Acosta","https://www.transfermarkt.com/rafael-acosta/profil/spieler/57958","Central Midfield","31","Venezuela","Unknown",NA,NA,0,FALSE,NA,"Winter",12,8,0,387
"ACSM Politehnica Iasi","Liga 2","Romania","2020","Arrivals","Deyver Vega","https://www.transfermarkt.com/deyver-vega/profil/spieler/131267","Right Winger","28","Costa Rica","Sandefjord","Eliteserien","Norway",0,FALSE,NA,"Winter",16,15,1,706
"ACSM Politehnica Iasi","Liga 2","Romania","2020","Arrivals","Pablo Gaitán","https://www.transfermarkt.com/pablo-gaitan/profil/spieler/296809","Central Midfield","28","Argentina","General Diaz",NA,"Paraguay",NA,FALSE,"?","Winter",24,12,1,641
"ACSM Politehnica Iasi","Liga 2","Romania","2020","Arrivals","Ștefan Cană","https://www.transfermarkt.com/stefan-cana/profil/spieler/568543","Centre-Back","20","Romania","FCSB II",NA,"Romania",NA,TRUE,"loan transfer","Winter",23,8,0,483
"ACSM Politehnica Iasi","Liga 2","Romania","2020","Arrivals","Laurențiu Brănescu","https://www.transfermarkt.com/laurentiu-branescu/profil/spieler/156521","Goalkeeper","26","Romania","Without Club",NA,NA,NA,FALSE,"-","Winter",21,18,0,1504
"ACSM Politehnica Iasi","Liga 2","Romania","2020","Arrivals","Manuel Angiulli","https://www.transfermarkt.com/manuel-angiulli/profil/spieler/263711","Defender","25","Belgium","Without Club",NA,NA,NA,FALSE,"-","Winter",7,3,0,139
"ACSM Politehnica Iasi","Liga 2","Romania","2020","Arrivals","Alexandru Zaharia","https://www.transfermarkt.com/alexandru-zaharia/profil/spieler/537786","Centre-Forward","20","Romania","Aerostar","Liga 2","Romania",NA,TRUE,"End of loan Jan 25, 2021","Winter",20,7,1,218
"ACSM Politehnica Iasi","Liga 2","Romania","2020","Departures","Manuel Angiulli","https://www.transfermarkt.com/manuel-angiulli/profil/spieler/263711","Defender","25","Belgium","MVV Maastricht","Keuken Kampioen Divisie","Netherlands",0,FALSE,NA,"Winter",7,3,0,139
"ACSM Politehnica Iasi","Liga 2","Romania","2020","Departures","Donaldo Acka","https://www.transfermarkt.com/donaldo-acka/profil/spieler/547052","Defensive Midfield","23","Albania","U Cluj","Liga 2","Romania",0,FALSE,NA,"Winter",11,8,0,211
"ACSM Politehnica Iasi","Liga 2","Romania","2020","Departures","Lucas Chacana","https://www.transfermarkt.com/lucas-chacana/profil/spieler/420408","Right Winger","27","Argentina","U Cluj","Liga 2","Romania",0,FALSE,NA,"Winter",9,6,0,171
"ACSM Politehnica Iasi","Liga 2","Romania","2020","Departures","Cătălin Aeroaiei","https://www.transfermarkt.com/catalin-aeroaiei/profil/spieler/394886","Right Midfield","24","Romania","CSM Pascani",NA,"Romania",0,FALSE,NA,"Winter",0,0,0,0
"ACSM Politehnica Iasi","Liga 2","Romania","2020","Departures","Bogdan Balint","https://www.transfermarkt.com/bogdan-balint/profil/spieler/813629","Left-Back","20","Romania","Miroslava",NA,"Romania",0,FALSE,NA,"Winter",4,0,0,0
"ACSM Politehnica Iasi","Liga 2","Romania","2020","Departures","Aleksandru Longher","https://www.transfermarkt.com/aleksandru-longher/profil/spieler/540921","Right Winger","20","Romania","Ac. Clinceni","SuperLiga","Romania",NA,FALSE,"?","Winter",NA,NA,NA,NA
"ACSM Politehnica Iasi","Liga 2","Romania","2020","Departures","Cosmin Saizu","https://www.transfermarkt.com/cosmin-saizu/profil/spieler/837198","Centre-Back","17","Romania","Unirea Slobozia","Liga 2","Romania",NA,TRUE,"loan transfer","Winter",2,1,0,2
"ACSM Politehnica Iasi","Liga 2","Romania","2020","Departures","Denis Ciofu","https://www.transfermarkt.com/denis-ciofu/profil/spieler/871494","Goalkeeper","18","Romania","Unirea Slobozia","Liga 2","Romania",NA,TRUE,"loan transfer","Winter",1,0,0,0
"ACSM Politehnica Iasi","Liga 2","Romania","2020","Departures","Nicandro Breeveld","https://www.transfermarkt.com/nicandro-breeveld/profil/spieler/53222","Defensive Midfield","34","Suriname","Without Club",NA,NA,NA,FALSE,"-","Winter",9,9,0,542
"ACSM Politehnica Iasi","Liga 2","Romania","2020","Departures","Gai Assulin","https://www.transfermarkt.com/gai-assulin/profil/spieler/38412","Left Winger","29","Israel","Without Club",NA,NA,NA,FALSE,"-","Winter",5,2,0,19
"ACSM Politehnica Iasi","Liga 2","Romania","2020","Departures","Andrei Istrate","https://www.transfermarkt.com/andrei-istrate/profil/spieler/568536","Centre-Forward","19","Romania","FCSB II",NA,"Romania",NA,TRUE,"End of loan Jan 1, 2022","Winter",NA,NA,NA,NA
"ACSM Politehnica Iasi","Liga 2","Romania","2020","Departures","Dan Tălmaciu","https://www.transfermarkt.com/dan-talmaciu/profil/spieler/830935","Centre-Back","18","Romania","Dinamo II",NA,"Romania",NA,TRUE,"End of loan Jan 10, 2021","Winter",6,1,0,90
