"team_name","league","country","season","transfer_type","player_name","player_url","player_position","player_age","player_nationality","club_2","league_2","country_2","transfer_fee","is_loan","transfer_notes","window","in_squad","appearances","goals","minutes_played"
"FCSB","SuperLiga","Romania","2023","Arrivals","Siyabonga Ngezana","https://www.transfermarkt.com/siyabonga-ngezana/profil/spieler/445610","Centre-Back","25","South Africa","Kaizer Chiefs","Betway Premiership","South Africa",6e+05,FALSE,NA,"Summer",35,31,1,2631
"FCSB","SuperLiga","Romania","2023","Arrivals","Vlad Chiricheș","https://www.transfermarkt.com/vlad-chiriches/profil/spieler/123261","Defensive Midfield","33","Romania","Cremonese","Serie B","Italy",0,FALSE,NA,"Summer",17,13,0,1010
"FCSB","SuperLiga","Romania","2023","Arrivals","Alexandru Băluță","https://www.transfermarkt.com/alexandru-baluta/profil/spieler/212746","Right Winger","29","Romania","Puskás AFC","NB I.","Hungary",0,FALSE,NA,"Summer",37,36,7,2564
"FCSB","SuperLiga","Romania","2023","Arrivals","Cristian Ganea","https://www.transfermarkt.com/cristian-ganea/profil/spieler/262117","Left-Back","31","Romania","Panathinaikos","Super League 1","Greece",0,FALSE,NA,"Summer",15,8,0,419
"FCSB","SuperLiga","Romania","2023","Arrivals","Damjan Djokovic","https://www.transfermarkt.com/damjan-djokovic/profil/spieler/143039","Central Midfield","33","Croatia","Al-Raed","Saudi Pro League","Saudi Arabia",0,FALSE,NA,"Summer",26,23,4,1387
"FCSB","SuperLiga","Romania","2023","Arrivals","Dorin Rotariu","https://www.transfermarkt.com/dorin-rotariu/profil/spieler/250573","Right Winger","28","Romania","Without Club",NA,NA,NA,FALSE,"-","Summer",10,7,0,311
"FCSB","SuperLiga","Romania","2023","Arrivals","Mihai Udrea","https://www.transfermarkt.com/mihai-udrea/profil/spieler/786187","Goalkeeper","21","Romania","FCSB II",NA,"Romania",NA,FALSE,"-","Summer",16,0,0,0
"FCSB","SuperLiga","Romania","2023","Arrivals","Laurențiu Vlăsceanu","https://www.transfermarkt.com/laurentiu-vlasceanu/profil/spieler/912165","Left-Back","18","Romania","FCSB U18",NA,"Romania",NA,FALSE,"-","Summer",NA,NA,NA,NA
"FCSB","SuperLiga","Romania","2023","Arrivals","Mihai Toma","https://www.transfermarkt.com/mihai-toma/profil/spieler/992820","Left Winger","16","Romania","FCSB U18",NA,"Romania",NA,FALSE,"-","Summer",19,4,0,45
"FCSB","SuperLiga","Romania","2023","Arrivals","Alexandru Musi","https://www.transfermarkt.com/alexandru-musi/profil/spieler/881064","Left Winger","19","Romania","Petrolul","SuperLiga","Romania",NA,TRUE,"End of loan Jun 30, 2024","Summer",NA,NA,NA,NA
"FCSB","SuperLiga","Romania","2023","Arrivals","Valentin Gheorghe","https://www.transfermarkt.com/valentin-gheorghe/profil/spieler/453810","Left Winger","26","Romania","Ümraniyespor","Süper Lig","Türkiye",NA,TRUE,"End of loan Jun 30, 2023","Summer",9,2,0,49
"FCSB","SuperLiga","Romania","2023","Arrivals","Alexandru Musi","https://www.transfermarkt.com/alexandru-musi/profil/spieler/881064","Left Winger","18","Romania","ACSM Poli Iasi","Liga 2","Romania",NA,TRUE,"End of loan Jun 30, 2023","Summer",NA,NA,NA,NA
"FCSB","SuperLiga","Romania","2023","Arrivals","Ovidiu Perianu","https://www.transfermarkt.com/ovidiu-perianu/profil/spieler/623425","Defensive Midfield","21","Romania","Chindia","SuperLiga","Romania",NA,TRUE,"End of loan Jun 30, 2023","Summer",NA,NA,NA,NA
"FCSB","SuperLiga","Romania","2023","Arrivals","Ovidiu Horșia","https://www.transfermarkt.com/ovidiu-horsia/profil/spieler/418223","Right Winger","21","Romania","U. Constanta","Liga 2","Romania",NA,TRUE,"End of loan Aug 31, 2022","Summer",NA,NA,NA,NA
"FCSB","SuperLiga","Romania","2023","Arrivals","Andrei Pandele","https://www.transfermarkt.com/andrei-pandele/profil/spieler/608478","Central Midfield","19","Romania","FC Buzău","Liga 2","Romania",NA,TRUE,"End of loan Jun 30, 2023","Summer",23,8,0,98
"FCSB","SuperLiga","Romania","2023","Arrivals","Ovidiu Horșia","https://www.transfermarkt.com/ovidiu-horsia/profil/spieler/418223","Right Winger","22","Romania","U Cluj","SuperLiga","Romania",NA,TRUE,"End of loan Jun 30, 2023","Summer",NA,NA,NA,NA
"FCSB","SuperLiga","Romania","2023","Departures","Andrei Cordea","https://www.transfermarkt.com/andrei-cordea/profil/spieler/435712","Right Winger","24","Romania","Al-Tai","Saudi Pro League","Saudi Arabia",1320000,FALSE,NA,"Summer",8,8,0,370
"FCSB","SuperLiga","Romania","2023","Departures","Malcom Edjouma","https://www.transfermarkt.com/malcom-edjouma/profil/spieler/468704","Central Midfield","26","Morocco","Bari","Serie B","Italy",2e+05,TRUE,NA,"Summer",7,7,1,173
"FCSB","SuperLiga","Romania","2023","Departures","Iulian Cristea","https://www.transfermarkt.com/iulian-cristea/profil/spieler/331971","Centre-Back","28","Romania","FC Rapid 1923","SuperLiga","Romania",0,FALSE,NA,"Summer",NA,NA,NA,NA
"FCSB","SuperLiga","Romania","2023","Departures","Billel Omrani","https://www.transfermarkt.com/billel-omrani/profil/spieler/131589","Centre-Forward","30","Algeria","Petrolul","SuperLiga","Romania",0,FALSE,NA,"Summer",NA,NA,NA,NA
"FCSB","SuperLiga","Romania","2023","Departures","Joonas Tamm","https://www.transfermarkt.com/joonas-tamm/profil/spieler/111556","Centre-Back","31","Estonia","Botev Plovdiv","efbet Liga","Bulgaria",0,FALSE,NA,"Summer",NA,NA,NA,NA
"FCSB","SuperLiga","Romania","2023","Departures","Valentin Gheorghe","https://www.transfermarkt.com/valentin-gheorghe/profil/spieler/453810","Left Winger","26","Romania","U Cluj","SuperLiga","Romania",0,FALSE,NA,"Summer",9,2,0,49
"FCSB","SuperLiga","Romania","2023","Departures","Răzvan Oaidă","https://www.transfermarkt.com/razvan-oaida/profil/spieler/341141","Defensive Midfield","25","Romania","FC Rapid 1923","SuperLiga","Romania",0,FALSE,NA,"Summer",NA,NA,NA,NA
"FCSB","SuperLiga","Romania","2023","Departures","Sorin Șerban","https://www.transfermarkt.com/sorin-serban/profil/spieler/567518","Left-Back","23","Romania","ACSM Poli Iasi","SuperLiga","Romania",0,FALSE,NA,"Summer",NA,NA,NA,NA
"FCSB","SuperLiga","Romania","2023","Departures","Ovidiu Horșia","https://www.transfermarkt.com/ovidiu-horsia/profil/spieler/418223","Right Winger","22","Romania","Alexandria","Liga 2","Romania",0,FALSE,NA,"Summer",NA,NA,NA,NA
"FCSB","SuperLiga","Romania","2023","Departures","Alexandru Musi","https://www.transfermarkt.com/alexandru-musi/profil/spieler/881064","Left Winger","18","Romania","Petrolul","SuperLiga","Romania",NA,TRUE,"loan transfer","Summer",NA,NA,NA,NA
"FCSB","SuperLiga","Romania","2023","Departures","Ovidiu Perianu","https://www.transfermarkt.com/ovidiu-perianu/profil/spieler/623425","Defensive Midfield","21","Romania","U Cluj","SuperLiga","Romania",NA,TRUE,"loan transfer","Summer",NA,NA,NA,NA
"FCSB","SuperLiga","Romania","2023","Departures","Laurențiu Vlăsceanu","https://www.transfermarkt.com/laurentiu-vlasceanu/profil/spieler/912165","Left-Back","18","Romania","Unirea Slobozia","Liga 2","Romania",NA,TRUE,"loan transfer","Summer",NA,NA,NA,NA
"FCSB","SuperLiga","Romania","2023","Departures","Boban Nikolov","https://www.transfermarkt.com/boban-nikolov/profil/spieler/207625","Central Midfield","28","North Macedonia","Without Club",NA,NA,NA,FALSE,"-","Summer",NA,NA,NA,NA
"FCSB","SuperLiga","Romania","2023","Departures","Deian Sorescu","https://www.transfermarkt.com/deian-sorescu/profil/spieler/379209","Right Winger","25","Romania","Raków","Ekstraklasa","Poland",NA,TRUE,"End of loan Jun 30, 2023","Summer",NA,NA,NA,NA
"FCSB","SuperLiga","Romania","2023","Arrivals","Baba Alhassan","https://www.transfermarkt.com/baba-alhassan/profil/spieler/626899","Centre-Back","23","Ghana","FC Hermannstadt","SuperLiga","Romania",6e+05,FALSE,NA,"Winter",19,17,0,592
"FCSB","SuperLiga","Romania","2023","Arrivals","Luis Phelipe","https://www.transfermarkt.com/luis-phelipe/profil/spieler/673830","Left Winger","22","Brazil","ACSM Poli Iasi","SuperLiga","Romania",2e+05,FALSE,NA,"Winter",12,10,0,446
"FCSB","SuperLiga","Romania","2023","Arrivals","Nana Antwi","https://www.transfermarkt.com/nana-antwi/profil/spieler/608977","Right-Back","23","Ghana","FC Urartu ","Premier League","Armenia",1e+05,FALSE,NA,"Winter",15,9,0,365
"FCSB","SuperLiga","Romania","2023","Arrivals","Dorin Rotariu","https://www.transfermarkt.com/dorin-rotariu/profil/spieler/250573","Right Winger","28","Romania","Without Club",NA,NA,NA,FALSE,"-","Winter",10,7,0,311
"FCSB","SuperLiga","Romania","2023","Arrivals","Ianis Stoica","https://www.transfermarkt.com/ianis-stoica/profil/spieler/547754","Left Winger","21","Romania","U Cluj","SuperLiga","Romania",NA,TRUE,"End of loan Feb 2, 2024","Winter",NA,NA,NA,NA
"FCSB","SuperLiga","Romania","2023","Arrivals","Ovidiu Perianu","https://www.transfermarkt.com/ovidiu-perianu/profil/spieler/623425","Defensive Midfield","21","Romania","U Cluj","SuperLiga","Romania",NA,TRUE,"End of loan Jan 9, 2024","Winter",NA,NA,NA,NA
"FCSB","SuperLiga","Romania","2023","Departures","Ianis Stoica","https://www.transfermarkt.com/ianis-stoica/profil/spieler/547754","Left Winger","21","Romania","FC Hermannstadt","SuperLiga","Romania",5e+05,FALSE,NA,"Winter",NA,NA,NA,NA
"FCSB","SuperLiga","Romania","2023","Departures","Andrea Compagno","https://www.transfermarkt.com/andrea-compagno/profil/spieler/287255","Centre-Forward","27","Italy","TJ Jinmen Tiger","Super League","China",120000,FALSE,NA,"Winter",24,23,4,1301
"FCSB","SuperLiga","Romania","2023","Departures","Cristian Ganea","https://www.transfermarkt.com/cristian-ganea/profil/spieler/262117","Left-Back","31","Romania","FCV Farul","SuperLiga","Romania",0,FALSE,NA,"Winter",15,8,0,419
"FCSB","SuperLiga","Romania","2023","Departures","Damjan Djokovic","https://www.transfermarkt.com/damjan-djokovic/profil/spieler/143039","Central Midfield","33","Croatia","FC Rapid 1923","SuperLiga","Romania",0,FALSE,NA,"Winter",26,23,4,1387
"FCSB","SuperLiga","Romania","2023","Departures","Ovidiu Perianu","https://www.transfermarkt.com/ovidiu-perianu/profil/spieler/623425","Defensive Midfield","21","Romania","FC Buzău","Liga 2","Romania",NA,TRUE,"loan transfer","Winter",NA,NA,NA,NA
"FCSB","SuperLiga","Romania","2023","Departures","Dorin Rotariu","https://www.transfermarkt.com/dorin-rotariu/profil/spieler/250573","Right Winger","28","Romania","Without Club",NA,NA,NA,FALSE,"-","Winter",10,7,0,311
"FC Rapid 1923","SuperLiga","Romania","2023","Arrivals","Albion Rrahmani","https://www.transfermarkt.com/albion-rrahmani/profil/spieler/903706","Centre-Forward","22","Kosovo","FC Ballkani","Superliga e Kosovës","Kosovo",1350000,FALSE,NA,"Summer",26,26,17,2206
"FC Rapid 1923","SuperLiga","Romania","2023","Arrivals","Andrei Borza","https://www.transfermarkt.com/andrei-borza/profil/spieler/723826","Left-Back","17","Romania","FCV Farul","SuperLiga","Romania",8e+05,FALSE,NA,"Summer",35,32,0,2502
"FC Rapid 1923","SuperLiga","Romania","2023","Arrivals","Omar El Sawy","https://www.transfermarkt.com/omar-el-sawy/profil/spieler/863557","Right Winger","19","Romania","FK Csikszereda","Liga 2","Romania",4e+05,FALSE,NA,"Summer",28,7,0,191
"FC Rapid 1923","SuperLiga","Romania","2023","Arrivals","Christopher Braun","https://www.transfermarkt.com/christopher-braun/profil/spieler/82657","Right-Back","31","Germany","CFR Cluj","SuperLiga","Romania",150000,FALSE,NA,"Summer",41,37,0,3111
"FC Rapid 1923","SuperLiga","Romania","2023","Arrivals","Iulian Cristea","https://www.transfermarkt.com/iulian-cristea/profil/spieler/331971","Centre-Back","28","Romania","FCSB","SuperLiga","Romania",0,FALSE,NA,"Summer",38,16,1,1111
"FC Rapid 1923","SuperLiga","Romania","2023","Arrivals","Kévin Soni","https://www.transfermarkt.com/kevin-soni/profil/spieler/353959","Centre-Forward","25","Cameroon","Asteras Aktor","Super League 1","Greece",0,FALSE,NA,"Summer",9,6,0,225
"FC Rapid 1923","SuperLiga","Romania","2023","Arrivals","Răzvan Oaidă","https://www.transfermarkt.com/razvan-oaida/profil/spieler/341141","Defensive Midfield","25","Romania","FCSB","SuperLiga","Romania",0,FALSE,NA,"Summer",38,38,1,2469
"FC Rapid 1923","SuperLiga","Romania","2023","Arrivals","Borja Valle","https://www.transfermarkt.com/borja-valle/profil/spieler/176067","Centre-Forward","30","Spain","FC Cartagena","LaLiga2","Spain",0,FALSE,NA,"Summer",21,19,1,1119
"FC Rapid 1923","SuperLiga","Romania","2023","Arrivals","Claudiu Micovschi","https://www.transfermarkt.com/claudiu-micovschi/profil/spieler/319231","Left Winger","24","Romania","Avellino","Serie C - C","Italy",0,FALSE,NA,"Summer",NA,NA,NA,NA
"FC Rapid 1923","SuperLiga","Romania","2023","Arrivals","Claudiu Petrila","https://www.transfermarkt.com/claudiu-petrila/profil/spieler/623424","Left Winger","22","Romania","CFR Cluj","SuperLiga","Romania",NA,TRUE,"loan transfer","Summer",29,29,6,1651
"FC Rapid 1923","SuperLiga","Romania","2023","Arrivals","Cătălin Cîrjan","https://www.transfermarkt.com/catalin-cirjan/profil/spieler/575219","Central Midfield","20","Romania","Arsenal U21","Premier League 2","England",NA,TRUE,"loan transfer","Summer",43,19,0,787
"FC Rapid 1923","SuperLiga","Romania","2023","Arrivals","Alexandru Stan","https://www.transfermarkt.com/alexandru-stan/profil/spieler/1088535","Centre-Forward","17","Romania","Rapid 1923 U18",NA,"Romania",NA,FALSE,"-","Summer",10,5,0,191
"FC Rapid 1923","SuperLiga","Romania","2023","Arrivals","Codruț Sandu","https://www.transfermarkt.com/codrut-sandu/profil/spieler/937038","Goalkeeper","17","Romania","Rapid 1923 U18",NA,"Romania",NA,FALSE,"-","Summer",NA,NA,NA,NA
"FC Rapid 1923","SuperLiga","Romania","2023","Arrivals","Andrei Ciobanu","https://www.transfermarkt.com/andrei-ciobanu/profil/spieler/340980","Central Midfield","25","Romania","ACSM Poli Iasi","SuperLiga","Romania",NA,TRUE,"End of loan Jan 4, 2024","Summer",NA,NA,NA,NA
"FC Rapid 1923","SuperLiga","Romania","2023","Arrivals","Albert Stahl","https://www.transfermarkt.com/albert-stahl/profil/spieler/478022","Right Winger","24","Romania","UTA Arad","SuperLiga","Romania",NA,TRUE,"End of loan Jun 30, 2023","Summer",NA,NA,NA,NA
"FC Rapid 1923","SuperLiga","Romania","2023","Arrivals","Enrichi Finica","https://www.transfermarkt.com/enrichi-finica/profil/spieler/603089","Left-Back","20","Romania","ACSM Poli Iasi","Liga 2","Romania",NA,TRUE,"End of loan Jun 30, 2023","Summer",NA,NA,NA,NA
"FC Rapid 1923","SuperLiga","Romania","2023","Arrivals","Alexandru Despa","https://www.transfermarkt.com/alexandru-despa/profil/spieler/909882","Centre-Forward","21","Romania","Progresul Sp.","Liga 2","Romania",NA,TRUE,"End of loan Jun 30, 2023","Summer",NA,NA,NA,NA
"FC Rapid 1923","SuperLiga","Romania","2023","Arrivals","Alin Demici","https://www.transfermarkt.com/alin-demici/profil/spieler/535467","Left-Back","23","Romania","FC Dinamo","Liga 2","Romania",NA,TRUE,"End of loan Jun 30, 2023","Summer",NA,NA,NA,NA
"FC Rapid 1923","SuperLiga","Romania","2023","Arrivals","Antonio Bradu","https://www.transfermarkt.com/antonio-bradu/profil/spieler/865670","Defensive Midfield","21","Romania","Corvinul",NA,"Romania",NA,TRUE,"End of loan Jun 30, 2023","Summer",NA,NA,NA,NA
"FC Rapid 1923","SuperLiga","Romania","2023","Departures","Marko Dugandzic","https://www.transfermarkt.com/marko-dugandzic/profil/spieler/225961","Centre-Forward","29","Croatia","Al-Tai","Saudi Pro League","Saudi Arabia",2e+06,FALSE,NA,"Summer",7,7,6,586
"FC Rapid 1923","SuperLiga","Romania","2023","Departures","Antonio Sefer","https://www.transfermarkt.com/antonio-sefer/profil/spieler/376571","Right Winger","23","Romania","H. Beer Sheva","Ligat ha'Al","Israel",5e+05,FALSE,NA,"Summer",NA,NA,NA,NA
"FC Rapid 1923","SuperLiga","Romania","2023","Departures","Valentin Costache","https://www.transfermarkt.com/valentin-costache/profil/spieler/341391","Left Winger","25","Romania","Apol. Limassol","Cyprus League","Cyprus",1e+05,FALSE,NA,"Summer",5,3,0,88
"FC Rapid 1923","SuperLiga","Romania","2023","Departures","Antonio Bradu","https://www.transfermarkt.com/antonio-bradu/profil/spieler/865670","Defensive Midfield","21","Romania","Corvinul","Liga 2","Romania",15000,FALSE,NA,"Summer",NA,NA,NA,NA
"FC Rapid 1923","SuperLiga","Romania","2023","Departures","Ljuban Crepulja","https://www.transfermarkt.com/ljuban-crepulja/profil/spieler/238474","Defensive Midfield","29","Croatia","FC Voluntari","SuperLiga","Romania",0,FALSE,NA,"Summer",NA,NA,NA,NA
"FC Rapid 1923","SuperLiga","Romania","2023","Departures","Claudiu Belu","https://www.transfermarkt.com/claudiu-belu/profil/spieler/208716","Right-Back","29","Romania","ACSM Poli Iasi","SuperLiga","Romania",0,FALSE,NA,"Summer",NA,NA,NA,NA
"FC Rapid 1923","SuperLiga","Romania","2023","Departures","Albert Stahl","https://www.transfermarkt.com/albert-stahl/profil/spieler/478022","Right Winger","24","Romania","UTA Arad","SuperLiga","Romania",0,FALSE,NA,"Summer",NA,NA,NA,NA
"FC Rapid 1923","SuperLiga","Romania","2023","Departures","Enrichi Finica","https://www.transfermarkt.com/enrichi-finica/profil/spieler/603089","Left-Back","20","Romania","Alexandria","Liga 2","Romania",0,FALSE,NA,"Summer",NA,NA,NA,NA
"FC Rapid 1923","SuperLiga","Romania","2023","Departures","Damien Dussaut","https://www.transfermarkt.com/damien-dussaut/profil/spieler/205533","Right-Back","28","Martinique","FCV Farul","SuperLiga","Romania",0,FALSE,NA,"Summer",NA,NA,NA,NA
"FC Rapid 1923","SuperLiga","Romania","2023","Departures","Alexandru Despa","https://www.transfermarkt.com/alexandru-despa/profil/spieler/909882","Centre-Forward","21","Romania","CS Tunari","Liga 2","Romania",0,FALSE,NA,"Summer",NA,NA,NA,NA
"FC Rapid 1923","SuperLiga","Romania","2023","Departures","David Iordache","https://www.transfermarkt.com/david-iordache/profil/spieler/1035750","Attacking Midfield","18","Romania","Cetatea Tr. M.",NA,"Romania",0,FALSE,NA,"Summer",NA,NA,NA,NA
"FC Rapid 1923","SuperLiga","Romania","2023","Departures","Alin Demici","https://www.transfermarkt.com/alin-demici/profil/spieler/535467","Left-Back","23","Romania","CS Dinamo Buc.",NA,"Romania",0,FALSE,NA,"Summer",NA,NA,NA,NA
"FC Rapid 1923","SuperLiga","Romania","2023","Departures","Florin Ștefan","https://www.transfermarkt.com/florin-stefan/profil/spieler/320637","Left-Back","27","Romania","Sepsi OSK","SuperLiga","Romania",NA,FALSE,"?","Summer",NA,NA,NA,NA
"FC Rapid 1923","SuperLiga","Romania","2023","Departures","Júnior Morais","https://www.transfermarkt.com/junior-morais/profil/spieler/125069","Left-Back","37","Brazil","Gaziantep FK","Süper Lig","Türkiye",NA,FALSE,"?","Summer",6,1,0,46
"FC Rapid 1923","SuperLiga","Romania","2023","Departures","Andrei Ciobanu","https://www.transfermarkt.com/andrei-ciobanu/profil/spieler/340980","Central Midfield","25","Romania","ACSM Poli Iasi","SuperLiga","Romania",NA,TRUE,"loan transfer","Summer",NA,NA,NA,NA
"FC Rapid 1923","SuperLiga","Romania","2023","Departures","Claudiu Micovschi","https://www.transfermarkt.com/claudiu-micovschi/profil/spieler/319231","Left Winger","24","Romania","UTA Arad","SuperLiga","Romania",NA,TRUE,"loan transfer","Summer",NA,NA,NA,NA
"FC Rapid 1923","SuperLiga","Romania","2023","Departures","Cristian Ignat","https://www.transfermarkt.com/cristian-ignat/profil/spieler/716054","Centre-Back","20","Romania","CS Mioveni","Liga 2","Romania",NA,TRUE,"loan transfer","Summer",NA,NA,NA,NA
"FC Rapid 1923","SuperLiga","Romania","2023","Departures","Alexandru Crivac","https://www.transfermarkt.com/alexandru-crivac/profil/spieler/568577","Defensive Midfield","21","Romania","Progresul Sp.","Liga 2","Romania",NA,TRUE,"loan transfer","Summer",NA,NA,NA,NA
"FC Rapid 1923","SuperLiga","Romania","2023","Departures","Codruț Sandu","https://www.transfermarkt.com/codrut-sandu/profil/spieler/937038","Goalkeeper","17","Romania","LPSHD Clinceni",NA,"Romania",NA,TRUE,"loan transfer","Summer",NA,NA,NA,NA
"FC Rapid 1923","SuperLiga","Romania","2023","Departures","Antonio Dumitrescu","https://www.transfermarkt.com/antonio-dumitrescu/profil/spieler/967399","Right Winger","20","Romania","Gloria Baneasa",NA,"Romania",NA,TRUE,"loan transfer","Summer",NA,NA,NA,NA
"FC Rapid 1923","SuperLiga","Romania","2023","Departures","Hervin Ongenda","https://www.transfermarkt.com/hervin-ongenda/profil/spieler/182910","Attacking Midfield","28","France","Without Club",NA,NA,NA,FALSE,"-","Summer",NA,NA,NA,NA
"FC Rapid 1923","SuperLiga","Romania","2023","Departures","Kevin Brobbey","https://www.transfermarkt.com/kevin-brobbey/profil/spieler/187290","Centre-Forward","29","Netherlands","Without Club",NA,NA,NA,FALSE,"-","Summer",NA,NA,NA,NA
"FC Rapid 1923","SuperLiga","Romania","2023","Departures","Younes Bnou Marzouk","https://www.transfermarkt.com/younes-bnou-marzouk/profil/spieler/265573","Centre-Forward","27","Morocco","Without Club",NA,NA,NA,FALSE,"-","Summer",NA,NA,NA,NA
"FC Rapid 1923","SuperLiga","Romania","2023","Departures","Nicolae Carnat","https://www.transfermarkt.com/nicolae-carnat/profil/spieler/341140","Right Winger","24","Romania","CFR Cluj","SuperLiga","Romania",NA,TRUE,"End of loan Jun 30, 2022","Summer",NA,NA,NA,NA
"FC Rapid 1923","SuperLiga","Romania","2023","Arrivals","Ermal Krasniqi","https://www.transfermarkt.com/ermal-krasniqi/profil/spieler/606893","Left Winger","25","Kosovo","CFR Cluj","SuperLiga","Romania",1e+06,FALSE,NA,"Winter",17,17,6,1263
"FC Rapid 1923","SuperLiga","Romania","2023","Arrivals","Claudiu Petrila","https://www.transfermarkt.com/claudiu-petrila/profil/spieler/623424","Left Winger","23","Romania","CFR Cluj","SuperLiga","Romania",750000,FALSE,NA,"Winter",29,29,6,1651
"FC Rapid 1923","SuperLiga","Romania","2023","Arrivals","Borisav Burmaz","https://www.transfermarkt.com/borisav-burmaz/profil/spieler/574658","Centre-Forward","22","Serbia","Vozdovac","Super liga Srbije","Serbia",4e+05,FALSE,NA,"Winter",19,19,7,795
"FC Rapid 1923","SuperLiga","Romania","2023","Arrivals","Marian Aioani","https://www.transfermarkt.com/marian-aioani/profil/spieler/426724","Goalkeeper","24","Romania","FCV Farul","SuperLiga","Romania",4e+05,FALSE,NA,"Winter",14,14,0,1215
"FC Rapid 1923","SuperLiga","Romania","2023","Arrivals","Cătălin Vulturar","https://www.transfermarkt.com/catalin-vulturar/profil/spieler/710079","Defensive Midfield","19","Romania","Lecce U20","Primavera 1","Italy",4e+05,FALSE,NA,"Winter",NA,NA,NA,NA
"FC Rapid 1923","SuperLiga","Romania","2023","Arrivals","Florent Hasani","https://www.transfermarkt.com/florent-hasani/profil/spieler/497188","Attacking Midfield","26","Kosovo","KF Tirana","Kategoria Superiore","Albania",3e+05,FALSE,NA,"Winter",19,17,0,832
"FC Rapid 1923","SuperLiga","Romania","2023","Arrivals","Damjan Djokovic","https://www.transfermarkt.com/damjan-djokovic/profil/spieler/143039","Central Midfield","33","Croatia","FCSB","SuperLiga","Romania",0,FALSE,NA,"Winter",12,10,1,662
"FC Rapid 1923","SuperLiga","Romania","2023","Arrivals","Jakub Hromada","https://www.transfermarkt.com/jakub-hromada/profil/spieler/186380","Defensive Midfield","27","Slovakia","Slavia Prague","Chance Liga","Czech Republic",NA,TRUE,"loan transfer","Winter",11,8,1,435
"FC Rapid 1923","SuperLiga","Romania","2023","Arrivals","Juvhel Tsoumou","https://www.transfermarkt.com/juvhel-tsoumou/profil/spieler/42485","Centre-Forward","32","Congo","Without Club",NA,NA,NA,FALSE,"-","Winter",6,4,0,76
"FC Rapid 1923","SuperLiga","Romania","2023","Arrivals","Robert Bădescu","https://www.transfermarkt.com/robert-badescu/profil/spieler/912091","Left-Back","18","Romania","Rapid 1923 U18",NA,"Romania",NA,FALSE,"-","Winter",21,5,1,385
"FC Rapid 1923","SuperLiga","Romania","2023","Arrivals","Bogdan Ungureanu","https://www.transfermarkt.com/bogdan-ungureanu/profil/spieler/1008258","Goalkeeper","16","Romania","Rapid 1923 U18",NA,"Romania",NA,FALSE,"-","Winter",5,4,0,360
"FC Rapid 1923","SuperLiga","Romania","2023","Arrivals","Rareș Stanciu","https://www.transfermarkt.com/rares-stanciu/profil/spieler/1239789","Attacking Midfield","19","Romania","Rapid 1923 U18",NA,"Romania",NA,FALSE,"-","Winter",NA,NA,NA,NA
"FC Rapid 1923","SuperLiga","Romania","2023","Departures","Horațiu Moldovan","https://www.transfermarkt.com/horatiu-moldovan/profil/spieler/525438","Goalkeeper","26","Romania","Atlético Madrid","LaLiga","Spain",8e+05,FALSE,NA,"Winter",25,23,0,2070
"FC Rapid 1923","SuperLiga","Romania","2023","Departures","Alexandru Ioniță","https://www.transfermarkt.com/alexandru-ionita/profil/spieler/209664","Attacking Midfield","29","Romania","YN Yukun","League One","China",50000,FALSE,NA,"Winter",29,20,5,931
"FC Rapid 1923","SuperLiga","Romania","2023","Departures","Borja Valle","https://www.transfermarkt.com/borja-valle/profil/spieler/176067","Centre-Forward","31","Spain","Ponferradina","Primera Federación - Gr. I","Spain",0,FALSE,NA,"Winter",21,19,1,1119
"FC Rapid 1923","SuperLiga","Romania","2023","Departures","Andrei Ciobanu","https://www.transfermarkt.com/andrei-ciobanu/profil/spieler/340980","Central Midfield","25","Romania","FC Voluntari","SuperLiga","Romania",0,FALSE,NA,"Winter",NA,NA,NA,NA
"FC Rapid 1923","SuperLiga","Romania","2023","Departures","Juvhel Tsoumou","https://www.transfermarkt.com/juvhel-tsoumou/profil/spieler/42485","Centre-Forward","33","Congo","Police Tero FC","Thai League","Thailand",0,FALSE,NA,"Winter",6,4,0,76
"FC Rapid 1923","SuperLiga","Romania","2023","Departures","Kévin Soni","https://www.transfermarkt.com/kevin-soni/profil/spieler/353959","Centre-Forward","25","Cameroon","H. Jerusalem","Ligat ha'Al","Israel",NA,TRUE,"loan transfer","Winter",9,6,0,225
"FC Rapid 1923","SuperLiga","Romania","2023","Departures","Ștefan Pănoiu","https://www.transfermarkt.com/stefan-panoiu/profil/spieler/710063","Right Winger","21","Romania","U Cluj","SuperLiga","Romania",NA,TRUE,"loan transfer","Winter",22,15,1,346
"FC Rapid 1923","SuperLiga","Romania","2023","Departures","Cătălin Vulturar","https://www.transfermarkt.com/catalin-vulturar/profil/spieler/710079","Defensive Midfield","19","Romania","UTA Arad","SuperLiga","Romania",NA,TRUE,"loan transfer","Winter",NA,NA,NA,NA
"FC Rapid 1923","SuperLiga","Romania","2023","Departures","Alexandru Stan","https://www.transfermarkt.com/alexandru-stan/profil/spieler/1088535","Centre-Forward","18","Romania","CS Mioveni","Liga 2","Romania",NA,TRUE,"loan transfer","Winter",10,5,0,191
"FC Rapid 1923","SuperLiga","Romania","2023","Departures","Rareș Stanciu","https://www.transfermarkt.com/rares-stanciu/profil/spieler/1239789","Attacking Midfield","19","Romania","CS Tunari","Liga 2","Romania",NA,TRUE,"loan transfer","Winter",NA,NA,NA,NA
"FC Rapid 1923","SuperLiga","Romania","2023","Departures","Claudiu Petrila","https://www.transfermarkt.com/claudiu-petrila/profil/spieler/623424","Left Winger","23","Romania","CFR Cluj","SuperLiga","Romania",NA,TRUE,"End of loan Feb 14, 2024","Winter",29,29,6,1651
"FCV Farul Constanta","SuperLiga","Romania","2023","Arrivals","Narek Grigoryan","https://www.transfermarkt.com/narek-grigoryan/profil/spieler/545546","Right Winger","22","Armenia","FC Urartu ","Premier League","Armenia",250000,FALSE,NA,"Summer",21,20,0,983
"FCV Farul Constanta","SuperLiga","Romania","2023","Arrivals","Marco Borgnino","https://www.transfermarkt.com/marco-borgnino/profil/spieler/458171","Attacking Midfield","25","Argentina","Atl. Rafaela","Primera Nacional","Argentina",1e+05,FALSE,NA,"Summer",14,13,0,635
"FCV Farul Constanta","SuperLiga","Romania","2023","Arrivals","Amine Benchaib","https://www.transfermarkt.com/amine-benchaib/profil/spieler/503855","Attacking Midfield","25","Belgium","CS Mioveni","Liga 2","Romania",0,FALSE,NA,"Summer",10,6,1,228
"FCV Farul Constanta","SuperLiga","Romania","2023","Arrivals","Constantin Budescu","https://www.transfermarkt.com/constantin-budescu/profil/spieler/164233","Attacking Midfield","34","Romania","Petrolul","SuperLiga","Romania",0,FALSE,NA,"Summer",31,29,8,1962
"FCV Farul Constanta","SuperLiga","Romania","2023","Arrivals","Rivaldinho","https://www.transfermarkt.com/rivaldinho/profil/spieler/313968","Centre-Forward","28","Brazil","CS U Craiova","SuperLiga","Romania",0,FALSE,NA,"Summer",48,46,8,2195
"FCV Farul Constanta","SuperLiga","Romania","2023","Arrivals","Diogo Queirós","https://www.transfermarkt.com/diogo-queiros/profil/spieler/357148","Centre-Back","24","Portugal","Famalicão","Liga Portugal","Portugal",0,FALSE,NA,"Summer",47,34,2,1834
"FCV Farul Constanta","SuperLiga","Romania","2023","Arrivals","Nicolae Carnat","https://www.transfermarkt.com/nicolae-carnat/profil/spieler/341140","Right Winger","25","Romania","CS Mioveni","Liga 2","Romania",0,FALSE,NA,"Summer",9,5,1,268
"FCV Farul Constanta","SuperLiga","Romania","2023","Arrivals","Gustavo Costa","https://www.transfermarkt.com/gustavo-costa/profil/spieler/373089","Attacking Midfield","28","Brazil","Al-Khor SC","Qatari Second Division","Qatar",0,FALSE,NA,"Summer",10,4,0,221
"FCV Farul Constanta","SuperLiga","Romania","2023","Arrivals","Fábio Vianna","https://www.transfermarkt.com/fabio-vianna/profil/spieler/671648","Left-Back","24","Portugal","FC Arges","Liga 2","Romania",0,FALSE,NA,"Summer",9,5,0,263
"FCV Farul Constanta","SuperLiga","Romania","2023","Arrivals","Zorhan Bassong","https://www.transfermarkt.com/zorhan-bassong/profil/spieler/531835","Left-Back","24","Canada","FC Arges","Liga 2","Romania",0,FALSE,NA,"Summer",4,2,0,115
"FCV Farul Constanta","SuperLiga","Romania","2023","Arrivals","Ionuț Vînă","https://www.transfermarkt.com/ionut-vina/profil/spieler/208828","Central Midfield","28","Romania","CS U Craiova","SuperLiga","Romania",0,FALSE,NA,"Summer",45,37,2,2387
"FCV Farul Constanta","SuperLiga","Romania","2023","Arrivals","Damien Dussaut","https://www.transfermarkt.com/damien-dussaut/profil/spieler/205533","Right-Back","28","Martinique","FC Rapid 1923","SuperLiga","Romania",0,FALSE,NA,"Summer",41,32,0,1909
"FCV Farul Constanta","SuperLiga","Romania","2023","Arrivals","David Dincă","https://www.transfermarkt.com/david-dinca/profil/spieler/709668","Goalkeeper","19","Romania","FCV Farul II",NA,"Romania",NA,FALSE,"-","Summer",NA,NA,NA,NA
"FCV Farul Constanta","SuperLiga","Romania","2023","Arrivals","Valentin Dumitrache","https://www.transfermarkt.com/valentin-dumitrache/profil/spieler/909053","Centre-Forward","20","Romania","FCV Farul II",NA,"Romania",NA,FALSE,"-","Summer",4,3,0,128
"FCV Farul Constanta","SuperLiga","Romania","2023","Arrivals","Alex Georgescu","https://www.transfermarkt.com/alex-georgescu/profil/spieler/547855","Right-Back","21","Romania","FCV Farul II",NA,"Romania",NA,FALSE,"-","Summer",NA,NA,NA,NA
"FCV Farul Constanta","SuperLiga","Romania","2023","Arrivals","Gabriel Dănuleasă","https://www.transfermarkt.com/gabriel-danuleasa/profil/spieler/666434","Centre-Back","20","Romania","FCV Farul II",NA,"Romania",NA,FALSE,"-","Summer",25,11,0,400
"FCV Farul Constanta","SuperLiga","Romania","2023","Arrivals","Bogdan Lazăr","https://www.transfermarkt.com/bogdan-lazar/profil/spieler/608476","Centre-Back","20","Romania","FCV Farul II",NA,"Romania",NA,FALSE,"-","Summer",NA,NA,NA,NA
"FCV Farul Constanta","SuperLiga","Romania","2023","Arrivals","Iustin Doicaru","https://www.transfermarkt.com/iustin-doicaru/profil/spieler/1050693","Right Winger","16","Romania","FCV Farul U18",NA,"Romania",NA,FALSE,"-","Summer",7,4,0,162
"FCV Farul Constanta","SuperLiga","Romania","2023","Arrivals","Horia Marin","https://www.transfermarkt.com/horia-marin/profil/spieler/1012415","Centre-Back","19","Romania","FCV Farul II",NA,"Romania",NA,FALSE,"-","Summer",NA,NA,NA,NA
"FCV Farul Constanta","SuperLiga","Romania","2023","Arrivals","Robert Băceanu","https://www.transfermarkt.com/robert-baceanu/profil/spieler/926826","Centre-Forward","18","Romania","FCV Farul II",NA,"Romania",NA,FALSE,"-","Summer",NA,NA,NA,NA
"FCV Farul Constanta","SuperLiga","Romania","2023","Arrivals","David Maftei","https://www.transfermarkt.com/david-maftei/profil/spieler/731518","Right-Back","18","Romania","Unirea Dej","Liga 2","Romania",NA,TRUE,"End of loan Jun 30, 2023","Summer",NA,NA,NA,NA
"FCV Farul Constanta","SuperLiga","Romania","2023","Arrivals","Gabriel Nedelea","https://www.transfermarkt.com/gabriel-nedelea/profil/spieler/464280","Left-Back","23","Romania","Otelul Galati","SuperLiga","Romania",NA,TRUE,"End of loan Aug 17, 2023","Summer",NA,NA,NA,NA
"FCV Farul Constanta","SuperLiga","Romania","2023","Arrivals","Florian Haită","https://www.transfermarkt.com/florian-haita/profil/spieler/675514","Right Winger","22","Romania","U Cluj","SuperLiga","Romania",NA,TRUE,"End of loan Jun 30, 2023","Summer",NA,NA,NA,NA
"FCV Farul Constanta","SuperLiga","Romania","2023","Arrivals","Ștefan Bodișteanu","https://www.transfermarkt.com/stefan-bodisteanu/profil/spieler/608448","Left Winger","20","Moldova","CSA Steaua","Liga 2","Romania",NA,TRUE,"End of loan Jun 30, 2023","Summer",NA,NA,NA,NA
"FCV Farul Constanta","SuperLiga","Romania","2023","Arrivals","Gabriel Buta","https://www.transfermarkt.com/gabriel-buta/profil/spieler/724115","Centre-Back","21","Romania","Unirea Dej","Liga 2","Romania",NA,TRUE,"End of loan Jun 30, 2023","Summer",NA,NA,NA,NA
"FCV Farul Constanta","SuperLiga","Romania","2023","Arrivals","Ionuț Cojocaru","https://www.transfermarkt.com/ionut-cojocaru/profil/spieler/901511","Left Winger","20","Romania","Petrolul","SuperLiga","Romania",NA,TRUE,"End of loan Sep 5, 2023","Summer",17,11,4,514
"FCV Farul Constanta","SuperLiga","Romania","2023","Arrivals","Răzvan Matiș","https://www.transfermarkt.com/razvan-matis/profil/spieler/547785","Left Winger","22","Romania","Unirea Dej","Liga 2","Romania",NA,TRUE,"End of loan Jun 30, 2023","Summer",NA,NA,NA,NA
"FCV Farul Constanta","SuperLiga","Romania","2023","Arrivals","Denis Bujor","https://www.transfermarkt.com/denis-bujor/profil/spieler/731524","Right Winger","18","Romania","Unirea Slobozia","Liga 2","Romania",NA,TRUE,"End of loan Jun 30, 2023","Summer",NA,NA,NA,NA
"FCV Farul Constanta","SuperLiga","Romania","2023","Arrivals","Robert Mustacă","https://www.transfermarkt.com/robert-mustaca/profil/spieler/728521","Right Winger","20","Romania","Unirea Slobozia","Liga 2","Romania",NA,TRUE,"End of loan Jun 30, 2023","Summer",NA,NA,NA,NA
"FCV Farul Constanta","SuperLiga","Romania","2023","Arrivals","Răzvan Tănasă","https://www.transfermarkt.com/razvan-tanasa/profil/spieler/798248","Left Winger","19","Romania","Gloria Bistrita",NA,"Romania",NA,TRUE,"End of loan Dec 31, 2022","Summer",NA,NA,NA,NA
"FCV Farul Constanta","SuperLiga","Romania","2023","Arrivals","Antonio Vlad","https://www.transfermarkt.com/antonio-vlad/profil/spieler/547817","Centre-Back","22","Romania","Corvinul",NA,"Romania",NA,TRUE,"End of loan Jun 30, 2023","Summer",NA,NA,NA,NA
"FCV Farul Constanta","SuperLiga","Romania","2023","Departures","Andrei Borza","https://www.transfermarkt.com/andrei-borza/profil/spieler/723826","Left-Back","17","Romania","FC Rapid 1923","SuperLiga","Romania",8e+05,FALSE,NA,"Summer",6,6,0,483
"FCV Farul Constanta","SuperLiga","Romania","2023","Departures","Denis Alibec","https://www.transfermarkt.com/denis-alibec/profil/spieler/81396","Centre-Forward","32","Romania","Muaither SC","Stars League","Qatar",0,FALSE,NA,"Summer",6,6,3,558
"FCV Farul Constanta","SuperLiga","Romania","2023","Departures","Vlad Morar","https://www.transfermarkt.com/vlad-morar/profil/spieler/186031","Centre-Forward","30","Romania","Niki Volou","Super League 2","Greece",0,FALSE,NA,"Summer",NA,NA,NA,NA
"FCV Farul Constanta","SuperLiga","Romania","2023","Departures","Nicolae Carnat","https://www.transfermarkt.com/nicolae-carnat/profil/spieler/341140","Right Winger","25","Romania","FC Voluntari","SuperLiga","Romania",0,FALSE,NA,"Summer",9,5,1,268
"FCV Farul Constanta","SuperLiga","Romania","2023","Departures","Rolandas Baravykas","https://www.transfermarkt.com/rolandas-baravykas/profil/spieler/221496","Left-Back","27","Lithuania","FA Šiauliai","A Lyga","Lithuania",0,FALSE,NA,"Summer",NA,NA,NA,NA
"FCV Farul Constanta","SuperLiga","Romania","2023","Departures","Florian Haită","https://www.transfermarkt.com/florian-haita/profil/spieler/675514","Right Winger","22","Romania","FC Arges","Liga 2","Romania",0,FALSE,NA,"Summer",NA,NA,NA,NA
"FCV Farul Constanta","SuperLiga","Romania","2023","Departures","Răzvan Matiș","https://www.transfermarkt.com/razvan-matis/profil/spieler/547785","Left Winger","22","Romania","Chindia","Liga 2","Romania",0,FALSE,NA,"Summer",NA,NA,NA,NA
"FCV Farul Constanta","SuperLiga","Romania","2023","Departures","Antonio Vlad","https://www.transfermarkt.com/antonio-vlad/profil/spieler/547817","Centre-Back","22","Romania","Mediaș 2022",NA,"Romania",0,FALSE,NA,"Summer",NA,NA,NA,NA
"FCV Farul Constanta","SuperLiga","Romania","2023","Departures","Kevin Doukoure","https://www.transfermarkt.com/kevin-doukoure/profil/spieler/740191","Central Midfield","24","Cote d'Ivoire","U Cluj","SuperLiga","Romania",NA,FALSE,"?","Summer",2,1,0,20
"FCV Farul Constanta","SuperLiga","Romania","2023","Departures","Fábio Vianna","https://www.transfermarkt.com/fabio-vianna/profil/spieler/671648","Left-Back","24","Portugal","ETO FC Győr ","NB II.","Hungary",NA,FALSE,"?","Summer",9,5,0,263
"FCV Farul Constanta","SuperLiga","Romania","2023","Departures","Mateus Santos","https://www.transfermarkt.com/mateus-santos/profil/spieler/537599","Right Winger","24","Brazil","AE Kifisias","Super League 1","Greece",NA,TRUE,"loan transfer","Summer",5,4,1,151
"FCV Farul Constanta","SuperLiga","Romania","2023","Departures","David Maftei","https://www.transfermarkt.com/david-maftei/profil/spieler/731518","Right-Back","18","Romania","CSA Steaua","Liga 2","Romania",NA,TRUE,"loan transfer","Summer",NA,NA,NA,NA
"FCV Farul Constanta","SuperLiga","Romania","2023","Departures","Gabriel Nedelea","https://www.transfermarkt.com/gabriel-nedelea/profil/spieler/464280","Left-Back","23","Romania","Alexandria","Liga 2","Romania",NA,TRUE,"loan transfer","Summer",NA,NA,NA,NA
"FCV Farul Constanta","SuperLiga","Romania","2023","Departures","David Dincă","https://www.transfermarkt.com/david-dinca/profil/spieler/709668","Goalkeeper","19","Romania","Slatina","Liga 2","Romania",NA,TRUE,"loan transfer","Summer",NA,NA,NA,NA
"FCV Farul Constanta","SuperLiga","Romania","2023","Departures","Ștefan Bodișteanu","https://www.transfermarkt.com/stefan-bodisteanu/profil/spieler/608448","Left Winger","20","Moldova","Otelul Galati","SuperLiga","Romania",NA,TRUE,"loan transfer","Summer",NA,NA,NA,NA
"FCV Farul Constanta","SuperLiga","Romania","2023","Departures","Gabriel Buta","https://www.transfermarkt.com/gabriel-buta/profil/spieler/724115","Centre-Back","21","Romania","FC U Craiova","SuperLiga","Romania",NA,TRUE,"loan transfer","Summer",NA,NA,NA,NA
"FCV Farul Constanta","SuperLiga","Romania","2023","Departures","Cosmin Tucaliuc","https://www.transfermarkt.com/cosmin-tucaliuc/profil/spieler/418234","Attacking Midfield","23","Romania","Concordia","Liga 2","Romania",NA,TRUE,"loan transfer","Summer",NA,NA,NA,NA
"FCV Farul Constanta","SuperLiga","Romania","2023","Departures","Valentin Dumitrache","https://www.transfermarkt.com/valentin-dumitrache/profil/spieler/909053","Centre-Forward","20","Romania","FC Buzău","Liga 2","Romania",NA,TRUE,"loan transfer","Summer",4,3,0,128
"FCV Farul Constanta","SuperLiga","Romania","2023","Departures","Ionuț Cojocaru","https://www.transfermarkt.com/ionut-cojocaru/profil/spieler/901511","Left Winger","19","Romania","Petrolul","SuperLiga","Romania",NA,TRUE,"loan transfer","Summer",17,11,4,514
"FCV Farul Constanta","SuperLiga","Romania","2023","Departures","Denis Bujor","https://www.transfermarkt.com/denis-bujor/profil/spieler/731524","Right Winger","18","Romania","FC Arges","Liga 2","Romania",NA,TRUE,"loan transfer","Summer",NA,NA,NA,NA
"FCV Farul Constanta","SuperLiga","Romania","2023","Departures","Robert Mustacă","https://www.transfermarkt.com/robert-mustaca/profil/spieler/728521","Right Winger","20","Romania","UTA Arad","SuperLiga","Romania",NA,TRUE,"loan transfer","Summer",NA,NA,NA,NA
"FCV Farul Constanta","SuperLiga","Romania","2023","Departures","Robert Mustacă","https://www.transfermarkt.com/robert-mustaca/profil/spieler/728521","Right Winger","20","Romania","FC Voluntari","SuperLiga","Romania",NA,TRUE,"loan transfer","Summer",NA,NA,NA,NA
"FCV Farul Constanta","SuperLiga","Romania","2023","Departures","Bogdan Lazăr","https://www.transfermarkt.com/bogdan-lazar/profil/spieler/608476","Centre-Back","20","Romania","FC Arges","Liga 2","Romania",NA,TRUE,"loan transfer","Summer",NA,NA,NA,NA
"FCV Farul Constanta","SuperLiga","Romania","2023","Departures","Răzvan Tănasă","https://www.transfermarkt.com/razvan-tanasa/profil/spieler/798248","Left Winger","20","Romania","Otelul Galati","SuperLiga","Romania",NA,TRUE,"loan transfer","Summer",NA,NA,NA,NA
"FCV Farul Constanta","SuperLiga","Romania","2023","Departures","Alex Georgescu","https://www.transfermarkt.com/alex-georgescu/profil/spieler/547855","Right-Back","22","Romania","Sp. Rosiori",NA,"Romania",NA,TRUE,"loan transfer","Summer",NA,NA,NA,NA
"FCV Farul Constanta","SuperLiga","Romania","2023","Departures","Horia Marin","https://www.transfermarkt.com/horia-marin/profil/spieler/1012415","Centre-Back","19","Romania","Axiopolis",NA,"Romania",NA,TRUE,"loan transfer","Summer",NA,NA,NA,NA
"FCV Farul Constanta","SuperLiga","Romania","2023","Departures","Robert Băceanu","https://www.transfermarkt.com/robert-baceanu/profil/spieler/926826","Centre-Forward","18","Romania","D. Calarasi",NA,"Romania",NA,TRUE,"loan transfer","Summer",NA,NA,NA,NA
"FCV Farul Constanta","SuperLiga","Romania","2023","Departures","Carlo Casap","https://www.transfermarkt.com/carlo-casap/profil/spieler/340981","Central Midfield","24","Romania","Without Club",NA,NA,NA,FALSE,"-","Summer",11,2,0,57
"FCV Farul Constanta","SuperLiga","Romania","2023","Departures","Zorhan Bassong","https://www.transfermarkt.com/zorhan-bassong/profil/spieler/531835","Left-Back","24","Canada","Without Club",NA,NA,NA,FALSE,"-","Summer",4,2,0,115
"FCV Farul Constanta","SuperLiga","Romania","2023","Arrivals","Ronaldo Deaconu","https://www.transfermarkt.com/ronaldo-deaconu/profil/spieler/271281","Attacking Midfield","26","Romania","Korona Kielce","Ekstraklasa","Poland",0,FALSE,NA,"Winter",16,12,2,758
"FCV Farul Constanta","SuperLiga","Romania","2023","Arrivals","Cristian Ganea","https://www.transfermarkt.com/cristian-ganea/profil/spieler/262117","Left-Back","31","Romania","FCSB","SuperLiga","Romania",0,FALSE,NA,"Winter",18,18,2,1078
"FCV Farul Constanta","SuperLiga","Romania","2023","Arrivals","Carlo Casap","https://www.transfermarkt.com/carlo-casap/profil/spieler/340981","Central Midfield","25","Romania","FC Botosani","SuperLiga","Romania",0,FALSE,NA,"Winter",11,2,0,57
"FCV Farul Constanta","SuperLiga","Romania","2023","Arrivals","Bogdan Lazăr","https://www.transfermarkt.com/bogdan-lazar/profil/spieler/608476","Centre-Back","20","Romania","FC Arges","Liga 2","Romania",NA,FALSE,"-","Winter",NA,NA,NA,NA
"FCV Farul Constanta","SuperLiga","Romania","2023","Arrivals","Vlad Rafailă","https://www.transfermarkt.com/vlad-rafaila/profil/spieler/723823","Goalkeeper","18","Romania","FCV Farul II",NA,"Romania",NA,FALSE,"-","Winter",2,0,0,0
"FCV Farul Constanta","SuperLiga","Romania","2023","Arrivals","Iustin Doicaru","https://www.transfermarkt.com/iustin-doicaru/profil/spieler/1050693","Right Winger","16","Romania","FCV Farul U18",NA,"Romania",NA,FALSE,"-","Winter",7,4,0,162
"FCV Farul Constanta","SuperLiga","Romania","2023","Arrivals","David Dincă","https://www.transfermarkt.com/david-dinca/profil/spieler/709668","Goalkeeper","19","Romania","Slatina","Liga 2","Romania",NA,TRUE,"End of loan Jan 16, 2024","Winter",NA,NA,NA,NA
"FCV Farul Constanta","SuperLiga","Romania","2023","Arrivals","Denis Bujor","https://www.transfermarkt.com/denis-bujor/profil/spieler/731524","Right Winger","19","Romania","FC Arges","Liga 2","Romania",NA,TRUE,"End of loan Jan 19, 2024","Winter",NA,NA,NA,NA
"FCV Farul Constanta","SuperLiga","Romania","2023","Departures","Adrian Mazilu","https://www.transfermarkt.com/adrian-mazilu/profil/spieler/723835","Right Winger","18","Romania","Brighton U21","Premier League 2","England",3e+06,FALSE,NA,"Winter",25,25,2,1550
"FCV Farul Constanta","SuperLiga","Romania","2023","Departures","Enes Sali","https://www.transfermarkt.com/enes-sali/profil/spieler/875252","Left Winger","17","Romania","Dallas","MLS","United States",2780000,FALSE,NA,"Winter",30,16,1,661
"FCV Farul Constanta","SuperLiga","Romania","2023","Departures","Marian Aioani","https://www.transfermarkt.com/marian-aioani/profil/spieler/426724","Goalkeeper","24","Romania","FC Rapid 1923","SuperLiga","Romania",4e+05,FALSE,NA,"Winter",34,27,0,2460
"FCV Farul Constanta","SuperLiga","Romania","2023","Departures","Andrei Artean","https://www.transfermarkt.com/andrei-artean/profil/spieler/241254","Defensive Midfield","30","Romania","Apol. Limassol","Cyprus League","Cyprus",50000,FALSE,NA,"Winter",30,29,3,2485
"FCV Farul Constanta","SuperLiga","Romania","2023","Departures","Marco Borgnino","https://www.transfermarkt.com/marco-borgnino/profil/spieler/458171","Attacking Midfield","26","Argentina","Cobreloa","Liga Primera","Chile",0,FALSE,NA,"Winter",14,13,0,635
"FCV Farul Constanta","SuperLiga","Romania","2023","Departures","Gustavo Costa","https://www.transfermarkt.com/gustavo-costa/profil/spieler/373089","Attacking Midfield","28","Brazil","APO Levadiakos","Super League 2","Greece",0,FALSE,NA,"Winter",10,4,0,221
"FCV Farul Constanta","SuperLiga","Romania","2023","Departures","David Dincă","https://www.transfermarkt.com/david-dinca/profil/spieler/709668","Goalkeeper","19","Romania","Concordia","Liga 2","Romania",NA,TRUE,"loan transfer","Winter",NA,NA,NA,NA
"FCV Farul Constanta","SuperLiga","Romania","2023","Departures","Denis Bujor","https://www.transfermarkt.com/denis-bujor/profil/spieler/731524","Right Winger","19","Romania","Unirea Slobozia","Liga 2","Romania",NA,TRUE,"loan transfer","Winter",NA,NA,NA,NA
"FCV Farul Constanta","SuperLiga","Romania","2023","Departures","Bogdan Lazăr","https://www.transfermarkt.com/bogdan-lazar/profil/spieler/608476","Centre-Back","20","Romania","CSU Alba Iulia",NA,"Romania",NA,TRUE,"loan transfer","Winter",NA,NA,NA,NA
"CFR Cluj","SuperLiga","Romania","2023","Arrivals","Luka Juricic","https://www.transfermarkt.com/luka-juricic/profil/spieler/350759","Centre-Forward","26","Bosnia-Herzegovina","Pyunik Yerevan","Premier League","Armenia",2e+05,FALSE,NA,"Summer",18,18,2,627
"CFR Cluj","SuperLiga","Romania","2023","Arrivals","Vasile Mogoș","https://www.transfermarkt.com/vasile-mogos/profil/spieler/324214","Right-Back","30","Romania","Crotone","Serie C - C","Italy",45000,FALSE,NA,"Summer",43,40,1,3018
"CFR Cluj","SuperLiga","Romania","2023","Arrivals","Ziv Morgan","https://www.transfermarkt.com/ziv-morgan/profil/spieler/466541","Centre-Back","23","Israel","Kiryat Shmona","Liga Leumit","Israel",30000,TRUE,NA,"Summer",25,18,0,955
"CFR Cluj","SuperLiga","Romania","2023","Arrivals","Panagiotis Tachtsidis","https://www.transfermarkt.com/panagiotis-tachtsidis/profil/spieler/62415","Defensive Midfield","32","Greece","Khor Fakkan","UAE Pro League","United Arab Emirates",0,FALSE,NA,"Summer",37,37,7,2665
"CFR Cluj","SuperLiga","Romania","2023","Arrivals","Philip Otele","https://www.transfermarkt.com/philip-otele/profil/spieler/678655","Left Winger","24","Nigeria","UTA Arad","SuperLiga","Romania",0,FALSE,NA,"Summer",45,45,18,3023
"CFR Cluj","SuperLiga","Romania","2023","Arrivals","Cătălin Căbuz","https://www.transfermarkt.com/catalin-cabuz/profil/spieler/315442","Goalkeeper","27","Romania","Chindia","Liga 2","Romania",0,FALSE,NA,"Summer",NA,NA,NA,NA
"CFR Cluj","SuperLiga","Romania","2023","Arrivals","Yevgen Konoplyanka","https://www.transfermarkt.com/yevgen-konoplyanka/profil/spieler/58949","Left Winger","33","Ukraine","Cracovia","Ekstraklasa","Poland",0,FALSE,NA,"Summer",9,4,0,58
"CFR Cluj","SuperLiga","Romania","2023","Arrivals","Arlind Ajeti","https://www.transfermarkt.com/arlind-ajeti/profil/spieler/159288","Centre-Back","29","Albania","Pordenone",NA,"Italy",0,FALSE,NA,"Summer",31,25,3,2109
"CFR Cluj","SuperLiga","Romania","2023","Arrivals","Matija Boben","https://www.transfermarkt.com/matija-boben/profil/spieler/149810","Centre-Back","29","Slovenia","Ternana","Serie B","Italy",0,FALSE,NA,"Summer",27,21,1,1814
"CFR Cluj","SuperLiga","Romania","2023","Arrivals","Isaac Nortey","https://www.transfermarkt.com/isaac-nortey/profil/spieler/807786","Defensive Midfield","23","Ghana","H. Umm al-Fahm","Liga Leumit","Israel",0,FALSE,NA,"Summer",2,1,0,6
"CFR Cluj","SuperLiga","Romania","2023","Arrivals","Matei Ilie","https://www.transfermarkt.com/matei-ilie/profil/spieler/615930","Centre-Back","20","Romania","Padova","Serie C - A","Italy",0,FALSE,NA,"Summer",29,20,1,1491
"CFR Cluj","SuperLiga","Romania","2023","Arrivals","Luca Mihai","https://www.transfermarkt.com/luca-mihai/profil/spieler/608487","Central Midfield","19","Romania","SPAL","Serie C - B","Italy",0,FALSE,NA,"Summer",16,7,0,127
"CFR Cluj","SuperLiga","Romania","2023","Arrivals","Rion Zejnullahu","https://www.transfermarkt.com/rion-zejnullahu/profil/spieler/708375","Left-Back","19","Kosovo","FC Schaffhausen","Challenge League","Switzerland",0,FALSE,NA,"Summer",2,1,0,45
"CFR Cluj","SuperLiga","Romania","2023","Arrivals","Mohamed Diomande","https://www.transfermarkt.com/mohamed-diomande/profil/spieler/1399971","Centre-Back","19","Cote d'Ivoire","Salitas ",NA,"Burkina Faso",0,FALSE,NA,"Summer",NA,NA,NA,NA
"CFR Cluj","SuperLiga","Romania","2023","Arrivals","Josip Mihalic","https://www.transfermarkt.com/josip-mihalic/profil/spieler/945671","Attacking Midfield","20","Croatia","Slaven Belupo","SuperSport HNL","Croatia",NA,FALSE,"?","Summer",NA,NA,NA,NA
"CFR Cluj","SuperLiga","Romania","2023","Arrivals","David Ciubăncan","https://www.transfermarkt.com/david-ciubancan/profil/spieler/1006106","Centre-Forward","18","Romania","ACSM Poli Iasi","SuperLiga","Romania",NA,FALSE,"?","Summer",2,0,0,0
"CFR Cluj","SuperLiga","Romania","2023","Arrivals","Anton Kresic","https://www.transfermarkt.com/anton-kresic/profil/spieler/226080","Centre-Back","27","Croatia","HNK Rijeka","SuperSport HNL","Croatia",NA,TRUE,"loan transfer","Summer",35,33,0,2830
"CFR Cluj","SuperLiga","Romania","2023","Arrivals","Raul Clemeniuc","https://www.transfermarkt.com/raul-clemeniuc/profil/spieler/1142791","Left Winger","17","Romania","FC Bihor",NA,"Romania",NA,TRUE,"loan transfer","Summer",0,0,0,0
"CFR Cluj","SuperLiga","Romania","2023","Arrivals","Durel Avounou","https://www.transfermarkt.com/durel-avounou/profil/spieler/416168","Central Midfield","25","Congo","Without Club",NA,NA,NA,FALSE,"-","Summer",36,32,3,1840
"CFR Cluj","SuperLiga","Romania","2023","Arrivals","George Leață","https://www.transfermarkt.com/george-leata/profil/spieler/975233","Attacking Midfield","19","Romania","CFR Cluj U19",NA,"Romania",NA,FALSE,"-","Summer",NA,NA,NA,NA
"CFR Cluj","SuperLiga","Romania","2023","Arrivals","Ioan Barstan","https://www.transfermarkt.com/ioan-barstan/profil/spieler/1161049","Left Winger","19","Romania","CFR Cluj II",NA,"Romania",NA,FALSE,"-","Summer",NA,NA,NA,NA
"CFR Cluj","SuperLiga","Romania","2023","Arrivals","Alin Ferenți","https://www.transfermarkt.com/alin-ferenti/profil/spieler/1154801","Central Midfield","18","Romania","CFR Cluj II",NA,"Romania",NA,FALSE,"-","Summer",NA,NA,NA,NA
"CFR Cluj","SuperLiga","Romania","2023","Arrivals","Jefté Betancor","https://www.transfermarkt.com/jefte-betancor/profil/spieler/198015","Centre-Forward","29","Spain","Pafos FC","Cyprus League","Cyprus",NA,TRUE,"End of loan Jun 30, 2023","Summer",17,17,2,575
"CFR Cluj","SuperLiga","Romania","2023","Arrivals","Adrian Păun","https://www.transfermarkt.com/adrian-paun/profil/spieler/291656","Central Midfield","28","Romania","H. Beer Sheva","Ligat ha'Al","Israel",NA,TRUE,"End of loan Jun 30, 2023","Summer",NA,NA,NA,NA
"CFR Cluj","SuperLiga","Romania","2023","Arrivals","Nicolae Carnat","https://www.transfermarkt.com/nicolae-carnat/profil/spieler/341140","Right Winger","24","Romania","FC Rapid 1923","SuperLiga","Romania",NA,TRUE,"End of loan Jun 30, 2022","Summer",NA,NA,NA,NA
"CFR Cluj","SuperLiga","Romania","2023","Arrivals","Otto Hindrich","https://www.transfermarkt.com/otto-hindrich/profil/spieler/744075","Goalkeeper","20","Romania","Kisvárda","NB I.","Hungary",NA,TRUE,"End of loan Jun 30, 2023","Summer",45,1,0,90
"CFR Cluj","SuperLiga","Romania","2023","Arrivals","Zé Gomes","https://www.transfermarkt.com/ze-gomes/profil/spieler/342148","Centre-Forward","24","Portugal","U Cluj","SuperLiga","Romania",NA,TRUE,"End of loan Jun 30, 2023","Summer",NA,NA,NA,NA
"CFR Cluj","SuperLiga","Romania","2023","Arrivals","Cătălin Itu","https://www.transfermarkt.com/catalin-itu/profil/spieler/464306","Central Midfield","23","Romania","ACSM Poli Iasi","Liga 2","Romania",NA,TRUE,"End of loan Jun 30, 2023","Summer",NA,NA,NA,NA
"CFR Cluj","SuperLiga","Romania","2023","Arrivals","Sergiu Buș","https://www.transfermarkt.com/sergiu-bus/profil/spieler/123671","Centre-Forward","30","Romania","Chindia","SuperLiga","Romania",NA,TRUE,"End of loan Jun 30, 2023","Summer",NA,NA,NA,NA
"CFR Cluj","SuperLiga","Romania","2023","Arrivals","Ricky Gneba","https://www.transfermarkt.com/ricky-gneba/profil/spieler/976868","Central Midfield","21","Cote d'Ivoire","Minaur","Liga 2","Romania",NA,TRUE,"End of loan Jun 30, 2023","Summer",3,2,0,55
"CFR Cluj","SuperLiga","Romania","2023","Arrivals","Robert Silaghi","https://www.transfermarkt.com/robert-silaghi/profil/spieler/823719","Attacking Midfield","21","Romania","Unirea Slobozia","Liga 2","Romania",NA,TRUE,"End of loan Jun 30, 2023","Summer",1,0,0,0
"CFR Cluj","SuperLiga","Romania","2023","Arrivals","Ionuț Rus","https://www.transfermarkt.com/ionut-rus/profil/spieler/418208","Goalkeeper","23","Romania","Ripensia","Liga 2","Romania",NA,TRUE,"End of loan Jun 30, 2023","Summer",NA,NA,NA,NA
"CFR Cluj","SuperLiga","Romania","2023","Arrivals","Sebastian Serediuc","https://www.transfermarkt.com/sebastian-serediuc/profil/spieler/633092","Centre-Forward","22","Romania","SSU Poli","Liga 2","Romania",NA,TRUE,"End of loan Jun 30, 2022","Summer",NA,NA,NA,NA
"CFR Cluj","SuperLiga","Romania","2023","Arrivals","Denis Rusu","https://www.transfermarkt.com/denis-rusu/profil/spieler/805072","Left Winger","22","Romania","Soimii Lipova",NA,"Romania",NA,TRUE,"End of loan Jun 30, 2023","Summer",NA,NA,NA,NA
"CFR Cluj","SuperLiga","Romania","2023","Arrivals","Gheorghe Gondiu","https://www.transfermarkt.com/gheorghe-gondiu/profil/spieler/635065","Centre-Forward","21","Moldova","Gloria Bistrita",NA,"Romania",NA,TRUE,"End of loan Jun 30, 2023","Summer",0,0,0,0
"CFR Cluj","SuperLiga","Romania","2023","Arrivals","Sergiu Luca","https://www.transfermarkt.com/sergiu-luca/profil/spieler/675504","Defensive Midfield","22","Romania","Gloria Bistrita",NA,"Romania",NA,TRUE,"End of loan Sep 4, 2023","Summer",NA,NA,NA,NA
"CFR Cluj","SuperLiga","Romania","2023","Departures","Nana Boateng","https://www.transfermarkt.com/nana-boateng/profil/spieler/236272","Defensive Midfield","29","Ghana","Jeonbuk Hyundai","K League 1","Korea, South",2e+06,FALSE,NA,"Summer",NA,NA,NA,NA
"CFR Cluj","SuperLiga","Romania","2023","Departures","Simone Scuffet","https://www.transfermarkt.com/simone-scuffet/profil/spieler/238993","Goalkeeper","27","Italy","Cagliari","Serie A","Italy",2e+06,FALSE,NA,"Summer",NA,NA,NA,NA
"CFR Cluj","SuperLiga","Romania","2023","Departures","Emmanuel Yeboah","https://www.transfermarkt.com/emmanuel-yeboah/profil/spieler/1011469","Centre-Forward","20","Ghana","Bröndby IF","Superliga","Denmark",1800000,FALSE,NA,"Summer",5,5,2,296
"CFR Cluj","SuperLiga","Romania","2023","Departures","Andrei Burcă","https://www.transfermarkt.com/andrei-burca/profil/spieler/289308","Centre-Back","30","Romania","Al-Okhdood","Saudi Pro League","Saudi Arabia",1e+06,FALSE,NA,"Summer",NA,NA,NA,NA
"CFR Cluj","SuperLiga","Romania","2023","Departures","Adrian Păun","https://www.transfermarkt.com/adrian-paun/profil/spieler/291656","Central Midfield","28","Romania","H. Beer Sheva","Ligat ha'Al","Israel",5e+05,FALSE,NA,"Summer",NA,NA,NA,NA
"CFR Cluj","SuperLiga","Romania","2023","Departures","Yuri Matias","https://www.transfermarkt.com/yuri-matias/profil/spieler/443612","Centre-Back","28","Brazil","Neftchi PFK","Premyer Liqa","Azerbaijan",4e+05,FALSE,NA,"Summer",NA,NA,NA,NA
"CFR Cluj","SuperLiga","Romania","2023","Departures","Rangelo Janga","https://www.transfermarkt.com/rangelo-janga/profil/spieler/111183","Centre-Forward","31","Curacao","Bnei Sakhnin","Ligat ha'Al","Israel",2e+05,FALSE,NA,"Summer",NA,NA,NA,NA
"CFR Cluj","SuperLiga","Romania","2023","Departures","Christopher Braun","https://www.transfermarkt.com/christopher-braun/profil/spieler/82657","Right-Back","31","Germany","FC Rapid 1923","SuperLiga","Romania",150000,FALSE,NA,"Summer",NA,NA,NA,NA
"CFR Cluj","SuperLiga","Romania","2023","Departures","Bogdan Țîru","https://www.transfermarkt.com/bogdan-tiru/profil/spieler/186744","Centre-Back","29","Romania","Warta Poznan","Ekstraklasa","Poland",150000,FALSE,NA,"Summer",6,2,0,180
"CFR Cluj","SuperLiga","Romania","2023","Departures","Gabriel Debeljuh","https://www.transfermarkt.com/gabriel-debeljuh/profil/spieler/340073","Centre-Forward","26","Croatia","Sepsi OSK","SuperLiga","Romania",0,FALSE,NA,"Summer",NA,NA,NA,NA
"CFR Cluj","SuperLiga","Romania","2023","Departures","Mihai Bordeianu","https://www.transfermarkt.com/mihai-bordeianu/profil/spieler/210059","Central Midfield","31","Romania","U Cluj","SuperLiga","Romania",0,FALSE,NA,"Summer",NA,NA,NA,NA
"CFR Cluj","SuperLiga","Romania","2023","Departures","Karlo Brucic","https://www.transfermarkt.com/karlo-brucic/profil/spieler/115447","Centre-Back","31","Croatia","NK Varazdin","SuperSport HNL","Croatia",0,FALSE,NA,"Summer",NA,NA,NA,NA
"CFR Cluj","SuperLiga","Romania","2023","Departures","Zé Gomes","https://www.transfermarkt.com/ze-gomes/profil/spieler/342148","Centre-Forward","24","Portugal","Ethnikos","Cyprus League","Cyprus",0,FALSE,NA,"Summer",NA,NA,NA,NA
"CFR Cluj","SuperLiga","Romania","2023","Departures","Cătălin Itu","https://www.transfermarkt.com/catalin-itu/profil/spieler/464306","Central Midfield","23","Romania","ACSM Poli Iasi","SuperLiga","Romania",0,FALSE,NA,"Summer",NA,NA,NA,NA
"CFR Cluj","SuperLiga","Romania","2023","Departures","Sergiu Buș","https://www.transfermarkt.com/sergiu-bus/profil/spieler/123671","Centre-Forward","30","Romania","ACSM Poli Iasi","SuperLiga","Romania",0,FALSE,NA,"Summer",NA,NA,NA,NA
"CFR Cluj","SuperLiga","Romania","2023","Departures","Ionuț Rus","https://www.transfermarkt.com/ionut-rus/profil/spieler/418208","Goalkeeper","23","Romania","ACSM Reșița","Liga 2","Romania",0,FALSE,NA,"Summer",NA,NA,NA,NA
"CFR Cluj","SuperLiga","Romania","2023","Departures","Adrian Gîdea","https://www.transfermarkt.com/adrian-gidea/profil/spieler/847618","Central Midfield","23","Romania","Alexandria","Liga 2","Romania",0,FALSE,NA,"Summer",NA,NA,NA,NA
"CFR Cluj","SuperLiga","Romania","2023","Departures","Jean-Claude Billong","https://www.transfermarkt.com/jean-claude-billong/profil/spieler/391192","Centre-Back","29","Cameroon","Muangthong Utd.","Thai League","Thailand",NA,FALSE,"?","Summer",NA,NA,NA,NA
"CFR Cluj","SuperLiga","Romania","2023","Departures","Claudiu Petrila","https://www.transfermarkt.com/claudiu-petrila/profil/spieler/623424","Left Winger","22","Romania","FC Rapid 1923","SuperLiga","Romania",NA,TRUE,"loan transfer","Summer",NA,NA,NA,NA
"CFR Cluj","SuperLiga","Romania","2023","Departures","Cătălin Căbuz","https://www.transfermarkt.com/catalin-cabuz/profil/spieler/315442","Goalkeeper","27","Romania","FC Hermannstadt","SuperLiga","Romania",NA,TRUE,"loan transfer","Summer",NA,NA,NA,NA
"CFR Cluj","SuperLiga","Romania","2023","Departures","Andrei Peteleu","https://www.transfermarkt.com/andrei-peteleu/profil/spieler/192870","Right-Back","31","Romania","U Cluj","SuperLiga","Romania",NA,TRUE,"loan transfer","Summer",1,1,0,10
"CFR Cluj","SuperLiga","Romania","2023","Departures","Ricky Gneba","https://www.transfermarkt.com/ricky-gneba/profil/spieler/976868","Central Midfield","21","Cote d'Ivoire","Chindia","Liga 2","Romania",NA,TRUE,"loan transfer","Summer",3,2,0,55
"CFR Cluj","SuperLiga","Romania","2023","Departures","Josip Mihalic","https://www.transfermarkt.com/josip-mihalic/profil/spieler/945671","Attacking Midfield","20","Croatia","FC Arges","Liga 2","Romania",NA,TRUE,"loan transfer","Summer",NA,NA,NA,NA
"CFR Cluj","SuperLiga","Romania","2023","Departures","Rareș Gal","https://www.transfermarkt.com/rares-gal/profil/spieler/675500","Goalkeeper","22","Romania","CSU Alba Iulia",NA,"Romania",NA,TRUE,"loan transfer","Summer",NA,NA,NA,NA
"CFR Cluj","SuperLiga","Romania","2023","Departures","Mihai Pînzariu","https://www.transfermarkt.com/mihai-pinzariu/profil/spieler/975205","Goalkeeper","18","Romania","FC Bihor",NA,"Romania",NA,TRUE,"loan transfer","Summer",NA,NA,NA,NA
"CFR Cluj","SuperLiga","Romania","2023","Departures","Sergiu Luca","https://www.transfermarkt.com/sergiu-luca/profil/spieler/675504","Defensive Midfield","22","Romania","Avantul Reghin",NA,"Romania",NA,TRUE,"loan transfer","Summer",NA,NA,NA,NA
"CFR Cluj","SuperLiga","Romania","2023","Departures","David Ciubăncan","https://www.transfermarkt.com/david-ciubancan/profil/spieler/1006106","Centre-Forward","19","Romania","Soimii Lipova",NA,"Romania",NA,TRUE,"loan transfer","Summer",2,0,0,0
"CFR Cluj","SuperLiga","Romania","2023","Departures","Ioan Barstan","https://www.transfermarkt.com/ioan-barstan/profil/spieler/1161049","Left Winger","19","Romania","Unirea Ungheni",NA,"Romania",NA,TRUE,"loan transfer","Summer",NA,NA,NA,NA
"CFR Cluj","SuperLiga","Romania","2023","Departures","Alin Ferenți","https://www.transfermarkt.com/alin-ferenti/profil/spieler/1154801","Central Midfield","18","Romania","Gloria Bistrita",NA,"Romania",NA,TRUE,"loan transfer","Summer",NA,NA,NA,NA
"CFR Cluj","SuperLiga","Romania","2023","Departures","Anton Maglica","https://www.transfermarkt.com/anton-maglica/profil/spieler/113192","Centre-Forward","31","Croatia","Without Club",NA,NA,NA,FALSE,"-","Summer",NA,NA,NA,NA
"CFR Cluj","SuperLiga","Romania","2023","Departures","Robert Silaghi","https://www.transfermarkt.com/robert-silaghi/profil/spieler/823719","Attacking Midfield","21","Romania","U Cluj","SuperLiga","Romania",NA,FALSE,"-","Summer",1,0,0,0
"CFR Cluj","SuperLiga","Romania","2023","Departures","Denis Kolinger","https://www.transfermarkt.com/denis-kolinger/profil/spieler/90725","Centre-Back","29","Croatia","Vejle BK","Superliga","Denmark",NA,TRUE,"End of loan Jun 30, 2023","Summer",NA,NA,NA,NA
"CFR Cluj","SuperLiga","Romania","2023","Arrivals","Peter Michael","https://www.transfermarkt.com/peter-michael/profil/spieler/569955","Centre-Forward","25","Nigeria","VPS","Veikkausliiga","Finland",3e+05,FALSE,NA,"Winter",19,18,1,603
"CFR Cluj","SuperLiga","Romania","2023","Arrivals","Kader Keita","https://www.transfermarkt.com/kader-keita/profil/spieler/658835","Defensive Midfield","23","Cote d'Ivoire","Sivasspor","Süper Lig","Türkiye",120000,FALSE,NA,"Winter",20,20,1,1624
"CFR Cluj","SuperLiga","Romania","2023","Arrivals","Aly Abeid","https://www.transfermarkt.com/aly-abeid/profil/spieler/393436","Left-Back","26","Mauritania","UTA Arad","SuperLiga","Romania",1e+05,FALSE,NA,"Winter",12,9,0,422
"CFR Cluj","SuperLiga","Romania","2023","Arrivals","Filippo Falco","https://www.transfermarkt.com/filippo-falco/profil/spieler/70689","Right Winger","32","Italy","Red Star","Super liga Srbije","Serbia",0,FALSE,NA,"Winter",1,0,0,0
"CFR Cluj","SuperLiga","Romania","2023","Arrivals","Petar Mamic","https://www.transfermarkt.com/petar-mamic/profil/spieler/226082","Left-Back","27","Croatia","Žalgiris","A Lyga","Lithuania",0,FALSE,NA,"Winter",5,4,0,278
"CFR Cluj","SuperLiga","Romania","2023","Arrivals","Alan Aussi","https://www.transfermarkt.com/alan-aussi/profil/spieler/247213","Centre-Back","22","Ukraine","Ponferradina B",NA,"Spain",NA,TRUE,"loan transfer","Winter",16,1,0,11
"CFR Cluj","SuperLiga","Romania","2023","Arrivals","Omar El Kaddouri","https://www.transfermarkt.com/omar-el-kaddouri/profil/spieler/73097","Attacking Midfield","33","Morocco","Without Club",NA,NA,NA,FALSE,"-","Winter",12,9,1,225
"CFR Cluj","SuperLiga","Romania","2023","Arrivals","Laley Fofana","https://www.transfermarkt.com/laley-fofana/profil/spieler/865507","Centre-Back","23","France","CFR Cluj II",NA,"Romania",NA,FALSE,"-","Winter",2,0,0,0
"CFR Cluj","SuperLiga","Romania","2023","Arrivals","Valentin Serebe","https://www.transfermarkt.com/valentin-serebe/profil/spieler/1185784","Centre-Forward","21","Cote d'Ivoire","CFR Cluj II",NA,"Romania",NA,FALSE,"-","Winter",20,4,0,26
"CFR Cluj","SuperLiga","Romania","2023","Arrivals","Claudiu Petrila","https://www.transfermarkt.com/claudiu-petrila/profil/spieler/623424","Left Winger","23","Romania","FC Rapid 1923","SuperLiga","Romania",NA,TRUE,"End of loan Feb 14, 2024","Winter",NA,NA,NA,NA
"CFR Cluj","SuperLiga","Romania","2023","Arrivals","Josip Mihalic","https://www.transfermarkt.com/josip-mihalic/profil/spieler/945671","Attacking Midfield","20","Croatia","FC Arges","Liga 2","Romania",NA,TRUE,"End of loan Jan 1, 2024","Winter",NA,NA,NA,NA
"CFR Cluj","SuperLiga","Romania","2023","Arrivals","David Ciubăncan","https://www.transfermarkt.com/david-ciubancan/profil/spieler/1006106","Centre-Forward","19","Romania","Soimii Lipova",NA,"Romania",NA,TRUE,"End of loan Dec 31, 2023","Winter",2,0,0,0
"CFR Cluj","SuperLiga","Romania","2023","Arrivals","Alin Ferenți","https://www.transfermarkt.com/alin-ferenti/profil/spieler/1154801","Central Midfield","18","Romania","Gloria Bistrita",NA,"Romania",NA,TRUE,"End of loan Dec 31, 2023","Winter",NA,NA,NA,NA
"CFR Cluj","SuperLiga","Romania","2023","Departures","Ermal Krasniqi","https://www.transfermarkt.com/ermal-krasniqi/profil/spieler/606893","Left Winger","25","Kosovo","FC Rapid 1923","SuperLiga","Romania",1e+06,FALSE,NA,"Winter",19,17,0,875
"CFR Cluj","SuperLiga","Romania","2023","Departures","Claudiu Petrila","https://www.transfermarkt.com/claudiu-petrila/profil/spieler/623424","Left Winger","23","Romania","FC Rapid 1923","SuperLiga","Romania",750000,FALSE,NA,"Winter",NA,NA,NA,NA
"CFR Cluj","SuperLiga","Romania","2023","Departures","Lovro Cvek","https://www.transfermarkt.com/lovro-cvek/profil/spieler/317467","Defensive Midfield","28","Croatia","Ordabasy","Premier Liga","Kazakhstan",0,FALSE,NA,"Winter",24,24,0,1543
"CFR Cluj","SuperLiga","Romania","2023","Departures","Jefté Betancor","https://www.transfermarkt.com/jefte-betancor/profil/spieler/198015","Centre-Forward","30","Spain","Panserraikos","Super League 1","Greece",0,FALSE,NA,"Winter",17,17,2,575
"CFR Cluj","SuperLiga","Romania","2023","Departures","Josip Mihalic","https://www.transfermarkt.com/josip-mihalic/profil/spieler/945671","Attacking Midfield","20","Croatia","Septemvri Sofia","Vtora Liga","Bulgaria",0,FALSE,NA,"Winter",NA,NA,NA,NA
"CFR Cluj","SuperLiga","Romania","2023","Departures","Luka Juricic","https://www.transfermarkt.com/luka-juricic/profil/spieler/350759","Centre-Forward","27","Bosnia-Herzegovina","Pyunik Yerevan","Premier League","Armenia",NA,TRUE,"loan transfer","Winter",18,18,2,627
"CFR Cluj","SuperLiga","Romania","2023","Departures","Luca Mihai","https://www.transfermarkt.com/luca-mihai/profil/spieler/608487","Central Midfield","20","Romania","ACSM Poli Iasi","SuperLiga","Romania",NA,TRUE,"loan transfer","Winter",16,7,0,127
"CFR Cluj","SuperLiga","Romania","2023","Departures","Isaac Nortey","https://www.transfermarkt.com/isaac-nortey/profil/spieler/807786","Defensive Midfield","23","Ghana","FC Arges","Liga 2","Romania",NA,TRUE,"loan transfer","Winter",2,1,0,6
"CFR Cluj","SuperLiga","Romania","2023","Departures","George Leață","https://www.transfermarkt.com/george-leata/profil/spieler/975233","Attacking Midfield","19","Romania","Slatina","Liga 2","Romania",NA,TRUE,"loan transfer","Winter",NA,NA,NA,NA
"CFR Cluj","SuperLiga","Romania","2023","Departures","David Ciubăncan","https://www.transfermarkt.com/david-ciubancan/profil/spieler/1006106","Centre-Forward","19","Romania","CSM Deva",NA,"Romania",NA,TRUE,"loan transfer","Winter",2,0,0,0
"CFR Cluj","SuperLiga","Romania","2023","Departures","Mohamed Diomande","https://www.transfermarkt.com/mohamed-diomande/profil/spieler/1399971","Centre-Back","19","Cote d'Ivoire","Sanatatea",NA,"Romania",NA,TRUE,"loan transfer","Winter",NA,NA,NA,NA
"CFR Cluj","SuperLiga","Romania","2023","Departures","Alin Ferenți","https://www.transfermarkt.com/alin-ferenti/profil/spieler/1154801","Central Midfield","18","Romania","CSM Olimpia SM",NA,"Romania",NA,TRUE,"loan transfer","Winter",NA,NA,NA,NA
"CFR Cluj","SuperLiga","Romania","2023","Departures","Yevgen Konoplyanka","https://www.transfermarkt.com/yevgen-konoplyanka/profil/spieler/58949","Left Winger","34","Ukraine","Without Club",NA,NA,NA,FALSE,"-","Winter",9,4,0,58
"CFR Cluj","SuperLiga","Romania","2023","Departures","Ziv Morgan","https://www.transfermarkt.com/ziv-morgan/profil/spieler/466541","Centre-Back","23","Israel","Kiryat Shmona","Liga Leumit","Israel",NA,TRUE,"End of loan Jan 11, 2024","Winter",25,18,0,955
"CS Universitatea Craiova","SuperLiga","Romania","2023","Arrivals","Jean Baptiste Mendy","https://www.transfermarkt.com/jean-baptiste-mendy/profil/spieler/1117983","Centre-Back","19","Senegal","ACB Ineu",NA,"Romania",15000,FALSE,NA,"Summer",3,1,0,90
"CS Universitatea Craiova","SuperLiga","Romania","2023","Arrivals","Alexandru Mitriță","https://www.transfermarkt.com/alexandru-mitrita/profil/spieler/209649","Left Winger","28","Romania","New York City","MLS","United States",0,FALSE,NA,"Summer",39,40,16,3263
"CS Universitatea Craiova","SuperLiga","Romania","2023","Arrivals","Jasmin Kurtic","https://www.transfermarkt.com/jasmin-kurtic/profil/spieler/85825","Central Midfield","34","Slovenia","Parma","Serie B","Italy",0,FALSE,NA,"Summer",19,17,2,1002
"CS Universitatea Craiova","SuperLiga","Romania","2023","Arrivals","Lyes Houri","https://www.transfermarkt.com/lyes-houri/profil/spieler/229007","Attacking Midfield","27","France","Fehérvár","NB I.","Hungary",0,FALSE,NA,"Summer",30,28,4,1625
"CS Universitatea Craiova","SuperLiga","Romania","2023","Arrivals","Denis Benga","https://www.transfermarkt.com/denis-benga/profil/spieler/869983","Left-Back","17","Romania","CSU Craiova U19",NA,"Romania",NA,FALSE,"-","Summer",3,0,0,0
"CS Universitatea Craiova","SuperLiga","Romania","2023","Arrivals","Ștefan Bană","https://www.transfermarkt.com/stefan-bana/profil/spieler/963964","Right Winger","19","Romania","CS U Craiova II",NA,"Romania",NA,FALSE,"-","Summer",16,4,1,157
"CS Universitatea Craiova","SuperLiga","Romania","2023","Arrivals","Ivan Martic","https://www.transfermarkt.com/ivan-martic/profil/spieler/73048","Right-Back","32","Switzerland","U Cluj","SuperLiga","Romania",NA,TRUE,"End of loan Jun 30, 2023","Summer",NA,NA,NA,NA
"CS Universitatea Craiova","SuperLiga","Romania","2023","Arrivals","Florin Borța","https://www.transfermarkt.com/florin-borta/profil/spieler/603327","Right-Back","24","Romania","Petrolul","SuperLiga","Romania",NA,TRUE,"End of loan Jun 30, 2023","Summer",7,4,0,273
"CS Universitatea Craiova","SuperLiga","Romania","2023","Arrivals","Ionuț Mitran","https://www.transfermarkt.com/ionut-mitran/profil/spieler/724575","Right-Back","21","Romania","Slatina","Liga 2","Romania",NA,TRUE,"End of loan Jun 30, 2023","Summer",NA,NA,NA,NA
"CS Universitatea Craiova","SuperLiga","Romania","2023","Arrivals","Atanas Trică","https://www.transfermarkt.com/atanas-trica/profil/spieler/896370","Centre-Forward","18","Romania","CSA Steaua","Liga 2","Romania",NA,TRUE,"End of loan Jun 30, 2023","Summer",13,8,1,255
"CS Universitatea Craiova","SuperLiga","Romania","2023","Arrivals","Marian Danciu","https://www.transfermarkt.com/marian-danciu/profil/spieler/744076","Right Winger","21","Romania","Slatina","Liga 2","Romania",NA,TRUE,"End of loan Jun 30, 2023","Summer",44,36,2,1806
"CS Universitatea Craiova","SuperLiga","Romania","2023","Departures","Bogdan Vătăjelu","https://www.transfermarkt.com/bogdan-vatajelu/profil/spieler/213246","Left-Back","30","Romania","U Cluj","SuperLiga","Romania",0,FALSE,NA,"Summer",NA,NA,NA,NA
"CS Universitatea Craiova","SuperLiga","Romania","2023","Departures","Sergiu Hanca","https://www.transfermarkt.com/sergiu-hanca/profil/spieler/212806","Right Midfield","31","Romania","Petrolul","SuperLiga","Romania",0,FALSE,NA,"Summer",NA,NA,NA,NA
"CS Universitatea Craiova","SuperLiga","Romania","2023","Departures","Bogdan Mitrea","https://www.transfermarkt.com/bogdan-mitrea/profil/spieler/208866","Centre-Back","35","Romania","U Cluj","SuperLiga","Romania",0,FALSE,NA,"Summer",NA,NA,NA,NA
"CS Universitatea Craiova","SuperLiga","Romania","2023","Departures","Ivan Martic","https://www.transfermarkt.com/ivan-martic/profil/spieler/73048","Right-Back","32","Switzerland","FC Wil 1900","Challenge League","Switzerland",0,FALSE,NA,"Summer",NA,NA,NA,NA
"CS Universitatea Craiova","SuperLiga","Romania","2023","Departures","Rivaldinho","https://www.transfermarkt.com/rivaldinho/profil/spieler/313968","Centre-Forward","28","Brazil","FCV Farul","SuperLiga","Romania",0,FALSE,NA,"Summer",NA,NA,NA,NA
"CS Universitatea Craiova","SuperLiga","Romania","2023","Departures","Valerică Găman","https://www.transfermarkt.com/valerica-gaman/profil/spieler/47576","Centre-Back","34","Romania","FC Hermannstadt","SuperLiga","Romania",0,FALSE,NA,"Summer",NA,NA,NA,NA
"CS Universitatea Craiova","SuperLiga","Romania","2023","Departures","Ionuț Vînă","https://www.transfermarkt.com/ionut-vina/profil/spieler/208828","Central Midfield","28","Romania","FCV Farul","SuperLiga","Romania",0,FALSE,NA,"Summer",NA,NA,NA,NA
"CS Universitatea Craiova","SuperLiga","Romania","2023","Departures","Ionuț Mitran","https://www.transfermarkt.com/ionut-mitran/profil/spieler/724575","Right-Back","21","Romania","Slatina","Liga 2","Romania",0,FALSE,NA,"Summer",NA,NA,NA,NA
"CS Universitatea Craiova","SuperLiga","Romania","2023","Departures","Marian Șerban","https://www.transfermarkt.com/marian-serban/profil/spieler/535465","Central Midfield","23","Romania","CSU Alba Iulia",NA,"Romania",0,FALSE,NA,"Summer",NA,NA,NA,NA
"CS Universitatea Craiova","SuperLiga","Romania","2023","Departures","Alexandru Cîmpanu","https://www.transfermarkt.com/alexandru-cimpanu/profil/spieler/687846","Right Winger","22","Romania","U Cluj","SuperLiga","Romania",NA,TRUE,"loan transfer","Summer",25,13,0,399
"CS Universitatea Craiova","SuperLiga","Romania","2023","Arrivals","Anzor Mekvabishvili","https://www.transfermarkt.com/anzor-mekvabishvili/profil/spieler/502671","Defensive Midfield","22","Georgia","Dinamo Tbilisi","Erovnuli Liga","Georgia",750000,FALSE,NA,"Winter",20,20,0,1413
"CS Universitatea Craiova","SuperLiga","Romania","2023","Arrivals","Denil Maldonado","https://www.transfermarkt.com/denil-maldonado/profil/spieler/401769","Centre-Back","25","Honduras","FC Motagua","Liga Nacional Clausura","Honduras",2e+05,TRUE,NA,"Winter",15,14,2,1002
"CS Universitatea Craiova","SuperLiga","Romania","2023","Arrivals","Jalen Blesa","https://www.transfermarkt.com/jalen-blesa/profil/spieler/973249","Centre-Forward","23","Spain","FC Prishtina","Superliga e Kosovës","Kosovo",165000,FALSE,NA,"Winter",14,4,0,109
"CS Universitatea Craiova","SuperLiga","Romania","2023","Arrivals","Pyry Soiri","https://www.transfermarkt.com/pyry-soiri/profil/spieler/224458","Right-Back","29","Finland","HJK Helsinki","Veikkausliiga","Finland",0,FALSE,NA,"Winter",21,7,0,367
"CS Universitatea Craiova","SuperLiga","Romania","2023","Arrivals","Zvonimir Kozulj","https://www.transfermarkt.com/zvonimir-kozulj/profil/spieler/194205","Central Midfield","30","Bosnia-Herzegovina","Zrinjski Mostar","Premijer Liga BiH","Bosnia-Herzegovina",0,FALSE,NA,"Winter",11,3,0,10
"CS Universitatea Craiova","SuperLiga","Romania","2023","Departures","Florin Borța","https://www.transfermarkt.com/florin-borta/profil/spieler/603327","Right-Back","24","Romania","FC Arges","Liga 2","Romania",0,FALSE,NA,"Winter",7,4,0,273
"CS Universitatea Craiova","SuperLiga","Romania","2023","Departures","Jean Baptiste Mendy","https://www.transfermarkt.com/jean-baptiste-mendy/profil/spieler/1117983","Centre-Back","20","Senegal","ACB Ineu",NA,"Romania",0,FALSE,NA,"Winter",3,1,0,90
"CS Universitatea Craiova","SuperLiga","Romania","2023","Departures","Jasmin Kurtic","https://www.transfermarkt.com/jasmin-kurtic/profil/spieler/85825","Central Midfield","34","Slovenia","Südtirol","Serie B","Italy",NA,FALSE,"?","Winter",19,17,2,1002
"CS Universitatea Craiova","SuperLiga","Romania","2023","Departures","Alexandru Ișfan","https://www.transfermarkt.com/alexandru-isfan/profil/spieler/672055","Right Winger","23","Romania","Petrolul","SuperLiga","Romania",NA,TRUE,"loan transfer","Winter",21,11,0,425
"CS Universitatea Craiova","SuperLiga","Romania","2023","Departures","Ante Roguljic","https://www.transfermarkt.com/ante-roguljic/profil/spieler/226090","Attacking Midfield","27","Croatia","U Cluj","SuperLiga","Romania",NA,TRUE,"loan transfer","Winter",21,14,3,642
"CS Universitatea Craiova","SuperLiga","Romania","2023","Departures","Atanas Trică","https://www.transfermarkt.com/atanas-trica/profil/spieler/896370","Centre-Forward","19","Romania","CS Tunari","Liga 2","Romania",NA,TRUE,"loan transfer","Winter",13,8,1,255
"CS Universitatea Craiova","SuperLiga","Romania","2023","Departures","David Sala","https://www.transfermarkt.com/david-sala/profil/spieler/975195","Defensive Midfield","19","Romania","Alexandria","Liga 2","Romania",NA,TRUE,"loan transfer","Winter",4,1,0,1
"CS Universitatea Craiova","SuperLiga","Romania","2023","Departures","Denis Benga","https://www.transfermarkt.com/denis-benga/profil/spieler/869983","Left-Back","18","Romania","Ceahlaul","Liga 2","Romania",NA,TRUE,"loan transfer","Winter",3,0,0,0
"CS Universitatea Craiova","SuperLiga","Romania","2023","Departures","Denil Maldonado","https://www.transfermarkt.com/denil-maldonado/profil/spieler/401769","Centre-Back","26","Honduras","FC Motagua","Liga Nacional Clausura","Honduras",NA,TRUE,"End of loan Dec 31, 2024","Winter",15,14,2,1002
"Sepsi OSK Sf. Gheorghe","Liga 2","Romania","2023","Arrivals","Gabriel Debeljuh","https://www.transfermarkt.com/gabriel-debeljuh/profil/spieler/340073","Centre-Forward","26","Croatia","CFR Cluj","SuperLiga","Romania",0,FALSE,NA,"Summer",31,29,8,1470
"Sepsi OSK Sf. Gheorghe","Liga 2","Romania","2023","Arrivals","Isnik Alimi","https://www.transfermarkt.com/isnik-alimi/profil/spieler/204659","Central Midfield","29","North Macedonia","FK Gabala","Premyer Liqa","Azerbaijan",0,FALSE,NA,"Summer",37,35,9,2708
"Sepsi OSK Sf. Gheorghe","Liga 2","Romania","2023","Arrivals","Sherif Kallaku","https://www.transfermarkt.com/sherif-kallaku/profil/spieler/466815","Attacking Midfield","25","Albania","KF Teuta","Kategoria Superiore","Albania",0,FALSE,NA,"Summer",49,30,4,1681
"Sepsi OSK Sf. Gheorghe","Liga 2","Romania","2023","Arrivals","Bogdan Oteliță","https://www.transfermarkt.com/bogdan-otelita/profil/spieler/813000","Right-Back","20","Romania","FC Buzău","Liga 2","Romania",0,FALSE,NA,"Summer",32,22,0,1726
"Sepsi OSK Sf. Gheorghe","Liga 2","Romania","2023","Arrivals","Dinu Moldovan","https://www.transfermarkt.com/dinu-moldovan/profil/spieler/129501","Goalkeeper","33","Romania","Chindia","Liga 2","Romania",0,FALSE,NA,"Summer",50,7,0,548
"Sepsi OSK Sf. Gheorghe","Liga 2","Romania","2023","Arrivals","Darius Oroian","https://www.transfermarkt.com/darius-oroian/profil/spieler/798249","Right-Back","19","Romania","CSA Steaua","Liga 2","Romania",0,FALSE,NA,"Summer",44,24,0,1482
"Sepsi OSK Sf. Gheorghe","Liga 2","Romania","2023","Arrivals","Florin Ștefan","https://www.transfermarkt.com/florin-stefan/profil/spieler/320637","Left-Back","27","Romania","FC Rapid 1923","SuperLiga","Romania",NA,FALSE,"?","Summer",34,31,2,2184
"Sepsi OSK Sf. Gheorghe","Liga 2","Romania","2023","Arrivals","Ákos Kecskés","https://www.transfermarkt.com/akos-kecskes/profil/spieler/204155","Centre-Back","27","Hungary","LASK","Bundesliga","Austria",NA,FALSE,"?","Summer",32,27,0,1902
"Sepsi OSK Sf. Gheorghe","Liga 2","Romania","2023","Arrivals","Denis Rența","https://www.transfermarkt.com/denis-renta/profil/spieler/1012947","Defensive Midfield","19","Romania","Sepsi U19",NA,"Romania",NA,FALSE,"-","Summer",23,12,0,576
"Sepsi OSK Sf. Gheorghe","Liga 2","Romania","2023","Arrivals","Vitalie Damaşcan","https://www.transfermarkt.com/vitalie-damascan/profil/spieler/354136","Centre-Forward","24","Moldova","FC Voluntari","SuperLiga","Romania",NA,TRUE,"End of loan Jun 30, 2023","Summer",29,20,1,716
"Sepsi OSK Sf. Gheorghe","Liga 2","Romania","2023","Departures","Andres Dumitrescu","https://www.transfermarkt.com/andres-dumitrescu/profil/spieler/547812","Left-Back","22","Romania","Slavia Prague","Chance Liga","Czech Republic",1e+06,FALSE,NA,"Summer",27,25,0,1791
"Sepsi OSK Sf. Gheorghe","Liga 2","Romania","2023","Departures","Márk Tamás","https://www.transfermarkt.com/mark-tamas/profil/spieler/260073","Centre-Back","29","Hungary","Neftchi PFK","Premyer Liqa","Azerbaijan",150000,FALSE,NA,"Summer",2,1,0,90
"Sepsi OSK Sf. Gheorghe","Liga 2","Romania","2023","Departures","Alexandru Tudorie","https://www.transfermarkt.com/alexandru-tudorie/profil/spieler/260139","Centre-Forward","27","Romania","Al-Adalah","Saudi First Division League","Saudi Arabia",0,FALSE,NA,"Summer",NA,NA,NA,NA
"Sepsi OSK Sf. Gheorghe","Liga 2","Romania","2023","Departures","Rareș Ispas","https://www.transfermarkt.com/rares-ispas/profil/spieler/634317","Left-Back","22","Romania","ACSM Poli Iasi","SuperLiga","Romania",0,FALSE,NA,"Summer",NA,NA,NA,NA
"Sepsi OSK Sf. Gheorghe","Liga 2","Romania","2023","Departures","Radoslav Dimitrov","https://www.transfermarkt.com/radoslav-dimitrov/profil/spieler/134163","Right-Back","34","Bulgaria","U Cluj","SuperLiga","Romania",0,FALSE,NA,"Summer",NA,NA,NA,NA
"Sepsi OSK Sf. Gheorghe","Liga 2","Romania","2023","Departures","Răzvan Began","https://www.transfermarkt.com/razvan-began/profil/spieler/333376","Goalkeeper","26","Romania","FC Botosani","SuperLiga","Romania",0,FALSE,NA,"Summer",NA,NA,NA,NA
"Sepsi OSK Sf. Gheorghe","Liga 2","Romania","2023","Departures","Anass Achahbar","https://www.transfermarkt.com/anass-achahbar/profil/spieler/182554","Attacking Midfield","29","Netherlands","Eolikos","Super League 2","Greece",0,FALSE,NA,"Summer",NA,NA,NA,NA
"Sepsi OSK Sf. Gheorghe","Liga 2","Romania","2023","Departures","Enriko Papa","https://www.transfermarkt.com/enriko-papa/profil/spieler/241221","Central Midfield","30","Albania","C. Rizespor","Süper Lig","Türkiye",NA,TRUE,"End of loan Jun 30, 2023","Summer",NA,NA,NA,NA
"Sepsi OSK Sf. Gheorghe","Liga 2","Romania","2023","Arrivals","Kevin Varga","https://www.transfermarkt.com/kevin-varga/profil/spieler/385906","Left Winger","27","Hungary","Apol. Limassol","Cyprus League","Cyprus",0,FALSE,NA,"Winter",18,18,1,1039
"Sepsi OSK Sf. Gheorghe","Liga 2","Romania","2023","Arrivals","Andres Dumitrescu","https://www.transfermarkt.com/andres-dumitrescu/profil/spieler/547812","Left-Back","22","Romania","Slavia Prague","Chance Liga","Czech Republic",NA,TRUE,"loan transfer","Winter",27,25,0,1791
"Sepsi OSK Sf. Gheorghe","Liga 2","Romania","2023","Arrivals","Davide Popșa","https://www.transfermarkt.com/davide-popsa/profil/spieler/1166944","Right-Back","21","Romania","Sepsi OSK II",NA,"Romania",NA,FALSE,"-","Winter",13,6,0,116
"Sepsi OSK Sf. Gheorghe","Liga 2","Romania","2023","Departures","Ion Gheorghe","https://www.transfermarkt.com/ion-gheorghe/profil/spieler/436075","Left Winger","24","Romania","Stal Mielec","Ekstraklasa","Poland",NA,TRUE,"loan transfer","Winter",34,31,3,1671
"Sepsi OSK Sf. Gheorghe","Liga 2","Romania","2023","Departures","Vitalie Damaşcan","https://www.transfermarkt.com/vitalie-damascan/profil/spieler/354136","Centre-Forward","24","Moldova","StadeLO","Super League","Switzerland",NA,TRUE,"loan transfer","Winter",29,20,1,716
"Sepsi OSK Sf. Gheorghe","Liga 2","Romania","2023","Departures","Krisztián Dobozi","https://www.transfermarkt.com/krisztian-dobozi/profil/spieler/1114427","Centre-Back","19","Hungary","Kazincbarcika","NB II.","Hungary",NA,TRUE,"loan transfer","Winter",7,2,0,125
"Sepsi OSK Sf. Gheorghe","Liga 2","Romania","2023","Departures","Petar Bojic","https://www.transfermarkt.com/petar-bojic/profil/spieler/162985","Centre-Forward","31","Serbia","Without Club",NA,NA,NA,FALSE,"-","Winter",NA,NA,NA,NA
"Sepsi OSK Sf. Gheorghe","Liga 2","Romania","2023","Departures","Francisco Júnior","https://www.transfermarkt.com/francisco-junior/profil/spieler/215840","Central Midfield","32","Guinea-Bissau","Without Club",NA,NA,NA,FALSE,"-","Winter",16,10,0,316
"FC Universitatea Cluj","SuperLiga","Romania","2023","Arrivals","Lucas Masoero","https://www.transfermarkt.com/lucas-masoero/profil/spieler/441098","Centre-Back","28","Argentina","Pari NN","Premier Liga","Russia",0,FALSE,NA,"Summer",32,32,1,2762
"FC Universitatea Cluj","SuperLiga","Romania","2023","Arrivals","Mihai Bordeianu","https://www.transfermarkt.com/mihai-bordeianu/profil/spieler/210059","Central Midfield","31","Romania","CFR Cluj","SuperLiga","Romania",0,FALSE,NA,"Summer",2,2,0,165
"FC Universitatea Cluj","SuperLiga","Romania","2023","Arrivals","Doru Popadiuc","https://www.transfermarkt.com/doru-popadiuc/profil/spieler/279927","Attacking Midfield","28","Romania","Chindia","Liga 2","Romania",0,FALSE,NA,"Summer",17,11,0,630
"FC Universitatea Cluj","SuperLiga","Romania","2023","Arrivals","Daniel Popa","https://www.transfermarkt.com/daniel-popa/profil/spieler/341364","Centre-Forward","27","Romania","Chindia","Liga 2","Romania",0,FALSE,NA,"Summer",43,42,11,2978
"FC Universitatea Cluj","SuperLiga","Romania","2023","Arrivals","Bogdan Vătăjelu","https://www.transfermarkt.com/bogdan-vatajelu/profil/spieler/213246","Left-Back","30","Romania","CS U Craiova","SuperLiga","Romania",0,FALSE,NA,"Summer",25,25,0,1845
"FC Universitatea Cluj","SuperLiga","Romania","2023","Arrivals","Valentin Gheorghe","https://www.transfermarkt.com/valentin-gheorghe/profil/spieler/453810","Left Winger","26","Romania","FCSB","SuperLiga","Romania",0,FALSE,NA,"Summer",35,33,2,1332
"FC Universitatea Cluj","SuperLiga","Romania","2023","Arrivals","Bogdan Mitrea","https://www.transfermarkt.com/bogdan-mitrea/profil/spieler/208866","Centre-Back","35","Romania","CS U Craiova","SuperLiga","Romania",0,FALSE,NA,"Summer",39,31,2,2331
"FC Universitatea Cluj","SuperLiga","Romania","2023","Arrivals","Radoslav Dimitrov","https://www.transfermarkt.com/radoslav-dimitrov/profil/spieler/134163","Right-Back","34","Bulgaria","Sepsi OSK","SuperLiga","Romania",0,FALSE,NA,"Summer",8,8,0,561
"FC Universitatea Cluj","SuperLiga","Romania","2023","Arrivals","Andreias Calcan","https://www.transfermarkt.com/andreias-calcan/profil/spieler/244548","Left Winger","29","Romania","FC Arges","Liga 2","Romania",0,FALSE,NA,"Summer",8,5,0,117
"FC Universitatea Cluj","SuperLiga","Romania","2023","Arrivals","Kevin Doukoure","https://www.transfermarkt.com/kevin-doukoure/profil/spieler/740191","Central Midfield","24","Cote d'Ivoire","FCV Farul","SuperLiga","Romania",NA,FALSE,"?","Summer",37,33,0,1738
"FC Universitatea Cluj","SuperLiga","Romania","2023","Arrivals","Alexandru Cîmpanu","https://www.transfermarkt.com/alexandru-cimpanu/profil/spieler/687846","Right Winger","22","Romania","CS U Craiova","SuperLiga","Romania",NA,TRUE,"loan transfer","Summer",11,10,1,580
"FC Universitatea Cluj","SuperLiga","Romania","2023","Arrivals","Andrei Peteleu","https://www.transfermarkt.com/andrei-peteleu/profil/spieler/192870","Right-Back","31","Romania","CFR Cluj","SuperLiga","Romania",NA,TRUE,"loan transfer","Summer",22,9,0,594
"FC Universitatea Cluj","SuperLiga","Romania","2023","Arrivals","Ovidiu Perianu","https://www.transfermarkt.com/ovidiu-perianu/profil/spieler/623425","Defensive Midfield","21","Romania","FCSB","SuperLiga","Romania",NA,TRUE,"loan transfer","Summer",11,3,0,120
"FC Universitatea Cluj","SuperLiga","Romania","2023","Arrivals","Filip Ilie","https://www.transfermarkt.com/filip-ilie/profil/spieler/608465","Centre-Forward","21","Romania","Sport Team",NA,"Romania",NA,TRUE,"loan transfer","Summer",28,13,2,237
"FC Universitatea Cluj","SuperLiga","Romania","2023","Arrivals","Marco Fossati","https://www.transfermarkt.com/marco-fossati/profil/spieler/110931","Defensive Midfield","30","Italy","Without Club",NA,NA,NA,FALSE,"-","Summer",24,13,1,480
"FC Universitatea Cluj","SuperLiga","Romania","2023","Arrivals","Elvis Manu","https://www.transfermarkt.com/elvis-manu/profil/spieler/198070","Centre-Forward","30","Netherlands","Without Club",NA,NA,NA,FALSE,"-","Summer",12,10,1,255
"FC Universitatea Cluj","SuperLiga","Romania","2023","Arrivals","Robert Silaghi","https://www.transfermarkt.com/robert-silaghi/profil/spieler/823719","Attacking Midfield","21","Romania","CFR Cluj","SuperLiga","Romania",NA,FALSE,"-","Summer",36,33,1,1598
"FC Universitatea Cluj","SuperLiga","Romania","2023","Arrivals","Alin Chinteș","https://www.transfermarkt.com/alin-chintes/profil/spieler/1040558","Right-Back","17","Romania","U Cluj U18",NA,"Romania",NA,FALSE,"-","Summer",19,7,0,247
"FC Universitatea Cluj","SuperLiga","Romania","2023","Arrivals","Alexandru Bota","https://www.transfermarkt.com/alexandru-bota/profil/spieler/1118865","Central Midfield","15","Romania","U Cluj U18",NA,"Romania",NA,FALSE,"-","Summer",1,0,0,0
"FC Universitatea Cluj","SuperLiga","Romania","2023","Arrivals","Răzvan Călugăr","https://www.transfermarkt.com/razvan-calugar/profil/spieler/1040560","Left-Back","17","Romania","U Cluj U18",NA,"Romania",NA,FALSE,"-","Summer",4,0,0,0
"FC Universitatea Cluj","SuperLiga","Romania","2023","Arrivals","Luca Nagy","https://www.transfermarkt.com/luca-nagy/profil/spieler/1154775","Centre-Forward","17","Romania","U Cluj U18",NA,"Romania",NA,FALSE,"-","Summer",1,0,0,0
"FC Universitatea Cluj","SuperLiga","Romania","2023","Arrivals","Iustin Chirilă","https://www.transfermarkt.com/iustin-chirila/profil/spieler/1154774","Goalkeeper","17","Romania","U Cluj U18",NA,"Romania",NA,FALSE,"-","Summer",11,0,0,0
"FC Universitatea Cluj","SuperLiga","Romania","2023","Arrivals","Tudor Telcean","https://www.transfermarkt.com/tudor-telcean/profil/spieler/671627","Centre-Back","20","Romania","CSC Selimbar","Liga 2","Romania",NA,TRUE,"End of loan Jun 30, 2022","Summer",NA,NA,NA,NA
"FC Universitatea Cluj","SuperLiga","Romania","2023","Arrivals","Rareș Scocîlcă","https://www.transfermarkt.com/rares-scocilca/profil/spieler/863553","Defensive Midfield","19","Romania","Otelul Galati","Liga 2","Romania",NA,TRUE,"End of loan Jun 30, 2023","Summer",NA,NA,NA,NA
"FC Universitatea Cluj","SuperLiga","Romania","2023","Arrivals","Tudor Vomir","https://www.transfermarkt.com/tudor-vomir/profil/spieler/677154","Centre-Back","22","Romania","Unirea Ungheni",NA,"Romania",NA,TRUE,"End of loan Jun 30, 2023","Summer",NA,NA,NA,NA
"FC Universitatea Cluj","SuperLiga","Romania","2023","Arrivals","Vlad Moraru","https://www.transfermarkt.com/vlad-moraru/profil/spieler/916302","Right Winger","19","Romania","SCM Zalau",NA,"Romania",NA,TRUE,"End of loan Jun 30, 2023","Summer",NA,NA,NA,NA
"FC Universitatea Cluj","SuperLiga","Romania","2023","Arrivals","Denis Maneran","https://www.transfermarkt.com/denis-maneran/profil/spieler/810047","Right Winger","21","Romania","ACB Ineu",NA,"Romania",NA,TRUE,"End of loan Jun 30, 2023","Summer",NA,NA,NA,NA
"FC Universitatea Cluj","SuperLiga","Romania","2023","Departures","Mamadou Thiam","https://www.transfermarkt.com/mamadou-thiam/profil/spieler/368624","Second Striker","28","Senegal","Al-Arabi",NA,"Kuwait",5e+05,FALSE,NA,"Summer",NA,NA,NA,NA
"FC Universitatea Cluj","SuperLiga","Romania","2023","Departures","Mihai Bordeianu","https://www.transfermarkt.com/mihai-bordeianu/profil/spieler/210059","Central Midfield","31","Romania","ACSM Poli Iasi","SuperLiga","Romania",0,FALSE,NA,"Summer",2,2,0,165
"FC Universitatea Cluj","SuperLiga","Romania","2023","Departures","Adrian Bălan","https://www.transfermarkt.com/adrian-balan/profil/spieler/223221","Centre-Forward","33","Romania","Concordia","Liga 2","Romania",0,FALSE,NA,"Summer",NA,NA,NA,NA
"FC Universitatea Cluj","SuperLiga","Romania","2023","Departures","Romário Pires","https://www.transfermarkt.com/romario-pires/profil/spieler/148601","Central Midfield","34","Brazil","Concordia","Liga 2","Romania",0,FALSE,NA,"Summer",NA,NA,NA,NA
"FC Universitatea Cluj","SuperLiga","Romania","2023","Departures","Ivan Goranov","https://www.transfermarkt.com/ivan-goranov/profil/spieler/183538","Left-Back","31","Bulgaria","Ionikos Nikeas","Super League 2","Greece",0,FALSE,NA,"Summer",NA,NA,NA,NA
"FC Universitatea Cluj","SuperLiga","Romania","2023","Departures","Denis Ispas","https://www.transfermarkt.com/denis-ispas/profil/spieler/228074","Centre-Back","29","Romania","Concordia","Liga 2","Romania",0,FALSE,NA,"Summer",NA,NA,NA,NA
"FC Universitatea Cluj","SuperLiga","Romania","2023","Departures","Florin Ilie","https://www.transfermarkt.com/florin-ilie/profil/spieler/192866","Centre-Back","31","Romania","ACSM Poli Iasi","SuperLiga","Romania",0,FALSE,NA,"Summer",NA,NA,NA,NA
"FC Universitatea Cluj","SuperLiga","Romania","2023","Departures","Tudor Vomir","https://www.transfermarkt.com/tudor-vomir/profil/spieler/677154","Centre-Back","22","Romania","Unirea Alba I.",NA,"Romania",0,FALSE,NA,"Summer",NA,NA,NA,NA
"FC Universitatea Cluj","SuperLiga","Romania","2023","Departures","Răzvan Trif","https://www.transfermarkt.com/razvan-trif/profil/spieler/395799","Left-Back","25","Romania","Mediaș 2022",NA,"Romania",0,FALSE,NA,"Summer",NA,NA,NA,NA
"FC Universitatea Cluj","SuperLiga","Romania","2023","Departures","Denis Maneran","https://www.transfermarkt.com/denis-maneran/profil/spieler/810047","Right Winger","21","Romania","CS Beliu",NA,"Romania",NA,FALSE,"?","Summer",NA,NA,NA,NA
"FC Universitatea Cluj","SuperLiga","Romania","2023","Departures","Rareș Scocîlcă","https://www.transfermarkt.com/rares-scocilca/profil/spieler/863553","Defensive Midfield","19","Romania","Unirea Dej","Liga 2","Romania",NA,TRUE,"loan transfer","Summer",NA,NA,NA,NA
"FC Universitatea Cluj","SuperLiga","Romania","2023","Departures","Alin Văsălie","https://www.transfermarkt.com/alin-vasalie/profil/spieler/510224","Right Midfield","21","Romania","CS Mioveni","Liga 2","Romania",NA,TRUE,"loan transfer","Summer",NA,NA,NA,NA
"FC Universitatea Cluj","SuperLiga","Romania","2023","Departures","Vlad Moraru","https://www.transfermarkt.com/vlad-moraru/profil/spieler/916302","Right Winger","20","Romania","ACS Tg. Mures",NA,"Romania",NA,TRUE,"loan transfer","Summer",NA,NA,NA,NA
"FC Universitatea Cluj","SuperLiga","Romania","2023","Departures","Raul Nistor","https://www.transfermarkt.com/raul-nistor/profil/spieler/947502","Central Midfield","18","Romania","Unirea Alba I.",NA,"Romania",NA,TRUE,"loan transfer","Summer",NA,NA,NA,NA
"FC Universitatea Cluj","SuperLiga","Romania","2023","Departures","David Molnar","https://www.transfermarkt.com/david-molnar/profil/spieler/1015477","Central Midfield","19","Romania","SCM Zalau",NA,"Romania",NA,TRUE,"loan transfer","Summer",NA,NA,NA,NA
"FC Universitatea Cluj","SuperLiga","Romania","2023","Departures","Matei Moraru","https://www.transfermarkt.com/matei-moraru/profil/spieler/816946","Left Winger","17","Romania","Ceahlaul","Liga 2","Romania",NA,TRUE,"loan transfer","Summer",NA,NA,NA,NA
"FC Universitatea Cluj","SuperLiga","Romania","2023","Departures","Patrik Kis","https://www.transfermarkt.com/patrik-kis/profil/spieler/723824","Goalkeeper","18","Romania","ACS Tg. Mures",NA,"Romania",NA,TRUE,"loan transfer","Summer",NA,NA,NA,NA
"FC Universitatea Cluj","SuperLiga","Romania","2023","Departures","Raul Rotund","https://www.transfermarkt.com/raul-rotund/profil/spieler/1115189","Centre-Forward","17","Romania","CSC Selimbar","Liga 2","Romania",NA,TRUE,"loan transfer","Summer",NA,NA,NA,NA
"FC Universitatea Cluj","SuperLiga","Romania","2023","Departures","Radoslav Dimitrov","https://www.transfermarkt.com/radoslav-dimitrov/profil/spieler/134163","Right-Back","35","Bulgaria","Without Club",NA,NA,NA,FALSE,"-","Summer",8,8,0,561
"FC Universitatea Cluj","SuperLiga","Romania","2023","Departures","Lóránd Fülöp","https://www.transfermarkt.com/lorand-fulop/profil/spieler/448674","Central Midfield","25","Romania","Without Club",NA,NA,NA,FALSE,"-","Summer",NA,NA,NA,NA
"FC Universitatea Cluj","SuperLiga","Romania","2023","Departures","Ely Fernandes","https://www.transfermarkt.com/ely-fernandes/profil/spieler/292488","Left Winger","32","Cape Verde",NA,NA,NA,NA,FALSE,"-","Summer",NA,NA,NA,NA
"FC Universitatea Cluj","SuperLiga","Romania","2023","Departures","Martin Remacle","https://www.transfermarkt.com/martin-remacle/profil/spieler/309847","Defensive Midfield","26","Belgium","FC Botosani","SuperLiga","Romania",NA,TRUE,"End of loan Jun 30, 2023","Summer",NA,NA,NA,NA
"FC Universitatea Cluj","SuperLiga","Romania","2023","Departures","Ivan Martic","https://www.transfermarkt.com/ivan-martic/profil/spieler/73048","Right-Back","32","Switzerland","CS U Craiova","SuperLiga","Romania",NA,TRUE,"End of loan Jun 30, 2023","Summer",NA,NA,NA,NA
"FC Universitatea Cluj","SuperLiga","Romania","2023","Departures","Zé Gomes","https://www.transfermarkt.com/ze-gomes/profil/spieler/342148","Centre-Forward","24","Portugal","CFR Cluj","SuperLiga","Romania",NA,TRUE,"End of loan Jun 30, 2023","Summer",NA,NA,NA,NA
"FC Universitatea Cluj","SuperLiga","Romania","2023","Departures","Florian Haită","https://www.transfermarkt.com/florian-haita/profil/spieler/675514","Right Winger","22","Romania","FCV Farul","SuperLiga","Romania",NA,TRUE,"End of loan Jun 30, 2023","Summer",NA,NA,NA,NA
"FC Universitatea Cluj","SuperLiga","Romania","2023","Departures","Filip Ilie","https://www.transfermarkt.com/filip-ilie/profil/spieler/608465","Centre-Forward","21","Romania","Sport Team",NA,"Romania",NA,TRUE,"End of loan Jun 30, 2024","Summer",28,13,2,237
"FC Universitatea Cluj","SuperLiga","Romania","2023","Departures","Ovidiu Horșia","https://www.transfermarkt.com/ovidiu-horsia/profil/spieler/418223","Right Winger","22","Romania","FCSB","SuperLiga","Romania",NA,TRUE,"End of loan Jun 30, 2023","Summer",NA,NA,NA,NA
"FC Universitatea Cluj","SuperLiga","Romania","2023","Departures","Aurelian Păun","https://www.transfermarkt.com/aurelian-paun/profil/spieler/675499","Goalkeeper","22","Romania","Star Sport Ag.",NA,"Romania",NA,TRUE,"End of loan Jun 8, 2023","Summer",NA,NA,NA,NA
"FC Universitatea Cluj","SuperLiga","Romania","2023","Arrivals","Edvinas Gertmonas","https://www.transfermarkt.com/edvinas-gertmonas/profil/spieler/229292","Goalkeeper","27","Lithuania","Žalgiris","A Lyga","Lithuania",0,FALSE,NA,"Winter",14,11,0,1020
"FC Universitatea Cluj","SuperLiga","Romania","2023","Arrivals","Roger","https://www.transfermarkt.com/roger/profil/spieler/435169","Attacking Midfield","27","Brazil","Al-Taraji","Saudi First Division League","Saudi Arabia",0,FALSE,NA,"Winter",21,21,0,1478
"FC Universitatea Cluj","SuperLiga","Romania","2023","Arrivals","Federico Anselmo","https://www.transfermarkt.com/federico-anselmo/profil/spieler/343163","Centre-Forward","29","Argentina","Quilmes","Primera Nacional","Argentina",0,FALSE,NA,"Winter",20,20,4,627
"FC Universitatea Cluj","SuperLiga","Romania","2023","Arrivals","Thalisson","https://www.transfermarkt.com/thalisson/profil/spieler/323876","Centre-Back","25","Brazil","Mirassol-SP","Série B","Brazil",0,FALSE,NA,"Winter",21,20,0,1808
"FC Universitatea Cluj","SuperLiga","Romania","2023","Arrivals","Ștefan Pănoiu","https://www.transfermarkt.com/stefan-panoiu/profil/spieler/710063","Right Winger","21","Romania","FC Rapid 1923","SuperLiga","Romania",NA,TRUE,"loan transfer","Winter",17,8,0,237
"FC Universitatea Cluj","SuperLiga","Romania","2023","Arrivals","Ante Roguljic","https://www.transfermarkt.com/ante-roguljic/profil/spieler/226090","Attacking Midfield","27","Croatia","CS U Craiova","SuperLiga","Romania",NA,TRUE,"loan transfer","Winter",18,15,3,866
"FC Universitatea Cluj","SuperLiga","Romania","2023","Arrivals","Marco Rus","https://www.transfermarkt.com/marco-rus/profil/spieler/666467","Left Midfield","21","Romania","Coventry U21",NA,"England",NA,TRUE,"loan transfer","Winter",9,8,0,391
"FC Universitatea Cluj","SuperLiga","Romania","2023","Arrivals","Elvis Manu","https://www.transfermarkt.com/elvis-manu/profil/spieler/198070","Centre-Forward","30","Netherlands","Without Club",NA,NA,NA,FALSE,"-","Winter",12,10,1,255
"FC Universitatea Cluj","SuperLiga","Romania","2023","Arrivals","Rareș Scocîlcă","https://www.transfermarkt.com/rares-scocilca/profil/spieler/863553","Defensive Midfield","19","Romania","Unirea Dej","Liga 2","Romania",NA,TRUE,"End of loan Feb 5, 2024","Winter",NA,NA,NA,NA
"FC Universitatea Cluj","SuperLiga","Romania","2023","Departures","Bogdan Vătăjelu","https://www.transfermarkt.com/bogdan-vatajelu/profil/spieler/213246","Left-Back","30","Romania","Aktobe","Premier Liga","Kazakhstan",0,FALSE,NA,"Winter",25,25,0,1845
"FC Universitatea Cluj","SuperLiga","Romania","2023","Departures","Andrei Miron","https://www.transfermarkt.com/andrei-miron/profil/spieler/332205","Centre-Back","29","Romania","FC Botosani","SuperLiga","Romania",0,FALSE,NA,"Winter",22,13,1,1037
"FC Universitatea Cluj","SuperLiga","Romania","2023","Departures","Doru Popadiuc","https://www.transfermarkt.com/doru-popadiuc/profil/spieler/279927","Attacking Midfield","28","Romania","Diósgyőr","NB I.","Hungary",0,FALSE,NA,"Winter",17,11,0,630
"FC Universitatea Cluj","SuperLiga","Romania","2023","Departures","Ioan Filip","https://www.transfermarkt.com/ioan-filip/profil/spieler/169272","Defensive Midfield","34","Romania","FC Botosani","SuperLiga","Romania",0,FALSE,NA,"Winter",16,10,0,282
"FC Universitatea Cluj","SuperLiga","Romania","2023","Departures","Andreias Calcan","https://www.transfermarkt.com/andreias-calcan/profil/spieler/244548","Left Winger","29","Romania","Cherno More","efbet Liga","Bulgaria",0,FALSE,NA,"Winter",8,5,0,117
"FC Universitatea Cluj","SuperLiga","Romania","2023","Departures","Albert Hofman","https://www.transfermarkt.com/albert-hofman/profil/spieler/916301","Centre-Forward","20","Romania","Unirea Dej","Liga 2","Romania",NA,TRUE,"loan transfer","Winter",10,5,0,76
"FC Universitatea Cluj","SuperLiga","Romania","2023","Departures","Rareș Scocîlcă","https://www.transfermarkt.com/rares-scocilca/profil/spieler/863553","Defensive Midfield","19","Romania","SCM Zalau",NA,"Romania",NA,TRUE,"loan transfer","Winter",NA,NA,NA,NA
"FC Universitatea Cluj","SuperLiga","Romania","2023","Departures","Elvis Manu","https://www.transfermarkt.com/elvis-manu/profil/spieler/198070","Centre-Forward","30","Netherlands","Without Club",NA,NA,NA,FALSE,"-","Winter",12,10,1,255
"FC Universitatea Cluj","SuperLiga","Romania","2023","Departures","Radoslav Dimitrov","https://www.transfermarkt.com/radoslav-dimitrov/profil/spieler/134163","Right-Back","35","Bulgaria","Without Club",NA,NA,NA,FALSE,"-","Winter",8,8,0,561
"FC Universitatea Cluj","SuperLiga","Romania","2023","Departures","Ianis Stoica","https://www.transfermarkt.com/ianis-stoica/profil/spieler/547754","Left Winger","21","Romania","FCSB","SuperLiga","Romania",NA,TRUE,"End of loan Feb 2, 2024","Winter",23,23,9,1647
"FC Universitatea Cluj","SuperLiga","Romania","2023","Departures","Ovidiu Perianu","https://www.transfermarkt.com/ovidiu-perianu/profil/spieler/623425","Defensive Midfield","21","Romania","FCSB","SuperLiga","Romania",NA,TRUE,"End of loan Jan 9, 2024","Winter",11,3,0,120
"UTA Arad","SuperLiga","Romania","2023","Arrivals","Tiberiu Căpușă","https://www.transfermarkt.com/tiberiu-capusa/profil/spieler/340978","Centre-Back","25","Romania","Chindia","Liga 2","Romania",0,FALSE,NA,"Summer",30,29,2,2293
"UTA Arad","SuperLiga","Romania","2023","Arrivals","Denis Dumitrașcu","https://www.transfermarkt.com/denis-dumitrascu/profil/spieler/274671","Left-Back","28","Romania","Chindia","Liga 2","Romania",0,FALSE,NA,"Summer",20,15,0,880
"UTA Arad","SuperLiga","Romania","2023","Arrivals","Stefanos Stroungis","https://www.transfermarkt.com/stefanos-stroungis/profil/spieler/348298","Centre-Back","25","Greece","Atromitos","Super League 1","Greece",0,FALSE,NA,"Summer",2,1,0,26
"UTA Arad","SuperLiga","Romania","2023","Arrivals","Eric Omondi","https://www.transfermarkt.com/eric-omondi/profil/spieler/401176","Left Winger","29","Kenya","Without Club",NA,NA,0,FALSE,NA,"Summer",28,28,5,1932
"UTA Arad","SuperLiga","Romania","2023","Arrivals","Cătălin Carp","https://www.transfermarkt.com/catalin-carp/profil/spieler/213016","Defensive Midfield","29","Moldova","Ufa","2. Division A (Phase 2)","Russia",0,FALSE,NA,"Summer",20,18,2,1114
"UTA Arad","SuperLiga","Romania","2023","Arrivals","Andrej Fabry","https://www.transfermarkt.com/andrej-fabry/profil/spieler/406791","Attacking Midfield","26","Slovakia","Skalica","Niké Liga","Slovakia",0,FALSE,NA,"Summer",36,35,7,2318
"UTA Arad","SuperLiga","Romania","2023","Arrivals","Diogo Rodrigues","https://www.transfermarkt.com/diogo-rodrigues/profil/spieler/598377","Right-Back","23","Portugal","Portimonense 23","Liga Revelação","Portugal",0,FALSE,NA,"Summer",36,32,1,2212
"UTA Arad","SuperLiga","Romania","2023","Arrivals","Marcelo Freitas","https://www.transfermarkt.com/marcelo-freitas/profil/spieler/340113","Central Midfield","29","Brazil","Ituano","Série B","Brazil",0,FALSE,NA,"Summer",32,31,2,1968
"UTA Arad","SuperLiga","Romania","2023","Arrivals","Herald Marku","https://www.transfermarkt.com/herald-marku/profil/spieler/339598","Central Midfield","27","Albania","KF Vllaznia","Kategoria Superiore","Albania",0,FALSE,NA,"Summer",23,15,0,871
"UTA Arad","SuperLiga","Romania","2023","Arrivals","Godberg Cooper","https://www.transfermarkt.com/godberg-cooper/profil/spieler/444984","Centre-Forward","25","Italy","Chindia","Liga 2","Romania",0,FALSE,NA,"Summer",25,23,3,1224
"UTA Arad","SuperLiga","Romania","2023","Arrivals","Marko Stolnik","https://www.transfermarkt.com/marko-stolnik/profil/spieler/226095","Centre-Back","27","Croatia","NK Varazdin","SuperSport HNL","Croatia",0,FALSE,NA,"Summer",38,32,0,2509
"UTA Arad","SuperLiga","Romania","2023","Arrivals","Albert Stahl","https://www.transfermarkt.com/albert-stahl/profil/spieler/478022","Right Winger","24","Romania","FC Rapid 1923","SuperLiga","Romania",0,FALSE,NA,"Summer",30,24,0,1066
"UTA Arad","SuperLiga","Romania","2023","Arrivals","Marko Roganovic","https://www.transfermarkt.com/marko-roganovic/profil/spieler/329312","Centre-Back","27","Montenegro","KF Laçi","Kategoria Superiore","Albania",0,FALSE,NA,"Summer",4,3,0,198
"UTA Arad","SuperLiga","Romania","2023","Arrivals","Ivaylo Markov","https://www.transfermarkt.com/ivaylo-markov/profil/spieler/293611","Centre-Back","26","Bulgaria","Podbeskidzie","Betclic 1 Liga","Poland",0,FALSE,NA,"Summer",11,7,0,540
"UTA Arad","SuperLiga","Romania","2023","Arrivals","Aleksandar Vucenovic","https://www.transfermarkt.com/aleksandar-vucenovic/profil/spieler/384224","Centre-Forward","25","Austria","EN Paralimniou","2. Division","Cyprus",0,FALSE,NA,"Summer",6,6,0,266
"UTA Arad","SuperLiga","Romania","2023","Arrivals","Kyvon Leidsman","https://www.transfermarkt.com/kyvon-leidsman/profil/spieler/243276","Centre-Forward","24","Netherlands","TOP Oss","Keuken Kampioen Divisie","Netherlands",0,FALSE,NA,"Summer",7,7,0,216
"UTA Arad","SuperLiga","Romania","2023","Arrivals","Denis Lungu-Bocean","https://www.transfermarkt.com/denis-lungu-bocean/profil/spieler/600635","Goalkeeper","20","Romania","Grödig","Salzburger Liga","Austria",0,FALSE,NA,"Summer",4,0,0,0
"UTA Arad","SuperLiga","Romania","2023","Arrivals","Bruce Nortey","https://www.transfermarkt.com/bruce-nortey/profil/spieler/1153960","Attacking Midfield","19","Ghana","Emmanuel City",NA,"Ghana",0,FALSE,NA,"Summer",2,0,0,0
"UTA Arad","SuperLiga","Romania","2023","Arrivals","Raul Stanciu","https://www.transfermarkt.com/raul-stanciu/profil/spieler/1166399","Left Winger","16","Romania","Atletico Arad",NA,"Romania",0,FALSE,NA,"Summer",21,7,0,229
"UTA Arad","SuperLiga","Romania","2023","Arrivals","Frederik Holst","https://www.transfermarkt.com/frederik-holst/profil/spieler/135209","Central Midfield","28","Denmark","Helsingborgs IF","Superettan","Sweden",NA,FALSE,"?","Summer",9,3,0,107
"UTA Arad","SuperLiga","Romania","2023","Arrivals","Claudiu Micovschi","https://www.transfermarkt.com/claudiu-micovschi/profil/spieler/319231","Left Winger","24","Romania","FC Rapid 1923","SuperLiga","Romania",NA,TRUE,"loan transfer","Summer",32,32,9,2379
"UTA Arad","SuperLiga","Romania","2023","Arrivals","Robert Mustacă","https://www.transfermarkt.com/robert-mustaca/profil/spieler/728521","Right Winger","20","Romania","FCV Farul","SuperLiga","Romania",NA,TRUE,"loan transfer","Summer",4,4,0,68
"UTA Arad","SuperLiga","Romania","2023","Arrivals","Ibrahima Conté","https://www.transfermarkt.com/ibrahima-conte/profil/spieler/358512","Centre-Back","27","Guinea","Without Club",NA,NA,NA,FALSE,"-","Summer",24,22,1,1914
"UTA Arad","SuperLiga","Romania","2023","Arrivals","Kevin Brobbey","https://www.transfermarkt.com/kevin-brobbey/profil/spieler/187290","Centre-Forward","30","Netherlands","Without Club",NA,NA,NA,FALSE,"-","Summer",25,25,7,1847
"UTA Arad","SuperLiga","Romania","2023","Arrivals","Kemar Lawrence","https://www.transfermarkt.com/kemar-lawrence/profil/spieler/288710","Left-Back","31","Jamaica","Without Club",NA,NA,NA,FALSE,"-","Summer",3,2,0,61
"UTA Arad","SuperLiga","Romania","2023","Arrivals","Reagy Ofosu","https://www.transfermarkt.com/reagy-ofosu/profil/spieler/83253","Left Winger","31","Germany","Ohod Club","Saudi First Division League","Saudi Arabia",NA,FALSE,"-","Summer",11,8,1,297
"UTA Arad","SuperLiga","Romania","2023","Arrivals","Ahmet Ekmekci","https://www.transfermarkt.com/ahmet-ekmekci/profil/spieler/1153963","Second Striker","19","Romania","UTA Arad U19",NA,"Romania",NA,FALSE,"-","Summer",3,0,0,0
"UTA Arad","SuperLiga","Romania","2023","Arrivals","Cristian Mihai","https://www.transfermarkt.com/cristian-mihai/profil/spieler/974722","Defensive Midfield","18","Romania","UTA Arad U19",NA,"Romania",NA,FALSE,"-","Summer",38,37,0,2569
"UTA Arad","SuperLiga","Romania","2023","Arrivals","Ionuț Anișorac","https://www.transfermarkt.com/ionut-anisorac/profil/spieler/1146147","Left-Back","18","Romania","UTA Arad U19",NA,"Romania",NA,FALSE,"-","Summer",NA,NA,NA,NA
"UTA Arad","SuperLiga","Romania","2023","Arrivals","Robert Rusu","https://www.transfermarkt.com/robert-rusu/profil/spieler/1154108","Goalkeeper","15","Romania","UTA Arad U19",NA,"Romania",NA,FALSE,"-","Summer",NA,NA,NA,NA
"UTA Arad","SuperLiga","Romania","2023","Arrivals","Paul Mercioiu","https://www.transfermarkt.com/paul-mercioiu/profil/spieler/910483","Centre-Forward","19","Romania","Corvinul",NA,"Romania",NA,TRUE,"End of loan Jun 30, 2023","Summer",NA,NA,NA,NA
"UTA Arad","SuperLiga","Romania","2023","Arrivals","Denis Hrezdac","https://www.transfermarkt.com/denis-hrezdac/profil/spieler/641765","Defensive Midfield","21","Romania","Pecica",NA,"Romania",NA,TRUE,"End of loan Jun 30, 2023","Summer",NA,NA,NA,NA
"UTA Arad","SuperLiga","Romania","2023","Arrivals","Joseph Godwin","https://www.transfermarkt.com/joseph-godwin/profil/spieler/1074443","Centre-Forward","19","Nigeria","FC Buzău","Liga 2","Romania",NA,TRUE,"End of loan Jun 30, 2023","Summer",NA,NA,NA,NA
"UTA Arad","SuperLiga","Romania","2023","Arrivals","Rafael Zamfir","https://www.transfermarkt.com/rafael-zamfir/profil/spieler/700766","Goalkeeper","21","Romania","L. Teuz Cermei",NA,"Romania",NA,TRUE,"End of loan Jun 30, 2023","Summer",NA,NA,NA,NA
"UTA Arad","SuperLiga","Romania","2023","Arrivals","Andrei Gavrilă","https://www.transfermarkt.com/andrei-gavrila/profil/spieler/871476","Left Midfield","21","Romania","Soimii Lipova",NA,"Romania",NA,TRUE,"End of loan Jun 30, 2023","Summer",NA,NA,NA,NA
"UTA Arad","SuperLiga","Romania","2023","Arrivals","Cristian Moldovan","https://www.transfermarkt.com/cristian-moldovan/profil/spieler/1164594","Attacking Midfield","21","Romania","Paulisana",NA,"Romania",NA,TRUE,"End of loan Jun 30, 2023","Summer",NA,NA,NA,NA
"UTA Arad","SuperLiga","Romania","2023","Arrivals","Emanuel Codrea","https://www.transfermarkt.com/emanuel-codrea/profil/spieler/1080168","Left-Back","19","Romania","Unirea Alba I.",NA,"Romania",NA,TRUE,"End of loan Jun 30, 2023","Summer",NA,NA,NA,NA
"UTA Arad","SuperLiga","Romania","2023","Arrivals","Hunor Sarkozi","https://www.transfermarkt.com/hunor-sarkozi/profil/spieler/904911","Right-Back","19","Romania","Pecica",NA,"Romania",NA,TRUE,"End of loan Jun 30, 2023","Summer",NA,NA,NA,NA
"UTA Arad","SuperLiga","Romania","2023","Departures","Virgiliu Postolachi","https://www.transfermarkt.com/virgiliu-postolachi/profil/spieler/536519","Centre-Forward","23","Moldova","Grenoble","Ligue 2","France",3e+05,FALSE,NA,"Summer",1,1,0,13
"UTA Arad","SuperLiga","Romania","2023","Departures","Philip Otele","https://www.transfermarkt.com/philip-otele/profil/spieler/678655","Left Winger","24","Nigeria","CFR Cluj","SuperLiga","Romania",0,FALSE,NA,"Summer",NA,NA,NA,NA
"UTA Arad","SuperLiga","Romania","2023","Departures","Marko Vukcevic","https://www.transfermarkt.com/marko-vukcevic/profil/spieler/166229","Right-Back","30","Montenegro","NK Varazdin","SuperSport HNL","Croatia",0,FALSE,NA,"Summer",NA,NA,NA,NA
"UTA Arad","SuperLiga","Romania","2023","Departures","Roger","https://www.transfermarkt.com/roger/profil/spieler/435169","Attacking Midfield","27","Brazil","Al-Taraji","Saudi First Division League","Saudi Arabia",0,FALSE,NA,"Summer",NA,NA,NA,NA
"UTA Arad","SuperLiga","Romania","2023","Departures","Paul Anton","https://www.transfermarkt.com/paul-anton/profil/spieler/123286","Central Midfield","32","Romania","ETO FC Győr ","NB II.","Hungary",0,FALSE,NA,"Summer",NA,NA,NA,NA
"UTA Arad","SuperLiga","Romania","2023","Departures","Erion Hoxhallari","https://www.transfermarkt.com/erion-hoxhallari/profil/spieler/204058","Left-Back","27","Albania","KF Tirana","Kategoria Superiore","Albania",0,FALSE,NA,"Summer",NA,NA,NA,NA
"UTA Arad","SuperLiga","Romania","2023","Departures","Andrei Chindriș","https://www.transfermarkt.com/andrei-chindris/profil/spieler/435731","Centre-Back","24","Romania","Lechia Gdansk","Betclic 1 Liga","Poland",0,FALSE,NA,"Summer",NA,NA,NA,NA
"UTA Arad","SuperLiga","Romania","2023","Departures","Desley Ubbink","https://www.transfermarkt.com/desley-ubbink/profil/spieler/272718","Attacking Midfield","30","Netherlands","FC Emmen","Keuken Kampioen Divisie","Netherlands",0,FALSE,NA,"Summer",NA,NA,NA,NA
"UTA Arad","SuperLiga","Romania","2023","Departures","Idriz Batha","https://www.transfermarkt.com/idriz-batha/profil/spieler/228837","Central Midfield","31","Albania","Al-Najma","Saudi First Division League","Saudi Arabia",0,FALSE,NA,"Summer",NA,NA,NA,NA
"UTA Arad","SuperLiga","Romania","2023","Departures","Bautista Cascini","https://www.transfermarkt.com/bautista-cascini/profil/spieler/423439","Central Midfield","26","Argentina","Slaven Belupo","SuperSport HNL","Croatia",0,FALSE,NA,"Summer",NA,NA,NA,NA
"UTA Arad","SuperLiga","Romania","2023","Departures","Mihai Dobrescu","https://www.transfermarkt.com/mihai-dobrescu/profil/spieler/236127","Left-Back","30","Romania","CSA Steaua","Liga 2","Romania",0,FALSE,NA,"Summer",NA,NA,NA,NA
"UTA Arad","SuperLiga","Romania","2023","Departures","Damian Isac","https://www.transfermarkt.com/damian-isac/profil/spieler/641991","Central Midfield","22","Romania","ACSM Reșița","Liga 2","Romania",0,FALSE,NA,"Summer",1,1,0,30
"UTA Arad","SuperLiga","Romania","2023","Departures","Haralambie Mociu","https://www.transfermarkt.com/haralambie-mociu/profil/spieler/724572","Goalkeeper","22","Romania","Gloria Bistrita",NA,"Romania",0,FALSE,NA,"Summer",NA,NA,NA,NA
"UTA Arad","SuperLiga","Romania","2023","Departures","Rafael Zamfir","https://www.transfermarkt.com/rafael-zamfir/profil/spieler/700766","Goalkeeper","21","Romania","Pecica",NA,"Romania",0,FALSE,NA,"Summer",NA,NA,NA,NA
"UTA Arad","SuperLiga","Romania","2023","Departures","Andrei Gavrilă","https://www.transfermarkt.com/andrei-gavrila/profil/spieler/871476","Left Midfield","21","Romania","CSM Deva",NA,"Romania",0,FALSE,NA,"Summer",NA,NA,NA,NA
"UTA Arad","SuperLiga","Romania","2023","Departures","Robert Rusu","https://www.transfermarkt.com/robert-rusu/profil/spieler/1154108","Goalkeeper","16","Romania","CSU Craiova U19",NA,"Romania",0,FALSE,NA,"Summer",NA,NA,NA,NA
"UTA Arad","SuperLiga","Romania","2023","Departures","Willie","https://www.transfermarkt.com/willie/profil/spieler/212954","Attacking Midfield","30","Brazil","Without Club",NA,NA,NA,FALSE,"?","Summer",NA,NA,NA,NA
"UTA Arad","SuperLiga","Romania","2023","Departures","Dragoș Balauru","https://www.transfermarkt.com/dragos-balauru/profil/spieler/175972","Goalkeeper","33","Romania","Without Club",NA,NA,NA,FALSE,"?","Summer",NA,NA,NA,NA
"UTA Arad","SuperLiga","Romania","2023","Departures","Cristian Moldovan","https://www.transfermarkt.com/cristian-moldovan/profil/spieler/1164594","Attacking Midfield","21","Romania","Paulisana",NA,"Romania",NA,FALSE,"?","Summer",NA,NA,NA,NA
"UTA Arad","SuperLiga","Romania","2023","Departures","Emanuel Codrea","https://www.transfermarkt.com/emanuel-codrea/profil/spieler/1080168","Left-Back","19","Romania","Unirea Alba I.",NA,"Romania",NA,FALSE,"?","Summer",NA,NA,NA,NA
"UTA Arad","SuperLiga","Romania","2023","Departures","Paul Mercioiu","https://www.transfermarkt.com/paul-mercioiu/profil/spieler/910483","Centre-Forward","19","Romania","Dumbravita","Liga 2","Romania",NA,TRUE,"loan transfer","Summer",NA,NA,NA,NA
"UTA Arad","SuperLiga","Romania","2023","Departures","Claudiu Negoescu","https://www.transfermarkt.com/claudiu-negoescu/profil/spieler/672898","Right Winger","20","Romania","Chindia","Liga 2","Romania",NA,TRUE,"loan transfer","Summer",1,0,0,0
"UTA Arad","SuperLiga","Romania","2023","Departures","Denis Hrezdac","https://www.transfermarkt.com/denis-hrezdac/profil/spieler/641765","Defensive Midfield","21","Romania","Corvinul","Liga 2","Romania",NA,TRUE,"loan transfer","Summer",NA,NA,NA,NA
"UTA Arad","SuperLiga","Romania","2023","Departures","Joseph Godwin","https://www.transfermarkt.com/joseph-godwin/profil/spieler/1074443","Centre-Forward","20","Nigeria","ACSM Reșița","Liga 2","Romania",NA,TRUE,"loan transfer","Summer",NA,NA,NA,NA
"UTA Arad","SuperLiga","Romania","2023","Departures","Marco Bota","https://www.transfermarkt.com/marco-bota/profil/spieler/1083465","Left-Back","19","Romania","CSM Olimpia SM",NA,"Romania",NA,TRUE,"loan transfer","Summer",NA,NA,NA,NA
"UTA Arad","SuperLiga","Romania","2023","Departures","Fabiano Cibi","https://www.transfermarkt.com/fabiano-cibi/profil/spieler/723839","Defensive Midfield","18","Romania","Dumbravita","Liga 2","Romania",NA,TRUE,"loan transfer","Summer",NA,NA,NA,NA
"UTA Arad","SuperLiga","Romania","2023","Departures","David Avalumun","https://www.transfermarkt.com/david-avalumun/profil/spieler/1161369","Defensive Midfield","20","Nigeria","Pecica",NA,"Romania",NA,TRUE,"loan transfer","Summer",NA,NA,NA,NA
"UTA Arad","SuperLiga","Romania","2023","Departures","Hunor Sarkozi","https://www.transfermarkt.com/hunor-sarkozi/profil/spieler/904911","Right-Back","19","Romania","ACS Tg. Mures",NA,"Romania",NA,TRUE,"loan transfer","Summer",NA,NA,NA,NA
"UTA Arad","SuperLiga","Romania","2023","Departures","Bruce Nortey","https://www.transfermarkt.com/bruce-nortey/profil/spieler/1153960","Attacking Midfield","19","Ghana","Dumbravita","Liga 2","Romania",NA,TRUE,"loan transfer","Summer",2,0,0,0
"UTA Arad","SuperLiga","Romania","2023","Departures","Răzvan Ristin","https://www.transfermarkt.com/razvan-ristin/profil/spieler/1156313","Defensive Midfield","18","Romania","Dumbravita","Liga 2","Romania",NA,TRUE,"loan transfer","Summer",NA,NA,NA,NA
"UTA Arad","SuperLiga","Romania","2023","Departures","Ionuț Anișorac","https://www.transfermarkt.com/ionut-anisorac/profil/spieler/1146147","Left-Back","18","Romania","Chindia","Liga 2","Romania",NA,TRUE,"loan transfer","Summer",NA,NA,NA,NA
"UTA Arad","SuperLiga","Romania","2023","Departures","Stefan Milosevic","https://www.transfermarkt.com/stefan-milosevic/profil/spieler/306131","Centre-Forward","27","Montenegro","Without Club",NA,NA,NA,FALSE,"-","Summer",NA,NA,NA,NA
"UTA Arad","SuperLiga","Romania","2023","Departures","Romario Benzar","https://www.transfermarkt.com/romario-benzar/profil/spieler/164231","Right-Back","31","Romania","FC Botosani","SuperLiga","Romania",NA,FALSE,"-","Summer",NA,NA,NA,NA
"UTA Arad","SuperLiga","Romania","2023","Departures","Raul Steau","https://www.transfermarkt.com/raul-steau/profil/spieler/547818","Attacking Midfield","22","Romania","Without Club",NA,NA,NA,FALSE,"-","Summer",NA,NA,NA,NA
"UTA Arad","SuperLiga","Romania","2023","Departures","Erico","https://www.transfermarkt.com/erico/profil/spieler/233917","Centre-Back","33","Brazil","Without Club",NA,NA,NA,FALSE,"-","Summer",NA,NA,NA,NA
"UTA Arad","SuperLiga","Romania","2023","Departures","Claudiu Keșerü","https://www.transfermarkt.com/claudiu-keseru/profil/spieler/25115","Centre-Forward","36","Romania",NA,NA,NA,NA,FALSE,"-","Summer",NA,NA,NA,NA
"UTA Arad","SuperLiga","Romania","2023","Departures","Albert Stahl","https://www.transfermarkt.com/albert-stahl/profil/spieler/478022","Right Winger","24","Romania","FC Rapid 1923","SuperLiga","Romania",NA,TRUE,"End of loan Jun 30, 2023","Summer",30,24,0,1066
"UTA Arad","SuperLiga","Romania","2023","Departures","Salvatore Marrone","https://www.transfermarkt.com/salvatore-marrone/profil/spieler/519232","Left-Back","22","Romania","FK Csikszereda","Liga 2","Romania",NA,TRUE,"End of loan Jun 30, 2023","Summer",NA,NA,NA,NA
"UTA Arad","SuperLiga","Romania","2023","Departures","Patrick Pașcalău","https://www.transfermarkt.com/patrick-pascalau/profil/spieler/1041591","Centre-Forward","17","Romania","Crisul Chisineu",NA,"Romania",NA,TRUE,"End of loan Jun 30, 2023","Summer",NA,NA,NA,NA
"UTA Arad","SuperLiga","Romania","2023","Arrivals","Alexandru Tudorie","https://www.transfermarkt.com/alexandru-tudorie/profil/spieler/260139","Centre-Forward","27","Romania","Al-Adalah","Saudi First Division League","Saudi Arabia",0,FALSE,NA,"Winter",11,9,1,197
"UTA Arad","SuperLiga","Romania","2023","Arrivals","João Pedro","https://www.transfermarkt.com/joao-pedro/profil/spieler/235568","Central Midfield","30","Portugal","Chaves","Liga Portugal","Portugal",0,FALSE,NA,"Winter",14,14,4,615
"UTA Arad","SuperLiga","Romania","2023","Arrivals","Ariel López","https://www.transfermarkt.com/ariel-lopez/profil/spieler/597554","Centre-Back","28","Uruguay","Otelul Galati","SuperLiga","Romania",0,FALSE,NA,"Winter",17,12,0,188
"UTA Arad","SuperLiga","Romania","2023","Arrivals","Eric Omondi","https://www.transfermarkt.com/eric-omondi/profil/spieler/401176","Left Winger","29","Kenya","Without Club",NA,NA,0,FALSE,NA,"Winter",28,28,5,1932
"UTA Arad","SuperLiga","Romania","2023","Arrivals","Vlad Morar","https://www.transfermarkt.com/vlad-morar/profil/spieler/186031","Centre-Forward","30","Romania","Niki Volou","Super League 2","Greece",0,FALSE,NA,"Winter",13,8,0,224
"UTA Arad","SuperLiga","Romania","2023","Arrivals","Răzvan Trif","https://www.transfermarkt.com/razvan-trif/profil/spieler/395799","Left-Back","26","Romania","Mediaș 2022",NA,"Romania",0,FALSE,NA,"Winter",17,9,0,443
"UTA Arad","SuperLiga","Romania","2023","Arrivals","Andrei David","https://www.transfermarkt.com/andrei-david/profil/spieler/608490","Attacking Midfield","20","Romania","Without Club",NA,NA,0,FALSE,NA,"Winter",16,5,0,85
"UTA Arad","SuperLiga","Romania","2023","Arrivals","Cătălin Vulturar","https://www.transfermarkt.com/catalin-vulturar/profil/spieler/710079","Defensive Midfield","19","Romania","FC Rapid 1923","SuperLiga","Romania",NA,TRUE,"loan transfer","Winter",13,9,0,437
"UTA Arad","SuperLiga","Romania","2023","Arrivals","Kevin Brobbey","https://www.transfermarkt.com/kevin-brobbey/profil/spieler/187290","Centre-Forward","30","Netherlands","Without Club",NA,NA,NA,FALSE,"-","Winter",25,25,7,1847
"UTA Arad","SuperLiga","Romania","2023","Arrivals","Imoh Ezekiel","https://www.transfermarkt.com/imoh-ezekiel/profil/spieler/216463","Centre-Forward","30","Nigeria","Without Club",NA,NA,NA,FALSE,"-","Winter",8,8,1,485
"UTA Arad","SuperLiga","Romania","2023","Arrivals","Cauã","https://www.transfermarkt.com/caua/profil/spieler/1113405","Striker","20","Brazil","Without Club",NA,NA,NA,FALSE,"-","Winter",0,0,0,0
"UTA Arad","SuperLiga","Romania","2023","Arrivals","Lucas Câmpan","https://www.transfermarkt.com/lucas-campan/profil/spieler/1184702","Centre-Forward","16","Romania","UTA Arad U19",NA,"Romania",NA,FALSE,"-","Winter",NA,NA,NA,NA
"UTA Arad","SuperLiga","Romania","2023","Arrivals","Paul Mercioiu","https://www.transfermarkt.com/paul-mercioiu/profil/spieler/910483","Centre-Forward","20","Romania","Dumbravita","Liga 2","Romania",NA,TRUE,"End of loan Jan 1, 2024","Winter",NA,NA,NA,NA
"UTA Arad","SuperLiga","Romania","2023","Arrivals","Alexandru Pătlăgică","https://www.transfermarkt.com/alexandru-patlagica/profil/spieler/916317","Right-Back","20","Romania","Metaloglobus","Liga 2","Romania",NA,TRUE,"End of loan Dec 31, 2023","Winter",NA,NA,NA,NA
"UTA Arad","SuperLiga","Romania","2023","Departures","Aly Abeid","https://www.transfermarkt.com/aly-abeid/profil/spieler/393436","Left-Back","26","Mauritania","CFR Cluj","SuperLiga","Romania",1e+05,FALSE,NA,"Winter",22,22,0,1718
"UTA Arad","SuperLiga","Romania","2023","Departures","Godberg Cooper","https://www.transfermarkt.com/godberg-cooper/profil/spieler/444984","Centre-Forward","26","Italy","Tobol Kostanay","Premier Liga","Kazakhstan",0,FALSE,NA,"Winter",25,23,3,1224
"UTA Arad","SuperLiga","Romania","2023","Departures","Cătălin Carp","https://www.transfermarkt.com/catalin-carp/profil/spieler/213016","Defensive Midfield","30","Moldova","Neftchi","Superliga","Uzbekistan",0,FALSE,NA,"Winter",20,18,2,1114
"UTA Arad","SuperLiga","Romania","2023","Departures","Denis Dumitrașcu","https://www.transfermarkt.com/denis-dumitrascu/profil/spieler/274671","Left-Back","28","Romania","FC Buzău","Liga 2","Romania",0,FALSE,NA,"Winter",20,15,0,880
"UTA Arad","SuperLiga","Romania","2023","Departures","Frederik Holst","https://www.transfermarkt.com/frederik-holst/profil/spieler/135209","Central Midfield","29","Denmark","07 Vestur","Betri-deildin","Faroe Islands",0,FALSE,NA,"Winter",9,3,0,107
"UTA Arad","SuperLiga","Romania","2023","Departures","Stefanos Stroungis","https://www.transfermarkt.com/stefanos-stroungis/profil/spieler/348298","Centre-Back","26","Greece","PS Kalamata","Super League 2","Greece",0,FALSE,NA,"Winter",2,1,0,26
"UTA Arad","SuperLiga","Romania","2023","Departures","Ivaylo Markov","https://www.transfermarkt.com/ivaylo-markov/profil/spieler/293611","Centre-Back","26","Bulgaria","Slavia Sofia","efbet Liga","Bulgaria",0,FALSE,NA,"Winter",11,7,0,540
"UTA Arad","SuperLiga","Romania","2023","Departures","Reagy Ofosu","https://www.transfermarkt.com/reagy-ofosu/profil/spieler/83253","Left Winger","32","Germany","FC Botosani","SuperLiga","Romania",0,FALSE,NA,"Winter",11,8,1,297
"UTA Arad","SuperLiga","Romania","2023","Departures","Aleksandar Vucenovic","https://www.transfermarkt.com/aleksandar-vucenovic/profil/spieler/384224","Centre-Forward","26","Austria","EN Paralimniou","2. Division","Cyprus",0,FALSE,NA,"Winter",6,6,0,266
"UTA Arad","SuperLiga","Romania","2023","Departures","Marko Roganovic","https://www.transfermarkt.com/marko-roganovic/profil/spieler/329312","Centre-Back","27","Montenegro","SC Gjilani","Superliga e Kosovës","Kosovo",0,FALSE,NA,"Winter",4,3,0,198
"UTA Arad","SuperLiga","Romania","2023","Departures","Kyvon Leidsman","https://www.transfermarkt.com/kyvon-leidsman/profil/spieler/243276","Centre-Forward","25","Netherlands","FC Dila","Erovnuli Liga","Georgia",0,FALSE,NA,"Winter",7,7,0,216
"UTA Arad","SuperLiga","Romania","2023","Departures","Damian Isac","https://www.transfermarkt.com/damian-isac/profil/spieler/641991","Central Midfield","22","Romania","ACSM Reșița","Liga 2","Romania",0,FALSE,NA,"Winter",1,1,0,30
"UTA Arad","SuperLiga","Romania","2023","Departures","Joseph Godwin","https://www.transfermarkt.com/joseph-godwin/profil/spieler/1074443","Centre-Forward","20","Nigeria","Miner. Ocna Dej",NA,"Romania",0,FALSE,NA,"Winter",NA,NA,NA,NA
"UTA Arad","SuperLiga","Romania","2023","Departures","Alexandru Pătlăgică","https://www.transfermarkt.com/alexandru-patlagica/profil/spieler/916317","Right-Back","20","Romania","Jiul Petrosani",NA,"Romania",NA,FALSE,"?","Winter",NA,NA,NA,NA
"UTA Arad","SuperLiga","Romania","2023","Departures","Paul Mercioiu","https://www.transfermarkt.com/paul-mercioiu/profil/spieler/910483","Centre-Forward","20","Romania","ACS Socodor",NA,"Romania",NA,TRUE,"loan transfer","Winter",NA,NA,NA,NA
"UTA Arad","SuperLiga","Romania","2023","Departures","Ahmet Ekmekci","https://www.transfermarkt.com/ahmet-ekmekci/profil/spieler/1153963","Second Striker","19","Romania","Dumbravita","Liga 2","Romania",NA,TRUE,"loan transfer","Winter",3,0,0,0
"UTA Arad","SuperLiga","Romania","2023","Departures","Lucas Câmpan","https://www.transfermarkt.com/lucas-campan/profil/spieler/1184702","Centre-Forward","17","Romania","Corvinul","Liga 2","Romania",NA,TRUE,"loan transfer","Winter",NA,NA,NA,NA
"UTA Arad","SuperLiga","Romania","2023","Departures","Herald Marku","https://www.transfermarkt.com/herald-marku/profil/spieler/339598","Central Midfield","27","Albania","Without Club",NA,NA,NA,FALSE,"-","Winter",23,15,0,871
"FC Hermannstadt","SuperLiga","Romania","2023","Arrivals","Gabriel Iancu","https://www.transfermarkt.com/gabriel-iancu/profil/spieler/164254","Centre-Forward","29","Romania","Akhmat Grozny","Premier Liga","Russia",0,FALSE,NA,"Summer",39,37,6,1903
"FC Hermannstadt","SuperLiga","Romania","2023","Arrivals","Cristian Neguț","https://www.transfermarkt.com/cristian-negut/profil/spieler/430836","Centre-Forward","27","Romania","Chindia","Liga 2","Romania",0,FALSE,NA,"Summer",38,38,5,1858
"FC Hermannstadt","SuperLiga","Romania","2023","Arrivals","Adrian Petre","https://www.transfermarkt.com/adrian-petre/profil/spieler/365769","Centre-Forward","25","Romania","Without Club",NA,NA,0,FALSE,NA,"Summer",7,5,0,114
"FC Hermannstadt","SuperLiga","Romania","2023","Arrivals","Rúben Fonseca","https://www.transfermarkt.com/ruben-fonseca/profil/spieler/648027","Centre-Forward","23","Portugal","Tondela","Liga Portugal 2","Portugal",0,FALSE,NA,"Summer",42,32,5,876
"FC Hermannstadt","SuperLiga","Romania","2023","Arrivals","Valerică Găman","https://www.transfermarkt.com/valerica-gaman/profil/spieler/47576","Centre-Back","34","Romania","CS U Craiova","SuperLiga","Romania",0,FALSE,NA,"Summer",37,34,3,2984
"FC Hermannstadt","SuperLiga","Romania","2023","Arrivals","Bogdan Rotar","https://www.transfermarkt.com/bogdan-rotar/profil/spieler/809355","Right Winger","21","Romania","FK Csikszereda","Liga 2","Romania",0,FALSE,NA,"Summer",NA,NA,NA,NA
"FC Hermannstadt","SuperLiga","Romania","2023","Arrivals","Alexandru Jipa","https://www.transfermarkt.com/alexandru-jipa/profil/spieler/938289","Right Midfield","20","Romania","Chindia","Liga 2","Romania",0,FALSE,NA,"Summer",37,32,2,1544
"FC Hermannstadt","SuperLiga","Romania","2023","Arrivals","Kevin Ciubotaru","https://www.transfermarkt.com/kevin-ciubotaru/profil/spieler/710076","Left-Back","19","Romania","Rangers B",NA,"Scotland",0,FALSE,NA,"Summer",22,7,0,413
"FC Hermannstadt","SuperLiga","Romania","2023","Arrivals","Emanuel Baba","https://www.transfermarkt.com/emanuel-baba/profil/spieler/1238223","Central Midfield","19","Ghana","Unknown",NA,NA,0,FALSE,NA,"Summer",NA,NA,NA,NA
"FC Hermannstadt","SuperLiga","Romania","2023","Arrivals","Cătălin Căbuz","https://www.transfermarkt.com/catalin-cabuz/profil/spieler/315442","Goalkeeper","27","Romania","CFR Cluj","SuperLiga","Romania",NA,TRUE,"loan transfer","Summer",37,34,0,3090
"FC Hermannstadt","SuperLiga","Romania","2023","Arrivals","Alessandro Murgia","https://www.transfermarkt.com/alessandro-murgia/profil/spieler/289061","Central Midfield","27","Italy","SPAL","Serie C - B","Italy",NA,TRUE,"loan transfer","Summer",36,28,1,2022
"FC Hermannstadt","SuperLiga","Romania","2023","Arrivals","Ionuț Pop","https://www.transfermarkt.com/ionut-pop/profil/spieler/21517","Goalkeeper","25","Romania","Slatina","Liga 2","Romania",NA,TRUE,"End of loan Jun 30, 2023","Summer",16,0,0,0
"FC Hermannstadt","SuperLiga","Romania","2023","Arrivals","Cosmin Bucuroiu","https://www.transfermarkt.com/cosmin-bucuroiu/profil/spieler/938636","Right Winger","19","Romania","Unirea Bascov",NA,"Romania",NA,TRUE,"End of loan Jun 30, 2023","Summer",27,15,0,376
"FC Hermannstadt","SuperLiga","Romania","2023","Arrivals","Benjamin Hanzu","https://www.transfermarkt.com/benjamin-hanzu/profil/spieler/1052686","Centre-Back","20","Romania","CS Tunari",NA,"Romania",NA,TRUE,"End of loan Jun 30, 2023","Summer",NA,NA,NA,NA
"FC Hermannstadt","SuperLiga","Romania","2023","Arrivals","Loren Nita","https://www.transfermarkt.com/loren-nita/profil/spieler/547808","Central Midfield","22","Romania","Miner. Ocna Dej",NA,"Romania",NA,TRUE,"End of loan Jun 30, 2023","Summer",NA,NA,NA,NA
"FC Hermannstadt","SuperLiga","Romania","2023","Departures","Raul Opruț","https://www.transfermarkt.com/raul-oprut/profil/spieler/393806","Left-Back","25","Romania","KV Kortrijk","Jupiler Pro League","Belgium",4e+05,FALSE,NA,"Summer",20,20,1,1783
"FC Hermannstadt","SuperLiga","Romania","2023","Departures","Karlo Letica","https://www.transfermarkt.com/karlo-letica/profil/spieler/318707","Goalkeeper","26","Croatia","Lausanne-Sport","Super League","Switzerland",3e+05,FALSE,NA,"Summer",5,5,0,450
"FC Hermannstadt","SuperLiga","Romania","2023","Departures","Vesel Limaj","https://www.transfermarkt.com/vesel-limaj/profil/spieler/227092","Central Midfield","26","Germany","FC Ballkani","Superliga e Kosovës","Kosovo",30000,FALSE,NA,"Summer",NA,NA,NA,NA
"FC Hermannstadt","SuperLiga","Romania","2023","Departures","Călin Popescu","https://www.transfermarkt.com/calin-popescu/profil/spieler/509936","Left Winger","21","Romania","Othellos Athien","Cyprus League","Cyprus",0,FALSE,NA,"Summer",NA,NA,NA,NA
"FC Hermannstadt","SuperLiga","Romania","2023","Departures","Cornel Ene","https://www.transfermarkt.com/cornel-ene/profil/spieler/224170","Centre-Back","30","Romania","Haladás","NB II.","Hungary",0,FALSE,NA,"Summer",NA,NA,NA,NA
"FC Hermannstadt","SuperLiga","Romania","2023","Departures","Valentin Buhăcianu","https://www.transfermarkt.com/valentin-buhacianu/profil/spieler/394464","Centre-Forward","29","Romania","FC Arges","Liga 2","Romania",0,FALSE,NA,"Summer",NA,NA,NA,NA
"FC Hermannstadt","SuperLiga","Romania","2023","Departures","Loren Nita","https://www.transfermarkt.com/loren-nita/profil/spieler/547808","Central Midfield","22","Romania","LSS Vointa",NA,"Romania",0,FALSE,NA,"Summer",NA,NA,NA,NA
"FC Hermannstadt","SuperLiga","Romania","2023","Departures","Ionuț Pop","https://www.transfermarkt.com/ionut-pop/profil/spieler/21517","Goalkeeper","25","Romania","CSA Steaua","Liga 2","Romania",NA,TRUE,"loan transfer","Summer",16,0,0,0
"FC Hermannstadt","SuperLiga","Romania","2023","Departures","Saeed Issah","https://www.transfermarkt.com/saeed-issah/profil/spieler/610414","Left-Back","23","Ghana","Metaloglobus","Liga 2","Romania",NA,TRUE,"loan transfer","Summer",NA,NA,NA,NA
"FC Hermannstadt","SuperLiga","Romania","2023","Departures","Bogdan Rotar","https://www.transfermarkt.com/bogdan-rotar/profil/spieler/809355","Right Winger","21","Romania","Mediaș 2022",NA,"Romania",NA,TRUE,"loan transfer","Summer",NA,NA,NA,NA
"FC Hermannstadt","SuperLiga","Romania","2023","Departures","Luca Mitrică","https://www.transfermarkt.com/luca-mitrica/profil/spieler/902303","Central Midfield","20","Romania","CS Tunari","Liga 2","Romania",NA,TRUE,"loan transfer","Summer",0,0,0,0
"FC Hermannstadt","SuperLiga","Romania","2023","Departures","Benjamin Hanzu","https://www.transfermarkt.com/benjamin-hanzu/profil/spieler/1052686","Centre-Back","20","Romania","Mediaș 2022",NA,"Romania",NA,TRUE,"loan transfer","Summer",NA,NA,NA,NA
"FC Hermannstadt","SuperLiga","Romania","2023","Departures","Vlăduț Popa","https://www.transfermarkt.com/vladut-popa/profil/spieler/950236","Centre-Back","21","Romania","Metalurg. Cugir",NA,"Romania",NA,TRUE,"loan transfer","Summer",NA,NA,NA,NA
"FC Hermannstadt","SuperLiga","Romania","2023","Departures","Calin Grecu","https://www.transfermarkt.com/calin-grecu/profil/spieler/1164248","Goalkeeper","20","Romania","LSS Vointa",NA,"Romania",NA,TRUE,"loan transfer","Summer",NA,NA,NA,NA
"FC Hermannstadt","SuperLiga","Romania","2023","Departures","Emanuel Baba","https://www.transfermarkt.com/emanuel-baba/profil/spieler/1238223","Central Midfield","19","Ghana","Mediaș 2022",NA,"Romania",NA,TRUE,"loan transfer","Summer",NA,NA,NA,NA
"FC Hermannstadt","SuperLiga","Romania","2023","Departures","Matko Babic","https://www.transfermarkt.com/matko-babic/profil/spieler/371223","Centre-Forward","24","Croatia","Without Club",NA,NA,NA,FALSE,"-","Summer",NA,NA,NA,NA
"FC Hermannstadt","SuperLiga","Romania","2023","Departures","Gabriel Iancu","https://www.transfermarkt.com/gabriel-iancu/profil/spieler/164254","Centre-Forward","29","Romania","Akhmat Grozny","Premier Liga","Russia",NA,TRUE,"End of loan Jun 30, 2023","Summer",39,37,6,1903
"FC Hermannstadt","SuperLiga","Romania","2023","Arrivals","Ianis Stoica","https://www.transfermarkt.com/ianis-stoica/profil/spieler/547754","Left Winger","21","Romania","FCSB","SuperLiga","Romania",5e+05,FALSE,NA,"Winter",16,16,5,1177
"FC Hermannstadt","SuperLiga","Romania","2023","Arrivals","Kablan Davy N'Goma","https://www.transfermarkt.com/kablan-davy-ngoma/profil/spieler/469049","Right Winger","28","France","FC Botosani","SuperLiga","Romania",0,FALSE,NA,"Winter",12,6,0,127
"FC Hermannstadt","SuperLiga","Romania","2023","Arrivals","Alexandru Luca","https://www.transfermarkt.com/alexandru-luca/profil/spieler/916316","Attacking Midfield","19","Romania","CSC Selimbar","Liga 2","Romania",0,FALSE,NA,"Winter",1,0,0,0
"FC Hermannstadt","SuperLiga","Romania","2023","Arrivals","Raul Opruț","https://www.transfermarkt.com/raul-oprut/profil/spieler/393806","Left-Back","26","Romania","KV Kortrijk","Jupiler Pro League","Belgium",NA,TRUE,"loan transfer","Winter",20,20,1,1783
"FC Hermannstadt","SuperLiga","Romania","2023","Arrivals","Ionuț Pop","https://www.transfermarkt.com/ionut-pop/profil/spieler/21517","Goalkeeper","26","Romania","CSA Steaua","Liga 2","Romania",NA,TRUE,"End of loan Jan 1, 2024","Winter",16,0,0,0
"FC Hermannstadt","SuperLiga","Romania","2023","Arrivals","Luca Mitrică","https://www.transfermarkt.com/luca-mitrica/profil/spieler/902303","Central Midfield","20","Romania","CS Tunari","Liga 2","Romania",NA,TRUE,"End of loan Jan 1, 2024","Winter",0,0,0,0
"FC Hermannstadt","SuperLiga","Romania","2023","Arrivals","Emanuel Baba","https://www.transfermarkt.com/emanuel-baba/profil/spieler/1238223","Central Midfield","20","Ghana","Mediaș 2022",NA,"Romania",NA,TRUE,"End of loan Feb 5, 2024","Winter",NA,NA,NA,NA
"FC Hermannstadt","SuperLiga","Romania","2023","Departures","Baba Alhassan","https://www.transfermarkt.com/baba-alhassan/profil/spieler/626899","Centre-Back","23","Ghana","FCSB","SuperLiga","Romania",6e+05,FALSE,NA,"Winter",22,21,2,1390
"FC Hermannstadt","SuperLiga","Romania","2023","Departures","Adrian Petre","https://www.transfermarkt.com/adrian-petre/profil/spieler/365769","Centre-Forward","25","Romania","CS Tunari","Liga 2","Romania",0,FALSE,NA,"Winter",7,5,0,114
"FC Hermannstadt","SuperLiga","Romania","2023","Departures","Petrișor Petrescu","https://www.transfermarkt.com/petrisor-petrescu/profil/spieler/241343","Right Winger","30","Romania","FC Arges","Liga 2","Romania",NA,TRUE,"loan transfer","Winter",17,11,1,432
"FC Hermannstadt","SuperLiga","Romania","2023","Departures","Alexandru Luca","https://www.transfermarkt.com/alexandru-luca/profil/spieler/916316","Attacking Midfield","19","Romania","Mediaș 2022",NA,"Romania",NA,TRUE,"loan transfer","Winter",1,0,0,0
"FC Hermannstadt","SuperLiga","Romania","2023","Departures","Emanuel Baba","https://www.transfermarkt.com/emanuel-baba/profil/spieler/1238223","Central Midfield","20","Ghana","CSC Selimbar","Liga 2","Romania",NA,TRUE,"loan transfer","Winter",NA,NA,NA,NA
"FC Hermannstadt","SuperLiga","Romania","2023","Departures","Cristian Bărbuţ","https://www.transfermarkt.com/cristian-barbut/profil/spieler/262108","Right Winger","28","Romania","Without Club",NA,NA,NA,FALSE,"-","Winter",17,9,1,284
"Petrolul Ploiesti","SuperLiga","Romania","2023","Arrivals","Giorgi Abuashvili","https://www.transfermarkt.com/giorgi-abuashvili/profil/spieler/677057","Left Winger","20","Georgia","FC Porto B","Liga Portugal 2","Portugal",150000,FALSE,NA,"Summer",11,4,1,117
"Petrolul Ploiesti","SuperLiga","Romania","2023","Arrivals","Zoran Mitrov","https://www.transfermarkt.com/zoran-mitrov/profil/spieler/740986","Left Winger","21","Romania","FC Brasov-SR",NA,"Romania",10000,FALSE,NA,"Summer",15,4,0,80
"Petrolul Ploiesti","SuperLiga","Romania","2023","Arrivals","Billel Omrani","https://www.transfermarkt.com/billel-omrani/profil/spieler/131589","Centre-Forward","30","Algeria","FCSB","SuperLiga","Romania",0,FALSE,NA,"Summer",7,7,0,244
"Petrolul Ploiesti","SuperLiga","Romania","2023","Arrivals","Sergiu Hanca","https://www.transfermarkt.com/sergiu-hanca/profil/spieler/212806","Right Midfield","31","Romania","CS U Craiova","SuperLiga","Romania",0,FALSE,NA,"Summer",31,30,0,2175
"Petrolul Ploiesti","SuperLiga","Romania","2023","Arrivals","Mihai Roman","https://www.transfermarkt.com/mihai-roman/profil/spieler/135566","Centre-Forward","31","Romania","FC Botosani","SuperLiga","Romania",0,FALSE,NA,"Summer",21,12,2,577
"Petrolul Ploiesti","SuperLiga","Romania","2023","Arrivals","Guilherme Garutti","https://www.transfermarkt.com/guilherme-garutti/profil/spieler/520084","Centre-Back","29","Brazil","CS Mioveni","Liga 2","Romania",0,FALSE,NA,"Summer",37,13,0,880
"Petrolul Ploiesti","SuperLiga","Romania","2023","Arrivals","Lukas Zima","https://www.transfermarkt.com/lukas-zima/profil/spieler/147558","Goalkeeper","29","Czech Republic","VVV-Venlo","Keuken Kampioen Divisie","Netherlands",0,FALSE,NA,"Summer",40,40,0,3600
"Petrolul Ploiesti","SuperLiga","Romania","2023","Arrivals","Zoran Petrovic","https://www.transfermarkt.com/zoran-petrovic/profil/spieler/293254","Right Winger","25","Montenegro","B. Podgorica","Meridianbet 1. CFL","Montenegro",0,FALSE,NA,"Summer",11,11,1,548
"Petrolul Ploiesti","SuperLiga","Romania","2023","Arrivals","George Gavrilaș","https://www.transfermarkt.com/george-gavrilas/profil/spieler/203089","Goalkeeper","32","Romania","Metaloglobus","Liga 2","Romania",0,FALSE,NA,"Summer",2,0,0,0
"Petrolul Ploiesti","SuperLiga","Romania","2023","Arrivals","Mihai Eșanu","https://www.transfermarkt.com/mihai-esanu/profil/spieler/436072","Goalkeeper","24","Romania","Chindia","Liga 2","Romania",0,FALSE,NA,"Summer",41,2,0,180
"Petrolul Ploiesti","SuperLiga","Romania","2023","Arrivals","Iustin Răducan","https://www.transfermarkt.com/iustin-raducan/profil/spieler/989197","Centre-Forward","17","Romania","Sport Team U18",NA,"Romania",0,FALSE,NA,"Summer",36,13,0,180
"Petrolul Ploiesti","SuperLiga","Romania","2023","Arrivals","David Vraciu","https://www.transfermarkt.com/david-vraciu/profil/spieler/319255","Attacking Midfield","21","Romania","UD Almería B",NA,"Spain",0,FALSE,NA,"Summer",5,1,0,9
"Petrolul Ploiesti","SuperLiga","Romania","2023","Arrivals","Pedro Justiniano","https://www.transfermarkt.com/pedro-justiniano/profil/spieler/357988","Centre-Back","23","Guinea-Bissau","Radomiak","Ekstraklasa","Poland",NA,TRUE,"loan transfer","Summer",18,8,0,383
"Petrolul Ploiesti","SuperLiga","Romania","2023","Arrivals","Alexandru Musi","https://www.transfermarkt.com/alexandru-musi/profil/spieler/881064","Left Winger","18","Romania","FCSB","SuperLiga","Romania",NA,TRUE,"loan transfer","Summer",39,39,5,2889
"Petrolul Ploiesti","SuperLiga","Romania","2023","Arrivals","Denis Radu","https://www.transfermarkt.com/denis-radu/profil/spieler/641989","Right-Back","20","Romania","SSU Poli",NA,"Romania",NA,TRUE,"loan transfer","Summer",32,13,0,462
"Petrolul Ploiesti","SuperLiga","Romania","2023","Arrivals","Ionuț Cojocaru","https://www.transfermarkt.com/ionut-cojocaru/profil/spieler/901511","Left Winger","19","Romania","FCV Farul","SuperLiga","Romania",NA,TRUE,"loan transfer","Summer",2,0,0,0
"Petrolul Ploiesti","SuperLiga","Romania","2023","Arrivals","Mihnea Rădulescu","https://www.transfermarkt.com/mihnea-radulescu/profil/spieler/1017320","Right Winger","17","Romania","Ploiesti U19",NA,"Romania",NA,FALSE,"-","Summer",21,13,0,301
"Petrolul Ploiesti","SuperLiga","Romania","2023","Arrivals","Alexandru Sabău","https://www.transfermarkt.com/alexandru-sabau/profil/spieler/396611","Centre-Back","24","Romania","CSA Steaua","Liga 2","Romania",NA,TRUE,"End of loan Jun 30, 2023","Summer",NA,NA,NA,NA
"Petrolul Ploiesti","SuperLiga","Romania","2023","Arrivals","Mihai Velisar","https://www.transfermarkt.com/mihai-velisar/profil/spieler/610483","Left-Back","24","Romania","Concordia","Liga 2","Romania",NA,TRUE,"End of loan Jun 30, 2023","Summer",NA,NA,NA,NA
"Petrolul Ploiesti","SuperLiga","Romania","2023","Arrivals","Dragoș Gheorghe","https://www.transfermarkt.com/dragos-gheorghe/profil/spieler/728142","Left Winger","24","Romania","CSA Steaua","Liga 2","Romania",NA,TRUE,"End of loan Jun 30, 2023","Summer",NA,NA,NA,NA
"Petrolul Ploiesti","SuperLiga","Romania","2023","Arrivals","Alin Boțogan","https://www.transfermarkt.com/alin-botogan/profil/spieler/793133","Left Winger","19","Romania","Unirea Slobozia","Liga 2","Romania",NA,TRUE,"End of loan Jun 30, 2023","Summer",NA,NA,NA,NA
"Petrolul Ploiesti","SuperLiga","Romania","2023","Arrivals","Vlad Prejmerean","https://www.transfermarkt.com/vlad-prejmerean/profil/spieler/435718","Central Midfield","25","Romania","Unirea Slobozia","Liga 2","Romania",NA,TRUE,"End of loan Jun 30, 2023","Summer",NA,NA,NA,NA
"Petrolul Ploiesti","SuperLiga","Romania","2023","Arrivals","Alexandru Saim Tudor","https://www.transfermarkt.com/alexandru-saim-tudor/profil/spieler/605545","Left Winger","24","Romania","FC Brasov-SR","Liga 2","Romania",NA,TRUE,"End of loan Jun 30, 2023","Summer",NA,NA,NA,NA
"Petrolul Ploiesti","SuperLiga","Romania","2023","Arrivals","Mihai Constantinescu","https://www.transfermarkt.com/mihai-constantinescu/profil/spieler/730807","Central Midfield","20","Romania","Concordia","Liga 2","Romania",NA,TRUE,"End of loan Jun 30, 2023","Summer",4,2,0,19
"Petrolul Ploiesti","SuperLiga","Romania","2023","Arrivals","Antoniu Manolache","https://www.transfermarkt.com/antoniu-manolache/profil/spieler/418218","Centre-Back","23","Romania","Gloria Bistrita",NA,"Romania",NA,TRUE,"End of loan Jun 30, 2023","Summer",NA,NA,NA,NA
"Petrolul Ploiesti","SuperLiga","Romania","2023","Arrivals","Adrian Nicolae","https://www.transfermarkt.com/adrian-nicolae/profil/spieler/608475","Centre-Back","20","Romania","Corvinul","Liga 2","Romania",NA,TRUE,"End of loan Jun 30, 2024","Summer",NA,NA,NA,NA
"Petrolul Ploiesti","SuperLiga","Romania","2023","Arrivals","Vlad Bogdan","https://www.transfermarkt.com/vlad-bogdan/profil/spieler/608486","Left Winger","20","Romania","Unirea Dej","Liga 2","Romania",NA,TRUE,"End of loan Jun 30, 2023","Summer",NA,NA,NA,NA
"Petrolul Ploiesti","SuperLiga","Romania","2023","Arrivals","Cristian Licsandru","https://www.transfermarkt.com/cristian-licsandru/profil/spieler/888398","Centre-Back","21","Romania","CS Tunari","Liga 2","Romania",NA,TRUE,"End of loan Apr 9, 2024","Summer",NA,NA,NA,NA
"Petrolul Ploiesti","SuperLiga","Romania","2023","Arrivals","Ioan Tolea","https://www.transfermarkt.com/ioan-tolea/profil/spieler/1011742","Left-Back","20","Romania","FC Pucioasa",NA,"Romania",NA,TRUE,"End of loan Jun 30, 2023","Summer",NA,NA,NA,NA
"Petrolul Ploiesti","SuperLiga","Romania","2023","Arrivals","Aris Oprea","https://www.transfermarkt.com/aris-oprea/profil/spieler/843517","Left-Back","19","Romania","CS Afumati",NA,"Romania",NA,TRUE,"End of loan Jun 30, 2023","Summer",NA,NA,NA,NA
"Petrolul Ploiesti","SuperLiga","Romania","2023","Arrivals","Juan Pătraşcu","https://www.transfermarkt.com/juan-patrascu/profil/spieler/1088074","Centre-Back","19","Romania","CS Paulesti",NA,"Romania",NA,TRUE,"End of loan Jun 30, 2023","Summer",NA,NA,NA,NA
"Petrolul Ploiesti","SuperLiga","Romania","2023","Arrivals","Mihai Nițescu","https://www.transfermarkt.com/mihai-nitescu/profil/spieler/575188","Central Midfield","22","Romania","CS Blejoi",NA,"Romania",NA,TRUE,"End of loan Jun 30, 2023","Summer",0,0,0,0
"Petrolul Ploiesti","SuperLiga","Romania","2023","Arrivals","Cristian Licsandru","https://www.transfermarkt.com/cristian-licsandru/profil/spieler/888398","Centre-Back","20","Romania","FC Voluntari II",NA,"Romania",NA,TRUE,"End of loan Jun 30, 2023","Summer",NA,NA,NA,NA
"Petrolul Ploiesti","SuperLiga","Romania","2023","Arrivals","Alex Radu","https://www.transfermarkt.com/alex-radu/profil/spieler/971417","Goalkeeper","20","Romania","CS Afumati",NA,"Romania",NA,TRUE,"End of loan Jun 30, 2023","Summer",0,0,0,0
"Petrolul Ploiesti","SuperLiga","Romania","2023","Arrivals","Robert Enache","https://www.transfermarkt.com/robert-enache/profil/spieler/678815","Central Midfield","21","Romania","CS Blejoi",NA,"Romania",NA,TRUE,"End of loan Jun 30, 2023","Summer",NA,NA,NA,NA
"Petrolul Ploiesti","SuperLiga","Romania","2023","Arrivals","Sebastian Balasa","https://www.transfermarkt.com/sebastian-balasa/profil/spieler/1142493","Centre-Forward","19","Romania","CS Blejoi",NA,"Romania",NA,TRUE,"End of loan Jun 30, 2023","Summer",NA,NA,NA,NA
"Petrolul Ploiesti","SuperLiga","Romania","2023","Departures","Christian Irobiso","https://www.transfermarkt.com/christian-irobiso/profil/spieler/213351","Centre-Forward","30","Nigeria","Al-Ula",NA,"Saudi Arabia",110000,FALSE,NA,"Summer",21,20,6,879
"Petrolul Ploiesti","SuperLiga","Romania","2023","Departures","Constantin Budescu","https://www.transfermarkt.com/constantin-budescu/profil/spieler/164233","Attacking Midfield","34","Romania","FCV Farul","SuperLiga","Romania",0,FALSE,NA,"Summer",3,3,0,198
"Petrolul Ploiesti","SuperLiga","Romania","2023","Departures","Mathaus","https://www.transfermarkt.com/mathaus/profil/spieler/380301","Centre-Back","32","Cape Verde","PAE Chania","Super League 2","Greece",0,FALSE,NA,"Summer",NA,NA,NA,NA
"Petrolul Ploiesti","SuperLiga","Romania","2023","Departures","Stefan Purtic","https://www.transfermarkt.com/stefan-purtic/profil/spieler/475216","Defensive Midfield","25","Serbia","Zelez. Pancevo","Super liga Srbije","Serbia",0,FALSE,NA,"Summer",7,1,0,11
"Petrolul Ploiesti","SuperLiga","Romania","2023","Departures","Georgi Pashov","https://www.transfermarkt.com/georgi-pashov/profil/spieler/87297","Right-Back","33","Bulgaria","FC Buzău","Liga 2","Romania",0,FALSE,NA,"Summer",NA,NA,NA,NA
"Petrolul Ploiesti","SuperLiga","Romania","2023","Departures","Robert Moldoveanu","https://www.transfermarkt.com/robert-moldoveanu/profil/spieler/319235","Right Winger","24","Romania","Chindia","Liga 2","Romania",0,FALSE,NA,"Summer",NA,NA,NA,NA
"Petrolul Ploiesti","SuperLiga","Romania","2023","Departures","Mihai Velisar","https://www.transfermarkt.com/mihai-velisar/profil/spieler/610483","Left-Back","24","Romania","Corvinul","Liga 2","Romania",0,FALSE,NA,"Summer",NA,NA,NA,NA
"Petrolul Ploiesti","SuperLiga","Romania","2023","Departures","Alexandru Saim Tudor","https://www.transfermarkt.com/alexandru-saim-tudor/profil/spieler/605545","Left Winger","24","Romania","FC Brasov-SR",NA,"Romania",0,FALSE,NA,"Summer",NA,NA,NA,NA
"Petrolul Ploiesti","SuperLiga","Romania","2023","Departures","Antoniu Manolache","https://www.transfermarkt.com/antoniu-manolache/profil/spieler/418218","Centre-Back","23","Romania","Corvinul","Liga 2","Romania",0,FALSE,NA,"Summer",NA,NA,NA,NA
"Petrolul Ploiesti","SuperLiga","Romania","2023","Departures","Cristian Licsandru","https://www.transfermarkt.com/cristian-licsandru/profil/spieler/888398","Centre-Back","21","Romania","FC Dinamo","SuperLiga","Romania",0,FALSE,NA,"Summer",NA,NA,NA,NA
"Petrolul Ploiesti","SuperLiga","Romania","2023","Departures","Mihai Nițescu","https://www.transfermarkt.com/mihai-nitescu/profil/spieler/575188","Central Midfield","22","Romania","Alexandria","Liga 2","Romania",0,FALSE,NA,"Summer",0,0,0,0
"Petrolul Ploiesti","SuperLiga","Romania","2023","Departures","Andreas Leitner","https://www.transfermarkt.com/andreas-leitner/profil/spieler/106851","Goalkeeper","29","Austria","SV Ried","2. Liga","Austria",NA,FALSE,"?","Summer",NA,NA,NA,NA
"Petrolul Ploiesti","SuperLiga","Romania","2023","Departures","Dragoș Gheorghe","https://www.transfermarkt.com/dragos-gheorghe/profil/spieler/728142","Left Winger","24","Romania","CS Tunari","Liga 2","Romania",NA,FALSE,"?","Summer",NA,NA,NA,NA
"Petrolul Ploiesti","SuperLiga","Romania","2023","Departures","Alexandru Sabău","https://www.transfermarkt.com/alexandru-sabau/profil/spieler/396611","Centre-Back","24","Romania","ACSM Reșița","Liga 2","Romania",NA,TRUE,"loan transfer","Summer",NA,NA,NA,NA
"Petrolul Ploiesti","SuperLiga","Romania","2023","Departures","Alin Boțogan","https://www.transfermarkt.com/alin-botogan/profil/spieler/793133","Left Winger","19","Romania","Chindia","Liga 2","Romania",NA,TRUE,"loan transfer","Summer",NA,NA,NA,NA
"Petrolul Ploiesti","SuperLiga","Romania","2023","Departures","Vlad Prejmerean","https://www.transfermarkt.com/vlad-prejmerean/profil/spieler/435718","Central Midfield","25","Romania","Chindia","Liga 2","Romania",NA,TRUE,"loan transfer","Summer",NA,NA,NA,NA
"Petrolul Ploiesti","SuperLiga","Romania","2023","Departures","Vlad Bogdan","https://www.transfermarkt.com/vlad-bogdan/profil/spieler/608486","Left Winger","20","Romania","Metaloglobus","Liga 2","Romania",NA,TRUE,"loan transfer","Summer",NA,NA,NA,NA
"Petrolul Ploiesti","SuperLiga","Romania","2023","Departures","Raul Bucur","https://www.transfermarkt.com/raul-bucur/profil/spieler/710096","Centre-Forward","20","Romania","CSO Plopeni",NA,"Romania",NA,TRUE,"loan transfer","Summer",6,0,0,0
"Petrolul Ploiesti","SuperLiga","Romania","2023","Departures","Ioan Tolea","https://www.transfermarkt.com/ioan-tolea/profil/spieler/1011742","Left-Back","20","Romania","CS Blejoi",NA,"Romania",NA,TRUE,"loan transfer","Summer",NA,NA,NA,NA
"Petrolul Ploiesti","SuperLiga","Romania","2023","Departures","Juan Pătraşcu","https://www.transfermarkt.com/juan-patrascu/profil/spieler/1088074","Centre-Back","19","Romania","CS Blejoi",NA,"Romania",NA,TRUE,"loan transfer","Summer",NA,NA,NA,NA
"Petrolul Ploiesti","SuperLiga","Romania","2023","Departures","Aris Oprea","https://www.transfermarkt.com/aris-oprea/profil/spieler/843517","Left-Back","19","Romania","CS Blejoi",NA,"Romania",NA,TRUE,"loan transfer","Summer",NA,NA,NA,NA
"Petrolul Ploiesti","SuperLiga","Romania","2023","Departures","Andrei Jercălău","https://www.transfermarkt.com/andrei-jercalau/profil/spieler/870050","Goalkeeper","18","Romania","Cetatea Tr. M.",NA,"Romania",NA,TRUE,"loan transfer","Summer",2,0,0,0
"Petrolul Ploiesti","SuperLiga","Romania","2023","Departures","Cristian Licsandru","https://www.transfermarkt.com/cristian-licsandru/profil/spieler/888398","Centre-Back","20","Romania","CS Tunari","Liga 2","Romania",NA,TRUE,"loan transfer","Summer",NA,NA,NA,NA
"Petrolul Ploiesti","SuperLiga","Romania","2023","Departures","Sebastian Guiu","https://www.transfermarkt.com/sebastian-guiu/profil/spieler/1126423","Centre-Forward","17","Romania","FC Buzău","Liga 2","Romania",NA,TRUE,"loan transfer","Summer",0,0,0,0
"Petrolul Ploiesti","SuperLiga","Romania","2023","Departures","Robert Enache","https://www.transfermarkt.com/robert-enache/profil/spieler/678815","Central Midfield","21","Romania","CSM Focsani",NA,"Romania",NA,TRUE,"loan transfer","Summer",NA,NA,NA,NA
"Petrolul Ploiesti","SuperLiga","Romania","2023","Departures","Adrian Nicolae","https://www.transfermarkt.com/adrian-nicolae/profil/spieler/608475","Centre-Back","19","Romania","Corvinul","Liga 2","Romania",NA,TRUE,"loan transfer","Summer",NA,NA,NA,NA
"Petrolul Ploiesti","SuperLiga","Romania","2023","Departures","Sebastian Balasa","https://www.transfermarkt.com/sebastian-balasa/profil/spieler/1142493","Centre-Forward","19","Romania","CS Blejoi",NA,"Romania",NA,TRUE,"loan transfer","Summer",NA,NA,NA,NA
"Petrolul Ploiesti","SuperLiga","Romania","2023","Departures","Iasmin Latovlevici","https://www.transfermarkt.com/iasmin-latovlevici/profil/spieler/47172","Left-Back","37","Romania",NA,NA,NA,NA,FALSE,"-","Summer",NA,NA,NA,NA
"Petrolul Ploiesti","SuperLiga","Romania","2023","Departures","Alexandru Musi","https://www.transfermarkt.com/alexandru-musi/profil/spieler/881064","Left Winger","19","Romania","FCSB","SuperLiga","Romania",NA,TRUE,"End of loan Jun 30, 2024","Summer",39,39,5,2889
"Petrolul Ploiesti","SuperLiga","Romania","2023","Departures","Octavian Vâlceanu","https://www.transfermarkt.com/octavian-valceanu/profil/spieler/252192","Goalkeeper","26","Romania","FC Voluntari","SuperLiga","Romania",NA,TRUE,"End of loan Jun 30, 2023","Summer",NA,NA,NA,NA
"Petrolul Ploiesti","SuperLiga","Romania","2023","Departures","Florin Borța","https://www.transfermarkt.com/florin-borta/profil/spieler/603327","Right-Back","24","Romania","CS U Craiova","SuperLiga","Romania",NA,TRUE,"End of loan Jun 30, 2023","Summer",NA,NA,NA,NA
"Petrolul Ploiesti","SuperLiga","Romania","2023","Departures","Ricardo Grigore","https://www.transfermarkt.com/ricardo-grigore/profil/spieler/436078","Centre-Back","24","Romania","FC Dinamo","SuperLiga","Romania",NA,TRUE,"End of loan Jun 30, 2023","Summer",NA,NA,NA,NA
"Petrolul Ploiesti","SuperLiga","Romania","2023","Departures","Dragoș Gheorghe","https://www.transfermarkt.com/dragos-gheorghe/profil/spieler/728142","Left Winger","23","Romania","Astra Giurgiu",NA,"Romania",NA,TRUE,"End of loan Jun 30, 2022","Summer",NA,NA,NA,NA
"Petrolul Ploiesti","SuperLiga","Romania","2023","Departures","Ionuț Cojocaru","https://www.transfermarkt.com/ionut-cojocaru/profil/spieler/901511","Left Winger","20","Romania","FCV Farul","SuperLiga","Romania",NA,TRUE,"End of loan Sep 5, 2023","Summer",2,0,0,0
"Petrolul Ploiesti","SuperLiga","Romania","2023","Arrivals","Albin Berisha","https://www.transfermarkt.com/albin-berisha/profil/spieler/585901","Centre-Forward","23","Kosovo","FC Ballkani","Superliga e Kosovës","Kosovo",230000,FALSE,NA,"Winter",14,14,3,795
"Petrolul Ploiesti","SuperLiga","Romania","2023","Arrivals","Tommi Jyry","https://www.transfermarkt.com/tommi-jyry/profil/spieler/464308","Central Midfield","24","Finland","FC Inter","Veikkausliiga","Finland",0,FALSE,NA,"Winter",14,11,1,418
"Petrolul Ploiesti","SuperLiga","Romania","2023","Arrivals","David Paraschiv","https://www.transfermarkt.com/david-paraschiv/profil/spieler/1229951","Central Midfield","17","Romania","Sport Team",NA,"Romania",NA,FALSE,"?","Winter",8,0,0,0
"Petrolul Ploiesti","SuperLiga","Romania","2023","Arrivals","Alexandru Ișfan","https://www.transfermarkt.com/alexandru-isfan/profil/spieler/672055","Right Winger","23","Romania","CS U Craiova","SuperLiga","Romania",NA,TRUE,"loan transfer","Winter",17,17,0,582
"Petrolul Ploiesti","SuperLiga","Romania","2023","Arrivals","Christian Irobiso","https://www.transfermarkt.com/christian-irobiso/profil/spieler/213351","Centre-Forward","30","Nigeria","Al-Ula",NA,"Saudi Arabia",NA,TRUE,"loan transfer","Winter",21,20,6,879
"Petrolul Ploiesti","SuperLiga","Romania","2023","Arrivals","Raul Bălbărău","https://www.transfermarkt.com/raul-balbarau/profil/spieler/900040","Goalkeeper","22","Romania","Without Club",NA,NA,NA,FALSE,"-","Winter",12,0,0,0
"Petrolul Ploiesti","SuperLiga","Romania","2023","Arrivals","Vlad Prejmerean","https://www.transfermarkt.com/vlad-prejmerean/profil/spieler/435718","Central Midfield","25","Romania","Chindia","Liga 2","Romania",NA,TRUE,"End of loan Jan 23, 2024","Winter",NA,NA,NA,NA
"Petrolul Ploiesti","SuperLiga","Romania","2023","Arrivals","Raul Bucur","https://www.transfermarkt.com/raul-bucur/profil/spieler/710096","Centre-Forward","21","Romania","CSO Plopeni",NA,"Romania",NA,TRUE,"End of loan Mar 17, 2024","Winter",6,0,0,0
"Petrolul Ploiesti","SuperLiga","Romania","2023","Arrivals","Andrei Jercălău","https://www.transfermarkt.com/andrei-jercalau/profil/spieler/870050","Goalkeeper","18","Romania","Cetatea Tr. M.",NA,"Romania",NA,TRUE,"End of loan Dec 31, 2023","Winter",2,0,0,0
"Petrolul Ploiesti","SuperLiga","Romania","2023","Arrivals","Sebastian Guiu","https://www.transfermarkt.com/sebastian-guiu/profil/spieler/1126423","Centre-Forward","17","Romania","FC Buzău","Liga 2","Romania",NA,TRUE,"End of loan Dec 31, 2023","Winter",0,0,0,0
"Petrolul Ploiesti","SuperLiga","Romania","2023","Departures","Billel Omrani","https://www.transfermarkt.com/billel-omrani/profil/spieler/131589","Centre-Forward","30","Algeria","Wisla Kraków","Betclic 1 Liga","Poland",0,FALSE,NA,"Winter",7,7,0,244
"Petrolul Ploiesti","SuperLiga","Romania","2023","Departures","Mihai Roman","https://www.transfermarkt.com/mihai-roman/profil/spieler/135566","Centre-Forward","31","Romania","Neftchi","Superliga","Uzbekistan",0,FALSE,NA,"Winter",21,12,2,577
"Petrolul Ploiesti","SuperLiga","Romania","2023","Departures","Jefferson","https://www.transfermarkt.com/jefferson/profil/spieler/252922","Central Midfield","30","Brazil","Boluspor","1.Lig","Türkiye",0,FALSE,NA,"Winter",22,20,0,1012
"Petrolul Ploiesti","SuperLiga","Romania","2023","Departures","Zoran Petrovic","https://www.transfermarkt.com/zoran-petrovic/profil/spieler/293254","Right Winger","26","Montenegro","Sogdiana","Superliga","Uzbekistan",0,FALSE,NA,"Winter",11,11,1,548
"Petrolul Ploiesti","SuperLiga","Romania","2023","Departures","Vlad Prejmerean","https://www.transfermarkt.com/vlad-prejmerean/profil/spieler/435718","Central Midfield","25","Romania","FC Buzău","Liga 2","Romania",0,FALSE,NA,"Winter",NA,NA,NA,NA
"Petrolul Ploiesti","SuperLiga","Romania","2023","Departures","Giorgi Abuashvili","https://www.transfermarkt.com/giorgi-abuashvili/profil/spieler/677057","Left Winger","21","Georgia","Kolkheti Poti","Erovnuli Liga","Georgia",0,FALSE,NA,"Winter",11,4,1,117
"Petrolul Ploiesti","SuperLiga","Romania","2023","Departures","George Gavrilaș","https://www.transfermarkt.com/george-gavrilas/profil/spieler/203089","Goalkeeper","33","Romania","Metaloglobus","Liga 2","Romania",0,FALSE,NA,"Winter",2,0,0,0
"Petrolul Ploiesti","SuperLiga","Romania","2023","Departures","Zoran Mitrov","https://www.transfermarkt.com/zoran-mitrov/profil/spieler/740986","Left Winger","21","Romania","FC Botosani","SuperLiga","Romania",0,FALSE,NA,"Winter",15,4,0,80
"Petrolul Ploiesti","SuperLiga","Romania","2023","Departures","David Vraciu","https://www.transfermarkt.com/david-vraciu/profil/spieler/319255","Attacking Midfield","21","Romania","Kolkheti Poti","Erovnuli Liga","Georgia",0,FALSE,NA,"Winter",5,1,0,9
"Petrolul Ploiesti","SuperLiga","Romania","2023","Departures","Mihnea Rădulescu","https://www.transfermarkt.com/mihnea-radulescu/profil/spieler/1017320","Right Winger","18","Romania","FC Buzău","Liga 2","Romania",NA,TRUE,"loan transfer","Winter",21,13,0,301
"Petrolul Ploiesti","SuperLiga","Romania","2023","Departures","Mihai Constantinescu","https://www.transfermarkt.com/mihai-constantinescu/profil/spieler/730807","Central Midfield","21","Romania","Without Club",NA,NA,NA,FALSE,"-","Winter",4,2,0,19
"Petrolul Ploiesti","SuperLiga","Romania","2023","Departures","Alex Radu","https://www.transfermarkt.com/alex-radu/profil/spieler/971417","Goalkeeper","20","Romania","Without Club",NA,NA,NA,FALSE,"-","Winter",0,0,0,0
"Petrolul Ploiesti","SuperLiga","Romania","2023","Departures","Pedro Justiniano","https://www.transfermarkt.com/pedro-justiniano/profil/spieler/357988","Centre-Back","23","Guinea-Bissau","Radomiak","Ekstraklasa","Poland",NA,TRUE,"End of loan Dec 31, 2023","Winter",18,8,0,383
"FC Botosani","SuperLiga","Romania","2023","Arrivals","Răzvan Began","https://www.transfermarkt.com/razvan-began/profil/spieler/333376","Goalkeeper","26","Romania","Sepsi OSK","SuperLiga","Romania",0,FALSE,NA,"Summer",2,1,0,90
"FC Botosani","SuperLiga","Romania","2023","Arrivals","David Tweh","https://www.transfermarkt.com/david-tweh/profil/spieler/496844","Central Midfield","24","Liberia","H. Nof HaGalil","Liga Leumit","Israel",0,FALSE,NA,"Summer",3,3,0,138
"FC Botosani","SuperLiga","Romania","2023","Arrivals","Jaly Mouaddib","https://www.transfermarkt.com/jaly-mouaddib/profil/spieler/650105","Attacking Midfield","22","France","Angers SCO B","National 2 - Grp. B","France",0,FALSE,NA,"Summer",30,24,1,805
"FC Botosani","SuperLiga","Romania","2023","Arrivals","Fabrice Olinga","https://www.transfermarkt.com/fabrice-olinga/profil/spieler/238291","Left Winger","27","Cameroon","Without Club",NA,NA,0,FALSE,NA,"Summer",12,9,0,298
"FC Botosani","SuperLiga","Romania","2023","Arrivals","Adams Friday","https://www.transfermarkt.com/adams-friday/profil/spieler/1028313","Right-Back","20","Nigeria","FC Noah ","Premier League","Armenia",0,FALSE,NA,"Summer",34,23,0,1260
"FC Botosani","SuperLiga","Romania","2023","Arrivals","Kablan Davy N'Goma","https://www.transfermarkt.com/kablan-davy-ngoma/profil/spieler/469049","Right Winger","27","France","RFCU Luxembourg","BGL Ligue","Luxembourg",0,FALSE,NA,"Summer",11,11,0,813
"FC Botosani","SuperLiga","Romania","2023","Arrivals","Gustavo Hebling","https://www.transfermarkt.com/gustavo-hebling/profil/spieler/288502","Central Midfield","27","Brazil","ABC FC","Série B","Brazil",0,FALSE,NA,"Summer",2,1,0,2
"FC Botosani","SuperLiga","Romania","2023","Arrivals","Jean-Armel Drolé","https://www.transfermarkt.com/jean-armel-drole/profil/spieler/390667","Left Winger","25","Cote d'Ivoire","AJ Fano","Serie D - F","Italy",0,FALSE,NA,"Summer",18,13,2,482
"FC Botosani","SuperLiga","Romania","2023","Arrivals","George Gligor","https://www.transfermarkt.com/george-gligor/profil/spieler/1159757","Right Winger","18","Romania","Miner. Ocna Dej",NA,"Romania",0,FALSE,NA,"Summer",16,4,0,82
"FC Botosani","SuperLiga","Romania","2023","Arrivals","Răzvan Creț","https://www.transfermarkt.com/razvan-cret/profil/spieler/1027042","Left-Back","17","Romania","Lotus B. Felix",NA,"Romania",NA,FALSE,"?","Summer",31,8,0,435
"FC Botosani","SuperLiga","Romania","2023","Arrivals","Carlo Casap","https://www.transfermarkt.com/carlo-casap/profil/spieler/340981","Central Midfield","24","Romania","Without Club",NA,NA,NA,FALSE,"-","Summer",14,11,1,384
"FC Botosani","SuperLiga","Romania","2023","Arrivals","Romario Benzar","https://www.transfermarkt.com/romario-benzar/profil/spieler/164231","Right-Back","31","Romania","UTA Arad","SuperLiga","Romania",NA,FALSE,"-","Summer",31,30,0,2257
"FC Botosani","SuperLiga","Romania","2023","Arrivals","Miroslav Ilicic","https://www.transfermarkt.com/miroslav-ilicic/profil/spieler/427370","Centre-Forward","25","Croatia","Without Club",NA,NA,NA,FALSE,"-","Summer",17,16,1,1094
"FC Botosani","SuperLiga","Romania","2023","Arrivals","Martin Remacle","https://www.transfermarkt.com/martin-remacle/profil/spieler/309847","Defensive Midfield","26","Belgium","U Cluj","SuperLiga","Romania",NA,TRUE,"End of loan Jun 30, 2023","Summer",NA,NA,NA,NA
"FC Botosani","SuperLiga","Romania","2023","Arrivals","Andrei Ureche","https://www.transfermarkt.com/andrei-ureche/profil/spieler/394535","Goalkeeper","24","Romania","FC Brasov-SR","Liga 2","Romania",NA,TRUE,"End of loan Jun 30, 2023","Summer",29,4,0,360
"FC Botosani","SuperLiga","Romania","2023","Arrivals","Adi Chică-Roșă","https://www.transfermarkt.com/adi-chica-rosa/profil/spieler/736722","Centre-Forward","24","Romania","FC Brasov-SR","Liga 2","Romania",NA,TRUE,"End of loan Jun 30, 2023","Summer",NA,NA,NA,NA
"FC Botosani","SuperLiga","Romania","2023","Arrivals","Adrian Moescu","https://www.transfermarkt.com/adrian-moescu/profil/spieler/706943","Centre-Back","22","Romania","Ceahlaul",NA,"Romania",NA,TRUE,"End of loan Jun 30, 2023","Summer",0,0,0,0
"FC Botosani","SuperLiga","Romania","2023","Arrivals","Adrian Moescu","https://www.transfermarkt.com/adrian-moescu/profil/spieler/706943","Centre-Back","21","Romania","Dante Botosani",NA,"Romania",NA,TRUE,"End of loan Jan 1, 2023","Summer",0,0,0,0
"FC Botosani","SuperLiga","Romania","2023","Arrivals","Bogdan Filip","https://www.transfermarkt.com/bogdan-filip/profil/spieler/832833","Central Midfield","23","Romania","Foresta Suceava",NA,"Romania",NA,TRUE,"End of loan Jun 30, 2023","Summer",0,0,0,0
"FC Botosani","SuperLiga","Romania","2023","Arrivals","Adrian Răuțu","https://www.transfermarkt.com/adrian-rautu/profil/spieler/1170486","Centre-Forward","18","Romania","V. Darabani",NA,"Romania",NA,TRUE,"End of loan Jun 30, 2023","Summer",NA,NA,NA,NA
"FC Botosani","SuperLiga","Romania","2023","Departures","Martin Remacle","https://www.transfermarkt.com/martin-remacle/profil/spieler/309847","Defensive Midfield","26","Belgium","Korona Kielce","Ekstraklasa","Poland",20000,FALSE,NA,"Summer",NA,NA,NA,NA
"FC Botosani","SuperLiga","Romania","2023","Departures","Eduard Pap","https://www.transfermarkt.com/eduard-pap/profil/spieler/249080","Goalkeeper","29","Romania","ETO FC Győr ","NB II.","Hungary",0,FALSE,NA,"Summer",NA,NA,NA,NA
"FC Botosani","SuperLiga","Romania","2023","Departures","Mihai Roman","https://www.transfermarkt.com/mihai-roman/profil/spieler/135566","Centre-Forward","31","Romania","Petrolul","SuperLiga","Romania",0,FALSE,NA,"Summer",5,5,1,338
"FC Botosani","SuperLiga","Romania","2023","Departures","Răzvan Began","https://www.transfermarkt.com/razvan-began/profil/spieler/333376","Goalkeeper","26","Romania","FC Dinamo","SuperLiga","Romania",0,FALSE,NA,"Summer",2,1,0,90
"FC Botosani","SuperLiga","Romania","2023","Departures","Cătălin Golofca","https://www.transfermarkt.com/catalin-golofca/profil/spieler/241234","Right Winger","33","Romania","Chindia","Liga 2","Romania",0,FALSE,NA,"Summer",3,1,0,65
"FC Botosani","SuperLiga","Romania","2023","Departures","Andrei Burlacu","https://www.transfermarkt.com/andrei-burlacu/profil/spieler/415457","Left Winger","26","Romania","ACSM Reșița","Liga 2","Romania",0,FALSE,NA,"Summer",NA,NA,NA,NA
"FC Botosani","SuperLiga","Romania","2023","Departures","Kassim M'Dahoma","https://www.transfermarkt.com/kassim-mdahoma/profil/spieler/468512","Centre-Back","26","Comoros","GOAL FC","Championnat National","France",0,FALSE,NA,"Summer",NA,NA,NA,NA
"FC Botosani","SuperLiga","Romania","2023","Departures","Adi Chică-Roșă","https://www.transfermarkt.com/adi-chica-rosa/profil/spieler/736722","Centre-Forward","24","Romania","FC Buzău","Liga 2","Romania",NA,TRUE,"loan transfer","Summer",NA,NA,NA,NA
"FC Botosani","SuperLiga","Romania","2023","Departures","Narcis Ilaș","https://www.transfermarkt.com/narcis-ilas/profil/spieler/992843","Right Midfield","16","Romania","Lazio U18 ","Under 18 ","Italy",NA,TRUE,"loan transfer","Summer",NA,NA,NA,NA
"FC Botosani","SuperLiga","Romania","2023","Departures","Șerban Tomache","https://www.transfermarkt.com/serban-tomache/profil/spieler/983944","Goalkeeper","19","Romania","Somuz Falticeni",NA,"Romania",NA,TRUE,"loan transfer","Summer",NA,NA,NA,NA
"FC Botosani","SuperLiga","Romania","2023","Departures","Adrian Răuțu","https://www.transfermarkt.com/adrian-rautu/profil/spieler/1170486","Centre-Forward","18","Romania","Bucov. Radauti",NA,"Romania",NA,TRUE,"loan transfer","Summer",NA,NA,NA,NA
"FC Botosani","SuperLiga","Romania","2023","Departures","Antoni Ivanov","https://www.transfermarkt.com/antoni-ivanov/profil/spieler/283287","Central Midfield","28","Bulgaria","Loko Sofia","efbet Liga","Bulgaria",NA,FALSE,"-","Summer",1,1,0,19
"FC Botosani","SuperLiga","Romania","2023","Departures","Junior Tallo","https://www.transfermarkt.com/junior-tallo/profil/spieler/145416","Centre-Forward","30","Cote d'Ivoire","Without Club",NA,NA,NA,FALSE,"-","Summer",NA,NA,NA,NA
"FC Botosani","SuperLiga","Romania","2023","Departures","Ayrton Mboko","https://www.transfermarkt.com/ayrton-mboko/profil/spieler/285998","Right-Back","25","Belgium","Without Club",NA,NA,NA,FALSE,"-","Summer",NA,NA,NA,NA
"FC Botosani","SuperLiga","Romania","2023","Departures","Mihai Roman","https://www.transfermarkt.com/mihai-roman/profil/spieler/64229","Right Winger","38","Romania",NA,NA,NA,NA,FALSE,"-","Summer",5,5,1,338
"FC Botosani","SuperLiga","Romania","2023","Departures","Andrei Patache","https://www.transfermarkt.com/andrei-patache/profil/spieler/64216","Right-Back","35","Romania",NA,NA,NA,NA,FALSE,"-","Summer",3,2,0,105
"FC Botosani","SuperLiga","Romania","2023","Arrivals","Andrei Miron","https://www.transfermarkt.com/andrei-miron/profil/spieler/332205","Centre-Back","29","Romania","U Cluj","SuperLiga","Romania",0,FALSE,NA,"Winter",18,17,1,1530
"FC Botosani","SuperLiga","Romania","2023","Arrivals","Daniel Celea","https://www.transfermarkt.com/daniel-celea/profil/spieler/442329","Centre-Back","28","Romania","Nea Salamis","Cyprus League","Cyprus",0,FALSE,NA,"Winter",10,7,0,556
"FC Botosani","SuperLiga","Romania","2023","Arrivals","Aldaír Ferreira","https://www.transfermarkt.com/aldair-ferreira/profil/spieler/552511","Defensive Midfield","25","Angola","Džiugas","A Lyga","Lithuania",0,FALSE,NA,"Winter",19,13,1,759
"FC Botosani","SuperLiga","Romania","2023","Arrivals","Lóránd Fülöp","https://www.transfermarkt.com/lorand-fulop/profil/spieler/448674","Central Midfield","26","Romania","Without Club",NA,NA,0,FALSE,NA,"Winter",21,8,0,325
"FC Botosani","SuperLiga","Romania","2023","Arrivals","Ioan Filip","https://www.transfermarkt.com/ioan-filip/profil/spieler/169272","Defensive Midfield","34","Romania","U Cluj","SuperLiga","Romania",0,FALSE,NA,"Winter",20,19,0,1315
"FC Botosani","SuperLiga","Romania","2023","Arrivals","Francesco Margiotta","https://www.transfermarkt.com/francesco-margiotta/profil/spieler/165891","Centre-Forward","30","Italy","Sestri Levante","Serie C - B","Italy",0,FALSE,NA,"Winter",14,7,1,271
"FC Botosani","SuperLiga","Romania","2023","Arrivals","Juan Cruz Kaprof","https://www.transfermarkt.com/juan-cruz-kaprof/profil/spieler/282365","Centre-Forward","28","Argentina","Sarmiento Junin","Liga Profesional (- 23/24)","Argentina",0,FALSE,NA,"Winter",17,12,2,697
"FC Botosani","SuperLiga","Romania","2023","Arrivals","Luka Kukic","https://www.transfermarkt.com/luka-kukic/profil/spieler/248358","Goalkeeper","27","Bosnia-Herzegovina","FC Buxoro","Uzbekistan Pro Liga","Uzbekistan",0,FALSE,NA,"Winter",14,7,0,630
"FC Botosani","SuperLiga","Romania","2023","Arrivals","Enzo López","https://www.transfermarkt.com/enzo-lopez/profil/spieler/743667","Centre-Forward","25","Argentina","Dep. Cuenca","Serie A Primera Etapa","Ecuador",0,FALSE,NA,"Winter",18,18,6,1151
"FC Botosani","SuperLiga","Romania","2023","Arrivals","Reagy Ofosu","https://www.transfermarkt.com/reagy-ofosu/profil/spieler/83253","Left Winger","32","Germany","UTA Arad","SuperLiga","Romania",0,FALSE,NA,"Winter",16,12,1,551
"FC Botosani","SuperLiga","Romania","2023","Arrivals","Zoran Mitrov","https://www.transfermarkt.com/zoran-mitrov/profil/spieler/740986","Left Winger","21","Romania","Petrolul","SuperLiga","Romania",0,FALSE,NA,"Winter",19,19,0,909
"FC Botosani","SuperLiga","Romania","2023","Arrivals","Radoslav Dimitrov","https://www.transfermarkt.com/radoslav-dimitrov/profil/spieler/134163","Right-Back","35","Bulgaria","Without Club",NA,NA,NA,FALSE,"-","Winter",5,3,0,154
"FC Botosani","SuperLiga","Romania","2023","Arrivals","Sebastian Nechita","https://www.transfermarkt.com/sebastian-nechita/profil/spieler/608446","Central Midfield","20","Romania","Foresta Suceava",NA,"Romania",NA,FALSE,"-","Winter",NA,NA,NA,NA
"FC Botosani","SuperLiga","Romania","2023","Arrivals","Șerban Tomache","https://www.transfermarkt.com/serban-tomache/profil/spieler/983944","Goalkeeper","19","Romania","Somuz Falticeni",NA,"Romania",NA,TRUE,"End of loan Jan 10, 2024","Winter",NA,NA,NA,NA
"FC Botosani","SuperLiga","Romania","2023","Arrivals","Adrian Răuțu","https://www.transfermarkt.com/adrian-rautu/profil/spieler/1170486","Centre-Forward","19","Romania","Bucov. Radauti",NA,"Romania",NA,TRUE,"End of loan Jan 26, 2024","Winter",NA,NA,NA,NA
"FC Botosani","SuperLiga","Romania","2023","Departures","Júnior Pius","https://www.transfermarkt.com/junior-pius/profil/spieler/314969","Centre-Back","28","Nigeria","Chaves","Liga Portugal","Portugal",2e+05,FALSE,NA,"Winter",20,19,0,1696
"FC Botosani","SuperLiga","Romania","2023","Departures","Andrei Dragu","https://www.transfermarkt.com/andrei-dragu/profil/spieler/536129","Left Midfield","24","Romania","FC U Craiova","SuperLiga","Romania",0,FALSE,NA,"Winter",21,18,0,897
"FC Botosani","SuperLiga","Romania","2023","Departures","Gabriel Mutombo","https://www.transfermarkt.com/gabriel-mutombo/profil/spieler/341394","Centre-Back","28","France","PAE Chania","Super League 2","Greece",0,FALSE,NA,"Winter",20,18,0,1334
"FC Botosani","SuperLiga","Romania","2023","Departures","Virgile Pinson","https://www.transfermarkt.com/virgile-pinson/profil/spieler/389441","Left Winger","28","France","FC Noah ","Premier League","Armenia",0,FALSE,NA,"Winter",20,20,1,1320
"FC Botosani","SuperLiga","Romania","2023","Departures","Carlo Casap","https://www.transfermarkt.com/carlo-casap/profil/spieler/340981","Central Midfield","25","Romania","FCV Farul","SuperLiga","Romania",0,FALSE,NA,"Winter",14,11,1,384
"FC Botosani","SuperLiga","Romania","2023","Departures","Kablan Davy N'Goma","https://www.transfermarkt.com/kablan-davy-ngoma/profil/spieler/469049","Right Winger","28","France","FC Hermannstadt","SuperLiga","Romania",0,FALSE,NA,"Winter",11,11,0,813
"FC Botosani","SuperLiga","Romania","2023","Departures","David Tweh","https://www.transfermarkt.com/david-tweh/profil/spieler/496844","Central Midfield","25","Liberia","H. Kfar Saba","Liga Leumit","Israel",0,FALSE,NA,"Winter",3,3,0,138
"FC Botosani","SuperLiga","Romania","2023","Departures","Adrian Moescu","https://www.transfermarkt.com/adrian-moescu/profil/spieler/706943","Centre-Back","22","Romania","Viitorul Onești",NA,"Romania",0,FALSE,NA,"Winter",0,0,0,0
"FC Botosani","SuperLiga","Romania","2023","Departures","Miroslav Ilicic","https://www.transfermarkt.com/miroslav-ilicic/profil/spieler/427370","Centre-Forward","25","Croatia","Podbeskidzie","Betclic 1 Liga","Poland",NA,FALSE,"?","Winter",17,16,1,1094
"FC Botosani","SuperLiga","Romania","2023","Departures","Șerban Tomache","https://www.transfermarkt.com/serban-tomache/profil/spieler/983944","Goalkeeper","19","Romania","CSM Bacau",NA,"Romania",NA,TRUE,"loan transfer","Winter",NA,NA,NA,NA
"FC Botosani","SuperLiga","Romania","2023","Departures","Sebastian Nechita","https://www.transfermarkt.com/sebastian-nechita/profil/spieler/608446","Central Midfield","20","Romania","Viitorul Onești",NA,"Romania",NA,TRUE,"loan transfer","Winter",NA,NA,NA,NA
"FC Botosani","SuperLiga","Romania","2023","Departures","Antoni Ivanov","https://www.transfermarkt.com/antoni-ivanov/profil/spieler/283287","Central Midfield","28","Bulgaria","Loko Sofia","efbet Liga","Bulgaria",NA,FALSE,"-","Winter",1,1,0,19
"FC Botosani","SuperLiga","Romania","2023","Departures","Gustavo Hebling","https://www.transfermarkt.com/gustavo-hebling/profil/spieler/288502","Central Midfield","27","Brazil","Without Club",NA,NA,NA,FALSE,"-","Winter",2,1,0,2
"FC Dinamo 1948","SuperLiga","Romania","2023","Arrivals","Cristian Costin","https://www.transfermarkt.com/cristian-costin/profil/spieler/397485","Right-Back","25","Romania","FC Voluntari","SuperLiga","Romania",0,FALSE,NA,"Summer",44,33,1,1960
"FC Dinamo 1948","SuperLiga","Romania","2023","Arrivals","Lucas","https://www.transfermarkt.com/lucas/profil/spieler/190314","Centre-Back","31","Brazil","Portimonense","Liga Portugal","Portugal",0,FALSE,NA,"Summer",19,17,0,1491
"FC Dinamo 1948","SuperLiga","Romania","2023","Arrivals","Christian Ilic","https://www.transfermarkt.com/christian-ilic/profil/spieler/297198","Central Midfield","27","Croatia","Doxa Katokopias","Cyprus League","Cyprus",0,FALSE,NA,"Summer",35,25,0,1634
"FC Dinamo 1948","SuperLiga","Romania","2023","Arrivals","Răzvan Began","https://www.transfermarkt.com/razvan-began/profil/spieler/333376","Goalkeeper","26","Romania","FC Botosani","SuperLiga","Romania",0,FALSE,NA,"Summer",18,0,0,0
"FC Dinamo 1948","SuperLiga","Romania","2023","Arrivals","Adnan Golubovic","https://www.transfermarkt.com/adnan-golubovic/profil/spieler/183848","Goalkeeper","27","Slovenia","FC Koper","Prva Liga","Slovenia",0,FALSE,NA,"Summer",44,44,0,3960
"FC Dinamo 1948","SuperLiga","Romania","2023","Arrivals","Josué Homawoo","https://www.transfermarkt.com/josue-homawoo/profil/spieler/655143","Centre-Back","25","Togo","Red Star FC","Championnat National","France",0,FALSE,NA,"Summer",31,31,0,2551
"FC Dinamo 1948","SuperLiga","Romania","2023","Arrivals","Hakim Abdallah","https://www.transfermarkt.com/hakim-abdallah/profil/spieler/354338","Right Winger","25","Madagascar","RE Virton","1ste Nationale","Belgium",0,FALSE,NA,"Summer",42,40,5,2396
"FC Dinamo 1948","SuperLiga","Romania","2023","Arrivals","Dennis Politic","https://www.transfermarkt.com/dennis-politic/profil/spieler/470152","Left Winger","23","Romania","Cremonese","Serie B","Italy",0,FALSE,NA,"Summer",36,36,8,2330
"FC Dinamo 1948","SuperLiga","Romania","2023","Arrivals","Cristian Licsandru","https://www.transfermarkt.com/cristian-licsandru/profil/spieler/888398","Centre-Back","21","Romania","Petrolul","SuperLiga","Romania",0,FALSE,NA,"Summer",0,0,0,0
"FC Dinamo 1948","SuperLiga","Romania","2023","Arrivals","Gonçalo Gregório","https://www.transfermarkt.com/goncalo-gregorio/profil/spieler/404156","Centre-Forward","28","Portugal","Leiria","Liga Portugal 2","Portugal",0,FALSE,NA,"Summer",44,41,8,2399
"FC Dinamo 1948","SuperLiga","Romania","2023","Arrivals","Ricardo Grigore","https://www.transfermarkt.com/ricardo-grigore/profil/spieler/436078","Centre-Back","24","Romania","Petrolul","SuperLiga","Romania",NA,TRUE,"End of loan Jun 30, 2023","Summer",39,12,1,650
"FC Dinamo 1948","SuperLiga","Romania","2023","Arrivals","Geani Crețu","https://www.transfermarkt.com/geani-cretu/profil/spieler/540920","Attacking Midfield","23","Romania","FC Arges","SuperLiga","Romania",NA,TRUE,"End of loan Jun 30, 2023","Summer",2,2,0,100
"FC Dinamo 1948","SuperLiga","Romania","2023","Departures","Alexandru Pop","https://www.transfermarkt.com/alexandru-pop/profil/spieler/291494","Centre-Forward","30","Romania","Concordia","Liga 2","Romania",0,FALSE,NA,"Summer",NA,NA,NA,NA
"FC Dinamo 1948","SuperLiga","Romania","2023","Departures","Geani Crețu","https://www.transfermarkt.com/geani-cretu/profil/spieler/540920","Attacking Midfield","23","Romania","Alexandria","Liga 2","Romania",0,FALSE,NA,"Summer",2,2,0,100
"FC Dinamo 1948","SuperLiga","Romania","2023","Departures","Cristian Delciu","https://www.transfermarkt.com/cristian-delciu/profil/spieler/975232","Left Winger","19","Romania","CS Dinamo Buc.",NA,"Romania",0,FALSE,NA,"Summer",NA,NA,NA,NA
"FC Dinamo 1948","SuperLiga","Romania","2023","Departures","David Țone","https://www.transfermarkt.com/david-tone/profil/spieler/863542","Centre-Back","18","Romania","CS Dinamo Buc.",NA,"Romania",0,FALSE,NA,"Summer",NA,NA,NA,NA
"FC Dinamo 1948","SuperLiga","Romania","2023","Departures","Marius Tomozei","https://www.transfermarkt.com/marius-tomozei/profil/spieler/213243","Right-Back","32","Romania","CS Mioveni","Liga 2","Romania",0,FALSE,NA,"Summer",NA,NA,NA,NA
"FC Dinamo 1948","SuperLiga","Romania","2023","Departures","Ionuț Bobea","https://www.transfermarkt.com/ionut-bobea/profil/spieler/1020529","Centre-Forward","21","Romania","FC Pucioasa",NA,"Romania",0,FALSE,NA,"Summer",NA,NA,NA,NA
"FC Dinamo 1948","SuperLiga","Romania","2023","Departures","Yanis Cune","https://www.transfermarkt.com/yanis-cune/profil/spieler/1041166","Centre-Back","18","Romania","CS Dinamo Buc.",NA,"Romania",0,FALSE,NA,"Summer",NA,NA,NA,NA
"FC Dinamo 1948","SuperLiga","Romania","2023","Departures","Denis Oncescu","https://www.transfermarkt.com/denis-oncescu/profil/spieler/887379","Goalkeeper","19","Romania","Concordia","Liga 2","Romania",NA,TRUE,"loan transfer","Summer",NA,NA,NA,NA
"FC Dinamo 1948","SuperLiga","Romania","2023","Departures","Andrei Florescu","https://www.transfermarkt.com/andrei-florescu/profil/spieler/798263","Left Winger","21","Romania","Progresul Sp.","Liga 2","Romania",NA,TRUE,"loan transfer","Summer",2,1,0,4
"FC Dinamo 1948","SuperLiga","Romania","2023","Departures","Cristian Ionescu","https://www.transfermarkt.com/cristian-ionescu/profil/spieler/798355","Right Winger","19","Romania","CS Blejoi",NA,"Romania",NA,TRUE,"loan transfer","Summer",NA,NA,NA,NA
"FC Dinamo 1948","SuperLiga","Romania","2023","Departures","Alexandru Stoian","https://www.transfermarkt.com/alexandru-stoian/profil/spieler/1015431","Goalkeeper","18","Romania","Unirea Alba I.",NA,"Romania",NA,TRUE,"loan transfer","Summer",NA,NA,NA,NA
"FC Dinamo 1948","SuperLiga","Romania","2023","Departures","Alin Buleică","https://www.transfermarkt.com/alin-buleica/profil/spieler/147286","Right-Back","31","Romania","Without Club",NA,NA,NA,FALSE,"-","Summer",NA,NA,NA,NA
"FC Dinamo 1948","SuperLiga","Romania","2023","Departures","Alin Șerban","https://www.transfermarkt.com/alin-serban/profil/spieler/806225","Left-Back","20","Romania","CS Mioveni","Liga 2","Romania",NA,TRUE,"End of loan Jun 30, 2023","Summer",NA,NA,NA,NA
"FC Dinamo 1948","SuperLiga","Romania","2023","Departures","Alin Demici","https://www.transfermarkt.com/alin-demici/profil/spieler/535467","Left-Back","23","Romania","FC Rapid 1923","SuperLiga","Romania",NA,TRUE,"End of loan Jun 30, 2023","Summer",NA,NA,NA,NA
"FC Dinamo 1948","SuperLiga","Romania","2023","Arrivals","Eddy Gnahoré","https://www.transfermarkt.com/eddy-gnahore/profil/spieler/168933","Defensive Midfield","30","France","Ascoli","Serie B","Italy",0,FALSE,NA,"Winter",19,18,2,1508
"FC Dinamo 1948","SuperLiga","Romania","2023","Arrivals","Petru Neagu","https://www.transfermarkt.com/petru-neagu/profil/spieler/549091","Left Winger","24","Moldova","Balti","Super Liga (Phase 2)","Moldova",0,FALSE,NA,"Winter",19,5,0,48
"FC Dinamo 1948","SuperLiga","Romania","2023","Arrivals","Dorian Railean","https://www.transfermarkt.com/dorian-railean/profil/spieler/208573","Goalkeeper","30","Moldova","Chindia","Liga 2","Romania",0,FALSE,NA,"Winter",19,0,0,0
"FC Dinamo 1948","SuperLiga","Romania","2023","Arrivals","Astrit Selmani","https://www.transfermarkt.com/astrit-selmani/profil/spieler/423879","Centre-Forward","26","Kosovo","H. Beer Sheva","Ligat ha'Al","Israel",0,FALSE,NA,"Winter",12,10,1,413
"FC Dinamo 1948","SuperLiga","Romania","2023","Arrivals","Domagoj Pavicic","https://www.transfermarkt.com/domagoj-pavicic/profil/spieler/131326","Central Midfield","29","Croatia","Aris Saloniki","Super League 1","Greece",NA,TRUE,"loan transfer","Winter",20,20,1,1587
"FC Dinamo 1948","SuperLiga","Romania","2023","Arrivals","Darko Velkovski","https://www.transfermarkt.com/darko-velkovski/profil/spieler/191822","Centre-Back","28","North Macedonia","Without Club",NA,NA,NA,FALSE,"-","Winter",16,16,1,1432
"FC Dinamo 1948","SuperLiga","Romania","2023","Arrivals","Edgar Ié","https://www.transfermarkt.com/edgar-ie/profil/spieler/191987","Centre-Back","29","Guinea-Bissau","Without Club",NA,NA,NA,FALSE,"-","Winter",9,5,0,240
"FC Dinamo 1948","SuperLiga","Romania","2023","Arrivals","Georgi Milanov","https://www.transfermarkt.com/georgi-milanov/profil/spieler/134158","Central Midfield","31","Bulgaria","Without Club",NA,NA,NA,FALSE,"-","Winter",17,17,2,982
"FC Dinamo 1948","SuperLiga","Romania","2023","Departures","Lucas","https://www.transfermarkt.com/lucas/profil/spieler/190314","Centre-Back","31","Brazil","Nam Dinh FC","V.League 1","Vietnam",65000,FALSE,NA,"Winter",19,17,0,1491
"FC Dinamo 1948","SuperLiga","Romania","2023","Departures","Lamine Ghezali","https://www.transfermarkt.com/lamine-ghezali/profil/spieler/413033","Right Winger","24","France","APO Levadiakos","Super League 2","Greece",50000,FALSE,NA,"Winter",23,21,0,1288
"FC Dinamo 1948","SuperLiga","Romania","2023","Departures","Gorka Larrucea","https://www.transfermarkt.com/gorka-larrucea/profil/spieler/380299","Central Midfield","30","Spain","Etar","efbet Liga","Bulgaria",0,FALSE,NA,"Winter",17,16,1,1013
"FC Dinamo 1948","SuperLiga","Romania","2023","Departures","Filip Dujmovic","https://www.transfermarkt.com/filip-dujmovic/profil/spieler/425691","Goalkeeper","24","Bosnia-Herzegovina","Zeljeznicar","Premijer Liga BiH","Bosnia-Herzegovina",0,FALSE,NA,"Winter",15,1,0,90
"FC Dinamo 1948","SuperLiga","Romania","2023","Departures","Iulian Roșu","https://www.transfermarkt.com/iulian-rosu/profil/spieler/186742","Central Midfield","29","Romania","Concordia","Liga 2","Romania",0,FALSE,NA,"Winter",19,10,0,332
"FC Dinamo 1948","SuperLiga","Romania","2023","Departures","Deniz Giafer","https://www.transfermarkt.com/deniz-giafer/profil/spieler/491770","Centre-Back","22","Romania","CS Tunari","Liga 2","Romania",NA,TRUE,"loan transfer","Winter",19,7,0,630
"FC Dinamo 1948","SuperLiga","Romania","2023","Departures","Valentin Borcea","https://www.transfermarkt.com/valentin-borcea/profil/spieler/608464","Attacking Midfield","21","Romania","CS Tunari","Liga 2","Romania",NA,TRUE,"loan transfer","Winter",11,4,0,127
"FC Dinamo 1948","SuperLiga","Romania","2023","Departures","Cătălin Țîră","https://www.transfermarkt.com/catalin-tira/profil/spieler/168257","Centre-Forward","29","Romania","Without Club",NA,NA,NA,FALSE,"-","Winter",15,10,0,197
"SC Otelul Galati","SuperLiga","Romania","2023","Arrivals","Jonathan Cissé","https://www.transfermarkt.com/jonathan-cisse/profil/spieler/566068","Centre-Back","26","Cote d'Ivoire","Hapoel Hadera","Ligat ha'Al","Israel",0,FALSE,NA,"Summer",32,32,5,2752
"SC Otelul Galati","SuperLiga","Romania","2023","Arrivals","Rosario Latouchent","https://www.transfermarkt.com/rosario-latouchent/profil/spieler/333350","Left-Back","27","Mauritius","Kauno Žalgiris","A Lyga","Lithuania",0,FALSE,NA,"Summer",12,9,1,352
"SC Otelul Galati","SuperLiga","Romania","2023","Arrivals","Milen Zhelev","https://www.transfermarkt.com/milen-zhelev/profil/spieler/381337","Right-Back","29","Bulgaria","Arda Kardzhali","efbet Liga","Bulgaria",0,FALSE,NA,"Summer",45,41,0,3362
"SC Otelul Galati","SuperLiga","Romania","2023","Arrivals","Miguel Silva","https://www.transfermarkt.com/miguel-silva/profil/spieler/345881","Left-Back","27","Portugal","Leixões","Liga Portugal 2","Portugal",0,FALSE,NA,"Summer",37,34,0,2634
"SC Otelul Galati","SuperLiga","Romania","2023","Arrivals","Samuel Teles","https://www.transfermarkt.com/samuel-teles/profil/spieler/597165","Central Midfield","26","Portugal","Feirense","Liga Portugal 2","Portugal",0,FALSE,NA,"Summer",41,40,4,2593
"SC Otelul Galati","SuperLiga","Romania","2023","Arrivals","Ariel López","https://www.transfermarkt.com/ariel-lopez/profil/spieler/597554","Centre-Back","28","Uruguay","FC Buzău","Liga 2","Romania",0,FALSE,NA,"Summer",23,22,2,1478
"SC Otelul Galati","SuperLiga","Romania","2023","Arrivals","Dragan Lovric","https://www.transfermarkt.com/dragan-lovric/profil/spieler/308778","Centre-Back","27","Croatia","Ararat-Armenia","Premier League","Armenia",0,FALSE,NA,"Summer",25,23,0,1995
"SC Otelul Galati","SuperLiga","Romania","2023","Arrivals","Frédéric Maciel","https://www.transfermarkt.com/frederic-maciel/profil/spieler/234499","Right Winger","29","Portugal","Torreense","Liga Portugal 2","Portugal",0,FALSE,NA,"Summer",45,43,7,3215
"SC Otelul Galati","SuperLiga","Romania","2023","Arrivals","Relu Stoian","https://www.transfermarkt.com/relu-stoian/profil/spieler/315468","Goalkeeper","27","Romania","FC Buzău","Liga 2","Romania",0,FALSE,NA,"Summer",45,13,0,1170
"SC Otelul Galati","SuperLiga","Romania","2023","Arrivals","Pablo Gaitán","https://www.transfermarkt.com/pablo-gaitan/profil/spieler/296809","Central Midfield","31","Argentina","FC Buzău","Liga 2","Romania",0,FALSE,NA,"Summer",22,5,1,193
"SC Otelul Galati","SuperLiga","Romania","2023","Arrivals","João Serrão","https://www.transfermarkt.com/joao-serrao/profil/spieler/448255","Centre-Back","23","Portugal","Paredes",NA,"Portugal",0,FALSE,NA,"Summer",3,0,0,0
"SC Otelul Galati","SuperLiga","Romania","2023","Arrivals","Alexandru Pop","https://www.transfermarkt.com/alexandru-pop/profil/spieler/434892","Centre-Forward","23","Romania","Unirea Dej","Liga 2","Romania",NA,FALSE,"?","Summer",41,41,11,2571
"SC Otelul Galati","SuperLiga","Romania","2023","Arrivals","Ștefan Bodișteanu","https://www.transfermarkt.com/stefan-bodisteanu/profil/spieler/608448","Left Winger","20","Moldova","FCV Farul","SuperLiga","Romania",NA,TRUE,"loan transfer","Summer",42,41,2,2189
"SC Otelul Galati","SuperLiga","Romania","2023","Arrivals","Iustin Neacșu","https://www.transfermarkt.com/iustin-neacsu/profil/spieler/731521","Left-Back","19","Romania","U Cluj U18",NA,"Romania",NA,TRUE,"loan transfer","Summer",0,0,0,0
"SC Otelul Galati","SuperLiga","Romania","2023","Arrivals","Răzvan Tănasă","https://www.transfermarkt.com/razvan-tanasa/profil/spieler/798248","Left Winger","20","Romania","FCV Farul","SuperLiga","Romania",NA,TRUE,"loan transfer","Summer",42,35,1,1478
"SC Otelul Galati","SuperLiga","Romania","2023","Arrivals","Denis Cireș","https://www.transfermarkt.com/denis-cires/profil/spieler/940631","Defensive Midfield","21","Romania","U. Branistea",NA,"Romania",NA,TRUE,"End of loan Jun 30, 2023","Summer",NA,NA,NA,NA
"SC Otelul Galati","SuperLiga","Romania","2023","Arrivals","Gabriel Ursu","https://www.transfermarkt.com/gabriel-ursu/profil/spieler/940628","Goalkeeper","21","Romania","U. Branistea",NA,"Romania",NA,TRUE,"End of loan Jun 30, 2023","Summer",2,0,0,0
"SC Otelul Galati","SuperLiga","Romania","2023","Arrivals","Cosmin Mereuță","https://www.transfermarkt.com/cosmin-mereuta/profil/spieler/940630","Central Midfield","19","Romania","Sporting Liesti",NA,"Romania",NA,TRUE,"End of loan Jun 30, 2023","Summer",NA,NA,NA,NA
"SC Otelul Galati","SuperLiga","Romania","2023","Departures","Octavian Ursu","https://www.transfermarkt.com/octavian-ursu/profil/spieler/286549","Right Winger","28","Romania","Chindia","Liga 2","Romania",0,FALSE,NA,"Summer",2,2,0,72
"SC Otelul Galati","SuperLiga","Romania","2023","Departures","Cristian Ciobanu","https://www.transfermarkt.com/cristian-ciobanu/profil/spieler/244002","Right Winger","28","Romania","CSM Focsani",NA,"Romania",0,FALSE,NA,"Summer",NA,NA,NA,NA
"SC Otelul Galati","SuperLiga","Romania","2023","Departures","Rareș Pop","https://www.transfermarkt.com/rares-pop/profil/spieler/435730","Goalkeeper","24","Romania","Unirea Dej","Liga 2","Romania",0,FALSE,NA,"Summer",NA,NA,NA,NA
"SC Otelul Galati","SuperLiga","Romania","2023","Departures","Antonio Cruceru","https://www.transfermarkt.com/antonio-cruceru/profil/spieler/315448","Attacking Midfield","26","Romania","Metaloglobus","Liga 2","Romania",0,FALSE,NA,"Summer",NA,NA,NA,NA
"SC Otelul Galati","SuperLiga","Romania","2023","Departures","Răzvan Gorovei","https://www.transfermarkt.com/razvan-gorovei/profil/spieler/208797","Right Winger","29","Romania","CSM Focsani",NA,"Romania",0,FALSE,NA,"Summer",NA,NA,NA,NA
"SC Otelul Galati","SuperLiga","Romania","2023","Departures","Denis Cireș","https://www.transfermarkt.com/denis-cires/profil/spieler/940631","Defensive Midfield","21","Romania","U. Branistea",NA,"Romania",0,FALSE,NA,"Summer",NA,NA,NA,NA
"SC Otelul Galati","SuperLiga","Romania","2023","Departures","Alin Nica","https://www.transfermarkt.com/alin-nica/profil/spieler/940632","Left Winger","25","Romania","U. Branistea",NA,"Romania",NA,TRUE,"loan transfer","Summer",NA,NA,NA,NA
"SC Otelul Galati","SuperLiga","Romania","2023","Departures","Ștefan Farcaș","https://www.transfermarkt.com/stefan-farcas/profil/spieler/1004799","Right-Back","20","Romania","U. Branistea",NA,"Romania",NA,TRUE,"loan transfer","Summer",19,1,0,1
"SC Otelul Galati","SuperLiga","Romania","2023","Departures","Darius Paharnicu","https://www.transfermarkt.com/darius-paharnicu/profil/spieler/940629","Goalkeeper","18","Romania","U. Branistea",NA,"Romania",NA,TRUE,"loan transfer","Summer",NA,NA,NA,NA
"SC Otelul Galati","SuperLiga","Romania","2023","Departures","Cristian Sîrghi","https://www.transfermarkt.com/cristian-sirghi/profil/spieler/48687","Centre-Back","36","Romania",NA,NA,NA,NA,FALSE,"-","Summer",NA,NA,NA,NA
"SC Otelul Galati","SuperLiga","Romania","2023","Departures","Ștefan Stancu","https://www.transfermarkt.com/stefan-stancu/profil/spieler/1004802","Right-Back","23","Romania","Without Club",NA,NA,NA,FALSE,"-","Summer",NA,NA,NA,NA
"SC Otelul Galati","SuperLiga","Romania","2023","Departures","Cosmin Mereuță","https://www.transfermarkt.com/cosmin-mereuta/profil/spieler/940630","Central Midfield","19","Romania","Without Club",NA,NA,NA,FALSE,"-","Summer",NA,NA,NA,NA
"SC Otelul Galati","SuperLiga","Romania","2023","Departures","Alexandru Buhaescu","https://www.transfermarkt.com/alexandru-buhaescu/profil/spieler/1164140","Central Midfield","19","Romania","Without Club",NA,NA,NA,FALSE,"-","Summer",NA,NA,NA,NA
"SC Otelul Galati","SuperLiga","Romania","2023","Departures","Gabriel Nedelea","https://www.transfermarkt.com/gabriel-nedelea/profil/spieler/464280","Left-Back","23","Romania","FCV Farul","SuperLiga","Romania",NA,TRUE,"End of loan Aug 17, 2023","Summer",2,0,0,0
"SC Otelul Galati","SuperLiga","Romania","2023","Departures","Laurențiu Maxim","https://www.transfermarkt.com/laurentiu-maxim/profil/spieler/1041676","Right Winger","19","Romania","Viitorul Cluj",NA,"Romania",NA,TRUE,"End of loan Jun 30, 2023","Summer",NA,NA,NA,NA
"SC Otelul Galati","SuperLiga","Romania","2023","Departures","Mario Mitoi","https://www.transfermarkt.com/mario-mitoi/profil/spieler/885840","Right Winger","18","Romania","Arges U19",NA,"Romania",NA,TRUE,"End of loan Jun 30, 2023","Summer",NA,NA,NA,NA
"SC Otelul Galati","SuperLiga","Romania","2023","Departures","Andreas Chirițoiu","https://www.transfermarkt.com/andreas-chiritoiu/profil/spieler/873158","Centre-Forward","19","Romania","FCSB II",NA,"Romania",NA,TRUE,"End of loan Jun 30, 2023","Summer",NA,NA,NA,NA
"SC Otelul Galati","SuperLiga","Romania","2023","Departures","Rareș Scocîlcă","https://www.transfermarkt.com/rares-scocilca/profil/spieler/863553","Defensive Midfield","19","Romania","U Cluj","SuperLiga","Romania",NA,TRUE,"End of loan Jun 30, 2023","Summer",NA,NA,NA,NA
"SC Otelul Galati","SuperLiga","Romania","2023","Departures","Aurelian Păun","https://www.transfermarkt.com/aurelian-paun/profil/spieler/675499","Goalkeeper","22","Romania","Star Sport Ag.",NA,"Romania",NA,TRUE,"End of loan Aug 17, 2023","Summer",3,0,0,0
"SC Otelul Galati","SuperLiga","Romania","2023","Arrivals","Eduard Pap","https://www.transfermarkt.com/eduard-pap/profil/spieler/249080","Goalkeeper","29","Romania","ETO FC Győr ","NB II.","Hungary",0,FALSE,NA,"Winter",21,17,0,1590
"SC Otelul Galati","SuperLiga","Romania","2023","Arrivals","Anes Rusevic","https://www.transfermarkt.com/anes-rusevic/profil/spieler/374075","Centre-Forward","27","Serbia","Zhetysu","Premier Liga","Kazakhstan",0,FALSE,NA,"Winter",22,18,3,777
"SC Otelul Galati","SuperLiga","Romania","2023","Arrivals","Aly Malle","https://www.transfermarkt.com/aly-malle/profil/spieler/398809","Right Winger","25","Mali","Eyüpspor","1.Lig","Türkiye",0,FALSE,NA,"Winter",17,17,1,593
"SC Otelul Galati","SuperLiga","Romania","2023","Arrivals","Claudio Mocanu","https://www.transfermarkt.com/claudio-mocanu/profil/spieler/991676","Right-Back","19","Romania","CS U Craiova II",NA,"Romania",0,FALSE,NA,"Winter",3,0,0,0
"SC Otelul Galati","SuperLiga","Romania","2023","Arrivals","João Lameira","https://www.transfermarkt.com/joao-lameira/profil/spieler/357165","Defensive Midfield","24","Portugal","Baltika","Premier Liga","Russia",NA,TRUE,"loan transfer","Winter",22,21,2,1497
"SC Otelul Galati","SuperLiga","Romania","2023","Departures","Ariel López","https://www.transfermarkt.com/ariel-lopez/profil/spieler/597554","Centre-Back","28","Uruguay","UTA Arad","SuperLiga","Romania",0,FALSE,NA,"Winter",23,22,2,1478
"SC Otelul Galati","SuperLiga","Romania","2023","Departures","Rosario Latouchent","https://www.transfermarkt.com/rosario-latouchent/profil/spieler/333350","Left-Back","27","Mauritius","FC Villefranche","Championnat National","France",0,FALSE,NA,"Winter",12,9,1,352
"SC Otelul Galati","SuperLiga","Romania","2023","Departures","Kehinde Fatai","https://www.transfermarkt.com/kehinde-fatai/profil/spieler/73951","Centre-Forward","33","Nigeria","AE Larisa","Super League 2","Greece",0,FALSE,NA,"Winter",25,21,1,764
"SC Otelul Galati","SuperLiga","Romania","2023","Departures","Iliya Dimitrov","https://www.transfermarkt.com/iliya-dimitrov/profil/spieler/255991","Centre-Forward","27","Bulgaria","Unirea Slobozia","Liga 2","Romania",0,FALSE,NA,"Winter",9,4,0,184
"SC Otelul Galati","SuperLiga","Romania","2023","Departures","João Serrão","https://www.transfermarkt.com/joao-serrao/profil/spieler/448255","Centre-Back","23","Portugal","Felgueiras","Liga 3","Portugal",0,FALSE,NA,"Winter",3,0,0,0
"SC Otelul Galati","SuperLiga","Romania","2023","Departures","Iustin Neacșu","https://www.transfermarkt.com/iustin-neacsu/profil/spieler/731521","Left-Back","19","Romania","U Cluj U18",NA,"Romania",NA,TRUE,"End of loan Jan 1, 2024","Winter",0,0,0,0
"FC U Craiova 1948",NA,NA,"2023","Arrivals","Vladislav Blănuță","https://www.transfermarkt.com/vladislav-blanuta/profil/spieler/706166","Centre-Forward","21","Romania","Pescara","Serie C - B","Italy",250000,FALSE,NA,"Summer",42,34,8,1836
"FC U Craiova 1948",NA,NA,"2023","Arrivals","Apostolos Diamantis","https://www.transfermarkt.com/apostolos-diamantis/profil/spieler/464529","Centre-Back","23","Greece","Istanbulspor","Süper Lig","Türkiye",0,FALSE,NA,"Summer",4,0,0,0
"FC U Craiova 1948",NA,NA,"2023","Arrivals","Léo Lacroix","https://www.transfermarkt.com/leo-lacroix/profil/spieler/149652","Centre-Back","31","Switzerland","Western United","A-League Men","Australia",0,FALSE,NA,"Summer",36,36,3,3240
"FC U Craiova 1948",NA,NA,"2023","Arrivals","Gabriel Compagnucci","https://www.transfermarkt.com/gabriel-compagnucci/profil/spieler/538608","Right Midfield","31","Argentina","Belgrano","Liga Profesional (- 23/24)","Argentina",0,FALSE,NA,"Summer",36,34,0,2686
"FC U Craiova 1948",NA,NA,"2023","Arrivals","Andrea Padula","https://www.transfermarkt.com/andrea-padula/profil/spieler/334665","Left-Back","27","Romania","AC Bellinzona","Challenge League","Switzerland",0,FALSE,NA,"Summer",32,29,1,2102
"FC U Craiova 1948",NA,NA,"2023","Arrivals","Moses Abbey","https://www.transfermarkt.com/moses-abbey/profil/spieler/867947","Attacking Midfield","20","Ghana","Ravenna","Serie D - D","Italy",0,FALSE,NA,"Summer",0,0,0,0
"FC U Craiova 1948",NA,NA,"2023","Arrivals","Alexandru Iordache","https://www.transfermarkt.com/alexandru-iordache/profil/spieler/1060879","Centre-Back","20","Romania","CSM Deva",NA,"Romania",0,FALSE,NA,"Summer",1,0,0,0
"FC U Craiova 1948",NA,NA,"2023","Arrivals","Gabriel Buta","https://www.transfermarkt.com/gabriel-buta/profil/spieler/724115","Centre-Back","21","Romania","FCV Farul","SuperLiga","Romania",NA,TRUE,"loan transfer","Summer",15,5,0,282
"FC U Craiova 1948",NA,NA,"2023","Arrivals","Amar Kvakic","https://www.transfermarkt.com/amar-kvakic/profil/spieler/650204","Centre-Back","20","Bosnia-Herzegovina","Without Club",NA,NA,NA,FALSE,"-","Summer",25,5,0,355
"FC U Craiova 1948",NA,NA,"2023","Arrivals","Mario Ilie","https://www.transfermarkt.com/mario-ilie/profil/spieler/1082103","Right Winger","16","Romania","FCU Craiova U19",NA,"Romania",NA,FALSE,"-","Summer",12,0,0,0
"FC U Craiova 1948",NA,NA,"2023","Arrivals","Vlad Pop","https://www.transfermarkt.com/vlad-pop/profil/spieler/341374","Central Midfield","22","Romania","CS Mioveni","SuperLiga","Romania",NA,TRUE,"End of loan Jun 30, 2023","Summer",41,24,0,872
"FC U Craiova 1948",NA,NA,"2023","Arrivals","Alexandru Raicea","https://www.transfermarkt.com/alexandru-raicea/profil/spieler/749105","Right Winger","26","Romania","Viitorul Tg.Jiu","Liga 2","Romania",NA,TRUE,"End of loan Jun 30, 2023","Summer",NA,NA,NA,NA
"FC U Craiova 1948",NA,NA,"2023","Arrivals","Mario Enache","https://www.transfermarkt.com/mario-enache/profil/spieler/809372","Goalkeeper","19","Romania","ACSO Filiasi",NA,"Romania",NA,TRUE,"End of loan Jun 30, 2023","Summer",7,0,0,0
"FC U Craiova 1948",NA,NA,"2023","Departures","André Duarte","https://www.transfermarkt.com/andre-duarte/profil/spieler/588095","Centre-Back","25","Portugal","Reggiana","Serie B","Italy",0,FALSE,NA,"Summer",NA,NA,NA,NA
"FC U Craiova 1948",NA,NA,"2023","Departures","Giovanni","https://www.transfermarkt.com/giovanni/profil/spieler/202919","Attacking Midfield","29","Brazil","Avaí FC","Série B","Brazil",0,FALSE,NA,"Summer",NA,NA,NA,NA
"FC U Craiova 1948",NA,NA,"2023","Departures","George Ganea","https://www.transfermarkt.com/george-ganea/profil/spieler/335821","Left Winger","24","Romania","Újpest FC","NB I.","Hungary",0,FALSE,NA,"Summer",NA,NA,NA,NA
"FC U Craiova 1948",NA,NA,"2023","Departures","Jérémy Huyghebaert","https://www.transfermarkt.com/jeremy-huyghebaert/profil/spieler/55616","Left-Back","34","Belgium","Mouscron",NA,"Belgium",0,FALSE,NA,"Summer",NA,NA,NA,NA
"FC U Craiova 1948",NA,NA,"2023","Departures","Lorenzo Paramatti","https://www.transfermarkt.com/lorenzo-paramatti/profil/spieler/200195","Centre-Back","28","Italy","M. Petah Tikva","Ligat ha'Al","Israel",0,FALSE,NA,"Summer",4,4,0,360
"FC U Craiova 1948",NA,NA,"2023","Departures","Alexandru Raicea","https://www.transfermarkt.com/alexandru-raicea/profil/spieler/749105","Right Winger","26","Romania","Unirea Alba I.",NA,"Romania",0,FALSE,NA,"Summer",NA,NA,NA,NA
"FC U Craiova 1948",NA,NA,"2023","Departures","Marius Ciobanu-Vanghele","https://www.transfermarkt.com/marius-ciobanu-vanghele/profil/spieler/791473","Right Winger","20","Romania","Alexandria","Liga 2","Romania",0,FALSE,NA,"Summer",3,0,0,0
"FC U Craiova 1948",NA,NA,"2023","Departures","Cătălin Albu","https://www.transfermarkt.com/catalin-albu/profil/spieler/794081","Central Midfield","19","Romania","ACSO Filiasi",NA,"Romania",NA,TRUE,"loan transfer","Summer",NA,NA,NA,NA
"FC U Craiova 1948",NA,NA,"2023","Departures","Gabriel Enache","https://www.transfermarkt.com/gabriel-enache/profil/spieler/197652","Right-Back","32","Romania",NA,NA,NA,NA,FALSE,"-","Summer",NA,NA,NA,NA
"FC U Craiova 1948",NA,NA,"2023","Departures","François Marquet","https://www.transfermarkt.com/francois-marquet/profil/spieler/194438","Central Midfield","28","Belgium","Without Club",NA,NA,NA,FALSE,"-","Summer",NA,NA,NA,NA
"FC U Craiova 1948",NA,NA,"2023","Departures","Vladislav Blănuță","https://www.transfermarkt.com/vladislav-blanuta/profil/spieler/706166","Centre-Forward","21","Romania","Pescara","Serie C - B","Italy",NA,TRUE,"End of loan Jun 30, 2023","Summer",42,34,8,1836
"FC U Craiova 1948",NA,NA,"2023","Arrivals","Rokas Lekiatas","https://www.transfermarkt.com/rokas-lekiatas/profil/spieler/328802","Centre-Back","25","Lithuania","Panevėžys","A Lyga","Lithuania",0,FALSE,NA,"Winter",17,10,0,825
"FC U Craiova 1948",NA,NA,"2023","Arrivals","Andrei Dragu","https://www.transfermarkt.com/andrei-dragu/profil/spieler/536129","Left Midfield","24","Romania","FC Botosani","SuperLiga","Romania",0,FALSE,NA,"Winter",14,8,1,204
"FC U Craiova 1948",NA,NA,"2023","Arrivals","Idris Bounaas","https://www.transfermarkt.com/idris-bounaas/profil/spieler/707224","Defensive Midfield","21","Algeria","Without Club",NA,NA,NA,FALSE,"-","Winter",0,0,0,0
"FC U Craiova 1948",NA,NA,"2023","Arrivals","Cătălin Albu","https://www.transfermarkt.com/catalin-albu/profil/spieler/794081","Central Midfield","19","Romania","ACSO Filiasi",NA,"Romania",NA,TRUE,"End of loan Jan 31, 2024","Winter",NA,NA,NA,NA
"FC U Craiova 1948",NA,NA,"2023","Departures","Danny Henriques","https://www.transfermarkt.com/danny-henriques/profil/spieler/411502","Centre-Back","26","Netherlands","AEK Larnaca","Cyprus League","Cyprus",0,FALSE,NA,"Winter",23,18,0,1480
"FC U Craiova 1948",NA,NA,"2023","Departures","Samuel Asamoah","https://www.transfermarkt.com/samuel-asamoah/profil/spieler/232848","Defensive Midfield","29","Togo","QD Red Lions","League One","China",0,FALSE,NA,"Winter",18,10,0,578
"FC U Craiova 1948",NA,NA,"2023","Departures","Apostolos Diamantis","https://www.transfermarkt.com/apostolos-diamantis/profil/spieler/464529","Centre-Back","23","Greece","Panserraikos","Super League 1","Greece",0,FALSE,NA,"Winter",4,0,0,0
"FC U Craiova 1948",NA,NA,"2023","Departures","Alexandru Vodă","https://www.transfermarkt.com/alexandru-voda/profil/spieler/528694","Right-Back","25","Romania","Mediaș 2022",NA,"Romania",0,FALSE,NA,"Winter",0,0,0,0
"FC U Craiova 1948",NA,NA,"2023","Departures","Alexandru Iordache","https://www.transfermarkt.com/alexandru-iordache/profil/spieler/1060879","Centre-Back","20","Romania","CSM Deva",NA,"Romania",NA,TRUE,"loan transfer","Winter",1,0,0,0
"FC U Craiova 1948",NA,NA,"2023","Departures","Cătălin Albu","https://www.transfermarkt.com/catalin-albu/profil/spieler/794081","Central Midfield","19","Romania","Curtişoara",NA,"Romania",NA,TRUE,"loan transfer","Winter",NA,NA,NA,NA
"FC Voluntari","Liga 2","Romania","2023","Arrivals","Angelo Cocian","https://www.transfermarkt.com/angelo-cocian/profil/spieler/478052","Central Midfield","22","Romania","Unirea Dej","Liga 2","Romania",15000,FALSE,NA,"Summer",33,17,1,438
"FC Voluntari","Liga 2","Romania","2023","Arrivals","Ljuban Crepulja","https://www.transfermarkt.com/ljuban-crepulja/profil/spieler/238474","Defensive Midfield","29","Croatia","FC Rapid 1923","SuperLiga","Romania",0,FALSE,NA,"Summer",41,38,0,3099
"FC Voluntari","Liga 2","Romania","2023","Arrivals","Nicolae Carnat","https://www.transfermarkt.com/nicolae-carnat/profil/spieler/341140","Right Winger","25","Romania","FCV Farul","SuperLiga","Romania",0,FALSE,NA,"Summer",36,34,0,2016
"FC Voluntari","Liga 2","Romania","2023","Arrivals","Luka Bozickovic","https://www.transfermarkt.com/luka-bozickovic/profil/spieler/678924","Central Midfield","20","Bosnia-Herzegovina","NK Maribor","Prva Liga","Slovenia",0,FALSE,NA,"Summer",9,5,0,26
"FC Voluntari","Liga 2","Romania","2023","Arrivals","Valentin Mărgărit","https://www.transfermarkt.com/valentin-margarit/profil/spieler/670830","Goalkeeper","19","Romania","CSM Focsani",NA,"Romania",0,FALSE,NA,"Summer",1,0,0,0
"FC Voluntari","Liga 2","Romania","2023","Arrivals","Eduard Lambrinoc","https://www.transfermarkt.com/eduard-lambrinoc/profil/spieler/975248","Right Winger","18","Romania","FC Brasov-SR",NA,"Romania",0,FALSE,NA,"Summer",10,6,0,220
"FC Voluntari","Liga 2","Romania","2023","Arrivals","Andrei Dima","https://www.transfermarkt.com/andrei-dima/profil/spieler/937068","Attacking Midfield","17","Romania","Rapid 1923 U18",NA,"Romania",0,FALSE,NA,"Summer",5,0,0,0
"FC Voluntari","Liga 2","Romania","2023","Arrivals","Cazimir Buturuga","https://www.transfermarkt.com/cazimir-buturuga/profil/spieler/731523","Central Midfield","19","Romania","Reutlingen U19",NA,"Germany",0,FALSE,NA,"Summer",NA,NA,NA,NA
"FC Voluntari","Liga 2","Romania","2023","Arrivals","Andreas Niță","https://www.transfermarkt.com/andreas-nita/profil/spieler/1171279","Right Winger","19","Romania","CS Tunari","Liga 2","Romania",NA,FALSE,"?","Summer",16,8,1,93
"FC Voluntari","Liga 2","Romania","2023","Arrivals","Robert Mustacă","https://www.transfermarkt.com/robert-mustaca/profil/spieler/728521","Right Winger","20","Romania","FCV Farul","SuperLiga","Romania",NA,TRUE,"loan transfer","Summer",2,1,0,1
"FC Voluntari","Liga 2","Romania","2023","Arrivals","Radu Boboc","https://www.transfermarkt.com/radu-boboc/profil/spieler/319202","Right-Back","24","Romania","Without Club",NA,NA,NA,FALSE,"-","Summer",37,36,2,2788
"FC Voluntari","Liga 2","Romania","2023","Arrivals","Octavian Vâlceanu","https://www.transfermarkt.com/octavian-valceanu/profil/spieler/252192","Goalkeeper","26","Romania","Petrolul","SuperLiga","Romania",NA,TRUE,"End of loan Jun 30, 2023","Summer",42,15,0,1350
"FC Voluntari","Liga 2","Romania","2023","Arrivals","Radu Zamfir","https://www.transfermarkt.com/radu-zamfir/profil/spieler/540849","Right-Back","20","Romania","FC Buzău","Liga 2","Romania",NA,TRUE,"End of loan Jun 30, 2022","Summer",NA,NA,NA,NA
"FC Voluntari","Liga 2","Romania","2023","Arrivals","Alexandru Ilie","https://www.transfermarkt.com/alexandru-ilie/profil/spieler/588433","Central Midfield","23","Romania","CS Afumati",NA,"Romania",NA,TRUE,"End of loan Jun 30, 2023","Summer",NA,NA,NA,NA
"FC Voluntari","Liga 2","Romania","2023","Arrivals","Valentin Neacșu","https://www.transfermarkt.com/valentin-neacsu/profil/spieler/836000","Goalkeeper","22","Romania","Gloria Bistrita",NA,"Romania",NA,TRUE,"End of loan Jun 30, 2022","Summer",NA,NA,NA,NA
"FC Voluntari","Liga 2","Romania","2023","Departures","Ulrich Meleke","https://www.transfermarkt.com/ulrich-meleke/profil/spieler/581447","Defensive Midfield","24","Cote d'Ivoire","Al-Bataeh CSC","UAE Pro League","United Arab Emirates",350000,FALSE,NA,"Summer",NA,NA,NA,NA
"FC Voluntari","Liga 2","Romania","2023","Departures","Mihai Popa","https://www.transfermarkt.com/mihai-popa/profil/spieler/623412","Goalkeeper","22","Romania","Torino","Serie A","Italy",0,FALSE,NA,"Summer",NA,NA,NA,NA
"FC Voluntari","Liga 2","Romania","2023","Departures","Cristian Costin","https://www.transfermarkt.com/cristian-costin/profil/spieler/397485","Right-Back","25","Romania","FC Dinamo","SuperLiga","Romania",0,FALSE,NA,"Summer",NA,NA,NA,NA
"FC Voluntari","Liga 2","Romania","2023","Departures","Rúnar Már Sigurjónsson","https://www.transfermarkt.com/runar-mar-sigurjonsson/profil/spieler/90008","Central Midfield","33","Iceland","ÍA Akranes","Besta deild","Iceland",0,FALSE,NA,"Summer",14,13,2,665
"FC Voluntari","Liga 2","Romania","2023","Departures","Hélder Tavares","https://www.transfermarkt.com/helder-tavares/profil/spieler/134608","Central Midfield","33","Cape Verde","Tondela","Liga Portugal 2","Portugal",0,FALSE,NA,"Summer",NA,NA,NA,NA
"FC Voluntari","Liga 2","Romania","2023","Departures","Cristian Dumitru","https://www.transfermarkt.com/cristian-dumitru/profil/spieler/599600","Left Winger","21","Romania","FC Buzău","Liga 2","Romania",0,FALSE,NA,"Summer",NA,NA,NA,NA
"FC Voluntari","Liga 2","Romania","2023","Departures","Alexandru Ilie","https://www.transfermarkt.com/alexandru-ilie/profil/spieler/588433","Central Midfield","23","Romania","Olimp. Zarnesti",NA,"Romania",0,FALSE,NA,"Summer",NA,NA,NA,NA
"FC Voluntari","Liga 2","Romania","2023","Departures","Florin Bălan","https://www.transfermarkt.com/florin-balan/profil/spieler/666432","Left Midfield","21","Romania","Gloria Bistrita",NA,"Romania",NA,TRUE,"loan transfer","Summer",NA,NA,NA,NA
"FC Voluntari","Liga 2","Romania","2023","Departures","Alexandru Vlad","https://www.transfermarkt.com/alexandru-vlad/profil/spieler/204040","Left-Back","33","Romania","Without Club",NA,NA,NA,FALSE,"-","Summer",NA,NA,NA,NA
"FC Voluntari","Liga 2","Romania","2023","Departures","Aymar Meleke","https://www.transfermarkt.com/aymar-meleke/profil/spieler/877638","Centre-Forward","24","Cote d'Ivoire","Without Club",NA,NA,NA,FALSE,"-","Summer",NA,NA,NA,NA
"FC Voluntari","Liga 2","Romania","2023","Departures","Vitalie Damaşcan","https://www.transfermarkt.com/vitalie-damascan/profil/spieler/354136","Centre-Forward","24","Moldova","Sepsi OSK","SuperLiga","Romania",NA,TRUE,"End of loan Jun 30, 2023","Summer",NA,NA,NA,NA
"FC Voluntari","Liga 2","Romania","2023","Arrivals","Grigore Turda","https://www.transfermarkt.com/grigore-turda/profil/spieler/451328","Centre-Back","26","Romania","FC Arges","Liga 2","Romania",0,FALSE,NA,"Winter",18,13,0,940
"FC Voluntari","Liga 2","Romania","2023","Arrivals","Andrei Ciobanu","https://www.transfermarkt.com/andrei-ciobanu/profil/spieler/340980","Central Midfield","25","Romania","FC Rapid 1923","SuperLiga","Romania",0,FALSE,NA,"Winter",19,11,0,559
"FC Voluntari","Liga 2","Romania","2023","Arrivals","Bautista Cascini","https://www.transfermarkt.com/bautista-cascini/profil/spieler/423439","Central Midfield","26","Argentina","Slaven Belupo","SuperSport HNL","Croatia",0,FALSE,NA,"Winter",17,14,1,734
"FC Voluntari","Liga 2","Romania","2023","Arrivals","Yahcuroo Roemer","https://www.transfermarkt.com/yahcuroo-roemer/profil/spieler/539547","Right Winger","22","Suriname","Without Club",NA,NA,NA,FALSE,"-","Winter",4,2,0,152
"FC Voluntari","Liga 2","Romania","2023","Arrivals","Omar Govea","https://www.transfermarkt.com/omar-govea/profil/spieler/282927","Defensive Midfield","27","Mexico","Monterrey","Liga MX Apertura","Mexico",NA,TRUE,"End of loan Dec 31, 2023","Winter",NA,NA,NA,NA
"FC Voluntari","Liga 2","Romania","2023","Departures","Omar Govea","https://www.transfermarkt.com/omar-govea/profil/spieler/282927","Defensive Midfield","27","Mexico","Monterrey","Liga MX Apertura","Mexico",5e+05,FALSE,NA,"Winter",NA,NA,NA,NA
"FC Voluntari","Liga 2","Romania","2023","Departures","Luka Bozickovic","https://www.transfermarkt.com/luka-bozickovic/profil/spieler/678924","Central Midfield","20","Bosnia-Herzegovina","Sloga Meridian","Premijer Liga BiH","Bosnia-Herzegovina",0,FALSE,NA,"Winter",9,5,0,26
"FC Voluntari","Liga 2","Romania","2023","Departures","Valentin Mărgărit","https://www.transfermarkt.com/valentin-margarit/profil/spieler/670830","Goalkeeper","19","Romania","CS Tunari","Liga 2","Romania",0,FALSE,NA,"Winter",1,0,0,0
"FC Voluntari","Liga 2","Romania","2023","Departures","Ionuț Andreș","https://www.transfermarkt.com/ionut-andres/profil/spieler/902110","Centre-Back","23","Romania","Unirea Slobozia","Liga 2","Romania",NA,TRUE,"loan transfer","Winter",20,5,0,340
"ACSM Politehnica Iasi","Liga 2","Romania","2023","Arrivals","Mihai Bordeianu","https://www.transfermarkt.com/mihai-bordeianu/profil/spieler/210059","Central Midfield","31","Romania","U Cluj","SuperLiga","Romania",0,FALSE,NA,"Summer",30,30,0,2150
"ACSM Politehnica Iasi","Liga 2","Romania","2023","Arrivals","Rareș Ispas","https://www.transfermarkt.com/rares-ispas/profil/spieler/634317","Left-Back","22","Romania","Sepsi OSK","SuperLiga","Romania",0,FALSE,NA,"Summer",29,27,1,2277
"ACSM Politehnica Iasi","Liga 2","Romania","2023","Arrivals","Claudiu Belu","https://www.transfermarkt.com/claudiu-belu/profil/spieler/208716","Right-Back","29","Romania","FC Rapid 1923","SuperLiga","Romania",0,FALSE,NA,"Summer",7,4,0,183
"ACSM Politehnica Iasi","Liga 2","Romania","2023","Arrivals","Luis Phelipe","https://www.transfermarkt.com/luis-phelipe/profil/spieler/673830","Left Winger","22","Brazil","Atlético-GO","Série B","Brazil",0,FALSE,NA,"Summer",20,20,3,1242
"ACSM Politehnica Iasi","Liga 2","Romania","2023","Arrivals","Silviu Lung Jr.","https://www.transfermarkt.com/silviu-lung-jr-/profil/spieler/73731","Goalkeeper","34","Romania","Al-Raed","Saudi Pro League","Saudi Arabia",0,FALSE,NA,"Summer",23,23,0,1977
"ACSM Politehnica Iasi","Liga 2","Romania","2023","Arrivals","Dumitru Celeadnic","https://www.transfermarkt.com/dumitru-celeadnic/profil/spieler/267526","Goalkeeper","31","Moldova","FC Sheriff","Super Liga (Phase 2)","Moldova",0,FALSE,NA,"Summer",4,0,0,0
"ACSM Politehnica Iasi","Liga 2","Romania","2023","Arrivals","Florin Ilie","https://www.transfermarkt.com/florin-ilie/profil/spieler/192866","Centre-Back","31","Romania","U Cluj","SuperLiga","Romania",0,FALSE,NA,"Summer",38,33,0,2367
"ACSM Politehnica Iasi","Liga 2","Romania","2023","Arrivals","Cătălin Itu","https://www.transfermarkt.com/catalin-itu/profil/spieler/464306","Central Midfield","23","Romania","CFR Cluj","SuperLiga","Romania",0,FALSE,NA,"Summer",27,18,1,509
"ACSM Politehnica Iasi","Liga 2","Romania","2023","Arrivals","Sergiu Buș","https://www.transfermarkt.com/sergiu-bus/profil/spieler/123671","Centre-Forward","30","Romania","CFR Cluj","SuperLiga","Romania",0,FALSE,NA,"Summer",33,31,3,1625
"ACSM Politehnica Iasi","Liga 2","Romania","2023","Arrivals","Carlos Jatobá","https://www.transfermarkt.com/carlos-jatoba/profil/spieler/374089","Central Midfield","27","Brazil","Londrina-PR","Série B","Brazil",0,FALSE,NA,"Summer",39,34,1,1761
"ACSM Politehnica Iasi","Liga 2","Romania","2023","Arrivals","Sorin Șerban","https://www.transfermarkt.com/sorin-serban/profil/spieler/567518","Left-Back","23","Romania","FCSB","SuperLiga","Romania",0,FALSE,NA,"Summer",4,3,0,235
"ACSM Politehnica Iasi","Liga 2","Romania","2023","Arrivals","Antonio Dumitru","https://www.transfermarkt.com/antonio-dumitru/profil/spieler/938591","Right Winger","18","Romania","Nucet",NA,"Romania",0,FALSE,NA,"Summer",14,8,0,198
"ACSM Politehnica Iasi","Liga 2","Romania","2023","Arrivals","Andrei Gheorghiță","https://www.transfermarkt.com/andrei-gheorghita/profil/spieler/880840","Left Midfield","20","Romania","FC Bihor",NA,"Romania",0,FALSE,NA,"Summer",38,29,2,1538
"ACSM Politehnica Iasi","Liga 2","Romania","2023","Arrivals","Karim Sătmărean","https://www.transfermarkt.com/karim-satmarean/profil/spieler/1039748","Striker","19","Romania","FV Eppelborn","Saarlandliga","Germany",0,FALSE,NA,"Summer",0,0,0,0
"ACSM Politehnica Iasi","Liga 2","Romania","2023","Arrivals","Alex Militaru","https://www.transfermarkt.com/alex-militaru/profil/spieler/914458","Central Midfield","20","Romania","CFR Cluj U19",NA,"Romania",NA,FALSE,"?","Summer",1,0,0,0
"ACSM Politehnica Iasi","Liga 2","Romania","2023","Arrivals","Nicolás Samayoa","https://www.transfermarkt.com/nicolas-samayoa/profil/spieler/354671","Centre-Back","27","Guatemala","Comunicaciones","Liga Guate Apertura","Guatemala",NA,FALSE,"?","Summer",34,31,0,2492
"ACSM Politehnica Iasi","Liga 2","Romania","2023","Arrivals","Andrei Ciobanu","https://www.transfermarkt.com/andrei-ciobanu/profil/spieler/340980","Central Midfield","25","Romania","FC Rapid 1923","SuperLiga","Romania",NA,TRUE,"loan transfer","Summer",14,11,0,323
"ACSM Politehnica Iasi","Liga 2","Romania","2023","Arrivals","Alexandru Gau","https://www.transfermarkt.com/alexandru-gau/profil/spieler/716055","Defensive Midfield","19","Moldova","V. Darabani",NA,"Romania",NA,TRUE,"End of loan Jun 30, 2023","Summer",NA,NA,NA,NA
"ACSM Politehnica Iasi","Liga 2","Romania","2023","Arrivals","Darius Deac","https://www.transfermarkt.com/darius-deac/profil/spieler/935889","Centre-Forward","19","Romania","Miroslava",NA,"Romania",NA,TRUE,"End of loan Jun 30, 2023","Summer",0,0,0,0
"ACSM Politehnica Iasi","Liga 2","Romania","2023","Arrivals","Alexandru Azoiței","https://www.transfermarkt.com/alexandru-azoitei/profil/spieler/1031087","Centre-Back","20","Romania","Gloria Ultra",NA,"Romania",NA,TRUE,"End of loan Jun 30, 2023","Summer",NA,NA,NA,NA
"ACSM Politehnica Iasi","Liga 2","Romania","2023","Arrivals","Cristian Grigoriu","https://www.transfermarkt.com/cristian-grigoriu/profil/spieler/1031088","Centre-Forward","19","Romania","Miroslava",NA,"Romania",NA,TRUE,"End of loan Jun 30, 2023","Summer",0,0,0,0
"ACSM Politehnica Iasi","Liga 2","Romania","2023","Arrivals","David Ciubăncan","https://www.transfermarkt.com/david-ciubancan/profil/spieler/1006106","Centre-Forward","18","Romania","CFR Cluj II",NA,"Romania",NA,TRUE,"End of loan Jun 30, 2023","Summer",NA,NA,NA,NA
"ACSM Politehnica Iasi","Liga 2","Romania","2023","Departures","Dumitru Celeadnic","https://www.transfermarkt.com/dumitru-celeadnic/profil/spieler/267526","Goalkeeper","31","Moldova","FC Sheriff","Super Liga (Phase 2)","Moldova",0,FALSE,NA,"Summer",4,0,0,0
"ACSM Politehnica Iasi","Liga 2","Romania","2023","Departures","Cătălin Hlistei","https://www.transfermarkt.com/catalin-hlistei/profil/spieler/397479","Left Midfield","29","Romania","Concordia","Liga 2","Romania",0,FALSE,NA,"Summer",5,2,0,47
"ACSM Politehnica Iasi","Liga 2","Romania","2023","Departures","Florin Plămadă","https://www.transfermarkt.com/florin-plamada/profil/spieler/241574","Centre-Back","31","Romania","Chindia","Liga 2","Romania",0,FALSE,NA,"Summer",NA,NA,NA,NA
"ACSM Politehnica Iasi","Liga 2","Romania","2023","Departures","Viorel Lică","https://www.transfermarkt.com/viorel-lica/profil/spieler/262130","Centre-Back","28","Romania","Corvinul","Liga 2","Romania",0,FALSE,NA,"Summer",NA,NA,NA,NA
"ACSM Politehnica Iasi","Liga 2","Romania","2023","Departures","Ianos Brinza","https://www.transfermarkt.com/ianos-brinza/profil/spieler/556245","Goalkeeper","24","Moldova","Alexandria","Liga 2","Romania",0,FALSE,NA,"Summer",NA,NA,NA,NA
"ACSM Politehnica Iasi","Liga 2","Romania","2023","Departures","Francisc Cristea","https://www.transfermarkt.com/francisc-cristea/profil/spieler/666408","Attacking Midfield","22","Romania","ACSM Reșița","Liga 2","Romania",0,FALSE,NA,"Summer",NA,NA,NA,NA
"ACSM Politehnica Iasi","Liga 2","Romania","2023","Departures","Alexandru Gau","https://www.transfermarkt.com/alexandru-gau/profil/spieler/716055","Defensive Midfield","19","Moldova","Miroslava",NA,"Romania",0,FALSE,NA,"Summer",NA,NA,NA,NA
"ACSM Politehnica Iasi","Liga 2","Romania","2023","Departures","Alexandru Mogoș","https://www.transfermarkt.com/alexandru-mogos/profil/spieler/705324","Left Winger","20","Romania","Alexandria","Liga 2","Romania",0,FALSE,NA,"Summer",2,2,0,28
"ACSM Politehnica Iasi","Liga 2","Romania","2023","Departures","David Ciubăncan","https://www.transfermarkt.com/david-ciubancan/profil/spieler/1006106","Centre-Forward","18","Romania","CFR Cluj","SuperLiga","Romania",NA,FALSE,"?","Summer",NA,NA,NA,NA
"ACSM Politehnica Iasi","Liga 2","Romania","2023","Departures","Alex Militaru","https://www.transfermarkt.com/alex-militaru/profil/spieler/914458","Central Midfield","20","Romania","Chindia","Liga 2","Romania",NA,TRUE,"loan transfer","Summer",1,0,0,0
"ACSM Politehnica Iasi","Liga 2","Romania","2023","Departures","Christ Kouadio","https://www.transfermarkt.com/christ-kouadio/profil/spieler/481178","Right-Back","22","Cote d'Ivoire","Metaloglobus","Liga 2","Romania",NA,TRUE,"loan transfer","Summer",2,2,0,135
"ACSM Politehnica Iasi","Liga 2","Romania","2023","Departures","Denis Ciaun","https://www.transfermarkt.com/denis-ciaun/profil/spieler/1041509","Left-Back","20","Romania","Unirea Alba I.",NA,"Romania",NA,TRUE,"loan transfer","Summer",NA,NA,NA,NA
"ACSM Politehnica Iasi","Liga 2","Romania","2023","Departures","Bogdan Istratie","https://www.transfermarkt.com/bogdan-istratie/profil/spieler/1060873","Centre-Forward","19","Romania","Progresul Sp.","Liga 2","Romania",NA,TRUE,"loan transfer","Summer",NA,NA,NA,NA
"ACSM Politehnica Iasi","Liga 2","Romania","2023","Departures","Robert Niamțu","https://www.transfermarkt.com/robert-niamtu/profil/spieler/1040570","Central Midfield","17","Romania","Miroslava",NA,"Romania",NA,TRUE,"loan transfer","Summer",NA,NA,NA,NA
"ACSM Politehnica Iasi","Liga 2","Romania","2023","Departures","Alexandru Azoiței","https://www.transfermarkt.com/alexandru-azoitei/profil/spieler/1031087","Centre-Back","20","Romania","Aerostar",NA,"Romania",NA,TRUE,"loan transfer","Summer",NA,NA,NA,NA
"ACSM Politehnica Iasi","Liga 2","Romania","2023","Departures","Darius Deac","https://www.transfermarkt.com/darius-deac/profil/spieler/935889","Centre-Forward","19","Romania","Without Club",NA,NA,NA,FALSE,"-","Summer",0,0,0,0
"ACSM Politehnica Iasi","Liga 2","Romania","2023","Departures","Cristian Grigoriu","https://www.transfermarkt.com/cristian-grigoriu/profil/spieler/1031088","Centre-Forward","19","Romania","Without Club",NA,NA,NA,FALSE,"-","Summer",0,0,0,0
"ACSM Politehnica Iasi","Liga 2","Romania","2023","Departures","Andrei Ciobanu","https://www.transfermarkt.com/andrei-ciobanu/profil/spieler/340980","Central Midfield","25","Romania","FC Rapid 1923","SuperLiga","Romania",NA,TRUE,"End of loan Jan 4, 2024","Summer",14,11,0,323
"ACSM Politehnica Iasi","Liga 2","Romania","2023","Departures","Cătălin Itu","https://www.transfermarkt.com/catalin-itu/profil/spieler/464306","Central Midfield","23","Romania","CFR Cluj","SuperLiga","Romania",NA,TRUE,"End of loan Jun 30, 2023","Summer",27,18,1,509
"ACSM Politehnica Iasi","Liga 2","Romania","2023","Departures","Alexandru Musi","https://www.transfermarkt.com/alexandru-musi/profil/spieler/881064","Left Winger","18","Romania","FCSB","SuperLiga","Romania",NA,TRUE,"End of loan Jun 30, 2023","Summer",NA,NA,NA,NA
"ACSM Politehnica Iasi","Liga 2","Romania","2023","Departures","Enrichi Finica","https://www.transfermarkt.com/enrichi-finica/profil/spieler/603089","Left-Back","20","Romania","FC Rapid 1923","SuperLiga","Romania",NA,TRUE,"End of loan Jun 30, 2023","Summer",NA,NA,NA,NA
"ACSM Politehnica Iasi","Liga 2","Romania","2023","Departures","Antonio Dumitru","https://www.transfermarkt.com/antonio-dumitru/profil/spieler/938591","Right Winger","18","Romania","Nucet",NA,"Romania",NA,TRUE,"End of loan Jun 30, 2023","Summer",14,8,0,198
"ACSM Politehnica Iasi","Liga 2","Romania","2023","Arrivals","Kevin Kabran","https://www.transfermarkt.com/kevin-kabran/profil/spieler/223090","Centre-Forward","30","Sweden","Stabæk","OBOS-ligaen","Norway",0,FALSE,NA,"Winter",15,12,0,396
"ACSM Politehnica Iasi","Liga 2","Romania","2023","Arrivals","Todor Todoroski","https://www.transfermarkt.com/todor-todoroski/profil/spieler/344960","Right-Back","24","North Macedonia","Zalaegerszeg","NB I.","Hungary",0,FALSE,NA,"Winter",18,17,0,1339
"ACSM Politehnica Iasi","Liga 2","Romania","2023","Arrivals","Adel Bettaieb","https://www.transfermarkt.com/adel-bettaieb/profil/spieler/610484","Centre-Forward","26","Tunisia","Boluspor","1.Lig","Türkiye",0,FALSE,NA,"Winter",17,17,4,1237
"ACSM Politehnica Iasi","Liga 2","Romania","2023","Arrivals","Alexandru Core","https://www.transfermarkt.com/alexandru-core/profil/spieler/676835","Centre-Back","23","Romania","Viitorul Tg.Jiu","Liga 2","Romania",0,FALSE,NA,"Winter",NA,NA,NA,NA
"ACSM Politehnica Iasi","Liga 2","Romania","2023","Arrivals","Toma Niga","https://www.transfermarkt.com/toma-niga/profil/spieler/276907","Goalkeeper","26","Romania","Foresta Suceava",NA,"Romania",0,FALSE,NA,"Winter",14,1,0,66
"ACSM Politehnica Iasi","Liga 2","Romania","2023","Arrivals","Allanzinho","https://www.transfermarkt.com/allanzinho/profil/spieler/685768","Left Winger","23","Brazil","Santos","Série B","Brazil",NA,TRUE,"loan transfer","Winter",18,12,0,407
"ACSM Politehnica Iasi","Liga 2","Romania","2023","Arrivals","Luca Mihai","https://www.transfermarkt.com/luca-mihai/profil/spieler/608487","Central Midfield","20","Romania","CFR Cluj","SuperLiga","Romania",NA,TRUE,"loan transfer","Winter",12,10,0,580
"ACSM Politehnica Iasi","Liga 2","Romania","2023","Arrivals","Rachid Bouhenna","https://www.transfermarkt.com/rachid-bouhenna/profil/spieler/194790","Centre-Back","32","Algeria","Without Club",NA,NA,NA,FALSE,"-","Winter",13,12,0,699
"ACSM Politehnica Iasi","Liga 2","Romania","2023","Arrivals","Hamza Saghiri","https://www.transfermarkt.com/hamza-saghiri/profil/spieler/268757","Central Midfield","26","Germany","Without Club",NA,NA,NA,FALSE,"-","Winter",16,8,1,473
"ACSM Politehnica Iasi","Liga 2","Romania","2023","Arrivals","Alex Militaru","https://www.transfermarkt.com/alex-militaru/profil/spieler/914458","Central Midfield","20","Romania","Chindia","Liga 2","Romania",NA,FALSE,"-","Winter",1,0,0,0
"ACSM Politehnica Iasi","Liga 2","Romania","2023","Arrivals","Denis Ciobanu","https://www.transfermarkt.com/denis-ciobanu/profil/spieler/695877","Central Midfield","19","Romania","Without Club",NA,NA,NA,FALSE,"-","Winter",5,0,0,0
"ACSM Politehnica Iasi","Liga 2","Romania","2023","Arrivals","Bogdan Istratie","https://www.transfermarkt.com/bogdan-istratie/profil/spieler/1060873","Centre-Forward","19","Romania","Progresul Sp.","Liga 2","Romania",NA,TRUE,"End of loan Jan 13, 2024","Winter",NA,NA,NA,NA
"ACSM Politehnica Iasi","Liga 2","Romania","2023","Departures","Luis Phelipe","https://www.transfermarkt.com/luis-phelipe/profil/spieler/673830","Left Winger","22","Brazil","FCSB","SuperLiga","Romania",2e+05,FALSE,NA,"Winter",20,20,3,1242
"ACSM Politehnica Iasi","Liga 2","Romania","2023","Departures","Claudiu Belu","https://www.transfermarkt.com/claudiu-belu/profil/spieler/208716","Right-Back","30","Romania","Concordia","Liga 2","Romania",0,FALSE,NA,"Winter",7,4,0,183
"ACSM Politehnica Iasi","Liga 2","Romania","2023","Departures","Răzvan Tincu","https://www.transfermarkt.com/razvan-tincu/profil/spieler/48685","Centre-Back","36","Romania","Minaur",NA,"Romania",0,FALSE,NA,"Winter",19,7,0,222
"ACSM Politehnica Iasi","Liga 2","Romania","2023","Departures","Risto Jankov","https://www.transfermarkt.com/risto-jankov/profil/spieler/344958","Goalkeeper","25","North Macedonia","Bregalnica Stip","Prva liga","North Macedonia",0,FALSE,NA,"Winter",5,1,0,90
"ACSM Politehnica Iasi","Liga 2","Romania","2023","Departures","Tudor Telcean","https://www.transfermarkt.com/tudor-telcean/profil/spieler/671627","Centre-Back","22","Romania","Unirea Dej","Liga 2","Romania",0,FALSE,NA,"Winter",NA,NA,NA,NA
"ACSM Politehnica Iasi","Liga 2","Romania","2023","Departures","Karim Sătmărean","https://www.transfermarkt.com/karim-satmarean/profil/spieler/1039748","Striker","20","Romania","Olimpia SM",NA,"Romania",0,FALSE,NA,"Winter",0,0,0,0
"ACSM Politehnica Iasi","Liga 2","Romania","2023","Departures","Jakub Vojtus","https://www.transfermarkt.com/jakub-vojtus/profil/spieler/104990","Centre-Forward","30","Slovakia","Mumbai City","Indian Super League","India",NA,FALSE,"?","Winter",13,12,1,425
"ACSM Politehnica Iasi","Liga 2","Romania","2023","Departures","Alex Militaru","https://www.transfermarkt.com/alex-militaru/profil/spieler/914458","Central Midfield","20","Romania","Unirea Dej","Liga 2","Romania",NA,TRUE,"loan transfer","Winter",1,0,0,0
"ACSM Politehnica Iasi","Liga 2","Romania","2023","Departures","Alexandru Core","https://www.transfermarkt.com/alexandru-core/profil/spieler/676835","Centre-Back","23","Romania","Ceahlaul","Liga 2","Romania",NA,TRUE,"loan transfer","Winter",NA,NA,NA,NA
"ACSM Politehnica Iasi","Liga 2","Romania","2023","Departures","Antonio Dumitru","https://www.transfermarkt.com/antonio-dumitru/profil/spieler/938591","Right Winger","19","Romania","Mediaș 2022",NA,"Romania",NA,TRUE,"loan transfer","Winter",14,8,0,198
"ACSM Politehnica Iasi","Liga 2","Romania","2023","Departures","Bogdan Istratie","https://www.transfermarkt.com/bogdan-istratie/profil/spieler/1060873","Centre-Forward","20","Romania","SSU Poli",NA,"Romania",NA,TRUE,"loan transfer","Winter",NA,NA,NA,NA
"ACSM Politehnica Iasi","Liga 2","Romania","2023","Departures","Gabriel Vașvari","https://www.transfermarkt.com/gabriel-vasvari/profil/spieler/177660","Defensive Midfield","37","Romania",NA,NA,NA,NA,FALSE,"-","Winter",8,6,1,278
"ACSM Politehnica Iasi","Liga 2","Romania","2023","Departures","Sorin Șerban","https://www.transfermarkt.com/sorin-serban/profil/spieler/567518","Left-Back","23","Romania","Without Club",NA,NA,NA,FALSE,"-","Winter",4,3,0,235
"ACSM Politehnica Iasi","Liga 2","Romania","2023","Departures","Nicolás Del Priore","https://www.transfermarkt.com/nicolas-del-priore/profil/spieler/613357","Central Midfield","26","Argentina","Dep. Maipú","Primera Nacional","Argentina",NA,TRUE,"End of loan Jan 1, 2023","Winter",NA,NA,NA,NA
"ACSM Politehnica Iasi","Liga 2","Romania","2023","Departures","Alexandru Anton","https://www.transfermarkt.com/alexandru-anton/profil/spieler/1031086","Right Winger","20","Romania","Ceahlaul","Liga 2","Romania",NA,TRUE,"End of loan Jun 30, 2024","Winter",NA,NA,NA,NA
