"team_name","league","country","season","transfer_type","player_name","player_url","player_position","player_age","player_nationality","club_2","league_2","country_2","transfer_fee","is_loan","transfer_notes","window","in_squad","appearances","goals","minutes_played"
"FCSB","SuperLiga","Romania","2015","Arrivals","Grégory Tadé","https://www.transfermarkt.com/gregory-tade/profil/spieler/45931","Centre-Forward","28","France","CFR Cluj","SuperLiga","Romania",5e+05,FALSE,NA,"Summer",42,37,7,2359
"FCSB","SuperLiga","Romania","2015","Arrivals","Sulley Muniru","https://www.transfermarkt.com/sulley-muniru/profil/spieler/258371","Central Midfield","22","Ghana","CFR Cluj","SuperLiga","Romania",5e+05,FALSE,NA,"Summer",41,31,3,1917
"FCSB","SuperLiga","Romania","2015","Arrivals","Alexandru Tudorie","https://www.transfermarkt.com/alexandru-tudorie/profil/spieler/260139","Centre-Forward","19","Romania","Otelul Galati","Liga 2","Romania",250000,FALSE,NA,"Summer",29,22,1,739
"FCSB","SuperLiga","Romania","2015","Arrivals","Aymen Tahar","https://www.transfermarkt.com/aymen-tahar/profil/spieler/104127","Central Midfield","25","Algeria","Gaz Metan","Liga II - Seria II","Romania",150000,FALSE,NA,"Summer",29,24,2,1015
"FCSB","SuperLiga","Romania","2015","Arrivals","Jean Sony Alcénat","https://www.transfermarkt.com/jean-sony-alcenat/profil/spieler/64672","Right-Back","29","Haiti","Petrolul","SuperLiga","Romania",0,FALSE,NA,"Summer",21,11,0,616
"FCSB","SuperLiga","Romania","2015","Arrivals","Jugurtha Hamroun","https://www.transfermarkt.com/jugurtha-hamroun/profil/spieler/81563","Left Winger","26","Algeria","Otelul Galati","Liga 2","Romania",0,FALSE,NA,"Summer",36,36,10,2526
"FCSB","SuperLiga","Romania","2015","Arrivals","Cătălin Carp","https://www.transfermarkt.com/catalin-carp/profil/spieler/213016","Defensive Midfield","21","Moldova","CFR Cluj","SuperLiga","Romania",0,FALSE,NA,"Summer",30,13,0,841
"FCSB","SuperLiga","Romania","2015","Arrivals","Vlad Mihalcea","https://www.transfermarkt.com/vlad-mihalcea/profil/spieler/341143","Attacking Midfield","16","Romania","FC Brasov","Liga II - Seria II","Romania",0,FALSE,NA,"Summer",18,9,0,177
"FCSB","SuperLiga","Romania","2015","Arrivals","Houssine Kharja","https://www.transfermarkt.com/houssine-kharja/profil/spieler/21822","Central Midfield","32","Morocco","Without Club",NA,NA,NA,FALSE,"-","Summer",14,11,0,714
"FCSB","SuperLiga","Romania","2015","Arrivals","Cristian Onțel","https://www.transfermarkt.com/cristian-ontel/profil/spieler/346113","Left Midfield","17","Romania","FCSB U18",NA,"Romania",NA,FALSE,"-","Summer",10,4,1,41
"FCSB","SuperLiga","Romania","2015","Arrivals","Ionuț Poiană","https://www.transfermarkt.com/ionut-poiana/profil/spieler/300872","Goalkeeper","17","Romania","FCSB U18",NA,"Romania",NA,FALSE,"-","Summer",2,0,0,0
"FCSB","SuperLiga","Romania","2015","Arrivals","Gabriel Matei","https://www.transfermarkt.com/gabriel-matei/profil/spieler/131882","Right-Back","25","Romania","FC Brasov","SuperLiga","Romania",NA,TRUE,"End of loan Jun 30, 2015","Summer",NA,NA,NA,NA
"FCSB","SuperLiga","Romania","2015","Arrivals","Cristian Pușcaș","https://www.transfermarkt.com/cristian-puscas/profil/spieler/211016","Defensive Midfield","21","Romania","Ac. Clinceni","Liga 2","Romania",NA,TRUE,"End of loan Jun 30, 2015","Summer",NA,NA,NA,NA
"FCSB","SuperLiga","Romania","2015","Arrivals","Răzvan Grădinaru","https://www.transfermarkt.com/razvan-gradinaru/profil/spieler/289256","Right-Back","19","Romania","Otelul Galati","SuperLiga","Romania",NA,TRUE,"End of loan Jun 30, 2015","Summer",4,3,0,151
"FCSB","SuperLiga","Romania","2015","Arrivals","Paul Pârvulescu","https://www.transfermarkt.com/paul-parvulescu/profil/spieler/81494","Left-Back","26","Romania","FCV Farul","SuperLiga","Romania",NA,TRUE,"End of loan Jun 30, 2015","Summer",NA,NA,NA,NA
"FCSB","SuperLiga","Romania","2015","Arrivals","Alexandru Tarnovan","https://www.transfermarkt.com/alexandru-tarnovan/profil/spieler/262028","Right Winger","19","Romania","Gaz Metan","SuperLiga","Romania",NA,TRUE,"End of loan Jun 30, 2015","Summer",10,3,0,144
"FCSB","SuperLiga","Romania","2015","Departures","Cristian Tănase","https://www.transfermarkt.com/cristian-tanase/profil/spieler/46662","Left Winger","28","Romania","TJ Jinmen Tiger","Super League","China",1e+06,FALSE,NA,"Summer",NA,NA,NA,NA
"FCSB","SuperLiga","Romania","2015","Departures","Giedrius Arlauskis","https://www.transfermarkt.com/giedrius-arlauskis/profil/spieler/69001","Goalkeeper","27","Lithuania","Watford","Premier League","England",0,FALSE,NA,"Summer",NA,NA,NA,NA
"FCSB","SuperLiga","Romania","2015","Departures","Andrei Prepeliță","https://www.transfermarkt.com/andrei-prepelita/profil/spieler/37933","Central Midfield","29","Romania","Ludogorets","efbet Liga","Bulgaria",0,FALSE,NA,"Summer",NA,NA,NA,NA
"FCSB","SuperLiga","Romania","2015","Departures","Gabriel Tamaș","https://www.transfermarkt.com/gabriel-tamas/profil/spieler/6893","Centre-Back","31","Romania","Cardiff","Championship","Wales",0,FALSE,NA,"Summer",19,18,0,1413
"FCSB","SuperLiga","Romania","2015","Departures","Srdjan Luchin","https://www.transfermarkt.com/srdjan-luchin/profil/spieler/58720","Centre-Back","29","Romania","ACS Poli","SuperLiga","Romania",0,FALSE,NA,"Summer",NA,NA,NA,NA
"FCSB","SuperLiga","Romania","2015","Departures","Iasmin Latovlevici","https://www.transfermarkt.com/iasmin-latovlevici/profil/spieler/47172","Left-Back","29","Romania","Genclerbirligi","Süper Lig","Türkiye",0,FALSE,NA,"Summer",NA,NA,NA,NA
"FCSB","SuperLiga","Romania","2015","Departures","Gabriel Matei","https://www.transfermarkt.com/gabriel-matei/profil/spieler/131882","Right-Back","25","Romania","Ac. Clinceni","Liga 2","Romania",0,FALSE,NA,"Summer",NA,NA,NA,NA
"FCSB","SuperLiga","Romania","2015","Departures","Cristian Pușcaș","https://www.transfermarkt.com/cristian-puscas/profil/spieler/211016","Defensive Midfield","21","Romania","Sportul Snagov","Liga II - Seria II","Romania",0,FALSE,NA,"Summer",NA,NA,NA,NA
"FCSB","SuperLiga","Romania","2015","Departures","Gabriel Iancu","https://www.transfermarkt.com/gabriel-iancu/profil/spieler/164254","Centre-Forward","21","Romania","Karabükspor","1.Lig","Türkiye",NA,TRUE,"loan transfer","Summer",11,9,1,363
"FCSB","SuperLiga","Romania","2015","Departures","Ionuț Neagu","https://www.transfermarkt.com/ionut-neagu/profil/spieler/112942","Defensive Midfield","25","Romania","Karabükspor","1.Lig","Türkiye",NA,TRUE,"loan transfer","Summer",6,3,0,222
"FCSB","SuperLiga","Romania","2015","Departures","Răzvan Grădinaru","https://www.transfermarkt.com/razvan-gradinaru/profil/spieler/289256","Right-Back","20","Romania","Concordia","SuperLiga","Romania",NA,TRUE,"loan transfer","Summer",4,3,0,151
"FCSB","SuperLiga","Romania","2015","Departures","Robert Vîlceanu","https://www.transfermarkt.com/robert-vilceanu/profil/spieler/289295","Attacking Midfield","18","Romania","FC Voluntari","SuperLiga","Romania",NA,TRUE,"loan transfer","Summer",1,0,0,0
"FCSB","SuperLiga","Romania","2015","Departures","Paul Pârvulescu","https://www.transfermarkt.com/paul-parvulescu/profil/spieler/81494","Left-Back","26","Romania","FC Voluntari","SuperLiga","Romania",NA,TRUE,"loan transfer","Summer",NA,NA,NA,NA
"FCSB","SuperLiga","Romania","2015","Departures","Robert Lică","https://www.transfermarkt.com/robert-lica/profil/spieler/272613","Central Midfield","17","Romania","Daco-Getica",NA,"Romania",NA,TRUE,"loan transfer","Summer",NA,NA,NA,NA
"FCSB","SuperLiga","Romania","2015","Departures","Alexandru Bourceanu","https://www.transfermarkt.com/alexandru-bourceanu/profil/spieler/64118","Defensive Midfield","30","Romania","Trabzonspor","Süper Lig","Türkiye",NA,TRUE,"End of loan Jun 30, 2015","Summer",15,14,0,892
"FCSB","SuperLiga","Romania","2015","Departures","Raul Rusescu","https://www.transfermarkt.com/raul-rusescu/profil/spieler/81433","Centre-Forward","26","Romania","Sevilla FC","LaLiga","Spain",NA,TRUE,"End of loan Jun 30, 2015","Summer",NA,NA,NA,NA
"FCSB","SuperLiga","Romania","2015","Departures","George Țucudean","https://www.transfermarkt.com/george-tucudean/profil/spieler/130345","Centre-Forward","24","Romania","Charlton","Championship","England",NA,TRUE,"End of loan Sep 7, 2015","Summer",NA,NA,NA,NA
"FCSB","SuperLiga","Romania","2015","Arrivals","Gabriel Enache","https://www.transfermarkt.com/gabriel-enache/profil/spieler/197652","Right-Back","25","Romania","Astra Giurgiu","SuperLiga","Romania",5e+05,FALSE,NA,"Winter",16,16,2,1219
"FCSB","SuperLiga","Romania","2015","Arrivals","Mihai Pintilii","https://www.transfermarkt.com/mihai-pintilii/profil/spieler/48890","Defensive Midfield","31","Romania","Hapoel Tel Aviv","Ligat ha'Al","Israel",250000,FALSE,NA,"Winter",12,12,0,986
"FCSB","SuperLiga","Romania","2015","Arrivals","Marko Momcilovic","https://www.transfermarkt.com/marko-momcilovic/profil/spieler/89506","Centre-Back","28","Serbia","Pandurii ","SuperLiga","Romania",250000,FALSE,NA,"Winter",15,12,2,1013
"FCSB","SuperLiga","Romania","2015","Arrivals","Cătălin Ștefănescu","https://www.transfermarkt.com/catalin-stefanescu/profil/spieler/243762","Left Winger","21","Romania","Ceahlaul","Liga 2","Romania",50000,FALSE,NA,"Winter",NA,NA,NA,NA
"FCSB","SuperLiga","Romania","2015","Arrivals","Doru Popadiuc","https://www.transfermarkt.com/doru-popadiuc/profil/spieler/279927","Attacking Midfield","20","Romania","Ceahlaul","Liga 2","Romania",50000,FALSE,NA,"Winter",6,4,1,152
"FCSB","SuperLiga","Romania","2015","Arrivals","Sebastian Chitosca","https://www.transfermarkt.com/sebastian-chitosca/profil/spieler/192864","Left Midfield","23","Romania","Ceahlaul","Liga 2","Romania",50000,FALSE,NA,"Winter",NA,NA,NA,NA
"FCSB","SuperLiga","Romania","2015","Arrivals","Gabriel Tamaș","https://www.transfermarkt.com/gabriel-tamas/profil/spieler/6893","Centre-Back","32","Romania","Cardiff","Championship","Wales",0,FALSE,NA,"Winter",19,18,0,1413
"FCSB","SuperLiga","Romania","2015","Arrivals","Thaer Bawab","https://www.transfermarkt.com/thaer-bawab/profil/spieler/40480","Centre-Forward","30","Jordan","CS U Craiova","SuperLiga","Romania",0,FALSE,NA,"Winter",12,9,3,372
"FCSB","SuperLiga","Romania","2015","Arrivals","Timo Gebhart","https://www.transfermarkt.com/timo-gebhart/profil/spieler/42463","Attacking Midfield","26","Germany","1.FC Nuremberg","2. Bundesliga","Germany",0,FALSE,NA,"Winter",10,7,0,325
"FCSB","SuperLiga","Romania","2015","Arrivals","Ciprian Marica","https://www.transfermarkt.com/ciprian-marica/profil/spieler/16833","Centre-Forward","30","Romania","Without Club",NA,NA,NA,FALSE,"-","Winter",9,9,0,561
"FCSB","SuperLiga","Romania","2015","Arrivals","Alexandru Bourceanu","https://www.transfermarkt.com/alexandru-bourceanu/profil/spieler/64118","Defensive Midfield","30","Romania","Without Club",NA,NA,NA,FALSE,"-","Winter",15,14,0,892
"FCSB","SuperLiga","Romania","2015","Arrivals","Cristian Onțel","https://www.transfermarkt.com/cristian-ontel/profil/spieler/346113","Left Midfield","17","Romania","FCSB U18",NA,"Romania",NA,FALSE,"-","Winter",10,4,1,41
"FCSB","SuperLiga","Romania","2015","Arrivals","Paul Pârvulescu","https://www.transfermarkt.com/paul-parvulescu/profil/spieler/81494","Left-Back","27","Romania","FC Voluntari","SuperLiga","Romania",NA,TRUE,"End of loan Dec 31, 2015","Winter",NA,NA,NA,NA
"FCSB","SuperLiga","Romania","2015","Departures","Jean Sony Alcénat","https://www.transfermarkt.com/jean-sony-alcenat/profil/spieler/64672","Right-Back","30","Haiti","FC Voluntari","SuperLiga","Romania",NA,TRUE,"loan transfer","Winter",21,11,0,616
"FCSB","SuperLiga","Romania","2015","Departures","Aymen Tahar","https://www.transfermarkt.com/aymen-tahar/profil/spieler/104127","Central Midfield","26","Algeria","Boavista","Liga Portugal","Portugal",NA,TRUE,"loan transfer","Winter",29,24,2,1015
"FCSB","SuperLiga","Romania","2015","Departures","Alexandru Tudorie","https://www.transfermarkt.com/alexandru-tudorie/profil/spieler/260139","Centre-Forward","19","Romania","FC Voluntari","SuperLiga","Romania",NA,TRUE,"loan transfer","Winter",29,22,1,739
"FCSB","SuperLiga","Romania","2015","Departures","Cătălin Ștefănescu","https://www.transfermarkt.com/catalin-stefanescu/profil/spieler/243762","Left Winger","21","Romania","FC Voluntari","SuperLiga","Romania",NA,TRUE,"loan transfer","Winter",NA,NA,NA,NA
"FCSB","SuperLiga","Romania","2015","Departures","Sebastian Chitosca","https://www.transfermarkt.com/sebastian-chitosca/profil/spieler/192864","Left Midfield","23","Romania","FC Voluntari","SuperLiga","Romania",NA,TRUE,"loan transfer","Winter",NA,NA,NA,NA
"FCSB","SuperLiga","Romania","2015","Departures","Paul Pârvulescu","https://www.transfermarkt.com/paul-parvulescu/profil/spieler/81494","Left-Back","27","Romania","ASA Tg. Mures","SuperLiga","Romania",NA,TRUE,"loan transfer","Winter",NA,NA,NA,NA
"FCSB","SuperLiga","Romania","2015","Departures","Rareș Enceanu","https://www.transfermarkt.com/rares-enceanu/profil/spieler/221811","Central Midfield","21","Romania","FC Voluntari","SuperLiga","Romania",NA,TRUE,"loan transfer","Winter",21,14,0,526
"FCSB","SuperLiga","Romania","2015","Departures","Alexandru Tarnovan","https://www.transfermarkt.com/alexandru-tarnovan/profil/spieler/262028","Right Winger","20","Romania","U Cluj","Liga II - Seria II","Romania",NA,TRUE,"loan transfer","Winter",10,3,0,144
"FCSB","SuperLiga","Romania","2015","Departures","Guilherme","https://www.transfermarkt.com/guilherme/profil/spieler/217863","Left-Back","25","Brazil","Without Club",NA,NA,NA,FALSE,"-","Winter",33,28,0,2426
"Astra Giurgiu (- 2024)",NA,NA,"2015","Arrivals","Pedro Queirós","https://www.transfermarkt.com/pedro-queiros/profil/spieler/95267","Right-Back","30","Portugal","Vitória Setúbal","Liga Portugal","Portugal",0,FALSE,NA,"Summer",46,43,0,3568
"Astra Giurgiu (- 2024)",NA,NA,"2015","Arrivals","Ninos Gouriye","https://www.transfermarkt.com/ninos-gouriye/profil/spieler/190633","Left Winger","24","Netherlands","ADO Den Haag","Eredivisie","Netherlands",0,FALSE,NA,"Summer",10,7,1,313
"Astra Giurgiu (- 2024)",NA,NA,"2015","Arrivals","Fernando Boldrin","https://www.transfermarkt.com/fernando-boldrin/profil/spieler/144752","Attacking Midfield","26","Brazil","Concordia","SuperLiga","Romania",0,FALSE,NA,"Summer",45,42,7,3300
"Astra Giurgiu (- 2024)",NA,NA,"2015","Arrivals","Ricardo Alves","https://www.transfermarkt.com/ricardo-alves/profil/spieler/118323","Centre-Back","24","Portugal","Concordia","SuperLiga","Romania",0,FALSE,NA,"Summer",32,8,0,731
"Astra Giurgiu (- 2024)",NA,NA,"2015","Arrivals","Alexandru Stan","https://www.transfermarkt.com/alexandru-stan/profil/spieler/97517","Left Midfield","26","Romania","Concordia","SuperLiga","Romania",0,FALSE,NA,"Summer",38,19,1,1177
"Astra Giurgiu (- 2024)",NA,NA,"2015","Arrivals","Filipe Teixeira","https://www.transfermarkt.com/filipe-teixeira/profil/spieler/5568","Right Winger","34","Portugal","Petrolul","SuperLiga","Romania",0,FALSE,NA,"Summer",35,35,5,2672
"Astra Giurgiu (- 2024)",NA,NA,"2015","Arrivals","Alexandru Dandea","https://www.transfermarkt.com/alexandru-dandea/profil/spieler/213287","Centre-Back","27","Romania","Sportul Snagov","Liga II - Seria II","Romania",0,FALSE,NA,"Summer",40,28,4,1603
"Astra Giurgiu (- 2024)",NA,NA,"2015","Arrivals","Daniel Florea","https://www.transfermarkt.com/daniel-florea/profil/spieler/46543","Centre-Forward","27","Romania","Concordia","SuperLiga","Romania",0,FALSE,NA,"Summer",46,41,3,1320
"Astra Giurgiu (- 2024)",NA,NA,"2015","Arrivals","Geraldo","https://www.transfermarkt.com/geraldo/profil/spieler/14300","Centre-Back","34","Portugal","Petrolul","SuperLiga","Romania",0,FALSE,NA,"Summer",41,31,1,2675
"Astra Giurgiu (- 2024)",NA,NA,"2015","Arrivals","Florin Lovin","https://www.transfermarkt.com/florin-lovin/profil/spieler/26497","Central Midfield","33","Romania","Concordia","SuperLiga","Romania",0,FALSE,NA,"Summer",42,35,0,2049
"Astra Giurgiu (- 2024)",NA,NA,"2015","Arrivals","Ionuț Boșneag","https://www.transfermarkt.com/ionut-bosneag/profil/spieler/46509","Goalkeeper","33","Romania","Ac. Clinceni","Liga 2","Romania",0,FALSE,NA,"Summer",14,1,0,16
"Astra Giurgiu (- 2024)",NA,NA,"2015","Arrivals","Fwayo Tembo","https://www.transfermarkt.com/fwayo-tembo/profil/spieler/66313","Right Winger","26","Zambia","Without Club",NA,NA,NA,FALSE,"-","Summer",6,4,1,199
"Astra Giurgiu (- 2024)",NA,NA,"2015","Arrivals","Boubacar Mansaly","https://www.transfermarkt.com/boubacar-mansaly/profil/spieler/68901","Defensive Midfield","27","Senegal","Without Club",NA,NA,NA,FALSE,"-","Summer",20,17,0,1120
"Astra Giurgiu (- 2024)",NA,NA,"2015","Arrivals","Daniel Niculae","https://www.transfermarkt.com/daniel-niculae/profil/spieler/34512","Centre-Forward","33","Romania","Without Club",NA,NA,NA,FALSE,"-","Summer",22,21,2,835
"Astra Giurgiu (- 2024)",NA,NA,"2015","Departures","Kehinde Fatai","https://www.transfermarkt.com/kehinde-fatai/profil/spieler/73951","Centre-Forward","25","Nigeria","Sparta Prague","Chance Liga","Czech Republic",5e+05,FALSE,NA,"Summer",NA,NA,NA,NA
"Astra Giurgiu (- 2024)",NA,NA,"2015","Departures","Takayuki Seto","https://www.transfermarkt.com/takayuki-seto/profil/spieler/97562","Defensive Midfield","29","Japan","SB Ankaraspor","Süper Lig","Türkiye",3e+05,FALSE,NA,"Summer",20,19,0,1620
"Astra Giurgiu (- 2024)",NA,NA,"2015","Departures","Syam Ben Youssef","https://www.transfermarkt.com/syam-ben-youssef/profil/spieler/133078","Centre-Back","26","Tunisia","SM Caen","Ligue 1","France",0,FALSE,NA,"Summer",NA,NA,NA,NA
"Astra Giurgiu (- 2024)",NA,NA,"2015","Departures","Seidu Yahaya","https://www.transfermarkt.com/seidu-yahaya/profil/spieler/68288","Defensive Midfield","25","Ghana","FC Sheriff","Divizia Nationala (-2017)","Moldova",0,FALSE,NA,"Summer",NA,NA,NA,NA
"Astra Giurgiu (- 2024)",NA,NA,"2015","Departures","Vincent Laban","https://www.transfermarkt.com/vincent-laban/profil/spieler/59474","Defensive Midfield","30","Cyprus","AEK Larnaca","Cyprus League","Cyprus",0,FALSE,NA,"Summer",NA,NA,NA,NA
"Astra Giurgiu (- 2024)",NA,NA,"2015","Departures","George Florescu","https://www.transfermarkt.com/george-florescu/profil/spieler/45341","Defensive Midfield","31","Romania","FK Gabala","Premyer Liqa","Azerbaijan",0,FALSE,NA,"Summer",NA,NA,NA,NA
"Astra Giurgiu (- 2024)",NA,NA,"2015","Departures","Toni Gorupec","https://www.transfermarkt.com/toni-gorupec/profil/spieler/131314","Right-Back","22","Croatia","Vitória Setúbal","Liga Portugal","Portugal",0,FALSE,NA,"Summer",NA,NA,NA,NA
"Astra Giurgiu (- 2024)",NA,NA,"2015","Departures","Laurențiu Rus","https://www.transfermarkt.com/laurentiu-rus/profil/spieler/123289","Defensive Midfield","30","Romania","FC Voluntari","SuperLiga","Romania",0,FALSE,NA,"Summer",NA,NA,NA,NA
"Astra Giurgiu (- 2024)",NA,NA,"2015","Departures","Nuno Pinto","https://www.transfermarkt.com/nuno-pinto/profil/spieler/48206","Left-Back","28","Portugal","Vitória Setúbal","Liga Portugal","Portugal",0,FALSE,NA,"Summer",NA,NA,NA,NA
"Astra Giurgiu (- 2024)",NA,NA,"2015","Departures","Aurelian Chițu","https://www.transfermarkt.com/aurelian-chitu/profil/spieler/164236","Centre-Forward","24","Romania","FCV Farul","SuperLiga","Romania",0,FALSE,NA,"Summer",NA,NA,NA,NA
"Astra Giurgiu (- 2024)",NA,NA,"2015","Departures","Hubert Wolakiewicz","https://www.transfermarkt.com/hubert-wolakiewicz/profil/spieler/24525","Centre-Back","29","Poland","Cracovia","Ekstraklasa","Poland",0,FALSE,NA,"Summer",NA,NA,NA,NA
"Astra Giurgiu (- 2024)",NA,NA,"2015","Departures","Giannis Arampatzis","https://www.transfermarkt.com/giannis-arampatzis/profil/spieler/9847","Goalkeeper","31","Greece","Kerkyraikos","Football League","Greece",0,FALSE,NA,"Summer",NA,NA,NA,NA
"Astra Giurgiu (- 2024)",NA,NA,"2015","Departures","Andrei Răuță","https://www.transfermarkt.com/andrei-rauta/profil/spieler/326636","Centre-Back","19","Romania","Bucovina Poj.","Liga 2","Romania",0,FALSE,NA,"Summer",NA,NA,NA,NA
"Astra Giurgiu (- 2024)",NA,NA,"2015","Departures","Fwayo Tembo","https://www.transfermarkt.com/fwayo-tembo/profil/spieler/66313","Right Winger","26","Zambia","Without Club",NA,NA,NA,FALSE,"-","Summer",6,4,1,199
"Astra Giurgiu (- 2024)",NA,NA,"2015","Departures","Elliot Grandin","https://www.transfermarkt.com/elliot-grandin/profil/spieler/56785","Attacking Midfield","27","France","Without Club",NA,NA,NA,FALSE,"-","Summer",NA,NA,NA,NA
"Astra Giurgiu (- 2024)",NA,NA,"2015","Departures","Danu Spataru","https://www.transfermarkt.com/danu-spataru/profil/spieler/167505","Left Winger","21","Moldova","Zimbru Chisinau","Divizia Nationala (-2017)","Moldova",NA,TRUE,"End of loan Jun 30, 2015","Summer",NA,NA,NA,NA
"Astra Giurgiu (- 2024)",NA,NA,"2015","Departures","Joãozinho","https://www.transfermarkt.com/joaozinho/profil/spieler/138651","Left-Back","25","Portugal","SC Braga","Liga Portugal","Portugal",NA,TRUE,"End of loan Jun 30, 2015","Summer",NA,NA,NA,NA
"Astra Giurgiu (- 2024)",NA,NA,"2015","Departures","Kouassi Kouadja","https://www.transfermarkt.com/kouassi-kouadja/profil/spieler/106008","Centre-Back","20","Cote d'Ivoire","FC Saxan","Divizia Nationala (-2017)","Moldova",NA,TRUE,"End of loan Jun 30, 2015","Summer",NA,NA,NA,NA
"Astra Giurgiu (- 2024)",NA,NA,"2015","Arrivals","Adrian Scarlatache","https://www.transfermarkt.com/adrian-scarlatache/profil/spieler/46644","Centre-Back","29","Romania","Khazar Lankaran","Premyer Liqa","Azerbaijan",0,FALSE,NA,"Winter",9,3,0,247
"Astra Giurgiu (- 2024)",NA,NA,"2015","Arrivals","Takayuki Seto","https://www.transfermarkt.com/takayuki-seto/profil/spieler/97562","Defensive Midfield","29","Japan","SB Ankaraspor","Süper Lig","Türkiye",NA,TRUE,"loan transfer","Winter",20,19,0,1620
"Astra Giurgiu (- 2024)",NA,NA,"2015","Arrivals","Sekou Oliseh","https://www.transfermarkt.com/sekou-oliseh/profil/spieler/76075","Right Winger","25","Liberia","Without Club",NA,NA,NA,FALSE,"-","Winter",NA,NA,NA,NA
"Astra Giurgiu (- 2024)",NA,NA,"2015","Arrivals","Fwayo Tembo","https://www.transfermarkt.com/fwayo-tembo/profil/spieler/66313","Right Winger","26","Zambia","Without Club",NA,NA,NA,FALSE,"-","Winter",6,4,1,199
"Astra Giurgiu (- 2024)",NA,NA,"2015","Arrivals","Damien Boudjemaa","https://www.transfermarkt.com/damien-boudjemaa/profil/spieler/102651","Right Winger","30","France","Without Club",NA,NA,NA,FALSE,"-","Winter",12,12,2,763
"Astra Giurgiu (- 2024)",NA,NA,"2015","Arrivals","Daniel Niculae","https://www.transfermarkt.com/daniel-niculae/profil/spieler/34512","Centre-Forward","33","Romania","Without Club",NA,NA,NA,FALSE,"-","Winter",22,21,2,835
"Astra Giurgiu (- 2024)",NA,NA,"2015","Departures","Constantin Budescu","https://www.transfermarkt.com/constantin-budescu/profil/spieler/164233","Attacking Midfield","26","Romania","DL Pro","League One","China",1500000,FALSE,NA,"Winter",27,27,12,2158
"Astra Giurgiu (- 2024)",NA,NA,"2015","Departures","Gabriel Enache","https://www.transfermarkt.com/gabriel-enache/profil/spieler/197652","Right-Back","25","Romania","FCSB","SuperLiga","Romania",5e+05,FALSE,NA,"Winter",32,32,3,2722
"Astra Giurgiu (- 2024)",NA,NA,"2015","Departures","Fwayo Tembo","https://www.transfermarkt.com/fwayo-tembo/profil/spieler/66313","Right Winger","26","Zambia","Without Club",NA,NA,NA,FALSE,"-","Winter",6,4,1,199
"Astra Giurgiu (- 2024)",NA,NA,"2015","Departures","Ninos Gouriye","https://www.transfermarkt.com/ninos-gouriye/profil/spieler/190633","Left Winger","24","Netherlands","Without Club",NA,NA,NA,FALSE,"-","Winter",10,7,1,313
"Astra Giurgiu (- 2024)",NA,NA,"2015","Departures","Sergiu Ungurean","https://www.transfermarkt.com/sergiu-ungurean/profil/spieler/278951","Second Striker","26","Romania",NA,NA,NA,NA,FALSE,"-","Winter",NA,NA,NA,NA
"FC Dinamo 1948","SuperLiga","Romania","2015","Arrivals","Paul Anton","https://www.transfermarkt.com/paul-anton/profil/spieler/123286","Central Midfield","24","Romania","Pandurii ","SuperLiga","Romania",30000,FALSE,NA,"Summer",31,31,1,2510
"FC Dinamo 1948","SuperLiga","Romania","2015","Arrivals","Laurențiu Corbu","https://www.transfermarkt.com/laurentiu-corbu/profil/spieler/378746","Right-Back","21","Romania","ACS Urban Titu",NA,"Romania",5000,FALSE,NA,"Summer",22,5,0,403
"FC Dinamo 1948","SuperLiga","Romania","2015","Arrivals","Patrice Feussi","https://www.transfermarkt.com/patrice-feussi/profil/spieler/21921","Right-Back","28","Cameroon","ASA Tg. Mures","SuperLiga","Romania",0,FALSE,NA,"Summer",19,13,0,932
"FC Dinamo 1948","SuperLiga","Romania","2015","Arrivals","Aljosa Vojnovic","https://www.transfermarkt.com/aljosa-vojnovic/profil/spieler/34554","Defensive Midfield","29","Croatia","NK Osijek","SuperSport HNL","Croatia",0,FALSE,NA,"Summer",24,24,1,1755
"FC Dinamo 1948","SuperLiga","Romania","2015","Arrivals","Orlin Starokin","https://www.transfermarkt.com/orlin-starokin/profil/spieler/120164","Left-Back","28","Bulgaria","Loko Sofia",NA,"Bulgaria",0,FALSE,NA,"Summer",1,1,0,46
"FC Dinamo 1948","SuperLiga","Romania","2015","Arrivals","Marcel Essombé","https://www.transfermarkt.com/marcel-essombe/profil/spieler/126909","Centre-Forward","27","Cameroon","US Créteil-L","Ligue 2","France",0,FALSE,NA,"Summer",31,29,7,1443
"FC Dinamo 1948","SuperLiga","Romania","2015","Arrivals","Ricky van Haaren","https://www.transfermarkt.com/ricky-van-haaren/profil/spieler/63270","Central Midfield","24","Netherlands","ADO Den Haag","Eredivisie","Netherlands",0,FALSE,NA,"Summer",14,10,0,369
"FC Dinamo 1948","SuperLiga","Romania","2015","Arrivals","Antun Palic","https://www.transfermarkt.com/antun-palic/profil/spieler/68205","Attacking Midfield","27","Croatia","NK Krka","Prva Liga","Slovenia",0,FALSE,NA,"Summer",36,36,6,2782
"FC Dinamo 1948","SuperLiga","Romania","2015","Arrivals","Harlem Gnohéré","https://www.transfermarkt.com/harlem-gnohere/profil/spieler/70778","Centre-Forward","27","France","RAEC Mons",NA,"Belgium",0,FALSE,NA,"Summer",41,41,18,2573
"FC Dinamo 1948","SuperLiga","Romania","2015","Arrivals","Vytautas Černiauskas","https://www.transfermarkt.com/vytautas-cerniauskas/profil/spieler/97830","Goalkeeper","26","Lithuania","Korona Kielce","Ekstraklasa","Poland",0,FALSE,NA,"Summer",45,39,0,3540
"FC Dinamo 1948","SuperLiga","Romania","2015","Arrivals","Gabriel Abraham","https://www.transfermarkt.com/gabriel-abraham/profil/spieler/81467","Goalkeeper","24","Romania","Otelul Galati","Liga 2","Romania",0,FALSE,NA,"Summer",4,0,0,0
"FC Dinamo 1948","SuperLiga","Romania","2015","Arrivals","Fabian Himcinschi","https://www.transfermarkt.com/fabian-himcinschi/profil/spieler/149531","Centre-Forward","21","Romania","Rm. Valcea","Liga II - Seria II","Romania",0,FALSE,NA,"Summer",1,1,0,14
"FC Dinamo 1948","SuperLiga","Romania","2015","Arrivals","Alexandru Burci","https://www.transfermarkt.com/alexandru-burci/profil/spieler/588449","Goalkeeper","18","Romania","FC U Craiova",NA,"Romania",0,FALSE,NA,"Summer",NA,NA,NA,NA
"FC Dinamo 1948","SuperLiga","Romania","2015","Arrivals","Ante Puljic","https://www.transfermarkt.com/ante-puljic/profil/spieler/47459","Centre-Back","27","Croatia","KAA Gent","Jupiler Pro League","Belgium",NA,TRUE,"loan transfer","Summer",36,28,2,2094
"FC Dinamo 1948","SuperLiga","Romania","2015","Arrivals","Antonio Ghomsi","https://www.transfermarkt.com/antonio-ghomsi/profil/spieler/21924","Left-Back","29","Cameroon","Without Club",NA,NA,NA,FALSE,"-","Summer",6,5,0,312
"FC Dinamo 1948","SuperLiga","Romania","2015","Arrivals","Gëzim Shalaj","https://www.transfermarkt.com/gezim-shalaj/profil/spieler/138588","Left Winger","25","Switzerland","Without Club",NA,NA,NA,FALSE,"-","Summer",7,7,0,170
"FC Dinamo 1948","SuperLiga","Romania","2015","Arrivals","Miha Mevlja","https://www.transfermarkt.com/miha-mevlja/profil/spieler/100160","Centre-Back","25","Slovenia","Without Club",NA,NA,NA,FALSE,"-","Summer",45,45,0,3943
"FC Dinamo 1948","SuperLiga","Romania","2015","Arrivals","Iustin Popescu","https://www.transfermarkt.com/iustin-popescu/profil/spieler/289186","Goalkeeper","21","Romania","Dinamo II",NA,"Romania",NA,FALSE,"-","Summer",25,5,0,450
"FC Dinamo 1948","SuperLiga","Romania","2015","Arrivals","Andrei Tîrcoveanu","https://www.transfermarkt.com/andrei-tircoveanu/profil/spieler/271293","Attacking Midfield","18","Romania","Dinamo II",NA,"Romania",NA,FALSE,"-","Summer",18,4,0,132
"FC Dinamo 1948","SuperLiga","Romania","2015","Arrivals","Robert Moldoveanu","https://www.transfermarkt.com/robert-moldoveanu/profil/spieler/319235","Right Winger","16","Romania","Dinamo II",NA,"Romania",NA,FALSE,"-","Summer",9,3,0,147
"FC Dinamo 1948","SuperLiga","Romania","2015","Arrivals","Robert Vaduva","https://www.transfermarkt.com/robert-vaduva/profil/spieler/148005","Centre-Forward","22","Romania","ACS Berceni","Liga 2","Romania",NA,TRUE,"End of loan Jun 30, 2015","Summer",NA,NA,NA,NA
"FC Dinamo 1948","SuperLiga","Romania","2015","Arrivals","Mihai Popescu","https://www.transfermarkt.com/mihai-popescu/profil/spieler/361537","Centre-Back","22","Romania","ACS Berceni","Liga 2","Romania",NA,TRUE,"End of loan Jun 30, 2015","Summer",2,0,0,0
"FC Dinamo 1948","SuperLiga","Romania","2015","Arrivals","Darius Buia","https://www.transfermarkt.com/darius-buia/profil/spieler/186730","Attacking Midfield","21","Romania","Ac. Clinceni","Liga 2","Romania",NA,TRUE,"End of loan Jun 30, 2015","Summer",NA,NA,NA,NA
"FC Dinamo 1948","SuperLiga","Romania","2015","Arrivals","Andrei Radu","https://www.transfermarkt.com/andrei-radu/profil/spieler/243293","Left-Back","19","Romania","Ac. Clinceni","Liga 2","Romania",NA,TRUE,"End of loan Jun 30, 2015","Summer",NA,NA,NA,NA
"FC Dinamo 1948","SuperLiga","Romania","2015","Departures","Marius Alexe","https://www.transfermarkt.com/marius-alexe/profil/spieler/48678","Centre-Forward","25","Romania","Karabükspor","1.Lig","Türkiye",2e+05,FALSE,NA,"Summer",1,1,0,90
"FC Dinamo 1948","SuperLiga","Romania","2015","Departures","Kamil Bilinski","https://www.transfermarkt.com/kamil-bilinski/profil/spieler/95197","Centre-Forward","27","Poland","Slask Wroclaw","Ekstraklasa","Poland",0,FALSE,NA,"Summer",NA,NA,NA,NA
"FC Dinamo 1948","SuperLiga","Romania","2015","Departures","Ștefan Bărboianu","https://www.transfermarkt.com/stefan-barboianu/profil/spieler/47568","Right-Back","27","Romania","Concordia","SuperLiga","Romania",0,FALSE,NA,"Summer",NA,NA,NA,NA
"FC Dinamo 1948","SuperLiga","Romania","2015","Departures","Ricardo Machado","https://www.transfermarkt.com/ricardo-machado/profil/spieler/164198","Centre-Back","26","Portugal","Al-Taawoun","Saudi Pro League","Saudi Arabia",0,FALSE,NA,"Summer",NA,NA,NA,NA
"FC Dinamo 1948","SuperLiga","Romania","2015","Departures","Marian Cristescu","https://www.transfermarkt.com/marian-cristescu/profil/spieler/64137","Attacking Midfield","30","Romania","Concordia","SuperLiga","Romania",0,FALSE,NA,"Summer",NA,NA,NA,NA
"FC Dinamo 1948","SuperLiga","Romania","2015","Departures","Orlin Starokin","https://www.transfermarkt.com/orlin-starokin/profil/spieler/120164","Left-Back","28","Bulgaria","Botev Plovdiv","efbet Liga","Bulgaria",0,FALSE,NA,"Summer",1,1,0,46
"FC Dinamo 1948","SuperLiga","Romania","2015","Departures","Nicolae Grigore","https://www.transfermarkt.com/nicolae-grigore/profil/spieler/35437","Central Midfield","31","Romania","FC Voluntari","SuperLiga","Romania",0,FALSE,NA,"Summer",NA,NA,NA,NA
"FC Dinamo 1948","SuperLiga","Romania","2015","Departures","Serginho","https://www.transfermarkt.com/serginho/profil/spieler/24943","Left-Back","29","Portugal","Feirense","Liga Portugal 2","Portugal",0,FALSE,NA,"Summer",NA,NA,NA,NA
"FC Dinamo 1948","SuperLiga","Romania","2015","Departures","Traian Marc","https://www.transfermarkt.com/traian-marc/profil/spieler/47490","Goalkeeper","32","Romania","CFR Cluj","SuperLiga","Romania",0,FALSE,NA,"Summer",NA,NA,NA,NA
"FC Dinamo 1948","SuperLiga","Romania","2015","Departures","Kristijan Naumovski","https://www.transfermarkt.com/kristijan-naumovski/profil/spieler/87296","Goalkeeper","26","North Macedonia","Orion","Hong Kong Premier League","Hongkong",0,FALSE,NA,"Summer",NA,NA,NA,NA
"FC Dinamo 1948","SuperLiga","Romania","2015","Departures","Alexandre Durimel","https://www.transfermarkt.com/alexandre-durimel/profil/spieler/106229","Centre-Back","25","France","CA Bastia","Championnat National","France",0,FALSE,NA,"Summer",NA,NA,NA,NA
"FC Dinamo 1948","SuperLiga","Romania","2015","Departures","Zoltán Kovács","https://www.transfermarkt.com/zoltan-kovacs/profil/spieler/74324","Goalkeeper","30","Hungary","Újpest FC","NB I.","Hungary",0,FALSE,NA,"Summer",NA,NA,NA,NA
"FC Dinamo 1948","SuperLiga","Romania","2015","Departures","Valentin Lazăr","https://www.transfermarkt.com/valentin-lazar/profil/spieler/200621","Left Winger","26","Romania","Concordia","SuperLiga","Romania",NA,TRUE,"loan transfer","Summer",21,20,2,1139
"FC Dinamo 1948","SuperLiga","Romania","2015","Departures","Mihai Popescu","https://www.transfermarkt.com/mihai-popescu/profil/spieler/361537","Centre-Back","22","Romania","D. Calarasi","Liga 2","Romania",NA,TRUE,"loan transfer","Summer",2,0,0,0
"FC Dinamo 1948","SuperLiga","Romania","2015","Departures","Fabian Himcinschi","https://www.transfermarkt.com/fabian-himcinschi/profil/spieler/149531","Centre-Forward","21","Romania","D. Calarasi","Liga 2","Romania",NA,TRUE,"loan transfer","Summer",1,1,0,14
"FC Dinamo 1948","SuperLiga","Romania","2015","Departures","Darius Buia","https://www.transfermarkt.com/darius-buia/profil/spieler/186730","Attacking Midfield","21","Romania","Ac. Clinceni","Liga 2","Romania",NA,TRUE,"loan transfer","Summer",NA,NA,NA,NA
"FC Dinamo 1948","SuperLiga","Romania","2015","Departures","Boubacar Mansaly","https://www.transfermarkt.com/boubacar-mansaly/profil/spieler/68901","Defensive Midfield","27","Senegal","Without Club",NA,NA,NA,FALSE,"-","Summer",NA,NA,NA,NA
"FC Dinamo 1948","SuperLiga","Romania","2015","Departures","Marius Niculae","https://www.transfermarkt.com/marius-niculae/profil/spieler/13831","Centre-Forward","34","Romania","Without Club",NA,NA,NA,FALSE,"-","Summer",NA,NA,NA,NA
"FC Dinamo 1948","SuperLiga","Romania","2015","Departures","Gheorghe Grozav","https://www.transfermarkt.com/gheorghe-grozav/profil/spieler/96844","Left Winger","24","Romania","Akhmat Grozny","Premier Liga","Russia",NA,TRUE,"End of loan Jun 30, 2015","Summer",NA,NA,NA,NA
"FC Dinamo 1948","SuperLiga","Romania","2015","Departures","Gordan Bunoza","https://www.transfermarkt.com/gordan-bunoza/profil/spieler/67999","Centre-Back","27","Bosnia-Herzegovina","Pescara","Serie B","Italy",NA,TRUE,"End of loan Jun 30, 2015","Summer",NA,NA,NA,NA
"FC Dinamo 1948","SuperLiga","Romania","2015","Departures","Hatem Abd Elhamed","https://www.transfermarkt.com/hatem-abd-elhamed/profil/spieler/176990","Centre-Back","24","Israel","FC Ashdod","Liga Leumit","Israel",NA,TRUE,"End of loan Jun 30, 2015","Summer",NA,NA,NA,NA
"FC Dinamo 1948","SuperLiga","Romania","2015","Arrivals","Vlad Olteanu","https://www.transfermarkt.com/vlad-olteanu/profil/spieler/339960","Left-Back","19","Romania","FC Brasov","Liga II - Seria II","Romania",180000,FALSE,NA,"Winter",16,12,0,821
"FC Dinamo 1948","SuperLiga","Romania","2015","Arrivals","Erik Bicfalvi","https://www.transfermarkt.com/erik-bicfalvi/profil/spieler/46504","Centre-Forward","28","Romania","Liaoning FC","Super League","China",0,FALSE,NA,"Winter",11,10,2,672
"FC Dinamo 1948","SuperLiga","Romania","2015","Arrivals","Victor Rîmniceanu","https://www.transfermarkt.com/victor-rimniceanu/profil/spieler/213699","Goalkeeper","25","Romania","FCV Farul","SuperLiga","Romania",0,FALSE,NA,"Winter",7,1,0,90
"FC Dinamo 1948","SuperLiga","Romania","2015","Arrivals","Romario Kortzorg","https://www.transfermarkt.com/romario-kortzorg/profil/spieler/214617","Left Winger","26","Netherlands","ASA Tg. Mures","SuperLiga","Romania",0,FALSE,NA,"Winter",15,13,1,846
"FC Dinamo 1948","SuperLiga","Romania","2015","Arrivals","Sergiu Hanca","https://www.transfermarkt.com/sergiu-hanca/profil/spieler/212806","Right Midfield","23","Romania","ASA Tg. Mures","SuperLiga","Romania",0,FALSE,NA,"Winter",16,15,0,1255
"FC Dinamo 1948","SuperLiga","Romania","2015","Arrivals","Kaj Leo í Bartalsstovu","https://www.transfermarkt.com/kaj-leo-i-bartalsstovu/profil/spieler/198740","Left Winger","24","Faroe Islands","Levanger","OBOS-ligaen","Norway",0,FALSE,NA,"Winter",14,8,0,264
"FC Dinamo 1948","SuperLiga","Romania","2015","Arrivals","Patrick Ekeng","https://www.transfermarkt.com/patrick-ekeng/profil/spieler/118008","Central Midfield","25","Cameroon","Without Club",NA,NA,NA,FALSE,"-","Winter",13,12,1,796
"FC Dinamo 1948","SuperLiga","Romania","2015","Arrivals","Paul Batin","https://www.transfermarkt.com/paul-batin/profil/spieler/121151","Centre-Forward","28","Romania","Without Club",NA,NA,NA,FALSE,"-","Winter",6,4,0,153
"FC Dinamo 1948","SuperLiga","Romania","2015","Arrivals","Vlad Muțiu","https://www.transfermarkt.com/vlad-mutiu/profil/spieler/309016","Goalkeeper","20","Romania","Dinamo II",NA,"Romania",NA,FALSE,"-","Winter",11,1,0,90
"FC Dinamo 1948","SuperLiga","Romania","2015","Arrivals","Valentin Costache","https://www.transfermarkt.com/valentin-costache/profil/spieler/341391","Left Winger","17","Romania","Dinamo II",NA,"Romania",NA,FALSE,"-","Winter",18,5,1,171
"FC Dinamo 1948","SuperLiga","Romania","2015","Arrivals","Valentin Lazăr","https://www.transfermarkt.com/valentin-lazar/profil/spieler/200621","Left Winger","26","Romania","Concordia","SuperLiga","Romania",NA,TRUE,"End of loan Dec 31, 2015","Winter",21,20,2,1139
"FC Dinamo 1948","SuperLiga","Romania","2015","Departures","Collins Fai","https://www.transfermarkt.com/collins-fai/profil/spieler/250638","Right-Back","23","Cameroon","Standard Liège","Jupiler Pro League","Belgium",150000,FALSE,NA,"Winter",27,26,0,2216
"FC Dinamo 1948","SuperLiga","Romania","2015","Departures","Cosmin Matei","https://www.transfermarkt.com/cosmin-matei/profil/spieler/81421","Attacking Midfield","24","Romania","Atromitos","Super League 1","Greece",1e+05,FALSE,NA,"Winter",23,23,2,1663
"FC Dinamo 1948","SuperLiga","Romania","2015","Departures","Aljosa Vojnovic","https://www.transfermarkt.com/aljosa-vojnovic/profil/spieler/34554","Defensive Midfield","30","Croatia","NK Osijek","SuperSport HNL","Croatia",0,FALSE,NA,"Winter",24,24,1,1755
"FC Dinamo 1948","SuperLiga","Romania","2015","Departures","Patrice Feussi","https://www.transfermarkt.com/patrice-feussi/profil/spieler/21921","Right-Back","29","Cameroon","Concordia","SuperLiga","Romania",0,FALSE,NA,"Winter",19,13,0,932
"FC Dinamo 1948","SuperLiga","Romania","2015","Departures","Gëzim Shalaj","https://www.transfermarkt.com/gezim-shalaj/profil/spieler/138588","Left Winger","25","Switzerland","EN Paralimniou","Cyprus League","Cyprus",0,FALSE,NA,"Winter",7,7,0,170
"FC Dinamo 1948","SuperLiga","Romania","2015","Departures","Ricky van Haaren","https://www.transfermarkt.com/ricky-van-haaren/profil/spieler/63270","Central Midfield","24","Netherlands","Sanliurfaspor ","1.Lig","Türkiye",0,FALSE,NA,"Winter",14,10,0,369
"FC Dinamo 1948","SuperLiga","Romania","2015","Departures","Bogdan Gavrilă","https://www.transfermarkt.com/bogdan-gavrila/profil/spieler/212752","Right Winger","23","Romania","Petrolul","SuperLiga","Romania",NA,TRUE,"loan transfer","Winter",24,20,0,1071
"FC Dinamo 1948","SuperLiga","Romania","2015","Departures","Iustin Popescu","https://www.transfermarkt.com/iustin-popescu/profil/spieler/289186","Goalkeeper","22","Romania","Petrolul","SuperLiga","Romania",NA,TRUE,"loan transfer","Winter",25,5,0,450
"FC Dinamo 1948","SuperLiga","Romania","2015","Departures","Andrei Tîrcoveanu","https://www.transfermarkt.com/andrei-tircoveanu/profil/spieler/271293","Attacking Midfield","18","Romania","Gaz Metan","Liga II - Seria II","Romania",NA,TRUE,"loan transfer","Winter",18,4,0,132
"FC Dinamo 1948","SuperLiga","Romania","2015","Departures","Robert Moldoveanu","https://www.transfermarkt.com/robert-moldoveanu/profil/spieler/319235","Right Winger","16","Romania","Dinamo II",NA,"Romania",NA,FALSE,"-","Winter",9,3,0,147
"FC Dinamo 1948","SuperLiga","Romania","2015","Departures","Gabriel Abraham","https://www.transfermarkt.com/gabriel-abraham/profil/spieler/81467","Goalkeeper","24","Romania",NA,NA,NA,NA,FALSE,"-","Winter",4,0,0,0
"FC Dinamo 1948","SuperLiga","Romania","2015","Departures","Antonio Ghomsi","https://www.transfermarkt.com/antonio-ghomsi/profil/spieler/21924","Left-Back","29","Cameroon",NA,NA,NA,NA,FALSE,"-","Winter",6,5,0,312
"FCV Farul Constanta","SuperLiga","Romania","2015","Arrivals","Ioan Filip","https://www.transfermarkt.com/ioan-filip/profil/spieler/169272","Defensive Midfield","26","Romania","Petrolul","SuperLiga","Romania",0,FALSE,NA,"Summer",40,38,1,3131
"FCV Farul Constanta","SuperLiga","Romania","2015","Arrivals","Kevin Boli","https://www.transfermarkt.com/kevin-boli/profil/spieler/186593","Centre-Back","24","Cote d'Ivoire","Mouscron","Jupiler Pro League","Belgium",0,FALSE,NA,"Summer",34,33,1,2748
"FCV Farul Constanta","SuperLiga","Romania","2015","Arrivals","Florin Cernat","https://www.transfermarkt.com/florin-cernat/profil/spieler/3132","Attacking Midfield","35","Romania","Otelul Galati","Liga 2","Romania",0,FALSE,NA,"Summer",21,20,8,1222
"FCV Farul Constanta","SuperLiga","Romania","2015","Arrivals","Adnan Aganovic","https://www.transfermarkt.com/adnan-aganovic/profil/spieler/50806","Central Midfield","27","Croatia","FC Brasov","Liga II - Seria II","Romania",0,FALSE,NA,"Summer",28,28,7,2094
"FCV Farul Constanta","SuperLiga","Romania","2015","Arrivals","Vlad Achim","https://www.transfermarkt.com/vlad-achim/profil/spieler/69402","Defensive Midfield","26","Romania","Ceahlaul","Liga 2","Romania",0,FALSE,NA,"Summer",27,21,2,1553
"FCV Farul Constanta","SuperLiga","Romania","2015","Arrivals","Aurelian Chițu","https://www.transfermarkt.com/aurelian-chitu/profil/spieler/164236","Centre-Forward","24","Romania","Astra Giurgiu","SuperLiga","Romania",0,FALSE,NA,"Summer",36,36,4,1992
"FCV Farul Constanta","SuperLiga","Romania","2015","Arrivals","Cristian Ganea","https://www.transfermarkt.com/cristian-ganea/profil/spieler/262117","Left-Back","23","Romania","FC Brasov","Liga II - Seria II","Romania",0,FALSE,NA,"Summer",40,38,4,3298
"FCV Farul Constanta","SuperLiga","Romania","2015","Arrivals","Raul Ciupe","https://www.transfermarkt.com/raul-ciupe/profil/spieler/64129","Right-Back","31","Romania","U Cluj","Liga II - Seria II","Romania",0,FALSE,NA,"Summer",22,10,0,618
"FCV Farul Constanta","SuperLiga","Romania","2015","Arrivals","Constantin Miselaricu","https://www.transfermarkt.com/constantin-miselaricu/profil/spieler/175985","Centre-Back","25","Romania","Otelul Galati","Liga 2","Romania",0,FALSE,NA,"Summer",5,3,1,194
"FCV Farul Constanta","SuperLiga","Romania","2015","Arrivals","Victor Rîmniceanu","https://www.transfermarkt.com/victor-rimniceanu/profil/spieler/213699","Goalkeeper","25","Romania","Concordia","SuperLiga","Romania",0,FALSE,NA,"Summer",26,18,0,1620
"FCV Farul Constanta","SuperLiga","Romania","2015","Arrivals","Cristian Munteanu","https://www.transfermarkt.com/cristian-munteanu/profil/spieler/54755","Centre-Back","34","Romania","U Cluj","Liga II - Seria II","Romania",0,FALSE,NA,"Summer",7,4,0,268
"FCV Farul Constanta","SuperLiga","Romania","2015","Arrivals","Ionuț Vînă","https://www.transfermarkt.com/ionut-vina/profil/spieler/208828","Central Midfield","20","Romania","Roma U20","Primavera C","Italy",0,FALSE,NA,"Summer",3,0,0,0
"FCV Farul Constanta","SuperLiga","Romania","2015","Arrivals","Paul Iacob","https://www.transfermarkt.com/paul-iacob/profil/spieler/303359","Centre-Back","19","Romania","FCV Farul U18",NA,"Romania",NA,FALSE,"-","Summer",2,0,0,0
"FCV Farul Constanta","SuperLiga","Romania","2015","Arrivals","Szabolcs Kilyén","https://www.transfermarkt.com/szabolcs-kilyen/profil/spieler/340979","Right-Back","17","Romania","FCV Farul U18",NA,"Romania",NA,FALSE,"-","Summer",1,0,0,0
"FCV Farul Constanta","SuperLiga","Romania","2015","Arrivals","Bogdan Mitache","https://www.transfermarkt.com/bogdan-mitache/profil/spieler/186735","Left-Back","21","Romania","FC Voluntari","Liga 2","Romania",NA,TRUE,"End of loan Jun 30, 2015","Summer",7,1,0,10
"FCV Farul Constanta","SuperLiga","Romania","2015","Arrivals","Sergiu Moga","https://www.transfermarkt.com/sergiu-moga/profil/spieler/117281","Right-Back","23","Romania","FC Voluntari","Liga 2","Romania",NA,TRUE,"End of loan Jun 30, 2015","Summer",NA,NA,NA,NA
"FCV Farul Constanta","SuperLiga","Romania","2015","Arrivals","Sascha Marinkovic","https://www.transfermarkt.com/sascha-marinkovic/profil/spieler/208808","Centre-Forward","22","Romania","Foresta Suceava","Liga 2","Romania",NA,TRUE,"End of loan Jun 30, 2015","Summer",NA,NA,NA,NA
"FCV Farul Constanta","SuperLiga","Romania","2015","Arrivals","Mirel Bolboașă","https://www.transfermarkt.com/mirel-bolboasa/profil/spieler/64114","Goalkeeper","25","Romania","Petrolul","SuperLiga","Romania",NA,TRUE,"End of loan Jun 30, 2015","Summer",NA,NA,NA,NA
"FCV Farul Constanta","SuperLiga","Romania","2015","Arrivals","Vlăduţ Hînţescu","https://www.transfermarkt.com/vladut-hintescu/profil/spieler/317030","Goalkeeper","21","Romania","FC Voluntari","Liga 2","Romania",NA,TRUE,"End of loan Jun 30, 2015","Summer",NA,NA,NA,NA
"FCV Farul Constanta","SuperLiga","Romania","2015","Arrivals","Florin Cioablă","https://www.transfermarkt.com/florin-cioabla/profil/spieler/330794","Attacking Midfield","19","Romania","Soimii Pancota","Liga II - Seria II","Romania",NA,TRUE,"End of loan Jun 30, 2015","Summer",NA,NA,NA,NA
"FCV Farul Constanta","SuperLiga","Romania","2015","Arrivals","George Șerban","https://www.transfermarkt.com/george-serban/profil/spieler/186549","Goalkeeper","21","Romania","Fortuna PC","Liga II - Seria II","Romania",NA,TRUE,"End of loan Jun 30, 2015","Summer",NA,NA,NA,NA
"FCV Farul Constanta","SuperLiga","Romania","2015","Departures","Cristian Manea","https://www.transfermarkt.com/cristian-manea/profil/spieler/271284","Right-Back","17","Romania","Apol. Limassol","Cyprus League","Cyprus",2500000,FALSE,NA,"Summer",NA,NA,NA,NA
"FCV Farul Constanta","SuperLiga","Romania","2015","Departures","Alexandru Mitriță","https://www.transfermarkt.com/alexandru-mitrita/profil/spieler/209649","Left Winger","20","Romania","Pescara","Serie B","Italy",5e+05,FALSE,NA,"Summer",1,1,0,36
"FCV Farul Constanta","SuperLiga","Romania","2015","Departures","Nelson Bonilla","https://www.transfermarkt.com/nelson-bonilla/profil/spieler/227314","Centre-Forward","24","El Salvador","Zira FC","Premyer Liqa","Azerbaijan",25000,FALSE,NA,"Summer",NA,NA,NA,NA
"FCV Farul Constanta","SuperLiga","Romania","2015","Departures","Silviu Pană","https://www.transfermarkt.com/silviu-pana/profil/spieler/199686","Central Midfield","23","Romania","Concordia","SuperLiga","Romania",0,FALSE,NA,"Summer",NA,NA,NA,NA
"FCV Farul Constanta","SuperLiga","Romania","2015","Departures","Iulian Mamele","https://www.transfermarkt.com/iulian-mamele/profil/spieler/200472","Centre-Back","30","Romania","Concordia","SuperLiga","Romania",0,FALSE,NA,"Summer",NA,NA,NA,NA
"FCV Farul Constanta","SuperLiga","Romania","2015","Departures","Boban Nikolov","https://www.transfermarkt.com/boban-nikolov/profil/spieler/207625","Central Midfield","20","North Macedonia","Vardar","Prva liga","North Macedonia",0,FALSE,NA,"Summer",NA,NA,NA,NA
"FCV Farul Constanta","SuperLiga","Romania","2015","Departures","Alexandru Neacșa","https://www.transfermarkt.com/alexandru-neacsa/profil/spieler/209652","Central Midfield","23","Romania","Dinamo Minsk","Vysheyshaya Liga","Belarus",0,FALSE,NA,"Summer",NA,NA,NA,NA
"FCV Farul Constanta","SuperLiga","Romania","2015","Departures","Sergiu Moga","https://www.transfermarkt.com/sergiu-moga/profil/spieler/117281","Right-Back","23","Romania","FC Voluntari","SuperLiga","Romania",0,FALSE,NA,"Summer",NA,NA,NA,NA
"FCV Farul Constanta","SuperLiga","Romania","2015","Departures","Sascha Marinkovic","https://www.transfermarkt.com/sascha-marinkovic/profil/spieler/208808","Centre-Forward","22","Romania","1860 Rosenheim","Bayernliga Süd","Germany",0,FALSE,NA,"Summer",NA,NA,NA,NA
"FCV Farul Constanta","SuperLiga","Romania","2015","Departures","Mirel Bolboașă","https://www.transfermarkt.com/mirel-bolboasa/profil/spieler/64114","Goalkeeper","25","Romania","Petrolul","SuperLiga","Romania",0,FALSE,NA,"Summer",NA,NA,NA,NA
"FCV Farul Constanta","SuperLiga","Romania","2015","Departures","Andrei Vaștag","https://www.transfermarkt.com/andrei-vastag/profil/spieler/186745","Defensive Midfield","21","Romania","Würmla","LL Niederösterreich","Austria",0,FALSE,NA,"Summer",NA,NA,NA,NA
"FCV Farul Constanta","SuperLiga","Romania","2015","Departures","Adrian Boitos","https://www.transfermarkt.com/adrian-boitos/profil/spieler/290441","Centre-Back","20","Romania","Leamington",NA,"England",0,FALSE,NA,"Summer",0,0,0,0
"FCV Farul Constanta","SuperLiga","Romania","2015","Departures","Leandro Barbosa","https://www.transfermarkt.com/leandro-barbosa/profil/spieler/562876","Centre-Back","26","Brazil","PSTC-PR",NA,"Brazil",NA,FALSE,"?","Summer",NA,NA,NA,NA
"FCV Farul Constanta","SuperLiga","Romania","2015","Departures","Adrian Puțanu","https://www.transfermarkt.com/adrian-putanu/profil/spieler/186740","Centre-Back","21","Romania","FC Brasov","Liga II - Seria II","Romania",NA,TRUE,"loan transfer","Summer",NA,NA,NA,NA
"FCV Farul Constanta","SuperLiga","Romania","2015","Departures","Cornel Suciu","https://www.transfermarkt.com/cornel-suciu/profil/spieler/337944","Centre-Back","21","Romania","FC Caransebes","Liga II - Seria II","Romania",NA,TRUE,"loan transfer","Summer",NA,NA,NA,NA
"FCV Farul Constanta","SuperLiga","Romania","2015","Departures","Vlăduţ Hînţescu","https://www.transfermarkt.com/vladut-hintescu/profil/spieler/317030","Goalkeeper","21","Romania","Foresta Suceava","Liga 2","Romania",NA,TRUE,"loan transfer","Summer",NA,NA,NA,NA
"FCV Farul Constanta","SuperLiga","Romania","2015","Departures","Florin Cioablă","https://www.transfermarkt.com/florin-cioabla/profil/spieler/330794","Attacking Midfield","19","Romania","FC Rapid 1923","Liga 2","Romania",NA,TRUE,"loan transfer","Summer",NA,NA,NA,NA
"FCV Farul Constanta","SuperLiga","Romania","2015","Departures","Ciprian Perju","https://www.transfermarkt.com/ciprian-perju/profil/spieler/319197","Left-Back","19","Romania","FC Brasov","Liga II - Seria II","Romania",NA,TRUE,"loan transfer","Summer",12,2,0,75
"FCV Farul Constanta","SuperLiga","Romania","2015","Departures","George Tudoran","https://www.transfermarkt.com/george-tudoran/profil/spieler/395784","Right Midfield","19","Romania","FC Rapid 1923","Liga 2","Romania",NA,TRUE,"loan transfer","Summer",NA,NA,NA,NA
"FCV Farul Constanta","SuperLiga","Romania","2015","Departures","Henrique","https://www.transfermarkt.com/henrique/profil/spieler/101197","Centre-Forward","28","Brazil",NA,NA,NA,NA,FALSE,"-","Summer",NA,NA,NA,NA
"FCV Farul Constanta","SuperLiga","Romania","2015","Departures","George Șerban","https://www.transfermarkt.com/george-serban/profil/spieler/186549","Goalkeeper","21","Romania",NA,NA,NA,NA,FALSE,"-","Summer",NA,NA,NA,NA
"FCV Farul Constanta","SuperLiga","Romania","2015","Departures","Cătălin Munteanu","https://www.transfermarkt.com/catalin-munteanu/profil/spieler/16615","Attacking Midfield","36","Romania",NA,NA,NA,NA,FALSE,"-","Summer",NA,NA,NA,NA
"FCV Farul Constanta","SuperLiga","Romania","2015","Departures","Cristian Daminuță","https://www.transfermarkt.com/cristian-daminuta/profil/spieler/47873","Defensive Midfield","25","Romania","AC Milan","Serie A","Italy",NA,TRUE,"End of loan Jun 30, 2015","Summer",NA,NA,NA,NA
"FCV Farul Constanta","SuperLiga","Romania","2015","Departures","Paul Pârvulescu","https://www.transfermarkt.com/paul-parvulescu/profil/spieler/81494","Left-Back","26","Romania","FCSB","SuperLiga","Romania",NA,TRUE,"End of loan Jun 30, 2015","Summer",NA,NA,NA,NA
"FCV Farul Constanta","SuperLiga","Romania","2015","Departures","Fabrice Olinga","https://www.transfermarkt.com/fabrice-olinga/profil/spieler/238291","Left Winger","19","Cameroon","Sampdoria","Serie A","Italy",NA,TRUE,"End of loan Jun 30, 2015","Summer",NA,NA,NA,NA
"FCV Farul Constanta","SuperLiga","Romania","2015","Departures","Ionuț Vînă","https://www.transfermarkt.com/ionut-vina/profil/spieler/208828","Central Midfield","20","Romania","Roma U20","Primavera C","Italy",NA,TRUE,"End of loan Jun 30, 2015","Summer",3,0,0,0
"FCV Farul Constanta","SuperLiga","Romania","2015","Arrivals","Peçanha","https://www.transfermarkt.com/pecanha/profil/spieler/33735","Goalkeeper","35","Brazil","Petrolul","SuperLiga","Romania",10000,FALSE,NA,"Winter",6,6,0,540
"FCV Farul Constanta","SuperLiga","Romania","2015","Arrivals","Pablo de Lucas","https://www.transfermarkt.com/pablo-de-lucas/profil/spieler/57851","Defensive Midfield","29","Spain","B. Jerusalem","Ligat ha'Al","Israel",0,FALSE,NA,"Winter",13,13,2,982
"FCV Farul Constanta","SuperLiga","Romania","2015","Arrivals","Hérold Goulon","https://www.transfermarkt.com/herold-goulon/profil/spieler/41978","Centre-Back","27","France","Omonia Nicosia","Cyprus League","Cyprus",0,FALSE,NA,"Winter",5,4,0,360
"FCV Farul Constanta","SuperLiga","Romania","2015","Arrivals","Vlad Rusu","https://www.transfermarkt.com/vlad-rusu/profil/spieler/112944","Centre-Forward","25","Romania","Petrolul","SuperLiga","Romania",0,FALSE,NA,"Winter",9,8,1,231
"FCV Farul Constanta","SuperLiga","Romania","2015","Arrivals","Florinel Coman","https://www.transfermarkt.com/florinel-coman/profil/spieler/340982","Left Winger","17","Romania","FCV Farul U18",NA,"Romania",NA,FALSE,"-","Winter",12,11,0,350
"FCV Farul Constanta","SuperLiga","Romania","2015","Arrivals","Árpád Tordai","https://www.transfermarkt.com/arpad-tordai/profil/spieler/271294","Goalkeeper","18","Romania","FCV Farul U18",NA,"Romania",NA,FALSE,"-","Winter",7,4,0,360
"FCV Farul Constanta","SuperLiga","Romania","2015","Arrivals","Alexandru Cicâldău","https://www.transfermarkt.com/alexandru-cicaldau/profil/spieler/295810","Attacking Midfield","18","Romania","FCV Farul U18",NA,"Romania",NA,FALSE,"-","Winter",6,2,0,45
"FCV Farul Constanta","SuperLiga","Romania","2015","Arrivals","Andrei Ciobanu","https://www.transfermarkt.com/andrei-ciobanu/profil/spieler/340980","Central Midfield","17","Romania","FCV Farul U18",NA,"Romania",NA,FALSE,"-","Winter",3,2,1,58
"FCV Farul Constanta","SuperLiga","Romania","2015","Arrivals","Florin Cioablă","https://www.transfermarkt.com/florin-cioabla/profil/spieler/330794","Attacking Midfield","19","Romania","FC Rapid 1923","Liga 2","Romania",NA,TRUE,"End of loan Dec 31, 2015","Winter",NA,NA,NA,NA
"FCV Farul Constanta","SuperLiga","Romania","2015","Arrivals","Cornel Suciu","https://www.transfermarkt.com/cornel-suciu/profil/spieler/337944","Centre-Back","22","Romania","FC Caransebes","Liga II - Seria II","Romania",NA,TRUE,"End of loan Dec 31, 2015","Winter",NA,NA,NA,NA
"FCV Farul Constanta","SuperLiga","Romania","2015","Arrivals","Ciprian Perju","https://www.transfermarkt.com/ciprian-perju/profil/spieler/319197","Left-Back","19","Romania","FC Brasov","Liga II - Seria II","Romania",NA,TRUE,"End of loan Dec 31, 2015","Winter",12,2,0,75
"FCV Farul Constanta","SuperLiga","Romania","2015","Departures","Adnan Aganovic","https://www.transfermarkt.com/adnan-aganovic/profil/spieler/50806","Central Midfield","28","Croatia","AEL Limassol","Cyprus League","Cyprus",45000,FALSE,NA,"Winter",28,28,7,2094
"FCV Farul Constanta","SuperLiga","Romania","2015","Departures","Bogdan Mitrea","https://www.transfermarkt.com/bogdan-mitrea/profil/spieler/208866","Centre-Back","28","Romania","Ascoli","Serie B","Italy",0,FALSE,NA,"Winter",27,25,2,2184
"FCV Farul Constanta","SuperLiga","Romania","2015","Departures","Vlad Achim","https://www.transfermarkt.com/vlad-achim/profil/spieler/69402","Defensive Midfield","26","Romania","FC Voluntari","SuperLiga","Romania",0,FALSE,NA,"Winter",27,21,2,1553
"FCV Farul Constanta","SuperLiga","Romania","2015","Departures","Victor Rîmniceanu","https://www.transfermarkt.com/victor-rimniceanu/profil/spieler/213699","Goalkeeper","25","Romania","FC Dinamo","SuperLiga","Romania",0,FALSE,NA,"Winter",26,18,0,1620
"FCV Farul Constanta","SuperLiga","Romania","2015","Departures","Constantin Miselaricu","https://www.transfermarkt.com/constantin-miselaricu/profil/spieler/175985","Centre-Back","26","Romania","Petrolul","SuperLiga","Romania",0,FALSE,NA,"Winter",5,3,1,194
"FCV Farul Constanta","SuperLiga","Romania","2015","Departures","Călin Albuț","https://www.transfermarkt.com/calin-albut/profil/spieler/46487","Goalkeeper","34","Romania","Gaz Metan","Liga II - Seria II","Romania",0,FALSE,NA,"Winter",12,3,0,300
"FCV Farul Constanta","SuperLiga","Romania","2015","Departures","Raul Ciupe","https://www.transfermarkt.com/raul-ciupe/profil/spieler/64129","Right-Back","32","Romania","U Cluj","Liga II - Seria II","Romania",0,FALSE,NA,"Winter",22,10,0,618
"FCV Farul Constanta","SuperLiga","Romania","2015","Departures","Bogdan Țîru","https://www.transfermarkt.com/bogdan-tiru/profil/spieler/186744","Centre-Back","21","Romania","FC Voluntari","SuperLiga","Romania",NA,TRUE,"loan transfer","Winter",8,4,0,75
"FCV Farul Constanta","SuperLiga","Romania","2015","Departures","Cristian Gavra","https://www.transfermarkt.com/cristian-gavra/profil/spieler/192865","Centre-Forward","22","Romania","Gaz Metan","Liga II - Seria II","Romania",NA,TRUE,"loan transfer","Winter",17,9,0,420
"FCV Farul Constanta","SuperLiga","Romania","2015","Departures","Florin Cioablă","https://www.transfermarkt.com/florin-cioabla/profil/spieler/330794","Attacking Midfield","19","Romania","FC Arges",NA,"Romania",NA,TRUE,"loan transfer","Winter",NA,NA,NA,NA
"FCV Farul Constanta","SuperLiga","Romania","2015","Departures","Bogdan Mitache","https://www.transfermarkt.com/bogdan-mitache/profil/spieler/186735","Left-Back","22","Romania","FC Voluntari","SuperLiga","Romania",NA,TRUE,"loan transfer","Winter",7,1,0,10
"FCV Farul Constanta","SuperLiga","Romania","2015","Departures","Cornel Suciu","https://www.transfermarkt.com/cornel-suciu/profil/spieler/337944","Centre-Back","22","Romania","Soimii Pancota","Liga II - Seria II","Romania",NA,TRUE,"loan transfer","Winter",NA,NA,NA,NA
"FCV Farul Constanta","SuperLiga","Romania","2015","Departures","Ionuț Vînă","https://www.transfermarkt.com/ionut-vina/profil/spieler/208828","Central Midfield","20","Romania","D. Calarasi","Liga 2","Romania",NA,TRUE,"loan transfer","Winter",3,0,0,0
"FCV Farul Constanta","SuperLiga","Romania","2015","Departures","Paul Iacob","https://www.transfermarkt.com/paul-iacob/profil/spieler/303359","Centre-Back","19","Romania","Gaz Metan","Liga II - Seria II","Romania",NA,TRUE,"loan transfer","Winter",2,0,0,0
"FCV Farul Constanta","SuperLiga","Romania","2015","Departures","Cristian Munteanu","https://www.transfermarkt.com/cristian-munteanu/profil/spieler/54755","Centre-Back","35","Romania","Without Club",NA,NA,NA,FALSE,"-","Winter",7,4,0,268
"Pandurii Targu Jiu (- 2022)",NA,NA,"2015","Arrivals","Ioan Hora","https://www.transfermarkt.com/ioan-hora/profil/spieler/54528","Centre-Forward","26","Romania","ASA Tg. Mures","SuperLiga","Romania",0,FALSE,NA,"Summer",37,37,20,2992
"Pandurii Targu Jiu (- 2022)",NA,NA,"2015","Arrivals","Dan Nistor","https://www.transfermarkt.com/dan-nistor/profil/spieler/156639","Central Midfield","27","Romania","Thonon Évian","Ligue 2","France",0,FALSE,NA,"Summer",38,38,1,3056
"Pandurii Targu Jiu (- 2022)",NA,NA,"2015","Arrivals","Cristian Săpunaru","https://www.transfermarkt.com/cristian-sapunaru/profil/spieler/25942","Centre-Back","31","Romania","FC Rapid 1923","Liga 2","Romania",0,FALSE,NA,"Summer",24,24,6,2091
"Pandurii Targu Jiu (- 2022)",NA,NA,"2015","Arrivals","Vasco Fernandes","https://www.transfermarkt.com/vasco-fernandes/profil/spieler/24202","Centre-Back","28","Portugal","Aris Saloniki",NA,"Greece",0,FALSE,NA,"Summer",32,30,0,2645
"Pandurii Targu Jiu (- 2022)",NA,NA,"2015","Arrivals","Ezequiel Filippetto","https://www.transfermarkt.com/ezequiel-filippetto/profil/spieler/94054","Centre-Back","27","Argentina","Universitario",NA,"Bolivia",0,FALSE,NA,"Summer",24,18,2,1486
"Pandurii Targu Jiu (- 2022)",NA,NA,"2015","Arrivals","Wellington","https://www.transfermarkt.com/wellington/profil/spieler/234279","Centre-Forward","27","Brazil","Concordia","SuperLiga","Romania",0,FALSE,NA,"Summer",21,15,1,382
"Pandurii Targu Jiu (- 2022)",NA,NA,"2015","Arrivals","Lukas Droppa","https://www.transfermarkt.com/lukas-droppa/profil/spieler/81959","Defensive Midfield","26","Czech Republic","Slask Wroclaw","Ekstraklasa","Poland",0,FALSE,NA,"Summer",25,24,0,1873
"Pandurii Targu Jiu (- 2022)",NA,NA,"2015","Arrivals","Alexandru Dan","https://www.transfermarkt.com/alexandru-dan/profil/spieler/212735","Defensive Midfield","21","Romania","FC Rapid 1923","Liga 2","Romania",0,FALSE,NA,"Summer",3,2,0,79
"Pandurii Targu Jiu (- 2022)",NA,NA,"2015","Arrivals","Aziz Khalouta","https://www.transfermarkt.com/aziz-khalouta/profil/spieler/194141","Right Winger","25","Morocco","VVV-Venlo","Keuken Kampioen Divisie","Netherlands",0,FALSE,NA,"Summer",14,7,0,275
"Pandurii Targu Jiu (- 2022)",NA,NA,"2015","Arrivals","Andrei Pițian","https://www.transfermarkt.com/andrei-pitian/profil/spieler/301258","Centre-Back","19","Romania","Pandurii U19",NA,"Romania",NA,FALSE,"-","Summer",26,13,0,445
"Pandurii Targu Jiu (- 2022)",NA,NA,"2015","Arrivals","Rodemis Trifu","https://www.transfermarkt.com/rodemis-trifu/profil/spieler/372911","Right Midfield","19","Romania","Pandurii II",NA,"Romania",NA,FALSE,"-","Summer",6,4,0,63
"Pandurii Targu Jiu (- 2022)",NA,NA,"2015","Arrivals","Alexandru Ciucur","https://www.transfermarkt.com/alexandru-ciucur/profil/spieler/123302","Left Winger","25","Romania","ACSM Poli Iasi","SuperLiga","Romania",NA,TRUE,"End of loan Jun 30, 2015","Summer",38,35,0,1716
"Pandurii Targu Jiu (- 2022)",NA,NA,"2015","Arrivals","David Lazar","https://www.transfermarkt.com/david-lazar/profil/spieler/168278","Goalkeeper","23","Romania","FC Botosani","SuperLiga","Romania",NA,TRUE,"End of loan Jun 30, 2015","Summer",7,2,0,180
"Pandurii Targu Jiu (- 2022)",NA,NA,"2015","Arrivals","Laurențiu Iorga","https://www.transfermarkt.com/laurentiu-iorga/profil/spieler/59694","Right Winger","27","Romania","Otelul Galati","SuperLiga","Romania",NA,TRUE,"End of loan Jun 30, 2015","Summer",NA,NA,NA,NA
"Pandurii Targu Jiu (- 2022)",NA,NA,"2015","Arrivals","Valentin Munteanu","https://www.transfermarkt.com/valentin-munteanu/profil/spieler/210558","Right Winger","25","Romania","Ac. Clinceni","Liga 2","Romania",NA,TRUE,"End of loan Jun 30, 2015","Summer",20,16,1,361
"Pandurii Targu Jiu (- 2022)",NA,NA,"2015","Departures","Mihai Roman","https://www.transfermarkt.com/mihai-roman/profil/spieler/135566","Centre-Forward","23","Romania","NEC Nijmegen","Eredivisie","Netherlands",350000,FALSE,NA,"Summer",9,9,4,541
"Pandurii Targu Jiu (- 2022)",NA,NA,"2015","Departures","Paul Anton","https://www.transfermarkt.com/paul-anton/profil/spieler/123286","Central Midfield","24","Romania","FC Dinamo","SuperLiga","Romania",30000,FALSE,NA,"Summer",6,4,0,255
"Pandurii Targu Jiu (- 2022)",NA,NA,"2015","Departures","Eric","https://www.transfermarkt.com/eric/profil/spieler/81509","Attacking Midfield","29","Brazil","Matsumoto Yama.","J1 - 1st Stage","Japan",0,FALSE,NA,"Summer",NA,NA,NA,NA
"Pandurii Targu Jiu (- 2022)",NA,NA,"2015","Departures","Andrei Cordoș","https://www.transfermarkt.com/andrei-cordos/profil/spieler/54729","Centre-Back","27","Romania","FC Botosani","SuperLiga","Romania",0,FALSE,NA,"Summer",NA,NA,NA,NA
"Pandurii Targu Jiu (- 2022)",NA,NA,"2015","Departures","Laurențiu Iorga","https://www.transfermarkt.com/laurentiu-iorga/profil/spieler/59694","Right Winger","27","Romania","FC Voluntari","SuperLiga","Romania",0,FALSE,NA,"Summer",NA,NA,NA,NA
"Pandurii Targu Jiu (- 2022)",NA,NA,"2015","Departures","Ciprian Brata","https://www.transfermarkt.com/ciprian-brata/profil/spieler/156616","Left Midfield","24","Romania","FC Botosani","SuperLiga","Romania",0,FALSE,NA,"Summer",NA,NA,NA,NA
"Pandurii Targu Jiu (- 2022)",NA,NA,"2015","Departures","Alin Buleică","https://www.transfermarkt.com/alin-buleica/profil/spieler/147286","Right-Back","23","Romania","Concordia","SuperLiga","Romania",NA,TRUE,"loan transfer","Summer",NA,NA,NA,NA
"Pandurii Targu Jiu (- 2022)",NA,NA,"2015","Departures","Gabriel Oita","https://www.transfermarkt.com/gabriel-oita/profil/spieler/663732","Centre-Back","21","Romania","National Sebis",NA,"Romania",NA,TRUE,"loan transfer","Summer",NA,NA,NA,NA
"Pandurii Targu Jiu (- 2022)",NA,NA,"2015","Departures","Elton","https://www.transfermarkt.com/elton/profil/spieler/296748","Centre-Back","25","Brazil","Without Club",NA,NA,NA,FALSE,"-","Summer",NA,NA,NA,NA
"Pandurii Targu Jiu (- 2022)",NA,NA,"2015","Departures","Gëzim Shalaj","https://www.transfermarkt.com/gezim-shalaj/profil/spieler/138588","Left Winger","24","Switzerland","Without Club",NA,NA,NA,FALSE,"-","Summer",NA,NA,NA,NA
"Pandurii Targu Jiu (- 2022)",NA,NA,"2015","Departures","Michal Gliwa","https://www.transfermarkt.com/michal-gliwa/profil/spieler/42056","Goalkeeper","27","Poland","Without Club",NA,NA,NA,FALSE,"-","Summer",NA,NA,NA,NA
"Pandurii Targu Jiu (- 2022)",NA,NA,"2015","Departures","Fayez Chamsine","https://www.transfermarkt.com/fayez-chamsine/profil/spieler/94978","Left Winger","23","Lebanon","Without Club",NA,NA,NA,FALSE,"-","Summer",NA,NA,NA,NA
"Pandurii Targu Jiu (- 2022)",NA,NA,"2015","Departures","Mihai Pintilii","https://www.transfermarkt.com/mihai-pintilii/profil/spieler/48890","Defensive Midfield","30","Romania","Al-Hilal","Saudi Pro League","Saudi Arabia",NA,TRUE,"End of loan Jun 30, 2015","Summer",NA,NA,NA,NA
"Pandurii Targu Jiu (- 2022)",NA,NA,"2015","Departures","Dan Nistor","https://www.transfermarkt.com/dan-nistor/profil/spieler/156639","Central Midfield","27","Romania","Thonon Évian","Ligue 2","France",NA,TRUE,"End of loan Jun 30, 2015","Summer",38,38,1,3056
"Pandurii Targu Jiu (- 2022)",NA,NA,"2015","Arrivals","Florin Acsinte","https://www.transfermarkt.com/florin-acsinte/profil/spieler/64090","Left-Back","28","Romania","FC Botosani","SuperLiga","Romania",20000,FALSE,NA,"Winter",13,9,0,732
"Pandurii Targu Jiu (- 2022)",NA,NA,"2015","Arrivals","Adrian Ropotan","https://www.transfermarkt.com/adrian-ropotan/profil/spieler/44432","Central Midfield","29","Romania","Petrolul","SuperLiga","Romania",0,FALSE,NA,"Winter",10,10,1,831
"Pandurii Targu Jiu (- 2022)",NA,NA,"2015","Arrivals","Gordan Bunoza","https://www.transfermarkt.com/gordan-bunoza/profil/spieler/67999","Centre-Back","28","Bosnia-Herzegovina","Pescara","Serie B","Italy",0,FALSE,NA,"Winter",6,4,0,360
"Pandurii Targu Jiu (- 2022)",NA,NA,"2015","Arrivals","Alexandru Răuță","https://www.transfermarkt.com/alexandru-rauta/profil/spieler/209117","Defensive Midfield","23","Romania","CS Mioveni","Liga II - Seria II","Romania",0,FALSE,NA,"Winter",10,8,0,419
"Pandurii Targu Jiu (- 2022)",NA,NA,"2015","Arrivals","Liviu Antal","https://www.transfermarkt.com/liviu-antal/profil/spieler/123256","Right Winger","26","Romania","Hapoel Tel Aviv","Ligat ha'Al","Israel",NA,TRUE,"loan transfer","Winter",13,11,3,802
"Pandurii Targu Jiu (- 2022)",NA,NA,"2015","Arrivals","Carlo Erdei","https://www.transfermarkt.com/carlo-erdei/profil/spieler/295740","Attacking Midfield","19","Romania","Pandurii II",NA,"Romania",NA,FALSE,"-","Winter",NA,NA,NA,NA
"Pandurii Targu Jiu (- 2022)",NA,NA,"2015","Arrivals","Gabriel Oita","https://www.transfermarkt.com/gabriel-oita/profil/spieler/663732","Centre-Back","22","Romania","National Sebis",NA,"Romania",NA,TRUE,"End of loan Dec 31, 2015","Winter",NA,NA,NA,NA
"Pandurii Targu Jiu (- 2022)",NA,NA,"2015","Departures","Marko Momcilovic","https://www.transfermarkt.com/marko-momcilovic/profil/spieler/89506","Centre-Back","28","Serbia","FCSB","SuperLiga","Romania",250000,FALSE,NA,"Winter",23,23,1,1986
"Pandurii Targu Jiu (- 2022)",NA,NA,"2015","Departures","Ezequiel Filippetto","https://www.transfermarkt.com/ezequiel-filippetto/profil/spieler/94054","Centre-Back","28","Argentina","Dep. Cuenca","Serie A Segunda Etapa","Ecuador",0,FALSE,NA,"Winter",24,18,2,1486
"Pandurii Targu Jiu (- 2022)",NA,NA,"2015","Departures","Aziz Khalouta","https://www.transfermarkt.com/aziz-khalouta/profil/spieler/194141","Right Winger","26","Morocco","FC Den Bosch","Keuken Kampioen Divisie","Netherlands",0,FALSE,NA,"Winter",14,7,0,275
"Pandurii Targu Jiu (- 2022)",NA,NA,"2015","Departures","Bogdan Șandru","https://www.transfermarkt.com/bogdan-sandru/profil/spieler/337753","Centre-Back","26","Romania","U Cluj","Liga II - Seria II","Romania",NA,TRUE,"loan transfer","Winter",13,10,0,651
"Pandurii Targu Jiu (- 2022)",NA,NA,"2015","Departures","Valentin Munteanu","https://www.transfermarkt.com/valentin-munteanu/profil/spieler/210558","Right Winger","26","Romania","Farul Constanta","Liga 2","Romania",NA,TRUE,"loan transfer","Winter",20,16,1,361
"Pandurii Targu Jiu (- 2022)",NA,NA,"2015","Departures","Alexandru Dan","https://www.transfermarkt.com/alexandru-dan/profil/spieler/212735","Defensive Midfield","22","Romania","U Cluj","Liga II - Seria II","Romania",NA,TRUE,"loan transfer","Winter",3,2,0,79
"Pandurii Targu Jiu (- 2022)",NA,NA,"2015","Departures","Carlo Erdei","https://www.transfermarkt.com/carlo-erdei/profil/spieler/295740","Attacking Midfield","19","Romania","U Cluj","Liga II - Seria II","Romania",NA,TRUE,"loan transfer","Winter",NA,NA,NA,NA
"Pandurii Targu Jiu (- 2022)",NA,NA,"2015","Departures","Gabriel Oita","https://www.transfermarkt.com/gabriel-oita/profil/spieler/663732","Centre-Back","22","Romania","Magura Cisnadie",NA,"Romania",NA,TRUE,"loan transfer","Winter",NA,NA,NA,NA
"CFR Cluj","SuperLiga","Romania","2015","Arrivals","Dani Coelho","https://www.transfermarkt.com/dani-coelho/profil/spieler/72770","Right-Back","25","Portugal","Penafiel","Liga Portugal 2","Portugal",0,FALSE,NA,"Summer",41,23,1,1975
"CFR Cluj","SuperLiga","Romania","2015","Arrivals","Vítor Bruno","https://www.transfermarkt.com/vitor-bruno/profil/spieler/130635","Left-Back","25","Portugal","Penafiel","Liga Portugal 2","Portugal",0,FALSE,NA,"Summer",44,36,2,1886
"CFR Cluj","SuperLiga","Romania","2015","Arrivals","Andrei Muresan","https://www.transfermarkt.com/andrei-muresan/profil/spieler/57228","Centre-Back","29","Romania","FC Sheriff","Divizia Nationala (-2017)","Moldova",0,FALSE,NA,"Summer",39,32,0,2535
"CFR Cluj","SuperLiga","Romania","2015","Arrivals","Traian Marc","https://www.transfermarkt.com/traian-marc/profil/spieler/47490","Goalkeeper","32","Romania","FC Dinamo","SuperLiga","Romania",0,FALSE,NA,"Summer",42,35,0,3097
"CFR Cluj","SuperLiga","Romania","2015","Arrivals","Lucian Goian","https://www.transfermarkt.com/lucian-goian/profil/spieler/26036","Centre-Back","32","Romania","FC Brasov","Liga II - Seria II","Romania",0,FALSE,NA,"Summer",45,30,0,2203
"CFR Cluj","SuperLiga","Romania","2015","Arrivals","Filipe Nascimento","https://www.transfermarkt.com/filipe-nascimento/profil/spieler/197999","Central Midfield","20","Portugal","Académico Viseu","Liga Portugal 2","Portugal",0,FALSE,NA,"Summer",36,23,1,1434
"CFR Cluj","SuperLiga","Romania","2015","Arrivals","Cristian López","https://www.transfermarkt.com/cristian-lopez/profil/spieler/114282","Centre-Forward","26","Spain","Burgos CF","2ª B - Grupo I","Spain",0,FALSE,NA,"Summer",46,43,14,3045
"CFR Cluj","SuperLiga","Romania","2015","Arrivals","Bryan Nouvier","https://www.transfermarkt.com/bryan-nouvier/profil/spieler/344889","Central Midfield","20","France","FC Metz B",NA,"France",0,FALSE,NA,"Summer",36,36,4,2047
"CFR Cluj","SuperLiga","Romania","2015","Arrivals","Neluț Roșu","https://www.transfermarkt.com/nelut-rosu/profil/spieler/241310","Central Midfield","21","Romania","Concordia","SuperLiga","Romania",NA,TRUE,"loan transfer","Summer",10,8,0,502
"CFR Cluj","SuperLiga","Romania","2015","Arrivals","Steve Beleck","https://www.transfermarkt.com/steve-beleck/profil/spieler/136746","Centre-Forward","22","Cameroon","Fiorentina","Serie A","Italy",NA,TRUE,"loan transfer","Summer",41,31,6,1887
"CFR Cluj","SuperLiga","Romania","2015","Arrivals","Tomislav Gomelt","https://www.transfermarkt.com/tomislav-gomelt/profil/spieler/210983","Central Midfield","20","Croatia","Bari","Serie B","Italy",NA,TRUE,"loan transfer","Summer",33,31,0,2347
"CFR Cluj","SuperLiga","Romania","2015","Arrivals","Anthony Partipilo","https://www.transfermarkt.com/anthony-partipilo/profil/spieler/182517","Right Winger","20","Italy","Bari","Serie B","Italy",NA,TRUE,"loan transfer","Summer",1,0,0,0
"CFR Cluj","SuperLiga","Romania","2015","Arrivals","Diogo Valente","https://www.transfermarkt.com/diogo-valente/profil/spieler/23270","Left Winger","30","Portugal","Gil Vicente","Liga Portugal","Portugal",NA,TRUE,"End of loan Jun 30, 2015","Summer",NA,NA,NA,NA
"CFR Cluj","SuperLiga","Romania","2015","Arrivals","Claudiu Voiculet","https://www.transfermarkt.com/claudiu-voiculet/profil/spieler/46679","Central Midfield","29","Romania","ASA Tg. Mures","SuperLiga","Romania",NA,TRUE,"End of loan Jun 30, 2015","Summer",10,10,1,437
"CFR Cluj","SuperLiga","Romania","2015","Arrivals","Christian","https://www.transfermarkt.com/christian/profil/spieler/281831","Central Midfield","26","Brazil","Nacional","Liga Portugal","Portugal",NA,TRUE,"End of loan Jun 30, 2015","Summer",NA,NA,NA,NA
"CFR Cluj","SuperLiga","Romania","2015","Arrivals","João Paulo","https://www.transfermarkt.com/joao-paulo/profil/spieler/175087","Centre-Back","26","Portugal","Portimonense","Liga Portugal 2","Portugal",NA,TRUE,"End of loan Jun 30, 2015","Summer",NA,NA,NA,NA
"CFR Cluj","SuperLiga","Romania","2015","Arrivals","Gabriel Burcă","https://www.transfermarkt.com/gabriel-burca/profil/spieler/330933","Centre-Back","20","Romania","Sticla A. Turda",NA,"Romania",NA,TRUE,"End of loan Jun 30, 2015","Summer",NA,NA,NA,NA
"CFR Cluj","SuperLiga","Romania","2015","Departures","Grégory Tadé","https://www.transfermarkt.com/gregory-tade/profil/spieler/45931","Centre-Forward","28","France","FCSB","SuperLiga","Romania",5e+05,FALSE,NA,"Summer",1,1,1,90
"CFR Cluj","SuperLiga","Romania","2015","Departures","Sulley Muniru","https://www.transfermarkt.com/sulley-muniru/profil/spieler/258371","Central Midfield","22","Ghana","FCSB","SuperLiga","Romania",5e+05,FALSE,NA,"Summer",NA,NA,NA,NA
"CFR Cluj","SuperLiga","Romania","2015","Departures","Claudiu Voiculet","https://www.transfermarkt.com/claudiu-voiculet/profil/spieler/46679","Central Midfield","30","Romania","ASA Tg. Mures","SuperLiga","Romania",0,FALSE,NA,"Summer",10,10,1,437
"CFR Cluj","SuperLiga","Romania","2015","Departures","Christian","https://www.transfermarkt.com/christian/profil/spieler/281831","Central Midfield","26","Brazil","Paços Ferreira","Liga Portugal","Portugal",0,FALSE,NA,"Summer",NA,NA,NA,NA
"CFR Cluj","SuperLiga","Romania","2015","Departures","Filip Jazvic","https://www.transfermarkt.com/filip-jazvic/profil/spieler/145249","Centre-Forward","24","Croatia","ASA Tg. Mures","SuperLiga","Romania",0,FALSE,NA,"Summer",NA,NA,NA,NA
"CFR Cluj","SuperLiga","Romania","2015","Departures","Cătălin Carp","https://www.transfermarkt.com/catalin-carp/profil/spieler/213016","Defensive Midfield","21","Moldova","FCSB","SuperLiga","Romania",0,FALSE,NA,"Summer",NA,NA,NA,NA
"CFR Cluj","SuperLiga","Romania","2015","Departures","Diogo Valente","https://www.transfermarkt.com/diogo-valente/profil/spieler/23270","Left Winger","30","Portugal","Sanliurfaspor ","1.Lig","Türkiye",0,FALSE,NA,"Summer",NA,NA,NA,NA
"CFR Cluj","SuperLiga","Romania","2015","Departures","João Paulo","https://www.transfermarkt.com/joao-paulo/profil/spieler/175087","Centre-Back","26","Portugal","Penafiel","Liga Portugal 2","Portugal",0,FALSE,NA,"Summer",NA,NA,NA,NA
"CFR Cluj","SuperLiga","Romania","2015","Departures","Gabriel Burcă","https://www.transfermarkt.com/gabriel-burca/profil/spieler/330933","Centre-Back","20","Romania","Armătura Zalău",NA,"Romania",0,FALSE,NA,"Summer",NA,NA,NA,NA
"CFR Cluj","SuperLiga","Romania","2015","Departures","Ionuț Țîrlea","https://www.transfermarkt.com/ionut-tirlea/profil/spieler/330936","Attacking Midfield","20","Romania","CSM Sighet",NA,"Romania",0,FALSE,NA,"Summer",NA,NA,NA,NA
"CFR Cluj","SuperLiga","Romania","2015","Departures","Giorgi Chanturia","https://www.transfermarkt.com/giorgi-chanturia/profil/spieler/136397","Right Winger","22","Georgia","Without Club",NA,NA,NA,FALSE,"-","Summer",NA,NA,NA,NA
"CFR Cluj","SuperLiga","Romania","2015","Departures","Remo Amadio","https://www.transfermarkt.com/remo-amadio/profil/spieler/42836","Goalkeeper","27","Italy","Without Club",NA,NA,NA,FALSE,"-","Summer",NA,NA,NA,NA
"CFR Cluj","SuperLiga","Romania","2015","Departures","Férébory Doré","https://www.transfermarkt.com/ferebory-dore/profil/spieler/139286","Centre-Forward","26","Congo","Botev Plovdiv","efbet Liga","Bulgaria",NA,TRUE,"End of loan Jun 30, 2015","Summer",NA,NA,NA,NA
"CFR Cluj","SuperLiga","Romania","2015","Arrivals","Cristian Bud","https://www.transfermarkt.com/cristian-bud/profil/spieler/104211","Centre-Forward","30","Romania","Milsami","Divizia Nationala (-2017)","Moldova",0,FALSE,NA,"Winter",17,15,7,864
"CFR Cluj","SuperLiga","Romania","2015","Arrivals","Ivan Santos","https://www.transfermarkt.com/ivan-santos/profil/spieler/57962","Left Winger","27","Portugal","Freamunde","Liga Portugal 2","Portugal",0,FALSE,NA,"Winter",0,0,0,0
"CFR Cluj","SuperLiga","Romania","2015","Arrivals","Răzvan Horj","https://www.transfermarkt.com/razvan-horj/profil/spieler/422587","Centre-Back","20","Romania","Pandurii II",NA,"Romania",0,FALSE,NA,"Winter",1,0,0,0
"CFR Cluj","SuperLiga","Romania","2015","Arrivals","Juan Carlos Real","https://www.transfermarkt.com/juan-carlos-real/profil/spieler/201861","Attacking Midfield","24","Spain","Without Club",NA,NA,NA,FALSE,"-","Winter",18,18,7,1350
"CFR Cluj","SuperLiga","Romania","2015","Departures","Claudiu Voiculet","https://www.transfermarkt.com/claudiu-voiculet/profil/spieler/46679","Central Midfield","30","Romania","ASA Tg. Mures","SuperLiga","Romania",0,FALSE,NA,"Winter",10,10,1,437
"CFR Cluj","SuperLiga","Romania","2015","Departures","Neluț Roșu","https://www.transfermarkt.com/nelut-rosu/profil/spieler/241310","Central Midfield","22","Romania","Concordia","SuperLiga","Romania",NA,TRUE,"End of loan Dec 31, 2015","Winter",10,8,0,502
"CFR Cluj","SuperLiga","Romania","2015","Departures","Anthony Partipilo","https://www.transfermarkt.com/anthony-partipilo/profil/spieler/182517","Right Winger","21","Italy","Bari","Serie B","Italy",NA,TRUE,"End of loan Jan 29, 2016","Winter",1,0,0,0
"CS Universitatea Craiova","SuperLiga","Romania","2015","Arrivals","Hristo Zlatinski","https://www.transfermarkt.com/hristo-zlatinski/profil/spieler/34679","Defensive Midfield","30","Bulgaria","Ludogorets","efbet Liga","Bulgaria",1e+05,FALSE,NA,"Summer",34,34,2,2866
"CS Universitatea Craiova","SuperLiga","Romania","2015","Arrivals","Apostol Popov","https://www.transfermarkt.com/apostol-popov/profil/spieler/87565","Centre-Back","32","Bulgaria","CSKA Sofia",NA,"Bulgaria",0,FALSE,NA,"Summer",32,30,1,2581
"CS Universitatea Craiova","SuperLiga","Romania","2015","Arrivals","Simon Mazarache","https://www.transfermarkt.com/simon-mazarache/profil/spieler/220924","Centre-Forward","22","Romania","V. Axintele",NA,"Romania",0,FALSE,NA,"Summer",30,25,2,1138
"CS Universitatea Craiova","SuperLiga","Romania","2015","Arrivals","Valentin Iliev","https://www.transfermarkt.com/valentin-iliev/profil/spieler/35259","Centre-Back","35","Bulgaria","Without Club",NA,NA,NA,FALSE,"-","Summer",23,20,1,1453
"CS Universitatea Craiova","SuperLiga","Romania","2015","Arrivals","Olivian Surugiu","https://www.transfermarkt.com/olivian-surugiu/profil/spieler/184434","Right Midfield","25","Romania","Without Club",NA,NA,NA,FALSE,"-","Summer",2,1,0,77
"CS Universitatea Craiova","SuperLiga","Romania","2015","Departures","Cosmin Frasinescu","https://www.transfermarkt.com/cosmin-frasinescu/profil/spieler/46546","Centre-Back","30","Romania","ACSM Poli Iasi","SuperLiga","Romania",0,FALSE,NA,"Summer",NA,NA,NA,NA
"CS Universitatea Craiova","SuperLiga","Romania","2015","Departures","Pablo Brandán","https://www.transfermarkt.com/pablo-brandan/profil/spieler/51711","Central Midfield","32","Argentina","ASA Tg. Mures","SuperLiga","Romania",0,FALSE,NA,"Summer",NA,NA,NA,NA
"CS Universitatea Craiova","SuperLiga","Romania","2015","Departures","Adrian Avramia","https://www.transfermarkt.com/adrian-avramia/profil/spieler/192861","Centre-Back","23","Romania","FC Rapid 1923","Liga 2","Romania",0,FALSE,NA,"Summer",1,0,0,0
"CS Universitatea Craiova","SuperLiga","Romania","2015","Departures","Adrian Carstea","https://www.transfermarkt.com/adrian-carstea/profil/spieler/344828","Attacking Midfield","20","Romania","Unknown",NA,NA,0,FALSE,NA,"Summer",0,0,0,0
"CS Universitatea Craiova","SuperLiga","Romania","2015","Departures","Andrei Sin","https://www.transfermarkt.com/andrei-sin/profil/spieler/213777","Left-Back","23","Romania","Daco-Getica",NA,"Romania",0,FALSE,NA,"Summer",1,0,0,0
"CS Universitatea Craiova","SuperLiga","Romania","2015","Departures","Marius Briceag","https://www.transfermarkt.com/marius-briceag/profil/spieler/209063","Left-Back","23","Romania","FC Voluntari","SuperLiga","Romania",NA,TRUE,"loan transfer","Summer",2,0,0,0
"CS Universitatea Craiova","SuperLiga","Romania","2015","Departures","Ionut Tarnacop","https://www.transfermarkt.com/ionut-tarnacop/profil/spieler/163704","Right Midfield","28","Romania","Without Club",NA,NA,NA,FALSE,"-","Summer",8,4,0,279
"CS Universitatea Craiova","SuperLiga","Romania","2015","Departures","Dacian Varga","https://www.transfermarkt.com/dacian-varga/profil/spieler/64252","Left Midfield","30","Romania","ASA Tg. Mures","SuperLiga","Romania",NA,FALSE,"-","Summer",NA,NA,NA,NA
"CS Universitatea Craiova","SuperLiga","Romania","2015","Departures","Bojan Brac","https://www.transfermarkt.com/bojan-brac/profil/spieler/58456","Goalkeeper","26","Serbia","Without Club",NA,NA,NA,FALSE,"-","Summer",NA,NA,NA,NA
"CS Universitatea Craiova","SuperLiga","Romania","2015","Departures","Ovidiu Dănănae","https://www.transfermarkt.com/ovidiu-dananae/profil/spieler/47574","Centre-Back","30","Romania","Without Club",NA,NA,NA,FALSE,"-","Summer",NA,NA,NA,NA
"CS Universitatea Craiova","SuperLiga","Romania","2015","Departures","Silviu Izvoranu","https://www.transfermarkt.com/silviu-izvoranu/profil/spieler/47165","Centre-Back","33","Romania","Without Club",NA,NA,NA,FALSE,"-","Summer",16,9,0,462
"CS Universitatea Craiova","SuperLiga","Romania","2015","Arrivals","Alin Manea","https://www.transfermarkt.com/alin-manea/profil/spieler/271283","Attacking Midfield","19","Romania","CS U Craiova II",NA,"Romania",NA,FALSE,"-","Winter",6,1,0,13
"CS Universitatea Craiova","SuperLiga","Romania","2015","Arrivals","Andrei Burlacu","https://www.transfermarkt.com/andrei-burlacu/profil/spieler/415457","Left Winger","18","Romania","CS U Craiova II",NA,"Romania",NA,FALSE,"-","Winter",1,1,0,6
"CS Universitatea Craiova","SuperLiga","Romania","2015","Arrivals","Laurențiu Popescu","https://www.transfermarkt.com/laurentiu-popescu/profil/spieler/271289","Goalkeeper","18","Romania","CSU Craiova U19",NA,"Romania",NA,FALSE,"-","Winter",15,7,0,630
"CS Universitatea Craiova","SuperLiga","Romania","2015","Arrivals","Robert Petre","https://www.transfermarkt.com/robert-petre/profil/spieler/423521","Right Winger","18","Romania","CSU Craiova U19",NA,"Romania",NA,FALSE,"-","Winter",16,6,0,139
"CS Universitatea Craiova","SuperLiga","Romania","2015","Arrivals","Cosmin Ciocoteala","https://www.transfermarkt.com/cosmin-ciocoteala/profil/spieler/403423","Defensive Midfield","18","Romania","CSU Craiova U19",NA,"Romania",NA,FALSE,"-","Winter",8,1,0,7
"CS Universitatea Craiova","SuperLiga","Romania","2015","Arrivals","Andrei Vlad","https://www.transfermarkt.com/andrei-vlad/profil/spieler/424302","Goalkeeper","16","Romania","CSU Craiova U19",NA,"Romania",NA,FALSE,"-","Winter",7,0,0,0
"CS Universitatea Craiova","SuperLiga","Romania","2015","Departures","Cristian Bălgrădean","https://www.transfermarkt.com/cristian-balgradean/profil/spieler/158839","Goalkeeper","27","Romania","Concordia","SuperLiga","Romania",0,FALSE,NA,"Winter",24,23,0,2062
"CS Universitatea Craiova","SuperLiga","Romania","2015","Departures","Thaer Bawab","https://www.transfermarkt.com/thaer-bawab/profil/spieler/40480","Centre-Forward","30","Jordan","FCSB","SuperLiga","Romania",0,FALSE,NA,"Winter",20,19,3,1391
"CS Universitatea Craiova","SuperLiga","Romania","2015","Departures","Ionut Tarnacop","https://www.transfermarkt.com/ionut-tarnacop/profil/spieler/163704","Right Midfield","28","Romania","Without Club",NA,NA,NA,FALSE,"-","Winter",8,4,0,279
"AS Ardealul Tg. Mures (- 2018)",NA,NA,"2015","Arrivals","Claudiu Voiculet","https://www.transfermarkt.com/claudiu-voiculet/profil/spieler/46679","Central Midfield","30","Romania","CFR Cluj","SuperLiga","Romania",0,FALSE,NA,"Summer",20,20,1,1227
"AS Ardealul Tg. Mures (- 2018)",NA,NA,"2015","Arrivals","Luis Pedro","https://www.transfermarkt.com/luis-pedro/profil/spieler/71105","Right Winger","25","Netherlands","Levski Sofia","efbet Liga","Bulgaria",0,FALSE,NA,"Summer",25,22,2,1154
"AS Ardealul Tg. Mures (- 2018)",NA,NA,"2015","Arrivals","Romario Kortzorg","https://www.transfermarkt.com/romario-kortzorg/profil/spieler/214617","Left Winger","25","Netherlands","Erzgebirge Aue","3. Liga","Germany",0,FALSE,NA,"Summer",18,18,0,1125
"AS Ardealul Tg. Mures (- 2018)",NA,NA,"2015","Arrivals","Dan Bucsa","https://www.transfermarkt.com/dan-bucsa/profil/spieler/213583","Defensive Midfield","27","Romania","ETO FC Győr ",NA,"Hungary",0,FALSE,NA,"Summer",3,0,0,0
"AS Ardealul Tg. Mures (- 2018)",NA,NA,"2015","Arrivals","Pablo Brandán","https://www.transfermarkt.com/pablo-brandan/profil/spieler/51711","Central Midfield","32","Argentina","CS U Craiova","SuperLiga","Romania",0,FALSE,NA,"Summer",43,42,3,3162
"AS Ardealul Tg. Mures (- 2018)",NA,NA,"2015","Arrivals","Sasa Balic","https://www.transfermarkt.com/sasa-balic/profil/spieler/64104","Centre-Back","25","Montenegro","Metalurg Z.","Premier Liga","Ukraine",0,FALSE,NA,"Summer",25,24,1,2058
"AS Ardealul Tg. Mures (- 2018)",NA,NA,"2015","Arrivals","Filip Jazvic","https://www.transfermarkt.com/filip-jazvic/profil/spieler/145249","Centre-Forward","24","Croatia","CFR Cluj","SuperLiga","Romania",0,FALSE,NA,"Summer",32,30,5,2377
"AS Ardealul Tg. Mures (- 2018)",NA,NA,"2015","Arrivals","Rubén Jurado","https://www.transfermarkt.com/ruben-jurado/profil/spieler/128674","Centre-Forward","29","Spain","Piast Gliwice","Ekstraklasa","Poland",0,FALSE,NA,"Summer",10,5,0,145
"AS Ardealul Tg. Mures (- 2018)",NA,NA,"2015","Arrivals","Alexandru Dedov","https://www.transfermarkt.com/alexandru-dedov/profil/spieler/81162","Left Winger","26","Moldova","Zimbru Chisinau","Divizia Nationala (-2017)","Moldova",0,FALSE,NA,"Summer",27,20,1,1069
"AS Ardealul Tg. Mures (- 2018)",NA,NA,"2015","Arrivals","Pawel Golanski","https://www.transfermarkt.com/pawel-golanski/profil/spieler/32313","Right-Back","32","Poland","Korona Kielce","Ekstraklasa","Poland",0,FALSE,NA,"Summer",25,20,0,1749
"AS Ardealul Tg. Mures (- 2018)",NA,NA,"2015","Arrivals","Ramiro Costa","https://www.transfermarkt.com/ramiro-costa/profil/spieler/186296","Centre-Forward","22","Argentina","La Calera","Torneo Clausura","Chile",0,FALSE,NA,"Summer",26,24,4,1500
"AS Ardealul Tg. Mures (- 2018)",NA,NA,"2015","Arrivals","Benjamin Kuku","https://www.transfermarkt.com/benjamin-kuku/profil/spieler/389291","Centre-Forward","20","Nigeria","Armătura Zalău",NA,"Romania",NA,FALSE,"?","Summer",NA,NA,NA,NA
"AS Ardealul Tg. Mures (- 2018)",NA,NA,"2015","Arrivals","Adrian Borza","https://www.transfermarkt.com/adrian-borza/profil/spieler/203085","Left Midfield","30","Romania","Without Club",NA,NA,NA,FALSE,"-","Summer",20,8,0,513
"AS Ardealul Tg. Mures (- 2018)",NA,NA,"2015","Arrivals","Dacian Varga","https://www.transfermarkt.com/dacian-varga/profil/spieler/64252","Left Midfield","30","Romania","CS U Craiova","SuperLiga","Romania",NA,FALSE,"-","Summer",2,1,0,60
"AS Ardealul Tg. Mures (- 2018)",NA,NA,"2015","Arrivals","Adrian Șut","https://www.transfermarkt.com/adrian-sut/profil/spieler/433979","Defensive Midfield","17","Romania","ASA U19",NA,"Romania",NA,FALSE,"-","Summer",2,2,0,16
"AS Ardealul Tg. Mures (- 2018)",NA,NA,"2015","Departures","Claudiu Bumba","https://www.transfermarkt.com/claudiu-bumba/profil/spieler/186731","Attacking Midfield","21","Romania","Hapoel Tel Aviv","Ligat ha'Al","Israel",650000,FALSE,NA,"Summer",NA,NA,NA,NA
"AS Ardealul Tg. Mures (- 2018)",NA,NA,"2015","Departures","Marius Constantin","https://www.transfermarkt.com/marius-constantin/profil/spieler/34503","Centre-Back","30","Romania","Jiangsu FC","Super League","China",150000,TRUE,NA,"Summer",11,11,0,842
"AS Ardealul Tg. Mures (- 2018)",NA,NA,"2015","Departures","Laszlo Sepsi","https://www.transfermarkt.com/laszlo-sepsi/profil/spieler/33622","Left-Back","28","Romania","1.FC Nuremberg","2. Bundesliga","Germany",0,FALSE,NA,"Summer",NA,NA,NA,NA
"AS Ardealul Tg. Mures (- 2018)",NA,NA,"2015","Departures","Ioan Hora","https://www.transfermarkt.com/ioan-hora/profil/spieler/54528","Centre-Forward","26","Romania","Pandurii ","SuperLiga","Romania",0,FALSE,NA,"Summer",NA,NA,NA,NA
"AS Ardealul Tg. Mures (- 2018)",NA,NA,"2015","Departures","Patrice Feussi","https://www.transfermarkt.com/patrice-feussi/profil/spieler/21921","Right-Back","28","Cameroon","FC Dinamo","SuperLiga","Romania",0,FALSE,NA,"Summer",NA,NA,NA,NA
"AS Ardealul Tg. Mures (- 2018)",NA,NA,"2015","Departures","Ianis Zicu","https://www.transfermarkt.com/ianis-zicu/profil/spieler/16909","Attacking Midfield","31","Romania","ACS Poli","SuperLiga","Romania",0,FALSE,NA,"Summer",NA,NA,NA,NA
"AS Ardealul Tg. Mures (- 2018)",NA,NA,"2015","Departures","Dan Bucsa","https://www.transfermarkt.com/dan-bucsa/profil/spieler/213583","Defensive Midfield","27","Romania","Petrolul","SuperLiga","Romania",0,FALSE,NA,"Summer",3,0,0,0
"AS Ardealul Tg. Mures (- 2018)",NA,NA,"2015","Departures","Dorin Goga","https://www.transfermarkt.com/dorin-goga/profil/spieler/54735","Centre-Forward","31","Romania","ACS Poli","SuperLiga","Romania",0,FALSE,NA,"Summer",NA,NA,NA,NA
"AS Ardealul Tg. Mures (- 2018)",NA,NA,"2015","Departures","Rubén Jurado","https://www.transfermarkt.com/ruben-jurado/profil/spieler/128674","Centre-Forward","29","Spain","Atl. Baleares","2ª B - Grupo III","Spain",0,FALSE,NA,"Summer",10,5,0,145
"AS Ardealul Tg. Mures (- 2018)",NA,NA,"2015","Departures","Dacian Varga","https://www.transfermarkt.com/dacian-varga/profil/spieler/64252","Left Midfield","30","Romania","Petrolul","SuperLiga","Romania",0,FALSE,NA,"Summer",2,1,0,60
"AS Ardealul Tg. Mures (- 2018)",NA,NA,"2015","Departures","János Székely","https://www.transfermarkt.com/janos-szekely/profil/spieler/48195","Attacking Midfield","32","Romania","Seregno","Serie D - B","Italy",0,FALSE,NA,"Summer",NA,NA,NA,NA
"AS Ardealul Tg. Mures (- 2018)",NA,NA,"2015","Departures","Silviu Ilie","https://www.transfermarkt.com/silviu-ilie/profil/spieler/53362","Left Midfield","27","Romania","Farul Constanta","Liga 2","Romania",0,FALSE,NA,"Summer",NA,NA,NA,NA
"AS Ardealul Tg. Mures (- 2018)",NA,NA,"2015","Departures","Bruno Martins","https://www.transfermarkt.com/bruno-martins/profil/spieler/329763","Defensive Midfield","29","Brazil","Ac. Clinceni","Liga 2","Romania",NA,TRUE,"loan transfer","Summer",7,1,0,24
"AS Ardealul Tg. Mures (- 2018)",NA,NA,"2015","Departures","Benjamin Kuku","https://www.transfermarkt.com/benjamin-kuku/profil/spieler/389291","Centre-Forward","20","Nigeria","Ac. Clinceni","Liga 2","Romania",NA,TRUE,"loan transfer","Summer",NA,NA,NA,NA
"AS Ardealul Tg. Mures (- 2018)",NA,NA,"2015","Departures","Amauri","https://www.transfermarkt.com/amauri/profil/spieler/315064","Right Winger","33","Brazil","Without Club",NA,NA,NA,FALSE,"-","Summer",NA,NA,NA,NA
"AS Ardealul Tg. Mures (- 2018)",NA,NA,"2015","Departures","Claudiu Voiculet","https://www.transfermarkt.com/claudiu-voiculet/profil/spieler/46679","Central Midfield","29","Romania","CFR Cluj","SuperLiga","Romania",NA,TRUE,"End of loan Jun 30, 2015","Summer",20,20,1,1227
"AS Ardealul Tg. Mures (- 2018)",NA,NA,"2015","Arrivals","Claudiu Voiculet","https://www.transfermarkt.com/claudiu-voiculet/profil/spieler/46679","Central Midfield","30","Romania","CFR Cluj","SuperLiga","Romania",0,FALSE,NA,"Winter",20,20,1,1227
"AS Ardealul Tg. Mures (- 2018)",NA,NA,"2015","Arrivals","Laurențiu Buș","https://www.transfermarkt.com/laurentiu-bus/profil/spieler/54728","Central Midfield","28","Romania","D. Calarasi","Liga 2","Romania",0,FALSE,NA,"Winter",15,15,0,698
"AS Ardealul Tg. Mures (- 2018)",NA,NA,"2015","Arrivals","David Manga","https://www.transfermarkt.com/david-manga/profil/spieler/59951","Left Winger","27","Central African Republic","Kiryat Shmona","Ligat ha'Al","Israel",0,FALSE,NA,"Winter",0,0,0,0
"AS Ardealul Tg. Mures (- 2018)",NA,NA,"2015","Arrivals","Sergiu Muth","https://www.transfermarkt.com/sergiu-muth/profil/spieler/96848","Centre-Back","25","Romania","Gaz Metan","Liga II - Seria II","Romania",0,FALSE,NA,"Winter",9,3,0,169
"AS Ardealul Tg. Mures (- 2018)",NA,NA,"2015","Arrivals","Adrian Mutu","https://www.transfermarkt.com/adrian-mutu/profil/spieler/5879","Left Winger","37","Romania","FC Pune City",NA,"India",0,FALSE,NA,"Winter",10,5,0,246
"AS Ardealul Tg. Mures (- 2018)",NA,NA,"2015","Arrivals","Gabriel Matei","https://www.transfermarkt.com/gabriel-matei/profil/spieler/131882","Right-Back","25","Romania","Ac. Clinceni","Liga 2","Romania",0,FALSE,NA,"Winter",14,13,0,1154
"AS Ardealul Tg. Mures (- 2018)",NA,NA,"2015","Arrivals","George Țucudean","https://www.transfermarkt.com/george-tucudean/profil/spieler/130345","Centre-Forward","24","Romania","Charlton","Championship","England",NA,TRUE,"loan transfer","Winter",11,11,2,838
"AS Ardealul Tg. Mures (- 2018)",NA,NA,"2015","Arrivals","Paul Pârvulescu","https://www.transfermarkt.com/paul-parvulescu/profil/spieler/81494","Left-Back","27","Romania","FCSB","SuperLiga","Romania",NA,TRUE,"loan transfer","Winter",11,11,0,956
"AS Ardealul Tg. Mures (- 2018)",NA,NA,"2015","Arrivals","Andrei Ciolacu","https://www.transfermarkt.com/andrei-ciolacu/profil/spieler/186247","Centre-Forward","23","Romania","Without Club",NA,NA,NA,FALSE,"-","Winter",13,11,0,460
"AS Ardealul Tg. Mures (- 2018)",NA,NA,"2015","Arrivals","Szabolcs Torok","https://www.transfermarkt.com/szabolcs-torok/profil/spieler/288540","Centre-Back","21","Romania","Targu Mures II",NA,"Romania",NA,FALSE,"-","Winter",0,0,0,0
"AS Ardealul Tg. Mures (- 2018)",NA,NA,"2015","Arrivals","Sergiu Păcurar","https://www.transfermarkt.com/sergiu-pacurar/profil/spieler/273142","Centre-Forward","20","Romania","Targu Mures II",NA,"Romania",NA,FALSE,"-","Winter",1,0,0,0
"AS Ardealul Tg. Mures (- 2018)",NA,NA,"2015","Arrivals","Norbert Feketics","https://www.transfermarkt.com/norbert-feketics/profil/spieler/394719","Left Winger","19","Romania","Targu Mures II",NA,"Romania",NA,FALSE,"-","Winter",8,3,0,107
"AS Ardealul Tg. Mures (- 2018)",NA,NA,"2015","Arrivals","Lucian German","https://www.transfermarkt.com/lucian-german/profil/spieler/273139","Central Midfield","19","Romania","Targu Mures II",NA,"Romania",NA,FALSE,"-","Winter",6,3,0,78
"AS Ardealul Tg. Mures (- 2018)",NA,NA,"2015","Arrivals","Bogdan Moga","https://www.transfermarkt.com/bogdan-moga/profil/spieler/315278","Goalkeeper","21","Romania","Targu Mures II",NA,"Romania",NA,FALSE,"-","Winter",NA,NA,NA,NA
"AS Ardealul Tg. Mures (- 2018)",NA,NA,"2015","Arrivals","Marius Constantin","https://www.transfermarkt.com/marius-constantin/profil/spieler/34503","Centre-Back","31","Romania","Jiangsu FC","Super League","China",NA,TRUE,"End of loan Dec 31, 2015","Winter",11,11,0,842
"AS Ardealul Tg. Mures (- 2018)",NA,NA,"2015","Departures","Florin Bejan","https://www.transfermarkt.com/florin-bejan/profil/spieler/147993","Centre-Back","24","Romania","Cracovia","Ekstraklasa","Poland",1e+05,FALSE,NA,"Winter",21,18,0,1565
"AS Ardealul Tg. Mures (- 2018)",NA,NA,"2015","Departures","Mircea Axente","https://www.transfermarkt.com/mircea-axente/profil/spieler/69558","Centre-Forward","28","Romania","Maccabi Netanya","Ligat ha'Al","Israel",0,FALSE,NA,"Winter",27,25,5,1552
"AS Ardealul Tg. Mures (- 2018)",NA,NA,"2015","Departures","Romario Kortzorg","https://www.transfermarkt.com/romario-kortzorg/profil/spieler/214617","Left Winger","26","Netherlands","FC Dinamo","SuperLiga","Romania",0,FALSE,NA,"Winter",18,18,0,1125
"AS Ardealul Tg. Mures (- 2018)",NA,NA,"2015","Departures","Sergiu Hanca","https://www.transfermarkt.com/sergiu-hanca/profil/spieler/212806","Right Midfield","23","Romania","FC Dinamo","SuperLiga","Romania",0,FALSE,NA,"Winter",30,23,0,1139
"AS Ardealul Tg. Mures (- 2018)",NA,NA,"2015","Departures","Miroslav Manolov","https://www.transfermarkt.com/miroslav-manolov/profil/spieler/41476","Centre-Forward","30","Bulgaria","TB Rowdies","NASL Fall Championship","United States",0,FALSE,NA,"Winter",23,17,3,810
"AS Ardealul Tg. Mures (- 2018)",NA,NA,"2015","Departures","Pawel Golanski","https://www.transfermarkt.com/pawel-golanski/profil/spieler/32313","Right-Back","33","Poland","Górnik Zabrze","Ekstraklasa","Poland",0,FALSE,NA,"Winter",25,20,0,1749
"AS Ardealul Tg. Mures (- 2018)",NA,NA,"2015","Departures","Luis Pedro","https://www.transfermarkt.com/luis-pedro/profil/spieler/71105","Right Winger","25","Netherlands","Without Club",NA,NA,NA,FALSE,"-","Winter",25,22,2,1154
"AS Ardealul Tg. Mures (- 2018)",NA,NA,"2015","Departures","Cosmin Bacila","https://www.transfermarkt.com/cosmin-bacila/profil/spieler/46495","Right-Back","32","Romania","Targu Mures II",NA,"Romania",NA,FALSE,"-","Winter",NA,NA,NA,NA
"Concordia Chiajna","Liga 2","Romania","2015","Arrivals","Răzvan Tincu","https://www.transfermarkt.com/razvan-tincu/profil/spieler/48685","Centre-Back","27","Romania","FC Botosani","SuperLiga","Romania",0,FALSE,NA,"Summer",45,38,0,3373
"Concordia Chiajna","Liga 2","Romania","2015","Arrivals","Cristian Sîrghi","https://www.transfermarkt.com/cristian-sirghi/profil/spieler/48687","Centre-Back","28","Romania","Maccabi Netanya","Ligat ha'Al","Israel",0,FALSE,NA,"Summer",19,16,0,1306
"Concordia Chiajna","Liga 2","Romania","2015","Arrivals","Ștefan Bărboianu","https://www.transfermarkt.com/stefan-barboianu/profil/spieler/47568","Right-Back","27","Romania","FC Dinamo","SuperLiga","Romania",0,FALSE,NA,"Summer",36,30,0,2162
"Concordia Chiajna","Liga 2","Romania","2015","Arrivals","Silviu Pană","https://www.transfermarkt.com/silviu-pana/profil/spieler/199686","Central Midfield","23","Romania","FCV Farul","SuperLiga","Romania",0,FALSE,NA,"Summer",26,13,1,721
"Concordia Chiajna","Liga 2","Romania","2015","Arrivals","Iulian Mamele","https://www.transfermarkt.com/iulian-mamele/profil/spieler/200472","Centre-Back","30","Romania","FCV Farul","SuperLiga","Romania",0,FALSE,NA,"Summer",38,29,0,2275
"Concordia Chiajna","Liga 2","Romania","2015","Arrivals","Vasile Curileac","https://www.transfermarkt.com/vasile-curileac/profil/spieler/43296","Goalkeeper","31","Romania","FC Botosani","SuperLiga","Romania",0,FALSE,NA,"Summer",NA,NA,NA,NA
"Concordia Chiajna","Liga 2","Romania","2015","Arrivals","Marian Cristescu","https://www.transfermarkt.com/marian-cristescu/profil/spieler/64137","Attacking Midfield","30","Romania","FC Dinamo","SuperLiga","Romania",0,FALSE,NA,"Summer",38,35,6,2377
"Concordia Chiajna","Liga 2","Romania","2015","Arrivals","Gabriel Giurgiu","https://www.transfermarkt.com/gabriel-giurgiu/profil/spieler/47640","Central Midfield","32","Romania","Maccabi Netanya","Ligat ha'Al","Israel",0,FALSE,NA,"Summer",40,40,4,3145
"Concordia Chiajna","Liga 2","Romania","2015","Arrivals","Florin Iacob","https://www.transfermarkt.com/florin-iacob/profil/spieler/186028","Goalkeeper","21","Romania","FC Brasov","Liga II - Seria II","Romania",0,FALSE,NA,"Summer",29,9,0,754
"Concordia Chiajna","Liga 2","Romania","2015","Arrivals","Marian Constantinescu","https://www.transfermarkt.com/marian-constantinescu/profil/spieler/46520","Attacking Midfield","33","Romania","FC Brasov","Liga II - Seria II","Romania",0,FALSE,NA,"Summer",23,22,2,1034
"Concordia Chiajna","Liga 2","Romania","2015","Arrivals","Cătălin Țîră","https://www.transfermarkt.com/catalin-tira/profil/spieler/168257","Centre-Forward","21","Romania","FC Brasov","Liga II - Seria II","Romania",0,FALSE,NA,"Summer",10,8,0,289
"Concordia Chiajna","Liga 2","Romania","2015","Arrivals","Lucian Ion","https://www.transfermarkt.com/lucian-ion/profil/spieler/213690","Central Midfield","21","Romania","CS Balotesti","Liga 2","Romania",0,FALSE,NA,"Summer",14,5,0,258
"Concordia Chiajna","Liga 2","Romania","2015","Arrivals","Ibrahim Hazzazi","https://www.transfermarkt.com/ibrahim-hazzazi/profil/spieler/147877","Right-Back","30","Saudi Arabia","Al-Orobah",NA,"Saudi Arabia",0,FALSE,NA,"Summer",NA,NA,NA,NA
"Concordia Chiajna","Liga 2","Romania","2015","Arrivals","Marian Marin","https://www.transfermarkt.com/marian-marin/profil/spieler/213655","Centre-Back","27","Romania","Petrolul","SuperLiga","Romania",0,FALSE,NA,"Summer",8,3,0,213
"Concordia Chiajna","Liga 2","Romania","2015","Arrivals","Hristu Chiacu","https://www.transfermarkt.com/hristu-chiacu/profil/spieler/41623","Right Midfield","28","Romania","CS Balotesti","Liga 2","Romania",0,FALSE,NA,"Summer",1,0,0,0
"Concordia Chiajna","Liga 2","Romania","2015","Arrivals","Andrei Voineag","https://www.transfermarkt.com/andrei-voineag/profil/spieler/227587","Left-Back","21","Romania","Stefanesti",NA,"Romania",0,FALSE,NA,"Summer",4,2,0,180
"Concordia Chiajna","Liga 2","Romania","2015","Arrivals","Daniel Tîrnăcop","https://www.transfermarkt.com/daniel-tirnacop/profil/spieler/1240139","Left Midfield","17","Romania","Unknown",NA,NA,0,FALSE,NA,"Summer",NA,NA,NA,NA
"Concordia Chiajna","Liga 2","Romania","2015","Arrivals","Valentin Lazăr","https://www.transfermarkt.com/valentin-lazar/profil/spieler/200621","Left Winger","26","Romania","FC Dinamo","SuperLiga","Romania",NA,TRUE,"loan transfer","Summer",17,17,2,1418
"Concordia Chiajna","Liga 2","Romania","2015","Arrivals","Alin Buleică","https://www.transfermarkt.com/alin-buleica/profil/spieler/147286","Right-Back","23","Romania","Pandurii ","SuperLiga","Romania",NA,TRUE,"loan transfer","Summer",9,2,0,79
"Concordia Chiajna","Liga 2","Romania","2015","Arrivals","Răzvan Grădinaru","https://www.transfermarkt.com/razvan-gradinaru/profil/spieler/289256","Right-Back","20","Romania","FCSB","SuperLiga","Romania",NA,TRUE,"loan transfer","Summer",26,19,0,1100
"Concordia Chiajna","Liga 2","Romania","2015","Arrivals","Cristian Ciobanu","https://www.transfermarkt.com/cristian-ciobanu/profil/spieler/244002","Right Winger","20","Romania","Chiajna II",NA,"Romania",NA,FALSE,"-","Summer",10,4,0,96
"Concordia Chiajna","Liga 2","Romania","2015","Arrivals","Neluț Roșu","https://www.transfermarkt.com/nelut-rosu/profil/spieler/241310","Central Midfield","21","Romania","FC Botosani","SuperLiga","Romania",NA,TRUE,"End of loan Jun 30, 2015","Summer",15,11,1,484
"Concordia Chiajna","Liga 2","Romania","2015","Arrivals","Andrei Damian","https://www.transfermarkt.com/andrei-damian/profil/spieler/241047","Left-Back","22","Romania","ACS Berceni","Liga 2","Romania",NA,TRUE,"End of loan Jun 30, 2015","Summer",NA,NA,NA,NA
"Concordia Chiajna","Liga 2","Romania","2015","Arrivals","Teodor Meila","https://www.transfermarkt.com/teodor-meila/profil/spieler/200473","Goalkeeper","22","Romania","ACS Berceni","Liga 2","Romania",NA,TRUE,"End of loan Jun 30, 2015","Summer",NA,NA,NA,NA
"Concordia Chiajna","Liga 2","Romania","2015","Arrivals","Alin Zaharia","https://www.transfermarkt.com/alin-zaharia/profil/spieler/278768","Centre-Forward","28","Romania","FC Voluntari","Liga 2","Romania",NA,TRUE,"End of loan Jun 30, 2015","Summer",1,0,0,0
"Concordia Chiajna","Liga 2","Romania","2015","Departures","Fernando Boldrin","https://www.transfermarkt.com/fernando-boldrin/profil/spieler/144752","Attacking Midfield","26","Brazil","Astra Giurgiu","SuperLiga","Romania",0,FALSE,NA,"Summer",NA,NA,NA,NA
"Concordia Chiajna","Liga 2","Romania","2015","Departures","Ricardo Alves","https://www.transfermarkt.com/ricardo-alves/profil/spieler/118323","Centre-Back","24","Portugal","Astra Giurgiu","SuperLiga","Romania",0,FALSE,NA,"Summer",NA,NA,NA,NA
"Concordia Chiajna","Liga 2","Romania","2015","Departures","Wellington","https://www.transfermarkt.com/wellington/profil/spieler/234279","Centre-Forward","27","Brazil","Pandurii ","SuperLiga","Romania",0,FALSE,NA,"Summer",NA,NA,NA,NA
"Concordia Chiajna","Liga 2","Romania","2015","Departures","Alexandru Stan","https://www.transfermarkt.com/alexandru-stan/profil/spieler/97517","Left Midfield","26","Romania","Astra Giurgiu","SuperLiga","Romania",0,FALSE,NA,"Summer",NA,NA,NA,NA
"Concordia Chiajna","Liga 2","Romania","2015","Departures","Nicolae Musat","https://www.transfermarkt.com/nicolae-musat/profil/spieler/53196","Left-Back","28","Romania","Ac. Clinceni","Liga 2","Romania",0,FALSE,NA,"Summer",NA,NA,NA,NA
"Concordia Chiajna","Liga 2","Romania","2015","Departures","Daniel Florea","https://www.transfermarkt.com/daniel-florea/profil/spieler/46543","Centre-Forward","27","Romania","Astra Giurgiu","SuperLiga","Romania",0,FALSE,NA,"Summer",NA,NA,NA,NA
"Concordia Chiajna","Liga 2","Romania","2015","Departures","Matej Bagaric","https://www.transfermarkt.com/matej-bagaric/profil/spieler/46497","Centre-Back","26","Croatia","KF Laçi","Kategoria Superiore","Albania",0,FALSE,NA,"Summer",NA,NA,NA,NA
"Concordia Chiajna","Liga 2","Romania","2015","Departures","Victor Rîmniceanu","https://www.transfermarkt.com/victor-rimniceanu/profil/spieler/213699","Goalkeeper","25","Romania","FCV Farul","SuperLiga","Romania",0,FALSE,NA,"Summer",NA,NA,NA,NA
"Concordia Chiajna","Liga 2","Romania","2015","Departures","Aleksandar Dyulgerov","https://www.transfermarkt.com/aleksandar-dyulgerov/profil/spieler/143956","Centre-Back","25","Bulgaria","Pirin ","efbet Liga","Bulgaria",0,FALSE,NA,"Summer",NA,NA,NA,NA
"Concordia Chiajna","Liga 2","Romania","2015","Departures","Florin Lovin","https://www.transfermarkt.com/florin-lovin/profil/spieler/26497","Central Midfield","33","Romania","Astra Giurgiu","SuperLiga","Romania",0,FALSE,NA,"Summer",NA,NA,NA,NA
"Concordia Chiajna","Liga 2","Romania","2015","Departures","Vasile Maftei","https://www.transfermarkt.com/vasile-maftei/profil/spieler/34505","Centre-Back","34","Romania","FC Voluntari","SuperLiga","Romania",0,FALSE,NA,"Summer",NA,NA,NA,NA
"Concordia Chiajna","Liga 2","Romania","2015","Departures","Ștefan Grigorie","https://www.transfermarkt.com/stefan-grigorie/profil/spieler/26037","Attacking Midfield","33","Romania","ACSM Poli Iasi","SuperLiga","Romania",0,FALSE,NA,"Summer",NA,NA,NA,NA
"Concordia Chiajna","Liga 2","Romania","2015","Departures","Teodor Meila","https://www.transfermarkt.com/teodor-meila/profil/spieler/200473","Goalkeeper","22","Romania","Chindia","Liga II - Seria II","Romania",0,FALSE,NA,"Summer",NA,NA,NA,NA
"Concordia Chiajna","Liga 2","Romania","2015","Departures","Marian Neagu","https://www.transfermarkt.com/marian-neagu/profil/spieler/200474","Right Midfield","23","Romania","ACS Berceni","Liga 2","Romania",0,FALSE,NA,"Summer",NA,NA,NA,NA
"Concordia Chiajna","Liga 2","Romania","2015","Departures","Florin Ilie","https://www.transfermarkt.com/florin-ilie/profil/spieler/192866","Centre-Back","23","Romania","Minaur","Liga II - Seria II","Romania",0,FALSE,NA,"Summer",NA,NA,NA,NA
"Concordia Chiajna","Liga 2","Romania","2015","Departures","Cristian Raiciu","https://www.transfermarkt.com/cristian-raiciu/profil/spieler/315464","Central Midfield","18","Romania","FC Rapid 1923","Liga 2","Romania",0,FALSE,NA,"Summer",NA,NA,NA,NA
"Concordia Chiajna","Liga 2","Romania","2015","Departures","Hristijan Dragarski","https://www.transfermarkt.com/hristijan-dragarski/profil/spieler/133894","Centre-Back","23","North Macedonia","Radnik","Super liga Srbije","Serbia",NA,FALSE,"?","Summer",NA,NA,NA,NA
"Concordia Chiajna","Liga 2","Romania","2015","Departures","Ibrahim Hazzazi","https://www.transfermarkt.com/ibrahim-hazzazi/profil/spieler/147877","Right-Back","30","Saudi Arabia","Najran SC","Saudi Pro League","Saudi Arabia",NA,FALSE,"?","Summer",NA,NA,NA,NA
"Concordia Chiajna","Liga 2","Romania","2015","Departures","Paulo Monteiro","https://www.transfermarkt.com/paulo-monteiro/profil/spieler/35617","Centre-Back","30","Portugal","União Madeira","Liga Portugal","Portugal",NA,FALSE,"?","Summer",NA,NA,NA,NA
"Concordia Chiajna","Liga 2","Romania","2015","Departures","Neluț Roșu","https://www.transfermarkt.com/nelut-rosu/profil/spieler/241310","Central Midfield","21","Romania","CFR Cluj","SuperLiga","Romania",NA,TRUE,"loan transfer","Summer",15,11,1,484
"Concordia Chiajna","Liga 2","Romania","2015","Departures","Alex Gudea","https://www.transfermarkt.com/alex-gudea/profil/spieler/341119","Goalkeeper","18","Romania","Farul Constanta","Liga 2","Romania",NA,TRUE,"loan transfer","Summer",1,0,0,0
"Concordia Chiajna","Liga 2","Romania","2015","Departures","Andrei Damian","https://www.transfermarkt.com/andrei-damian/profil/spieler/241047","Left-Back","22","Romania","Without Club",NA,NA,NA,FALSE,"-","Summer",NA,NA,NA,NA
"Concordia Chiajna","Liga 2","Romania","2015","Arrivals","Hamza Younes","https://www.transfermarkt.com/hamza-younes/profil/spieler/111995","Centre-Forward","29","Tunisia","Tractor","Persian Gulf Pro League","Iran",0,FALSE,NA,"Winter",0,0,0,0
"Concordia Chiajna","Liga 2","Romania","2015","Arrivals","Cristian Bălgrădean","https://www.transfermarkt.com/cristian-balgradean/profil/spieler/158839","Goalkeeper","27","Romania","CS U Craiova","SuperLiga","Romania",0,FALSE,NA,"Winter",18,18,0,1650
"Concordia Chiajna","Liga 2","Romania","2015","Arrivals","Michael Odibe","https://www.transfermarkt.com/michael-odibe/profil/spieler/140561","Centre-Back","27","Nigeria","Atyrau","Premier Liga","Kazakhstan",0,FALSE,NA,"Winter",16,16,3,1440
"Concordia Chiajna","Liga 2","Romania","2015","Arrivals","Artem Milevskyi","https://www.transfermarkt.com/artem-milevskyi/profil/spieler/9800","Centre-Forward","30","Ukraine","RNK Split","SuperSport HNL","Croatia",0,FALSE,NA,"Winter",15,15,6,1070
"Concordia Chiajna","Liga 2","Romania","2015","Arrivals","Patrice Feussi","https://www.transfermarkt.com/patrice-feussi/profil/spieler/21921","Right-Back","29","Cameroon","FC Dinamo","SuperLiga","Romania",0,FALSE,NA,"Winter",16,15,0,1254
"Concordia Chiajna","Liga 2","Romania","2015","Arrivals","Cristian García","https://www.transfermarkt.com/cristian-garcia/profil/spieler/55180","Centre-Forward","27","Argentina","Colon","Liga Profesional (- 23/24)","Argentina",0,FALSE,NA,"Winter",16,13,0,446
"Concordia Chiajna","Liga 2","Romania","2015","Arrivals","Gabriele Zerbo","https://www.transfermarkt.com/gabriele-zerbo/profil/spieler/168452","Second Striker","21","Italy","Palermo","Serie A","Italy",NA,TRUE,"loan transfer","Winter",10,3,0,63
"Concordia Chiajna","Liga 2","Romania","2015","Arrivals","Ibrahima Niasse","https://www.transfermarkt.com/ibrahima-niasse/profil/spieler/79423","Defensive Midfield","27","Senegal","Without Club",NA,NA,NA,FALSE,"-","Winter",15,15,0,1298
"Concordia Chiajna","Liga 2","Romania","2015","Arrivals","Christian Obodo","https://www.transfermarkt.com/christian-obodo/profil/spieler/6087","Central Midfield","31","Nigeria","Without Club",NA,NA,NA,FALSE,"-","Winter",19,19,5,1710
"Concordia Chiajna","Liga 2","Romania","2015","Arrivals","Cristian Novacek","https://www.transfermarkt.com/cristian-novacek/profil/spieler/421868","Defensive Midfield","19","Romania","Chiajna II",NA,"Romania",NA,FALSE,"-","Winter",5,0,0,0
"Concordia Chiajna","Liga 2","Romania","2015","Arrivals","Neluț Roșu","https://www.transfermarkt.com/nelut-rosu/profil/spieler/241310","Central Midfield","22","Romania","CFR Cluj","SuperLiga","Romania",NA,TRUE,"End of loan Dec 31, 2015","Winter",15,11,1,484
"Concordia Chiajna","Liga 2","Romania","2015","Arrivals","Alex Gudea","https://www.transfermarkt.com/alex-gudea/profil/spieler/341119","Goalkeeper","19","Romania","Farul Constanta","Liga 2","Romania",NA,TRUE,"End of loan Dec 31, 2015","Winter",1,0,0,0
"Concordia Chiajna","Liga 2","Romania","2015","Departures","Cristian Sîrghi","https://www.transfermarkt.com/cristian-sirghi/profil/spieler/48687","Centre-Back","29","Romania","Ermis Aradippou","Cyprus League","Cyprus",0,FALSE,NA,"Winter",19,16,0,1306
"Concordia Chiajna","Liga 2","Romania","2015","Departures","Mihai Dina","https://www.transfermarkt.com/mihai-dina/profil/spieler/47575","Centre-Forward","30","Romania","AEL Limassol","Cyprus League","Cyprus",0,FALSE,NA,"Winter",15,11,0,448
"Concordia Chiajna","Liga 2","Romania","2015","Departures","Marian Marin","https://www.transfermarkt.com/marian-marin/profil/spieler/213655","Centre-Back","28","Romania","FC Brasov","Liga II - Seria II","Romania",0,FALSE,NA,"Winter",8,3,0,213
"Concordia Chiajna","Liga 2","Romania","2015","Departures","Cătălin Țîră","https://www.transfermarkt.com/catalin-tira/profil/spieler/168257","Centre-Forward","21","Romania","FC Rapid 1923","Liga 2","Romania",0,FALSE,NA,"Winter",10,8,0,289
"Concordia Chiajna","Liga 2","Romania","2015","Departures","Hristu Chiacu","https://www.transfermarkt.com/hristu-chiacu/profil/spieler/41623","Right Midfield","29","Romania","CSM Sighet",NA,"Romania",0,FALSE,NA,"Winter",1,0,0,0
"Concordia Chiajna","Liga 2","Romania","2015","Departures","Daniel Lung","https://www.transfermarkt.com/daniel-lung/profil/spieler/64186","Centre-Back","28","Romania","Ac. Clinceni","Liga 2","Romania",0,FALSE,NA,"Winter",1,0,0,0
"Concordia Chiajna","Liga 2","Romania","2015","Departures","Silviu Pană","https://www.transfermarkt.com/silviu-pana/profil/spieler/199686","Central Midfield","24","Romania","FC Brasov","Liga II - Seria II","Romania",NA,TRUE,"loan transfer","Winter",26,13,1,721
"Concordia Chiajna","Liga 2","Romania","2015","Departures","Bruno Madeira","https://www.transfermarkt.com/bruno-madeira/profil/spieler/35859","Defensive Midfield","31","Portugal","FC Brasov","Liga II - Seria II","Romania",NA,TRUE,"loan transfer","Winter",17,14,1,1002
"Concordia Chiajna","Liga 2","Romania","2015","Departures","Alexandru Vagner","https://www.transfermarkt.com/alexandru-vagner/profil/spieler/48755","Right-Back","26","Romania","FC Brasov","Liga II - Seria II","Romania",NA,TRUE,"loan transfer","Winter",9,6,0,390
"Concordia Chiajna","Liga 2","Romania","2015","Departures","Florin Iacob","https://www.transfermarkt.com/florin-iacob/profil/spieler/186028","Goalkeeper","22","Romania","FC Brasov","Liga II - Seria II","Romania",NA,TRUE,"loan transfer","Winter",29,9,0,754
"Concordia Chiajna","Liga 2","Romania","2015","Departures","Andrei Voineag","https://www.transfermarkt.com/andrei-voineag/profil/spieler/227587","Left-Back","22","Romania","U Cluj","Liga II - Seria II","Romania",NA,TRUE,"loan transfer","Winter",4,2,0,180
"Concordia Chiajna","Liga 2","Romania","2015","Departures","Cristian Ciobanu","https://www.transfermarkt.com/cristian-ciobanu/profil/spieler/244002","Right Winger","21","Romania","U Cluj","Liga II - Seria II","Romania",NA,TRUE,"loan transfer","Winter",10,4,0,96
"Concordia Chiajna","Liga 2","Romania","2015","Departures","Lucian Ion","https://www.transfermarkt.com/lucian-ion/profil/spieler/213690","Central Midfield","21","Romania","Without Club",NA,NA,NA,FALSE,"-","Winter",14,5,0,258
"Concordia Chiajna","Liga 2","Romania","2015","Departures","Vasile Curileac","https://www.transfermarkt.com/vasile-curileac/profil/spieler/43296","Goalkeeper","31","Romania","Without Club",NA,NA,NA,FALSE,"-","Winter",NA,NA,NA,NA
"Concordia Chiajna","Liga 2","Romania","2015","Departures","Alin Zaharia","https://www.transfermarkt.com/alin-zaharia/profil/spieler/278768","Centre-Forward","28","Romania","Without Club",NA,NA,NA,FALSE,"-","Winter",1,0,0,0
"Concordia Chiajna","Liga 2","Romania","2015","Departures","Valentin Lazăr","https://www.transfermarkt.com/valentin-lazar/profil/spieler/200621","Left Winger","26","Romania","FC Dinamo","SuperLiga","Romania",NA,TRUE,"End of loan Dec 31, 2015","Winter",17,17,2,1418
"FC Voluntari","Liga 2","Romania","2015","Arrivals","Laurențiu Rus","https://www.transfermarkt.com/laurentiu-rus/profil/spieler/123289","Defensive Midfield","30","Romania","Astra Giurgiu","SuperLiga","Romania",0,FALSE,NA,"Summer",35,35,3,2969
"FC Voluntari","Liga 2","Romania","2015","Arrivals","Nicolae Grigore","https://www.transfermarkt.com/nicolae-grigore/profil/spieler/35437","Central Midfield","31","Romania","FC Dinamo","SuperLiga","Romania",0,FALSE,NA,"Summer",27,15,0,911
"FC Voluntari","Liga 2","Romania","2015","Arrivals","Laurențiu Iorga","https://www.transfermarkt.com/laurentiu-iorga/profil/spieler/59694","Right Winger","27","Romania","Pandurii ","SuperLiga","Romania",0,FALSE,NA,"Summer",25,18,0,932
"FC Voluntari","Liga 2","Romania","2015","Arrivals","Sasa Novakovic","https://www.transfermarkt.com/sasa-novakovic/profil/spieler/147130","Centre-Back","24","Croatia","FC Brasov","Liga II - Seria II","Romania",0,FALSE,NA,"Summer",36,25,1,1865
"FC Voluntari","Liga 2","Romania","2015","Arrivals","Sorin Ispir","https://www.transfermarkt.com/sorin-ispir/profil/spieler/156824","Central Midfield","26","Romania","Ac. Clinceni","Liga 2","Romania",0,FALSE,NA,"Summer",NA,NA,NA,NA
"FC Voluntari","Liga 2","Romania","2015","Arrivals","Sergiu Moga","https://www.transfermarkt.com/sergiu-moga/profil/spieler/117281","Right-Back","23","Romania","FCV Farul","SuperLiga","Romania",0,FALSE,NA,"Summer",NA,NA,NA,NA
"FC Voluntari","Liga 2","Romania","2015","Arrivals","Vasile Maftei","https://www.transfermarkt.com/vasile-maftei/profil/spieler/34505","Centre-Back","34","Romania","Concordia","SuperLiga","Romania",0,FALSE,NA,"Summer",38,32,1,2811
"FC Voluntari","Liga 2","Romania","2015","Arrivals","Hamed Koné","https://www.transfermarkt.com/hamed-kone/profil/spieler/149072","Attacking Midfield","27","Cote d'Ivoire","Ac. Clinceni","Liga 2","Romania",0,FALSE,NA,"Summer",33,31,5,2474
"FC Voluntari","Liga 2","Romania","2015","Arrivals","Radu Zaharia","https://www.transfermarkt.com/radu-zaharia/profil/spieler/81508","Right-Back","26","Romania","Gaz Metan","Liga II - Seria II","Romania",0,FALSE,NA,"Summer",6,5,0,375
"FC Voluntari","Liga 2","Romania","2015","Arrivals","Razvan Petrariu","https://www.transfermarkt.com/razvan-petrariu/profil/spieler/287440","Goalkeeper","20","Romania","Gauss Bacau","Liga 2","Romania",0,FALSE,NA,"Summer",6,0,0,0
"FC Voluntari","Liga 2","Romania","2015","Arrivals","Daniel Pancu","https://www.transfermarkt.com/daniel-pancu/profil/spieler/6888","Centre-Forward","37","Romania","FC Rapid 1923","Liga 2","Romania",0,FALSE,NA,"Summer",29,25,5,1065
"FC Voluntari","Liga 2","Romania","2015","Arrivals","Marius Briceag","https://www.transfermarkt.com/marius-briceag/profil/spieler/209063","Left-Back","23","Romania","CS U Craiova","SuperLiga","Romania",NA,TRUE,"loan transfer","Summer",16,16,0,1440
"FC Voluntari","Liga 2","Romania","2015","Arrivals","Robert Vîlceanu","https://www.transfermarkt.com/robert-vilceanu/profil/spieler/289295","Attacking Midfield","18","Romania","FCSB","SuperLiga","Romania",NA,TRUE,"loan transfer","Summer",17,13,1,710
"FC Voluntari","Liga 2","Romania","2015","Arrivals","Paul Pârvulescu","https://www.transfermarkt.com/paul-parvulescu/profil/spieler/81494","Left-Back","26","Romania","FCSB","SuperLiga","Romania",NA,TRUE,"loan transfer","Summer",15,14,1,1084
"FC Voluntari","Liga 2","Romania","2015","Arrivals","Franck Cedric","https://www.transfermarkt.com/franck-cedric/profil/spieler/286296","Right Winger","20","Cameroon","Roma U20","Primavera C","Italy",NA,TRUE,"loan transfer","Summer",9,4,0,160
"FC Voluntari","Liga 2","Romania","2015","Arrivals","John Goossens","https://www.transfermarkt.com/john-goossens/profil/spieler/35527","Defensive Midfield","27","Netherlands","Without Club",NA,NA,NA,FALSE,"-","Summer",15,15,1,1232
"FC Voluntari","Liga 2","Romania","2015","Arrivals","Elton","https://www.transfermarkt.com/elton/profil/spieler/296748","Centre-Back","26","Brazil","Without Club",NA,NA,NA,FALSE,"-","Summer",3,0,0,0
"FC Voluntari","Liga 2","Romania","2015","Arrivals","Mihai Costea","https://www.transfermarkt.com/mihai-costea/profil/spieler/47572","Centre-Forward","27","Romania","Without Club",NA,NA,NA,FALSE,"-","Summer",9,9,0,633
"FC Voluntari","Liga 2","Romania","2015","Arrivals","Vasile Mihai","https://www.transfermarkt.com/vasile-mihai/profil/spieler/349089","Attacking Midfield","19","Romania","Stefanesti",NA,"Romania",NA,TRUE,"End of loan Jun 30, 2015","Summer",5,2,0,35
"FC Voluntari","Liga 2","Romania","2015","Departures","Costel Roșu","https://www.transfermarkt.com/costel-rosu/profil/spieler/242421","Right Midfield","30","Romania","Dacia U. Braila","Liga 2","Romania",0,FALSE,NA,"Summer",NA,NA,NA,NA
"FC Voluntari","Liga 2","Romania","2015","Departures","Marius Matei","https://www.transfermarkt.com/marius-matei/profil/spieler/54689","Centre-Forward","31","Romania","FC Brasov","Liga II - Seria II","Romania",0,FALSE,NA,"Summer",2,2,0,41
"FC Voluntari","Liga 2","Romania","2015","Departures","Marius Ene","https://www.transfermarkt.com/marius-ene/profil/spieler/64272","Centre-Forward","33","Romania","Chindia","Liga II - Seria II","Romania",0,FALSE,NA,"Summer",NA,NA,NA,NA
"FC Voluntari","Liga 2","Romania","2015","Departures","Andrei Poverlovici","https://www.transfermarkt.com/andrei-poverlovici/profil/spieler/64226","Centre-Back","29","Romania","FC Brasov","Liga II - Seria II","Romania",0,FALSE,NA,"Summer",1,1,0,86
"FC Voluntari","Liga 2","Romania","2015","Departures","Codrut Lirca","https://www.transfermarkt.com/codrut-lirca/profil/spieler/64059","Attacking Midfield","26","Romania","FC Arges",NA,"Romania",0,FALSE,NA,"Summer",NA,NA,NA,NA
"FC Voluntari","Liga 2","Romania","2015","Departures","Cristian Irimia","https://www.transfermarkt.com/cristian-irimia/profil/spieler/26039","Right-Back","33","Romania","Unknown",NA,NA,0,FALSE,NA,"Summer",NA,NA,NA,NA
"FC Voluntari","Liga 2","Romania","2015","Departures","Tiberiu Bălan","https://www.transfermarkt.com/tiberiu-balan/profil/spieler/64101","Attacking Midfield","34","Romania","Without Club",NA,NA,NA,FALSE,"-","Summer",4,2,0,62
"FC Voluntari","Liga 2","Romania","2015","Departures","Elvis Stan","https://www.transfermarkt.com/elvis-stan/profil/spieler/339648","Midfielder","23","Romania","Without Club",NA,NA,NA,FALSE,"-","Summer",NA,NA,NA,NA
"FC Voluntari","Liga 2","Romania","2015","Departures","Adrian Voicu","https://www.transfermarkt.com/adrian-voicu/profil/spieler/343948","Left Winger","22","Romania","FC Voluntari II",NA,"Romania",NA,FALSE,"-","Summer",NA,NA,NA,NA
"FC Voluntari","Liga 2","Romania","2015","Departures","Bogdan Mitache","https://www.transfermarkt.com/bogdan-mitache/profil/spieler/186735","Left-Back","21","Romania","FCV Farul","SuperLiga","Romania",NA,TRUE,"End of loan Jun 30, 2015","Summer",16,8,0,565
"FC Voluntari","Liga 2","Romania","2015","Departures","Sergiu Moga","https://www.transfermarkt.com/sergiu-moga/profil/spieler/117281","Right-Back","23","Romania","FCV Farul","SuperLiga","Romania",NA,TRUE,"End of loan Jun 30, 2015","Summer",NA,NA,NA,NA
"FC Voluntari","Liga 2","Romania","2015","Departures","Bogdan Barbu","https://www.transfermarkt.com/bogdan-barbu/profil/spieler/241548","Attacking Midfield","23","Romania","FC Juniorul",NA,"Romania",NA,TRUE,"End of loan Jun 30, 2015","Summer",NA,NA,NA,NA
"FC Voluntari","Liga 2","Romania","2015","Departures","Vlăduţ Hînţescu","https://www.transfermarkt.com/vladut-hintescu/profil/spieler/317030","Goalkeeper","21","Romania","FCV Farul","SuperLiga","Romania",NA,TRUE,"End of loan Jun 30, 2015","Summer",NA,NA,NA,NA
"FC Voluntari","Liga 2","Romania","2015","Departures","Alin Zaharia","https://www.transfermarkt.com/alin-zaharia/profil/spieler/278768","Centre-Forward","28","Romania","Concordia","SuperLiga","Romania",NA,TRUE,"End of loan Jun 30, 2015","Summer",NA,NA,NA,NA
"FC Voluntari","Liga 2","Romania","2015","Departures","Bogdan Vasile","https://www.transfermarkt.com/bogdan-vasile/profil/spieler/289774","Defensive Midfield","20","Romania","Academia Hagi",NA,"Romania",NA,TRUE,"End of loan Jun 30, 2015","Summer",NA,NA,NA,NA
"FC Voluntari","Liga 2","Romania","2015","Arrivals","Mihai Căpățînă","https://www.transfermarkt.com/mihai-capatina/profil/spieler/292201","Central Midfield","20","Romania","FC Olt Slatina",NA,"Romania",50000,FALSE,NA,"Winter",10,5,0,336
"FC Voluntari","Liga 2","Romania","2015","Arrivals","Vlad Achim","https://www.transfermarkt.com/vlad-achim/profil/spieler/69402","Defensive Midfield","26","Romania","FCV Farul","SuperLiga","Romania",0,FALSE,NA,"Winter",17,16,2,1291
"FC Voluntari","Liga 2","Romania","2015","Arrivals","Venelin Filipov","https://www.transfermarkt.com/venelin-filipov/profil/spieler/179862","Right-Back","25","Bulgaria","Beroe","efbet Liga","Bulgaria",0,FALSE,NA,"Winter",16,16,0,1222
"FC Voluntari","Liga 2","Romania","2015","Arrivals","Mohamadou Sissoko","https://www.transfermarkt.com/mohamadou-sissoko/profil/spieler/16230","Centre-Back","27","France","Giresunspor","1.Lig","Türkiye",0,FALSE,NA,"Winter",0,0,0,0
"FC Voluntari","Liga 2","Romania","2015","Arrivals","Wilfred Moke","https://www.transfermarkt.com/wilfred-moke/profil/spieler/98195","Defensive Midfield","27","DR Congo","FC Rapid 1923","Liga 2","Romania",0,FALSE,NA,"Winter",17,17,0,1530
"FC Voluntari","Liga 2","Romania","2015","Arrivals","Daniel Barna","https://www.transfermarkt.com/daniel-barna/profil/spieler/55275","Left-Back","29","Romania","Farul Constanta","Liga 2","Romania",0,FALSE,NA,"Winter",12,11,0,924
"FC Voluntari","Liga 2","Romania","2015","Arrivals","Jeffrey Monakana","https://www.transfermarkt.com/jeffrey-monakana/profil/spieler/160346","Right Midfield","22","England","Brighton","Championship","England",0,FALSE,NA,"Winter",6,3,0,100
"FC Voluntari","Liga 2","Romania","2015","Arrivals","Jean Sony Alcénat","https://www.transfermarkt.com/jean-sony-alcenat/profil/spieler/64672","Right-Back","30","Haiti","FCSB","SuperLiga","Romania",NA,TRUE,"loan transfer","Winter",5,5,0,359
"FC Voluntari","Liga 2","Romania","2015","Arrivals","Bogdan Țîru","https://www.transfermarkt.com/bogdan-tiru/profil/spieler/186744","Centre-Back","21","Romania","FCV Farul","SuperLiga","Romania",NA,TRUE,"loan transfer","Winter",17,16,1,1440
"FC Voluntari","Liga 2","Romania","2015","Arrivals","Alexandru Tudorie","https://www.transfermarkt.com/alexandru-tudorie/profil/spieler/260139","Centre-Forward","19","Romania","FCSB","SuperLiga","Romania",NA,TRUE,"loan transfer","Winter",16,14,5,500
"FC Voluntari","Liga 2","Romania","2015","Arrivals","Cătălin Ștefănescu","https://www.transfermarkt.com/catalin-stefanescu/profil/spieler/243762","Left Winger","21","Romania","FCSB","SuperLiga","Romania",NA,TRUE,"loan transfer","Winter",6,4,1,142
"FC Voluntari","Liga 2","Romania","2015","Arrivals","Sebastian Chitosca","https://www.transfermarkt.com/sebastian-chitosca/profil/spieler/192864","Left Midfield","23","Romania","FCSB","SuperLiga","Romania",NA,TRUE,"loan transfer","Winter",5,4,0,82
"FC Voluntari","Liga 2","Romania","2015","Arrivals","Rareș Enceanu","https://www.transfermarkt.com/rares-enceanu/profil/spieler/221811","Central Midfield","21","Romania","FCSB","SuperLiga","Romania",NA,TRUE,"loan transfer","Winter",9,9,1,370
"FC Voluntari","Liga 2","Romania","2015","Arrivals","Bogdan Mitache","https://www.transfermarkt.com/bogdan-mitache/profil/spieler/186735","Left-Back","22","Romania","FCV Farul","SuperLiga","Romania",NA,TRUE,"loan transfer","Winter",16,8,0,565
"FC Voluntari","Liga 2","Romania","2015","Arrivals","Igor Lytovka","https://www.transfermarkt.com/igor-lytovka/profil/spieler/93105","Goalkeeper","27","Ukraine","Without Club",NA,NA,NA,FALSE,"-","Winter",5,2,0,180
"FC Voluntari","Liga 2","Romania","2015","Arrivals","Alexandru Ioniță I","https://www.transfermarkt.com/alexandru-ionita-i/profil/spieler/113865","Centre-Forward","26","Romania","Without Club",NA,NA,NA,FALSE,"-","Winter",6,4,0,27
"FC Voluntari","Liga 2","Romania","2015","Arrivals","Nicolae Calancea","https://www.transfermarkt.com/nicolae-calancea/profil/spieler/44264","Goalkeeper","29","Moldova","Without Club",NA,NA,NA,FALSE,"-","Winter",11,7,0,630
"FC Voluntari","Liga 2","Romania","2015","Arrivals","Hrvoje Spahija","https://www.transfermarkt.com/hrvoje-spahija/profil/spieler/80814","Centre-Back","27","Croatia","Without Club",NA,NA,NA,FALSE,"-","Winter",14,14,2,1128
"FC Voluntari","Liga 2","Romania","2015","Arrivals","Mircea Bornescu","https://www.transfermarkt.com/mircea-bornescu/profil/spieler/47569","Goalkeeper","35","Romania","Without Club",NA,NA,NA,FALSE,"-","Winter",16,10,0,855
"FC Voluntari","Liga 2","Romania","2015","Departures","John Goossens","https://www.transfermarkt.com/john-goossens/profil/spieler/35527","Defensive Midfield","27","Netherlands","Chicago","MLS","United States",0,FALSE,NA,"Winter",15,15,1,1232
"FC Voluntari","Liga 2","Romania","2015","Departures","Igor Lytovka","https://www.transfermarkt.com/igor-lytovka/profil/spieler/93105","Goalkeeper","27","Ukraine","Riga","Virsliga","Latvia",0,FALSE,NA,"Winter",5,2,0,180
"FC Voluntari","Liga 2","Romania","2015","Departures","Mihai Costea","https://www.transfermarkt.com/mihai-costea/profil/spieler/47572","Centre-Forward","27","Romania","Kalba FC",NA,"United Arab Emirates",0,FALSE,NA,"Winter",9,9,0,633
"FC Voluntari","Liga 2","Romania","2015","Departures","Elton","https://www.transfermarkt.com/elton/profil/spieler/296748","Centre-Back","26","Brazil","Without Club",NA,NA,NA,FALSE,"-","Winter",3,0,0,0
"FC Voluntari","Liga 2","Romania","2015","Departures","Radu Zaharia","https://www.transfermarkt.com/radu-zaharia/profil/spieler/81508","Right-Back","26","Romania","Without Club",NA,NA,NA,FALSE,"-","Winter",6,5,0,375
"FC Voluntari","Liga 2","Romania","2015","Departures","Paul Botas","https://www.transfermarkt.com/paul-botas/profil/spieler/241549","Goalkeeper","25","Romania","Without Club",NA,NA,NA,FALSE,"-","Winter",15,3,0,225
"FC Voluntari","Liga 2","Romania","2015","Departures","Eugen Craciun","https://www.transfermarkt.com/eugen-craciun/profil/spieler/48666","Right-Back","29","Romania","Without Club",NA,NA,NA,FALSE,"-","Winter",NA,NA,NA,NA
"FC Voluntari","Liga 2","Romania","2015","Departures","Sorin Ispir","https://www.transfermarkt.com/sorin-ispir/profil/spieler/156824","Central Midfield","27","Romania","Without Club",NA,NA,NA,FALSE,"-","Winter",NA,NA,NA,NA
"FC Voluntari","Liga 2","Romania","2015","Departures","Alexandru Ioniță I","https://www.transfermarkt.com/alexandru-ionita-i/profil/spieler/113865","Centre-Forward","26","Romania","Without Club",NA,NA,NA,FALSE,"-","Winter",6,4,0,27
"FC Voluntari","Liga 2","Romania","2015","Departures","Dinu Todoran","https://www.transfermarkt.com/dinu-todoran/profil/spieler/46666","Attacking Midfield","37","Romania",NA,NA,NA,NA,FALSE,"-","Winter",18,17,1,865
"FC Voluntari","Liga 2","Romania","2015","Departures","Florin Maxim","https://www.transfermarkt.com/florin-maxim/profil/spieler/48768","Left-Back","34","Romania",NA,NA,NA,NA,FALSE,"-","Winter",12,3,0,209
"FC Voluntari","Liga 2","Romania","2015","Departures","Paul Pârvulescu","https://www.transfermarkt.com/paul-parvulescu/profil/spieler/81494","Left-Back","27","Romania","FCSB","SuperLiga","Romania",NA,TRUE,"End of loan Dec 31, 2015","Winter",15,14,1,1084
"FC Voluntari","Liga 2","Romania","2015","Departures","Franck Cedric","https://www.transfermarkt.com/franck-cedric/profil/spieler/286296","Right Winger","20","Cameroon","AS Roma","Serie A","Italy",NA,TRUE,"End of loan Jan 26, 2016","Winter",9,4,0,160
"FC Botosani","SuperLiga","Romania","2015","Arrivals","Plamen Iliev","https://www.transfermarkt.com/plamen-iliev/profil/spieler/156566","Goalkeeper","23","Bulgaria","Levski Sofia","efbet Liga","Bulgaria",0,FALSE,NA,"Summer",39,28,0,2476
"FC Botosani","SuperLiga","Romania","2015","Arrivals","Andrei Cordoș","https://www.transfermarkt.com/andrei-cordos/profil/spieler/54729","Centre-Back","27","Romania","Pandurii ","SuperLiga","Romania",0,FALSE,NA,"Summer",17,16,0,1139
"FC Botosani","SuperLiga","Romania","2015","Arrivals","Dan Roman","https://www.transfermarkt.com/dan-roman/profil/spieler/81431","Centre-Forward","29","Romania","Gaz Metan","Liga II - Seria II","Romania",0,FALSE,NA,"Summer",33,27,6,1645
"FC Botosani","SuperLiga","Romania","2015","Arrivals","Scott Robertson","https://www.transfermarkt.com/scott-robertson/profil/spieler/43521","Central Midfield","30","Scotland","Hibernian FC","Championship","Scotland",0,FALSE,NA,"Summer",8,3,0,71
"FC Botosani","SuperLiga","Romania","2015","Arrivals","Radoslav Dimitrov","https://www.transfermarkt.com/radoslav-dimitrov/profil/spieler/134163","Right-Back","26","Bulgaria","Loko Plovdiv","efbet Liga","Bulgaria",0,FALSE,NA,"Summer",40,38,1,2972
"FC Botosani","SuperLiga","Romania","2015","Arrivals","Raul Costin","https://www.transfermarkt.com/raul-costin/profil/spieler/46523","Central Midfield","30","Romania","U Cluj","Liga II - Seria II","Romania",0,FALSE,NA,"Summer",25,18,0,1291
"FC Botosani","SuperLiga","Romania","2015","Arrivals","Stelian Cucu","https://www.transfermarkt.com/stelian-cucu/profil/spieler/64140","Defensive Midfield","25","Romania","Otelul Galati","Liga 2","Romania",0,FALSE,NA,"Summer",42,35,1,2851
"FC Botosani","SuperLiga","Romania","2015","Arrivals","Gonzalo Cabrera","https://www.transfermarkt.com/gonzalo-cabrera/profil/spieler/136867","Left Winger","26","Argentina","Defensa","Liga Profesional (- 23/24)","Argentina",0,FALSE,NA,"Summer",39,39,12,3145
"FC Botosani","SuperLiga","Romania","2015","Arrivals","Sergiu Popovici","https://www.transfermarkt.com/sergiu-popovici/profil/spieler/217750","Left-Back","22","Romania","Ac. Clinceni","Liga 2","Romania",0,FALSE,NA,"Summer",24,17,2,1043
"FC Botosani","SuperLiga","Romania","2015","Arrivals","Andrei Miron","https://www.transfermarkt.com/andrei-miron/profil/spieler/332205","Centre-Back","21","Romania","Otelul Galati","Liga 2","Romania",0,FALSE,NA,"Summer",37,30,0,2399
"FC Botosani","SuperLiga","Romania","2015","Arrivals","Constantin Rosu","https://www.transfermarkt.com/constantin-rosu/profil/spieler/212836","Right Winger","25","Romania","Luceafarul",NA,"Romania",0,FALSE,NA,"Summer",5,3,0,180
"FC Botosani","SuperLiga","Romania","2015","Arrivals","Ciprian Brata","https://www.transfermarkt.com/ciprian-brata/profil/spieler/156616","Left Midfield","24","Romania","Pandurii ","SuperLiga","Romania",0,FALSE,NA,"Summer",23,14,0,681
"FC Botosani","SuperLiga","Romania","2015","Arrivals","Mërgim Neziri","https://www.transfermarkt.com/mergim-neziri/profil/spieler/142422","Centre-Forward","22","Germany","KSV Baunatal","Hessenliga","Germany",0,FALSE,NA,"Summer",15,7,0,239
"FC Botosani","SuperLiga","Romania","2015","Arrivals","Răzvan Pleșca","https://www.transfermarkt.com/razvan-plesca/profil/spieler/25940","Goalkeeper","32","Romania","Gaz Metan","Liga II - Seria II","Romania",NA,TRUE,"loan transfer","Summer",47,20,0,1755
"FC Botosani","SuperLiga","Romania","2015","Arrivals","Raul Avram","https://www.transfermarkt.com/raul-avram/profil/spieler/384076","Goalkeeper","22","Romania","FC Botosani II",NA,"Romania",NA,FALSE,"-","Summer",8,0,0,0
"FC Botosani","SuperLiga","Romania","2015","Arrivals","Florin Plămadă","https://www.transfermarkt.com/florin-plamada/profil/spieler/241574","Centre-Back","23","Romania","ACSM Poli Iasi","SuperLiga","Romania",NA,TRUE,"End of loan Jun 30, 2015","Summer",41,28,0,2135
"FC Botosani","SuperLiga","Romania","2015","Arrivals","Razvan Atudorei","https://www.transfermarkt.com/razvan-atudorei/profil/spieler/210056","Centre-Back","25","Romania","FCM Dorohoi","Liga 2","Romania",NA,TRUE,"End of loan Jun 30, 2015","Summer",NA,NA,NA,NA
"FC Botosani","SuperLiga","Romania","2015","Arrivals","David Stamatin","https://www.transfermarkt.com/david-stamatin/profil/spieler/209149","Goalkeeper","25","Romania","Tarlungeni","Liga II - Seria II","Romania",NA,TRUE,"End of loan Jun 30, 2015","Summer",NA,NA,NA,NA
"FC Botosani","SuperLiga","Romania","2015","Arrivals","Tudorel Tudorache","https://www.transfermarkt.com/tudorel-tudorache/profil/spieler/340076","Centre-Forward","21","Romania","Foresta Suceava","Liga 2","Romania",NA,TRUE,"End of loan Apr 15, 2016","Summer",0,0,0,0
"FC Botosani","SuperLiga","Romania","2015","Arrivals","Claudiu Juncănaru","https://www.transfermarkt.com/claudiu-juncanaru/profil/spieler/319736","Right-Back","19","Romania","FCM Dorohoi","Liga 2","Romania",NA,TRUE,"End of loan Jun 30, 2015","Summer",NA,NA,NA,NA
"FC Botosani","SuperLiga","Romania","2015","Departures","Răzvan Tincu","https://www.transfermarkt.com/razvan-tincu/profil/spieler/48685","Centre-Back","27","Romania","Concordia","SuperLiga","Romania",0,FALSE,NA,"Summer",NA,NA,NA,NA
"FC Botosani","SuperLiga","Romania","2015","Departures","Vasile Curileac","https://www.transfermarkt.com/vasile-curileac/profil/spieler/43296","Goalkeeper","31","Romania","Concordia","SuperLiga","Romania",0,FALSE,NA,"Summer",NA,NA,NA,NA
"FC Botosani","SuperLiga","Romania","2015","Departures","Jérémy Faug-Porret","https://www.transfermarkt.com/jeremy-faug-porret/profil/spieler/201228","Left-Back","28","France","Petrolul","SuperLiga","Romania",0,FALSE,NA,"Summer",NA,NA,NA,NA
"FC Botosani","SuperLiga","Romania","2015","Departures","Sergiu Oltean","https://www.transfermarkt.com/sergiu-oltean/profil/spieler/208678","Centre-Back","27","Romania","Minaur","Liga II - Seria II","Romania",0,FALSE,NA,"Summer",NA,NA,NA,NA
"FC Botosani","SuperLiga","Romania","2015","Departures","Sebastian Ianc","https://www.transfermarkt.com/sebastian-ianc/profil/spieler/165401","Right Midfield","28","Romania","FC Brasov","Liga II - Seria II","Romania",0,FALSE,NA,"Summer",NA,NA,NA,NA
"FC Botosani","SuperLiga","Romania","2015","Departures","Claudiu Codoban","https://www.transfermarkt.com/claudiu-codoban/profil/spieler/64523","Attacking Midfield","27","Romania","FC Brasov","Liga II - Seria II","Romania",0,FALSE,NA,"Summer",NA,NA,NA,NA
"FC Botosani","SuperLiga","Romania","2015","Departures","Marius Croitoru","https://www.transfermarkt.com/marius-croitoru/profil/spieler/46526","Right Winger","34","Romania","ACS Poli","SuperLiga","Romania",0,FALSE,NA,"Summer",8,8,2,493
"FC Botosani","SuperLiga","Romania","2015","Departures","Calin Tiut","https://www.transfermarkt.com/calin-tiut/profil/spieler/161038","Goalkeeper","23","Romania","Metalurg. Cugir",NA,"Romania",0,FALSE,NA,"Summer",NA,NA,NA,NA
"FC Botosani","SuperLiga","Romania","2015","Departures","Cristian Danci","https://www.transfermarkt.com/cristian-danci/profil/spieler/208684","Central Midfield","27","Romania","Soimii Pancota","Liga II - Seria II","Romania",NA,TRUE,"loan transfer","Summer",NA,NA,NA,NA
"FC Botosani","SuperLiga","Romania","2015","Departures","Claudiu Juncănaru","https://www.transfermarkt.com/claudiu-juncanaru/profil/spieler/319736","Right-Back","19","Romania","Bucovina Poj.","Liga 2","Romania",NA,TRUE,"loan transfer","Summer",NA,NA,NA,NA
"FC Botosani","SuperLiga","Romania","2015","Departures","Tudorel Tudorache","https://www.transfermarkt.com/tudorel-tudorache/profil/spieler/340076","Centre-Forward","20","Romania","Miroslava",NA,"Romania",NA,TRUE,"loan transfer","Summer",0,0,0,0
"FC Botosani","SuperLiga","Romania","2015","Departures","Scott Robertson","https://www.transfermarkt.com/scott-robertson/profil/spieler/43521","Central Midfield","30","Scotland","Without Club",NA,NA,NA,FALSE,"-","Summer",8,3,0,71
"FC Botosani","SuperLiga","Romania","2015","Departures","Roussel Ngankam","https://www.transfermarkt.com/roussel-ngankam/profil/spieler/85866","Centre-Forward","21","Germany","Without Club",NA,NA,NA,FALSE,"-","Summer",NA,NA,NA,NA
"FC Botosani","SuperLiga","Romania","2015","Departures","Sergiu Homei","https://www.transfermarkt.com/sergiu-homei/profil/spieler/48140","Right-Back","27","Romania","Without Club",NA,NA,NA,FALSE,"-","Summer",NA,NA,NA,NA
"FC Botosani","SuperLiga","Romania","2015","Departures","Rashid Browne","https://www.transfermarkt.com/rashid-browne/profil/spieler/143157","Left Winger","21","Netherlands","Without Club",NA,NA,NA,FALSE,"-","Summer",7,5,0,314
"FC Botosani","SuperLiga","Romania","2015","Departures","Razvan Atudorei","https://www.transfermarkt.com/razvan-atudorei/profil/spieler/210056","Centre-Back","25","Romania","Without Club",NA,NA,NA,FALSE,"-","Summer",NA,NA,NA,NA
"FC Botosani","SuperLiga","Romania","2015","Departures","David Stamatin","https://www.transfermarkt.com/david-stamatin/profil/spieler/209149","Goalkeeper","25","Romania","Without Club",NA,NA,NA,FALSE,"-","Summer",NA,NA,NA,NA
"FC Botosani","SuperLiga","Romania","2015","Departures","Neluț Roșu","https://www.transfermarkt.com/nelut-rosu/profil/spieler/241310","Central Midfield","21","Romania","Concordia","SuperLiga","Romania",NA,TRUE,"End of loan Jun 30, 2015","Summer",NA,NA,NA,NA
"FC Botosani","SuperLiga","Romania","2015","Departures","David Lazar","https://www.transfermarkt.com/david-lazar/profil/spieler/168278","Goalkeeper","23","Romania","Pandurii ","SuperLiga","Romania",NA,TRUE,"End of loan Jun 30, 2015","Summer",NA,NA,NA,NA
"FC Botosani","SuperLiga","Romania","2015","Arrivals","Cătălin Golofca","https://www.transfermarkt.com/catalin-golofca/profil/spieler/241234","Right Winger","25","Romania","Foresta Suceava","Liga 2","Romania",10000,FALSE,NA,"Winter",NA,NA,NA,NA
"FC Botosani","SuperLiga","Romania","2015","Arrivals","Deivydas Matulevicius","https://www.transfermarkt.com/deivydas-matulevicius/profil/spieler/100482","Centre-Forward","26","Lithuania","Tobol Kostanay","Premier Liga","Kazakhstan",0,FALSE,NA,"Winter",14,13,3,915
"FC Botosani","SuperLiga","Romania","2015","Arrivals","Vlad Bujor","https://www.transfermarkt.com/vlad-bujor/profil/spieler/123230","Second Striker","26","Romania","Ac. Clinceni","Liga 2","Romania",0,FALSE,NA,"Winter",6,5,1,125
"FC Botosani","SuperLiga","Romania","2015","Arrivals","Marius Tomozei","https://www.transfermarkt.com/marius-tomozei/profil/spieler/213243","Right-Back","25","Romania","Rm. Valcea","Liga II - Seria II","Romania",0,FALSE,NA,"Winter",5,2,0,154
"FC Botosani","SuperLiga","Romania","2015","Arrivals","Nicolae Musat","https://www.transfermarkt.com/nicolae-musat/profil/spieler/53196","Left-Back","29","Romania","Ac. Clinceni","Liga 2","Romania",0,FALSE,NA,"Winter",16,14,1,1239
"FC Botosani","SuperLiga","Romania","2015","Arrivals","José Casado","https://www.transfermarkt.com/jose-casado/profil/spieler/256931","Central Midfield","27","Spain","Spartak Trnava","Niké Liga","Slovakia",0,FALSE,NA,"Winter",14,9,0,316
"FC Botosani","SuperLiga","Romania","2015","Arrivals","Alexandru Ichim","https://www.transfermarkt.com/alexandru-ichim/profil/spieler/97525","Centre-Back","26","Romania","Ceahlaul","Liga 2","Romania",0,FALSE,NA,"Winter",9,2,0,180
"FC Botosani","SuperLiga","Romania","2015","Arrivals","Fernando Carralero","https://www.transfermarkt.com/fernando-carralero/profil/spieler/71323","Second Striker","29","Spain","CD Ebro","2ª B - Grupo II","Spain",0,FALSE,NA,"Winter",13,10,0,348
"FC Botosani","SuperLiga","Romania","2015","Arrivals","Flavius Cuedan","https://www.transfermarkt.com/flavius-cuedan/profil/spieler/228062","Left Midfield","23","Romania","UTA Arad","Liga II - Seria II","Romania",NA,TRUE,"loan transfer","Winter",1,1,0,54
"FC Botosani","SuperLiga","Romania","2015","Arrivals","Cristian Danci","https://www.transfermarkt.com/cristian-danci/profil/spieler/208684","Central Midfield","27","Romania","Soimii Pancota","Liga II - Seria II","Romania",NA,TRUE,"End of loan Dec 31, 2015","Winter",NA,NA,NA,NA
"FC Botosani","SuperLiga","Romania","2015","Arrivals","Tudorel Tudorache","https://www.transfermarkt.com/tudorel-tudorache/profil/spieler/340076","Centre-Forward","21","Romania","Miroslava",NA,"Romania",NA,TRUE,"End of loan Jan 19, 2016","Winter",0,0,0,0
"FC Botosani","SuperLiga","Romania","2015","Departures","Quenten Martinus","https://www.transfermarkt.com/quenten-martinus/profil/spieler/81288","Left Winger","25","Curacao","Yokohama F. M.","J1 - 1st Stage","Japan",150000,FALSE,NA,"Winter",30,25,4,1576
"FC Botosani","SuperLiga","Romania","2015","Departures","Florin Acsinte","https://www.transfermarkt.com/florin-acsinte/profil/spieler/64090","Left-Back","28","Romania","Pandurii ","SuperLiga","Romania",20000,FALSE,NA,"Winter",23,18,0,1598
"FC Botosani","SuperLiga","Romania","2015","Departures","Raul Costin","https://www.transfermarkt.com/raul-costin/profil/spieler/46523","Central Midfield","31","Romania","FC Rapid 1923","Liga 2","Romania",0,FALSE,NA,"Winter",25,18,0,1291
"FC Botosani","SuperLiga","Romania","2015","Departures","Cristian Danci","https://www.transfermarkt.com/cristian-danci/profil/spieler/208684","Central Midfield","27","Romania","Gaz Metan","Liga II - Seria II","Romania",0,FALSE,NA,"Winter",NA,NA,NA,NA
"FC Botosani","SuperLiga","Romania","2015","Departures","Ciprian Brata","https://www.transfermarkt.com/ciprian-brata/profil/spieler/156616","Left Midfield","24","Romania","Olimpia SM","Liga II - Seria II","Romania",0,FALSE,NA,"Winter",23,14,0,681
"FC Botosani","SuperLiga","Romania","2015","Departures","Constantin Rosu","https://www.transfermarkt.com/constantin-rosu/profil/spieler/212836","Right Winger","25","Romania","Luceafarul",NA,"Romania",0,FALSE,NA,"Winter",5,3,0,180
"FC Botosani","SuperLiga","Romania","2015","Departures","Cătălin Golofca","https://www.transfermarkt.com/catalin-golofca/profil/spieler/241234","Right Winger","25","Romania","Foresta Suceava","Liga 2","Romania",NA,TRUE,"loan transfer","Winter",NA,NA,NA,NA
"FC Botosani","SuperLiga","Romania","2015","Departures","Armand Svichi","https://www.transfermarkt.com/armand-svichi/profil/spieler/293369","Attacking Midfield","19","Romania","Foresta Suceava","Liga 2","Romania",NA,TRUE,"loan transfer","Winter",NA,NA,NA,NA
"FC Botosani","SuperLiga","Romania","2015","Departures","Tudorel Tudorache","https://www.transfermarkt.com/tudorel-tudorache/profil/spieler/340076","Centre-Forward","21","Romania","Foresta Suceava","Liga 2","Romania",NA,TRUE,"loan transfer","Winter",0,0,0,0
"FC Botosani","SuperLiga","Romania","2015","Departures","Andrei Cordoș","https://www.transfermarkt.com/andrei-cordos/profil/spieler/54729","Centre-Back","27","Romania","Without Club",NA,NA,NA,FALSE,"-","Winter",17,16,0,1139
"FC Botosani","SuperLiga","Romania","2015","Departures","Paul Batin","https://www.transfermarkt.com/paul-batin/profil/spieler/121151","Centre-Forward","28","Romania","Without Club",NA,NA,NA,FALSE,"-","Winter",18,17,1,1074
"FC Botosani","SuperLiga","Romania","2015","Departures","Mërgim Neziri","https://www.transfermarkt.com/mergim-neziri/profil/spieler/142422","Centre-Forward","22","Germany","Without Club",NA,NA,NA,FALSE,"-","Winter",15,7,0,239
"Petrolul Ploiesti","SuperLiga","Romania","2015","Arrivals","Adrian Ropotan","https://www.transfermarkt.com/adrian-ropotan/profil/spieler/44432","Central Midfield","29","Romania","FK Gabala","Premyer Liqa","Azerbaijan",0,FALSE,NA,"Summer",21,21,2,1785
"Petrolul Ploiesti","SuperLiga","Romania","2015","Arrivals","Alexandru Benga","https://www.transfermarkt.com/alexandru-benga/profil/spieler/202800","Centre-Back","26","Romania","FK Gabala","Premyer Liqa","Azerbaijan",0,FALSE,NA,"Summer",38,37,2,3163
"Petrolul Ploiesti","SuperLiga","Romania","2015","Arrivals","Valentin Lemnaru","https://www.transfermarkt.com/valentin-lemnaru/profil/spieler/48690","Centre-Forward","31","Romania","U Cluj","Liga II - Seria II","Romania",0,FALSE,NA,"Summer",18,9,2,325
"Petrolul Ploiesti","SuperLiga","Romania","2015","Arrivals","Dan Bucsa","https://www.transfermarkt.com/dan-bucsa/profil/spieler/213583","Defensive Midfield","27","Romania","ASA Tg. Mures","SuperLiga","Romania",0,FALSE,NA,"Summer",39,38,0,3057
"Petrolul Ploiesti","SuperLiga","Romania","2015","Arrivals","Alexandru Tudose","https://www.transfermarkt.com/alexandru-tudose/profil/spieler/34941","Centre-Back","28","Romania","Goverla","Premier Liga","Ukraine",0,FALSE,NA,"Summer",16,13,0,1170
"Petrolul Ploiesti","SuperLiga","Romania","2015","Arrivals","Dacian Varga","https://www.transfermarkt.com/dacian-varga/profil/spieler/64252","Left Midfield","30","Romania","ASA Tg. Mures","SuperLiga","Romania",0,FALSE,NA,"Summer",21,19,2,1436
"Petrolul Ploiesti","SuperLiga","Romania","2015","Arrivals","Jérémy Faug-Porret","https://www.transfermarkt.com/jeremy-faug-porret/profil/spieler/201228","Left-Back","28","France","FC Botosani","SuperLiga","Romania",0,FALSE,NA,"Summer",22,22,0,1835
"Petrolul Ploiesti","SuperLiga","Romania","2015","Arrivals","Guillaume Rippert","https://www.transfermarkt.com/guillaume-rippert/profil/spieler/26328","Left-Back","30","France","Lausanne-Sport","Challenge League","Switzerland",0,FALSE,NA,"Summer",8,7,0,569
"Petrolul Ploiesti","SuperLiga","Romania","2015","Arrivals","Vlad Rusu","https://www.transfermarkt.com/vlad-rusu/profil/spieler/112944","Centre-Forward","25","Romania","Ac. Clinceni","Liga 2","Romania",0,FALSE,NA,"Summer",17,6,1,148
"Petrolul Ploiesti","SuperLiga","Romania","2015","Arrivals","Abdellah Zoubir","https://www.transfermarkt.com/abdellah-zoubir/profil/spieler/256973","Left Winger","23","France","Istres FC",NA,"France",0,FALSE,NA,"Summer",41,41,5,3397
"Petrolul Ploiesti","SuperLiga","Romania","2015","Arrivals","Sofiane Moussa","https://www.transfermarkt.com/sofiane-moussa/profil/spieler/159553","Centre-Forward","27","Tunisia","ES Sahel","Ligue I Pro","Tunisia",0,FALSE,NA,"Summer",19,19,3,1477
"Petrolul Ploiesti","SuperLiga","Romania","2015","Arrivals","Petrișor Voinea","https://www.transfermarkt.com/petrisor-voinea/profil/spieler/339609","Centre-Forward","25","Romania","Orion","Hong Kong Premier League","Hongkong",0,FALSE,NA,"Summer",6,3,0,84
"Petrolul Ploiesti","SuperLiga","Romania","2015","Arrivals","Sanaa Altama","https://www.transfermarkt.com/sanaa-altama/profil/spieler/126663","Defensive Midfield","24","Chad","Otelul Galati","Liga 2","Romania",0,FALSE,NA,"Summer",7,3,0,110
"Petrolul Ploiesti","SuperLiga","Romania","2015","Arrivals","Nicolas Farina","https://www.transfermarkt.com/nicolas-farina/profil/spieler/39921","Right Winger","28","France","RFCU Luxembourg","BGL Ligue","Luxembourg",0,FALSE,NA,"Summer",11,8,0,559
"Petrolul Ploiesti","SuperLiga","Romania","2015","Arrivals","Kadar Hassan","https://www.transfermarkt.com/kadar-hassan/profil/spieler/88841","Central Midfield","28","Djibouti","SAS Epinal","Championnat National","France",0,FALSE,NA,"Summer",4,1,0,18
"Petrolul Ploiesti","SuperLiga","Romania","2015","Arrivals","Mirel Bolboașă","https://www.transfermarkt.com/mirel-bolboasa/profil/spieler/64114","Goalkeeper","25","Romania","FCV Farul","SuperLiga","Romania",0,FALSE,NA,"Summer",5,0,0,0
"Petrolul Ploiesti","SuperLiga","Romania","2015","Arrivals","Nicolae Milinceanu","https://www.transfermarkt.com/nicolae-milinceanu/profil/spieler/256669","Centre-Forward","22","Moldova","Ac. Chisinau","Divizia Nationala (-2017)","Moldova",0,FALSE,NA,"Summer",15,7,1,112
"Petrolul Ploiesti","SuperLiga","Romania","2015","Arrivals","Alexis Moreira","https://www.transfermarkt.com/alexis-moreira/profil/spieler/157504","Centre-Forward","20","Portugal","Brest B",NA,"France",0,FALSE,NA,"Summer",NA,NA,NA,NA
"Petrolul Ploiesti","SuperLiga","Romania","2015","Arrivals","Cheick Alan Diarra","https://www.transfermarkt.com/cheick-alan-diarra/profil/spieler/394531","Attacking Midfield","22","France","Dijon FCO B",NA,"France",0,FALSE,NA,"Summer",0,0,0,0
"Petrolul Ploiesti","SuperLiga","Romania","2015","Arrivals","Fernando Velasco","https://www.transfermarkt.com/fernando-velasco/profil/spieler/71373","Right Winger","30","Spain","Without Club",NA,NA,NA,FALSE,"-","Summer",10,6,2,347
"Petrolul Ploiesti","SuperLiga","Romania","2015","Arrivals","Viktor Genev","https://www.transfermarkt.com/viktor-genev/profil/spieler/73720","Centre-Back","26","Bulgaria","Without Club",NA,NA,NA,FALSE,"-","Summer",17,14,0,1216
"Petrolul Ploiesti","SuperLiga","Romania","2015","Arrivals","Marian Petre","https://www.transfermarkt.com/marian-petre/profil/spieler/309002","Second Striker","20","Romania","Without Club",NA,NA,NA,FALSE,"-","Summer",1,0,0,0
"Petrolul Ploiesti","SuperLiga","Romania","2015","Arrivals","Romário Pires","https://www.transfermarkt.com/romario-pires/profil/spieler/148601","Central Midfield","26","Brazil","Maccabi Netanya","Ligat ha'Al","Israel",NA,TRUE,"End of loan Jun 30, 2015","Summer",NA,NA,NA,NA
"Petrolul Ploiesti","SuperLiga","Romania","2015","Departures","Jean Sony Alcénat","https://www.transfermarkt.com/jean-sony-alcenat/profil/spieler/64672","Right-Back","29","Haiti","FCSB","SuperLiga","Romania",0,FALSE,NA,"Summer",NA,NA,NA,NA
"Petrolul Ploiesti","SuperLiga","Romania","2015","Departures","Pablo de Lucas","https://www.transfermarkt.com/pablo-de-lucas/profil/spieler/57851","Defensive Midfield","28","Spain","B. Jerusalem","Ligat ha'Al","Israel",0,FALSE,NA,"Summer",NA,NA,NA,NA
"Petrolul Ploiesti","SuperLiga","Romania","2015","Departures","Victoraș Astafei","https://www.transfermarkt.com/victoras-astafei/profil/spieler/119671","Left Winger","27","Romania","Adana Demirspor","1.Lig","Türkiye",0,FALSE,NA,"Summer",11,11,4,954
"Petrolul Ploiesti","SuperLiga","Romania","2015","Departures","Mourad Satli","https://www.transfermarkt.com/mourad-satli/profil/spieler/123921","Centre-Back","25","Algeria","KV Mechelen","Jupiler Pro League","Belgium",0,FALSE,NA,"Summer",NA,NA,NA,NA
"Petrolul Ploiesti","SuperLiga","Romania","2015","Departures","Jean-Alain Fanchone","https://www.transfermarkt.com/jean-alain-fanchone/profil/spieler/81192","Left-Back","26","France","Stade Brestois","Ligue 2","France",0,FALSE,NA,"Summer",NA,NA,NA,NA
"Petrolul Ploiesti","SuperLiga","Romania","2015","Departures","Ioan Filip","https://www.transfermarkt.com/ioan-filip/profil/spieler/169272","Defensive Midfield","26","Romania","FCV Farul","SuperLiga","Romania",0,FALSE,NA,"Summer",NA,NA,NA,NA
"Petrolul Ploiesti","SuperLiga","Romania","2015","Departures","Romário Pires","https://www.transfermarkt.com/romario-pires/profil/spieler/148601","Central Midfield","26","Brazil","Maccabi Netanya","Ligat ha'Al","Israel",0,FALSE,NA,"Summer",NA,NA,NA,NA
"Petrolul Ploiesti","SuperLiga","Romania","2015","Departures","Rok Kronaveter","https://www.transfermarkt.com/rok-kronaveter/profil/spieler/50293","Attacking Midfield","28","Slovenia","NK Olimpija","Prva Liga","Slovenia",0,FALSE,NA,"Summer",NA,NA,NA,NA
"Petrolul Ploiesti","SuperLiga","Romania","2015","Departures","Filipe Teixeira","https://www.transfermarkt.com/filipe-teixeira/profil/spieler/5568","Right Winger","34","Portugal","Astra Giurgiu","SuperLiga","Romania",0,FALSE,NA,"Summer",NA,NA,NA,NA
"Petrolul Ploiesti","SuperLiga","Romania","2015","Departures","Rodrigo Pastorini","https://www.transfermarkt.com/rodrigo-pastorini/profil/spieler/90683","Centre-Forward","25","Uruguay","Murciélagos","Liga Expansión MX Cl.","Mexico",0,FALSE,NA,"Summer",NA,NA,NA,NA
"Petrolul Ploiesti","SuperLiga","Romania","2015","Departures","Patrick N'Koyi","https://www.transfermarkt.com/patrick-nkoyi/profil/spieler/82277","Centre-Forward","25","Netherlands","FC Rapid 1923","Liga 2","Romania",0,FALSE,NA,"Summer",NA,NA,NA,NA
"Petrolul Ploiesti","SuperLiga","Romania","2015","Departures","Geraldo","https://www.transfermarkt.com/geraldo/profil/spieler/14300","Centre-Back","34","Portugal","Astra Giurgiu","SuperLiga","Romania",0,FALSE,NA,"Summer",NA,NA,NA,NA
"Petrolul Ploiesti","SuperLiga","Romania","2015","Departures","Alexandru Coman","https://www.transfermarkt.com/alexandru-coman/profil/spieler/143229","Centre-Back","23","Romania","Ethnikos","Cyprus League","Cyprus",0,FALSE,NA,"Summer",NA,NA,NA,NA
"Petrolul Ploiesti","SuperLiga","Romania","2015","Departures","Ciprian Vasilache","https://www.transfermarkt.com/ciprian-vasilache/profil/spieler/34514","Attacking Midfield","31","Romania","Zaria Balti","Divizia Nationala (-2017)","Moldova",0,FALSE,NA,"Summer",NA,NA,NA,NA
"Petrolul Ploiesti","SuperLiga","Romania","2015","Departures","Marian Marin","https://www.transfermarkt.com/marian-marin/profil/spieler/213655","Centre-Back","27","Romania","Concordia","SuperLiga","Romania",0,FALSE,NA,"Summer",NA,NA,NA,NA
"Petrolul Ploiesti","SuperLiga","Romania","2015","Departures","George Mares","https://www.transfermarkt.com/george-mares/profil/spieler/222297","Centre-Forward","19","Romania","FC Brasov","Liga II - Seria II","Romania",NA,TRUE,"loan transfer","Summer",14,12,0,542
"Petrolul Ploiesti","SuperLiga","Romania","2015","Departures","Cheick Alan Diarra","https://www.transfermarkt.com/cheick-alan-diarra/profil/spieler/394531","Attacking Midfield","22","France","Otelul Galati","Liga 2","Romania",NA,TRUE,"loan transfer","Summer",0,0,0,0
"Petrolul Ploiesti","SuperLiga","Romania","2015","Departures","Mémé Tchité","https://www.transfermarkt.com/meme-tchite/profil/spieler/18949","Centre-Forward","31","Burundi","Without Club",NA,NA,NA,FALSE,"-","Summer",NA,NA,NA,NA
"Petrolul Ploiesti","SuperLiga","Romania","2015","Departures","Kristijan Ipsa","https://www.transfermarkt.com/kristijan-ipsa/profil/spieler/27862","Centre-Back","29","Croatia","Without Club",NA,NA,NA,FALSE,"-","Summer",NA,NA,NA,NA
"Petrolul Ploiesti","SuperLiga","Romania","2015","Departures","Guillaume Rippert","https://www.transfermarkt.com/guillaume-rippert/profil/spieler/26328","Left-Back","30","France","Without Club",NA,NA,NA,FALSE,"-","Summer",8,7,0,569
"Petrolul Ploiesti","SuperLiga","Romania","2015","Departures","Sanaa Altama","https://www.transfermarkt.com/sanaa-altama/profil/spieler/126663","Defensive Midfield","25","Chad","Without Club",NA,NA,NA,FALSE,"-","Summer",7,3,0,110
"Petrolul Ploiesti","SuperLiga","Romania","2015","Departures","Sebastián Gallegos","https://www.transfermarkt.com/sebastian-gallegos/profil/spieler/120551","Central Midfield","23","Uruguay","Without Club",NA,NA,NA,FALSE,"-","Summer",NA,NA,NA,NA
"Petrolul Ploiesti","SuperLiga","Romania","2015","Departures","Petrișor Voinea","https://www.transfermarkt.com/petrisor-voinea/profil/spieler/339609","Centre-Forward","25","Romania","Without Club",NA,NA,NA,FALSE,"-","Summer",6,3,0,84
"Petrolul Ploiesti","SuperLiga","Romania","2015","Departures","Kadar Hassan","https://www.transfermarkt.com/kadar-hassan/profil/spieler/88841","Central Midfield","28","Djibouti","Without Club",NA,NA,NA,FALSE,"-","Summer",4,1,0,18
"Petrolul Ploiesti","SuperLiga","Romania","2015","Departures","Marian Petre","https://www.transfermarkt.com/marian-petre/profil/spieler/309002","Second Striker","21","Romania",NA,NA,NA,NA,FALSE,"-","Summer",1,0,0,0
"Petrolul Ploiesti","SuperLiga","Romania","2015","Departures","Mirel Bolboașă","https://www.transfermarkt.com/mirel-bolboasa/profil/spieler/64114","Goalkeeper","25","Romania","FCV Farul","SuperLiga","Romania",NA,TRUE,"End of loan Jun 30, 2015","Summer",5,0,0,0
"Petrolul Ploiesti","SuperLiga","Romania","2015","Arrivals","Victoraș Astafei","https://www.transfermarkt.com/victoras-astafei/profil/spieler/119671","Left Winger","28","Romania","Adana Demirspor","1.Lig","Türkiye",0,FALSE,NA,"Winter",11,11,4,954
"Petrolul Ploiesti","SuperLiga","Romania","2015","Arrivals","Janko Pacar","https://www.transfermarkt.com/janko-pacar/profil/spieler/65430","Centre-Forward","25","Switzerland","Servette FC","Promotion League","Switzerland",0,FALSE,NA,"Winter",17,14,1,806
"Petrolul Ploiesti","SuperLiga","Romania","2015","Arrivals","Constantin Miselaricu","https://www.transfermarkt.com/constantin-miselaricu/profil/spieler/175985","Centre-Back","26","Romania","FCV Farul","SuperLiga","Romania",0,FALSE,NA,"Winter",16,15,0,1350
"Petrolul Ploiesti","SuperLiga","Romania","2015","Arrivals","Alexandru David","https://www.transfermarkt.com/alexandru-david/profil/spieler/212904","Right-Back","24","Romania","FC Brasov","Liga II - Seria II","Romania",0,FALSE,NA,"Winter",13,10,0,793
"Petrolul Ploiesti","SuperLiga","Romania","2015","Arrivals","Daniel Stana","https://www.transfermarkt.com/daniel-stana/profil/spieler/200476","Attacking Midfield","33","Romania","Ceahlaul","Liga 2","Romania",0,FALSE,NA,"Winter",9,8,0,661
"Petrolul Ploiesti","SuperLiga","Romania","2015","Arrivals","Markos Michail","https://www.transfermarkt.com/markos-michail/profil/spieler/128245","Centre-Forward","24","Cyprus","Nea Salamis","Cyprus League","Cyprus",0,FALSE,NA,"Winter",17,11,0,274
"Petrolul Ploiesti","SuperLiga","Romania","2015","Arrivals","Bogdan Gavrilă","https://www.transfermarkt.com/bogdan-gavrila/profil/spieler/212752","Right Winger","23","Romania","FC Dinamo","SuperLiga","Romania",NA,TRUE,"loan transfer","Winter",13,13,1,917
"Petrolul Ploiesti","SuperLiga","Romania","2015","Arrivals","Iustin Popescu","https://www.transfermarkt.com/iustin-popescu/profil/spieler/289186","Goalkeeper","22","Romania","FC Dinamo","SuperLiga","Romania",NA,TRUE,"loan transfer","Winter",17,2,0,180
"Petrolul Ploiesti","SuperLiga","Romania","2015","Arrivals","Karim Ziani","https://www.transfermarkt.com/karim-ziani/profil/spieler/25976","Attacking Midfield","33","Algeria","Without Club",NA,NA,NA,FALSE,"-","Winter",15,14,0,1058
"Petrolul Ploiesti","SuperLiga","Romania","2015","Arrivals","Ludovic Guerriero","https://www.transfermarkt.com/ludovic-guerriero/profil/spieler/28332","Defensive Midfield","30","France","Without Club",NA,NA,NA,FALSE,"-","Winter",14,12,0,626
"Petrolul Ploiesti","SuperLiga","Romania","2015","Arrivals","Benoît Lesoimier","https://www.transfermarkt.com/benoit-lesoimier/profil/spieler/22636","Left Winger","32","France","Without Club",NA,NA,NA,FALSE,"-","Winter",0,0,0,0
"Petrolul Ploiesti","SuperLiga","Romania","2015","Arrivals","Fabrice Begeorgi","https://www.transfermarkt.com/fabrice-begeorgi/profil/spieler/36911","Left-Back","28","France","Without Club",NA,NA,NA,FALSE,"-","Winter",13,11,1,862
"Petrolul Ploiesti","SuperLiga","Romania","2015","Arrivals","Romain Inez","https://www.transfermarkt.com/romain-inez/profil/spieler/109599","Centre-Back","27","France","Without Club",NA,NA,NA,FALSE,"-","Winter",9,4,0,226
"Petrolul Ploiesti","SuperLiga","Romania","2015","Arrivals","Giuseppe Prestia","https://www.transfermarkt.com/giuseppe-prestia/profil/spieler/163187","Centre-Back","22","Italy","Without Club",NA,NA,NA,FALSE,"-","Winter",5,5,0,450
"Petrolul Ploiesti","SuperLiga","Romania","2015","Arrivals","Cristian Pulhac","https://www.transfermarkt.com/cristian-pulhac/profil/spieler/34781","Left-Back","31","Romania","Without Club",NA,NA,NA,FALSE,"-","Winter",12,7,0,431
"Petrolul Ploiesti","SuperLiga","Romania","2015","Arrivals","Michele Paolucci","https://www.transfermarkt.com/michele-paolucci/profil/spieler/41311","Centre-Forward","29","Italy","Without Club",NA,NA,NA,FALSE,"-","Winter",17,12,1,688
"Petrolul Ploiesti","SuperLiga","Romania","2015","Arrivals","George Mares","https://www.transfermarkt.com/george-mares/profil/spieler/222297","Centre-Forward","19","Romania","FC Brasov","Liga II - Seria II","Romania",NA,TRUE,"End of loan Dec 31, 2015","Winter",14,12,0,542
"Petrolul Ploiesti","SuperLiga","Romania","2015","Arrivals","Cheick Alan Diarra","https://www.transfermarkt.com/cheick-alan-diarra/profil/spieler/394531","Attacking Midfield","22","France","Otelul Galati","Liga 2","Romania",NA,TRUE,"End of loan Jan 31, 2016","Winter",0,0,0,0
"Petrolul Ploiesti","SuperLiga","Romania","2015","Departures","Peçanha","https://www.transfermarkt.com/pecanha/profil/spieler/33735","Goalkeeper","35","Brazil","FCV Farul","SuperLiga","Romania",10000,FALSE,NA,"Winter",24,23,0,2070
"Petrolul Ploiesti","SuperLiga","Romania","2015","Departures","Adrian Ropotan","https://www.transfermarkt.com/adrian-ropotan/profil/spieler/44432","Central Midfield","29","Romania","Pandurii ","SuperLiga","Romania",0,FALSE,NA,"Winter",21,21,2,1785
"Petrolul Ploiesti","SuperLiga","Romania","2015","Departures","Gevaro Nepomuceno","https://www.transfermarkt.com/gevaro-nepomuceno/profil/spieler/139198","Left Winger","23","Curacao","Marítimo","Liga Portugal","Portugal",0,FALSE,NA,"Winter",24,23,0,1423
"Petrolul Ploiesti","SuperLiga","Romania","2015","Departures","Jérémy Faug-Porret","https://www.transfermarkt.com/jeremy-faug-porret/profil/spieler/201228","Left-Back","29","France","Servette FC","Promotion League","Switzerland",0,FALSE,NA,"Winter",22,22,0,1835
"Petrolul Ploiesti","SuperLiga","Romania","2015","Departures","Sofiane Moussa","https://www.transfermarkt.com/sofiane-moussa/profil/spieler/159553","Centre-Forward","27","Tunisia","Tromsø","Eliteserien","Norway",0,FALSE,NA,"Winter",19,19,3,1477
"Petrolul Ploiesti","SuperLiga","Romania","2015","Departures","Valentin Lemnaru","https://www.transfermarkt.com/valentin-lemnaru/profil/spieler/48690","Centre-Forward","31","Romania","East Riffa",NA,"Bahrain",0,FALSE,NA,"Winter",18,9,2,325
"Petrolul Ploiesti","SuperLiga","Romania","2015","Departures","Viktor Genev","https://www.transfermarkt.com/viktor-genev/profil/spieler/73720","Centre-Back","27","Bulgaria","Dinamo Minsk","Vysheyshaya Liga","Belarus",0,FALSE,NA,"Winter",17,14,0,1216
"Petrolul Ploiesti","SuperLiga","Romania","2015","Departures","Fernando Velasco","https://www.transfermarkt.com/fernando-velasco/profil/spieler/71373","Right Winger","31","Spain","CF Fuenlabrada","2ª B - Grupo II","Spain",0,FALSE,NA,"Winter",10,6,2,347
"Petrolul Ploiesti","SuperLiga","Romania","2015","Departures","Vlad Rusu","https://www.transfermarkt.com/vlad-rusu/profil/spieler/112944","Centre-Forward","25","Romania","FCV Farul","SuperLiga","Romania",0,FALSE,NA,"Winter",17,6,1,148
"Petrolul Ploiesti","SuperLiga","Romania","2015","Departures","Nicolas Farina","https://www.transfermarkt.com/nicolas-farina/profil/spieler/39921","Right Winger","29","France","SO Cholet","National 2 - Grp. D","France",0,FALSE,NA,"Winter",11,8,0,559
"Petrolul Ploiesti","SuperLiga","Romania","2015","Departures","Nicolae Milinceanu","https://www.transfermarkt.com/nicolae-milinceanu/profil/spieler/256669","Centre-Forward","23","Moldova","CSF Speranta","Divizia Nationala (-2017)","Moldova",0,FALSE,NA,"Winter",15,7,1,112
"Petrolul Ploiesti","SuperLiga","Romania","2015","Departures","Alexis Moreira","https://www.transfermarkt.com/alexis-moreira/profil/spieler/157504","Centre-Forward","21","Portugal","Le Pontet","National 2 - Grp. C","France",0,FALSE,NA,"Winter",NA,NA,NA,NA
"Petrolul Ploiesti","SuperLiga","Romania","2015","Departures","Mirel Bolboașă","https://www.transfermarkt.com/mirel-bolboasa/profil/spieler/64114","Goalkeeper","26","Romania","U Cluj","Liga II - Seria II","Romania",NA,TRUE,"loan transfer","Winter",5,0,0,0
"Petrolul Ploiesti","SuperLiga","Romania","2015","Departures","Toto Tamuz","https://www.transfermarkt.com/toto-tamuz/profil/spieler/43989","Centre-Forward","27","Israel","Without Club",NA,NA,NA,FALSE,"-","Winter",17,16,2,672
"Petrolul Ploiesti","SuperLiga","Romania","2015","Departures","Alexandru Tudose","https://www.transfermarkt.com/alexandru-tudose/profil/spieler/34941","Centre-Back","28","Romania","Without Club",NA,NA,NA,FALSE,"-","Winter",16,13,0,1170
"Petrolul Ploiesti","SuperLiga","Romania","2015","Departures","Alexandru Chirita","https://www.transfermarkt.com/alexandru-chirita/profil/spieler/315446","Attacking Midfield","19","Romania","Without Club",NA,NA,NA,FALSE,"-","Winter",21,8,0,239
"ACS Poli Timisoara (2012 - 2021)",NA,NA,"2015","Arrivals","Srdjan Luchin","https://www.transfermarkt.com/srdjan-luchin/profil/spieler/58720","Centre-Back","29","Romania","FCSB","SuperLiga","Romania",0,FALSE,NA,"Summer",20,20,3,1698
"ACS Poli Timisoara (2012 - 2021)",NA,NA,"2015","Arrivals","Ianis Zicu","https://www.transfermarkt.com/ianis-zicu/profil/spieler/16909","Attacking Midfield","31","Romania","ASA Tg. Mures","SuperLiga","Romania",0,FALSE,NA,"Summer",30,28,4,1473
"ACS Poli Timisoara (2012 - 2021)",NA,NA,"2015","Arrivals","Georgi Sarmov","https://www.transfermarkt.com/georgi-sarmov/profil/spieler/44759","Defensive Midfield","29","Bulgaria","Levski Sofia","efbet Liga","Bulgaria",0,FALSE,NA,"Summer",19,18,0,1044
"ACS Poli Timisoara (2012 - 2021)",NA,NA,"2015","Arrivals","Alexandru Curtean","https://www.transfermarkt.com/alexandru-curtean/profil/spieler/81477","Left Winger","28","Romania","Gaz Metan","Liga II - Seria II","Romania",0,FALSE,NA,"Summer",25,20,2,1425
"ACS Poli Timisoara (2012 - 2021)",NA,NA,"2015","Arrivals","Dorin Goga","https://www.transfermarkt.com/dorin-goga/profil/spieler/54735","Centre-Forward","31","Romania","ASA Tg. Mures","SuperLiga","Romania",0,FALSE,NA,"Summer",27,25,7,1813
"ACS Poli Timisoara (2012 - 2021)",NA,NA,"2015","Arrivals","Daniel Popescu","https://www.transfermarkt.com/daniel-popescu/profil/spieler/64224","Left-Back","27","Romania","Otelul Galati","Liga 2","Romania",0,FALSE,NA,"Summer",41,41,2,3584
"ACS Poli Timisoara (2012 - 2021)",NA,NA,"2015","Arrivals","Răzvan Trandu","https://www.transfermarkt.com/razvan-trandu/profil/spieler/241319","Central Midfield","25","Romania","FC Rapid 1923","Liga 2","Romania",0,FALSE,NA,"Summer",0,0,0,0
"ACS Poli Timisoara (2012 - 2021)",NA,NA,"2015","Arrivals","Sascha Kirschstein","https://www.transfermarkt.com/sascha-kirschstein/profil/spieler/1618","Goalkeeper","35","Germany","Erzgebirge Aue","3. Liga","Germany",0,FALSE,NA,"Summer",25,23,0,2100
"ACS Poli Timisoara (2012 - 2021)",NA,NA,"2015","Arrivals","Marius Croitoru","https://www.transfermarkt.com/marius-croitoru/profil/spieler/46526","Right Winger","34","Romania","FC Botosani","SuperLiga","Romania",0,FALSE,NA,"Summer",23,16,0,967
"ACS Poli Timisoara (2012 - 2021)",NA,NA,"2015","Arrivals","Javi Hernández","https://www.transfermarkt.com/javi-hernandez/profil/spieler/62917","Attacking Midfield","26","Spain","Burgos CF","2ª B - Grupo I","Spain",0,FALSE,NA,"Summer",40,38,6,2736
"ACS Poli Timisoara (2012 - 2021)",NA,NA,"2015","Arrivals","Fernando Llorente","https://www.transfermarkt.com/fernando-llorente/profil/spieler/126365","Attacking Midfield","24","Spain","Burgos CF","2ª B - Grupo I","Spain",0,FALSE,NA,"Summer",38,36,2,3194
"ACS Poli Timisoara (2012 - 2021)",NA,NA,"2015","Arrivals","Rufino Segovia","https://www.transfermarkt.com/rufino-segovia/profil/spieler/39676","Centre-Forward","30","Spain","CD Toledo","2ª B - Grupo II","Spain",0,FALSE,NA,"Summer",23,19,2,767
"ACS Poli Timisoara (2012 - 2021)",NA,NA,"2015","Arrivals","David Pop","https://www.transfermarkt.com/david-pop/profil/spieler/621678","Defensive Midfield","15","Romania","Unknown",NA,NA,0,FALSE,NA,"Summer",NA,NA,NA,NA
"ACS Poli Timisoara (2012 - 2021)",NA,NA,"2015","Arrivals","Ricardo Radina","https://www.transfermarkt.com/ricardo-radina/profil/spieler/279468","Centre-Back","19","Croatia","Without Club",NA,NA,NA,FALSE,"-","Summer",0,0,0,0
"ACS Poli Timisoara (2012 - 2021)",NA,NA,"2015","Arrivals","Deian Sorescu","https://www.transfermarkt.com/deian-sorescu/profil/spieler/379209","Right Winger","17","Romania","ACS Poli II",NA,"Romania",NA,FALSE,"-","Summer",10,3,0,102
"ACS Poli Timisoara (2012 - 2021)",NA,NA,"2015","Arrivals","Andrei Artean","https://www.transfermarkt.com/andrei-artean/profil/spieler/241254","Defensive Midfield","21","Romania","FC Caransebes","Liga II - Seria II","Romania",NA,TRUE,"End of loan Jun 30, 2015","Summer",21,12,0,604
"ACS Poli Timisoara (2012 - 2021)",NA,NA,"2015","Arrivals","Silviu Balaure","https://www.transfermarkt.com/silviu-balaure/profil/spieler/296585","Right Midfield","19","Romania","Nova Mama Mia",NA,"Romania",NA,TRUE,"End of loan Jun 30, 2015","Summer",NA,NA,NA,NA
"ACS Poli Timisoara (2012 - 2021)",NA,NA,"2015","Departures","Vlad Dragomir","https://www.transfermarkt.com/vlad-dragomir/profil/spieler/319213","Central Midfield","16","Romania","Arsenal U18",NA,"England",115000,FALSE,NA,"Summer",NA,NA,NA,NA
"ACS Poli Timisoara (2012 - 2021)",NA,NA,"2015","Departures","Pedro Henrique","https://www.transfermarkt.com/pedro-henrique/profil/spieler/160681","Centre-Forward","24","Brazil","Galícia-BA",NA,"Brazil",0,FALSE,NA,"Summer",4,1,0,10
"ACS Poli Timisoara (2012 - 2021)",NA,NA,"2015","Departures","Răzvan Trandu","https://www.transfermarkt.com/razvan-trandu/profil/spieler/241319","Central Midfield","24","Romania","FC Rapid 1923","Liga 2","Romania",0,FALSE,NA,"Summer",0,0,0,0
"ACS Poli Timisoara (2012 - 2021)",NA,NA,"2015","Departures","Florin Nanu","https://www.transfermarkt.com/florin-nanu/profil/spieler/243282","Left Midfield","31","Romania","Ripensia",NA,"Romania",0,FALSE,NA,"Summer",NA,NA,NA,NA
"ACS Poli Timisoara (2012 - 2021)",NA,NA,"2015","Departures","Silviu Balaure","https://www.transfermarkt.com/silviu-balaure/profil/spieler/296585","Right Midfield","19","Romania","Minaur","Liga II - Seria II","Romania",0,FALSE,NA,"Summer",NA,NA,NA,NA
"ACS Poli Timisoara (2012 - 2021)",NA,NA,"2015","Departures","Darius Haidau","https://www.transfermarkt.com/darius-haidau/profil/spieler/379208","Goalkeeper","31","Romania","Unknown",NA,NA,0,FALSE,NA,"Summer",0,0,0,0
"ACS Poli Timisoara (2012 - 2021)",NA,NA,"2015","Departures","Angelo Montenegro","https://www.transfermarkt.com/angelo-montenegro/profil/spieler/298199","Goalkeeper","21","Italy","Gzira Utd.","Challenge League","Malta",NA,FALSE,"?","Summer",NA,NA,NA,NA
"ACS Poli Timisoara (2012 - 2021)",NA,NA,"2015","Departures","Rodi Duarte","https://www.transfermarkt.com/rodi-duarte/profil/spieler/790693","Centre-Forward","24","Cape Verde","Sporting Praia",NA,"Cape Verde",NA,FALSE,"?","Summer",NA,NA,NA,NA
"ACS Poli Timisoara (2012 - 2021)",NA,NA,"2015","Departures","Razvan Rus","https://www.transfermarkt.com/razvan-rus/profil/spieler/379162","Centre-Forward","18","Romania","National Sebis",NA,"Romania",NA,TRUE,"loan transfer","Summer",NA,NA,NA,NA
"ACS Poli Timisoara (2012 - 2021)",NA,NA,"2015","Departures","Mădălin Livan","https://www.transfermarkt.com/madalin-livan/profil/spieler/398604","Striker","18","Romania","FC Caransebes","Liga II - Seria II","Romania",NA,TRUE,"loan transfer","Summer",NA,NA,NA,NA
"ACS Poli Timisoara (2012 - 2021)",NA,NA,"2015","Departures","Souleymane Keita","https://www.transfermarkt.com/souleymane-keita/profil/spieler/105584","Right Midfield","27","Senegal","Without Club",NA,NA,NA,FALSE,"-","Summer",NA,NA,NA,NA
"ACS Poli Timisoara (2012 - 2021)",NA,NA,"2015","Departures","Rody","https://www.transfermarkt.com/rody/profil/spieler/185592","Striker","24","Cape Verde","Without Club",NA,NA,NA,FALSE,"-","Summer",NA,NA,NA,NA
"ACS Poli Timisoara (2012 - 2021)",NA,NA,"2015","Departures","Silviu Balace","https://www.transfermarkt.com/silviu-balace/profil/spieler/47867","Left-Back","36","Romania",NA,NA,NA,NA,FALSE,"-","Summer",NA,NA,NA,NA
"ACS Poli Timisoara (2012 - 2021)",NA,NA,"2015","Departures","Ovidiu Petre","https://www.transfermarkt.com/ovidiu-petre/profil/spieler/9762","Defensive Midfield","33","Romania",NA,NA,NA,NA,FALSE,"-","Summer",NA,NA,NA,NA
"ACS Poli Timisoara (2012 - 2021)",NA,NA,"2015","Departures","Victor Nikiema","https://www.transfermarkt.com/victor-nikiema/profil/spieler/132052","Defensive Midfield","21","Burkina Faso","Braga B","Liga Portugal 2","Portugal",NA,TRUE,"End of loan Jun 30, 2015","Summer",NA,NA,NA,NA
"ACS Poli Timisoara (2012 - 2021)",NA,NA,"2015","Departures","Bogdan Chipirliu","https://www.transfermarkt.com/bogdan-chipirliu/profil/spieler/250134","Centre-Forward","22","Romania","Otelul Galati","Liga 2","Romania",NA,TRUE,"End of loan Jun 30, 2015","Summer",NA,NA,NA,NA
"ACS Poli Timisoara (2012 - 2021)",NA,NA,"2015","Arrivals","Everon Pisas","https://www.transfermarkt.com/everon-pisas/profil/spieler/275882","Left Winger","21","Curacao","FC Dordrecht","Keuken Kampioen Divisie","Netherlands",0,FALSE,NA,"Winter",11,7,0,220
"ACS Poli Timisoara (2012 - 2021)",NA,NA,"2015","Arrivals","Abel Suárez","https://www.transfermarkt.com/abel-suarez/profil/spieler/188841","Central Midfield","24","Spain","CD Tenerife","LaLiga2","Spain",0,FALSE,NA,"Winter",13,7,0,218
"ACS Poli Timisoara (2012 - 2021)",NA,NA,"2015","Arrivals","Ross Jenkins","https://www.transfermarkt.com/ross-jenkins/profil/spieler/84817","Defensive Midfield","25","England","Crawley Town","League Two","England",0,FALSE,NA,"Winter",9,9,1,540
"ACS Poli Timisoara (2012 - 2021)",NA,NA,"2015","Arrivals","Ram Strauss","https://www.transfermarkt.com/ram-strauss/profil/spieler/98749","Goalkeeper","23","Israel","Kiryat Shmona","Ligat ha'Al","Israel",0,FALSE,NA,"Winter",13,10,0,865
"ACS Poli Timisoara (2012 - 2021)",NA,NA,"2015","Arrivals","Prince Rajcomar","https://www.transfermarkt.com/prince-rajcomar/profil/spieler/18013","Centre-Forward","30","Curacao","MVV Maastricht","Keuken Kampioen Divisie","Netherlands",0,FALSE,NA,"Winter",10,5,0,188
"ACS Poli Timisoara (2012 - 2021)",NA,NA,"2015","Arrivals","Pedro Henrique","https://www.transfermarkt.com/pedro-henrique/profil/spieler/160681","Centre-Forward","24","Brazil","Galícia-BA",NA,"Brazil",0,FALSE,NA,"Winter",4,1,0,10
"ACS Poli Timisoara (2012 - 2021)",NA,NA,"2015","Arrivals","Manu Torres","https://www.transfermarkt.com/manu-torres/profil/spieler/99727","Centre-Back","26","Spain","Jumilla","2ª B - Grupo IV","Spain",0,FALSE,NA,"Winter",16,13,0,1093
"ACS Poli Timisoara (2012 - 2021)",NA,NA,"2015","Arrivals","Lys Gomis","https://www.transfermarkt.com/lys-gomis/profil/spieler/57644","Goalkeeper","26","Senegal","Torino","Serie A","Italy",NA,TRUE,"loan transfer","Winter",5,1,0,33
"ACS Poli Timisoara (2012 - 2021)",NA,NA,"2015","Arrivals","Bar Aharoni","https://www.transfermarkt.com/bar-aharoni/profil/spieler/367631","Striker","21","Israel","Maccabi Yavne","Liga Leumit","Israel",NA,TRUE,"loan transfer","Winter",1,0,0,0
"ACS Poli Timisoara (2012 - 2021)",NA,NA,"2015","Arrivals","Alex Nimely","https://www.transfermarkt.com/alex-nimely/profil/spieler/121410","Centre-Forward","24","Liberia","Without Club",NA,NA,NA,FALSE,"-","Winter",10,10,3,706
"ACS Poli Timisoara (2012 - 2021)",NA,NA,"2015","Arrivals","Ricardo Radina","https://www.transfermarkt.com/ricardo-radina/profil/spieler/279468","Centre-Back","19","Croatia","Without Club",NA,NA,NA,FALSE,"-","Winter",0,0,0,0
"ACS Poli Timisoara (2012 - 2021)",NA,NA,"2015","Arrivals","Mădălin Livan","https://www.transfermarkt.com/madalin-livan/profil/spieler/398604","Striker","19","Romania","FC Caransebes","Liga II - Seria II","Romania",NA,TRUE,"End of loan Dec 31, 2015","Winter",NA,NA,NA,NA
"ACS Poli Timisoara (2012 - 2021)",NA,NA,"2015","Departures","Srdjan Luchin","https://www.transfermarkt.com/srdjan-luchin/profil/spieler/58720","Centre-Back","29","Romania","Levski Sofia","efbet Liga","Bulgaria",0,FALSE,NA,"Winter",20,20,3,1698
"ACS Poli Timisoara (2012 - 2021)",NA,NA,"2015","Departures","Georgi Sarmov","https://www.transfermarkt.com/georgi-sarmov/profil/spieler/44759","Defensive Midfield","30","Bulgaria","Beroe","efbet Liga","Bulgaria",0,FALSE,NA,"Winter",19,18,0,1044
"ACS Poli Timisoara (2012 - 2021)",NA,NA,"2015","Departures","Alexandru Curtean","https://www.transfermarkt.com/alexandru-curtean/profil/spieler/81477","Left Winger","28","Romania","Atyrau","Premier Liga","Kazakhstan",0,FALSE,NA,"Winter",25,20,2,1425
"ACS Poli Timisoara (2012 - 2021)",NA,NA,"2015","Departures","Rufino Segovia","https://www.transfermarkt.com/rufino-segovia/profil/spieler/39676","Centre-Forward","30","Spain","Kitchee","Hong Kong Premier League","Hongkong",0,FALSE,NA,"Winter",23,19,2,767
"ACS Poli Timisoara (2012 - 2021)",NA,NA,"2015","Departures","Eduard Pap","https://www.transfermarkt.com/eduard-pap/profil/spieler/249080","Goalkeeper","21","Romania","Luceafarul",NA,"Romania",0,FALSE,NA,"Winter",7,3,0,270
"ACS Poli Timisoara (2012 - 2021)",NA,NA,"2015","Departures","George Neagu","https://www.transfermarkt.com/george-neagu/profil/spieler/64068","Left-Back","30","Romania","Gaz Metan","Liga II - Seria II","Romania",0,FALSE,NA,"Winter",13,2,0,172
"ACS Poli Timisoara (2012 - 2021)",NA,NA,"2015","Departures","Alex Lazăr","https://www.transfermarkt.com/alex-lazar/profil/spieler/147995","Central Midfield","25","Romania","ACS Berceni","Liga 2","Romania",0,FALSE,NA,"Winter",NA,NA,NA,NA
"ACS Poli Timisoara (2012 - 2021)",NA,NA,"2015","Departures","Raul Hofer","https://www.transfermarkt.com/raul-hofer/profil/spieler/859876","Midfielder","17","Romania","Olimpia SM","Liga II - Seria II","Romania",0,FALSE,NA,"Winter",NA,NA,NA,NA
"ACS Poli Timisoara (2012 - 2021)",NA,NA,"2015","Departures","Andrei Artean","https://www.transfermarkt.com/andrei-artean/profil/spieler/241254","Defensive Midfield","22","Romania","Rm. Valcea","Liga II - Seria II","Romania",NA,TRUE,"loan transfer","Winter",21,12,0,604
"ACS Poli Timisoara (2012 - 2021)",NA,NA,"2015","Departures","Mădălin Livan","https://www.transfermarkt.com/madalin-livan/profil/spieler/398604","Striker","19","Romania","FC Brasov","Liga II - Seria II","Romania",NA,TRUE,"loan transfer","Winter",NA,NA,NA,NA
"ACSM Politehnica Iasi","Liga 2","Romania","2015","Arrivals","Cosmin Frasinescu","https://www.transfermarkt.com/cosmin-frasinescu/profil/spieler/46546","Centre-Back","30","Romania","CS U Craiova","SuperLiga","Romania",0,FALSE,NA,"Summer",38,34,2,2789
"ACSM Politehnica Iasi","Liga 2","Romania","2015","Arrivals","Ionuț Voicu","https://www.transfermarkt.com/ionut-voicu/profil/spieler/46677","Right-Back","30","Romania","FC Rapid 1923","Liga 2","Romania",0,FALSE,NA,"Summer",42,40,0,3592
"ACSM Politehnica Iasi","Liga 2","Romania","2015","Arrivals","Nuno Viveiros","https://www.transfermarkt.com/nuno-viveiros/profil/spieler/14242","Right Winger","32","Portugal","U Cluj","Liga II - Seria II","Romania",0,FALSE,NA,"Summer",35,29,2,1910
"ACSM Politehnica Iasi","Liga 2","Romania","2015","Arrivals","Liviu Ganea","https://www.transfermarkt.com/liviu-ganea/profil/spieler/45267","Centre-Forward","27","Romania","FC Brasov","Liga II - Seria II","Romania",0,FALSE,NA,"Summer",13,4,0,100
"ACSM Politehnica Iasi","Liga 2","Romania","2015","Arrivals","Vasile Gheorghe","https://www.transfermarkt.com/vasile-gheorghe/profil/spieler/123316","Central Midfield","29","Romania","FC Olt Slatina",NA,"Romania",0,FALSE,NA,"Summer",41,38,7,2527
"ACSM Politehnica Iasi","Liga 2","Romania","2015","Arrivals","Gianmarco Piccioni","https://www.transfermarkt.com/gianmarco-piccioni/profil/spieler/119140","Centre-Forward","23","Italy","Balzan FC","Premier League","Malta",0,FALSE,NA,"Summer",41,23,3,865
"ACSM Politehnica Iasi","Liga 2","Romania","2015","Arrivals","Ștefan Grigorie","https://www.transfermarkt.com/stefan-grigorie/profil/spieler/26037","Attacking Midfield","33","Romania","Concordia","SuperLiga","Romania",0,FALSE,NA,"Summer",25,19,1,1003
"ACSM Politehnica Iasi","Liga 2","Romania","2015","Arrivals","João Paulo","https://www.transfermarkt.com/joao-paulo/profil/spieler/125181","Centre-Back","27","Brazil","Mogi Mirim","Série B","Brazil",0,FALSE,NA,"Summer",13,2,0,117
"ACSM Politehnica Iasi","Liga 2","Romania","2015","Arrivals","Petre Goge","https://www.transfermarkt.com/petre-goge/profil/spieler/164737","Left-Back","23","Romania","Daco-Getica",NA,"Romania",0,FALSE,NA,"Summer",17,1,0,45
"ACSM Politehnica Iasi","Liga 2","Romania","2015","Arrivals","Dumitru Hotoboc","https://www.transfermarkt.com/dumitru-hotoboc/profil/spieler/46563","Goalkeeper","36","Romania","Otelul Galati","Liga 2","Romania",NA,FALSE,"?","Summer",4,0,0,0
"ACSM Politehnica Iasi","Liga 2","Romania","2015","Arrivals","Marius Chelaru","https://www.transfermarkt.com/marius-chelaru/profil/spieler/364707","Central Midfield","19","Romania","Metalurg. Cugir",NA,"Romania",NA,TRUE,"End of loan Jun 30, 2016","Summer",NA,NA,NA,NA
"ACSM Politehnica Iasi","Liga 2","Romania","2015","Departures","Liviu Mihai","https://www.transfermarkt.com/liviu-mihai/profil/spieler/74087","Central Midfield","27","Romania","Chindia","Liga II - Seria II","Romania",0,FALSE,NA,"Summer",NA,NA,NA,NA
"ACSM Politehnica Iasi","Liga 2","Romania","2015","Departures","Valentin Coșereanu","https://www.transfermarkt.com/valentin-cosereanu/profil/spieler/204181","Right Midfield","23","Romania","FC Arges",NA,"Romania",0,FALSE,NA,"Summer",NA,NA,NA,NA
"ACSM Politehnica Iasi","Liga 2","Romania","2015","Departures","Valentin Dima","https://www.transfermarkt.com/valentin-dima/profil/spieler/200468","Right-Back","26","Romania","Daco-Getica",NA,"Romania",0,FALSE,NA,"Summer",NA,NA,NA,NA
"ACSM Politehnica Iasi","Liga 2","Romania","2015","Departures","Dulee Johnson","https://www.transfermarkt.com/dulee-johnson/profil/spieler/27288","Central Midfield","30","Liberia","Moss",NA,"Norway",0,FALSE,NA,"Summer",NA,NA,NA,NA
"ACSM Politehnica Iasi","Liga 2","Romania","2015","Departures","Bojan Markovic","https://www.transfermarkt.com/bojan-markovic/profil/spieler/60789","Centre-Back","29","Bosnia-Herzegovina","Slavija S.","Premijer Liga BiH","Bosnia-Herzegovina",NA,FALSE,"?","Summer",NA,NA,NA,NA
"ACSM Politehnica Iasi","Liga 2","Romania","2015","Departures","Nicușor Grecu","https://www.transfermarkt.com/nicusor-grecu/profil/spieler/346105","Goalkeeper","23","Romania","Otelul Galati","Liga 2","Romania",NA,TRUE,"loan transfer","Summer",4,0,0,0
"ACSM Politehnica Iasi","Liga 2","Romania","2015","Departures","Madalin Crenganis","https://www.transfermarkt.com/madalin-crenganis/profil/spieler/227012","Centre-Forward","20","Romania","Corvinul",NA,"Romania",NA,TRUE,"loan transfer","Summer",NA,NA,NA,NA
"ACSM Politehnica Iasi","Liga 2","Romania","2015","Departures","Andu Moisi","https://www.transfermarkt.com/andu-moisi/profil/spieler/348732","Centre-Back","19","Romania","FC Caransebes","Liga II - Seria II","Romania",NA,TRUE,"loan transfer","Summer",NA,NA,NA,NA
"ACSM Politehnica Iasi","Liga 2","Romania","2015","Departures","Leonard Dobre","https://www.transfermarkt.com/leonard-dobre/profil/spieler/64270","Centre-Forward","23","Romania","Without Club",NA,NA,NA,FALSE,"-","Summer",NA,NA,NA,NA
"ACSM Politehnica Iasi","Liga 2","Romania","2015","Departures","Adrian Olah","https://www.transfermarkt.com/adrian-olah/profil/spieler/25938","Defensive Midfield","34","Romania",NA,NA,NA,NA,FALSE,"-","Summer",NA,NA,NA,NA
"ACSM Politehnica Iasi","Liga 2","Romania","2015","Departures","Alexandru Ciucur","https://www.transfermarkt.com/alexandru-ciucur/profil/spieler/123302","Left Winger","25","Romania","Pandurii ","SuperLiga","Romania",NA,TRUE,"End of loan Jun 30, 2015","Summer",NA,NA,NA,NA
"ACSM Politehnica Iasi","Liga 2","Romania","2015","Departures","Ionuț Voicu","https://www.transfermarkt.com/ionut-voicu/profil/spieler/46677","Right-Back","30","Romania","FC Rapid 1923","Liga 2","Romania",NA,TRUE,"End of loan Jun 30, 2015","Summer",42,40,0,3592
"ACSM Politehnica Iasi","Liga 2","Romania","2015","Departures","Florin Plămadă","https://www.transfermarkt.com/florin-plamada/profil/spieler/241574","Centre-Back","23","Romania","FC Botosani","SuperLiga","Romania",NA,TRUE,"End of loan Jun 30, 2015","Summer",NA,NA,NA,NA
"ACSM Politehnica Iasi","Liga 2","Romania","2015","Departures","Fábio Braga","https://www.transfermarkt.com/fabio-braga/profil/spieler/214074","Defensive Midfield","22","Brazil","Fluminense","Série A","Brazil",NA,TRUE,"End of loan Jun 30, 2015","Summer",NA,NA,NA,NA
"ACSM Politehnica Iasi","Liga 2","Romania","2015","Arrivals","Ante Saric","https://www.transfermarkt.com/ante-saric/profil/spieler/162923","Centre-Back","23","Croatia","HNK Zadar","Prva NL","Croatia",0,FALSE,NA,"Winter",11,3,0,95
"ACSM Politehnica Iasi","Liga 2","Romania","2015","Arrivals","Azdren Llullaku","https://www.transfermarkt.com/azdren-llullaku/profil/spieler/237389","Left Winger","27","Albania","Gaz Metan","Liga II - Seria II","Romania",0,FALSE,NA,"Winter",17,14,0,697
"ACSM Politehnica Iasi","Liga 2","Romania","2015","Arrivals","Andrei Cristea","https://www.transfermarkt.com/andrei-cristea/profil/spieler/26491","Centre-Forward","31","Romania","Martina","Serie C - C","Italy",0,FALSE,NA,"Winter",17,17,7,1368
"ACSM Politehnica Iasi","Liga 2","Romania","2015","Arrivals","Nicușor Grecu","https://www.transfermarkt.com/nicusor-grecu/profil/spieler/346105","Goalkeeper","23","Romania","Otelul Galati","Liga 2","Romania",NA,TRUE,"End of loan Feb 2, 2016","Winter",4,0,0,0
"ACSM Politehnica Iasi","Liga 2","Romania","2015","Arrivals","Madalin Crenganis","https://www.transfermarkt.com/madalin-crenganis/profil/spieler/227012","Centre-Forward","20","Romania","Corvinul",NA,"Romania",NA,TRUE,"End of loan Dec 31, 2015","Winter",NA,NA,NA,NA
"ACSM Politehnica Iasi","Liga 2","Romania","2015","Arrivals","Andu Moisi","https://www.transfermarkt.com/andu-moisi/profil/spieler/348732","Centre-Back","19","Romania","FC Caransebes","Liga II - Seria II","Romania",NA,TRUE,"End of loan Dec 31, 2015","Winter",NA,NA,NA,NA
"ACSM Politehnica Iasi","Liga 2","Romania","2015","Departures","Ștefan Grigorie","https://www.transfermarkt.com/stefan-grigorie/profil/spieler/26037","Attacking Midfield","34","Romania","FC Brasov","Liga II - Seria II","Romania",0,FALSE,NA,"Winter",25,19,1,1003
"ACSM Politehnica Iasi","Liga 2","Romania","2015","Departures","João Paulo","https://www.transfermarkt.com/joao-paulo/profil/spieler/125181","Centre-Back","27","Brazil","SE Gama",NA,"Brazil",0,FALSE,NA,"Winter",13,2,0,117
"ACSM Politehnica Iasi","Liga 2","Romania","2015","Departures","Liviu Ganea","https://www.transfermarkt.com/liviu-ganea/profil/spieler/45267","Centre-Forward","27","Romania","Ac. Clinceni","Liga 2","Romania",0,FALSE,NA,"Winter",13,4,0,100
"ACSM Politehnica Iasi","Liga 2","Romania","2015","Departures","Nicușor Grecu","https://www.transfermarkt.com/nicusor-grecu/profil/spieler/346105","Goalkeeper","23","Romania","U Cluj","Liga II - Seria II","Romania",NA,TRUE,"loan transfer","Winter",4,0,0,0
"ACSM Politehnica Iasi","Liga 2","Romania","2015","Departures","Alexandru Boiciuc","https://www.transfermarkt.com/alexandru-boiciuc/profil/spieler/358734","Centre-Forward","18","Moldova","Foresta Suceava","Liga 2","Romania",NA,TRUE,"loan transfer","Winter",15,6,0,194
"ACSM Politehnica Iasi","Liga 2","Romania","2015","Departures","Madalin Crenganis","https://www.transfermarkt.com/madalin-crenganis/profil/spieler/227012","Centre-Forward","20","Romania","Miroslava",NA,"Romania",NA,TRUE,"loan transfer","Winter",NA,NA,NA,NA
"ACSM Politehnica Iasi","Liga 2","Romania","2015","Departures","Andu Moisi","https://www.transfermarkt.com/andu-moisi/profil/spieler/348732","Centre-Back","19","Romania","Bucovina Poj.","Liga 2","Romania",NA,TRUE,"loan transfer","Winter",NA,NA,NA,NA
