"team_name","league","country","season","transfer_type","player_name","player_url","player_position","player_age","player_nationality","club_2","league_2","country_2","transfer_fee","is_loan","transfer_notes","window","in_squad","appearances","goals","minutes_played"
"FCSB","SuperLiga","Romania","2009","Arrivals","Cristian Tănase","https://www.transfermarkt.com/cristian-tanase/profil/spieler/46662","Left Winger","22","Romania","FC Arges","Liga II - Seria II","Romania",1800000,FALSE,NA,"Summer",27,26,1,1546
"FCSB","SuperLiga","Romania","2009","Arrivals","Ciprian Tătărușanu","https://www.transfermarkt.com/ciprian-tatarusanu/profil/spieler/55282","Goalkeeper","23","Romania","Gloria Bistrita","SuperLiga","Romania",1500000,FALSE,NA,"Summer",29,20,0,1830
"FCSB","SuperLiga","Romania","2009","Arrivals","Rafal Grzelak","https://www.transfermarkt.com/rafal-grzelak/profil/spieler/1409","Attacking Midfield","27","Poland","AO Xanthi","Super League 1","Greece",2e+05,TRUE,NA,"Summer",13,13,1,474
"FCSB","SuperLiga","Romania","2009","Arrivals","Krum Bibishkov","https://www.transfermarkt.com/krum-bibishkov/profil/spieler/26022","Centre-Forward","26","Bulgaria","Lovech","efbet Liga","Bulgaria",0,FALSE,NA,"Summer",8,5,0,294
"FCSB","SuperLiga","Romania","2009","Arrivals","Tininho","https://www.transfermarkt.com/tininho/profil/spieler/24883","Left-Back","28","Portugal","Belenenses","Liga Portugal","Portugal",0,FALSE,NA,"Summer",4,1,0,4
"FCSB","SuperLiga","Romania","2009","Arrivals","Alexandru Iacob","https://www.transfermarkt.com/alexandru-iacob/profil/spieler/53201","Centre-Back","20","Romania","FCSB II","Liga 2","Romania",NA,FALSE,"-","Summer",6,3,0,88
"FCSB","SuperLiga","Romania","2009","Arrivals","Romeo Surdu","https://www.transfermarkt.com/romeo-surdu/profil/spieler/43378","Left Winger","25","Romania","FC Brasov","SuperLiga","Romania",NA,TRUE,"End of loan Jun 30, 2009","Summer",45,44,6,2541
"FCSB","SuperLiga","Romania","2009","Arrivals","Ionut Rada","https://www.transfermarkt.com/ionut-rada/profil/spieler/34506","Centre-Back","26","Romania","CS Otopeni","SuperLiga","Romania",NA,TRUE,"End of loan Jun 30, 2009","Summer",19,19,0,1740
"FCSB","SuperLiga","Romania","2009","Arrivals","Ducu Ninu","https://www.transfermarkt.com/ducu-ninu/profil/spieler/42788","Centre-Back","22","Romania","Gloria Bistrita","SuperLiga","Romania",NA,TRUE,"End of loan Jun 30, 2009","Summer",18,13,0,928
"FCSB","SuperLiga","Romania","2009","Arrivals","Daniel Bălan","https://www.transfermarkt.com/daniel-balan/profil/spieler/26488","Right-Back","29","Romania","Alki Larnaca","Cyprus League","Cyprus",NA,TRUE,"End of loan Jun 30, 2009","Summer",NA,NA,NA,NA
"FCSB","SuperLiga","Romania","2009","Arrivals","Robert Neagoe","https://www.transfermarkt.com/robert-neagoe/profil/spieler/33902","Left Midfield","27","Romania","Gloria Bistrita","SuperLiga","Romania",NA,TRUE,"End of loan Jun 30, 2009","Summer",NA,NA,NA,NA
"FCSB","SuperLiga","Romania","2009","Departures","Dorin Goian","https://www.transfermarkt.com/dorin-goian/profil/spieler/34756","Centre-Back","28","Romania","Palermo","Serie A","Italy",2e+06,FALSE,NA,"Summer",4,4,0,360
"FCSB","SuperLiga","Romania","2009","Departures","Florin Lovin","https://www.transfermarkt.com/florin-lovin/profil/spieler/26497","Central Midfield","27","Romania","1860 Munich","2. Bundesliga","Germany",6e+05,FALSE,NA,"Summer",NA,NA,NA,NA
"FCSB","SuperLiga","Romania","2009","Departures","Ricardo Pedriel","https://www.transfermarkt.com/ricardo-pedriel/profil/spieler/76281","Centre-Forward","22","Bolivia","Giresunspor","1.Lig","Türkiye",1e+05,TRUE,NA,"Summer",0,0,0,0
"FCSB","SuperLiga","Romania","2009","Departures","António Semedo","https://www.transfermarkt.com/antonio-semedo/profil/spieler/13207","Right Winger","30","Portugal","Unirea Urziceni","SuperLiga","Romania",0,FALSE,NA,"Summer",NA,NA,NA,NA
"FCSB","SuperLiga","Romania","2009","Departures","Valentin Badea","https://www.transfermarkt.com/valentin-badea/profil/spieler/43758","Centre-Forward","26","Romania","FC U Craiova","SuperLiga","Romania",0,FALSE,NA,"Summer",NA,NA,NA,NA
"FCSB","SuperLiga","Romania","2009","Departures","Cornel Cernea","https://www.transfermarkt.com/cornel-cernea/profil/spieler/34934","Goalkeeper","33","Romania","Alba Iulia","SuperLiga","Romania",0,FALSE,NA,"Summer",NA,NA,NA,NA
"FCSB","SuperLiga","Romania","2009","Departures","Robert Neagoe","https://www.transfermarkt.com/robert-neagoe/profil/spieler/33902","Left Midfield","27","Romania","ASIL Lysi",NA,"Cyprus",0,FALSE,NA,"Summer",NA,NA,NA,NA
"FCSB","SuperLiga","Romania","2009","Departures","Alin Litu","https://www.transfermarkt.com/alin-litu/profil/spieler/34938","Centre-Forward","22","Romania","ASIL Lysi",NA,"Cyprus",NA,TRUE,"loan transfer","Summer",NA,NA,NA,NA
"FCSB","SuperLiga","Romania","2009","Departures","Daniel Bălan","https://www.transfermarkt.com/daniel-balan/profil/spieler/26488","Right-Back","29","Romania","Aris Limassol","Cyprus League","Cyprus",NA,TRUE,"loan transfer","Summer",NA,NA,NA,NA
"FCSB","SuperLiga","Romania","2009","Departures","Tininho","https://www.transfermarkt.com/tininho/profil/spieler/24883","Left-Back","28","Portugal","Without Club",NA,NA,NA,FALSE,"-","Summer",4,1,0,4
"FCSB","SuperLiga","Romania","2009","Departures","George Ogăraru","https://www.transfermarkt.com/george-ogararu/profil/spieler/26501","Right-Back","29","Romania","Ajax","Eredivisie","Netherlands",NA,TRUE,"End of loan Jun 30, 2009","Summer",NA,NA,NA,NA
"FCSB","SuperLiga","Romania","2009","Departures","Tiago Gomes","https://www.transfermarkt.com/tiago-gomes/profil/spieler/42968","Central Midfield","23","Portugal","Estrela Amadora",NA,"Portugal",NA,TRUE,"End of loan Jun 30, 2009","Summer",NA,NA,NA,NA
"FCSB","SuperLiga","Romania","2009","Arrivals","Zhivko Zhelev","https://www.transfermarkt.com/zhivko-zhelev/profil/spieler/15359","Centre-Back","30","Bulgaria","Otelul Galati","SuperLiga","Romania",2e+05,FALSE,NA,"Winter",16,16,1,1368
"FCSB","SuperLiga","Romania","2009","Arrivals","Gora Tall","https://www.transfermarkt.com/gora-tall/profil/spieler/73571","Centre-Back","24","Senegal","APOP Kinyras","Cyprus League","Cyprus",1e+05,TRUE,NA,"Winter",0,0,0,0
"FCSB","SuperLiga","Romania","2009","Arrivals","Stelios Parpas","https://www.transfermarkt.com/stelios-parpas/profil/spieler/137421","Centre-Back","24","Cyprus","AEL Limassol","Cyprus League","Cyprus",50000,TRUE,NA,"Winter",14,13,0,1081
"FCSB","SuperLiga","Romania","2009","Arrivals","Artavazd Karamyan","https://www.transfermarkt.com/artavazd-karamyan/profil/spieler/34504","Left Midfield","30","Armenia","Poli. Timisoara","SuperLiga","Romania",0,FALSE,NA,"Winter",8,8,0,381
"FCSB","SuperLiga","Romania","2009","Arrivals","Arman Karamyan","https://www.transfermarkt.com/arman-karamyan/profil/spieler/44091","Left Winger","30","Armenia","Poli. Timisoara","SuperLiga","Romania",0,FALSE,NA,"Winter",14,13,5,700
"FCSB","SuperLiga","Romania","2009","Arrivals","José Moreno","https://www.transfermarkt.com/jose-moreno/profil/spieler/40942","Centre-Forward","28","Colombia","Independiente","Torneo Clausura","Argentina",NA,TRUE,"loan transfer","Winter",6,6,0,52
"FCSB","SuperLiga","Romania","2009","Arrivals","Alin Litu","https://www.transfermarkt.com/alin-litu/profil/spieler/34938","Centre-Forward","23","Romania","ASIL Lysi",NA,"Cyprus",NA,TRUE,"End of loan Dec 1, 2009","Winter",NA,NA,NA,NA
"FCSB","SuperLiga","Romania","2009","Arrivals","Daniel Bălan","https://www.transfermarkt.com/daniel-balan/profil/spieler/26488","Right-Back","30","Romania","Aris Limassol","Cyprus League","Cyprus",NA,TRUE,"End of loan Dec 31, 2009","Winter",NA,NA,NA,NA
"FCSB","SuperLiga","Romania","2009","Departures","Dayro Moreno","https://www.transfermarkt.com/dayro-moreno/profil/spieler/42457","Centre-Forward","24","Colombia","Once Caldas","Liga DIMAYOR II","Colombia",6e+05,FALSE,NA,"Winter",10,9,2,463
"FCSB","SuperLiga","Romania","2009","Departures","Ionut Rada","https://www.transfermarkt.com/ionut-rada/profil/spieler/34506","Centre-Back","27","Romania","Al-Nasr",NA,"United Arab Emirates",3e+05,FALSE,NA,"Winter",19,19,0,1740
"FCSB","SuperLiga","Romania","2009","Departures","Razvan Ochirosii","https://www.transfermarkt.com/razvan-ochirosii/profil/spieler/43761","Left-Back","20","Romania","Otelul Galati","SuperLiga","Romania",2e+05,FALSE,NA,"Winter",17,13,1,299
"FCSB","SuperLiga","Romania","2009","Departures","Sorin Ghionea","https://www.transfermarkt.com/sorin-ghionea/profil/spieler/26496","Centre-Back","30","Romania","Rostov","Premier Liga","Russia",1e+05,FALSE,NA,"Winter",22,22,0,1966
"FCSB","SuperLiga","Romania","2009","Departures","Krum Bibishkov","https://www.transfermarkt.com/krum-bibishkov/profil/spieler/26022","Centre-Forward","27","Bulgaria","Coimbra","Liga Portugal","Portugal",0,FALSE,NA,"Winter",8,5,0,294
"FCSB","SuperLiga","Romania","2009","Departures","Alin Litu","https://www.transfermarkt.com/alin-litu/profil/spieler/34938","Centre-Forward","23","Romania","Gaz Metan","SuperLiga","Romania",NA,FALSE,"?","Winter",NA,NA,NA,NA
"FCSB","SuperLiga","Romania","2009","Departures","Andrei Ionescu","https://www.transfermarkt.com/andrei-ionescu/profil/spieler/48780","Central Midfield","21","Romania","Poli Iasi","SuperLiga","Romania",NA,TRUE,"loan transfer","Winter",19,18,0,1160
"FCSB","SuperLiga","Romania","2009","Departures","Mihai Onicas","https://www.transfermarkt.com/mihai-onicas/profil/spieler/115242","Defensive Midfield","19","Romania","Poli Iasi","SuperLiga","Romania",NA,TRUE,"loan transfer","Winter",20,19,0,1138
"FCSB","SuperLiga","Romania","2009","Departures","Ducu Ninu","https://www.transfermarkt.com/ducu-ninu/profil/spieler/42788","Centre-Back","23","Romania","Farul Constanta","Liga 2","Romania",NA,TRUE,"loan transfer","Winter",18,13,0,928
"FCSB","SuperLiga","Romania","2009","Departures","Daniel Bălan","https://www.transfermarkt.com/daniel-balan/profil/spieler/26488","Right-Back","30","Romania","SKA Khabarovsk","1.Division","Russia",NA,TRUE,"loan transfer","Winter",NA,NA,NA,NA
"FCSB","SuperLiga","Romania","2009","Departures","Tininho","https://www.transfermarkt.com/tininho/profil/spieler/24883","Left-Back","28","Portugal","Without Club",NA,NA,NA,FALSE,"-","Winter",4,1,0,4
"Politehnica Timisoara (- 2012)",NA,NA,"2009","Arrivals","Alexandru Bourceanu","https://www.transfermarkt.com/alexandru-bourceanu/profil/spieler/64118","Defensive Midfield","24","Romania","Otelul Galati","SuperLiga","Romania",7e+05,FALSE,NA,"Summer",38,38,1,3035
"Politehnica Timisoara (- 2012)",NA,NA,"2009","Arrivals","Hristu Chiacu","https://www.transfermarkt.com/hristu-chiacu/profil/spieler/41623","Right Midfield","22","Romania","FC Dinamo","SuperLiga","Romania",150000,TRUE,NA,"Summer",16,15,4,944
"Politehnica Timisoara (- 2012)",NA,NA,"2009","Arrivals","Cristian Mejía","https://www.transfermarkt.com/cristian-mejia/profil/spieler/100378","Left Winger","18","Colombia","Deportes Tolima","Liga DIMAYOR II","Colombia",150000,FALSE,NA,"Summer",6,6,0,214
"Politehnica Timisoara (- 2012)",NA,NA,"2009","Arrivals","Claudiu Ionescu","https://www.transfermarkt.com/claudiu-ionescu/profil/spieler/54770","Attacking Midfield","26","Romania","Gloria Buzau","Liga 2","Romania",0,FALSE,NA,"Summer",23,19,1,760
"Politehnica Timisoara (- 2012)",NA,NA,"2009","Arrivals","Nemanja Supic","https://www.transfermarkt.com/nemanja-supic/profil/spieler/36137","Goalkeeper","27","Serbia","Anorthosis","Cyprus League","Cyprus",NA,FALSE,"?","Summer",2,1,0,90
"Politehnica Timisoara (- 2012)",NA,NA,"2009","Arrivals","Adrian Ganea","https://www.transfermarkt.com/adrian-ganea/profil/spieler/136263","Left Midfield","21","Romania","P. Timisoara B",NA,"Romania",NA,FALSE,"-","Summer",1,0,0,0
"Politehnica Timisoara (- 2012)",NA,NA,"2009","Arrivals","Mansour Gueye","https://www.transfermarkt.com/mansour-gueye/profil/spieler/33744","Left Winger","23","Senegal","Gloria Buzau","SuperLiga","Romania",NA,TRUE,"End of loan Jun 30, 2009","Summer",6,6,2,276
"Politehnica Timisoara (- 2012)",NA,NA,"2009","Arrivals","Milhazes","https://www.transfermarkt.com/milhazes/profil/spieler/18947","Left-Back","28","Portugal","Vit. Guimarães","Liga Portugal","Portugal",NA,TRUE,"End of loan Jun 30, 2009","Summer",NA,NA,NA,NA
"Politehnica Timisoara (- 2012)",NA,NA,"2009","Arrivals","Éder Bonfim","https://www.transfermarkt.com/eder-bonfim/profil/spieler/13975","Right-Back","28","Brazil","Gloria Buzau","SuperLiga","Romania",NA,TRUE,"End of loan Jun 30, 2009","Summer",37,37,0,3114
"Politehnica Timisoara (- 2012)",NA,NA,"2009","Arrivals","Marian Chitu","https://www.transfermarkt.com/marian-chitu/profil/spieler/103521","Left Winger","22","Romania","Gloria Buzau","SuperLiga","Romania",NA,TRUE,"End of loan Jun 30, 2009","Summer",7,6,0,445
"Politehnica Timisoara (- 2012)",NA,NA,"2009","Arrivals","David Sánchez","https://www.transfermarkt.com/david-sanchez/profil/spieler/58147","Central Midfield","26","Spain","Gloria Buzau","SuperLiga","Romania",NA,TRUE,"End of loan Jun 30, 2009","Summer",NA,NA,NA,NA
"Politehnica Timisoara (- 2012)",NA,NA,"2009","Arrivals","Adrian Poparadu","https://www.transfermarkt.com/adrian-poparadu/profil/spieler/104553","Defensive Midfield","21","Romania","Gloria Buzau","SuperLiga","Romania",NA,TRUE,"End of loan Jun 30, 2009","Summer",1,1,0,6
"Politehnica Timisoara (- 2012)",NA,NA,"2009","Arrivals","Ioan Mera","https://www.transfermarkt.com/ioan-mera/profil/spieler/103523","Centre-Back","22","Romania","Gloria Buzau","SuperLiga","Romania",NA,TRUE,"End of loan Jun 30, 2009","Summer",23,21,2,1725
"Politehnica Timisoara (- 2012)",NA,NA,"2009","Arrivals","Florin Sandu","https://www.transfermarkt.com/florin-sandu/profil/spieler/103528","Left-Back","21","Romania","Gloria Buzau","SuperLiga","Romania",NA,TRUE,"End of loan Jun 30, 2009","Summer",NA,NA,NA,NA
"Politehnica Timisoara (- 2012)",NA,NA,"2009","Arrivals","Sebastian Cojocnean","https://www.transfermarkt.com/sebastian-cojocnean/profil/spieler/104063","Right Winger","21","Romania","Gloria Buzau","SuperLiga","Romania",NA,TRUE,"End of loan Jun 30, 2009","Summer",NA,NA,NA,NA
"Politehnica Timisoara (- 2012)",NA,NA,"2009","Arrivals","Alin Ratiu","https://www.transfermarkt.com/alin-ratiu/profil/spieler/56041","Centre-Back","26","Romania","Gloria Buzau","SuperLiga","Romania",NA,TRUE,"End of loan Jun 30, 2009","Summer",NA,NA,NA,NA
"Politehnica Timisoara (- 2012)",NA,NA,"2009","Arrivals","Eduard Zimmermann","https://www.transfermarkt.com/eduard-zimmermann/profil/spieler/33747","Goalkeeper","26","Romania","Gloria Buzau","SuperLiga","Romania",NA,TRUE,"End of loan Jun 30, 2009","Summer",NA,NA,NA,NA
"Politehnica Timisoara (- 2012)",NA,NA,"2009","Arrivals","José Luis García","https://www.transfermarkt.com/jose-luis-garcia/profil/spieler/54349","Defensive Midfield","24","Argentina","Gloria Buzau","SuperLiga","Romania",NA,TRUE,"End of loan Jun 30, 2009","Summer",NA,NA,NA,NA
"Politehnica Timisoara (- 2012)",NA,NA,"2009","Arrivals","Adrian Popa","https://www.transfermarkt.com/adrian-popa/profil/spieler/104062","Right Winger","20","Romania","Gloria Buzau","SuperLiga","Romania",NA,TRUE,"End of loan Jun 30, 2009","Summer",NA,NA,NA,NA
"Politehnica Timisoara (- 2012)",NA,NA,"2009","Arrivals","Ionuț Matei","https://www.transfermarkt.com/ionut-matei/profil/spieler/48366","Right Midfield","24","Romania","Gloria Buzau","SuperLiga","Romania",NA,TRUE,"End of loan Jun 30, 2009","Summer",1,1,0,2
"Politehnica Timisoara (- 2012)",NA,NA,"2009","Arrivals","Mircea Axente","https://www.transfermarkt.com/mircea-axente/profil/spieler/69558","Centre-Forward","22","Romania","Gloria Buzau","SuperLiga","Romania",NA,TRUE,"End of loan Jun 30, 2009","Summer",NA,NA,NA,NA
"Politehnica Timisoara (- 2012)",NA,NA,"2009","Arrivals","Gabriel Siminic","https://www.transfermarkt.com/gabriel-siminic/profil/spieler/107610","Left-Back","23","Romania","Gloria Buzau","SuperLiga","Romania",NA,TRUE,"End of loan Jun 30, 2009","Summer",NA,NA,NA,NA
"Politehnica Timisoara (- 2012)",NA,NA,"2009","Arrivals","Fabian Teusan","https://www.transfermarkt.com/fabian-teusan/profil/spieler/48910","Centre-Back","20","Romania","Gloria Buzau","SuperLiga","Romania",NA,TRUE,"End of loan Jun 30, 2009","Summer",NA,NA,NA,NA
"Politehnica Timisoara (- 2012)",NA,NA,"2009","Arrivals","Artur Patras","https://www.transfermarkt.com/artur-patras/profil/spieler/104065","Central Midfield","20","Moldova","Gloria Buzau","SuperLiga","Romania",NA,TRUE,"End of loan Jun 30, 2009","Summer",NA,NA,NA,NA
"Politehnica Timisoara (- 2012)",NA,NA,"2009","Arrivals","Alexandru Popovici","https://www.transfermarkt.com/alexandru-popovici/profil/spieler/69564","Right Winger","20","Romania","Gloria Buzau","SuperLiga","Romania",NA,TRUE,"End of loan Jun 30, 2009","Summer",NA,NA,NA,NA
"Politehnica Timisoara (- 2012)",NA,NA,"2009","Departures","Kevin Amuneke","https://www.transfermarkt.com/kevin-amuneke/profil/spieler/25243","Centre-Forward","23","Nigeria","Nacional","Liga Portugal","Portugal",5e+05,FALSE,NA,"Summer",NA,NA,NA,NA
"Politehnica Timisoara (- 2012)",NA,NA,"2009","Departures","Milhazes","https://www.transfermarkt.com/milhazes/profil/spieler/18947","Left-Back","28","Portugal","Vit. Guimarães","Liga Portugal","Portugal",2e+05,FALSE,NA,"Summer",NA,NA,NA,NA
"Politehnica Timisoara (- 2012)",NA,NA,"2009","Departures","Sebastian Cojocnean","https://www.transfermarkt.com/sebastian-cojocnean/profil/spieler/104063","Right Winger","21","Romania","U Cluj","Liga II - Seria II","Romania",150000,FALSE,NA,"Summer",NA,NA,NA,NA
"Politehnica Timisoara (- 2012)",NA,NA,"2009","Departures","Adrian Popa","https://www.transfermarkt.com/adrian-popa/profil/spieler/104062","Right Winger","20","Romania","U Cluj","Liga II - Seria II","Romania",150000,FALSE,NA,"Summer",NA,NA,NA,NA
"Politehnica Timisoara (- 2012)",NA,NA,"2009","Departures","Fabian Teusan","https://www.transfermarkt.com/fabian-teusan/profil/spieler/48910","Centre-Back","20","Romania","U Cluj","Liga II - Seria II","Romania",150000,FALSE,NA,"Summer",NA,NA,NA,NA
"Politehnica Timisoara (- 2012)",NA,NA,"2009","Departures","Alin Ratiu","https://www.transfermarkt.com/alin-ratiu/profil/spieler/56041","Centre-Back","26","Romania","Curtea de Arges","SuperLiga","Romania",75000,TRUE,NA,"Summer",NA,NA,NA,NA
"Politehnica Timisoara (- 2012)",NA,NA,"2009","Departures","Gabriel Siminic","https://www.transfermarkt.com/gabriel-siminic/profil/spieler/107610","Left-Back","23","Romania","Otelul Galati","SuperLiga","Romania",30000,FALSE,NA,"Summer",NA,NA,NA,NA
"Politehnica Timisoara (- 2012)",NA,NA,"2009","Departures","Valentin Bădoi","https://www.transfermarkt.com/valentin-badoi/profil/spieler/34508","Right-Back","33","Romania","FC U Craiova","SuperLiga","Romania",0,FALSE,NA,"Summer",2,2,0,171
"Politehnica Timisoara (- 2012)",NA,NA,"2009","Departures","Abiodun Agunbiade","https://www.transfermarkt.com/abiodun-agunbiade/profil/spieler/25926","Right Winger","26","Nigeria","Curtea de Arges","SuperLiga","Romania",0,FALSE,NA,"Summer",NA,NA,NA,NA
"Politehnica Timisoara (- 2012)",NA,NA,"2009","Departures","Marius Popa","https://www.transfermarkt.com/marius-popa/profil/spieler/25941","Goalkeeper","30","Romania","Curtea de Arges","SuperLiga","Romania",0,FALSE,NA,"Summer",NA,NA,NA,NA
"Politehnica Timisoara (- 2012)",NA,NA,"2009","Departures","Florin Dochita","https://www.transfermarkt.com/florin-dochita/profil/spieler/48667","Centre-Forward","22","Romania","Kecskemét II",NA,"Hungary",0,FALSE,NA,"Summer",NA,NA,NA,NA
"Politehnica Timisoara (- 2012)",NA,NA,"2009","Departures","David Sánchez","https://www.transfermarkt.com/david-sanchez/profil/spieler/58147","Central Midfield","26","Spain","Castellón","LaLiga2","Spain",NA,FALSE,"?","Summer",NA,NA,NA,NA
"Politehnica Timisoara (- 2012)",NA,NA,"2009","Departures","José Luis García","https://www.transfermarkt.com/jose-luis-garcia/profil/spieler/54349","Defensive Midfield","24","Argentina","Almirante Brown",NA,"Argentina",NA,FALSE,"?","Summer",NA,NA,NA,NA
"Politehnica Timisoara (- 2012)",NA,NA,"2009","Departures","Iasmin Latovlevici","https://www.transfermarkt.com/iasmin-latovlevici/profil/spieler/47172","Left-Back","23","Romania","Gloria Bistrita","SuperLiga","Romania",NA,TRUE,"loan transfer","Summer",7,4,0,220
"Politehnica Timisoara (- 2012)",NA,NA,"2009","Departures","Mircea Axente","https://www.transfermarkt.com/mircea-axente/profil/spieler/69558","Centre-Forward","22","Romania","Otelul Galati","SuperLiga","Romania",NA,TRUE,"loan transfer","Summer",NA,NA,NA,NA
"Politehnica Timisoara (- 2012)",NA,NA,"2009","Departures","Artur Patras","https://www.transfermarkt.com/artur-patras/profil/spieler/104065","Central Midfield","20","Moldova","Otelul Galati","SuperLiga","Romania",NA,TRUE,"loan transfer","Summer",NA,NA,NA,NA
"Politehnica Timisoara (- 2012)",NA,NA,"2009","Departures","Eduard Zimmermann","https://www.transfermarkt.com/eduard-zimmermann/profil/spieler/33747","Goalkeeper","26","Romania","P. Timisoara B",NA,"Romania",NA,FALSE,"-","Summer",NA,NA,NA,NA
"Politehnica Timisoara (- 2012)",NA,NA,"2009","Arrivals","Laszlo Sepsi","https://www.transfermarkt.com/laszlo-sepsi/profil/spieler/33622","Left-Back","22","Romania","Benfica","Liga Portugal","Portugal",1300000,FALSE,NA,"Winter",17,17,0,1485
"Politehnica Timisoara (- 2012)",NA,NA,"2009","Arrivals","Jan Kozak","https://www.transfermarkt.com/jan-kozak/profil/spieler/34427","Attacking Midfield","29","Slovakia","Slo. Bratislava","Niké Liga","Slovakia",150000,FALSE,NA,"Winter",10,10,1,469
"Politehnica Timisoara (- 2012)",NA,NA,"2009","Arrivals","Dédé","https://www.transfermarkt.com/dede/profil/spieler/45356","Defensive Midfield","28","Angola","AC Arles","Ligue 2","France",150000,FALSE,NA,"Winter",3,3,0,94
"Politehnica Timisoara (- 2012)",NA,NA,"2009","Arrivals","Răzvan Cociș","https://www.transfermarkt.com/razvan-cocis/profil/spieler/43938","Central Midfield","26","Romania","Loko Moscow","Premier Liga","Russia",0,FALSE,NA,"Winter",9,9,3,640
"Politehnica Timisoara (- 2012)",NA,NA,"2009","Arrivals","Cosmin Contra","https://www.transfermarkt.com/cosmin-contra/profil/spieler/5808","Right-Back","33","Romania","Getafe","LaLiga","Spain",0,FALSE,NA,"Winter",13,13,3,740
"Politehnica Timisoara (- 2012)",NA,NA,"2009","Arrivals","Tiago Costa","https://www.transfermarkt.com/tiago-costa/profil/spieler/42960","Right-Back","24","Portugal","Vizela",NA,"Portugal",0,FALSE,NA,"Winter",0,0,0,0
"Politehnica Timisoara (- 2012)",NA,NA,"2009","Arrivals","Marian Fuchs","https://www.transfermarkt.com/marian-fuchs/profil/spieler/145656","Central Midfield","17","Romania","P. Timisoara B",NA,"Romania",NA,FALSE,"-","Winter",1,1,0,18
"Politehnica Timisoara (- 2012)",NA,NA,"2009","Arrivals","Artur Patras","https://www.transfermarkt.com/artur-patras/profil/spieler/104065","Central Midfield","21","Moldova","Otelul Galati","SuperLiga","Romania",NA,TRUE,"End of loan Dec 1, 2009","Winter",NA,NA,NA,NA
"Politehnica Timisoara (- 2012)",NA,NA,"2009","Departures","Gigel Bucur","https://www.transfermarkt.com/gigel-bucur/profil/spieler/47152","Left Winger","29","Romania","Kuban Krasnodar","1.Division","Russia",1800000,FALSE,NA,"Winter",26,26,11,2116
"Politehnica Timisoara (- 2012)",NA,NA,"2009","Departures","Artavazd Karamyan","https://www.transfermarkt.com/artavazd-karamyan/profil/spieler/34504","Left Midfield","30","Armenia","FCSB","SuperLiga","Romania",0,FALSE,NA,"Winter",25,25,0,1894
"Politehnica Timisoara (- 2012)",NA,NA,"2009","Departures","Balázs Borbély","https://www.transfermarkt.com/balazs-borbely/profil/spieler/34418","Defensive Midfield","30","Slovakia","AEL Limassol","Cyprus League","Cyprus",0,FALSE,NA,"Winter",7,6,0,252
"Politehnica Timisoara (- 2012)",NA,NA,"2009","Departures","Arman Karamyan","https://www.transfermarkt.com/arman-karamyan/profil/spieler/44091","Left Winger","30","Armenia","FCSB","SuperLiga","Romania",0,FALSE,NA,"Winter",23,18,2,1359
"Politehnica Timisoara (- 2012)",NA,NA,"2009","Departures","Stelian Stancu","https://www.transfermarkt.com/stelian-stancu/profil/spieler/45487","Right-Back","28","Romania","FC Brasov","SuperLiga","Romania",0,FALSE,NA,"Winter",22,20,0,1157
"Politehnica Timisoara (- 2012)",NA,NA,"2009","Departures","Dejan Rusic","https://www.transfermarkt.com/dejan-rusic/profil/spieler/58366","Centre-Forward","27","Slovenia","Spartak Nalchik","Premier Liga","Russia",NA,TRUE,"loan transfer","Winter",1,0,0,0
"Politehnica Timisoara (- 2012)",NA,NA,"2009","Departures","Dare Vrsic","https://www.transfermarkt.com/dare-vrsic/profil/spieler/19579","Second Striker","25","Slovenia","FC Koper","Prva Liga","Slovenia",NA,TRUE,"loan transfer","Winter",8,5,1,335
"Politehnica Timisoara (- 2012)",NA,NA,"2009","Departures","Adrian Poparadu","https://www.transfermarkt.com/adrian-poparadu/profil/spieler/104553","Defensive Midfield","22","Romania","CS Otopeni","Liga II - Seria II","Romania",NA,TRUE,"loan transfer","Winter",1,1,0,6
"Politehnica Timisoara (- 2012)",NA,NA,"2009","Departures","Florin Sandu","https://www.transfermarkt.com/florin-sandu/profil/spieler/103528","Left-Back","22","Romania","CS Otopeni","Liga II - Seria II","Romania",NA,TRUE,"loan transfer","Winter",NA,NA,NA,NA
"Politehnica Timisoara (- 2012)",NA,NA,"2009","Departures","Ionuț Matei","https://www.transfermarkt.com/ionut-matei/profil/spieler/48366","Right Midfield","25","Romania","CS Otopeni","Liga II - Seria II","Romania",NA,TRUE,"loan transfer","Winter",1,1,0,2
"Politehnica Timisoara (- 2012)",NA,NA,"2009","Departures","Artur Patras","https://www.transfermarkt.com/artur-patras/profil/spieler/104065","Central Midfield","21","Moldova","Concordia","Liga 2","Romania",NA,TRUE,"loan transfer","Winter",NA,NA,NA,NA
"Politehnica Timisoara (- 2012)",NA,NA,"2009","Departures","Adrian Ganea","https://www.transfermarkt.com/adrian-ganea/profil/spieler/136263","Left Midfield","22","Romania","Fortuna Covaci","Liga II - Seria II","Romania",NA,TRUE,"loan transfer","Winter",1,0,0,0
"CFR Cluj","SuperLiga","Romania","2009","Arrivals","Paul Batin","https://www.transfermarkt.com/paul-batin/profil/spieler/121151","Centre-Forward","22","Romania","Minaur","Liga II - Seria II","Romania",2e+05,FALSE,NA,"Summer",NA,NA,NA,NA
"CFR Cluj","SuperLiga","Romania","2009","Arrivals","Leoh Digbeu","https://www.transfermarkt.com/leoh-digbeu/profil/spieler/208790","Centre-Forward","19","Cote d'Ivoire","Minaur","Liga II - Seria II","Romania",40000,FALSE,NA,"Summer",NA,NA,NA,NA
"CFR Cluj","SuperLiga","Romania","2009","Arrivals","Nelson Cabrera","https://www.transfermarkt.com/nelson-cabrera/profil/spieler/64695","Centre-Back","26","Bolivia","Colo-Colo","Torneo Clausura","Chile",36000,TRUE,NA,"Summer",13,10,0,900
"CFR Cluj","SuperLiga","Romania","2009","Arrivals","Boris Peskovic","https://www.transfermarkt.com/boris-peskovic/profil/spieler/27269","Goalkeeper","33","Slovakia","Coimbra","Liga Portugal","Portugal",0,FALSE,NA,"Summer",12,8,0,720
"CFR Cluj","SuperLiga","Romania","2009","Arrivals","Eugen Trică","https://www.transfermarkt.com/eugen-trica/profil/spieler/26299","Attacking Midfield","32","Romania","Anorthosis","Cyprus League","Cyprus",0,FALSE,NA,"Summer",3,2,0,67
"CFR Cluj","SuperLiga","Romania","2009","Arrivals","Emil Dica","https://www.transfermarkt.com/emil-dica/profil/spieler/34509","Defensive Midfield","26","Romania","FC Rapid 1923","SuperLiga","Romania",0,FALSE,NA,"Summer",18,18,1,859
"CFR Cluj","SuperLiga","Romania","2009","Arrivals","Nei","https://www.transfermarkt.com/neitm/profil/spieler/24879","Centre-Forward","29","Brazil","Al-Shabab",NA,"United Arab Emirates",NA,TRUE,"loan transfer","Summer",29,28,6,1320
"CFR Cluj","SuperLiga","Romania","2009","Arrivals","Edimar","https://www.transfermarkt.com/edimar/profil/spieler/74314","Left-Back","23","Brazil","Cruzeiro","Série A","Brazil",NA,TRUE,"loan transfer","Summer",27,21,0,1629
"CFR Cluj","SuperLiga","Romania","2009","Arrivals","Sergiu Buș","https://www.transfermarkt.com/sergiu-bus/profil/spieler/123671","Centre-Forward","16","Romania","CFR Cluj U19",NA,"Romania",NA,FALSE,"-","Summer",6,5,0,60
"CFR Cluj","SuperLiga","Romania","2009","Arrivals","Cristian Sánchez Prette","https://www.transfermarkt.com/cristian-sanchez-prette/profil/spieler/56585","Attacking Midfield","24","Argentina","Estudiantes LP","Torneo Clausura","Argentina",NA,TRUE,"End of loan Jun 30, 2009","Summer",NA,NA,NA,NA
"CFR Cluj","SuperLiga","Romania","2009","Arrivals","Vitinha","https://www.transfermarkt.com/vitinha/profil/spieler/48662","Left-Back","23","Portugal","CS Otopeni","SuperLiga","Romania",NA,TRUE,"End of loan Jun 30, 2009","Summer",NA,NA,NA,NA
"CFR Cluj","SuperLiga","Romania","2009","Arrivals","Casian Miclăuş","https://www.transfermarkt.com/casian-miclaus/profil/spieler/43338","Left-Back","31","Romania","Gloria Bistrita","SuperLiga","Romania",NA,TRUE,"End of loan Jun 30, 2009","Summer",NA,NA,NA,NA
"CFR Cluj","SuperLiga","Romania","2009","Arrivals","Alin Bota","https://www.transfermarkt.com/alin-bota/profil/spieler/48652","Goalkeeper","26","Romania","Minaur",NA,"Romania",NA,TRUE,"End of loan Jun 30, 2009","Summer",NA,NA,NA,NA
"CFR Cluj","SuperLiga","Romania","2009","Arrivals","Vasile Curileac","https://www.transfermarkt.com/vasile-curileac/profil/spieler/43296","Goalkeeper","25","Romania","Alba Iulia",NA,"Romania",NA,TRUE,"End of loan Jun 30, 2009","Summer",NA,NA,NA,NA
"CFR Cluj","SuperLiga","Romania","2009","Arrivals","Andrei Boroștean","https://www.transfermarkt.com/andrei-borostean/profil/spieler/131246","Left Midfield","22","Romania","FC Botosani",NA,"Romania",NA,TRUE,"End of loan Jun 30, 2009","Summer",4,2,0,180
"CFR Cluj","SuperLiga","Romania","2009","Departures","Álvaro Pereira","https://www.transfermarkt.com/alvaro-pereira/profil/spieler/54859","Left-Back","23","Uruguay","FC Porto","Liga Portugal","Portugal",6500000,FALSE,NA,"Summer",NA,NA,NA,NA
"CFR Cluj","SuperLiga","Romania","2009","Departures","André Galiassi","https://www.transfermarkt.com/andre-galiassi/profil/spieler/48654","Centre-Back","28","Brazil","Kasimpasa","Süper Lig","Türkiye",4e+05,TRUE,NA,"Summer",NA,NA,NA,NA
"CFR Cluj","SuperLiga","Romania","2009","Departures","Lars Hirschfeld","https://www.transfermarkt.com/lars-hirschfeld/profil/spieler/3609","Goalkeeper","30","Canada","Energie Cottbus","2. Bundesliga","Germany",2e+05,FALSE,NA,"Summer",NA,NA,NA,NA
"CFR Cluj","SuperLiga","Romania","2009","Departures","Diego Ruiz","https://www.transfermarkt.com/diego-ruiz/profil/spieler/64435","Centre-Forward","28","Argentina","Kasimpasa","Süper Lig","Türkiye",1e+05,TRUE,NA,"Summer",2,2,0,83
"CFR Cluj","SuperLiga","Romania","2009","Departures","Agustín Viana","https://www.transfermarkt.com/agustin-viana/profil/spieler/64669","Left-Back","25","Uruguay","Gallipoli","Serie B","Italy",1e+05,FALSE,NA,"Summer",NA,NA,NA,NA
"CFR Cluj","SuperLiga","Romania","2009","Departures","Cristian Sánchez Prette","https://www.transfermarkt.com/cristian-sanchez-prette/profil/spieler/56585","Attacking Midfield","24","Argentina","Newell's","Torneo Clausura","Argentina",68000,TRUE,NA,"Summer",NA,NA,NA,NA
"CFR Cluj","SuperLiga","Romania","2009","Departures","Eugen Trică","https://www.transfermarkt.com/eugen-trica/profil/spieler/26299","Attacking Midfield","32","Romania","FC U Craiova","SuperLiga","Romania",0,FALSE,NA,"Summer",3,2,0,67
"CFR Cluj","SuperLiga","Romania","2009","Departures","Paolo Frangipane","https://www.transfermarkt.com/paolo-frangipane/profil/spieler/73690","Attacking Midfield","29","Argentina","Aldosivi","Primera Nacional","Argentina",0,FALSE,NA,"Summer",NA,NA,NA,NA
"CFR Cluj","SuperLiga","Romania","2009","Departures","Viorel Frunza","https://www.transfermarkt.com/viorel-frunza/profil/spieler/46547","Centre-Forward","29","Moldova","Poli Iasi","SuperLiga","Romania",0,FALSE,NA,"Summer",NA,NA,NA,NA
"CFR Cluj","SuperLiga","Romania","2009","Departures","Dorin Toma","https://www.transfermarkt.com/dorin-toma/profil/spieler/46667","Left-Back","32","Romania","Minaur","Liga II - Seria II","Romania",0,FALSE,NA,"Summer",NA,NA,NA,NA
"CFR Cluj","SuperLiga","Romania","2009","Departures","Alin Bota","https://www.transfermarkt.com/alin-bota/profil/spieler/48652","Goalkeeper","26","Romania","Minaur","Liga II - Seria II","Romania",0,FALSE,NA,"Summer",NA,NA,NA,NA
"CFR Cluj","SuperLiga","Romania","2009","Departures","Emmanuel Koné","https://www.transfermarkt.com/emmanuel-kone/profil/spieler/39190","Central Midfield","22","Cote d'Ivoire","Curtea de Arges","SuperLiga","Romania",NA,TRUE,"loan transfer","Summer",NA,NA,NA,NA
"CFR Cluj","SuperLiga","Romania","2009","Departures","Ousmane Viera","https://www.transfermarkt.com/ousmane-viera/profil/spieler/69014","Centre-Back","22","Cote d'Ivoire","Curtea de Arges","SuperLiga","Romania",NA,TRUE,"loan transfer","Summer",NA,NA,NA,NA
"CFR Cluj","SuperLiga","Romania","2009","Departures","Vitinha","https://www.transfermarkt.com/vitinha/profil/spieler/48662","Left-Back","23","Portugal","Alba Iulia","SuperLiga","Romania",NA,TRUE,"loan transfer","Summer",NA,NA,NA,NA
"CFR Cluj","SuperLiga","Romania","2009","Departures","Rade Veljovic","https://www.transfermarkt.com/rade-veljovic/profil/spieler/47000","Centre-Forward","22","Serbia","Alba Iulia","SuperLiga","Romania",NA,TRUE,"loan transfer","Summer",NA,NA,NA,NA
"CFR Cluj","SuperLiga","Romania","2009","Departures","Vasile Curileac","https://www.transfermarkt.com/vasile-curileac/profil/spieler/43296","Goalkeeper","25","Romania","FC Snagov","Liga 2","Romania",NA,TRUE,"loan transfer","Summer",NA,NA,NA,NA
"CFR Cluj","SuperLiga","Romania","2009","Departures","Paul Batin","https://www.transfermarkt.com/paul-batin/profil/spieler/121151","Centre-Forward","22","Romania","UTA Arad","Liga II - Seria II","Romania",NA,TRUE,"loan transfer","Summer",NA,NA,NA,NA
"CFR Cluj","SuperLiga","Romania","2009","Departures","Vlad Bujor","https://www.transfermarkt.com/vlad-bujor/profil/spieler/123230","Second Striker","20","Romania","Poli Iasi","SuperLiga","Romania",NA,TRUE,"loan transfer","Summer",NA,NA,NA,NA
"CFR Cluj","SuperLiga","Romania","2009","Departures","Leoh Digbeu","https://www.transfermarkt.com/leoh-digbeu/profil/spieler/208790","Centre-Forward","19","Cote d'Ivoire","UTA Arad","Liga II - Seria II","Romania",NA,TRUE,"loan transfer","Summer",NA,NA,NA,NA
"CFR Cluj","SuperLiga","Romania","2009","Departures","Kasali Yinka Casal","https://www.transfermarkt.com/kasali-yinka-casal/profil/spieler/60877","Left-Back","22","Nigeria","Without Club",NA,NA,NA,FALSE,"-","Summer",NA,NA,NA,NA
"CFR Cluj","SuperLiga","Romania","2009","Arrivals","Cristian Bud","https://www.transfermarkt.com/cristian-bud/profil/spieler/104211","Centre-Forward","24","Romania","Gaz Metan","SuperLiga","Romania",1e+06,FALSE,NA,"Winter",18,17,7,1066
"CFR Cluj","SuperLiga","Romania","2009","Arrivals","Léo Veloso","https://www.transfermarkt.com/leo-veloso/profil/spieler/64360","Left-Back","22","Brazil","Willem II","Eredivisie","Netherlands",0,FALSE,NA,"Winter",12,12,0,876
"CFR Cluj","SuperLiga","Romania","2009","Arrivals","Pat Kanyuka","https://www.transfermarkt.com/pat-kanyuka/profil/spieler/29374","Centre-Back","22","England","Northampton","League Two","England",NA,FALSE,"?","Winter",NA,NA,NA,NA
"CFR Cluj","SuperLiga","Romania","2009","Arrivals","Kasali Yinka Casal","https://www.transfermarkt.com/kasali-yinka-casal/profil/spieler/60877","Left-Back","22","Nigeria","Swindon Town","League One","England",NA,FALSE,"?","Winter",NA,NA,NA,NA
"CFR Cluj","SuperLiga","Romania","2009","Arrivals","Nicolae Dică","https://www.transfermarkt.com/nicolae-dica/profil/spieler/15004","Second Striker","29","Romania","Catania","Serie A","Italy",NA,TRUE,"loan transfer","Winter",17,16,1,1053
"CFR Cluj","SuperLiga","Romania","2009","Arrivals","Roberto De Zerbi","https://www.transfermarkt.com/roberto-de-zerbi/profil/spieler/23194","Attacking Midfield","30","Italy","Napoli","Serie A","Italy",NA,TRUE,"loan transfer","Winter",5,5,0,225
"CFR Cluj","SuperLiga","Romania","2009","Arrivals","Davide Bottone","https://www.transfermarkt.com/davide-bottone/profil/spieler/54999","Central Midfield","23","Italy","Torino","Serie B","Italy",NA,TRUE,"loan transfer","Winter",10,9,0,545
"CFR Cluj","SuperLiga","Romania","2009","Arrivals","Felice Piccolo","https://www.transfermarkt.com/felice-piccolo/profil/spieler/28029","Centre-Back","26","Italy","FC Empoli","Serie B","Italy",NA,TRUE,"loan transfer","Winter",13,13,0,1155
"CFR Cluj","SuperLiga","Romania","2009","Arrivals","André Galiassi","https://www.transfermarkt.com/andre-galiassi/profil/spieler/48654","Centre-Back","29","Brazil","Kasimpasa","Süper Lig","Türkiye",NA,TRUE,"End of loan Dec 1, 2009","Winter",NA,NA,NA,NA
"CFR Cluj","SuperLiga","Romania","2009","Arrivals","Kasali Yinka Casal","https://www.transfermarkt.com/kasali-yinka-casal/profil/spieler/60877","Left-Back","22","Nigeria","Gaz Metan","SuperLiga","Romania",NA,TRUE,"End of loan Mar 1, 2010","Winter",NA,NA,NA,NA
"CFR Cluj","SuperLiga","Romania","2009","Arrivals","Vasile Curileac","https://www.transfermarkt.com/vasile-curileac/profil/spieler/43296","Goalkeeper","25","Romania","FC Snagov","Liga 2","Romania",NA,TRUE,"End of loan Dec 31, 2009","Winter",NA,NA,NA,NA
"CFR Cluj","SuperLiga","Romania","2009","Departures","Sebastián Dubarbier","https://www.transfermarkt.com/sebastian-dubarbier/profil/spieler/55866","Left-Back","23","Argentina","FC Lorient","Ligue 1","France",1500000,FALSE,NA,"Winter",26,26,5,1658
"CFR Cluj","SuperLiga","Romania","2009","Departures","André Galiassi","https://www.transfermarkt.com/andre-galiassi/profil/spieler/48654","Centre-Back","29","Brazil","Alba Iulia","SuperLiga","Romania",30000,TRUE,NA,"Winter",NA,NA,NA,NA
"CFR Cluj","SuperLiga","Romania","2009","Departures","Bogdan Mara","https://www.transfermarkt.com/bogdan-mara/profil/spieler/47602","Attacking Midfield","32","Romania","Iraklis","Super League 1","Greece",0,FALSE,NA,"Winter",25,25,1,1037
"CFR Cluj","SuperLiga","Romania","2009","Departures","André Leão","https://www.transfermarkt.com/andre-leao/profil/spieler/41786","Defensive Midfield","24","Portugal","Paços Ferreira","Liga Portugal","Portugal",0,FALSE,NA,"Winter",14,9,0,479
"CFR Cluj","SuperLiga","Romania","2009","Departures","Casian Miclăuş","https://www.transfermarkt.com/casian-miclaus/profil/spieler/43338","Left-Back","32","Romania","ASA Tg. Mures","Liga II - Seria II","Romania",0,FALSE,NA,"Winter",NA,NA,NA,NA
"CFR Cluj","SuperLiga","Romania","2009","Departures","Didi","https://www.transfermarkt.com/didi/profil/spieler/24733","Second Striker","27","Brazil","Leixões","Liga Portugal","Portugal",NA,TRUE,"loan transfer","Winter",8,8,0,226
"CFR Cluj","SuperLiga","Romania","2009","Departures","Darío Flores","https://www.transfermarkt.com/dario-flores/profil/spieler/74250","Centre-Back","25","Uruguay","Racing Club","Liga AUF Clausura","Uruguay",NA,TRUE,"loan transfer","Winter",7,7,1,392
"CFR Cluj","SuperLiga","Romania","2009","Departures","Pat Kanyuka","https://www.transfermarkt.com/pat-kanyuka/profil/spieler/29374","Centre-Back","22","England","Alba Iulia","SuperLiga","Romania",NA,TRUE,"loan transfer","Winter",NA,NA,NA,NA
"CFR Cluj","SuperLiga","Romania","2009","Departures","Kasali Yinka Casal","https://www.transfermarkt.com/kasali-yinka-casal/profil/spieler/60877","Left-Back","22","Nigeria","Gaz Metan","SuperLiga","Romania",NA,TRUE,"loan transfer","Winter",NA,NA,NA,NA
"CFR Cluj","SuperLiga","Romania","2009","Departures","Vasile Curileac","https://www.transfermarkt.com/vasile-curileac/profil/spieler/43296","Goalkeeper","25","Romania","Ariesul Turda","Liga II - Seria II","Romania",NA,TRUE,"loan transfer","Winter",NA,NA,NA,NA
"FC Dinamo 1948","SuperLiga","Romania","2009","Arrivals","George Curca","https://www.transfermarkt.com/george-curca/profil/spieler/46529","Goalkeeper","28","Romania","Farul Constanta","Liga 2","Romania",150000,TRUE,NA,"Summer",13,8,0,651
"FC Dinamo 1948","SuperLiga","Romania","2009","Arrivals","Francisco Molinero","https://www.transfermarkt.com/francisco-molinero/profil/spieler/27487","Right-Back","23","Spain","Levante","LaLiga2","Spain",0,FALSE,NA,"Summer",26,22,0,1858
"FC Dinamo 1948","SuperLiga","Romania","2009","Arrivals","Djakaridja Koné","https://www.transfermarkt.com/djakaridja-kone/profil/spieler/123305","Defensive Midfield","23","Burkina Faso","H. Petah Tikva","Ligat ha'Al","Israel",0,FALSE,NA,"Summer",30,29,0,2015
"FC Dinamo 1948","SuperLiga","Romania","2009","Arrivals","Cristian Fodor","https://www.transfermarkt.com/cristian-fodor/profil/spieler/353996","Centre-Back","25","Romania","Dunarea Galati","Liga 2","Romania",0,FALSE,NA,"Summer",NA,NA,NA,NA
"FC Dinamo 1948","SuperLiga","Romania","2009","Arrivals","Laurențiu Rus","https://www.transfermarkt.com/laurentiu-rus/profil/spieler/123289","Defensive Midfield","24","Romania","Liberty Salonta",NA,"Romania",0,FALSE,NA,"Summer",28,26,0,1517
"FC Dinamo 1948","SuperLiga","Romania","2009","Arrivals","Cristian Munteanu","https://www.transfermarkt.com/cristian-munteanu/profil/spieler/26032","Goalkeeper","34","Romania","CS Otopeni","Liga II - Seria II","Romania",NA,FALSE,"?","Summer",7,6,0,540
"FC Dinamo 1948","SuperLiga","Romania","2009","Arrivals","Daniel Vadrariu","https://www.transfermarkt.com/daniel-vadrariu/profil/spieler/132218","Left Midfield","19","Romania","Jiul Petrosani","Liga II - Seria II","Romania",NA,FALSE,"?","Summer",NA,NA,NA,NA
"FC Dinamo 1948","SuperLiga","Romania","2009","Arrivals","Martín Díaz","https://www.transfermarkt.com/martin-diaz/profil/spieler/143960","Centre-Back","21","Uruguay","Defensor SC","Liga AUF Clausura","Uruguay",NA,TRUE,"loan transfer","Summer",NA,NA,NA,NA
"FC Dinamo 1948","SuperLiga","Romania","2009","Arrivals","Dragoș Grigore","https://www.transfermarkt.com/dragos-grigore/profil/spieler/95182","Centre-Back","22","Romania","Dinamo II","Liga 2","Romania",NA,FALSE,"-","Summer",15,14,0,1026
"FC Dinamo 1948","SuperLiga","Romania","2009","Arrivals","Andrei Cristea","https://www.transfermarkt.com/andrei-cristea/profil/spieler/26491","Centre-Forward","25","Romania","Poli Iasi","SuperLiga","Romania",NA,TRUE,"End of loan Jun 30, 2009","Summer",38,38,20,3105
"FC Dinamo 1948","SuperLiga","Romania","2009","Arrivals","Liviu Ganea","https://www.transfermarkt.com/liviu-ganea/profil/spieler/45267","Centre-Forward","21","Romania","CS Otopeni","SuperLiga","Romania",NA,TRUE,"End of loan Jun 30, 2009","Summer",NA,NA,NA,NA
"FC Dinamo 1948","SuperLiga","Romania","2009","Arrivals","Silviu Izvoranu","https://www.transfermarkt.com/silviu-izvoranu/profil/spieler/47165","Centre-Back","26","Romania","Astra Giurgiu","SuperLiga","Romania",NA,TRUE,"End of loan Aug 1, 2009","Summer",NA,NA,NA,NA
"FC Dinamo 1948","SuperLiga","Romania","2009","Arrivals","Nino Pekaric","https://www.transfermarkt.com/nino-pekaric/profil/spieler/28694","Centre-Back","26","Serbia","Red Star","Super liga Srbije","Serbia",NA,TRUE,"End of loan Jun 30, 2009","Summer",NA,NA,NA,NA
"FC Dinamo 1948","SuperLiga","Romania","2009","Arrivals","Hristu Chiacu","https://www.transfermarkt.com/hristu-chiacu/profil/spieler/41623","Right Midfield","22","Romania","Astra Giurgiu","SuperLiga","Romania",NA,TRUE,"End of loan Aug 1, 2009","Summer",NA,NA,NA,NA
"FC Dinamo 1948","SuperLiga","Romania","2009","Arrivals","Hristu Chiacu","https://www.transfermarkt.com/hristu-chiacu/profil/spieler/41623","Right Midfield","22","Romania","CS Otopeni","SuperLiga","Romania",NA,TRUE,"End of loan Jun 30, 2009","Summer",NA,NA,NA,NA
"FC Dinamo 1948","SuperLiga","Romania","2009","Arrivals","Blagoja Todorovski","https://www.transfermarkt.com/blagoja-todorovski/profil/spieler/26321","Right-Back","24","North Macedonia","Gloria Bistrita","SuperLiga","Romania",NA,TRUE,"End of loan Jun 30, 2009","Summer",NA,NA,NA,NA
"FC Dinamo 1948","SuperLiga","Romania","2009","Arrivals","Marius Alexe","https://www.transfermarkt.com/marius-alexe/profil/spieler/48678","Centre-Forward","19","Romania","Astra Giurgiu","SuperLiga","Romania",NA,TRUE,"End of loan Sep 1, 2009","Summer",31,31,5,1966
"FC Dinamo 1948","SuperLiga","Romania","2009","Arrivals","Cornel Predescu","https://www.transfermarkt.com/cornel-predescu/profil/spieler/44943","Attacking Midfield","21","Romania","Astra Giurgiu","SuperLiga","Romania",NA,TRUE,"End of loan Aug 1, 2009","Summer",NA,NA,NA,NA
"FC Dinamo 1948","SuperLiga","Romania","2009","Departures","Cristian Melinte","https://www.transfermarkt.com/cristian-melinte/profil/spieler/63461","Centre-Back","21","Romania","Palermo","Serie A","Italy",6e+05,FALSE,NA,"Summer",NA,NA,NA,NA
"FC Dinamo 1948","SuperLiga","Romania","2009","Departures","Ionel Dănciulescu","https://www.transfermarkt.com/ionel-danciulescu/profil/spieler/19405","Centre-Forward","32","Romania","Hércules CF","LaLiga2","Spain",3e+05,FALSE,NA,"Summer",6,6,2,303
"FC Dinamo 1948","SuperLiga","Romania","2009","Departures","Hristu Chiacu","https://www.transfermarkt.com/hristu-chiacu/profil/spieler/41623","Right Midfield","22","Romania","Astra Giurgiu","SuperLiga","Romania",3e+05,TRUE,NA,"Summer",NA,NA,NA,NA
"FC Dinamo 1948","SuperLiga","Romania","2009","Departures","Hristu Chiacu","https://www.transfermarkt.com/hristu-chiacu/profil/spieler/41623","Right Midfield","22","Romania","Poli. Timisoara","SuperLiga","Romania",150000,TRUE,NA,"Summer",NA,NA,NA,NA
"FC Dinamo 1948","SuperLiga","Romania","2009","Departures","Silviu Izvoranu","https://www.transfermarkt.com/silviu-izvoranu/profil/spieler/47165","Centre-Back","26","Romania","Astra Giurgiu","SuperLiga","Romania",1e+05,TRUE,NA,"Summer",NA,NA,NA,NA
"FC Dinamo 1948","SuperLiga","Romania","2009","Departures","Dan Bucsa","https://www.transfermarkt.com/dan-bucsa/profil/spieler/213583","Defensive Midfield","21","Romania","U Cluj","Liga II - Seria II","Romania",50000,FALSE,NA,"Summer",NA,NA,NA,NA
"FC Dinamo 1948","SuperLiga","Romania","2009","Departures","Bruno Simão","https://www.transfermarkt.com/bruno-simao/profil/spieler/48902","Left-Back","24","Portugal","Slo. Bratislava","Niké Liga","Slovakia",0,FALSE,NA,"Summer",NA,NA,NA,NA
"FC Dinamo 1948","SuperLiga","Romania","2009","Departures","Aleksandrs Kolinko","https://www.transfermarkt.com/aleksandrs-kolinko/profil/spieler/15318","Goalkeeper","34","Latvia","JFK Ventspils","Virsliga","Latvia",0,FALSE,NA,"Summer",NA,NA,NA,NA
"FC Dinamo 1948","SuperLiga","Romania","2009","Departures","Nicolae Mitea","https://www.transfermarkt.com/nicolae-mitea/profil/spieler/7433","Left Winger","24","Romania","Ionikos Nikeas","Football League","Greece",0,FALSE,NA,"Summer",NA,NA,NA,NA
"FC Dinamo 1948","SuperLiga","Romania","2009","Departures","Anoh Attoukora","https://www.transfermarkt.com/anoh-attoukora/profil/spieler/81770","Left Winger","20","Cote d'Ivoire","Stella Club",NA,"Cote d'Ivoire",0,FALSE,NA,"Summer",NA,NA,NA,NA
"FC Dinamo 1948","SuperLiga","Romania","2009","Departures","Alexandru Dragomir","https://www.transfermarkt.com/alexandru-dragomir/profil/spieler/142439","Left-Back","24","Romania","Rm. Valcea","Liga II - Seria II","Romania",0,FALSE,NA,"Summer",NA,NA,NA,NA
"FC Dinamo 1948","SuperLiga","Romania","2009","Departures","Nino Pekaric","https://www.transfermarkt.com/nino-pekaric/profil/spieler/28694","Centre-Back","26","Serbia","Unknown",NA,NA,NA,FALSE,"?","Summer",NA,NA,NA,NA
"FC Dinamo 1948","SuperLiga","Romania","2009","Departures","Bogdan Lobonț","https://www.transfermarkt.com/bogdan-lobont/profil/spieler/4310","Goalkeeper","31","Romania","AS Roma","Serie A","Italy",NA,TRUE,"loan transfer","Summer",NA,NA,NA,NA
"FC Dinamo 1948","SuperLiga","Romania","2009","Departures","Osvaldo Miranda","https://www.transfermarkt.com/osvaldo-miranda/profil/spieler/30856","Centre-Forward","25","Argentina","Astra Giurgiu","SuperLiga","Romania",NA,TRUE,"loan transfer","Summer",NA,NA,NA,NA
"FC Dinamo 1948","SuperLiga","Romania","2009","Departures","Liviu Ganea","https://www.transfermarkt.com/liviu-ganea/profil/spieler/45267","Centre-Forward","21","Romania","Astra Giurgiu","SuperLiga","Romania",NA,TRUE,"loan transfer","Summer",NA,NA,NA,NA
"FC Dinamo 1948","SuperLiga","Romania","2009","Departures","Silviu Izvoranu","https://www.transfermarkt.com/silviu-izvoranu/profil/spieler/47165","Centre-Back","26","Romania","Curtea de Arges","SuperLiga","Romania",NA,TRUE,"loan transfer","Summer",NA,NA,NA,NA
"FC Dinamo 1948","SuperLiga","Romania","2009","Departures","Sergiu Homei","https://www.transfermarkt.com/sergiu-homei/profil/spieler/48140","Right-Back","22","Romania","Gloria Bistrita","SuperLiga","Romania",NA,TRUE,"loan transfer","Summer",NA,NA,NA,NA
"FC Dinamo 1948","SuperLiga","Romania","2009","Departures","Cristian Munteanu","https://www.transfermarkt.com/cristian-munteanu/profil/spieler/26032","Goalkeeper","34","Romania","Astra Giurgiu","SuperLiga","Romania",NA,TRUE,"loan transfer","Summer",7,6,0,540
"FC Dinamo 1948","SuperLiga","Romania","2009","Departures","Blagoja Todorovski","https://www.transfermarkt.com/blagoja-todorovski/profil/spieler/26321","Right-Back","24","North Macedonia","Renova",NA,"North Macedonia",NA,TRUE,"loan transfer","Summer",NA,NA,NA,NA
"FC Dinamo 1948","SuperLiga","Romania","2009","Departures","Nicolae Musat","https://www.transfermarkt.com/nicolae-musat/profil/spieler/53196","Left-Back","22","Romania","U Cluj","Liga II - Seria II","Romania",NA,TRUE,"loan transfer","Summer",NA,NA,NA,NA
"FC Dinamo 1948","SuperLiga","Romania","2009","Departures","Cornel Predescu","https://www.transfermarkt.com/cornel-predescu/profil/spieler/44943","Attacking Midfield","21","Romania","Astra Giurgiu","SuperLiga","Romania",NA,TRUE,"loan transfer","Summer",NA,NA,NA,NA
"FC Dinamo 1948","SuperLiga","Romania","2009","Departures","Daniel Vadrariu","https://www.transfermarkt.com/daniel-vadrariu/profil/spieler/132218","Left Midfield","19","Romania","Astra Giurgiu","SuperLiga","Romania",NA,TRUE,"loan transfer","Summer",NA,NA,NA,NA
"FC Dinamo 1948","SuperLiga","Romania","2009","Departures","Adrian Popa","https://www.transfermarkt.com/adrian-popa/profil/spieler/214091","Centre-Back","19","Romania","FC Snagov","Liga 2","Romania",NA,TRUE,"loan transfer","Summer",NA,NA,NA,NA
"FC Dinamo 1948","SuperLiga","Romania","2009","Departures","Papa Malick Ba","https://www.transfermarkt.com/papa-malick-ba/profil/spieler/33021","Defensive Midfield","28","Senegal","Without Club",NA,NA,NA,FALSE,"-","Summer",NA,NA,NA,NA
"FC Dinamo 1948","SuperLiga","Romania","2009","Departures","George Blay","https://www.transfermarkt.com/george-blay/profil/spieler/12499","Right-Back","28","Ghana","Without Club",NA,NA,NA,FALSE,"-","Summer",NA,NA,NA,NA
"FC Dinamo 1948","SuperLiga","Romania","2009","Departures","Innocent Awoa","https://www.transfermarkt.com/innocent-awoa/profil/spieler/81771","Right-Back","21","Cameroon","Without Club",NA,NA,NA,FALSE,"-","Summer",NA,NA,NA,NA
"FC Dinamo 1948","SuperLiga","Romania","2009","Departures","Silviu Posteuca","https://www.transfermarkt.com/silviu-posteuca/profil/spieler/45302","Goalkeeper","24","Romania",NA,NA,NA,NA,FALSE,"-","Summer",NA,NA,NA,NA
"FC Dinamo 1948","SuperLiga","Romania","2009","Arrivals","Andrei Mărgăritescu","https://www.transfermarkt.com/andrei-margaritescu/profil/spieler/26040","Defensive Midfield","30","Romania","Akhmat Grozny","Premier Liga","Russia",0,FALSE,NA,"Winter",7,6,0,385
"FC Dinamo 1948","SuperLiga","Romania","2009","Arrivals","Martin Zivny","https://www.transfermarkt.com/martin-zivny/profil/spieler/5086","Centre-Back","28","Czech Republic","Austria Kärnten","Bundesliga","Austria",0,FALSE,NA,"Winter",1,1,0,90
"FC Dinamo 1948","SuperLiga","Romania","2009","Arrivals","Claudiu Vilcu","https://www.transfermarkt.com/claudiu-vilcu/profil/spieler/283633","Centre-Back","22","Romania","Daco-Getica",NA,"Romania",NA,FALSE,"?","Winter",NA,NA,NA,NA
"FC Dinamo 1948","SuperLiga","Romania","2009","Arrivals","Cristian Daminuță","https://www.transfermarkt.com/cristian-daminuta/profil/spieler/47873","Defensive Midfield","19","Romania","Inter","Serie A","Italy",NA,TRUE,"loan transfer","Winter",3,2,0,42
"FC Dinamo 1948","SuperLiga","Romania","2009","Arrivals","Martín Díaz","https://www.transfermarkt.com/martin-diaz/profil/spieler/143960","Centre-Back","21","Uruguay","Defensor SC","Liga AUF Clausura","Uruguay",NA,TRUE,"loan transfer","Winter",NA,NA,NA,NA
"FC Dinamo 1948","SuperLiga","Romania","2009","Arrivals","Osvaldo Miranda","https://www.transfermarkt.com/osvaldo-miranda/profil/spieler/30856","Centre-Forward","25","Argentina","Astra Giurgiu","SuperLiga","Romania",NA,TRUE,"End of loan Dec 30, 2009","Winter",NA,NA,NA,NA
"FC Dinamo 1948","SuperLiga","Romania","2009","Arrivals","Silviu Izvoranu","https://www.transfermarkt.com/silviu-izvoranu/profil/spieler/47165","Centre-Back","26","Romania","Curtea de Arges","SuperLiga","Romania",NA,TRUE,"End of loan Dec 1, 2009","Winter",NA,NA,NA,NA
"FC Dinamo 1948","SuperLiga","Romania","2009","Arrivals","Cristian Munteanu","https://www.transfermarkt.com/cristian-munteanu/profil/spieler/26032","Goalkeeper","35","Romania","Astra Giurgiu","SuperLiga","Romania",NA,TRUE,"End of loan Dec 1, 2009","Winter",7,6,0,540
"FC Dinamo 1948","SuperLiga","Romania","2009","Arrivals","Georgian Păun","https://www.transfermarkt.com/georgian-paun/profil/spieler/74552","Left Winger","24","Romania","Astra Giurgiu","SuperLiga","Romania",NA,TRUE,"End of loan Dec 1, 2009","Winter",NA,NA,NA,NA
"FC Dinamo 1948","SuperLiga","Romania","2009","Departures","Zé Kalanga","https://www.transfermarkt.com/ze-kalanga/profil/spieler/39988","Right Winger","26","Angola","C.R.D. Libolo",NA,"Angola",5e+05,FALSE,NA,"Winter",5,2,0,24
"FC Dinamo 1948","SuperLiga","Romania","2009","Departures","Florin Matache","https://www.transfermarkt.com/florin-matache/profil/spieler/26031","Goalkeeper","27","Romania","U Cluj","Liga II - Seria II","Romania",2e+05,FALSE,NA,"Winter",5,2,0,210
"FC Dinamo 1948","SuperLiga","Romania","2009","Departures","Osvaldo Miranda","https://www.transfermarkt.com/osvaldo-miranda/profil/spieler/30856","Centre-Forward","25","Argentina","Belgrano","Primera Nacional","Argentina",NA,TRUE,"loan transfer","Winter",NA,NA,NA,NA
"FC Dinamo 1948","SuperLiga","Romania","2009","Departures","Georgian Păun","https://www.transfermarkt.com/georgian-paun/profil/spieler/74552","Left Winger","24","Romania","Poli Iasi","SuperLiga","Romania",NA,TRUE,"loan transfer","Winter",NA,NA,NA,NA
"FC Dinamo 1948","SuperLiga","Romania","2009","Departures","Silviu Izvoranu","https://www.transfermarkt.com/silviu-izvoranu/profil/spieler/47165","Centre-Back","27","Romania","Dinamo II","Liga 2","Romania",NA,FALSE,"-","Winter",NA,NA,NA,NA
"FC Dinamo 1948","SuperLiga","Romania","2009","Departures","Gabriel Tamaș","https://www.transfermarkt.com/gabriel-tamas/profil/spieler/6893","Centre-Back","26","Romania","AJ Auxerre","Ligue 1","France",NA,TRUE,"End of loan Dec 1, 2009","Winter",21,20,3,1644
"FC Dinamo 1948","SuperLiga","Romania","2009","Departures","Martín Díaz","https://www.transfermarkt.com/martin-diaz/profil/spieler/143960","Centre-Back","21","Uruguay","Defensor SC","Liga AUF Clausura","Uruguay",NA,TRUE,"End of loan Dec 31, 2009","Winter",NA,NA,NA,NA
"FC Rapid 1923","SuperLiga","Romania","2009","Arrivals","Mircea Bornescu","https://www.transfermarkt.com/mircea-bornescu/profil/spieler/47569","Goalkeeper","29","Romania","FC U Craiova","SuperLiga","Romania",3e+05,FALSE,NA,"Summer",24,24,0,2138
"FC Rapid 1923","SuperLiga","Romania","2009","Arrivals","Hélder","https://www.transfermarkt.com/helder/profil/spieler/75096","Right-Back","21","Brazil","AS Nancy","Ligue 1","France",2e+05,TRUE,NA,"Summer",28,28,2,1977
"FC Rapid 1923","SuperLiga","Romania","2009","Arrivals","Adrian Iordache","https://www.transfermarkt.com/adrian-iordache/profil/spieler/26038","Centre-Back","28","Romania","AEL Limassol","Cyprus League","Cyprus",0,FALSE,NA,"Summer",13,12,1,917
"FC Rapid 1923","SuperLiga","Romania","2009","Arrivals","Darijan Matic","https://www.transfermarkt.com/darijan-matic/profil/spieler/34641","Defensive Midfield","26","Slovenia","NK Interblock","Prva Liga","Slovenia",0,FALSE,NA,"Summer",30,30,1,2121
"FC Rapid 1923","SuperLiga","Romania","2009","Arrivals","George Tene","https://www.transfermarkt.com/george-tene/profil/spieler/133859","Attacking Midfield","20","Romania","Rapid 1923 II",NA,"Romania",NA,FALSE,"-","Summer",2,2,0,23
"FC Rapid 1923","SuperLiga","Romania","2009","Arrivals","Cătălin Straton","https://www.transfermarkt.com/catalin-straton/profil/spieler/123251","Goalkeeper","19","Romania","Rapid 1923 II",NA,"Romania",NA,FALSE,"-","Summer",4,3,0,270
"FC Rapid 1923","SuperLiga","Romania","2009","Arrivals","Virgil Drăghia","https://www.transfermarkt.com/virgil-draghia/profil/spieler/122652","Goalkeeper","18","Romania","Rapid 1923 II",NA,"Romania",NA,FALSE,"-","Summer",0,0,0,0
"FC Rapid 1923","SuperLiga","Romania","2009","Arrivals","Mugurel Buga","https://www.transfermarkt.com/mugurel-buga/profil/spieler/35434","Centre-Forward","31","Romania","FC Brasov","SuperLiga","Romania",NA,TRUE,"End of loan Jun 30, 2009","Summer",14,14,6,947
"FC Rapid 1923","SuperLiga","Romania","2009","Arrivals","Catalin Paun","https://www.transfermarkt.com/catalin-paun/profil/spieler/53214","Centre-Back","21","Romania","Gloria Bistrita","SuperLiga","Romania",NA,TRUE,"End of loan Jun 30, 2009","Summer",9,9,0,507
"FC Rapid 1923","SuperLiga","Romania","2009","Departures","Vasile Maftei","https://www.transfermarkt.com/vasile-maftei/profil/spieler/34505","Centre-Back","28","Romania","Unirea Urziceni","SuperLiga","Romania",5e+05,FALSE,NA,"Summer",NA,NA,NA,NA
"FC Rapid 1923","SuperLiga","Romania","2009","Departures","Radomir Djalovic","https://www.transfermarkt.com/radomir-djalovic/profil/spieler/28954","Centre-Forward","26","Montenegro","HNK Rijeka","SuperSport HNL","Croatia",2e+05,TRUE,NA,"Summer",2,2,0,65
"FC Rapid 1923","SuperLiga","Romania","2009","Departures","Andrade","https://www.transfermarkt.com/andrade/profil/spieler/54703","Goalkeeper","30","Portugal","Marseille","Ligue 1","France",2e+05,FALSE,NA,"Summer",NA,NA,NA,NA
"FC Rapid 1923","SuperLiga","Romania","2009","Departures","Urko Pardo","https://www.transfermarkt.com/urko-pardo/profil/spieler/9941","Goalkeeper","26","Cyprus","Olympiacos","Super League 1","Greece",2e+05,TRUE,NA,"Summer",NA,NA,NA,NA
"FC Rapid 1923","SuperLiga","Romania","2009","Departures","Emil Dica","https://www.transfermarkt.com/emil-dica/profil/spieler/34509","Defensive Midfield","26","Romania","CFR Cluj","SuperLiga","Romania",0,FALSE,NA,"Summer",NA,NA,NA,NA
"FC Rapid 1923","SuperLiga","Romania","2009","Departures","Nicolae Grigore","https://www.transfermarkt.com/nicolae-grigore/profil/spieler/35437","Central Midfield","25","Romania","FC Brasov","SuperLiga","Romania",0,FALSE,NA,"Summer",NA,NA,NA,NA
"FC Rapid 1923","SuperLiga","Romania","2009","Departures","Kassaly Daouda","https://www.transfermarkt.com/kassaly-daouda/profil/spieler/65031","Goalkeeper","25","Niger","Coton Sport FC",NA,"Cameroon",0,FALSE,NA,"Summer",NA,NA,NA,NA
"FC Rapid 1923","SuperLiga","Romania","2009","Departures","Alexandru Dobroiu","https://www.transfermarkt.com/alexandru-dobroiu/profil/spieler/53883","Centre-Forward","21","Romania","Rm. Valcea","Liga II - Seria II","Romania",NA,TRUE,"loan transfer","Summer",4,4,0,30
"FC Rapid 1923","SuperLiga","Romania","2009","Departures","Dănuț Perjă","https://www.transfermarkt.com/danut-perja/profil/spieler/34513","Centre-Back","34","Romania",NA,NA,NA,NA,FALSE,"-","Summer",NA,NA,NA,NA
"FC Rapid 1923","SuperLiga","Romania","2009","Departures","João Paulo","https://www.transfermarkt.com/joao-paulo/profil/spieler/14110","Centre-Back","28","Portugal","FC Porto","Liga Portugal","Portugal",NA,TRUE,"End of loan Jun 30, 2009","Summer",8,8,1,444
"FC Rapid 1923","SuperLiga","Romania","2009","Departures","Cláudio Pitbull","https://www.transfermarkt.com/claudio-pitbull/profil/spieler/14149","Centre-Forward","27","Brazil","FC Porto","Liga Portugal","Portugal",NA,TRUE,"End of loan Jun 1, 2009","Summer",NA,NA,NA,NA
"FC Rapid 1923","SuperLiga","Romania","2009","Arrivals","Mircea Bornescu","https://www.transfermarkt.com/mircea-bornescu/profil/spieler/47569","Goalkeeper","29","Romania","FC U Craiova","SuperLiga","Romania",3e+05,FALSE,NA,"Winter",24,24,0,2138
"FC Rapid 1923","SuperLiga","Romania","2009","Arrivals","Edgars Gauracs","https://www.transfermarkt.com/edgars-gauracs/profil/spieler/44271","Centre-Forward","21","Latvia","JFK Ventspils","Virsliga","Latvia",50000,TRUE,NA,"Winter",6,6,0,133
"FC Rapid 1923","SuperLiga","Romania","2009","Arrivals","Cristian Săpunaru","https://www.transfermarkt.com/cristian-sapunaru/profil/spieler/25942","Centre-Back","25","Romania","FC Porto","Liga Portugal","Portugal",NA,TRUE,"loan transfer","Winter",10,10,3,892
"FC Rapid 1923","SuperLiga","Romania","2009","Arrivals","Dacian Varga","https://www.transfermarkt.com/dacian-varga/profil/spieler/64252","Left Midfield","25","Romania","Sportul S.","Liga 2","Romania",NA,TRUE,"loan transfer","Winter",1,1,0,90
"FC Rapid 1923","SuperLiga","Romania","2009","Arrivals","Tiberiu Bălan","https://www.transfermarkt.com/tiberiu-balan/profil/spieler/64101","Attacking Midfield","28","Romania","Sportul S.","Liga 2","Romania",NA,TRUE,"loan transfer","Winter",1,1,0,73
"FC Rapid 1923","SuperLiga","Romania","2009","Arrivals","Ilie Iordache","https://www.transfermarkt.com/ilie-iordache/profil/spieler/47877","Left Winger","24","Romania","AEK Athens","Super League 1","Greece",NA,TRUE,"loan transfer","Winter",12,12,0,443
"FC Rapid 1923","SuperLiga","Romania","2009","Arrivals","Diego Ciz","https://www.transfermarkt.com/diego-ciz/profil/spieler/82793","Left-Back","28","Uruguay","Olimpia",NA,"Paraguay",NA,TRUE,"loan transfer","Winter",10,10,0,782
"FC Rapid 1923","SuperLiga","Romania","2009","Arrivals","Alexandru Dobroiu","https://www.transfermarkt.com/alexandru-dobroiu/profil/spieler/53883","Centre-Forward","21","Romania","Rm. Valcea","Liga II - Seria II","Romania",NA,TRUE,"End of loan Dec 31, 2009","Winter",4,4,0,30
"FC Rapid 1923","SuperLiga","Romania","2009","Departures","Mugurel Buga","https://www.transfermarkt.com/mugurel-buga/profil/spieler/35434","Centre-Forward","32","Romania","AO Xanthi","Super League 1","Greece",0,FALSE,NA,"Winter",14,14,6,947
"FC Rapid 1923","SuperLiga","Romania","2009","Departures","João Paulo","https://www.transfermarkt.com/joao-paulo/profil/spieler/14309","Centre-Forward","29","Portugal","Leixões","Liga Portugal","Portugal",NA,FALSE,"?","Winter",8,8,1,444
"Unirea Urziceni ( - 2011)",NA,NA,"2009","Arrivals","Vasile Maftei","https://www.transfermarkt.com/vasile-maftei/profil/spieler/34505","Centre-Back","28","Romania","FC Rapid 1923","SuperLiga","Romania",5e+05,FALSE,NA,"Summer",38,38,1,3358
"Unirea Urziceni ( - 2011)",NA,NA,"2009","Arrivals","Laurențiu Marinescu","https://www.transfermarkt.com/laurentiu-marinescu/profil/spieler/123854","Attacking Midfield","24","Romania","Petrolul","Liga 2","Romania",1e+05,FALSE,NA,"Summer",17,16,2,750
"Unirea Urziceni ( - 2011)",NA,NA,"2009","Arrivals","Daniel Munteanu","https://www.transfermarkt.com/daniel-munteanu/profil/spieler/48879","Centre-Back","31","Romania","FC Vaslui","SuperLiga","Romania",70000,FALSE,NA,"Summer",2,1,0,90
"Unirea Urziceni ( - 2011)",NA,NA,"2009","Arrivals","Dacian Varga","https://www.transfermarkt.com/dacian-varga/profil/spieler/64252","Left Midfield","24","Romania","Sportul S.","Liga 2","Romania",50000,TRUE,NA,"Summer",14,14,2,982
"Unirea Urziceni ( - 2011)",NA,NA,"2009","Arrivals","António Semedo","https://www.transfermarkt.com/antonio-semedo/profil/spieler/13207","Right Winger","30","Portugal","FCSB","SuperLiga","Romania",0,FALSE,NA,"Summer",32,31,6,1790
"Unirea Urziceni ( - 2011)",NA,NA,"2009","Arrivals","Sorin Paraschiv","https://www.transfermarkt.com/sorin-paraschiv/profil/spieler/26503","Defensive Midfield","28","Romania","Rimini","Serie C - B","Italy",0,FALSE,NA,"Summer",32,30,0,2048
"Unirea Urziceni ( - 2011)",NA,NA,"2009","Arrivals","Szabolcs Szekely","https://www.transfermarkt.com/szabolcs-szekely/profil/spieler/48908","Centre-Forward","24","Romania","CFR Timisoara",NA,"Romania",NA,TRUE,"End of loan Jun 30, 2009","Summer",NA,NA,NA,NA
"Unirea Urziceni ( - 2011)",NA,NA,"2009","Departures","George Bârlădeanu","https://www.transfermarkt.com/george-barladeanu/profil/spieler/64110","Right Midfield","21","Romania","Poli Iasi","SuperLiga","Romania",1e+05,FALSE,NA,"Summer",NA,NA,NA,NA
"Unirea Urziceni ( - 2011)",NA,NA,"2009","Departures","Jacob Burns","https://www.transfermarkt.com/jacob-burns/profil/spieler/4096","Defensive Midfield","31","Australia","Perth Glory","A-League Men","Australia",0,FALSE,NA,"Summer",NA,NA,NA,NA
"Unirea Urziceni ( - 2011)",NA,NA,"2009","Departures","László Balint","https://www.transfermarkt.com/laszlo-balint/profil/spieler/43278","Centre-Back","30","Romania","Diósgyőr","NB I.","Hungary",0,FALSE,NA,"Summer",NA,NA,NA,NA
"Unirea Urziceni ( - 2011)",NA,NA,"2009","Departures","Wale Amusan","https://www.transfermarkt.com/wale-amusan/profil/spieler/58637","Striker","20","Nigeria","Lobi Stars",NA,"Nigeria",0,FALSE,NA,"Summer",NA,NA,NA,NA
"Unirea Urziceni ( - 2011)",NA,NA,"2009","Departures","Dan Matei","https://www.transfermarkt.com/dan-matei/profil/spieler/46589","Centre-Back","28","Romania","Curtea de Arges","SuperLiga","Romania",NA,TRUE,"loan transfer","Summer",NA,NA,NA,NA
"Unirea Urziceni ( - 2011)",NA,NA,"2009","Departures","Daniel Stan","https://www.transfermarkt.com/daniel-stan/profil/spieler/47469","Left Winger","31","Romania","Curtea de Arges","SuperLiga","Romania",NA,TRUE,"loan transfer","Summer",NA,NA,NA,NA
"Unirea Urziceni ( - 2011)",NA,NA,"2009","Departures","Sorin Rădoi","https://www.transfermarkt.com/sorin-radoi/profil/spieler/47180","Right-Back","24","Romania","Alba Iulia","SuperLiga","Romania",NA,TRUE,"loan transfer","Summer",NA,NA,NA,NA
"Unirea Urziceni ( - 2011)",NA,NA,"2009","Departures","Dacian Varga","https://www.transfermarkt.com/dacian-varga/profil/spieler/64252","Left Midfield","24","Romania","Sportul S.","Liga 2","Romania",NA,TRUE,"End of loan Jun 30, 2009","Summer",14,14,2,982
"Unirea Urziceni ( - 2011)",NA,NA,"2009","Arrivals","Dan Matei","https://www.transfermarkt.com/dan-matei/profil/spieler/46589","Centre-Back","28","Romania","Curtea de Arges","SuperLiga","Romania",NA,TRUE,"End of loan Dec 31, 2009","Winter",NA,NA,NA,NA
"Unirea Urziceni ( - 2011)",NA,NA,"2009","Departures","Cristian Danalache","https://www.transfermarkt.com/cristian-danalache/profil/spieler/48830","Centre-Forward","27","Romania","Al-Ettifaq","Saudi Pro League","Saudi Arabia",NA,FALSE,"?","Winter",11,9,1,366
"Unirea Urziceni ( - 2011)",NA,NA,"2009","Departures","Dan Matei","https://www.transfermarkt.com/dan-matei/profil/spieler/46589","Centre-Back","28","Romania","Gloria Bistrita","SuperLiga","Romania",NA,TRUE,"loan transfer","Winter",NA,NA,NA,NA
"Unirea Urziceni ( - 2011)",NA,NA,"2009","Departures","Szabolcs Szekely","https://www.transfermarkt.com/szabolcs-szekely/profil/spieler/48908","Centre-Forward","24","Romania","Ariesul Turda","Liga II - Seria II","Romania",NA,TRUE,"loan transfer","Winter",NA,NA,NA,NA
"Unirea Urziceni ( - 2011)",NA,NA,"2009","Departures","Dacian Varga","https://www.transfermarkt.com/dacian-varga/profil/spieler/64252","Left Midfield","25","Romania","Sportul S.","Liga 2","Romania",NA,TRUE,"End of loan Dec 31, 2009","Winter",14,14,2,982
"Unirea Urziceni ( - 2011)",NA,NA,"2009","Departures","Tiberiu Bălan","https://www.transfermarkt.com/tiberiu-balan/profil/spieler/64101","Attacking Midfield","28","Romania","Sportul S.","Liga 2","Romania",NA,TRUE,"End of loan Dec 1, 2009","Winter",14,14,0,852
"FC Vaslui (- 2014)",NA,NA,"2009","Arrivals","Willian","https://www.transfermarkt.com/willian/profil/spieler/48772","Attacking Midfield","24","Brazil","Farul Constanta","Liga 2","Romania",950000,FALSE,NA,"Summer",28,28,4,2253
"FC Vaslui (- 2014)",NA,NA,"2009","Arrivals","Roberto Delgado","https://www.transfermarkt.com/roberto-delgado/profil/spieler/16856","Second Striker","23","Italy","Potenza","Serie C - B","Italy",1e+05,FALSE,NA,"Summer",25,25,2,917
"FC Vaslui (- 2014)",NA,NA,"2009","Arrivals","Raul Costin","https://www.transfermarkt.com/raul-costin/profil/spieler/46523","Central Midfield","24","Romania","CS Mioveni","Liga II - Seria II","Romania",1e+05,FALSE,NA,"Summer",30,29,3,1766
"FC Vaslui (- 2014)",NA,NA,"2009","Arrivals","Alessio Chiaverini","https://www.transfermarkt.com/alessio-chiaverini/profil/spieler/339239","Goalkeeper","24","Italy","Sandonà",NA,"Italy",NA,FALSE,"?","Summer",NA,NA,NA,NA
"FC Vaslui (- 2014)",NA,NA,"2009","Arrivals","Constantin Gângioveanu","https://www.transfermarkt.com/constantin-gangioveanu/profil/spieler/48779","Left Winger","19","Romania","FC U Craiova","SuperLiga","Romania",NA,TRUE,"loan transfer","Summer",6,5,0,172
"FC Vaslui (- 2014)",NA,NA,"2009","Arrivals","Petar Jovanovic","https://www.transfermarkt.com/petar-jovanovic/profil/spieler/46576","Right-Back","26","Serbia","Poli Iasi","SuperLiga","Romania",NA,TRUE,"End of loan Jun 30, 2009","Summer",1,1,0,1
"FC Vaslui (- 2014)",NA,NA,"2009","Arrivals","Cristian Haisan","https://www.transfermarkt.com/cristian-haisan/profil/spieler/46558","Goalkeeper","28","Romania","FCM Bacau",NA,"Romania",NA,TRUE,"End of loan Jun 30, 2009","Summer",21,15,0,1335
"FC Vaslui (- 2014)",NA,NA,"2009","Arrivals","Razvan Neagu","https://www.transfermarkt.com/razvan-neagu/profil/spieler/46607","Centre-Forward","22","Romania","FCM Bacau",NA,"Romania",NA,TRUE,"End of loan Jun 30, 2009","Summer",10,10,0,247
"FC Vaslui (- 2014)",NA,NA,"2009","Arrivals","Mihai Luca","https://www.transfermarkt.com/mihai-luca/profil/spieler/48784","Goalkeeper","21","Romania","Cetatea Suceava",NA,"Romania",NA,TRUE,"End of loan Jun 30, 2009","Summer",NA,NA,NA,NA
"FC Vaslui (- 2014)",NA,NA,"2009","Departures","Daniel Munteanu","https://www.transfermarkt.com/daniel-munteanu/profil/spieler/48879","Centre-Back","31","Romania","Unirea Urziceni","SuperLiga","Romania",70000,FALSE,NA,"Summer",NA,NA,NA,NA
"FC Vaslui (- 2014)",NA,NA,"2009","Departures","Ahmed Madouni","https://www.transfermarkt.com/ahmed-madouni/profil/spieler/1254","Centre-Back","28","Algeria","Clermont Foot","Ligue 2","France",0,FALSE,NA,"Summer",NA,NA,NA,NA
"FC Vaslui (- 2014)",NA,NA,"2009","Departures","Petar Jovanovic","https://www.transfermarkt.com/petar-jovanovic/profil/spieler/46576","Right-Back","26","Serbia","Sloboda Uzice","Prva liga Srbije","Serbia",NA,TRUE,"loan transfer","Summer",1,1,0,1
"FC Vaslui (- 2014)",NA,NA,"2009","Departures","Razvan Neagu","https://www.transfermarkt.com/razvan-neagu/profil/spieler/46607","Centre-Forward","22","Romania","Gloria Bistrita","SuperLiga","Romania",NA,TRUE,"loan transfer","Summer",10,10,0,247
"FC Vaslui (- 2014)",NA,NA,"2009","Departures","Paul Papp","https://www.transfermarkt.com/paul-papp/profil/spieler/112552","Centre-Back","19","Romania","Farul Constanta","Liga 2","Romania",NA,TRUE,"loan transfer","Summer",19,19,2,1740
"FC Vaslui (- 2014)",NA,NA,"2009","Arrivals","Carlo Costly","https://www.transfermarkt.com/carlo-costly/profil/spieler/46845","Centre-Forward","27","Honduras","GKS Belchatow","Ekstraklasa","Poland",5e+05,FALSE,NA,"Winter",15,15,5,1249
"FC Vaslui (- 2014)",NA,NA,"2009","Arrivals","Zhivko Milanov","https://www.transfermarkt.com/zhivko-milanov/profil/spieler/15260","Right-Back","25","Bulgaria","Levski Sofia","efbet Liga","Bulgaria",4e+05,FALSE,NA,"Winter",20,20,0,1796
"FC Vaslui (- 2014)",NA,NA,"2009","Arrivals","Lucian Sânmărtean","https://www.transfermarkt.com/lucian-sanmartean/profil/spieler/9733","Central Midfield","29","Romania","Gloria Bistrita","SuperLiga","Romania",70000,FALSE,NA,"Winter",19,19,1,1069
"FC Vaslui (- 2014)",NA,NA,"2009","Arrivals","Gladstone","https://www.transfermarkt.com/gladstone/profil/spieler/20386","Centre-Back","25","Brazil","Portuguesa","Série B","Brazil",0,FALSE,NA,"Winter",14,14,0,1178
"FC Vaslui (- 2014)",NA,NA,"2009","Arrivals","Dinu Sânmărtean","https://www.transfermarkt.com/dinu-sanmartean/profil/spieler/46642","Left-Back","28","Romania","Gloria Bistrita","SuperLiga","Romania",0,FALSE,NA,"Winter",6,5,0,330
"FC Vaslui (- 2014)",NA,NA,"2009","Arrivals","Alex Gonçalves","https://www.transfermarkt.com/alex-goncalves/profil/spieler/85312","Centre-Forward","19","Brazil","Teleoptik","Prva liga Srbije","Serbia",NA,TRUE,"loan transfer","Winter",NA,NA,NA,NA
"FC Vaslui (- 2014)",NA,NA,"2009","Arrivals","Razvan Neagu","https://www.transfermarkt.com/razvan-neagu/profil/spieler/46607","Centre-Forward","22","Romania","Gloria Bistrita","SuperLiga","Romania",NA,TRUE,"End of loan Feb 1, 2010","Winter",10,10,0,247
"FC Vaslui (- 2014)",NA,NA,"2009","Arrivals","Paul Papp","https://www.transfermarkt.com/paul-papp/profil/spieler/112552","Centre-Back","20","Romania","Farul Constanta","Liga 2","Romania",NA,TRUE,"End of loan Dec 31, 2009","Winter",19,19,2,1740
"FC Vaslui (- 2014)",NA,NA,"2009","Departures","Hristijan Kirovski","https://www.transfermarkt.com/hristijan-kirovski/profil/spieler/17199","Centre-Forward","24","North Macedonia","Vardar",NA,"North Macedonia",NA,FALSE,"?","Winter",NA,NA,NA,NA
"FC Vaslui (- 2014)",NA,NA,"2009","Departures","Silviu Balace","https://www.transfermarkt.com/silviu-balace/profil/spieler/47867","Left-Back","31","Romania","FC U Craiova","SuperLiga","Romania",NA,TRUE,"loan transfer","Winter",9,9,0,797
"FC Vaslui (- 2014)",NA,NA,"2009","Departures","Nemanja Jovanovic","https://www.transfermarkt.com/nemanja-jovanovic/profil/spieler/47878","Centre-Forward","25","Serbia","Alba Iulia","SuperLiga","Romania",NA,TRUE,"loan transfer","Winter",17,17,3,345
"FC Vaslui (- 2014)",NA,NA,"2009","Departures","Vasile Buhaescu","https://www.transfermarkt.com/vasile-buhaescu/profil/spieler/48775","Centre-Forward","21","Romania","Concordia","Liga 2","Romania",NA,TRUE,"loan transfer","Winter",6,4,0,15
"FC Vaslui (- 2014)",NA,NA,"2009","Departures","Dorian Andronic","https://www.transfermarkt.com/dorian-andronic/profil/spieler/48773","Centre-Back","20","Romania","CS Otopeni","Liga II - Seria II","Romania",NA,TRUE,"loan transfer","Winter",NA,NA,NA,NA
"FC Vaslui (- 2014)",NA,NA,"2009","Departures","Constantin Gângioveanu","https://www.transfermarkt.com/constantin-gangioveanu/profil/spieler/48779","Left Winger","20","Romania","FC U Craiova","SuperLiga","Romania",NA,TRUE,"End of loan Dec 31, 2009","Winter",6,5,0,172
"FC U Craiova 1948",NA,NA,"2009","Arrivals","Josip Misic","https://www.transfermarkt.com/josip-misic/profil/spieler/27550","Left-Back","22","Croatia","Medjimurje","SuperSport HNL","Croatia",1e+05,FALSE,NA,"Summer",NA,NA,NA,NA
"FC U Craiova 1948",NA,NA,"2009","Arrivals","Eugen Trică","https://www.transfermarkt.com/eugen-trica/profil/spieler/26299","Attacking Midfield","32","Romania","CFR Cluj","SuperLiga","Romania",0,FALSE,NA,"Summer",16,16,2,811
"FC U Craiova 1948",NA,NA,"2009","Arrivals","Valentin Bădoi","https://www.transfermarkt.com/valentin-badoi/profil/spieler/34508","Right-Back","33","Romania","Poli. Timisoara","SuperLiga","Romania",0,FALSE,NA,"Summer",19,18,0,1430
"FC U Craiova 1948",NA,NA,"2009","Arrivals","Valentin Badea","https://www.transfermarkt.com/valentin-badea/profil/spieler/43758","Centre-Forward","26","Romania","FCSB","SuperLiga","Romania",0,FALSE,NA,"Summer",14,14,2,534
"FC U Craiova 1948",NA,NA,"2009","Arrivals","Ionut Popescu","https://www.transfermarkt.com/ionut-popescu/profil/spieler/96849","Centre-Back","19","Romania","FCU Craiova U19",NA,"Romania",NA,FALSE,"-","Summer",1,1,0,15
"FC U Craiova 1948",NA,NA,"2009","Arrivals","Olivian Surugiu","https://www.transfermarkt.com/olivian-surugiu/profil/spieler/184434","Right Midfield","19","Romania","FCU Craiova U19",NA,"Romania",NA,FALSE,"-","Summer",NA,NA,NA,NA
"FC U Craiova 1948",NA,NA,"2009","Arrivals","Marian Mecea","https://www.transfermarkt.com/marian-mecea/profil/spieler/129165","Goalkeeper","19","Romania","FCU Craiova U19",NA,"Romania",NA,FALSE,"-","Summer",2,0,0,0
"FC U Craiova 1948",NA,NA,"2009","Arrivals","Costinel Gugu","https://www.transfermarkt.com/costinel-gugu/profil/spieler/179792","Centre-Back","16","Romania","FCU Craiova U19",NA,"Romania",NA,FALSE,"-","Summer",NA,NA,NA,NA
"FC U Craiova 1948",NA,NA,"2009","Arrivals","Robert Săceanu","https://www.transfermarkt.com/robert-saceanu/profil/spieler/47583","Right Midfield","26","Romania","Rm. Valcea",NA,"Romania",NA,TRUE,"End of loan Jun 30, 2009","Summer",NA,NA,NA,NA
"FC U Craiova 1948",NA,NA,"2009","Arrivals","Dragoş Firţulescu","https://www.transfermarkt.com/dragos-firtulescu/profil/spieler/48778","Left Winger","20","Romania","Jiul Petrosani",NA,"Romania",NA,TRUE,"End of loan Jun 30, 2009","Summer",24,24,0,888
"FC U Craiova 1948",NA,NA,"2009","Arrivals","Nicușor Bănică","https://www.transfermarkt.com/nicusor-banica/profil/spieler/26634","Goalkeeper","25","Romania","Minerul Lupeni",NA,"Romania",NA,TRUE,"End of loan Jun 30, 2009","Summer",NA,NA,NA,NA
"FC U Craiova 1948",NA,NA,"2009","Arrivals","Mihai Neagoe","https://www.transfermarkt.com/mihai-neagoe/profil/spieler/48787","Goalkeeper","21","Romania","Minerul Lupeni",NA,"Romania",NA,TRUE,"End of loan Jun 30, 2009","Summer",NA,NA,NA,NA
"FC U Craiova 1948",NA,NA,"2009","Arrivals","Sorin Bușu","https://www.transfermarkt.com/sorin-busu/profil/spieler/57679","Left-Back","19","Romania","Jiul Petrosani",NA,"Romania",NA,TRUE,"End of loan Jun 30, 2009","Summer",3,2,0,180
"FC U Craiova 1948",NA,NA,"2009","Arrivals","Dan Gogosoiu","https://www.transfermarkt.com/dan-gogosoiu/profil/spieler/81408","Centre-Forward","18","Romania","Jiul Petrosani","Liga II - Seria II","Romania",NA,TRUE,"End of loan Aug 1, 2009","Summer",0,0,0,0
"FC U Craiova 1948",NA,NA,"2009","Arrivals","Aurelian Bouleanu","https://www.transfermarkt.com/aurelian-bouleanu/profil/spieler/79506","Left-Back","22","Romania","Curtea de Arges",NA,"Romania",NA,TRUE,"End of loan Jun 30, 2009","Summer",NA,NA,NA,NA
"FC U Craiova 1948",NA,NA,"2009","Departures","Mircea Bornescu","https://www.transfermarkt.com/mircea-bornescu/profil/spieler/47569","Goalkeeper","29","Romania","FC Rapid 1923","SuperLiga","Romania",3e+05,FALSE,NA,"Summer",NA,NA,NA,NA
"FC U Craiova 1948",NA,NA,"2009","Departures","Jeremie Njock","https://www.transfermarkt.com/jeremie-njock/profil/spieler/26679","Centre-Forward","29","Cameroon","BSG Stahl Riesa",NA,"Germany",0,FALSE,NA,"Summer",NA,NA,NA,NA
"FC U Craiova 1948",NA,NA,"2009","Departures","Robert Săceanu","https://www.transfermarkt.com/robert-saceanu/profil/spieler/47583","Right Midfield","26","Romania","Gloria Bistrita","SuperLiga","Romania",0,FALSE,NA,"Summer",NA,NA,NA,NA
"FC U Craiova 1948",NA,NA,"2009","Departures","Romeo Filipovic","https://www.transfermarkt.com/romeo-filipovic/profil/spieler/33359","Central Midfield","23","Croatia","Ayr United","Championship","Scotland",0,FALSE,NA,"Summer",NA,NA,NA,NA
"FC U Craiova 1948",NA,NA,"2009","Departures","Nicușor Bănică","https://www.transfermarkt.com/nicusor-banica/profil/spieler/26634","Goalkeeper","25","Romania","FC Drobeta","Liga II - Seria II","Romania",0,FALSE,NA,"Summer",NA,NA,NA,NA
"FC U Craiova 1948",NA,NA,"2009","Departures","Mihai Neagoe","https://www.transfermarkt.com/mihai-neagoe/profil/spieler/48787","Goalkeeper","21","Romania","Ariesul Turda","Liga II - Seria II","Romania",NA,FALSE,"?","Summer",NA,NA,NA,NA
"FC U Craiova 1948",NA,NA,"2009","Departures","Aurelian Bouleanu","https://www.transfermarkt.com/aurelian-bouleanu/profil/spieler/79506","Left-Back","22","Romania","Unknown",NA,NA,NA,FALSE,"?","Summer",NA,NA,NA,NA
"FC U Craiova 1948",NA,NA,"2009","Departures","Constantin Gângioveanu","https://www.transfermarkt.com/constantin-gangioveanu/profil/spieler/48779","Left Winger","19","Romania","FC Vaslui","SuperLiga","Romania",NA,TRUE,"loan transfer","Summer",15,15,2,801
"FC U Craiova 1948",NA,NA,"2009","Departures","Dan Gogosoiu","https://www.transfermarkt.com/dan-gogosoiu/profil/spieler/81408","Centre-Forward","18","Romania","Jiul Petrosani","Liga II - Seria II","Romania",NA,TRUE,"loan transfer","Summer",0,0,0,0
"FC U Craiova 1948",NA,NA,"2009","Departures","Dragos Stoiu","https://www.transfermarkt.com/dragos-stoiu/profil/spieler/323647","Midfielder","19","Romania","Jiul Petrosani","Liga II - Seria II","Romania",NA,TRUE,"loan transfer","Summer",NA,NA,NA,NA
"FC U Craiova 1948",NA,NA,"2009","Arrivals","Alexandru Pițurcă","https://www.transfermarkt.com/alexandru-piturca/profil/spieler/7260","Centre-Forward","26","Romania","FC Brasov","SuperLiga","Romania",0,FALSE,NA,"Winter",11,11,2,595
"FC U Craiova 1948",NA,NA,"2009","Arrivals","Valentin Iliev","https://www.transfermarkt.com/valentin-iliev/profil/spieler/35259","Centre-Back","28","Bulgaria","Akhmat Grozny","Premier Liga","Russia",0,FALSE,NA,"Winter",15,15,3,1250
"FC U Craiova 1948",NA,NA,"2009","Arrivals","Ivan Paunovic","https://www.transfermarkt.com/ivan-paunovic/profil/spieler/49768","Attacking Midfield","23","Serbia","FK Srem","Prva liga Srbije","Serbia",0,FALSE,NA,"Winter",2,2,0,96
"FC U Craiova 1948",NA,NA,"2009","Arrivals","Sorin Răducu","https://www.transfermarkt.com/sorin-raducu/profil/spieler/209090","Centre-Back","20","Romania","FC Caracal",NA,"Romania",0,FALSE,NA,"Winter",NA,NA,NA,NA
"FC U Craiova 1948",NA,NA,"2009","Arrivals","Silviu Balace","https://www.transfermarkt.com/silviu-balace/profil/spieler/47867","Left-Back","31","Romania","FC Vaslui","SuperLiga","Romania",NA,TRUE,"loan transfer","Winter",15,15,0,1339
"FC U Craiova 1948",NA,NA,"2009","Arrivals","Alin Buleică","https://www.transfermarkt.com/alin-buleica/profil/spieler/147286","Right-Back","18","Romania","FCU Craiova U19",NA,"Romania",NA,FALSE,"-","Winter",4,4,0,222
"FC U Craiova 1948",NA,NA,"2009","Arrivals","Mihai Roman","https://www.transfermarkt.com/mihai-roman/profil/spieler/135566","Centre-Forward","17","Romania","FCU Craiova U19",NA,"Romania",NA,FALSE,"-","Winter",2,2,0,10
"FC U Craiova 1948",NA,NA,"2009","Arrivals","Constantin Gângioveanu","https://www.transfermarkt.com/constantin-gangioveanu/profil/spieler/48779","Left Winger","20","Romania","FC Vaslui","SuperLiga","Romania",NA,TRUE,"End of loan Dec 31, 2009","Winter",15,15,2,801
"FC U Craiova 1948",NA,NA,"2009","Arrivals","Catalin Craciun","https://www.transfermarkt.com/catalin-craciun/profil/spieler/16210","Right Winger","18","Romania","CFR Craiova",NA,"Romania",NA,TRUE,"End of loan Dec 31, 2009","Winter",8,8,0,191
"FC U Craiova 1948",NA,NA,"2009","Arrivals","Irinel Gaman","https://www.transfermarkt.com/irinel-gaman/profil/spieler/47577","Midfielder","22","Romania","Rm. Valcea","Liga II - Seria II","Romania",NA,TRUE,"End of loan Dec 31, 2009","Winter",0,0,0,0
"FC U Craiova 1948",NA,NA,"2009","Arrivals","Dragos Stoiu","https://www.transfermarkt.com/dragos-stoiu/profil/spieler/323647","Midfielder","19","Romania","Jiul Petrosani","Liga II - Seria II","Romania",NA,TRUE,"End of loan Dec 31, 2009","Winter",NA,NA,NA,NA
"FC U Craiova 1948",NA,NA,"2009","Departures","Mircea Bornescu","https://www.transfermarkt.com/mircea-bornescu/profil/spieler/47569","Goalkeeper","29","Romania","FC Rapid 1923","SuperLiga","Romania",3e+05,FALSE,NA,"Winter",NA,NA,NA,NA
"FC U Craiova 1948",NA,NA,"2009","Departures","Dorel Stoica","https://www.transfermarkt.com/dorel-stoica/profil/spieler/47584","Defensive Midfield","31","Romania","Al-Ettifaq","Saudi Pro League","Saudi Arabia",0,FALSE,NA,"Winter",16,16,2,1413
"FC U Craiova 1948",NA,NA,"2009","Departures","Valentin Badea","https://www.transfermarkt.com/valentin-badea/profil/spieler/43758","Centre-Forward","27","Romania","Poli Iasi","SuperLiga","Romania",0,FALSE,NA,"Winter",14,14,2,534
"FC U Craiova 1948",NA,NA,"2009","Departures","Romeo Filipovic","https://www.transfermarkt.com/romeo-filipovic/profil/spieler/33359","Central Midfield","23","Croatia","Ayr United","Championship","Scotland",0,FALSE,NA,"Winter",NA,NA,NA,NA
"FC U Craiova 1948",NA,NA,"2009","Departures","Florin Soava","https://www.transfermarkt.com/florin-soava/profil/spieler/29253","Centre-Back","31","Romania","Arsenal Kyiv","Premier Liga","Ukraine",NA,FALSE,"?","Winter",18,18,0,1402
"FC U Craiova 1948",NA,NA,"2009","Departures","Julius Wobay","https://www.transfermarkt.com/julius-wobay/profil/spieler/47586","Left Winger","25","Sierra Leone","Aris Limassol","Cyprus League","Cyprus",NA,TRUE,"loan transfer","Winter",16,16,2,834
"FC U Craiova 1948",NA,NA,"2009","Departures","Olivian Surugiu","https://www.transfermarkt.com/olivian-surugiu/profil/spieler/184434","Right Midfield","19","Romania","CFR Craiova",NA,"Romania",NA,TRUE,"loan transfer","Winter",NA,NA,NA,NA
"FC U Craiova 1948",NA,NA,"2009","Departures","Joshua Rose","https://www.transfermarkt.com/joshua-rose/profil/spieler/47582","Left-Back","28","Australia","Without Club",NA,NA,NA,FALSE,"-","Winter",17,17,0,1290
"FC U Craiova 1948",NA,NA,"2009","Departures","Josh Mitchell","https://www.transfermarkt.com/josh-mitchell/profil/spieler/47580","Centre-Back","25","Australia","Without Club",NA,NA,NA,FALSE,"-","Winter",11,11,0,990
"FC U Craiova 1948",NA,NA,"2009","Departures","Michael Baird","https://www.transfermarkt.com/michael-baird/profil/spieler/47567","Centre-Forward","26","Australia","Without Club",NA,NA,NA,FALSE,"-","Winter",5,5,2,326
"FC U Craiova 1948",NA,NA,"2009","Departures","Josip Misic","https://www.transfermarkt.com/josip-misic/profil/spieler/27550","Left-Back","23","Croatia","Without Club",NA,NA,NA,FALSE,"-","Winter",NA,NA,NA,NA
"FC Brasov (- 2017)",NA,NA,"2009","Arrivals","Nené","https://www.transfermarkt.com/nene/profil/spieler/13960","Defensive Midfield","29","Cape Verde","Pontevedra CF","2ª B - Grupo I","Spain",1e+05,FALSE,NA,"Summer",9,9,0,303
"FC Brasov (- 2017)",NA,NA,"2009","Arrivals","Mihai Mincă","https://www.transfermarkt.com/mihai-minca/profil/spieler/35431","Goalkeeper","24","Romania","Gloria Buzau","Liga 2","Romania",20000,FALSE,NA,"Summer",15,13,0,1169
"FC Brasov (- 2017)",NA,NA,"2009","Arrivals","Alexandru Pițurcă","https://www.transfermarkt.com/alexandru-piturca/profil/spieler/7260","Centre-Forward","25","Romania","Pandurii ","SuperLiga","Romania",0,FALSE,NA,"Summer",5,5,0,188
"FC Brasov (- 2017)",NA,NA,"2009","Arrivals","Nuno Diogo","https://www.transfermarkt.com/nuno-diogo/profil/spieler/22551","Centre-Back","28","Portugal","CS Otopeni","Liga II - Seria II","Romania",0,FALSE,NA,"Summer",27,27,2,2376
"FC Brasov (- 2017)",NA,NA,"2009","Arrivals","Nicolae Grigore","https://www.transfermarkt.com/nicolae-grigore/profil/spieler/35437","Central Midfield","25","Romania","FC Rapid 1923","SuperLiga","Romania",0,FALSE,NA,"Summer",33,33,1,2744
"FC Brasov (- 2017)",NA,NA,"2009","Arrivals","Dorel Zaharia","https://www.transfermarkt.com/dorel-zaharia/profil/spieler/46682","Centre-Forward","31","Romania","Gloria Bistrita","SuperLiga","Romania",NA,TRUE,"End of loan Jun 30, 2009","Summer",31,30,5,2235
"FC Brasov (- 2017)",NA,NA,"2009","Arrivals","Alexandru Benga","https://www.transfermarkt.com/alexandru-benga/profil/spieler/202800","Centre-Back","20","Romania","Forex Brasov",NA,"Romania",NA,TRUE,"End of loan Jun 30, 2009","Summer",NA,NA,NA,NA
"FC Brasov (- 2017)",NA,NA,"2009","Arrivals","Alexandru Chipciu","https://www.transfermarkt.com/alexandru-chipciu/profil/spieler/64126","Left-Back","20","Romania","Dacia U. Braila",NA,"Romania",NA,TRUE,"End of loan Jun 30, 2009","Summer",2,2,1,31
"FC Brasov (- 2017)",NA,NA,"2009","Arrivals","Alin Babei","https://www.transfermarkt.com/alin-babei/profil/spieler/604058","Right Winger","11","Romania","FC Predeal",NA,"Romania",NA,TRUE,"End of loan Jun 30, 2009","Summer",NA,NA,NA,NA
"FC Brasov (- 2017)",NA,NA,"2009","Departures","Paulo Adriano","https://www.transfermarkt.com/paulo-adriano/profil/spieler/13871","Defensive Midfield","32","Portugal","Spartak V.","1.Division","Russia",0,FALSE,NA,"Summer",NA,NA,NA,NA
"FC Brasov (- 2017)",NA,NA,"2009","Departures","Alin Stoica","https://www.transfermarkt.com/alin-stoica/profil/spieler/9669","Attacking Midfield","29","Romania","Vojvodina","Super liga Srbije","Serbia",0,FALSE,NA,"Summer",NA,NA,NA,NA
"FC Brasov (- 2017)",NA,NA,"2009","Departures","Alexandru Benga","https://www.transfermarkt.com/alexandru-benga/profil/spieler/202800","Centre-Back","20","Romania","Petrolul","Liga 2","Romania",NA,TRUE,"loan transfer","Summer",NA,NA,NA,NA
"FC Brasov (- 2017)",NA,NA,"2009","Departures","Emanuel Popa","https://www.transfermarkt.com/emanuel-popa/profil/spieler/324779","Centre-Forward","16","Romania","Petrolistul B.",NA,"Romania",NA,TRUE,"loan transfer","Summer",NA,NA,NA,NA
"FC Brasov (- 2017)",NA,NA,"2009","Departures","Alexandru Baltoi","https://www.transfermarkt.com/alexandru-baltoi/profil/spieler/26045","Centre-Forward","27","Romania","Without Club",NA,NA,NA,FALSE,"-","Summer",NA,NA,NA,NA
"FC Brasov (- 2017)",NA,NA,"2009","Departures","Bogdan Stelea","https://www.transfermarkt.com/bogdan-stelea/profil/spieler/32185","Goalkeeper","41","Romania",NA,NA,NA,NA,FALSE,"-","Summer",NA,NA,NA,NA
"FC Brasov (- 2017)",NA,NA,"2009","Departures","Romeo Surdu","https://www.transfermarkt.com/romeo-surdu/profil/spieler/43378","Left Winger","25","Romania","FCSB","SuperLiga","Romania",NA,TRUE,"End of loan Jun 30, 2009","Summer",NA,NA,NA,NA
"FC Brasov (- 2017)",NA,NA,"2009","Departures","Mugurel Buga","https://www.transfermarkt.com/mugurel-buga/profil/spieler/35434","Centre-Forward","31","Romania","FC Rapid 1923","SuperLiga","Romania",NA,TRUE,"End of loan Jun 30, 2009","Summer",NA,NA,NA,NA
"FC Brasov (- 2017)",NA,NA,"2009","Arrivals","Julio Landauri","https://www.transfermarkt.com/julio-landauri/profil/spieler/82577","Left Winger","23","Peru","Universitario","Torneo Descentralizado","Peru",150000,FALSE,NA,"Winter",7,7,0,347
"FC Brasov (- 2017)",NA,NA,"2009","Arrivals","Stelian Stancu","https://www.transfermarkt.com/stelian-stancu/profil/spieler/45487","Right-Back","28","Romania","Poli. Timisoara","SuperLiga","Romania",0,FALSE,NA,"Winter",9,9,0,548
"FC Brasov (- 2017)",NA,NA,"2009","Arrivals","Dusan Savic","https://www.transfermarkt.com/dusan-savic/profil/spieler/54565","Centre-Forward","24","North Macedonia","Rabotnicki",NA,"North Macedonia",NA,FALSE,"?","Winter",12,12,2,577
"FC Brasov (- 2017)",NA,NA,"2009","Arrivals","Emanuel Popa","https://www.transfermarkt.com/emanuel-popa/profil/spieler/324779","Centre-Forward","17","Romania","Petrolistul B.",NA,"Romania",NA,TRUE,"End of loan Dec 31, 2009","Winter",NA,NA,NA,NA
"FC Brasov (- 2017)",NA,NA,"2009","Departures","Alexandru Pițurcă","https://www.transfermarkt.com/alexandru-piturca/profil/spieler/7260","Centre-Forward","26","Romania","FC U Craiova","SuperLiga","Romania",0,FALSE,NA,"Winter",5,5,0,188
"FC Brasov (- 2017)",NA,NA,"2009","Departures","Adrian Senin","https://www.transfermarkt.com/adrian-senin/profil/spieler/46647","Left-Back","30","Romania","Delta Tulcea","Liga 2","Romania",NA,FALSE,"?","Winter",1,1,0,22
"FC Brasov (- 2017)",NA,NA,"2009","Departures","Gheorghe Nicolae","https://www.transfermarkt.com/gheorghe-nicolae/profil/spieler/64206","Centre-Back","33","Romania","Daco-Getica",NA,"Romania",NA,FALSE,"?","Winter",NA,NA,NA,NA
"FC Brasov (- 2017)",NA,NA,"2009","Departures","Emanuel Popa","https://www.transfermarkt.com/emanuel-popa/profil/spieler/324779","Centre-Forward","17","Romania","Minerul Lupeni","Liga II - Seria II","Romania",NA,TRUE,"loan transfer","Winter",NA,NA,NA,NA
"SC Otelul Galati","SuperLiga","Romania","2009","Arrivals","Gjorgji Mojsov","https://www.transfermarkt.com/gjorgji-mojsov/profil/spieler/54536","Central Midfield","24","North Macedonia","Rabotnicki",NA,"North Macedonia",1e+05,FALSE,NA,"Summer",7,7,0,308
"SC Otelul Galati","SuperLiga","Romania","2009","Arrivals","Milan Perendija","https://www.transfermarkt.com/milan-perendija/profil/spieler/46175","Centre-Back","23","Serbia","Rabotnicki",NA,"North Macedonia",1e+05,FALSE,NA,"Summer",12,12,0,782
"SC Otelul Galati","SuperLiga","Romania","2009","Arrivals","Njegos Golocevac","https://www.transfermarkt.com/njegos-golocevac/profil/spieler/60817","Central Midfield","25","Serbia","Sloboda Uzice","Prva liga Srbije","Serbia",80000,FALSE,NA,"Summer",3,3,0,155
"SC Otelul Galati","SuperLiga","Romania","2009","Arrivals","Marius Matei","https://www.transfermarkt.com/marius-matei/profil/spieler/54689","Centre-Forward","25","Romania","FC Botosani","Liga 2","Romania",50000,FALSE,NA,"Summer",6,6,0,315
"SC Otelul Galati","SuperLiga","Romania","2009","Arrivals","Gabriel Siminic","https://www.transfermarkt.com/gabriel-siminic/profil/spieler/107610","Left-Back","23","Romania","Poli. Timisoara","SuperLiga","Romania",30000,FALSE,NA,"Summer",6,6,0,451
"SC Otelul Galati","SuperLiga","Romania","2009","Arrivals","Zdenko Baotic","https://www.transfermarkt.com/zdenko-baotic/profil/spieler/28550","Goalkeeper","24","Bosnia-Herzegovina","Sturm Graz","Bundesliga","Austria",0,FALSE,NA,"Summer",6,6,0,540
"SC Otelul Galati","SuperLiga","Romania","2009","Arrivals","Adrian Neagoie","https://www.transfermarkt.com/adrian-neagoie/profil/spieler/46606","Defensive Midfield","24","Romania","CFR Timisoara",NA,"Romania",0,FALSE,NA,"Summer",NA,NA,NA,NA
"SC Otelul Galati","SuperLiga","Romania","2009","Arrivals","Alexandru David","https://www.transfermarkt.com/alexandru-david/profil/spieler/64036","Centre-Back","25","Romania","FCM Bacau","Liga 2","Romania",0,FALSE,NA,"Summer",NA,NA,NA,NA
"SC Otelul Galati","SuperLiga","Romania","2009","Arrivals","Liviu Antal","https://www.transfermarkt.com/liviu-antal/profil/spieler/123256","Right Winger","20","Romania","ASA Tg. Mures","Liga II - Seria II","Romania",0,FALSE,NA,"Summer",25,25,5,1829
"SC Otelul Galati","SuperLiga","Romania","2009","Arrivals","Jean Christian N'Kongue","https://www.transfermarkt.com/jean-christian-nkongue/profil/spieler/124424","Centre-Forward","26","Cameroon","Delta Tulcea","Liga 2","Romania",NA,FALSE,"?","Summer",3,3,0,123
"SC Otelul Galati","SuperLiga","Romania","2009","Arrivals","William Arias","https://www.transfermarkt.com/william-arias/profil/spieler/142568","Goalkeeper","18","Colombia","Deportes Tolima","Liga DIMAYOR II","Colombia",NA,FALSE,"?","Summer",0,0,0,0
"SC Otelul Galati","SuperLiga","Romania","2009","Arrivals","Mircea Axente","https://www.transfermarkt.com/mircea-axente/profil/spieler/69558","Centre-Forward","22","Romania","Poli. Timisoara","SuperLiga","Romania",NA,TRUE,"loan transfer","Summer",25,25,5,1257
"SC Otelul Galati","SuperLiga","Romania","2009","Arrivals","Artur Patras","https://www.transfermarkt.com/artur-patras/profil/spieler/104065","Central Midfield","20","Moldova","Poli. Timisoara","SuperLiga","Romania",NA,TRUE,"loan transfer","Summer",9,9,0,478
"SC Otelul Galati","SuperLiga","Romania","2009","Arrivals","Tadas Labukas","https://www.transfermarkt.com/tadas-labukas/profil/spieler/18961","Centre-Forward","25","Lithuania","Shamakhi","Premyer Liqa","Azerbaijan",NA,TRUE,"End of loan Jun 30, 2009","Summer",NA,NA,NA,NA
"SC Otelul Galati","SuperLiga","Romania","2009","Arrivals","Jean Christian N'Kongue","https://www.transfermarkt.com/jean-christian-nkongue/profil/spieler/124424","Centre-Forward","27","Cameroon","ASA Tg. Mures","Liga II - Seria II","Romania",NA,TRUE,"End of loan May 1, 2010","Summer",3,3,0,123
"SC Otelul Galati","SuperLiga","Romania","2009","Arrivals","Alexandru Avram","https://www.transfermarkt.com/alexandru-avram/profil/spieler/69405","Attacking Midfield","18","Romania","Petrolul",NA,"Romania",NA,TRUE,"End of loan Jun 30, 2009","Summer",NA,NA,NA,NA
"SC Otelul Galati","SuperLiga","Romania","2009","Departures","Alexandru Bourceanu","https://www.transfermarkt.com/alexandru-bourceanu/profil/spieler/64118","Defensive Midfield","24","Romania","Poli. Timisoara","SuperLiga","Romania",7e+05,FALSE,NA,"Summer",NA,NA,NA,NA
"SC Otelul Galati","SuperLiga","Romania","2009","Departures","Tadas Labukas","https://www.transfermarkt.com/tadas-labukas/profil/spieler/18961","Centre-Forward","25","Lithuania","Arka Gdynia","Ekstraklasa","Poland",150000,FALSE,NA,"Summer",NA,NA,NA,NA
"SC Otelul Galati","SuperLiga","Romania","2009","Departures","Ramses Gado","https://www.transfermarkt.com/ramses-gado/profil/spieler/47419","Right Midfield","27","Romania","Curtea de Arges","SuperLiga","Romania",150000,FALSE,NA,"Summer",NA,NA,NA,NA
"SC Otelul Galati","SuperLiga","Romania","2009","Departures","Frane Vitaic","https://www.transfermarkt.com/frane-vitaic/profil/spieler/38368","Defensive Midfield","27","Croatia","RNK Split","Prva NL","Croatia",0,FALSE,NA,"Summer",NA,NA,NA,NA
"SC Otelul Galati","SuperLiga","Romania","2009","Departures","Paulius Grybauskas","https://www.transfermarkt.com/paulius-grybauskas/profil/spieler/47641","Goalkeeper","25","Lithuania","Neftchi PFK","Premyer Liqa","Azerbaijan",0,FALSE,NA,"Summer",NA,NA,NA,NA
"SC Otelul Galati","SuperLiga","Romania","2009","Departures","Andrei Parfenie","https://www.transfermarkt.com/andrei-parfenie/profil/spieler/104218","Left-Back","24","Romania","Jiul Petrosani","Liga II - Seria II","Romania",0,FALSE,NA,"Summer",NA,NA,NA,NA
"SC Otelul Galati","SuperLiga","Romania","2009","Departures","George Cîrjan","https://www.transfermarkt.com/george-cirjan/profil/spieler/213640","Centre-Forward","20","Romania","Dunarea Galati","Liga 2","Romania",0,FALSE,NA,"Summer",NA,NA,NA,NA
"SC Otelul Galati","SuperLiga","Romania","2009","Departures","Adrian Hurdubei","https://www.transfermarkt.com/adrian-hurdubei/profil/spieler/213775","Attacking Midfield","18","Romania","Aerostar",NA,"Romania",NA,FALSE,"?","Summer",NA,NA,NA,NA
"SC Otelul Galati","SuperLiga","Romania","2009","Departures","Robert Elek","https://www.transfermarkt.com/robert-elek/profil/spieler/55279","Centre-Forward","21","Romania","Petrolul","Liga 2","Romania",NA,TRUE,"loan transfer","Summer",NA,NA,NA,NA
"SC Otelul Galati","SuperLiga","Romania","2009","Departures","Adrian Neagoie","https://www.transfermarkt.com/adrian-neagoie/profil/spieler/46606","Defensive Midfield","24","Romania","Petrolul","Liga 2","Romania",NA,TRUE,"loan transfer","Summer",NA,NA,NA,NA
"SC Otelul Galati","SuperLiga","Romania","2009","Departures","Eduard Tismanaru","https://www.transfermarkt.com/eduard-tismanaru/profil/spieler/95273","Right Midfield","22","Romania","FCM Bacau","Liga 2","Romania",NA,TRUE,"loan transfer","Summer",NA,NA,NA,NA
"SC Otelul Galati","SuperLiga","Romania","2009","Departures","Alexandru Avram","https://www.transfermarkt.com/alexandru-avram/profil/spieler/69405","Attacking Midfield","18","Romania","Dunarea Galati","Liga 2","Romania",NA,TRUE,"loan transfer","Summer",NA,NA,NA,NA
"SC Otelul Galati","SuperLiga","Romania","2009","Departures","Sebastian Agache","https://www.transfermarkt.com/sebastian-agache/profil/spieler/69403","Left-Back","21","Romania","Dunarea Galati","Liga 2","Romania",NA,TRUE,"loan transfer","Summer",NA,NA,NA,NA
"SC Otelul Galati","SuperLiga","Romania","2009","Departures","Petrica Dragos","https://www.transfermarkt.com/petrica-dragos/profil/spieler/212681","Centre-Forward","20","Romania","Râmnicu Sarat","Liga 2","Romania",NA,TRUE,"loan transfer","Summer",NA,NA,NA,NA
"SC Otelul Galati","SuperLiga","Romania","2009","Departures","Andrei Schwartz","https://www.transfermarkt.com/andrei-schwartz/profil/spieler/110563","Defensive Midfield","19","Romania","Without Club",NA,NA,NA,FALSE,"-","Summer",NA,NA,NA,NA
"SC Otelul Galati","SuperLiga","Romania","2009","Arrivals","Razvan Ochirosii","https://www.transfermarkt.com/razvan-ochirosii/profil/spieler/43761","Left-Back","20","Romania","FCSB","SuperLiga","Romania",2e+05,FALSE,NA,"Winter",16,16,2,1127
"SC Otelul Galati","SuperLiga","Romania","2009","Arrivals","Branko Grahovac","https://www.transfermarkt.com/branko-grahovac/profil/spieler/54843","Goalkeeper","26","Bosnia-Herzegovina","Borac Cacak","Super liga Srbije","Serbia",50000,FALSE,NA,"Winter",17,17,0,1530
"SC Otelul Galati","SuperLiga","Romania","2009","Arrivals","Laurențiu Buș","https://www.transfermarkt.com/laurentiu-bus/profil/spieler/54728","Central Midfield","22","Romania","Ariesul Turda","Liga II - Seria II","Romania",0,FALSE,NA,"Winter",NA,NA,NA,NA
"SC Otelul Galati","SuperLiga","Romania","2009","Arrivals","Alin Coțan","https://www.transfermarkt.com/alin-cotan/profil/spieler/48827","Left Midfield","27","Romania","Petrolul","Liga 2","Romania",0,FALSE,NA,"Winter",NA,NA,NA,NA
"SC Otelul Galati","SuperLiga","Romania","2009","Arrivals","Robert Elek","https://www.transfermarkt.com/robert-elek/profil/spieler/55279","Centre-Forward","21","Romania","Petrolul","Liga 2","Romania",NA,TRUE,"End of loan Dec 1, 2009","Winter",NA,NA,NA,NA
"SC Otelul Galati","SuperLiga","Romania","2009","Departures","Zhivko Zhelev","https://www.transfermarkt.com/zhivko-zhelev/profil/spieler/15359","Centre-Back","30","Bulgaria","FCSB","SuperLiga","Romania",2e+05,FALSE,NA,"Winter",11,11,0,906
"SC Otelul Galati","SuperLiga","Romania","2009","Departures","Stoyan Kolev","https://www.transfermarkt.com/stoyan-kolev/profil/spieler/15015","Goalkeeper","33","Bulgaria","Chern. Burgas","efbet Liga","Bulgaria",0,FALSE,NA,"Winter",11,11,0,989
"SC Otelul Galati","SuperLiga","Romania","2009","Departures","Gjorgji Mojsov","https://www.transfermarkt.com/gjorgji-mojsov/profil/spieler/54536","Central Midfield","24","North Macedonia","ETO FC Győr ","NB I.","Hungary",0,FALSE,NA,"Winter",7,7,0,308
"SC Otelul Galati","SuperLiga","Romania","2009","Departures","Marian Tanasa","https://www.transfermarkt.com/marian-tanasa/profil/spieler/64082","Centre-Forward","24","Romania","Minaur","Liga II - Seria II","Romania",NA,FALSE,"?","Winter",NA,NA,NA,NA
"SC Otelul Galati","SuperLiga","Romania","2009","Departures","Robert Elek","https://www.transfermarkt.com/robert-elek/profil/spieler/55279","Centre-Forward","21","Romania","Bihor Oradea","Liga II - Seria II","Romania",NA,TRUE,"loan transfer","Winter",NA,NA,NA,NA
"SC Otelul Galati","SuperLiga","Romania","2009","Departures","Marius Matei","https://www.transfermarkt.com/marius-matei/profil/spieler/54689","Centre-Forward","26","Romania","FC Botosani","Liga 2","Romania",NA,TRUE,"loan transfer","Winter",6,6,0,315
"SC Otelul Galati","SuperLiga","Romania","2009","Departures","Jean Christian N'Kongue","https://www.transfermarkt.com/jean-christian-nkongue/profil/spieler/124424","Centre-Forward","26","Cameroon","ASA Tg. Mures","Liga II - Seria II","Romania",NA,TRUE,"loan transfer","Winter",3,3,0,123
"SC Otelul Galati","SuperLiga","Romania","2009","Departures","Laurențiu Buș","https://www.transfermarkt.com/laurentiu-bus/profil/spieler/54728","Central Midfield","22","Romania","Ariesul Turda","Liga II - Seria II","Romania",NA,TRUE,"loan transfer","Winter",NA,NA,NA,NA
"SC Otelul Galati","SuperLiga","Romania","2009","Departures","Alexandru David","https://www.transfermarkt.com/alexandru-david/profil/spieler/64036","Centre-Back","26","Romania","Without Club",NA,NA,NA,FALSE,"-","Winter",NA,NA,NA,NA
"SC Otelul Galati","SuperLiga","Romania","2009","Departures","Artur Patras","https://www.transfermarkt.com/artur-patras/profil/spieler/104065","Central Midfield","21","Moldova","Poli. Timisoara","SuperLiga","Romania",NA,TRUE,"End of loan Dec 1, 2009","Winter",9,9,0,478
"Astra Giurgiu (- 2024)",NA,NA,"2009","Arrivals","Hristu Chiacu","https://www.transfermarkt.com/hristu-chiacu/profil/spieler/41623","Right Midfield","22","Romania","FC Dinamo","SuperLiga","Romania",3e+05,TRUE,NA,"Summer",3,3,0,145
"Astra Giurgiu (- 2024)",NA,NA,"2009","Arrivals","Silviu Izvoranu","https://www.transfermarkt.com/silviu-izvoranu/profil/spieler/47165","Centre-Back","26","Romania","FC Dinamo","SuperLiga","Romania",1e+05,TRUE,NA,"Summer",2,2,0,103
"Astra Giurgiu (- 2024)",NA,NA,"2009","Arrivals","Sorin Stratila","https://www.transfermarkt.com/sorin-stratila/profil/spieler/123319","Right Midfield","22","Romania","EAB",NA,"Romania",25000,FALSE,NA,"Summer",30,30,0,2409
"Astra Giurgiu (- 2024)",NA,NA,"2009","Arrivals","Kevin Hatchi","https://www.transfermarkt.com/kevin-hatchi/profil/spieler/31648","Centre-Back","28","France","FC Seoul","K League 1","Korea, South",0,FALSE,NA,"Summer",8,7,0,198
"Astra Giurgiu (- 2024)",NA,NA,"2009","Arrivals","Cornel Cornea","https://www.transfermarkt.com/cornel-cornea/profil/spieler/46521","Left Midfield","27","Romania","OFI Crete FC","Football League","Greece",0,FALSE,NA,"Summer",4,4,0,206
"Astra Giurgiu (- 2024)",NA,NA,"2009","Arrivals","Dorin Semeghin","https://www.transfermarkt.com/dorin-semeghin/profil/spieler/26044","Left-Back","31","Romania","Cetatea Suceava","Liga 2","Romania",0,FALSE,NA,"Summer",3,3,0,77
"Astra Giurgiu (- 2024)",NA,NA,"2009","Arrivals","Catalin Vlaicu","https://www.transfermarkt.com/catalin-vlaicu/profil/spieler/54754","Centre-Back","24","Romania","Gloria Buzau","Liga 2","Romania",NA,FALSE,"?","Summer",6,6,0,252
"Astra Giurgiu (- 2024)",NA,NA,"2009","Arrivals","Bruno Simão","https://www.transfermarkt.com/bruno-simao/profil/spieler/48902","Left-Back","24","Portugal","Slo. Bratislava","Niké Liga","Slovakia",NA,FALSE,"?","Summer",4,4,0,47
"Astra Giurgiu (- 2024)",NA,NA,"2009","Arrivals","Catalin Zapodeanu","https://www.transfermarkt.com/catalin-zapodeanu/profil/spieler/269392","Defender","19","Romania","Unknown",NA,NA,NA,FALSE,"?","Summer",NA,NA,NA,NA
"Astra Giurgiu (- 2024)",NA,NA,"2009","Arrivals","Valentin Sandu","https://www.transfermarkt.com/valentin-sandu/profil/spieler/97520","Left-Back","26","Romania","Gloria Bistrita","SuperLiga","Romania",NA,FALSE,"?","Summer",22,21,0,1211
"Astra Giurgiu (- 2024)",NA,NA,"2009","Arrivals","Abel Valdez","https://www.transfermarkt.com/abel-valdez/profil/spieler/126034","Centre-Back","21","Argentina","Delta Tulcea","Liga 2","Romania",NA,FALSE,"?","Summer",1,1,0,24
"Astra Giurgiu (- 2024)",NA,NA,"2009","Arrivals","Marius Tigoianu","https://www.transfermarkt.com/marius-tigoianu/profil/spieler/124427","Left Winger","19","Romania","Sageata Navodar","Liga 2","Romania",NA,FALSE,"?","Summer",1,1,0,22
"Astra Giurgiu (- 2024)",NA,NA,"2009","Arrivals","Dusan Djokic","https://www.transfermarkt.com/dusan-djokic/profil/spieler/28673","Centre-Forward","29","Serbia","Club Brugge","Jupiler Pro League","Belgium",NA,TRUE,"loan transfer","Summer",11,10,3,722
"Astra Giurgiu (- 2024)",NA,NA,"2009","Arrivals","Osvaldo Miranda","https://www.transfermarkt.com/osvaldo-miranda/profil/spieler/30856","Centre-Forward","25","Argentina","FC Dinamo","SuperLiga","Romania",NA,TRUE,"loan transfer","Summer",11,11,3,883
"Astra Giurgiu (- 2024)",NA,NA,"2009","Arrivals","Liviu Ganea","https://www.transfermarkt.com/liviu-ganea/profil/spieler/45267","Centre-Forward","21","Romania","FC Dinamo","SuperLiga","Romania",NA,TRUE,"loan transfer","Summer",28,28,11,2364
"Astra Giurgiu (- 2024)",NA,NA,"2009","Arrivals","Cristian Munteanu","https://www.transfermarkt.com/cristian-munteanu/profil/spieler/26032","Goalkeeper","34","Romania","FC Dinamo","SuperLiga","Romania",NA,TRUE,"loan transfer","Summer",11,10,0,900
"Astra Giurgiu (- 2024)",NA,NA,"2009","Arrivals","Cornel Predescu","https://www.transfermarkt.com/cornel-predescu/profil/spieler/44943","Attacking Midfield","21","Romania","FC Dinamo","SuperLiga","Romania",NA,TRUE,"loan transfer","Summer",2,2,0,116
"Astra Giurgiu (- 2024)",NA,NA,"2009","Arrivals","Daniel Vadrariu","https://www.transfermarkt.com/daniel-vadrariu/profil/spieler/132218","Left Midfield","19","Romania","FC Dinamo","SuperLiga","Romania",NA,TRUE,"loan transfer","Summer",11,10,2,500
"Astra Giurgiu (- 2024)",NA,NA,"2009","Departures","Marian Tataru","https://www.transfermarkt.com/marian-tataru/profil/spieler/97565","Right-Back","27","Romania","Unknown",NA,NA,0,FALSE,NA,"Summer",NA,NA,NA,NA
"Astra Giurgiu (- 2024)",NA,NA,"2009","Departures","Ștefan Ciobanu","https://www.transfermarkt.com/stefan-ciobanu/profil/spieler/54717","Centre-Forward","30","Romania","Sageata Navodar","Liga 2","Romania",NA,FALSE,"?","Summer",3,3,0,153
"Astra Giurgiu (- 2024)",NA,NA,"2009","Departures","Catalin Zapodeanu","https://www.transfermarkt.com/catalin-zapodeanu/profil/spieler/269392","Defender","20","Romania","Unknown",NA,NA,NA,FALSE,"?","Summer",NA,NA,NA,NA
"Astra Giurgiu (- 2024)",NA,NA,"2009","Departures","Mădălin Militaru","https://www.transfermarkt.com/madalin-militaru/profil/spieler/97557","Centre-Back","22","Romania","FCV Farul",NA,"Romania",NA,FALSE,"?","Summer",NA,NA,NA,NA
"Astra Giurgiu (- 2024)",NA,NA,"2009","Departures","Adrian Craciun","https://www.transfermarkt.com/adrian-craciun/profil/spieler/97551","Striker","21","Romania","Callatis",NA,"Romania",NA,FALSE,"?","Summer",NA,NA,NA,NA
"Astra Giurgiu (- 2024)",NA,NA,"2009","Departures","Victoras Catarama","https://www.transfermarkt.com/victoras-catarama/profil/spieler/97549","Right Midfield","20","Romania","FC Snagov","Liga 2","Romania",NA,TRUE,"loan transfer","Summer",NA,NA,NA,NA
"Astra Giurgiu (- 2024)",NA,NA,"2009","Departures","Daniel Chirita","https://www.transfermarkt.com/daniel-chirita/profil/spieler/15648","Centre-Back","35","Romania",NA,NA,NA,NA,FALSE,"-","Summer",NA,NA,NA,NA
"Astra Giurgiu (- 2024)",NA,NA,"2009","Departures","Gabriel Cotea","https://www.transfermarkt.com/gabriel-cotea/profil/spieler/97550","Defender","27","Romania","Without Club",NA,NA,NA,FALSE,"-","Summer",NA,NA,NA,NA
"Astra Giurgiu (- 2024)",NA,NA,"2009","Departures","Robert Stamate","https://www.transfermarkt.com/robert-stamate/profil/spieler/97563","Defender","24","Romania","Without Club",NA,NA,NA,FALSE,"-","Summer",NA,NA,NA,NA
"Astra Giurgiu (- 2024)",NA,NA,"2009","Departures","Razvan Anania","https://www.transfermarkt.com/razvan-anania/profil/spieler/97547","Defender","24","Romania","Without Club",NA,NA,NA,FALSE,"-","Summer",NA,NA,NA,NA
"Astra Giurgiu (- 2024)",NA,NA,"2009","Departures","Cristian Frunza","https://www.transfermarkt.com/cristian-frunza/profil/spieler/97552","Midfielder","19","Romania","Without Club",NA,NA,NA,FALSE,"-","Summer",NA,NA,NA,NA
"Astra Giurgiu (- 2024)",NA,NA,"2009","Departures","Alexandru Stefan","https://www.transfermarkt.com/alexandru-stefan/profil/spieler/97564","Midfielder","-","Romania","Without Club",NA,NA,NA,FALSE,"-","Summer",NA,NA,NA,NA
"Astra Giurgiu (- 2024)",NA,NA,"2009","Departures","Nelu Popliaca","https://www.transfermarkt.com/nelu-popliaca/profil/spieler/97560","Midfielder","31","Romania","Unknown",NA,NA,NA,FALSE,"-","Summer",NA,NA,NA,NA
"Astra Giurgiu (- 2024)",NA,NA,"2009","Departures","Silviu Izvoranu","https://www.transfermarkt.com/silviu-izvoranu/profil/spieler/47165","Centre-Back","26","Romania","FC Dinamo","SuperLiga","Romania",NA,TRUE,"End of loan Aug 1, 2009","Summer",2,2,0,103
"Astra Giurgiu (- 2024)",NA,NA,"2009","Departures","Hristu Chiacu","https://www.transfermarkt.com/hristu-chiacu/profil/spieler/41623","Right Midfield","22","Romania","FC Dinamo","SuperLiga","Romania",NA,TRUE,"End of loan Aug 1, 2009","Summer",3,3,0,145
"Astra Giurgiu (- 2024)",NA,NA,"2009","Departures","Marius Alexe","https://www.transfermarkt.com/marius-alexe/profil/spieler/48678","Centre-Forward","19","Romania","FC Dinamo","SuperLiga","Romania",NA,TRUE,"End of loan Sep 1, 2009","Summer",3,3,2,270
"Astra Giurgiu (- 2024)",NA,NA,"2009","Departures","Cornel Predescu","https://www.transfermarkt.com/cornel-predescu/profil/spieler/44943","Attacking Midfield","21","Romania","FC Dinamo","SuperLiga","Romania",NA,TRUE,"End of loan Aug 1, 2009","Summer",2,2,0,116
"Astra Giurgiu (- 2024)",NA,NA,"2009","Departures","Valentin Lemnaru","https://www.transfermarkt.com/valentin-lemnaru/profil/spieler/48690","Centre-Forward","25","Romania","Dinamo II","Liga 2","Romania",NA,TRUE,"End of loan Jun 30, 2009","Summer",NA,NA,NA,NA
"Astra Giurgiu (- 2024)",NA,NA,"2009","Arrivals","Diego Silva","https://www.transfermarkt.com/diego-silva/profil/spieler/74269","Centre-Forward","22","Uruguay","River Plate","Liga AUF Clausura","Uruguay",250000,FALSE,NA,"Winter",8,8,2,604
"Astra Giurgiu (- 2024)",NA,NA,"2009","Arrivals","Vitali Gussev","https://www.transfermarkt.com/vitali-gussev/profil/spieler/47918","Centre-Forward","26","Estonia","FCI Levadia","Premium Liiga","Estonia",150000,FALSE,NA,"Winter",12,12,0,454
"Astra Giurgiu (- 2024)",NA,NA,"2009","Arrivals","Marcelo Méndez","https://www.transfermarkt.com/marcelo-mendez/profil/spieler/27250","Centre-Back","28","Uruguay","Wanderers","Liga AUF Clausura","Uruguay",0,FALSE,NA,"Winter",8,8,0,720
"Astra Giurgiu (- 2024)",NA,NA,"2009","Arrivals","Alexis Ngambi","https://www.transfermarkt.com/alexis-ngambi/profil/spieler/5616","Centre-Back","27","Cameroon","Panthrakikos","Super League 1","Greece",0,FALSE,NA,"Winter",0,0,0,0
"Astra Giurgiu (- 2024)",NA,NA,"2009","Arrivals","Alejandro Kruchowski","https://www.transfermarkt.com/alejandro-kruchowski/profil/spieler/90522","Centre-Back","26","Argentina","Stgo. Morning","Torneo Apertura","Chile",0,FALSE,NA,"Winter",4,4,0,315
"Astra Giurgiu (- 2024)",NA,NA,"2009","Arrivals","Danilo Carando","https://www.transfermarkt.com/danilo-carando/profil/spieler/128477","Centre-Forward","21","Argentina","Ñublense","Torneo Apertura","Chile",0,FALSE,NA,"Winter",7,6,1,166
"Astra Giurgiu (- 2024)",NA,NA,"2009","Arrivals","Maximiliano Arias","https://www.transfermarkt.com/maximiliano-arias/profil/spieler/74235","Centre-Back","21","Uruguay","CA Fénix","Liga AUF Clausura","Uruguay",0,FALSE,NA,"Winter",3,2,0,91
"Astra Giurgiu (- 2024)",NA,NA,"2009","Arrivals","Gonzalo Salgueiro","https://www.transfermarkt.com/gonzalo-salgueiro/profil/spieler/74247","Goalkeeper","23","Uruguay","PS Kalamata","Football League","Greece",0,FALSE,NA,"Winter",1,0,0,0
"Astra Giurgiu (- 2024)",NA,NA,"2009","Arrivals","Victoras Catarama","https://www.transfermarkt.com/victoras-catarama/profil/spieler/97549","Right Midfield","20","Romania","FC Snagov","Liga 2","Romania",NA,TRUE,"End of loan Dec 1, 2009","Winter",NA,NA,NA,NA
"Astra Giurgiu (- 2024)",NA,NA,"2009","Departures","Catalin Vlaicu","https://www.transfermarkt.com/catalin-vlaicu/profil/spieler/54754","Centre-Back","24","Romania","Sageata Navodar","Liga 2","Romania",0,FALSE,NA,"Winter",6,6,0,252
"Astra Giurgiu (- 2024)",NA,NA,"2009","Departures","Șerban Moraru","https://www.transfermarkt.com/serban-moraru/profil/spieler/48786","Right-Back","23","Romania","Ceahlaul","SuperLiga","Romania",0,FALSE,NA,"Winter",NA,NA,NA,NA
"Astra Giurgiu (- 2024)",NA,NA,"2009","Departures","Cornel Cornea","https://www.transfermarkt.com/cornel-cornea/profil/spieler/46521","Left Midfield","28","Romania","Minaur","Liga II - Seria II","Romania",0,FALSE,NA,"Winter",4,4,0,206
"Astra Giurgiu (- 2024)",NA,NA,"2009","Departures","Dimitrie Gafita","https://www.transfermarkt.com/dimitrie-gafita/profil/spieler/97553","Centre-Forward","25","Romania","CS Otopeni","Liga II - Seria II","Romania",NA,TRUE,"loan transfer","Winter",8,7,0,143
"Astra Giurgiu (- 2024)",NA,NA,"2009","Departures","Victoras Catarama","https://www.transfermarkt.com/victoras-catarama/profil/spieler/97549","Right Midfield","20","Romania","Petrolul","Liga 2","Romania",NA,TRUE,"loan transfer","Winter",NA,NA,NA,NA
"Astra Giurgiu (- 2024)",NA,NA,"2009","Departures","Kevin Hatchi","https://www.transfermarkt.com/kevin-hatchi/profil/spieler/31648","Centre-Back","28","France","Without Club",NA,NA,NA,FALSE,"-","Winter",8,7,0,198
"Astra Giurgiu (- 2024)",NA,NA,"2009","Departures","Osvaldo Miranda","https://www.transfermarkt.com/osvaldo-miranda/profil/spieler/30856","Centre-Forward","25","Argentina","FC Dinamo","SuperLiga","Romania",NA,TRUE,"End of loan Dec 30, 2009","Winter",11,11,3,883
"Astra Giurgiu (- 2024)",NA,NA,"2009","Departures","Dusan Djokic","https://www.transfermarkt.com/dusan-djokic/profil/spieler/28673","Centre-Forward","29","Serbia","Club Brugge","Jupiler Pro League","Belgium",NA,TRUE,"End of loan Jan 1, 2010","Winter",11,10,3,722
"Astra Giurgiu (- 2024)",NA,NA,"2009","Departures","Cristian Munteanu","https://www.transfermarkt.com/cristian-munteanu/profil/spieler/26032","Goalkeeper","35","Romania","FC Dinamo","SuperLiga","Romania",NA,TRUE,"End of loan Dec 1, 2009","Winter",11,10,0,900
"Astra Giurgiu (- 2024)",NA,NA,"2009","Departures","Georgian Păun","https://www.transfermarkt.com/georgian-paun/profil/spieler/74552","Left Winger","24","Romania","FC Dinamo","SuperLiga","Romania",NA,TRUE,"End of loan Dec 1, 2009","Winter",16,15,4,674
"Pandurii Targu Jiu (- 2022)",NA,NA,"2009","Arrivals","Enache Caju","https://www.transfermarkt.com/enache-caju/profil/spieler/58679","Right Midfield","25","Romania","Rm. Valcea","Liga II - Seria II","Romania",1e+05,FALSE,NA,"Summer",2,2,0,17
"Pandurii Targu Jiu (- 2022)",NA,NA,"2009","Arrivals","Marko Basara","https://www.transfermarkt.com/marko-basara/profil/spieler/35970","Attacking Midfield","24","Serbia","BFC Siófok",NA,"Hungary",1e+05,FALSE,NA,"Summer",1,1,0,57
"Pandurii Targu Jiu (- 2022)",NA,NA,"2009","Arrivals","Alexandru Vladuti","https://www.transfermarkt.com/alexandru-vladuti/profil/spieler/147374","Centre-Forward","20","Romania","Minerul Lupeni","Liga II - Seria II","Romania",0,FALSE,NA,"Summer",1,1,0,15
"Pandurii Targu Jiu (- 2022)",NA,NA,"2009","Arrivals","Predrag Lazic","https://www.transfermarkt.com/predrag-lazic/profil/spieler/28609","Right Midfield","27","Serbia","CS Otopeni","Liga II - Seria II","Romania",NA,FALSE,"?","Summer",17,17,0,1053
"Pandurii Targu Jiu (- 2022)",NA,NA,"2009","Arrivals","Joussouf Kamara","https://www.transfermarkt.com/joussouf-kamara/profil/spieler/776982","Centre-Forward","28","Cote d'Ivoire","FC Arges","Liga II - Seria II","Romania",NA,FALSE,"?","Summer",NA,NA,NA,NA
"Pandurii Targu Jiu (- 2022)",NA,NA,"2009","Arrivals","Adrian Nalati","https://www.transfermarkt.com/adrian-nalati/profil/spieler/46603","Central Midfield","26","Romania","Gloria Bistrita","SuperLiga","Romania",NA,TRUE,"End of loan Jun 30, 2009","Summer",17,17,1,1052
"Pandurii Targu Jiu (- 2022)",NA,NA,"2009","Arrivals","Jaka Stromajer","https://www.transfermarkt.com/jaka-stromajer/profil/spieler/54747","Left Winger","25","Slovenia","Rm. Valcea",NA,"Romania",NA,TRUE,"End of loan Jun 30, 2009","Summer",31,31,3,2195
"Pandurii Targu Jiu (- 2022)",NA,NA,"2009","Arrivals","Mugurel Dedu","https://www.transfermarkt.com/mugurel-dedu/profil/spieler/47874","Attacking Midfield","24","Romania","FC Drobeta",NA,"Romania",NA,TRUE,"End of loan Jun 30, 2009","Summer",9,9,0,430
"Pandurii Targu Jiu (- 2022)",NA,NA,"2009","Arrivals","Nenad Kutlacic","https://www.transfermarkt.com/nenad-kutlacic/profil/spieler/36020","Centre-Back","28","Bosnia-Herzegovina","Rm. Valcea",NA,"Romania",NA,TRUE,"End of loan Jun 30, 2009","Summer",0,0,0,0
"Pandurii Targu Jiu (- 2022)",NA,NA,"2009","Arrivals","Yuriy Tsygalko","https://www.transfermarkt.com/yuriy-tsygalko/profil/spieler/26334","Goalkeeper","26","Belarus","Rm. Valcea",NA,"Romania",NA,TRUE,"End of loan Jun 30, 2009","Summer",NA,NA,NA,NA
"Pandurii Targu Jiu (- 2022)",NA,NA,"2009","Arrivals","Dragoș Militaru","https://www.transfermarkt.com/dragos-militaru/profil/spieler/212860","Defensive Midfield","19","Romania","Minerul Lupeni",NA,"Romania",NA,TRUE,"End of loan Jun 30, 2009","Summer",NA,NA,NA,NA
"Pandurii Targu Jiu (- 2022)",NA,NA,"2009","Departures","Alexandru Pițurcă","https://www.transfermarkt.com/alexandru-piturca/profil/spieler/7260","Centre-Forward","25","Romania","FC Brasov","SuperLiga","Romania",0,FALSE,NA,"Summer",NA,NA,NA,NA
"Pandurii Targu Jiu (- 2022)",NA,NA,"2009","Departures","Ilie Iordache","https://www.transfermarkt.com/ilie-iordache/profil/spieler/47877","Left Winger","24","Romania","AEK Athens","Super League 1","Greece",0,FALSE,NA,"Summer",NA,NA,NA,NA
"Pandurii Targu Jiu (- 2022)",NA,NA,"2009","Departures","Miodrag Andjelkovic","https://www.transfermarkt.com/miodrag-andjelkovic/profil/spieler/5276","Centre-Forward","32","Serbia","Curtea de Arges","SuperLiga","Romania",0,FALSE,NA,"Summer",NA,NA,NA,NA
"Pandurii Targu Jiu (- 2022)",NA,NA,"2009","Departures","Ionut Lutu","https://www.transfermarkt.com/ionut-lutu/profil/spieler/26671","Attacking Midfield","34","Romania","Jiul Petrosani","Liga II - Seria II","Romania",0,FALSE,NA,"Summer",NA,NA,NA,NA
"Pandurii Targu Jiu (- 2022)",NA,NA,"2009","Departures","Robert Vancea","https://www.transfermarkt.com/robert-vancea/profil/spieler/47895","Right Midfield","32","Romania","EMC Rovinari",NA,"Romania",NA,FALSE,"?","Summer",NA,NA,NA,NA
"Pandurii Targu Jiu (- 2022)",NA,NA,"2009","Departures","Yuriy Tsygalko","https://www.transfermarkt.com/yuriy-tsygalko/profil/spieler/26334","Goalkeeper","26","Belarus","Vostok Oskemen","Premier Liga","Kazakhstan",NA,FALSE,"?","Summer",NA,NA,NA,NA
"Pandurii Targu Jiu (- 2022)",NA,NA,"2009","Departures","Lucian Parvu","https://www.transfermarkt.com/lucian-parvu/profil/spieler/18994","Right Winger","27","Romania","Jiul Petrosani","Liga II - Seria II","Romania",NA,TRUE,"loan transfer","Summer",NA,NA,NA,NA
"Pandurii Targu Jiu (- 2022)",NA,NA,"2009","Departures","Predrag Lazic","https://www.transfermarkt.com/predrag-lazic/profil/spieler/28609","Right Midfield","28","Serbia","Without Club",NA,NA,NA,FALSE,"-","Summer",17,17,0,1053
"Pandurii Targu Jiu (- 2022)",NA,NA,"2009","Arrivals","Youssouf Kamara","https://www.transfermarkt.com/youssouf-kamara/profil/spieler/79946","Centre-Forward","28","Cote d'Ivoire","FC Arges","Liga II - Seria II","Romania",3e+05,FALSE,NA,"Winter",11,11,0,430
"Pandurii Targu Jiu (- 2022)",NA,NA,"2009","Arrivals","Stojan Vranjes","https://www.transfermarkt.com/stojan-vranjes/profil/spieler/46346","Attacking Midfield","23","Bosnia-Herzegovina","B. Banja Luka","Premijer Liga BiH","Bosnia-Herzegovina",75000,FALSE,NA,"Winter",12,12,1,841
"Pandurii Targu Jiu (- 2022)",NA,NA,"2009","Arrivals","Daniel Orac","https://www.transfermarkt.com/daniel-orac/profil/spieler/47882","Central Midfield","26","Romania","Panthrakikos","Super League 1","Greece",0,FALSE,NA,"Winter",15,15,0,1213
"Pandurii Targu Jiu (- 2022)",NA,NA,"2009","Arrivals","Nicușor Bănică","https://www.transfermarkt.com/nicusor-banica/profil/spieler/26634","Goalkeeper","25","Romania","FC Drobeta","Liga II - Seria II","Romania",0,FALSE,NA,"Winter",0,0,0,0
"Pandurii Targu Jiu (- 2022)",NA,NA,"2009","Arrivals","Daniel Mutu","https://www.transfermarkt.com/daniel-mutu/profil/spieler/173465","Goalkeeper","22","Romania","Curtea de Arges","SuperLiga","Romania",NA,FALSE,"?","Winter",NA,NA,NA,NA
"Pandurii Targu Jiu (- 2022)",NA,NA,"2009","Arrivals","Marian Pleasca","https://www.transfermarkt.com/marian-pleasca/profil/spieler/148206","Right-Back","19","Romania","Pandurii II",NA,"Romania",NA,FALSE,"-","Winter",2,2,0,34
"Pandurii Targu Jiu (- 2022)",NA,NA,"2009","Arrivals","Albert Voinea","https://www.transfermarkt.com/albert-voinea/profil/spieler/180871","Centre-Forward","17","Romania","Pandurii U19",NA,"Romania",NA,FALSE,"-","Winter",NA,NA,NA,NA
"Pandurii Targu Jiu (- 2022)",NA,NA,"2009","Arrivals","Lucian Parvu","https://www.transfermarkt.com/lucian-parvu/profil/spieler/18994","Right Winger","27","Romania","Jiul Petrosani","Liga II - Seria II","Romania",NA,TRUE,"End of loan Dec 31, 2009","Winter",NA,NA,NA,NA
"Pandurii Targu Jiu (- 2022)",NA,NA,"2009","Departures","Florin Stîngă","https://www.transfermarkt.com/florin-stinga/profil/spieler/47891","Central Midfield","31","Romania","AO Xanthi","Super League 1","Greece",0,FALSE,NA,"Winter",16,16,1,1408
"Pandurii Targu Jiu (- 2022)",NA,NA,"2009","Departures","Ciprian Vasilache","https://www.transfermarkt.com/ciprian-vasilache/profil/spieler/34514","Attacking Midfield","26","Romania","Ceahlaul","SuperLiga","Romania",0,FALSE,NA,"Winter",NA,NA,NA,NA
"Pandurii Targu Jiu (- 2022)",NA,NA,"2009","Departures","Enache Caju","https://www.transfermarkt.com/enache-caju/profil/spieler/58679","Right Midfield","26","Romania","Delta Tulcea","Liga 2","Romania",NA,FALSE,"?","Winter",2,2,0,17
"Pandurii Targu Jiu (- 2022)",NA,NA,"2009","Departures","Lucian Parvu","https://www.transfermarkt.com/lucian-parvu/profil/spieler/18994","Right Winger","27","Romania","Rm. Valcea","Liga II - Seria II","Romania",NA,TRUE,"loan transfer","Winter",NA,NA,NA,NA
"Pandurii Targu Jiu (- 2022)",NA,NA,"2009","Departures","Nenad Kutlacic","https://www.transfermarkt.com/nenad-kutlacic/profil/spieler/36020","Centre-Back","28","Bosnia-Herzegovina","Without Club",NA,NA,NA,FALSE,"-","Winter",0,0,0,0
"Politehnica Iasi (1945 - 2010)",NA,NA,"2009","Arrivals","Milos Mihajlov","https://www.transfermarkt.com/milos-mihajlov/profil/spieler/36030","Centre-Back","26","Serbia","Konyaspor","1.Lig","Türkiye",120000,FALSE,NA,"Summer",23,23,0,2020
"Politehnica Iasi (1945 - 2010)",NA,NA,"2009","Arrivals","Cristian Constantin","https://www.transfermarkt.com/cristian-constantin/profil/spieler/48824","Left Midfield","31","Romania","CS Otopeni","Liga II - Seria II","Romania",1e+05,FALSE,NA,"Summer",25,25,1,1978
"Politehnica Iasi (1945 - 2010)",NA,NA,"2009","Arrivals","George Bârlădeanu","https://www.transfermarkt.com/george-barladeanu/profil/spieler/64110","Right Midfield","21","Romania","Unirea Urziceni","SuperLiga","Romania",1e+05,FALSE,NA,"Summer",16,16,0,952
"Politehnica Iasi (1945 - 2010)",NA,NA,"2009","Arrivals","Valentin Negru","https://www.transfermarkt.com/valentin-negru/profil/spieler/35439","Central Midfield","26","Romania","CS Otopeni","Liga II - Seria II","Romania",0,FALSE,NA,"Summer",21,21,3,1676
"Politehnica Iasi (1945 - 2010)",NA,NA,"2009","Arrivals","Marius Croitoru","https://www.transfermarkt.com/marius-croitoru/profil/spieler/46526","Right Winger","28","Romania","FCM Bacau","Liga 2","Romania",0,FALSE,NA,"Summer",1,1,0,10
"Politehnica Iasi (1945 - 2010)",NA,NA,"2009","Arrivals","Viorel Frunza","https://www.transfermarkt.com/viorel-frunza/profil/spieler/46547","Centre-Forward","29","Moldova","CFR Cluj","SuperLiga","Romania",0,FALSE,NA,"Summer",NA,NA,NA,NA
"Politehnica Iasi (1945 - 2010)",NA,NA,"2009","Arrivals","Ibraima Baldé","https://www.transfermarkt.com/ibraima-balde/profil/spieler/63362","Centre-Forward","23","Guinea-Bissau","Beira-Mar","Liga Portugal 2","Portugal",0,FALSE,NA,"Summer",11,11,1,618
"Politehnica Iasi (1945 - 2010)",NA,NA,"2009","Arrivals","Ionut Costache","https://www.transfermarkt.com/ionut-costache/profil/spieler/123232","Left-Back","25","Romania","Petrolul","Liga 2","Romania",NA,FALSE,"?","Summer",22,22,0,1785
"Politehnica Iasi (1945 - 2010)",NA,NA,"2009","Arrivals","Bogdan Straut","https://www.transfermarkt.com/bogdan-straut/profil/spieler/126124","Right-Back","23","Romania","Liberty Salonta",NA,"Romania",NA,FALSE,"?","Summer",19,19,0,1583
"Politehnica Iasi (1945 - 2010)",NA,NA,"2009","Arrivals","Vlad Bujor","https://www.transfermarkt.com/vlad-bujor/profil/spieler/123230","Second Striker","20","Romania","CFR Cluj","SuperLiga","Romania",NA,TRUE,"loan transfer","Summer",34,34,4,2414
"Politehnica Iasi (1945 - 2010)",NA,NA,"2009","Arrivals","Paul Tincu","https://www.transfermarkt.com/paul-tincu/profil/spieler/47503","Attacking Midfield","23","Romania","Petrolul",NA,"Romania",NA,TRUE,"End of loan Jun 30, 2009","Summer",1,1,0,40
"Politehnica Iasi (1945 - 2010)",NA,NA,"2009","Arrivals","Traian Marc","https://www.transfermarkt.com/traian-marc/profil/spieler/47490","Goalkeeper","26","Romania","Forex Brasov",NA,"Romania",NA,TRUE,"End of loan Jun 30, 2009","Summer",3,2,0,180
"Politehnica Iasi (1945 - 2010)",NA,NA,"2009","Arrivals","Costin Oghinciuc","https://www.transfermarkt.com/costin-oghinciuc/profil/spieler/81423","Goalkeeper","21","Romania","Ac. Clinceni",NA,"Romania",NA,TRUE,"End of loan Jun 30, 2009","Summer",NA,NA,NA,NA
"Politehnica Iasi (1945 - 2010)",NA,NA,"2009","Arrivals","Alexandru Buhusi","https://www.transfermarkt.com/alexandru-buhusi/profil/spieler/126032","Attacking Midfield","19","Romania","Cetatea Suceava",NA,"Romania",NA,TRUE,"End of loan Jun 30, 2009","Summer",8,8,0,170
"Politehnica Iasi (1945 - 2010)",NA,NA,"2009","Departures","Sebastian Sfarlea","https://www.transfermarkt.com/sebastian-sfarlea/profil/spieler/47502","Left Midfield","27","Romania","ASA Tg. Mures","Liga II - Seria II","Romania",2e+05,FALSE,NA,"Summer",NA,NA,NA,NA
"Politehnica Iasi (1945 - 2010)",NA,NA,"2009","Departures","Svetozar Mijin","https://www.transfermarkt.com/svetozar-mijin/profil/spieler/43339","Central Midfield","31","Serbia","Mahindra United","I-League","India",0,FALSE,NA,"Summer",NA,NA,NA,NA
"Politehnica Iasi (1945 - 2010)",NA,NA,"2009","Departures","Mircea Oprea","https://www.transfermarkt.com/mircea-oprea/profil/spieler/42789","Second Striker","29","Romania","Alba Iulia","SuperLiga","Romania",0,FALSE,NA,"Summer",1,0,0,0
"Politehnica Iasi (1945 - 2010)",NA,NA,"2009","Departures","Ramon","https://www.transfermarkt.com/ramon/profil/spieler/54300","Centre-Forward","22","Brazil","Juventus-SC",NA,"Brazil",0,FALSE,NA,"Summer",NA,NA,NA,NA
"Politehnica Iasi (1945 - 2010)",NA,NA,"2009","Departures","Bogdan Onut","https://www.transfermarkt.com/bogdan-onut/profil/spieler/47491","Centre-Back","32","Romania","CS Otopeni","Liga II - Seria II","Romania",NA,FALSE,"?","Summer",NA,NA,NA,NA
"Politehnica Iasi (1945 - 2010)",NA,NA,"2009","Departures","Iosif Kalai","https://www.transfermarkt.com/iosif-kalai/profil/spieler/46578","Centre-Back","28","Romania","FCM Bacau","Liga 2","Romania",NA,FALSE,"?","Summer",NA,NA,NA,NA
"Politehnica Iasi (1945 - 2010)",NA,NA,"2009","Departures","Clement Palimaru","https://www.transfermarkt.com/clement-palimaru/profil/spieler/47501","Centre-Forward","23","Romania","Cetatea Suceava","Liga 2","Romania",NA,TRUE,"loan transfer","Summer",NA,NA,NA,NA
"Politehnica Iasi (1945 - 2010)",NA,NA,"2009","Departures","Costin Oghinciuc","https://www.transfermarkt.com/costin-oghinciuc/profil/spieler/81423","Goalkeeper","21","Romania","Tric. Breaza","Liga 2","Romania",NA,TRUE,"loan transfer","Summer",NA,NA,NA,NA
"Politehnica Iasi (1945 - 2010)",NA,NA,"2009","Departures","Alejandro Gavatorta","https://www.transfermarkt.com/alejandro-gavatorta/profil/spieler/30719","Central Midfield","28","Argentina",NA,NA,NA,NA,FALSE,"-","Summer",NA,NA,NA,NA
"Politehnica Iasi (1945 - 2010)",NA,NA,"2009","Departures","Andrei Cristea","https://www.transfermarkt.com/andrei-cristea/profil/spieler/26491","Centre-Forward","25","Romania","FC Dinamo","SuperLiga","Romania",NA,TRUE,"End of loan Jun 30, 2009","Summer",NA,NA,NA,NA
"Politehnica Iasi (1945 - 2010)",NA,NA,"2009","Departures","Petar Jovanovic","https://www.transfermarkt.com/petar-jovanovic/profil/spieler/46576","Right-Back","26","Serbia","FC Vaslui","SuperLiga","Romania",NA,TRUE,"End of loan Jun 30, 2009","Summer",NA,NA,NA,NA
"Politehnica Iasi (1945 - 2010)",NA,NA,"2009","Departures","José Montiel","https://www.transfermarkt.com/jose-montiel/profil/spieler/38803","Central Midfield","21","Paraguay","Reggina","Serie B","Italy",NA,TRUE,"End of loan Jun 30, 2009","Summer",NA,NA,NA,NA
"Politehnica Iasi (1945 - 2010)",NA,NA,"2009","Departures","Leo","https://www.transfermarkt.com/leotm/profil/spieler/82003","Striker","19","Brazil","Banik Most","ChNL","Czech Republic",NA,TRUE,"End of loan Jun 30, 2009","Summer",NA,NA,NA,NA
"Politehnica Iasi (1945 - 2010)",NA,NA,"2009","Arrivals","Valentin Badea","https://www.transfermarkt.com/valentin-badea/profil/spieler/43758","Centre-Forward","27","Romania","FC U Craiova","SuperLiga","Romania",0,FALSE,NA,"Winter",12,12,1,789
"Politehnica Iasi (1945 - 2010)",NA,NA,"2009","Arrivals","Salif Nogo","https://www.transfermarkt.com/salif-nogo/profil/spieler/47450","Centre-Back","24","Burkina Faso","Jiul Petrosani","Liga II - Seria II","Romania",0,FALSE,NA,"Winter",6,6,0,520
"Politehnica Iasi (1945 - 2010)",NA,NA,"2009","Arrivals","Andrei Ionescu","https://www.transfermarkt.com/andrei-ionescu/profil/spieler/48780","Central Midfield","21","Romania","FCSB","SuperLiga","Romania",NA,TRUE,"loan transfer","Winter",9,8,0,548
"Politehnica Iasi (1945 - 2010)",NA,NA,"2009","Arrivals","Mihai Onicas","https://www.transfermarkt.com/mihai-onicas/profil/spieler/115242","Defensive Midfield","19","Romania","FCSB","SuperLiga","Romania",NA,TRUE,"loan transfer","Winter",10,10,0,865
"Politehnica Iasi (1945 - 2010)",NA,NA,"2009","Arrivals","Georgian Păun","https://www.transfermarkt.com/georgian-paun/profil/spieler/74552","Left Winger","24","Romania","FC Dinamo","SuperLiga","Romania",NA,TRUE,"loan transfer","Winter",12,12,4,956
"Politehnica Iasi (1945 - 2010)",NA,NA,"2009","Arrivals","Adrian Cuciula","https://www.transfermarkt.com/adrian-cuciula/profil/spieler/61729","Centre-Back","23","Romania","Without Club",NA,NA,NA,FALSE,"-","Winter",2,2,0,80
"Politehnica Iasi (1945 - 2010)",NA,NA,"2009","Arrivals","Clement Palimaru","https://www.transfermarkt.com/clement-palimaru/profil/spieler/47501","Centre-Forward","23","Romania","Cetatea Suceava","Liga 2","Romania",NA,TRUE,"End of loan Dec 31, 2009","Winter",NA,NA,NA,NA
"Politehnica Iasi (1945 - 2010)",NA,NA,"2009","Arrivals","Costin Oghinciuc","https://www.transfermarkt.com/costin-oghinciuc/profil/spieler/81423","Goalkeeper","21","Romania","Tric. Breaza","Liga 2","Romania",NA,TRUE,"End of loan Dec 31, 2009","Winter",NA,NA,NA,NA
"Politehnica Iasi (1945 - 2010)",NA,NA,"2009","Departures","Viorel Frunza","https://www.transfermarkt.com/viorel-frunza/profil/spieler/46547","Centre-Forward","29","Moldova","Atyrau","Premier Liga","Kazakhstan",0,FALSE,NA,"Winter",NA,NA,NA,NA
"Politehnica Iasi (1945 - 2010)",NA,NA,"2009","Departures","Costin Oghinciuc","https://www.transfermarkt.com/costin-oghinciuc/profil/spieler/81423","Goalkeeper","21","Romania","FC Snagov","Liga 2","Romania",NA,FALSE,"?","Winter",NA,NA,NA,NA
"Politehnica Iasi (1945 - 2010)",NA,NA,"2009","Departures","Marius Croitoru","https://www.transfermarkt.com/marius-croitoru/profil/spieler/46526","Right Winger","29","Romania","Without Club",NA,NA,NA,FALSE,"-","Winter",1,1,0,10
"Politehnica Iasi (1945 - 2010)",NA,NA,"2009","Departures","Ibraima Baldé","https://www.transfermarkt.com/ibraima-balde/profil/spieler/63362","Centre-Forward","23","Guinea-Bissau","Without Club",NA,NA,NA,FALSE,"-","Winter",11,11,1,618
"Gaz Metan Medias (- 2022)",NA,NA,"2009","Arrivals","Marko Marovic","https://www.transfermarkt.com/marko-marovic/profil/spieler/36930","Left-Back","26","Serbia","Cukaricki","Super liga Srbije","Serbia",110000,FALSE,NA,"Summer",12,11,0,685
"Gaz Metan Medias (- 2022)",NA,NA,"2009","Arrivals","Karel Kratochvil","https://www.transfermarkt.com/karel-kratochvil/profil/spieler/21055","Centre-Back","27","Czech Republic","Inter Bratislava",NA,"Slovakia",1e+05,FALSE,NA,"Summer",13,13,0,888
"Gaz Metan Medias (- 2022)",NA,NA,"2009","Arrivals","Marius Radu","https://www.transfermarkt.com/marius-radu/profil/spieler/64227","Centre-Back","32","Romania","TJ Jinmen Tiger","Super League","China",1e+05,FALSE,NA,"Summer",2,2,0,51
"Gaz Metan Medias (- 2022)",NA,NA,"2009","Arrivals","Milos Buchta","https://www.transfermarkt.com/milos-buchta/profil/spieler/34470","Goalkeeper","29","Czech Republic","Tatran Presov","Niké Liga","Slovakia",50000,FALSE,NA,"Summer",27,27,0,2374
"Gaz Metan Medias (- 2022)",NA,NA,"2009","Arrivals","Akaki Khubutia","https://www.transfermarkt.com/akaki-khubutia/profil/spieler/77640","Centre-Back","23","Georgia","FBK Kaunas",NA,"Lithuania",15000,FALSE,NA,"Summer",22,22,1,1702
"Gaz Metan Medias (- 2022)",NA,NA,"2009","Arrivals","Cristian Silvasan","https://www.transfermarkt.com/cristian-silvasan/profil/spieler/33745","Centre-Forward","27","Romania","Gloria Bistrita","SuperLiga","Romania",0,FALSE,NA,"Summer",25,25,3,1775
"Gaz Metan Medias (- 2022)",NA,NA,"2009","Arrivals","Cristian Andor","https://www.transfermarkt.com/cristian-andor/profil/spieler/212786","Left Midfield","19","Romania","Bihor Oradea","Liga II - Seria II","Romania",0,FALSE,NA,"Summer",NA,NA,NA,NA
"Gaz Metan Medias (- 2022)",NA,NA,"2009","Arrivals","Cristian Cigan","https://www.transfermarkt.com/cristian-cigan/profil/spieler/26046","Centre-Forward","22","Romania","Liberty Salonta",NA,"Romania",NA,FALSE,"?","Summer",16,16,0,465
"Gaz Metan Medias (- 2022)",NA,NA,"2009","Arrivals","Alexandru Munteanu","https://www.transfermarkt.com/alexandru-munteanu/profil/spieler/123307","Right Winger","21","Romania","Gaz Metan U19",NA,"Romania",NA,FALSE,"-","Summer",31,31,1,2092
"Gaz Metan Medias (- 2022)",NA,NA,"2009","Arrivals","Cosmin Paina","https://www.transfermarkt.com/cosmin-paina/profil/spieler/81492","Centre-Forward","26","Romania","ACU Arad",NA,"Romania",NA,TRUE,"End of loan Jun 30, 2009","Summer",NA,NA,NA,NA
"Gaz Metan Medias (- 2022)",NA,NA,"2009","Arrivals","Sergiu Muth","https://www.transfermarkt.com/sergiu-muth/profil/spieler/96848","Centre-Back","18","Romania","UTA Arad",NA,"Romania",NA,TRUE,"End of loan Jun 30, 2009","Summer",NA,NA,NA,NA
"Gaz Metan Medias (- 2022)",NA,NA,"2009","Departures","Edson Grilo","https://www.transfermarkt.com/edson-grilo/profil/spieler/81489","Defensive Midfield","26","Brazil","Arapongas-PR",NA,"Brazil",0,FALSE,NA,"Summer",0,0,0,0
"Gaz Metan Medias (- 2022)",NA,NA,"2009","Departures","Ciprian Prodan","https://www.transfermarkt.com/ciprian-prodan/profil/spieler/81500","Centre-Forward","30","Romania","ASA Tg. Mures","Liga II - Seria II","Romania",0,FALSE,NA,"Summer",NA,NA,NA,NA
"Gaz Metan Medias (- 2022)",NA,NA,"2009","Departures","Mihai Stetca","https://www.transfermarkt.com/mihai-stetca/profil/spieler/81506","Goalkeeper","28","Romania","ASA Tg. Mures","Liga II - Seria II","Romania",0,FALSE,NA,"Summer",NA,NA,NA,NA
"Gaz Metan Medias (- 2022)",NA,NA,"2009","Departures","Dorin Semeghin","https://www.transfermarkt.com/dorin-semeghin/profil/spieler/26044","Left-Back","30","Romania","Cetatea Suceava","Liga 2","Romania",0,FALSE,NA,"Summer",NA,NA,NA,NA
"Gaz Metan Medias (- 2022)",NA,NA,"2009","Departures","Sorin Gavriş","https://www.transfermarkt.com/sorin-gavris/profil/spieler/92304","Goalkeeper","19","Romania","Sp. Rosiori",NA,"Romania",0,FALSE,NA,"Summer",NA,NA,NA,NA
"Gaz Metan Medias (- 2022)",NA,NA,"2009","Departures","Gabriel Crăciun","https://www.transfermarkt.com/gabriel-craciun/profil/spieler/81476","Right-Back","27","Romania","Petrolul","Liga 2","Romania",NA,FALSE,"?","Summer",NA,NA,NA,NA
"Gaz Metan Medias (- 2022)",NA,NA,"2009","Departures","Radu Vasile Pop","https://www.transfermarkt.com/radu-vasile-pop/profil/spieler/81499","Goalkeeper","26","Romania","Unknown",NA,NA,NA,FALSE,"?","Summer",NA,NA,NA,NA
"Gaz Metan Medias (- 2022)",NA,NA,"2009","Departures","Doru Buican","https://www.transfermarkt.com/doru-buican/profil/spieler/48819","Centre-Back","27","Romania","UTA Arad","Liga II - Seria II","Romania",NA,TRUE,"loan transfer","Summer",NA,NA,NA,NA
"Gaz Metan Medias (- 2022)",NA,NA,"2009","Departures","Leandro Farias","https://www.transfermarkt.com/leandro-farias/profil/spieler/16641","Centre-Forward","25","Togo","Without Club",NA,NA,NA,FALSE,"-","Summer",NA,NA,NA,NA
"Gaz Metan Medias (- 2022)",NA,NA,"2009","Departures","Rafael Pereira","https://www.transfermarkt.com/rafael-pereira/profil/spieler/58362","Centre-Back","24","Brazil","Metropolitano",NA,"Brazil",NA,TRUE,"End of loan Jun 1, 2009","Summer",NA,NA,NA,NA
"Gaz Metan Medias (- 2022)",NA,NA,"2009","Arrivals","Vasilios Galanis","https://www.transfermarkt.com/vasilios-galanis/profil/spieler/46214","Centre-Forward","22","Greece","Kalamaria",NA,"Greece",0,FALSE,NA,"Winter",9,8,0,302
"Gaz Metan Medias (- 2022)",NA,NA,"2009","Arrivals","Jasmin Trtovac","https://www.transfermarkt.com/jasmin-trtovac/profil/spieler/50193","Centre-Back","23","Serbia","Novi Pazar","Prva liga Srbije","Serbia",0,FALSE,NA,"Winter",9,9,0,621
"Gaz Metan Medias (- 2022)",NA,NA,"2009","Arrivals","Alin Litu","https://www.transfermarkt.com/alin-litu/profil/spieler/34938","Centre-Forward","23","Romania","FCSB","SuperLiga","Romania",NA,FALSE,"?","Winter",10,10,3,767
"Gaz Metan Medias (- 2022)",NA,NA,"2009","Arrivals","Andrei Bozesan","https://www.transfermarkt.com/andrei-bozesan/profil/spieler/46512","Central Midfield","21","Romania","Unknown",NA,NA,NA,FALSE,"?","Winter",6,6,0,236
"Gaz Metan Medias (- 2022)",NA,NA,"2009","Arrivals","Kasali Yinka Casal","https://www.transfermarkt.com/kasali-yinka-casal/profil/spieler/60877","Left-Back","22","Nigeria","CFR Cluj","SuperLiga","Romania",NA,TRUE,"loan transfer","Winter",0,0,0,0
"Gaz Metan Medias (- 2022)",NA,NA,"2009","Departures","Cristian Bud","https://www.transfermarkt.com/cristian-bud/profil/spieler/104211","Centre-Forward","24","Romania","CFR Cluj","SuperLiga","Romania",1e+06,FALSE,NA,"Winter",16,16,3,1065
"Gaz Metan Medias (- 2022)",NA,NA,"2009","Departures","Nemanja Vidakovic","https://www.transfermarkt.com/nemanja-vidakovic/profil/spieler/47897","Centre-Forward","24","Serbia","Dunajska Streda","Niké Liga","Slovakia",0,FALSE,NA,"Winter",NA,NA,NA,NA
"Gaz Metan Medias (- 2022)",NA,NA,"2009","Departures","Mircea Voicu","https://www.transfermarkt.com/mircea-voicu/profil/spieler/46678","Attacking Midfield","29","Romania","ALRO Slatina",NA,"Romania",0,FALSE,NA,"Winter",1,1,0,20
"Gaz Metan Medias (- 2022)",NA,NA,"2009","Departures","Marius Radu","https://www.transfermarkt.com/marius-radu/profil/spieler/64227","Centre-Back","32","Romania","FC Cisnadie",NA,"Romania",0,FALSE,NA,"Winter",2,2,0,51
"Gaz Metan Medias (- 2022)",NA,NA,"2009","Departures","Cristian Andor","https://www.transfermarkt.com/cristian-andor/profil/spieler/212786","Left Midfield","20","Romania","Bihor Oradea","Liga II - Seria II","Romania",0,FALSE,NA,"Winter",NA,NA,NA,NA
"Gaz Metan Medias (- 2022)",NA,NA,"2009","Departures","Cosmin Paina","https://www.transfermarkt.com/cosmin-paina/profil/spieler/81492","Centre-Forward","27","Romania","Luceafarul",NA,"Romania",NA,FALSE,"?","Winter",NA,NA,NA,NA
"Gaz Metan Medias (- 2022)",NA,NA,"2009","Departures","Cosmin Sabou","https://www.transfermarkt.com/cosmin-sabou/profil/spieler/81503","Attacking Midfield","29","Romania","Without Club",NA,NA,NA,FALSE,"-","Winter",4,4,0,66
"Gaz Metan Medias (- 2022)",NA,NA,"2009","Departures","Claudiu Nicolae Boaru","https://www.transfermarkt.com/claudiu-nicolae-boaru/profil/spieler/81472","Left Winger","32","Romania",NA,NA,NA,NA,FALSE,"-","Winter",NA,NA,NA,NA
"Gaz Metan Medias (- 2022)",NA,NA,"2009","Departures","Kasali Yinka Casal","https://www.transfermarkt.com/kasali-yinka-casal/profil/spieler/60877","Left-Back","22","Nigeria","CFR Cluj","SuperLiga","Romania",NA,TRUE,"End of loan Mar 1, 2010","Winter",0,0,0,0
"CF Gloria Bistrita (- 2015)",NA,NA,"2009","Arrivals","Sorin Iodi","https://www.transfermarkt.com/sorin-iodi/profil/spieler/54737","Centre-Back","33","Romania","Minaur","Liga II - Seria II","Romania",50000,FALSE,NA,"Summer",11,11,0,693
"CF Gloria Bistrita (- 2015)",NA,NA,"2009","Arrivals","Souleymane Keita","https://www.transfermarkt.com/souleymane-keita/profil/spieler/105584","Right Midfield","21","Senegal","FC Botosani","Liga 2","Romania",5000,FALSE,NA,"Summer",23,23,4,989
"CF Gloria Bistrita (- 2015)",NA,NA,"2009","Arrivals","Valentin Năstase","https://www.transfermarkt.com/valentin-nastase/profil/spieler/28024","Centre-Back","34","Romania","E. Braunschweig","3. Liga","Germany",0,FALSE,NA,"Summer",19,19,1,1527
"CF Gloria Bistrita (- 2015)",NA,NA,"2009","Arrivals","Robert Săceanu","https://www.transfermarkt.com/robert-saceanu/profil/spieler/47583","Right Midfield","26","Romania","FC U Craiova","SuperLiga","Romania",0,FALSE,NA,"Summer",15,15,1,645
"CF Gloria Bistrita (- 2015)",NA,NA,"2009","Arrivals","Alejandro Correa","https://www.transfermarkt.com/alejandro-correa/profil/spieler/5977","Defensive Midfield","30","Uruguay","Santa Cruz-PE","Copa do Nordeste","Brazil",NA,FALSE,"?","Summer",NA,NA,NA,NA
"CF Gloria Bistrita (- 2015)",NA,NA,"2009","Arrivals","Ștefan Odoroabă","https://www.transfermarkt.com/stefan-odoroaba/profil/spieler/126112","Right-Back","28","Romania","Petrolul","Liga 2","Romania",NA,FALSE,"?","Summer",2,2,0,90
"CF Gloria Bistrita (- 2015)",NA,NA,"2009","Arrivals","Tibor Moldovan","https://www.transfermarkt.com/tibor-moldovan/profil/spieler/46598","Centre-Forward","27","Romania","Alba Iulia","SuperLiga","Romania",NA,FALSE,"?","Summer",6,6,0,117
"CF Gloria Bistrita (- 2015)",NA,NA,"2009","Arrivals","Dinu Sânmărtean","https://www.transfermarkt.com/dinu-sanmartean/profil/spieler/46642","Left-Back","28","Romania","Bihor Oradea","Liga II - Seria II","Romania",NA,FALSE,"?","Summer",14,14,0,1225
"CF Gloria Bistrita (- 2015)",NA,NA,"2009","Arrivals","Iasmin Latovlevici","https://www.transfermarkt.com/iasmin-latovlevici/profil/spieler/47172","Left-Back","23","Romania","Poli. Timisoara","SuperLiga","Romania",NA,TRUE,"loan transfer","Summer",12,12,0,1074
"CF Gloria Bistrita (- 2015)",NA,NA,"2009","Arrivals","Sergiu Homei","https://www.transfermarkt.com/sergiu-homei/profil/spieler/48140","Right-Back","22","Romania","FC Dinamo","SuperLiga","Romania",NA,TRUE,"loan transfer","Summer",30,30,0,2625
"CF Gloria Bistrita (- 2015)",NA,NA,"2009","Arrivals","Razvan Neagu","https://www.transfermarkt.com/razvan-neagu/profil/spieler/46607","Centre-Forward","22","Romania","FC Vaslui","SuperLiga","Romania",NA,TRUE,"loan transfer","Summer",5,5,0,226
"CF Gloria Bistrita (- 2015)",NA,NA,"2009","Arrivals","Alin Rus","https://www.transfermarkt.com/alin-rus/profil/spieler/47888","Left-Back","33","Romania","Without Club",NA,NA,NA,FALSE,"-","Summer",9,9,0,810
"CF Gloria Bistrita (- 2015)",NA,NA,"2009","Arrivals","Lucian Turcu","https://www.transfermarkt.com/lucian-turcu/profil/spieler/54497","Left-Back","22","Romania","ASA Tg. Mures",NA,"Romania",NA,TRUE,"End of loan Jun 30, 2009","Summer",NA,NA,NA,NA
"CF Gloria Bistrita (- 2015)",NA,NA,"2009","Arrivals","Calin Tarnavean","https://www.transfermarkt.com/calin-tarnavean/profil/spieler/46664","Centre-Forward","25","Romania","ASA Tg. Mures",NA,"Romania",NA,TRUE,"End of loan Jun 30, 2009","Summer",2,2,0,104
"CF Gloria Bistrita (- 2015)",NA,NA,"2009","Arrivals","Adrian Murar","https://www.transfermarkt.com/adrian-murar/profil/spieler/325004","Left Midfield","19","Romania","Atletic Fieni",NA,"Romania",NA,TRUE,"End of loan Jun 30, 2009","Summer",NA,NA,NA,NA
"CF Gloria Bistrita (- 2015)",NA,NA,"2009","Arrivals","Voicu Florea","https://www.transfermarkt.com/voicu-florea/profil/spieler/213645","Right Midfield","24","Romania","Bihor Oradea","Liga II - Seria II","Romania",NA,TRUE,"End of loan Apr 1, 2010","Summer",NA,NA,NA,NA
"CF Gloria Bistrita (- 2015)",NA,NA,"2009","Arrivals","Ciprian Botoser","https://www.transfermarkt.com/ciprian-botoser/profil/spieler/46511","Goalkeeper","22","Romania","ASA Tg. Mures",NA,"Romania",NA,TRUE,"End of loan Jun 30, 2009","Summer",0,0,0,0
"CF Gloria Bistrita (- 2015)",NA,NA,"2009","Arrivals","Paul Anton","https://www.transfermarkt.com/paul-anton/profil/spieler/123286","Central Midfield","18","Romania","Delta Tulcea",NA,"Romania",NA,TRUE,"End of loan Jun 30, 2009","Summer",1,1,0,58
"CF Gloria Bistrita (- 2015)",NA,NA,"2009","Departures","Ciprian Tătărușanu","https://www.transfermarkt.com/ciprian-tatarusanu/profil/spieler/55282","Goalkeeper","23","Romania","FCSB","SuperLiga","Romania",1500000,FALSE,NA,"Summer",NA,NA,NA,NA
"CF Gloria Bistrita (- 2015)",NA,NA,"2009","Departures","Cristian Silvasan","https://www.transfermarkt.com/cristian-silvasan/profil/spieler/33745","Centre-Forward","27","Romania","Gaz Metan","SuperLiga","Romania",0,FALSE,NA,"Summer",NA,NA,NA,NA
"CF Gloria Bistrita (- 2015)",NA,NA,"2009","Departures","Zied Bhairi","https://www.transfermarkt.com/zied-bhairi/profil/spieler/49835","Left-Back","28","Tunisia","Al-Tahaddy",NA,"Libya",0,FALSE,NA,"Summer",NA,NA,NA,NA
"CF Gloria Bistrita (- 2015)",NA,NA,"2009","Departures","Dan Roman","https://www.transfermarkt.com/dan-roman/profil/spieler/81431","Centre-Forward","23","Romania","Rm. Valcea","Liga II - Seria II","Romania",0,FALSE,NA,"Summer",NA,NA,NA,NA
"CF Gloria Bistrita (- 2015)",NA,NA,"2009","Departures","Jasmin Trtovac","https://www.transfermarkt.com/jasmin-trtovac/profil/spieler/50193","Centre-Back","22","Serbia","Novi Pazar","Prva liga Srbije","Serbia",NA,FALSE,"?","Summer",NA,NA,NA,NA
"CF Gloria Bistrita (- 2015)",NA,NA,"2009","Departures","Dany","https://www.transfermarkt.com/dany/profil/spieler/62684","Centre-Forward","21","Cape Verde","Gil Vicente","Liga Portugal 2","Portugal",NA,FALSE,"?","Summer",NA,NA,NA,NA
"CF Gloria Bistrita (- 2015)",NA,NA,"2009","Departures","Vlad Munteanu","https://www.transfermarkt.com/vlad-munteanu/profil/spieler/104215","Left Winger","19","Romania","Unknown",NA,NA,NA,FALSE,"?","Summer",NA,NA,NA,NA
"CF Gloria Bistrita (- 2015)",NA,NA,"2009","Departures","Ștefan Odoroabă","https://www.transfermarkt.com/stefan-odoroaba/profil/spieler/126112","Right-Back","28","Romania","CS Brazi",NA,"Romania",NA,FALSE,"?","Summer",2,2,0,90
"CF Gloria Bistrita (- 2015)",NA,NA,"2009","Departures","Valentin Sandu","https://www.transfermarkt.com/valentin-sandu/profil/spieler/97520","Left-Back","26","Romania","Astra Giurgiu","SuperLiga","Romania",NA,FALSE,"?","Summer",NA,NA,NA,NA
"CF Gloria Bistrita (- 2015)",NA,NA,"2009","Departures","Andrei Muresan","https://www.transfermarkt.com/andrei-muresan/profil/spieler/57228","Centre-Back","24","Romania","Kuban Krasnodar","Premier Liga","Russia",NA,TRUE,"loan transfer","Summer",19,19,2,1684
"CF Gloria Bistrita (- 2015)",NA,NA,"2009","Departures","Bogdan Dobrea","https://www.transfermarkt.com/bogdan-dobrea/profil/spieler/226769","Left Midfield","17","Romania","Sageata Navodar","Liga 2","Romania",NA,TRUE,"loan transfer","Summer",NA,NA,NA,NA
"CF Gloria Bistrita (- 2015)",NA,NA,"2009","Departures","Andrei Peteleu","https://www.transfermarkt.com/andrei-peteleu/profil/spieler/192870","Right-Back","16","Romania","Delta Tulcea","Liga 2","Romania",NA,TRUE,"loan transfer","Summer",NA,NA,NA,NA
"CF Gloria Bistrita (- 2015)",NA,NA,"2009","Departures","Adrian Nalati","https://www.transfermarkt.com/adrian-nalati/profil/spieler/46603","Central Midfield","26","Romania","Pandurii ","SuperLiga","Romania",NA,TRUE,"End of loan Jun 30, 2009","Summer",NA,NA,NA,NA
"CF Gloria Bistrita (- 2015)",NA,NA,"2009","Departures","Dorel Zaharia","https://www.transfermarkt.com/dorel-zaharia/profil/spieler/46682","Centre-Forward","31","Romania","FC Brasov","SuperLiga","Romania",NA,TRUE,"End of loan Jun 30, 2009","Summer",NA,NA,NA,NA
"CF Gloria Bistrita (- 2015)",NA,NA,"2009","Departures","João Pedro","https://www.transfermarkt.com/joao-pedro/profil/spieler/34576","Centre-Back","21","Portugal","FC Porto","Liga Portugal","Portugal",NA,TRUE,"End of loan Jun 30, 2009","Summer",NA,NA,NA,NA
"CF Gloria Bistrita (- 2015)",NA,NA,"2009","Departures","Blagoja Todorovski","https://www.transfermarkt.com/blagoja-todorovski/profil/spieler/26321","Right-Back","24","North Macedonia","FC Dinamo","SuperLiga","Romania",NA,TRUE,"End of loan Jun 30, 2009","Summer",NA,NA,NA,NA
"CF Gloria Bistrita (- 2015)",NA,NA,"2009","Departures","Casian Miclăuş","https://www.transfermarkt.com/casian-miclaus/profil/spieler/43338","Left-Back","31","Romania","CFR Cluj","SuperLiga","Romania",NA,TRUE,"End of loan Jun 30, 2009","Summer",NA,NA,NA,NA
"CF Gloria Bistrita (- 2015)",NA,NA,"2009","Departures","Ducu Ninu","https://www.transfermarkt.com/ducu-ninu/profil/spieler/42788","Centre-Back","22","Romania","FCSB","SuperLiga","Romania",NA,TRUE,"End of loan Jun 30, 2009","Summer",NA,NA,NA,NA
"CF Gloria Bistrita (- 2015)",NA,NA,"2009","Departures","Catalin Paun","https://www.transfermarkt.com/catalin-paun/profil/spieler/53214","Centre-Back","21","Romania","FC Rapid 1923","SuperLiga","Romania",NA,TRUE,"End of loan Jun 30, 2009","Summer",NA,NA,NA,NA
"CF Gloria Bistrita (- 2015)",NA,NA,"2009","Departures","Robert Neagoe","https://www.transfermarkt.com/robert-neagoe/profil/spieler/33902","Left Midfield","27","Romania","FCSB","SuperLiga","Romania",NA,TRUE,"End of loan Jun 30, 2009","Summer",NA,NA,NA,NA
"CF Gloria Bistrita (- 2015)",NA,NA,"2009","Arrivals","Júnior Moraes","https://www.transfermarkt.com/junior-moraes/profil/spieler/52915","Centre-Forward","22","Ukraine","Santo André","Série B","Brazil",10000,FALSE,NA,"Winter",17,17,10,1530
"CF Gloria Bistrita (- 2015)",NA,NA,"2009","Arrivals","Zé Rui","https://www.transfermarkt.com/ze-rui/profil/spieler/14391","Left Winger","27","Cape Verde","Loko Mezdra","efbet Liga","Bulgaria",0,FALSE,NA,"Winter",17,17,0,867
"CF Gloria Bistrita (- 2015)",NA,NA,"2009","Arrivals","Dan Matei","https://www.transfermarkt.com/dan-matei/profil/spieler/46589","Centre-Back","28","Romania","Unirea Urziceni","SuperLiga","Romania",NA,TRUE,"loan transfer","Winter",14,13,0,623
"CF Gloria Bistrita (- 2015)",NA,NA,"2009","Arrivals","Andrei Muresan","https://www.transfermarkt.com/andrei-muresan/profil/spieler/57228","Centre-Back","24","Romania","Kuban Krasnodar","Premier Liga","Russia",NA,TRUE,"End of loan Dec 1, 2009","Winter",19,19,2,1684
"CF Gloria Bistrita (- 2015)",NA,NA,"2009","Arrivals","Marius Curtuiuș","https://www.transfermarkt.com/marius-curtuius/profil/spieler/48712","Centre-Forward","20","Romania","Delta Tulcea","Liga 2","Romania",NA,TRUE,"End of loan Dec 31, 2009","Winter",NA,NA,NA,NA
"CF Gloria Bistrita (- 2015)",NA,NA,"2009","Departures","Lucian Sânmărtean","https://www.transfermarkt.com/lucian-sanmartean/profil/spieler/9733","Central Midfield","29","Romania","FC Vaslui","SuperLiga","Romania",70000,FALSE,NA,"Winter",16,16,1,1330
"CF Gloria Bistrita (- 2015)",NA,NA,"2009","Departures","Alin Rus","https://www.transfermarkt.com/alin-rus/profil/spieler/47888","Left-Back","34","Romania","Ariesul Turda","Liga II - Seria II","Romania",0,FALSE,NA,"Winter",9,9,0,810
"CF Gloria Bistrita (- 2015)",NA,NA,"2009","Departures","Lucian Turcu","https://www.transfermarkt.com/lucian-turcu/profil/spieler/54497","Left-Back","23","Romania","Sageata Navodar","Liga 2","Romania",0,FALSE,NA,"Winter",NA,NA,NA,NA
"CF Gloria Bistrita (- 2015)",NA,NA,"2009","Departures","Dinu Sânmărtean","https://www.transfermarkt.com/dinu-sanmartean/profil/spieler/46642","Left-Back","28","Romania","FC Vaslui","SuperLiga","Romania",0,FALSE,NA,"Winter",14,14,0,1225
"CF Gloria Bistrita (- 2015)",NA,NA,"2009","Departures","Adrian Anca","https://www.transfermarkt.com/adrian-anca/profil/spieler/43277","Centre-Forward","33","Romania","Luceafarul",NA,"Romania",0,FALSE,NA,"Winter",3,3,1,178
"CF Gloria Bistrita (- 2015)",NA,NA,"2009","Departures","Calin Tarnavean","https://www.transfermarkt.com/calin-tarnavean/profil/spieler/46664","Centre-Forward","25","Romania","CSM Deva","Liga II - Seria II","Romania",NA,FALSE,"?","Winter",2,2,0,104
"CF Gloria Bistrita (- 2015)",NA,NA,"2009","Departures","Ștefan Odoroabă","https://www.transfermarkt.com/stefan-odoroaba/profil/spieler/126112","Right-Back","28","Romania","CS Brazi",NA,"Romania",NA,FALSE,"?","Winter",2,2,0,90
"CF Gloria Bistrita (- 2015)",NA,NA,"2009","Departures","Alexandru Vagner","https://www.transfermarkt.com/alexandru-vagner/profil/spieler/48755","Right-Back","20","Romania","ASA Tg. Mures","Liga II - Seria II","Romania",NA,TRUE,"loan transfer","Winter",5,5,0,385
"CF Gloria Bistrita (- 2015)",NA,NA,"2009","Departures","Marius Curtuiuș","https://www.transfermarkt.com/marius-curtuius/profil/spieler/48712","Centre-Forward","20","Romania","Rm. Valcea","Liga II - Seria II","Romania",NA,TRUE,"loan transfer","Winter",NA,NA,NA,NA
"CF Gloria Bistrita (- 2015)",NA,NA,"2009","Departures","Paul Anton","https://www.transfermarkt.com/paul-anton/profil/spieler/123286","Central Midfield","18","Romania","ASA Tg. Mures","Liga II - Seria II","Romania",NA,TRUE,"loan transfer","Winter",1,1,0,58
"CF Gloria Bistrita (- 2015)",NA,NA,"2009","Departures","Adrian Murar","https://www.transfermarkt.com/adrian-murar/profil/spieler/325004","Left Midfield","20","Romania","Dunarea Galati","Liga 2","Romania",NA,TRUE,"loan transfer","Winter",NA,NA,NA,NA
"CF Gloria Bistrita (- 2015)",NA,NA,"2009","Departures","Csaba Borbely","https://www.transfermarkt.com/csaba-borbely/profil/spieler/26639","Centre-Forward","29","Romania","Without Club",NA,NA,NA,FALSE,"-","Winter",14,14,2,975
"CF Gloria Bistrita (- 2015)",NA,NA,"2009","Departures","Sandu Negrean","https://www.transfermarkt.com/sandu-negrean/profil/spieler/46608","Striker","34","Romania",NA,NA,NA,NA,FALSE,"-","Winter",NA,NA,NA,NA
"CF Gloria Bistrita (- 2015)",NA,NA,"2009","Departures","Razvan Neagu","https://www.transfermarkt.com/razvan-neagu/profil/spieler/46607","Centre-Forward","22","Romania","FC Vaslui","SuperLiga","Romania",NA,TRUE,"End of loan Feb 1, 2010","Winter",5,5,0,226
"International Curtea de Arges (2000 - 2011)",NA,NA,"2009","Arrivals","Claudiu Voiculet","https://www.transfermarkt.com/claudiu-voiculet/profil/spieler/46679","Central Midfield","23","Romania","Farul Constanta","Liga 2","Romania",250000,FALSE,NA,"Summer",28,28,3,2168
"International Curtea de Arges (2000 - 2011)",NA,NA,"2009","Arrivals","Ramses Gado","https://www.transfermarkt.com/ramses-gado/profil/spieler/47419","Right Midfield","27","Romania","Otelul Galati","SuperLiga","Romania",150000,FALSE,NA,"Summer",3,3,1,210
"International Curtea de Arges (2000 - 2011)",NA,NA,"2009","Arrivals","Cosmin Bacila","https://www.transfermarkt.com/cosmin-bacila/profil/spieler/46495","Right-Back","25","Romania","Farul Constanta","Liga 2","Romania",1e+05,FALSE,NA,"Summer",30,30,5,2143
"International Curtea de Arges (2000 - 2011)",NA,NA,"2009","Arrivals","Nasser Menassel","https://www.transfermarkt.com/nasser-menassel/profil/spieler/81490","Defensive Midfield","26","France","CS Otopeni","Liga II - Seria II","Romania",1e+05,FALSE,NA,"Summer",25,25,0,1785
"International Curtea de Arges (2000 - 2011)",NA,NA,"2009","Arrivals","Alin Ratiu","https://www.transfermarkt.com/alin-ratiu/profil/spieler/56041","Centre-Back","26","Romania","Poli. Timisoara","SuperLiga","Romania",75000,TRUE,NA,"Summer",8,8,0,720
"International Curtea de Arges (2000 - 2011)",NA,NA,"2009","Arrivals","George Neagu","https://www.transfermarkt.com/george-neagu/profil/spieler/64068","Left-Back","24","Romania","CS Mioveni","Liga II - Seria II","Romania",50000,FALSE,NA,"Summer",22,22,1,1591
"International Curtea de Arges (2000 - 2011)",NA,NA,"2009","Arrivals","Claudiu Ionescu","https://www.transfermarkt.com/claudiu-ionescu/profil/spieler/60360","Attacking Midfield","24","Romania","CS Mioveni","Liga II - Seria II","Romania",20000,FALSE,NA,"Summer",5,5,0,166
"International Curtea de Arges (2000 - 2011)",NA,NA,"2009","Arrivals","Abiodun Agunbiade","https://www.transfermarkt.com/abiodun-agunbiade/profil/spieler/25926","Right Winger","26","Nigeria","Poli. Timisoara","SuperLiga","Romania",0,FALSE,NA,"Summer",10,10,0,551
"International Curtea de Arges (2000 - 2011)",NA,NA,"2009","Arrivals","Marius Popa","https://www.transfermarkt.com/marius-popa/profil/spieler/25941","Goalkeeper","30","Romania","Poli. Timisoara","SuperLiga","Romania",0,FALSE,NA,"Summer",30,30,0,2623
"International Curtea de Arges (2000 - 2011)",NA,NA,"2009","Arrivals","Miodrag Andjelkovic","https://www.transfermarkt.com/miodrag-andjelkovic/profil/spieler/5276","Centre-Forward","32","Serbia","Pandurii ","SuperLiga","Romania",0,FALSE,NA,"Summer",1,1,0,5
"International Curtea de Arges (2000 - 2011)",NA,NA,"2009","Arrivals","Tomislav Arcaba","https://www.transfermarkt.com/tomislav-arcaba/profil/spieler/79504","Goalkeeper","23","Australia","Gloria Buzau","Liga 2","Romania",0,FALSE,NA,"Summer",5,5,0,450
"International Curtea de Arges (2000 - 2011)",NA,NA,"2009","Arrivals","Andrei Zagrean","https://www.transfermarkt.com/andrei-zagrean/profil/spieler/132435","Centre-Forward","22","Romania","Alba Iulia","SuperLiga","Romania",NA,FALSE,"?","Summer",10,10,1,674
"International Curtea de Arges (2000 - 2011)",NA,NA,"2009","Arrivals","Alexandru Alin Filip","https://www.transfermarkt.com/alexandru-alin-filip/profil/spieler/127608","Left-Back","21","Romania","Gloria Buzau","Liga 2","Romania",NA,FALSE,"?","Summer",2,2,0,164
"International Curtea de Arges (2000 - 2011)",NA,NA,"2009","Arrivals","Daniel Mutu","https://www.transfermarkt.com/daniel-mutu/profil/spieler/173465","Goalkeeper","21","Romania","CFR Timisoara",NA,"Romania",NA,FALSE,"?","Summer",NA,NA,NA,NA
"International Curtea de Arges (2000 - 2011)",NA,NA,"2009","Arrivals","Emmanuel Koné","https://www.transfermarkt.com/emmanuel-kone/profil/spieler/39190","Central Midfield","22","Cote d'Ivoire","CFR Cluj","SuperLiga","Romania",NA,TRUE,"loan transfer","Summer",30,30,4,2524
"International Curtea de Arges (2000 - 2011)",NA,NA,"2009","Arrivals","Silviu Izvoranu","https://www.transfermarkt.com/silviu-izvoranu/profil/spieler/47165","Centre-Back","26","Romania","FC Dinamo","SuperLiga","Romania",NA,TRUE,"loan transfer","Summer",10,10,0,774
"International Curtea de Arges (2000 - 2011)",NA,NA,"2009","Arrivals","Ousmane Viera","https://www.transfermarkt.com/ousmane-viera/profil/spieler/69014","Centre-Back","22","Cote d'Ivoire","CFR Cluj","SuperLiga","Romania",NA,TRUE,"loan transfer","Summer",31,31,0,2727
"International Curtea de Arges (2000 - 2011)",NA,NA,"2009","Arrivals","Dan Matei","https://www.transfermarkt.com/dan-matei/profil/spieler/46589","Centre-Back","28","Romania","Unirea Urziceni","SuperLiga","Romania",NA,TRUE,"loan transfer","Summer",9,9,0,734
"International Curtea de Arges (2000 - 2011)",NA,NA,"2009","Arrivals","Daniel Stan","https://www.transfermarkt.com/daniel-stan/profil/spieler/47469","Left Winger","31","Romania","Unirea Urziceni","SuperLiga","Romania",NA,TRUE,"loan transfer","Summer",18,18,2,818
"International Curtea de Arges (2000 - 2011)",NA,NA,"2009","Arrivals","Dan Nistor","https://www.transfermarkt.com/dan-nistor/profil/spieler/156639","Central Midfield","21","Romania","M. Campulung",NA,"Romania",NA,TRUE,"End of loan Jun 30, 2009","Summer",NA,NA,NA,NA
"International Curtea de Arges (2000 - 2011)",NA,NA,"2009","Departures","Constantin Schumacher","https://www.transfermarkt.com/constantin-schumacher/profil/spieler/48749","Attacking Midfield","33","Romania","An. Giannitson",NA,"Greece",0,FALSE,NA,"Summer",NA,NA,NA,NA
"International Curtea de Arges (2000 - 2011)",NA,NA,"2009","Departures","Alexandru Stoica","https://www.transfermarkt.com/alexandru-stoica/profil/spieler/74435","Left Midfield","20","Romania","Unknown",NA,NA,0,FALSE,NA,"Summer",NA,NA,NA,NA
"International Curtea de Arges (2000 - 2011)",NA,NA,"2009","Departures","Ibrahim Kano","https://www.transfermarkt.com/ibrahim-kano/profil/spieler/64179","Defender","26","Burkina Faso","EF Ouagadougou",NA,"Burkina Faso",0,FALSE,NA,"Summer",NA,NA,NA,NA
"International Curtea de Arges (2000 - 2011)",NA,NA,"2009","Departures","Ilie Baicu","https://www.transfermarkt.com/ilie-baicu/profil/spieler/46498","Left-Back","34","Romania","CS Mioveni","Liga II - Seria II","Romania",NA,FALSE,"?","Summer",NA,NA,NA,NA
"International Curtea de Arges (2000 - 2011)",NA,NA,"2009","Departures","Călin Moldovan","https://www.transfermarkt.com/calin-moldovan/profil/spieler/54741","Goalkeeper","27","Romania","Sticla A. Turda",NA,"Romania",NA,FALSE,"?","Summer",NA,NA,NA,NA
"International Curtea de Arges (2000 - 2011)",NA,NA,"2009","Departures","Ciprian Straut","https://www.transfermarkt.com/ciprian-straut/profil/spieler/186087","Attacking Midfield","26","Romania","Bihor Oradea","Liga II - Seria II","Romania",NA,FALSE,"?","Summer",NA,NA,NA,NA
"International Curtea de Arges (2000 - 2011)",NA,NA,"2009","Departures","Christian Dicu","https://www.transfermarkt.com/christian-dicu/profil/spieler/485810","Midfielder","35","Romania","Sageata Navodar","Liga 2","Romania",NA,FALSE,"?","Summer",NA,NA,NA,NA
"International Curtea de Arges (2000 - 2011)",NA,NA,"2009","Departures","Rareș Forika","https://www.transfermarkt.com/rares-forika/profil/spieler/168271","Centre-Back","27","Romania","Ariesul Turda","Liga II - Seria II","Romania",NA,FALSE,"?","Summer",NA,NA,NA,NA
"International Curtea de Arges (2000 - 2011)",NA,NA,"2009","Departures","Tiberiu Bier","https://www.transfermarkt.com/tiberiu-bier/profil/spieler/124539","Centre-Back","22","Romania","Ariesul Turda","Liga II - Seria II","Romania",NA,FALSE,"?","Summer",1,1,0,10
"International Curtea de Arges (2000 - 2011)",NA,NA,"2009","Departures","Marius Jianu","https://www.transfermarkt.com/marius-jianu/profil/spieler/64277","Centre-Forward","20","Romania","Sageata Navodar","Liga 2","Romania",NA,FALSE,"?","Summer",3,3,0,139
"International Curtea de Arges (2000 - 2011)",NA,NA,"2009","Departures","Florin Bold","https://www.transfermarkt.com/florin-bold/profil/spieler/64262","Right-Back","19","Romania","Sageata Navodar","Liga 2","Romania",NA,FALSE,"?","Summer",NA,NA,NA,NA
"International Curtea de Arges (2000 - 2011)",NA,NA,"2009","Departures","Alexandru Vlad","https://www.transfermarkt.com/alexandru-vlad/profil/spieler/204040","Left-Back","19","Romania","Sageata Navodar","Liga 2","Romania",NA,FALSE,"?","Summer",NA,NA,NA,NA
"International Curtea de Arges (2000 - 2011)",NA,NA,"2009","Departures","Dan Nistor","https://www.transfermarkt.com/dan-nistor/profil/spieler/156639","Central Midfield","21","Romania","CS Mioveni","Liga II - Seria II","Romania",NA,TRUE,"loan transfer","Summer",NA,NA,NA,NA
"International Curtea de Arges (2000 - 2011)",NA,NA,"2009","Departures","Ramses Gado","https://www.transfermarkt.com/ramses-gado/profil/spieler/47419","Right Midfield","27","Romania","Without Club",NA,NA,NA,FALSE,"-","Summer",3,3,1,210
"International Curtea de Arges (2000 - 2011)",NA,NA,"2009","Departures","Angelo Alistar","https://www.transfermarkt.com/angelo-alistar/profil/spieler/26027","Centre-Back","33","Romania",NA,NA,NA,NA,FALSE,"-","Summer",NA,NA,NA,NA
"International Curtea de Arges (2000 - 2011)",NA,NA,"2009","Departures","Aurelian Bouleanu","https://www.transfermarkt.com/aurelian-bouleanu/profil/spieler/79506","Left-Back","22","Romania","FC U Craiova","SuperLiga","Romania",NA,TRUE,"End of loan Jun 30, 2009","Summer",NA,NA,NA,NA
"International Curtea de Arges (2000 - 2011)",NA,NA,"2009","Departures","Seydou Koné","https://www.transfermarkt.com/seydou-kone/profil/spieler/126231","Centre-Forward","26","Cote d'Ivoire","FC Botosani","Liga 2","Romania",NA,TRUE,"End of loan Jun 30, 2009","Summer",NA,NA,NA,NA
"International Curtea de Arges (2000 - 2011)",NA,NA,"2009","Arrivals","Bogdan Apostu","https://www.transfermarkt.com/bogdan-apostu/profil/spieler/48812","Centre-Forward","27","Romania","Diósgyőr","NB I.","Hungary",0,FALSE,NA,"Winter",15,15,5,1126
"International Curtea de Arges (2000 - 2011)",NA,NA,"2009","Arrivals","Mihai Pintilii","https://www.transfermarkt.com/mihai-pintilii/profil/spieler/48890","Defensive Midfield","25","Romania","Jiul Petrosani","Liga II - Seria II","Romania",0,FALSE,NA,"Winter",15,15,0,1301
"International Curtea de Arges (2000 - 2011)",NA,NA,"2009","Arrivals","Andrei Antohi","https://www.transfermarkt.com/andrei-antohi/profil/spieler/64096","Second Striker","21","Romania","Jiul Petrosani","Liga II - Seria II","Romania",0,FALSE,NA,"Winter",5,5,0,106
"International Curtea de Arges (2000 - 2011)",NA,NA,"2009","Arrivals","George Blay","https://www.transfermarkt.com/george-blay/profil/spieler/12499","Right-Back","29","Ghana","Without Club",NA,NA,NA,FALSE,"-","Winter",3,3,0,258
"International Curtea de Arges (2000 - 2011)",NA,NA,"2009","Departures","Miodrag Andjelkovic","https://www.transfermarkt.com/miodrag-andjelkovic/profil/spieler/5276","Centre-Forward","32","Serbia","Brantford Galaxy SC",NA,"Canada",0,FALSE,NA,"Winter",1,1,0,5
"International Curtea de Arges (2000 - 2011)",NA,NA,"2009","Departures","Lucian Itu","https://www.transfermarkt.com/lucian-itu/profil/spieler/123304","Centre-Forward","31","Romania","Minerul Lupeni","Liga II - Seria II","Romania",NA,FALSE,"?","Winter",10,10,1,371
"International Curtea de Arges (2000 - 2011)",NA,NA,"2009","Departures","Claudiu Ionescu","https://www.transfermarkt.com/claudiu-ionescu/profil/spieler/60360","Attacking Midfield","25","Romania","CS Mioveni","Liga II - Seria II","Romania",NA,FALSE,"?","Winter",5,5,0,166
"International Curtea de Arges (2000 - 2011)",NA,NA,"2009","Departures","Alexandru Alin Filip","https://www.transfermarkt.com/alexandru-alin-filip/profil/spieler/127608","Left-Back","22","Romania","Unknown",NA,NA,NA,FALSE,"?","Winter",2,2,0,164
"International Curtea de Arges (2000 - 2011)",NA,NA,"2009","Departures","Daniel Mutu","https://www.transfermarkt.com/daniel-mutu/profil/spieler/173465","Goalkeeper","22","Romania","Pandurii ","SuperLiga","Romania",NA,FALSE,"?","Winter",NA,NA,NA,NA
"International Curtea de Arges (2000 - 2011)",NA,NA,"2009","Departures","Alexandru Ciucur","https://www.transfermarkt.com/alexandru-ciucur/profil/spieler/123302","Left Winger","18","Romania","Rm. Valcea",NA,"Romania",NA,TRUE,"loan transfer","Winter",5,5,0,227
"International Curtea de Arges (2000 - 2011)",NA,NA,"2009","Departures","Ramses Gado","https://www.transfermarkt.com/ramses-gado/profil/spieler/47419","Right Midfield","27","Romania","Without Club",NA,NA,NA,FALSE,"-","Winter",3,3,1,210
"International Curtea de Arges (2000 - 2011)",NA,NA,"2009","Departures","Silviu Izvoranu","https://www.transfermarkt.com/silviu-izvoranu/profil/spieler/47165","Centre-Back","26","Romania","FC Dinamo","SuperLiga","Romania",NA,TRUE,"End of loan Dec 1, 2009","Winter",10,10,0,774
"International Curtea de Arges (2000 - 2011)",NA,NA,"2009","Departures","Dan Matei","https://www.transfermarkt.com/dan-matei/profil/spieler/46589","Centre-Back","28","Romania","Unirea Urziceni","SuperLiga","Romania",NA,TRUE,"End of loan Dec 31, 2009","Winter",9,9,0,734
"CSM Ceahlaul Piatra Neamt","Liga 2","Romania","2009","Arrivals","Valentin Lipitor","https://www.transfermarkt.com/valentin-lipitor/profil/spieler/64183","Goalkeeper","27","Romania","Bihor Oradea","Liga II - Seria II","Romania",5000,FALSE,NA,"Summer",6,5,0,450
"CSM Ceahlaul Piatra Neamt","Liga 2","Romania","2009","Arrivals","Ersin Veli","https://www.transfermarkt.com/ersin-veli/profil/spieler/58748","Centre-Back","27","Türkiye","Giresunspor","1.Lig","Türkiye",0,FALSE,NA,"Summer",2,2,0,180
"CSM Ceahlaul Piatra Neamt","Liga 2","Romania","2009","Arrivals","Marius Onciu","https://www.transfermarkt.com/marius-onciu/profil/spieler/124143","Central Midfield","22","Romania","Cetatea Suceava","Liga 2","Romania",0,FALSE,NA,"Summer",16,16,2,1210
"CSM Ceahlaul Piatra Neamt","Liga 2","Romania","2009","Arrivals","Liviu Floricel","https://www.transfermarkt.com/liviu-floricel/profil/spieler/54760","Centre-Back","21","Romania","Stiinta Bacau",NA,"Romania",NA,FALSE,"?","Summer",3,3,0,233
"CSM Ceahlaul Piatra Neamt","Liga 2","Romania","2009","Arrivals","Danut Prodan","https://www.transfermarkt.com/danut-prodan/profil/spieler/123288","Attacking Midfield","24","Romania","Delta Tulcea","Liga 2","Romania",NA,FALSE,"?","Summer",12,12,0,472
"CSM Ceahlaul Piatra Neamt","Liga 2","Romania","2009","Arrivals","Andrei Rohetki","https://www.transfermarkt.com/andrei-rohetki/profil/spieler/123731","Goalkeeper","23","Romania","Cetatea Suceava","Liga 2","Romania",NA,FALSE,"?","Summer",10,10,0,801
"CSM Ceahlaul Piatra Neamt","Liga 2","Romania","2009","Arrivals","Alexandru Ichim","https://www.transfermarkt.com/alexandru-ichim/profil/spieler/97525","Centre-Back","19","Romania","CPN U19",NA,"Romania",NA,FALSE,"-","Summer",4,4,0,360
"CSM Ceahlaul Piatra Neamt","Liga 2","Romania","2009","Arrivals","Tiberiu Rotaru","https://www.transfermarkt.com/tiberiu-rotaru/profil/spieler/134833","Centre-Forward","17","Romania","Ceahlaul II",NA,"Romania",NA,FALSE,"-","Summer",2,2,0,30
"CSM Ceahlaul Piatra Neamt","Liga 2","Romania","2009","Arrivals","Andrei Marc","https://www.transfermarkt.com/andrei-marc/profil/spieler/129608","Centre-Back","16","Romania","Ceahlaul II",NA,"Romania",NA,FALSE,"-","Summer",2,2,0,10
"CSM Ceahlaul Piatra Neamt","Liga 2","Romania","2009","Departures","Sebastian Chitosca","https://www.transfermarkt.com/sebastian-chitosca/profil/spieler/192864","Left Midfield","16","Romania","CSM Roman",NA,"Romania",NA,TRUE,"loan transfer","Summer",NA,NA,NA,NA
"CSM Ceahlaul Piatra Neamt","Liga 2","Romania","2009","Departures","Lucian Covrig","https://www.transfermarkt.com/lucian-covrig/profil/spieler/46524","Goalkeeper","32","Romania",NA,NA,NA,NA,FALSE,"-","Summer",NA,NA,NA,NA
"CSM Ceahlaul Piatra Neamt","Liga 2","Romania","2009","Departures","Valentin Rotaru","https://www.transfermarkt.com/valentin-rotaru/profil/spieler/97529","Centre-Back","22","Romania","Without Club",NA,NA,NA,FALSE,"-","Summer",NA,NA,NA,NA
"CSM Ceahlaul Piatra Neamt","Liga 2","Romania","2009","Departures","Cosmin Ploscaru","https://www.transfermarkt.com/cosmin-ploscaru/profil/spieler/97528","Defender","19","Romania","Ceahlaul II",NA,"Romania",NA,FALSE,"-","Summer",NA,NA,NA,NA
"CSM Ceahlaul Piatra Neamt","Liga 2","Romania","2009","Arrivals","Cosmin Barcauan","https://www.transfermarkt.com/cosmin-barcauan/profil/spieler/22099","Centre-Back","31","Romania","OFI Crete FC","Football League","Greece",0,FALSE,NA,"Winter",12,12,0,934
"CSM Ceahlaul Piatra Neamt","Liga 2","Romania","2009","Arrivals","Habib Baldé","https://www.transfermarkt.com/habib-balde/profil/spieler/57351","Centre-Back","25","Guinea","US Ivry",NA,"France",0,FALSE,NA,"Winter",14,14,0,1132
"CSM Ceahlaul Piatra Neamt","Liga 2","Romania","2009","Arrivals","Edson Sousa","https://www.transfermarkt.com/edson-sousa/profil/spieler/15768","Centre-Forward","26","Portugal","UTA Arad","Liga II - Seria II","Romania",0,FALSE,NA,"Winter",7,7,0,236
"CSM Ceahlaul Piatra Neamt","Liga 2","Romania","2009","Arrivals","Ciprian Vasilache","https://www.transfermarkt.com/ciprian-vasilache/profil/spieler/34514","Attacking Midfield","26","Romania","Pandurii ","SuperLiga","Romania",0,FALSE,NA,"Winter",13,13,3,1015
"CSM Ceahlaul Piatra Neamt","Liga 2","Romania","2009","Arrivals","Sasa Stevic","https://www.transfermarkt.com/sasa-stevic/profil/spieler/36075","Central Midfield","28","Bosnia-Herzegovina","Banat Zrenjanin","Prva liga Srbije","Serbia",0,FALSE,NA,"Winter",15,15,0,1328
"CSM Ceahlaul Piatra Neamt","Liga 2","Romania","2009","Arrivals","Șerban Moraru","https://www.transfermarkt.com/serban-moraru/profil/spieler/48786","Right-Back","23","Romania","Astra Giurgiu","SuperLiga","Romania",0,FALSE,NA,"Winter",NA,NA,NA,NA
"CSM Ceahlaul Piatra Neamt","Liga 2","Romania","2009","Arrivals","Krste Velkoski","https://www.transfermarkt.com/krste-velkoski/profil/spieler/25007","Second Striker","22","North Macedonia","Metalurg Skopje",NA,"North Macedonia",0,FALSE,NA,"Winter",8,8,0,404
"CSM Ceahlaul Piatra Neamt","Liga 2","Romania","2009","Arrivals","Thomas Villadsen","https://www.transfermarkt.com/thomas-villadsen/profil/spieler/41164","Goalkeeper","25","Denmark","Nordsjaelland","Superliga","Denmark",0,FALSE,NA,"Winter",17,17,0,1530
"CSM Ceahlaul Piatra Neamt","Liga 2","Romania","2009","Arrivals","Rudison Ferreira","https://www.transfermarkt.com/rudison-ferreira/profil/spieler/51231","Attacking Midfield","26","Brazil","Saint-Pierroise",NA,"Réunion",0,FALSE,NA,"Winter",7,7,0,188
"CSM Ceahlaul Piatra Neamt","Liga 2","Romania","2009","Arrivals","Alexandru Dragomir","https://www.transfermarkt.com/alexandru-dragomir/profil/spieler/142439","Left-Back","24","Romania","Rm. Valcea","Liga II - Seria II","Romania",0,FALSE,NA,"Winter",7,7,0,459
"CSM Ceahlaul Piatra Neamt","Liga 2","Romania","2009","Arrivals","Alin Ilin","https://www.transfermarkt.com/alin-ilin/profil/spieler/46568","Right-Back","25","Romania","Jiul Petrosani","Liga II - Seria II","Romania",0,FALSE,NA,"Winter",0,0,0,0
"CSM Ceahlaul Piatra Neamt","Liga 2","Romania","2009","Arrivals","Rodrigue Dikaba","https://www.transfermarkt.com/rodrigue-dikaba/profil/spieler/78618","Defensive Midfield","24","DR Congo","AS Beauvais","Championnat National","France",0,FALSE,NA,"Winter",7,7,0,625
"CSM Ceahlaul Piatra Neamt","Liga 2","Romania","2009","Arrivals","Georges Ambourouet","https://www.transfermarkt.com/georges-ambourouet/profil/spieler/23886","Left-Back","23","Gabon","Makedonija",NA,"North Macedonia",NA,FALSE,"?","Winter",8,8,0,714
"CSM Ceahlaul Piatra Neamt","Liga 2","Romania","2009","Arrivals","Slavisa Jeremic","https://www.transfermarkt.com/slavisa-jeremic/profil/spieler/36004","Left Midfield","26","Serbia","Rad","Super liga Srbije","Serbia",NA,FALSE,"?","Winter",10,10,0,434
"CSM Ceahlaul Piatra Neamt","Liga 2","Romania","2009","Arrivals","Jimmy Mulisa","https://www.transfermarkt.com/jimmy-mulisa/profil/spieler/33878","Centre-Forward","25","Rwanda","KSV Roeselare","Jupiler Pro League","Belgium",NA,FALSE,"?","Winter",15,15,2,1054
"CSM Ceahlaul Piatra Neamt","Liga 2","Romania","2009","Arrivals","Andrei Dumitraș","https://www.transfermarkt.com/andrei-dumitras/profil/spieler/143833","Right-Back","21","Romania","CSM Roman",NA,"Romania",NA,FALSE,"?","Winter",10,10,0,661
"CSM Ceahlaul Piatra Neamt","Liga 2","Romania","2009","Arrivals","Andrejs Butriks","https://www.transfermarkt.com/andrejs-butriks/profil/spieler/23999","Right Midfield","27","Latvia","JFK Ventspils","Virsliga","Latvia",NA,TRUE,"loan transfer","Winter",0,0,0,0
"CSM Ceahlaul Piatra Neamt","Liga 2","Romania","2009","Arrivals","Abbe Ibrahim","https://www.transfermarkt.com/abbe-ibrahim/profil/spieler/69829","Centre-Forward","23","Togo","Without Club",NA,NA,NA,FALSE,"-","Winter",16,16,2,918
"CSM Ceahlaul Piatra Neamt","Liga 2","Romania","2009","Arrivals","Tiberiu Rotaru","https://www.transfermarkt.com/tiberiu-rotaru/profil/spieler/134833","Centre-Forward","17","Romania","Ceahlaul II",NA,"Romania",NA,FALSE,"-","Winter",2,2,0,30
"CSM Ceahlaul Piatra Neamt","Liga 2","Romania","2009","Departures","Ersin Veli","https://www.transfermarkt.com/ersin-veli/profil/spieler/58748","Centre-Back","27","Türkiye","Samsunspor","1.Lig","Türkiye",0,FALSE,NA,"Winter",2,2,0,180
"CSM Ceahlaul Piatra Neamt","Liga 2","Romania","2009","Departures","Liviu Floricel","https://www.transfermarkt.com/liviu-floricel/profil/spieler/54760","Centre-Back","22","Romania","Callatis",NA,"Romania",0,FALSE,NA,"Winter",3,3,0,233
"CSM Ceahlaul Piatra Neamt","Liga 2","Romania","2009","Departures","Tiberiu Rotaru","https://www.transfermarkt.com/tiberiu-rotaru/profil/spieler/134833","Centre-Forward","17","Romania",NA,NA,NA,0,FALSE,NA,"Winter",2,2,0,30
"CSM Ceahlaul Piatra Neamt","Liga 2","Romania","2009","Departures","Radu Doicaru","https://www.transfermarkt.com/radu-doicaru/profil/spieler/46535","Centre-Forward","30","Romania","Farul Constanta","Liga 2","Romania",NA,TRUE,"loan transfer","Winter",13,13,2,908
"CSM Ceahlaul Piatra Neamt","Liga 2","Romania","2009","Departures","Andrei Rohetki","https://www.transfermarkt.com/andrei-rohetki/profil/spieler/123731","Goalkeeper","24","Romania","Cetatea Suceava","Liga 2","Romania",NA,TRUE,"loan transfer","Winter",10,10,0,801
"CSM Ceahlaul Piatra Neamt","Liga 2","Romania","2009","Departures","Danut Prodan","https://www.transfermarkt.com/danut-prodan/profil/spieler/123288","Attacking Midfield","24","Romania","Farul Constanta","Liga 2","Romania",NA,TRUE,"loan transfer","Winter",12,12,0,472
"CSM Ceahlaul Piatra Neamt","Liga 2","Romania","2009","Departures","George Savu","https://www.transfermarkt.com/george-savu/profil/spieler/69443","Goalkeeper","26","Romania","Concordia","Liga 2","Romania",NA,TRUE,"loan transfer","Winter",4,4,0,279
"CSM Ceahlaul Piatra Neamt","Liga 2","Romania","2009","Departures","Florin Macovei","https://www.transfermarkt.com/florin-macovei/profil/spieler/129607","Left-Back","22","Romania","Without Club",NA,NA,NA,FALSE,"-","Winter",2,2,0,99
"AFC Unirea 1924 (- 2022)",NA,NA,"2009","Arrivals","Josip Bonacin","https://www.transfermarkt.com/josip-bonacin/profil/spieler/44215","Centre-Back","24","Croatia","HNK Sibenik","SuperSport HNL","Croatia",0,FALSE,NA,"Summer",7,7,0,619
"AFC Unirea 1924 (- 2022)",NA,NA,"2009","Arrivals","Norbert Varga","https://www.transfermarkt.com/norbert-varga/profil/spieler/38050","Defensive Midfield","29","Romania","Wisla Kraków","Ekstraklasa","Poland",0,FALSE,NA,"Summer",17,17,0,914
"AFC Unirea 1924 (- 2022)",NA,NA,"2009","Arrivals","Cornel Cernea","https://www.transfermarkt.com/cornel-cernea/profil/spieler/34934","Goalkeeper","33","Romania","FCSB","SuperLiga","Romania",0,FALSE,NA,"Summer",16,16,0,1440
"AFC Unirea 1924 (- 2022)",NA,NA,"2009","Arrivals","Mircea Oprea","https://www.transfermarkt.com/mircea-oprea/profil/spieler/42789","Second Striker","29","Romania","Poli Iasi","SuperLiga","Romania",0,FALSE,NA,"Summer",NA,NA,NA,NA
"AFC Unirea 1924 (- 2022)",NA,NA,"2009","Arrivals","Jonhes","https://www.transfermarkt.com/jonhes/profil/spieler/127977","Centre-Forward","29","Brazil","Londrina-PR",NA,"Brazil",0,FALSE,NA,"Summer",3,3,0,111
"AFC Unirea 1924 (- 2022)",NA,NA,"2009","Arrivals","Mihai Lasc","https://www.transfermarkt.com/mihai-lasc/profil/spieler/150061","Goalkeeper","21","Romania","Unknown",NA,NA,0,FALSE,NA,"Summer",1,1,0,90
"AFC Unirea 1924 (- 2022)",NA,NA,"2009","Arrivals","Adrian Olah","https://www.transfermarkt.com/adrian-olah/profil/spieler/25938","Defensive Midfield","28","Romania","U Cluj","Liga II - Seria II","Romania",NA,FALSE,"?","Summer",30,30,1,2273
"AFC Unirea 1924 (- 2022)",NA,NA,"2009","Arrivals","Vitinha","https://www.transfermarkt.com/vitinha/profil/spieler/48662","Left-Back","23","Portugal","CFR Cluj","SuperLiga","Romania",NA,TRUE,"loan transfer","Summer",15,14,0,721
"AFC Unirea 1924 (- 2022)",NA,NA,"2009","Arrivals","Rade Veljovic","https://www.transfermarkt.com/rade-veljovic/profil/spieler/47000","Centre-Forward","22","Serbia","CFR Cluj","SuperLiga","Romania",NA,TRUE,"loan transfer","Summer",29,29,5,2177
"AFC Unirea 1924 (- 2022)",NA,NA,"2009","Arrivals","Nikola Vujadinovic","https://www.transfermarkt.com/nikola-vujadinovic/profil/spieler/58474","Centre-Back","23","Montenegro","Udinese","Serie A","Italy",NA,TRUE,"loan transfer","Summer",22,22,0,1917
"AFC Unirea 1924 (- 2022)",NA,NA,"2009","Arrivals","Sorin Rădoi","https://www.transfermarkt.com/sorin-radoi/profil/spieler/47180","Right-Back","24","Romania","Unirea Urziceni","SuperLiga","Romania",NA,TRUE,"loan transfer","Summer",20,20,0,1492
"AFC Unirea 1924 (- 2022)",NA,NA,"2009","Arrivals","Marius Pistol","https://www.transfermarkt.com/marius-pistol/profil/spieler/53974","Centre-Back","22","Romania","Rapid 1923 II",NA,"Romania",NA,TRUE,"loan transfer","Summer",1,1,0,90
"AFC Unirea 1924 (- 2022)",NA,NA,"2009","Arrivals","Silviu Mureșan","https://www.transfermarkt.com/silviu-muresan/profil/spieler/149533","Centre-Forward","17","Romania","Unirea U19",NA,"Romania",NA,FALSE,"-","Summer",1,1,0,29
"AFC Unirea 1924 (- 2022)",NA,NA,"2009","Departures","Mircea Rus","https://www.transfermarkt.com/mircea-rus/profil/spieler/48185","Defender","31","Romania","Campia-Turzii",NA,"Romania",0,FALSE,NA,"Summer",NA,NA,NA,NA
"AFC Unirea 1924 (- 2022)",NA,NA,"2009","Departures","Bojan Djordjevic","https://www.transfermarkt.com/bojan-djordjevic/profil/spieler/49902","Right-Back","25","Serbia","Novi Pazar","Prva liga Srbije","Serbia",0,FALSE,NA,"Summer",NA,NA,NA,NA
"AFC Unirea 1924 (- 2022)",NA,NA,"2009","Departures","Bogdan Cistean","https://www.transfermarkt.com/bogdan-cistean/profil/spieler/64033","Left-Back","22","Romania","Unknown",NA,NA,0,FALSE,NA,"Summer",NA,NA,NA,NA
"AFC Unirea 1924 (- 2022)",NA,NA,"2009","Departures","Ionut Bratima","https://www.transfermarkt.com/ionut-bratima/profil/spieler/395815","Central Midfield","21","Romania","CS Zlatna",NA,"Romania",0,FALSE,NA,"Summer",NA,NA,NA,NA
"AFC Unirea 1924 (- 2022)",NA,NA,"2009","Departures","Tibor Moldovan","https://www.transfermarkt.com/tibor-moldovan/profil/spieler/46598","Centre-Forward","27","Romania","Gloria Bistrita","SuperLiga","Romania",NA,FALSE,"?","Summer",NA,NA,NA,NA
"AFC Unirea 1924 (- 2022)",NA,NA,"2009","Departures","Andrei Zagrean","https://www.transfermarkt.com/andrei-zagrean/profil/spieler/132435","Centre-Forward","22","Romania","Curtea de Arges","SuperLiga","Romania",NA,FALSE,"?","Summer",NA,NA,NA,NA
"AFC Unirea 1924 (- 2022)",NA,NA,"2009","Departures","Octavian Popescu","https://www.transfermarkt.com/octavian-popescu/profil/spieler/97519","Goalkeeper","23","Romania","CS Mioveni","Liga II - Seria II","Romania",NA,FALSE,"?","Summer",NA,NA,NA,NA
"AFC Unirea 1924 (- 2022)",NA,NA,"2009","Departures","Camara Lamine","https://www.transfermarkt.com/camara-lamine/profil/spieler/69007","Attacking Midfield","20","Cote d'Ivoire","Without Club",NA,NA,NA,FALSE,"-","Summer",NA,NA,NA,NA
"AFC Unirea 1924 (- 2022)",NA,NA,"2009","Departures","Vasile Curileac","https://www.transfermarkt.com/vasile-curileac/profil/spieler/43296","Goalkeeper","25","Romania","CFR Cluj","SuperLiga","Romania",NA,TRUE,"End of loan Jun 30, 2009","Summer",NA,NA,NA,NA
"AFC Unirea 1924 (- 2022)",NA,NA,"2009","Arrivals","André Galiassi","https://www.transfermarkt.com/andre-galiassi/profil/spieler/48654","Centre-Back","29","Brazil","CFR Cluj","SuperLiga","Romania",30000,TRUE,NA,"Winter",13,13,1,1026
"AFC Unirea 1924 (- 2022)",NA,NA,"2009","Arrivals","Enzo Bruno","https://www.transfermarkt.com/enzo-bruno/profil/spieler/55909","Attacking Midfield","22","Argentina","Indep'te II",NA,"Argentina",0,FALSE,NA,"Winter",16,16,0,999
"AFC Unirea 1924 (- 2022)",NA,NA,"2009","Arrivals","Marius Pistol","https://www.transfermarkt.com/marius-pistol/profil/spieler/53974","Centre-Back","22","Romania","Rapid 1923 II",NA,"Romania",NA,FALSE,"?","Winter",1,1,0,90
"AFC Unirea 1924 (- 2022)",NA,NA,"2009","Arrivals","Nemanja Jovanovic","https://www.transfermarkt.com/nemanja-jovanovic/profil/spieler/47878","Centre-Forward","25","Serbia","FC Vaslui","SuperLiga","Romania",NA,TRUE,"loan transfer","Winter",16,16,2,1284
"AFC Unirea 1924 (- 2022)",NA,NA,"2009","Arrivals","Pat Kanyuka","https://www.transfermarkt.com/pat-kanyuka/profil/spieler/29374","Centre-Back","22","England","CFR Cluj","SuperLiga","Romania",NA,TRUE,"loan transfer","Winter",3,3,0,212
"AFC Unirea 1924 (- 2022)",NA,NA,"2009","Arrivals","Romeo Stancu","https://www.transfermarkt.com/romeo-stancu/profil/spieler/35442","Left Midfield","31","Romania","Without Club",NA,NA,NA,FALSE,"-","Winter",3,3,0,48
"AFC Unirea 1924 (- 2022)",NA,NA,"2009","Arrivals","Alexandru Baltoi","https://www.transfermarkt.com/alexandru-baltoi/profil/spieler/26045","Centre-Forward","27","Romania","Without Club",NA,NA,NA,FALSE,"-","Winter",9,9,0,409
"AFC Unirea 1924 (- 2022)",NA,NA,"2009","Departures","Gheorghe Grozav","https://www.transfermarkt.com/gheorghe-grozav/profil/spieler/96844","Left Winger","19","Romania","Standard Liège","Jupiler Pro League","Belgium",350000,FALSE,NA,"Winter",16,16,2,643
"AFC Unirea 1924 (- 2022)",NA,NA,"2009","Departures","Bobi Verdeș","https://www.transfermarkt.com/bobi-verdes/profil/spieler/64084","Centre-Forward","29","Romania","Unknown",NA,NA,0,FALSE,NA,"Winter",12,12,2,397
"AFC Unirea 1924 (- 2022)",NA,NA,"2009","Departures","Ciprian Pepenar","https://www.transfermarkt.com/ciprian-pepenar/profil/spieler/123233","Midfielder","31","Romania","Minerul Lupeni","Liga II - Seria II","Romania",0,FALSE,NA,"Winter",0,0,0,0
"AFC Unirea 1924 (- 2022)",NA,NA,"2009","Departures","Jonhes","https://www.transfermarkt.com/jonhes/profil/spieler/127977","Centre-Forward","30","Brazil","Fortaleza","Copa do Nordeste","Brazil",0,FALSE,NA,"Winter",3,3,0,111
"AFC Unirea 1924 (- 2022)",NA,NA,"2009","Departures","Josip Bonacin","https://www.transfermarkt.com/josip-bonacin/profil/spieler/44215","Centre-Back","25","Croatia","Zhetysu","Premier Liga","Kazakhstan",NA,FALSE,"?","Winter",7,7,0,619
"AFC Unirea 1924 (- 2022)",NA,NA,"2009","Departures","Sergiu Costea","https://www.transfermarkt.com/sergiu-costea/profil/spieler/46522","Right Winger","26","Romania","Sageata Navodar","Liga 2","Romania",NA,TRUE,"loan transfer","Winter",12,12,0,305
"AFC Unirea 1924 (- 2022)",NA,NA,"2009","Departures","Marius Pistol","https://www.transfermarkt.com/marius-pistol/profil/spieler/53974","Centre-Back","22","Romania","Rapid 1923 II",NA,"Romania",NA,TRUE,"End of loan Dec 31, 2009","Winter",1,1,0,90
