"team_name","league","country","season","transfer_type","player_name","player_url","player_position","player_age","player_nationality","club_2","league_2","country_2","transfer_fee","is_loan","transfer_notes","window","in_squad","appearances","goals","minutes_played"
"FC Rapid 1923","SuperLiga","Romania","2005","Arrivals","Flavius Moldovan","https://www.transfermarkt.com/flavius-moldovan/profil/spieler/35432","Centre-Back","28","Romania","Progresul","SuperLiga","Romania",250000,FALSE,NA,"Summer",7,6,0,517
"FC Rapid 1923","SuperLiga","Romania","2005","Arrivals","Mihai Mincă","https://www.transfermarkt.com/mihai-minca/profil/spieler/35431","Goalkeeper","20","Romania","Alba Iulia",NA,"Romania",150000,FALSE,NA,"Summer",21,10,0,783
"FC Rapid 1923","SuperLiga","Romania","2005","Arrivals","Romeo Stancu","https://www.transfermarkt.com/romeo-stancu/profil/spieler/35442","Left Midfield","27","Romania","Poli. Timisoara","SuperLiga","Romania",80000,FALSE,NA,"Summer",28,25,1,1862
"FC Rapid 1923","SuperLiga","Romania","2005","Arrivals","Apoula Edel","https://www.transfermarkt.com/apoula-edel/profil/spieler/41647","Goalkeeper","19","Armenia","Pyunik Yerevan",NA,"Armenia",38000,FALSE,NA,"Summer",0,0,0,0
"FC Rapid 1923","SuperLiga","Romania","2005","Arrivals","Bogdan Mara","https://www.transfermarkt.com/bogdan-mara/profil/spieler/47602","Attacking Midfield","27","Romania","Poli Ejido","LaLiga2","Spain",0,FALSE,NA,"Summer",7,6,0,245
"FC Rapid 1923","SuperLiga","Romania","2005","Arrivals","Emil Dica","https://www.transfermarkt.com/emil-dica/profil/spieler/34509","Defensive Midfield","22","Romania","CS Mioveni",NA,"Romania",NA,FALSE,"?","Summer",32,31,0,1156
"FC Rapid 1923","SuperLiga","Romania","2005","Arrivals","Arman Karamyan","https://www.transfermarkt.com/arman-karamyan/profil/spieler/44091","Left Winger","26","Armenia","FC Brasov",NA,"Romania",NA,FALSE,"?","Summer",NA,NA,NA,NA
"FC Rapid 1923","SuperLiga","Romania","2005","Arrivals","Gigel Ene","https://www.transfermarkt.com/gigel-ene/profil/spieler/35436","Attacking Midfield","22","Romania","Rapid 1923 II",NA,"Romania",NA,FALSE,"-","Summer",3,2,0,105
"FC Rapid 1923","SuperLiga","Romania","2005","Arrivals","Georgica Petroiu","https://www.transfermarkt.com/georgica-petroiu/profil/spieler/53971","Defender","17","Romania","Rapid 1923 U18",NA,"Romania",NA,FALSE,"-","Summer",NA,NA,NA,NA
"FC Rapid 1923","SuperLiga","Romania","2005","Arrivals","Arman Karamyan","https://www.transfermarkt.com/arman-karamyan/profil/spieler/44091","Left Winger","25","Armenia","FC Brasov","SuperLiga","Romania",NA,TRUE,"End of loan Jun 30, 2005","Summer",NA,NA,NA,NA
"FC Rapid 1923","SuperLiga","Romania","2005","Arrivals","Ionut Rada","https://www.transfermarkt.com/ionut-rada/profil/spieler/34506","Centre-Back","22","Romania","Progresul","SuperLiga","Romania",NA,TRUE,"End of loan Jun 30, 2005","Summer",41,41,2,3643
"FC Rapid 1923","SuperLiga","Romania","2005","Arrivals","Adrian Patulea","https://www.transfermarkt.com/adrian-patulea/profil/spieler/119390","Centre-Forward","20","Romania","FCM Targoviste",NA,"Romania",NA,TRUE,"End of loan Jun 30, 2005","Summer",NA,NA,NA,NA
"FC Rapid 1923","SuperLiga","Romania","2005","Departures","Viorel Dinu","https://www.transfermarkt.com/viorel-dinu/profil/spieler/156919","Left Winger","26","Romania","FC Sheriff",NA,"Moldova",NA,FALSE,"?","Summer",NA,NA,NA,NA
"FC Rapid 1923","SuperLiga","Romania","2005","Departures","Radu Sardescu","https://www.transfermarkt.com/radu-sardescu/profil/spieler/97521","Goalkeeper","23","Romania","Progresul","SuperLiga","Romania",NA,FALSE,"?","Summer",NA,NA,NA,NA
"FC Rapid 1923","SuperLiga","Romania","2005","Departures","Cristian Ionescu","https://www.transfermarkt.com/cristian-ionescu/profil/spieler/64175","Left-Back","27","Romania","FC Sheriff",NA,"Moldova",NA,FALSE,"?","Summer",NA,NA,NA,NA
"FC Rapid 1923","SuperLiga","Romania","2005","Departures","Adrian Patulea","https://www.transfermarkt.com/adrian-patulea/profil/spieler/119390","Centre-Forward","20","Romania","Petrolul",NA,"Romania",NA,FALSE,"?","Summer",NA,NA,NA,NA
"FC Rapid 1923","SuperLiga","Romania","2005","Departures","Arman Karamyan","https://www.transfermarkt.com/arman-karamyan/profil/spieler/44091","Left Winger","25","Armenia","Gloria Bistrita","SuperLiga","Romania",NA,TRUE,"loan transfer","Summer",NA,NA,NA,NA
"FC Rapid 1923","SuperLiga","Romania","2005","Arrivals","Viorel Moldovan","https://www.transfermarkt.com/viorel-moldovan/profil/spieler/5519","Centre-Forward","33","Romania","Poli. Timisoara","SuperLiga","Romania",3e+05,FALSE,NA,"Winter",20,19,10,1082
"FC Rapid 1923","SuperLiga","Romania","2005","Arrivals","Daniel Pancu","https://www.transfermarkt.com/daniel-pancu/profil/spieler/6888","Centre-Forward","28","Romania","Besiktas","Süper Lig","Türkiye",150000,TRUE,NA,"Winter",16,16,4,1168
"FC Rapid 1923","SuperLiga","Romania","2005","Arrivals","Marian Zeciu","https://www.transfermarkt.com/marian-zeciu/profil/spieler/46683","Centre-Back","28","Armenia","Otelul Galati","SuperLiga","Romania",NA,FALSE,"?","Winter",NA,NA,NA,NA
"FC Rapid 1923","SuperLiga","Romania","2005","Arrivals","Arman Karamyan","https://www.transfermarkt.com/arman-karamyan/profil/spieler/44091","Left Winger","26","Armenia","Gloria Bistrita","SuperLiga","Romania",NA,TRUE,"End of loan Dec 31, 2005","Winter",NA,NA,NA,NA
"FC Rapid 1923","SuperLiga","Romania","2005","Departures","Flavius Moldovan","https://www.transfermarkt.com/flavius-moldovan/profil/spieler/35432","Centre-Back","29","Romania","FC Brasov",NA,"Romania",140000,FALSE,NA,"Winter",7,6,0,517
"FC Rapid 1923","SuperLiga","Romania","2005","Departures","Robert Ilyes","https://www.transfermarkt.com/robert-ilyes/profil/spieler/34510","Central Midfield","31","Romania","Khazar Lankaran",NA,"Azerbaijan",0,FALSE,NA,"Winter",25,25,2,2053
"FC Rapid 1923","SuperLiga","Romania","2005","Departures","Bogdan Mara","https://www.transfermarkt.com/bogdan-mara/profil/spieler/47602","Attacking Midfield","28","Romania","Stal Alchevsk","Premier Liga","Ukraine",0,FALSE,NA,"Winter",7,6,0,245
"FC Rapid 1923","SuperLiga","Romania","2005","Departures","Arman Karamyan","https://www.transfermarkt.com/arman-karamyan/profil/spieler/44091","Left Winger","26","Armenia","FC Brasov",NA,"Romania",NA,TRUE,"loan transfer","Winter",NA,NA,NA,NA
"FC Dinamo 1948","SuperLiga","Romania","2005","Arrivals","Mihăiță Pleșan","https://www.transfermarkt.com/mihaita-plesan/profil/spieler/26683","Central Midfield","22","Romania","FC U Craiova",NA,"Romania",750000,FALSE,NA,"Summer",16,16,2,1102
"FC Dinamo 1948","SuperLiga","Romania","2005","Arrivals","Florin Bratu","https://www.transfermarkt.com/florin-bratu/profil/spieler/9710","Centre-Forward","25","Romania","FC Nantes","Ligue 1","France",250000,TRUE,NA,"Summer",32,32,9,1977
"FC Dinamo 1948","SuperLiga","Romania","2005","Arrivals","Mariko Daouda","https://www.transfermarkt.com/mariko-daouda/profil/spieler/26644","Centre-Back","23","Cote d'Ivoire","FC U Craiova",NA,"Romania",130000,FALSE,NA,"Summer",12,9,0,619
"FC Dinamo 1948","SuperLiga","Romania","2005","Arrivals","Octavian Chihaia","https://www.transfermarkt.com/octavian-chihaia/profil/spieler/25929","Centre-Forward","24","Romania","Progresul","SuperLiga","Romania",0,FALSE,NA,"Summer",7,5,0,51
"FC Dinamo 1948","SuperLiga","Romania","2005","Arrivals","Cosmin Moți","https://www.transfermarkt.com/cosmin-moti/profil/spieler/26675","Centre-Back","20","Romania","FC U Craiova",NA,"Romania",0,FALSE,NA,"Summer",35,35,1,3015
"FC Dinamo 1948","SuperLiga","Romania","2005","Arrivals","Dragan Tresnjic","https://www.transfermarkt.com/dragan-tresnjic/profil/spieler/169044","Defensive Midfield","20","Serbia","Szeged LC",NA,"Hungary",0,FALSE,NA,"Summer",NA,NA,NA,NA
"FC Dinamo 1948","SuperLiga","Romania","2005","Arrivals","Adnan Guso","https://www.transfermarkt.com/adnan-guso/profil/spieler/26653","Goalkeeper","29","Bosnia-Herzegovina","FC U Craiova",NA,"Romania",NA,FALSE,"?","Summer",7,4,0,345
"FC Dinamo 1948","SuperLiga","Romania","2005","Arrivals","Adrian Ropotan","https://www.transfermarkt.com/adrian-ropotan/profil/spieler/44432","Central Midfield","19","Romania","Dinamo U18",NA,"Romania",NA,FALSE,"-","Summer",5,5,0,132
"FC Dinamo 1948","SuperLiga","Romania","2005","Arrivals","Cristian Munteanu","https://www.transfermarkt.com/cristian-munteanu/profil/spieler/26032","Goalkeeper","30","Romania","Progresul","SuperLiga","Romania",NA,TRUE,"End of loan Jun 30, 2005","Summer",14,14,0,1222
"FC Dinamo 1948","SuperLiga","Romania","2005","Arrivals","Vlad Munteanu","https://www.transfermarkt.com/vlad-munteanu/profil/spieler/26041","Left Midfield","24","Romania","Progresul","SuperLiga","Romania",NA,TRUE,"End of loan Jun 30, 2005","Summer",25,24,4,1023
"FC Dinamo 1948","SuperLiga","Romania","2005","Departures","Adrian Iordache","https://www.transfermarkt.com/adrian-iordache/profil/spieler/26038","Centre-Back","24","Romania","Shinnik","Premier Liga","Russia",250000,FALSE,NA,"Summer",NA,NA,NA,NA
"FC Dinamo 1948","SuperLiga","Romania","2005","Departures","Dorin Semeghin","https://www.transfermarkt.com/dorin-semeghin/profil/spieler/26044","Left-Back","26","Romania","H. Petah Tikva","Ligat ha'Al","Israel",0,FALSE,NA,"Summer",1,1,0,17
"FC Dinamo 1948","SuperLiga","Romania","2005","Departures","Ionuț Badea","https://www.transfermarkt.com/ionut-badea/profil/spieler/26033","Defensive Midfield","29","Romania","FC Vaslui","SuperLiga","Romania",0,FALSE,NA,"Summer",NA,NA,NA,NA
"FC Dinamo 1948","SuperLiga","Romania","2005","Departures","Ovidiu Burcă","https://www.transfermarkt.com/ovidiu-burca/profil/spieler/26028","Centre-Back","25","Romania","Progresul","SuperLiga","Romania",0,FALSE,NA,"Summer",NA,NA,NA,NA
"FC Dinamo 1948","SuperLiga","Romania","2005","Departures","Bogdan Stelea","https://www.transfermarkt.com/bogdan-stelea/profil/spieler/32185","Goalkeeper","37","Romania","Akratitos","Super League 1","Greece",0,FALSE,NA,"Summer",NA,NA,NA,NA
"FC Dinamo 1948","SuperLiga","Romania","2005","Departures","Angelo Alistar","https://www.transfermarkt.com/angelo-alistar/profil/spieler/26027","Centre-Back","29","Romania","H. Petah Tikva","Ligat ha'Al","Israel",0,FALSE,NA,"Summer",NA,NA,NA,NA
"FC Dinamo 1948","SuperLiga","Romania","2005","Departures","Alexandru Păcurar","https://www.transfermarkt.com/alexandru-pacurar/profil/spieler/26043","Attacking Midfield","23","Romania","Gloria Bistrita","SuperLiga","Romania",0,FALSE,NA,"Summer",NA,NA,NA,NA
"FC Dinamo 1948","SuperLiga","Romania","2005","Departures","Adrian Mihalcea","https://www.transfermarkt.com/adrian-mihalcea/profil/spieler/21869","Centre-Forward","29","Romania","Jeonnam Dragons","K League - 2nd Stage","Korea, South",NA,FALSE,"?","Summer",NA,NA,NA,NA
"FC Dinamo 1948","SuperLiga","Romania","2005","Departures","Tibor Moldovan","https://www.transfermarkt.com/tibor-moldovan/profil/spieler/46598","Centre-Forward","23","Romania","Farul Constanta","SuperLiga","Romania",NA,FALSE,"?","Summer",NA,NA,NA,NA
"FC Dinamo 1948","SuperLiga","Romania","2005","Departures","Marian Vătavu","https://www.transfermarkt.com/marian-vatavu/profil/spieler/47896","Centre-Back","23","Romania","Unirea Urziceni",NA,"Romania",NA,FALSE,"?","Summer",NA,NA,NA,NA
"FC Dinamo 1948","SuperLiga","Romania","2005","Departures","Alin Ilin","https://www.transfermarkt.com/alin-ilin/profil/spieler/46568","Right-Back","20","Romania","Jiul Petrosani","SuperLiga","Romania",NA,FALSE,"?","Summer",NA,NA,NA,NA
"FC Dinamo 1948","SuperLiga","Romania","2005","Departures","Cristian Munteanu","https://www.transfermarkt.com/cristian-munteanu/profil/spieler/26032","Goalkeeper","30","Romania","AEK Larnaca","Cyprus League","Cyprus",NA,TRUE,"loan transfer","Summer",14,14,0,1222
"FC Dinamo 1948","SuperLiga","Romania","2005","Departures","Răzvan Pădurețu","https://www.transfermarkt.com/razvan-paduretu/profil/spieler/46615","Attacking Midfield","24","Romania","Gloria Bistrita","SuperLiga","Romania",NA,TRUE,"loan transfer","Summer",NA,NA,NA,NA
"FC Dinamo 1948","SuperLiga","Romania","2005","Departures","Adrian Scarlatache","https://www.transfermarkt.com/adrian-scarlatache/profil/spieler/46644","Centre-Back","18","Romania","Pandurii ","SuperLiga","Romania",NA,TRUE,"loan transfer","Summer",NA,NA,NA,NA
"FC Dinamo 1948","SuperLiga","Romania","2005","Departures","Liviu Ciobotariu","https://www.transfermarkt.com/liviu-ciobotariu/profil/spieler/103212","Centre-Back","34","Romania",NA,NA,NA,NA,FALSE,"-","Summer",NA,NA,NA,NA
"FC Dinamo 1948","SuperLiga","Romania","2005","Arrivals","Dan Alexa","https://www.transfermarkt.com/dan-alexa/profil/spieler/47146","Defensive Midfield","26","Romania","BJ Guoan","Super League","China",250000,FALSE,NA,"Winter",13,13,1,1149
"FC Dinamo 1948","SuperLiga","Romania","2005","Arrivals","Daniel Florea","https://www.transfermarkt.com/daniel-florea/profil/spieler/14930","Left-Back","30","Romania","Metalurg D.","Premier Liga","Ukraine",0,FALSE,NA,"Winter",9,9,0,776
"FC Dinamo 1948","SuperLiga","Romania","2005","Arrivals","Cătălin Munteanu","https://www.transfermarkt.com/catalin-munteanu/profil/spieler/16615","Attacking Midfield","26","Romania","Real Murcia","LaLiga2","Spain",0,FALSE,NA,"Winter",10,10,0,444
"FC Dinamo 1948","SuperLiga","Romania","2005","Arrivals","Tiberiu Curt","https://www.transfermarkt.com/tiberiu-curt/profil/spieler/26492","Centre-Back","30","Romania","FCSB","SuperLiga","Romania",0,FALSE,NA,"Winter",7,7,2,533
"FC Dinamo 1948","SuperLiga","Romania","2005","Arrivals","Dorin Mihuţ","https://www.transfermarkt.com/dorin-mihut/profil/spieler/44939","Right-Back","23","Romania","Bihor Oradea",NA,"Romania",NA,FALSE,"?","Winter",11,11,0,635
"FC Dinamo 1948","SuperLiga","Romania","2005","Arrivals","Cosmin Barcauan","https://www.transfermarkt.com/cosmin-barcauan/profil/spieler/22099","Centre-Back","27","Romania","Shakhtar D.","Premier Liga","Ukraine",NA,TRUE,"loan transfer","Winter",8,8,0,660
"FC Dinamo 1948","SuperLiga","Romania","2005","Arrivals","Cristian Munteanu","https://www.transfermarkt.com/cristian-munteanu/profil/spieler/26032","Goalkeeper","31","Romania","AEK Larnaca","Cyprus League","Cyprus",NA,TRUE,"End of loan Dec 31, 2005","Winter",14,14,0,1222
"FC Dinamo 1948","SuperLiga","Romania","2005","Arrivals","Ionel Dănciulescu","https://www.transfermarkt.com/ionel-danciulescu/profil/spieler/19405","Centre-Forward","30","Romania","SD Taishan","Super League","China",NA,TRUE,"End of loan Dec 30, 2006","Winter",14,14,2,1074
"FC Dinamo 1948","SuperLiga","Romania","2005","Departures","Mihăiță Pleșan","https://www.transfermarkt.com/mihaita-plesan/profil/spieler/26683","Central Midfield","22","Romania","Poli. Timisoara","SuperLiga","Romania",8e+05,FALSE,NA,"Winter",16,16,2,1102
"FC Dinamo 1948","SuperLiga","Romania","2005","Departures","Adnan Guso","https://www.transfermarkt.com/adnan-guso/profil/spieler/26653","Goalkeeper","30","Bosnia-Herzegovina","FC Arges","SuperLiga","Romania",0,FALSE,NA,"Winter",7,4,0,345
"FC Dinamo 1948","SuperLiga","Romania","2005","Departures","Mariko Daouda","https://www.transfermarkt.com/mariko-daouda/profil/spieler/26644","Centre-Back","24","Cote d'Ivoire","FC Arges","SuperLiga","Romania",NA,FALSE,"?","Winter",12,9,0,619
"FC Dinamo 1948","SuperLiga","Romania","2005","Departures","Alexandru Baltoi","https://www.transfermarkt.com/alexandru-baltoi/profil/spieler/26045","Centre-Forward","23","Romania","Otelul Galati","SuperLiga","Romania",NA,TRUE,"loan transfer","Winter",19,19,5,773
"FC Dinamo 1948","SuperLiga","Romania","2005","Departures","Lucian Goian","https://www.transfermarkt.com/lucian-goian/profil/spieler/26036","Centre-Back","22","Romania","Ceahlaul",NA,"Romania",NA,TRUE,"loan transfer","Winter",8,6,0,461
"FC Dinamo 1948","SuperLiga","Romania","2005","Departures","Cornel Predescu","https://www.transfermarkt.com/cornel-predescu/profil/spieler/44943","Attacking Midfield","18","Romania","Unirea Urziceni",NA,"Romania",NA,TRUE,"loan transfer","Winter",NA,NA,NA,NA
"FC Dinamo 1948","SuperLiga","Romania","2005","Departures","Gabriel Tamaș","https://www.transfermarkt.com/gabriel-tamas/profil/spieler/6893","Centre-Back","22","Romania","Spartak Moscow","Premier Liga","Russia",NA,TRUE,"End of loan Dec 1, 2005","Winter",23,23,1,1919
"FCSB","SuperLiga","Romania","2005","Arrivals","Cornel Cernea","https://www.transfermarkt.com/cornel-cernea/profil/spieler/34934","Goalkeeper","29","Romania","Otelul Galati","SuperLiga","Romania",150000,FALSE,NA,"Summer",14,2,0,180
"FCSB","SuperLiga","Romania","2005","Arrivals","Victoras Iacob","https://www.transfermarkt.com/victoras-iacob/profil/spieler/34757","Centre-Forward","24","Romania","Otelul Galati","SuperLiga","Romania",150000,FALSE,NA,"Summer",38,38,14,2836
"FCSB","SuperLiga","Romania","2005","Arrivals","Alexandru Tudose","https://www.transfermarkt.com/alexandru-tudose/profil/spieler/34941","Centre-Back","18","Romania","Otelul Galati","SuperLiga","Romania",NA,FALSE,"?","Summer",0,0,0,0
"FCSB","SuperLiga","Romania","2005","Arrivals","Răzvan Avram","https://www.transfermarkt.com/razvan-avram/profil/spieler/156804","Right Winger","18","Romania","FCSB U21",NA,"Romania",NA,FALSE,"-","Summer",NA,NA,NA,NA
"FCSB","SuperLiga","Romania","2005","Departures","Dorinel Munteanu","https://www.transfermarkt.com/dorinel-munteanu/profil/spieler/666","Central Midfield","37","Romania","CFR Cluj","SuperLiga","Romania",0,FALSE,NA,"Summer",NA,NA,NA,NA
"FCSB","SuperLiga","Romania","2005","Departures","Martin Tudor","https://www.transfermarkt.com/martin-tudor/profil/spieler/26507","Goalkeeper","29","Romania","CFR Cluj","SuperLiga","Romania",NA,FALSE,"?","Summer",NA,NA,NA,NA
"FCSB","SuperLiga","Romania","2005","Departures","Adrian Pitu","https://www.transfermarkt.com/adrian-pitu/profil/spieler/26504","Central Midfield","29","Romania","Bnei Sakhnin","Ligat ha'Al","Israel",NA,FALSE,"?","Summer",NA,NA,NA,NA
"FCSB","SuperLiga","Romania","2005","Departures","Boris Keca","https://www.transfermarkt.com/boris-keca/profil/spieler/282246","Centre-Back","27","Bosnia-Herzegovina","Pandurii ","SuperLiga","Romania",NA,FALSE,"?","Summer",2,1,0,26
"FCSB","SuperLiga","Romania","2005","Departures","Daniel Bălan","https://www.transfermarkt.com/daniel-balan/profil/spieler/26488","Right-Back","25","Romania","FC Vaslui","SuperLiga","Romania",NA,TRUE,"loan transfer","Summer",16,9,0,489
"FCSB","SuperLiga","Romania","2005","Departures","Răzvan Avram","https://www.transfermarkt.com/razvan-avram/profil/spieler/156804","Right Winger","18","Romania","Poiana Campina",NA,"Romania",NA,TRUE,"loan transfer","Summer",NA,NA,NA,NA
"FCSB","SuperLiga","Romania","2005","Departures","Cristian Ciocoiu","https://www.transfermarkt.com/cristian-ciocoiu/profil/spieler/26490","Centre-Forward","29","Romania",NA,NA,NA,NA,FALSE,"-","Summer",NA,NA,NA,NA
"FCSB","SuperLiga","Romania","2005","Departures","Florin Dobre","https://www.transfermarkt.com/florin-dobre/profil/spieler/26494","Goalkeeper","19","Romania","FCSB II",NA,"Romania",NA,FALSE,"-","Summer",NA,NA,NA,NA
"FCSB","SuperLiga","Romania","2005","Arrivals","Vasilica Cristocea","https://www.transfermarkt.com/vasilica-cristocea/profil/spieler/38295","Left Winger","25","Romania","Farul Constanta","SuperLiga","Romania",350000,FALSE,NA,"Winter",21,18,2,691
"FCSB","SuperLiga","Romania","2005","Arrivals","Carlos Fernandes","https://www.transfermarkt.com/carlos-fernandes/profil/spieler/23211","Goalkeeper","26","Angola","Boavista","Liga Portugal","Portugal",0,FALSE,NA,"Winter",21,21,0,1890
"FCSB","SuperLiga","Romania","2005","Arrivals","Razvan Ochirosii","https://www.transfermarkt.com/razvan-ochirosii/profil/spieler/43761","Left-Back","16","Romania","FCSB U18",NA,"Romania",NA,FALSE,"-","Winter",1,1,0,8
"FCSB","SuperLiga","Romania","2005","Departures","Vasiliy Khomutovskiy","https://www.transfermarkt.com/vasiliy-khomutovskiy/profil/spieler/15976","Goalkeeper","27","Belarus","Tom Tomsk","Premier Liga","Russia",5e+05,FALSE,NA,"Winter",26,26,0,2340
"FCSB","SuperLiga","Romania","2005","Departures","Tiberiu Curt","https://www.transfermarkt.com/tiberiu-curt/profil/spieler/26492","Centre-Back","30","Romania","FC Dinamo","SuperLiga","Romania",0,FALSE,NA,"Winter",0,0,0,0
"FCSB","SuperLiga","Romania","2005","Departures","Florentin Dumitru","https://www.transfermarkt.com/florentin-dumitru/profil/spieler/26495","Right-Back","28","Romania","Jiul Petrosani","SuperLiga","Romania",0,FALSE,NA,"Winter",13,11,0,171
"FCSB","SuperLiga","Romania","2005","Departures","Laurentiu Dinita","https://www.transfermarkt.com/laurentiu-dinita/profil/spieler/26493","Centre-Forward","30","Romania","Jiul Petrosani","SuperLiga","Romania",NA,TRUE,"loan transfer","Winter",13,12,1,238
"Politehnica Timisoara (- 2012)",NA,NA,"2005","Arrivals","Gigel Bucur","https://www.transfermarkt.com/gigel-bucur/profil/spieler/47152","Left Winger","25","Romania","Sportul S.","SuperLiga","Romania",8e+05,FALSE,NA,"Summer",20,20,2,1240
"Politehnica Timisoara (- 2012)",NA,NA,"2005","Arrivals","Jonny McKain","https://www.transfermarkt.com/jonny-mckain/profil/spieler/25935","Centre-Back","22","Australia","Progresul","SuperLiga","Romania",5e+05,FALSE,NA,"Summer",24,24,0,2082
"Politehnica Timisoara (- 2012)",NA,NA,"2005","Arrivals","Adrian Olah","https://www.transfermarkt.com/adrian-olah/profil/spieler/25938","Defensive Midfield","24","Romania","Progresul","SuperLiga","Romania",NA,FALSE,"?","Summer",21,21,1,1634
"Politehnica Timisoara (- 2012)",NA,NA,"2005","Arrivals","Sorin Rădoi","https://www.transfermarkt.com/sorin-radoi/profil/spieler/47180","Right-Back","20","Romania","Sportul S.","SuperLiga","Romania",NA,FALSE,"?","Summer",17,17,0,1302
"Politehnica Timisoara (- 2012)",NA,NA,"2005","Arrivals","Dan Galdean","https://www.transfermarkt.com/dan-galdean/profil/spieler/46548","Right Winger","31","Romania","Alba Iulia",NA,"Romania",NA,FALSE,"?","Summer",5,5,0,90
"Politehnica Timisoara (- 2012)",NA,NA,"2005","Arrivals","Cristian Scutaru","https://www.transfermarkt.com/cristian-scutaru/profil/spieler/47181","Centre-Back","18","Romania","Jiul Petrosani","SuperLiga","Romania",NA,FALSE,"?","Summer",5,5,0,280
"Politehnica Timisoara (- 2012)",NA,NA,"2005","Arrivals","Emmanuel Osei","https://www.transfermarkt.com/emmanuel-osei/profil/spieler/28025","Defensive Midfield","22","Ghana","Livorno","Serie A","Italy",NA,TRUE,"loan transfer","Summer",13,13,1,1009
"Politehnica Timisoara (- 2012)",NA,NA,"2005","Arrivals","Ioan Mera","https://www.transfermarkt.com/ioan-mera/profil/spieler/103523","Centre-Back","18","Romania","Timisoara U19",NA,"Romania",NA,FALSE,"-","Summer",NA,NA,NA,NA
"Politehnica Timisoara (- 2012)",NA,NA,"2005","Arrivals","Gabriel Torje","https://www.transfermarkt.com/gabriel-torje/profil/spieler/47184","Right Winger","15","Romania","Timisoara U19",NA,"Romania",NA,FALSE,"-","Summer",5,5,1,238
"Politehnica Timisoara (- 2012)",NA,NA,"2005","Departures","Romeo Stancu","https://www.transfermarkt.com/romeo-stancu/profil/spieler/35442","Left Midfield","27","Romania","FC Rapid 1923","SuperLiga","Romania",80000,FALSE,NA,"Summer",NA,NA,NA,NA
"Politehnica Timisoara (- 2012)",NA,NA,"2005","Departures","Eugen Miculescu","https://www.transfermarkt.com/eugen-miculescu/profil/spieler/212819","Centre-Back","22","Romania","CFR Timisoara",NA,"Romania",0,FALSE,NA,"Summer",NA,NA,NA,NA
"Politehnica Timisoara (- 2012)",NA,NA,"2005","Departures","Flavius Bad","https://www.transfermarkt.com/flavius-bad/profil/spieler/46496","Centre-Forward","22","Romania","Progresul","SuperLiga","Romania",0,FALSE,NA,"Summer",NA,NA,NA,NA
"Politehnica Timisoara (- 2012)",NA,NA,"2005","Departures","George Soltuz","https://www.transfermarkt.com/george-soltuz/profil/spieler/55280","Centre-Back","27","Romania","FC Vaslui","SuperLiga","Romania",NA,FALSE,"?","Summer",NA,NA,NA,NA
"Politehnica Timisoara (- 2012)",NA,NA,"2005","Departures","Ilie Poenaru","https://www.transfermarkt.com/ilie-poenaru/profil/spieler/46627","Right-Back","28","Romania","FC Arges","SuperLiga","Romania",NA,FALSE,"?","Summer",NA,NA,NA,NA
"Politehnica Timisoara (- 2012)",NA,NA,"2005","Departures","Irinel Voicu","https://www.transfermarkt.com/irinel-voicu/profil/spieler/54715","Centre-Back","28","Romania","FC Vaslui","SuperLiga","Romania",NA,FALSE,"?","Summer",NA,NA,NA,NA
"Politehnica Timisoara (- 2012)",NA,NA,"2005","Departures","Cătălin Grigore","https://www.transfermarkt.com/catalin-grigore/profil/spieler/33743","Goalkeeper","27","Romania","CFR Timisoara",NA,"Romania",NA,FALSE,"?","Summer",0,0,0,0
"Politehnica Timisoara (- 2012)",NA,NA,"2005","Departures","Sorin Chitu","https://www.transfermarkt.com/sorin-chitu/profil/spieler/208783","Centre-Forward","24","Romania","FC Snagov",NA,"Romania",NA,FALSE,"?","Summer",NA,NA,NA,NA
"Politehnica Timisoara (- 2012)",NA,NA,"2005","Departures","Răzvan Ionilă","https://www.transfermarkt.com/razvan-ionila/profil/spieler/885568","Centre-Back","23","Romania","Dacia U. Braila",NA,"Romania",NA,FALSE,"?","Summer",NA,NA,NA,NA
"Politehnica Timisoara (- 2012)",NA,NA,"2005","Departures","Ersin Mehmedovic","https://www.transfermarkt.com/ersin-mehmedovic/profil/spieler/15539","Centre-Back","24","Serbia","Progresul","SuperLiga","Romania",NA,TRUE,"loan transfer","Summer",NA,NA,NA,NA
"Politehnica Timisoara (- 2012)",NA,NA,"2005","Departures","Mircea Oprea","https://www.transfermarkt.com/mircea-oprea/profil/spieler/42789","Second Striker","25","Romania","Progresul","SuperLiga","Romania",NA,TRUE,"loan transfer","Summer",NA,NA,NA,NA
"Politehnica Timisoara (- 2012)",NA,NA,"2005","Departures","Marian Constantinescu","https://www.transfermarkt.com/marian-constantinescu/profil/spieler/46520","Attacking Midfield","23","Romania","Gloria Bistrita","SuperLiga","Romania",NA,TRUE,"loan transfer","Summer",4,4,0,145
"Politehnica Timisoara (- 2012)",NA,NA,"2005","Departures","Iasmin Latovlevici","https://www.transfermarkt.com/iasmin-latovlevici/profil/spieler/47172","Left-Back","19","Romania","CFR Timisoara",NA,"Romania",NA,TRUE,"loan transfer","Summer",2,2,0,80
"Politehnica Timisoara (- 2012)",NA,NA,"2005","Departures","Ioan Mera","https://www.transfermarkt.com/ioan-mera/profil/spieler/103523","Centre-Back","18","Romania","CFR Timisoara",NA,"Romania",NA,TRUE,"loan transfer","Summer",NA,NA,NA,NA
"Politehnica Timisoara (- 2012)",NA,NA,"2005","Departures","Cristian Scutaru","https://www.transfermarkt.com/cristian-scutaru/profil/spieler/47181","Centre-Back","18","Romania","CFR Timisoara",NA,"Romania",NA,TRUE,"loan transfer","Summer",5,5,0,280
"Politehnica Timisoara (- 2012)",NA,NA,"2005","Departures","Gabriel Torje","https://www.transfermarkt.com/gabriel-torje/profil/spieler/47184","Right Winger","15","Romania","CFR Timisoara",NA,"Romania",NA,TRUE,"loan transfer","Summer",5,5,1,238
"Politehnica Timisoara (- 2012)",NA,NA,"2005","Departures","Cosmin Contra","https://www.transfermarkt.com/cosmin-contra/profil/spieler/5808","Right-Back","29","Romania","Atlético Madrid","LaLiga","Spain",NA,TRUE,"End of loan Jun 30, 2005","Summer",NA,NA,NA,NA
"Politehnica Timisoara (- 2012)",NA,NA,"2005","Arrivals","Mihăiță Pleșan","https://www.transfermarkt.com/mihaita-plesan/profil/spieler/26683","Central Midfield","22","Romania","FC Dinamo","SuperLiga","Romania",8e+05,FALSE,NA,"Winter",7,7,0,623
"Politehnica Timisoara (- 2012)",NA,NA,"2005","Arrivals","Ifeanyi Emeghara","https://www.transfermarkt.com/ifeanyi-emeghara/profil/spieler/24552","Left-Back","21","Nigeria","Partizan","Super liga Srbije","Serbia",650000,FALSE,NA,"Winter",14,14,0,1226
"Politehnica Timisoara (- 2012)",NA,NA,"2005","Arrivals","Péter Simek","https://www.transfermarkt.com/peter-simek/profil/spieler/22702","Right Midfield","25","Hungary","Fehérvár","NB I.","Hungary",4e+05,FALSE,NA,"Winter",4,4,0,201
"Politehnica Timisoara (- 2012)",NA,NA,"2005","Arrivals","Silviu Izvoranu","https://www.transfermarkt.com/silviu-izvoranu/profil/spieler/47165","Centre-Back","23","Romania","Otelul Galati","SuperLiga","Romania",370000,FALSE,NA,"Winter",10,10,1,622
"Politehnica Timisoara (- 2012)",NA,NA,"2005","Arrivals","Sreten Stanic","https://www.transfermarkt.com/sreten-stanic/profil/spieler/36071","Left Midfield","21","Serbia","Rad","Super liga Srbije","Serbia",170000,FALSE,NA,"Winter",11,11,1,420
"Politehnica Timisoara (- 2012)",NA,NA,"2005","Arrivals","Vladimir Gluscevic","https://www.transfermarkt.com/vladimir-gluscevic/profil/spieler/35996","Centre-Forward","26","Montenegro","Rad","Super liga Srbije","Serbia",170000,FALSE,NA,"Winter",9,9,1,520
"Politehnica Timisoara (- 2012)",NA,NA,"2005","Arrivals","Alin Stoica","https://www.transfermarkt.com/alin-stoica/profil/spieler/9669","Attacking Midfield","26","Romania","Progresul","SuperLiga","Romania",0,FALSE,NA,"Winter",4,4,1,306
"Politehnica Timisoara (- 2012)",NA,NA,"2005","Arrivals","Rares Soporan","https://www.transfermarkt.com/rares-soporan/profil/spieler/47890","Defensive Midfield","21","Romania","U Cluj",NA,"Romania",NA,FALSE,"?","Winter",7,7,0,393
"Politehnica Timisoara (- 2012)",NA,NA,"2005","Arrivals","Ricardo David Páez","https://www.transfermarkt.com/ricardo-david-paez/profil/spieler/58487","Right Midfield","26","Venezuela","Pereira",NA,"Colombia",NA,FALSE,"?","Winter",3,3,0,60
"Politehnica Timisoara (- 2012)",NA,NA,"2005","Arrivals","Adrian Ilie","https://www.transfermarkt.com/adrian-ilie/profil/spieler/46565","Centre-Back","24","Romania","Poli Iasi","SuperLiga","Romania",NA,FALSE,"?","Winter",2,2,0,135
"Politehnica Timisoara (- 2012)",NA,NA,"2005","Arrivals","Florin Dochita","https://www.transfermarkt.com/florin-dochita/profil/spieler/48667","Centre-Forward","18","Romania","CFR Timisoara",NA,"Romania",NA,FALSE,"?","Winter",0,0,0,0
"Politehnica Timisoara (- 2012)",NA,NA,"2005","Arrivals","Cristian Daminuță","https://www.transfermarkt.com/cristian-daminuta/profil/spieler/47873","Defensive Midfield","15","Romania","Timisoara U19",NA,"Romania",NA,FALSE,"-","Winter",1,1,0,7
"Politehnica Timisoara (- 2012)",NA,NA,"2005","Arrivals","Iasmin Latovlevici","https://www.transfermarkt.com/iasmin-latovlevici/profil/spieler/47172","Left-Back","19","Romania","CFR Timisoara",NA,"Romania",NA,TRUE,"End of loan Dec 31, 2005","Winter",2,2,0,80
"Politehnica Timisoara (- 2012)",NA,NA,"2005","Arrivals","Cristian Scutaru","https://www.transfermarkt.com/cristian-scutaru/profil/spieler/47181","Centre-Back","18","Romania","CFR Timisoara",NA,"Romania",NA,TRUE,"End of loan Dec 31, 2005","Winter",5,5,0,280
"Politehnica Timisoara (- 2012)",NA,NA,"2005","Arrivals","Gabriel Torje","https://www.transfermarkt.com/gabriel-torje/profil/spieler/47184","Right Winger","16","Romania","CFR Timisoara",NA,"Romania",NA,TRUE,"End of loan Dec 31, 2005","Winter",5,5,1,238
"Politehnica Timisoara (- 2012)",NA,NA,"2005","Departures","Viorel Moldovan","https://www.transfermarkt.com/viorel-moldovan/profil/spieler/5519","Centre-Forward","33","Romania","FC Rapid 1923","SuperLiga","Romania",3e+05,FALSE,NA,"Winter",12,12,6,1058
"Politehnica Timisoara (- 2012)",NA,NA,"2005","Departures","Dan Galdean","https://www.transfermarkt.com/dan-galdean/profil/spieler/46548","Right Winger","31","Romania","U Cluj",NA,"Romania",NA,FALSE,"?","Winter",5,5,0,90
"Politehnica Timisoara (- 2012)",NA,NA,"2005","Departures","Alin Paleacu","https://www.transfermarkt.com/alin-paleacu/profil/spieler/46616","Central Midfield","30","Romania","Jiul Petrosani","SuperLiga","Romania",NA,FALSE,"?","Winter",6,6,0,253
"Politehnica Timisoara (- 2012)",NA,NA,"2005","Departures","Valentin Lemnaru","https://www.transfermarkt.com/valentin-lemnaru/profil/spieler/48690","Centre-Forward","21","Romania","D. Calarasi",NA,"Romania",NA,FALSE,"?","Winter",NA,NA,NA,NA
"FC Arges Pitesti (- 2013)",NA,NA,"2005","Arrivals","Madalin Murgan","https://www.transfermarkt.com/madalin-murgan/profil/spieler/26676","Left Midfield","22","Romania","FC U Craiova",NA,"Romania",25000,FALSE,NA,"Summer",22,22,0,1820
"FC Arges Pitesti (- 2013)",NA,NA,"2005","Arrivals","Mikhael Jaimez-Ruiz","https://www.transfermarkt.com/mikhael-jaimez-ruiz/profil/spieler/48145","Goalkeeper","20","Venezuela","Otelul Galati","SuperLiga","Romania",0,FALSE,NA,"Summer",NA,NA,NA,NA
"FC Arges Pitesti (- 2013)",NA,NA,"2005","Arrivals","Gheorghe Rohat","https://www.transfermarkt.com/gheorghe-rohat/profil/spieler/48896","Centre-Back","30","Romania","Otelul Galati","SuperLiga","Romania",NA,FALSE,"?","Summer",23,23,1,2036
"FC Arges Pitesti (- 2013)",NA,NA,"2005","Arrivals","Catalin Gaman","https://www.transfermarkt.com/catalin-gaman/profil/spieler/277718","Central Midfield","-","Romania","Unknown",NA,NA,NA,FALSE,"?","Summer",NA,NA,NA,NA
"FC Arges Pitesti (- 2013)",NA,NA,"2005","Arrivals","Ilie Poenaru","https://www.transfermarkt.com/ilie-poenaru/profil/spieler/46627","Right-Back","28","Romania","Poli. Timisoara","SuperLiga","Romania",NA,FALSE,"?","Summer",22,22,0,1598
"FC Arges Pitesti (- 2013)",NA,NA,"2005","Arrivals","Bogdan Stancu","https://www.transfermarkt.com/bogdan-stancu/profil/spieler/46658","Centre-Forward","18","Romania","FC Arges U19",NA,"Romania",NA,FALSE,"-","Summer",7,7,0,257
"FC Arges Pitesti (- 2013)",NA,NA,"2005","Arrivals","Cosmin Nastasie","https://www.transfermarkt.com/cosmin-nastasie/profil/spieler/46604","Centre-Forward","22","Romania","CS Mioveni",NA,"Romania",NA,TRUE,"End of loan Jun 30, 2005","Summer",29,29,4,1963
"FC Arges Pitesti (- 2013)",NA,NA,"2005","Departures","Robert Neagoe","https://www.transfermarkt.com/robert-neagoe/profil/spieler/33902","Left Midfield","23","Romania","Royal Antwerp","Challenger Pro League","Belgium",0,FALSE,NA,"Summer",NA,NA,NA,NA
"FC Arges Pitesti (- 2013)",NA,NA,"2005","Departures","Ionuț Boșneag","https://www.transfermarkt.com/ionut-bosneag/profil/spieler/46509","Goalkeeper","23","Romania","CS Mioveni",NA,"Romania",NA,FALSE,"?","Summer",NA,NA,NA,NA
"FC Arges Pitesti (- 2013)",NA,NA,"2005","Departures","Dănuț Șomcherechi","https://www.transfermarkt.com/danut-somcherechi/profil/spieler/64077","Centre-Back","32","Romania","Otelul Galati","SuperLiga","Romania",NA,FALSE,"?","Summer",NA,NA,NA,NA
"FC Arges Pitesti (- 2013)",NA,NA,"2005","Departures","Viorel Domocoş","https://www.transfermarkt.com/viorel-domocos/profil/spieler/304708","Central Midfield","30","Romania","Digenis Morfou","Cyprus League","Cyprus",NA,FALSE,"?","Summer",NA,NA,NA,NA
"FC Arges Pitesti (- 2013)",NA,NA,"2005","Departures","Cornel Dobre","https://www.transfermarkt.com/cornel-dobre/profil/spieler/48831","Right-Back","29","Romania","Otelul Galati","SuperLiga","Romania",NA,FALSE,"?","Summer",14,14,0,683
"FC Arges Pitesti (- 2013)",NA,NA,"2005","Departures","Bogdan Vrăjitoarea","https://www.transfermarkt.com/bogdan-vrajitoarea/profil/spieler/46680","Centre-Forward","27","Romania","Poli Iasi","SuperLiga","Romania",NA,FALSE,"?","Summer",NA,NA,NA,NA
"FC Arges Pitesti (- 2013)",NA,NA,"2005","Arrivals","Elías Bazzi","https://www.transfermarkt.com/elias-bazzi/profil/spieler/46502","Left-Back","24","Argentina","Progresul","SuperLiga","Romania",4e+05,FALSE,NA,"Winter",13,13,0,1085
"FC Arges Pitesti (- 2013)",NA,NA,"2005","Arrivals","Adnan Guso","https://www.transfermarkt.com/adnan-guso/profil/spieler/26653","Goalkeeper","30","Bosnia-Herzegovina","FC Dinamo","SuperLiga","Romania",0,FALSE,NA,"Winter",11,11,0,990
"FC Arges Pitesti (- 2013)",NA,NA,"2005","Arrivals","Ionuț Boșneag","https://www.transfermarkt.com/ionut-bosneag/profil/spieler/46509","Goalkeeper","23","Romania","CS Mioveni",NA,"Romania",NA,FALSE,"?","Winter",NA,NA,NA,NA
"FC Arges Pitesti (- 2013)",NA,NA,"2005","Arrivals","Augustin Chirita","https://www.transfermarkt.com/augustin-chirita/profil/spieler/46517","Attacking Midfield","30","Romania","H. Beer Sheva",NA,"Israel",NA,FALSE,"?","Winter",11,11,0,636
"FC Arges Pitesti (- 2013)",NA,NA,"2005","Arrivals","Mariko Daouda","https://www.transfermarkt.com/mariko-daouda/profil/spieler/26644","Centre-Back","24","Cote d'Ivoire","FC Dinamo","SuperLiga","Romania",NA,FALSE,"?","Winter",12,12,0,990
"FC Arges Pitesti (- 2013)",NA,NA,"2005","Arrivals","Cornel Dobre","https://www.transfermarkt.com/cornel-dobre/profil/spieler/48831","Right-Back","30","Romania","Otelul Galati","SuperLiga","Romania",NA,FALSE,"?","Winter",14,14,0,683
"FC Arges Pitesti (- 2013)",NA,NA,"2005","Arrivals","Andrei Neagoe","https://www.transfermarkt.com/andrei-neagoe/profil/spieler/208811","Left Midfield","18","Romania","CS Mioveni",NA,"Romania",NA,FALSE,"?","Winter",1,1,0,5
"FC Arges Pitesti (- 2013)",NA,NA,"2005","Departures","Marius Radu","https://www.transfermarkt.com/marius-radu/profil/spieler/64227","Centre-Back","28","Romania","FC Sopron","NB I.","Hungary",NA,FALSE,"?","Winter",12,12,1,1080
"FC Arges Pitesti (- 2013)",NA,NA,"2005","Departures","Ciprian Danciu","https://www.transfermarkt.com/ciprian-danciu/profil/spieler/62453","Attacking Midfield","28","Romania","Al-Arabi SC",NA,"Qatar",NA,FALSE,"?","Winter",4,4,0,318
"FC Arges Pitesti (- 2013)",NA,NA,"2005","Departures","Marius Sava","https://www.transfermarkt.com/marius-sava/profil/spieler/69153","Right Midfield","27","Romania","Pandurii ","SuperLiga","Romania",NA,FALSE,"?","Winter",3,3,0,80
"FC Arges Pitesti (- 2013)",NA,NA,"2005","Departures","Ștefan Preda","https://www.transfermarkt.com/stefan-preda/profil/spieler/102024","Goalkeeper","35","Romania","Unirea Urziceni",NA,"Romania",NA,FALSE,"?","Winter",5,5,0,450
"FC Arges Pitesti (- 2013)",NA,NA,"2005","Departures","Ciprian Stancu","https://www.transfermarkt.com/ciprian-stancu/profil/spieler/885441","Goalkeeper","N/A",NA,"Daco-Getica",NA,"Romania",NA,TRUE,"loan transfer","Winter",NA,NA,NA,NA
"FC Arges Pitesti (- 2013)",NA,NA,"2005","Departures","Bogdan Stancu","https://www.transfermarkt.com/bogdan-stancu/profil/spieler/46658","Centre-Forward","18","Romania","CS Mioveni",NA,"Romania",NA,TRUE,"loan transfer","Winter",7,7,0,257
"FC Arges Pitesti (- 2013)",NA,NA,"2005","Departures","Cristian Tănase","https://www.transfermarkt.com/cristian-tanase/profil/spieler/46662","Left Winger","18","Romania","CS Mioveni",NA,"Romania",NA,TRUE,"loan transfer","Winter",16,16,1,640
"FC Vaslui (- 2014)",NA,NA,"2005","Arrivals","Dan Lacusta","https://www.transfermarkt.com/dan-lacusta/profil/spieler/64182","Left-Back","28","Romania","FC Sheriff",NA,"Moldova",30000,FALSE,NA,"Summer",22,22,0,1909
"FC Vaslui (- 2014)",NA,NA,"2005","Arrivals","Claudiu Răducanu","https://www.transfermarkt.com/claudiu-raducanu/profil/spieler/16032","Centre-Forward","28","Romania","Espanyol","LaLiga","Spain",0,FALSE,NA,"Summer",15,15,1,1307
"FC Vaslui (- 2014)",NA,NA,"2005","Arrivals","Nana Falemi","https://www.transfermarkt.com/nana-falemi/profil/spieler/26060","Centre-Back","31","Cameroon","Ergotelis","Football League","Greece",0,FALSE,NA,"Summer",6,6,0,533
"FC Vaslui (- 2014)",NA,NA,"2005","Arrivals","Ionuț Badea","https://www.transfermarkt.com/ionut-badea/profil/spieler/26033","Defensive Midfield","29","Romania","FC Dinamo","SuperLiga","Romania",0,FALSE,NA,"Summer",28,28,3,2483
"FC Vaslui (- 2014)",NA,NA,"2005","Arrivals","Bogdan Buhus","https://www.transfermarkt.com/bogdan-buhus/profil/spieler/26641","Right-Back","25","Romania","FC U Craiova",NA,"Romania",0,FALSE,NA,"Summer",26,26,0,2340
"FC Vaslui (- 2014)",NA,NA,"2005","Arrivals","Cosmin Bar","https://www.transfermarkt.com/cosmin-bar/profil/spieler/37847","Left-Back","26","Romania","Apulum Alba Iulia",NA,"Romania",0,FALSE,NA,"Summer",NA,NA,NA,NA
"FC Vaslui (- 2014)",NA,NA,"2005","Arrivals","Petar Jovanovic","https://www.transfermarkt.com/petar-jovanovic/profil/spieler/46576","Right-Back","22","Serbia","Sloboda Uzice",NA,"Serbia",0,FALSE,NA,"Summer",26,26,2,1931
"FC Vaslui (- 2014)",NA,NA,"2005","Arrivals","Igor","https://www.transfermarkt.com/igor/profil/spieler/16647","Attacking Midfield","25","Brazil","FC Sheriff",NA,"Moldova",NA,FALSE,"?","Summer",4,4,0,235
"FC Vaslui (- 2014)",NA,NA,"2005","Arrivals","Dan Iurişniţi","https://www.transfermarkt.com/dan-iurisniti/profil/spieler/47497","Defensive Midfield","27","Romania","Alba Iulia",NA,"Romania",NA,FALSE,"?","Summer",8,8,0,464
"FC Vaslui (- 2014)",NA,NA,"2005","Arrivals","George Soltuz","https://www.transfermarkt.com/george-soltuz/profil/spieler/55280","Centre-Back","27","Romania","Poli. Timisoara","SuperLiga","Romania",NA,FALSE,"?","Summer",3,3,0,118
"FC Vaslui (- 2014)",NA,NA,"2005","Arrivals","Cristian Haisan","https://www.transfermarkt.com/cristian-haisan/profil/spieler/46558","Goalkeeper","24","Romania","Rocar",NA,"Romania",NA,FALSE,"?","Summer",8,8,0,655
"FC Vaslui (- 2014)",NA,NA,"2005","Arrivals","Cornel Cornea","https://www.transfermarkt.com/cornel-cornea/profil/spieler/46521","Left Midfield","23","Romania","Gloria Bistrita","SuperLiga","Romania",NA,FALSE,"?","Summer",9,9,0,486
"FC Vaslui (- 2014)",NA,NA,"2005","Arrivals","Adrián Malvarez","https://www.transfermarkt.com/adrian-malvarez/profil/spieler/76711","Centre-Forward","22","Argentina","Envigado",NA,"Colombia",NA,FALSE,"?","Summer",NA,NA,NA,NA
"FC Vaslui (- 2014)",NA,NA,"2005","Arrivals","Dorin Radoi","https://www.transfermarkt.com/dorin-radoi/profil/spieler/283980","Midfielder","28","Romania","Pandurii ","SuperLiga","Romania",NA,FALSE,"?","Summer",NA,NA,NA,NA
"FC Vaslui (- 2014)",NA,NA,"2005","Arrivals","Irinel Voicu","https://www.transfermarkt.com/irinel-voicu/profil/spieler/54715","Centre-Back","28","Romania","Poli. Timisoara","SuperLiga","Romania",NA,FALSE,"?","Summer",6,6,0,467
"FC Vaslui (- 2014)",NA,NA,"2005","Arrivals","Dejan Pesic","https://www.transfermarkt.com/dejan-pesic/profil/spieler/66681","Goalkeeper","28","Serbia","FC Brasov",NA,"Romania",NA,FALSE,"?","Summer",5,5,0,425
"FC Vaslui (- 2014)",NA,NA,"2005","Arrivals","Jan Zolna","https://www.transfermarkt.com/jan-zolna/profil/spieler/46685","Goalkeeper","27","Slovakia","Atyrau","Premier Liga","Kazakhstan",NA,FALSE,"?","Summer",NA,NA,NA,NA
"FC Vaslui (- 2014)",NA,NA,"2005","Arrivals","Cătălin Cursaru","https://www.transfermarkt.com/catalin-cursaru/profil/spieler/46530","Centre-Forward","27","Romania","FCM Bacau","SuperLiga","Romania",NA,FALSE,"?","Summer",11,11,0,520
"FC Vaslui (- 2014)",NA,NA,"2005","Arrivals","Ionut Dantes","https://www.transfermarkt.com/ionut-dantes/profil/spieler/64144","Left Midfield","23","Romania","FCM Husi (ext.)",NA,"Romania",NA,FALSE,"?","Summer",2,2,0,48
"FC Vaslui (- 2014)",NA,NA,"2005","Arrivals","Daniel Bălan","https://www.transfermarkt.com/daniel-balan/profil/spieler/26488","Right-Back","25","Romania","FCSB","SuperLiga","Romania",NA,TRUE,"loan transfer","Summer",NA,NA,NA,NA
"FC Vaslui (- 2014)",NA,NA,"2005","Departures","Vasile Ardeleanu","https://www.transfermarkt.com/vasile-ardeleanu/profil/spieler/885861","Centre-Back","31","Romania","Unknown",NA,NA,0,FALSE,NA,"Summer",NA,NA,NA,NA
"FC Vaslui (- 2014)",NA,NA,"2005","Departures","Romulus Ciobanu","https://www.transfermarkt.com/romulus-ciobanu/profil/spieler/300414","Midfielder","28","Romania","Astra Giurgiu",NA,"Romania",NA,FALSE,"?","Summer",NA,NA,NA,NA
"FC Vaslui (- 2014)",NA,NA,"2005","Departures","Cristian Ciubotariu","https://www.transfermarkt.com/cristian-ciubotariu/profil/spieler/46519","Left Winger","24","Romania","Unirea Urziceni",NA,"Romania",NA,FALSE,"?","Summer",NA,NA,NA,NA
"FC Vaslui (- 2014)",NA,NA,"2005","Departures","Alin Pînzaru","https://www.transfermarkt.com/alin-pinzaru/profil/spieler/212831","Right Midfield","29","Romania","Zimbru Chisinau",NA,"Moldova",NA,FALSE,"?","Summer",NA,NA,NA,NA
"FC Vaslui (- 2014)",NA,NA,"2005","Departures","Dragos Boboc","https://www.transfermarkt.com/dragos-boboc/profil/spieler/213904","Left Midfield","23","Romania","Unknown",NA,NA,NA,FALSE,"?","Summer",NA,NA,NA,NA
"FC Vaslui (- 2014)",NA,NA,"2005","Departures","Gideon Ejibetimi","https://www.transfermarkt.com/gideon-ejibetimi/profil/spieler/324673","Striker","23","Nigeria","ACSM Reșița",NA,"Romania",NA,FALSE,"?","Summer",NA,NA,NA,NA
"FC Vaslui (- 2014)",NA,NA,"2005","Departures","Valentin Stancu","https://www.transfermarkt.com/valentin-stancu/profil/spieler/325981","Defender","21","Romania","Minerul Lupeni",NA,"Romania",NA,FALSE,"?","Summer",NA,NA,NA,NA
"FC Vaslui (- 2014)",NA,NA,"2005","Departures","Horatiu Popa","https://www.transfermarkt.com/horatiu-popa/profil/spieler/46628","Centre-Back","22","Romania","Minerul Lupeni",NA,"Romania",NA,TRUE,"loan transfer","Summer",NA,NA,NA,NA
"FC Vaslui (- 2014)",NA,NA,"2005","Arrivals","Adrian Mihalcea","https://www.transfermarkt.com/adrian-mihalcea/profil/spieler/21869","Centre-Forward","29","Romania","Jeonnam Dragons","K League - 2nd Stage","Korea, South",0,FALSE,NA,"Winter",13,13,1,775
"FC Vaslui (- 2014)",NA,NA,"2005","Arrivals","Darko Maletic","https://www.transfermarkt.com/darko-maletic/profil/spieler/17110","Right Midfield","25","Bosnia-Herzegovina","Zenit S-Pb","Premier Liga","Russia",0,FALSE,NA,"Winter",5,5,0,176
"FC Vaslui (- 2014)",NA,NA,"2005","Arrivals","Yaw Donkor-Oppong","https://www.transfermarkt.com/yaw-donkor-oppong/profil/spieler/8976","Midfielder","25","Germany","SV Meppen","Oberliga Nord","Germany",0,FALSE,NA,"Winter",NA,NA,NA,NA
"FC Vaslui (- 2014)",NA,NA,"2005","Arrivals","Vasile Buhaescu","https://www.transfermarkt.com/vasile-buhaescu/profil/spieler/48775","Centre-Forward","17","Romania","FCM Husi (ext.)",NA,"Romania",0,FALSE,NA,"Winter",15,15,0,389
"FC Vaslui (- 2014)",NA,NA,"2005","Arrivals","Milorad Bukvic","https://www.transfermarkt.com/milorad-bukvic/profil/spieler/34419","Centre-Forward","29","Serbia","FC Petrzalka","Niké Liga","Slovakia",NA,FALSE,"?","Winter",15,15,3,1013
"FC Vaslui (- 2014)",NA,NA,"2005","Arrivals","Marius Croitoru","https://www.transfermarkt.com/marius-croitoru/profil/spieler/46526","Right Winger","25","Romania","FCM Bacau","SuperLiga","Romania",NA,FALSE,"?","Winter",14,14,2,1188
"FC Vaslui (- 2014)",NA,NA,"2005","Arrivals","Tudorel Stanciu","https://www.transfermarkt.com/tudorel-stanciu/profil/spieler/46657","Defensive Midfield","25","Romania","Poli Iasi","SuperLiga","Romania",NA,FALSE,"?","Winter",4,4,0,127
"FC Vaslui (- 2014)",NA,NA,"2005","Arrivals","Gheorghe Nicolae","https://www.transfermarkt.com/gheorghe-nicolae/profil/spieler/64206","Centre-Back","29","Romania","Bnei Sakhnin","Ligat ha'Al","Israel",NA,FALSE,"?","Winter",10,10,0,390
"FC Vaslui (- 2014)",NA,NA,"2005","Arrivals","Vladislav Lungu","https://www.transfermarkt.com/vladislav-lungu/profil/spieler/26118","Central Midfield","28","Moldova","Spartak V.",NA,"Russia",NA,FALSE,"?","Winter",3,3,0,265
"FC Vaslui (- 2014)",NA,NA,"2005","Arrivals","Aleksandar Madzar","https://www.transfermarkt.com/aleksandar-madzar/profil/spieler/146474","Midfielder","27","Montenegro","Vozdovac","Super liga Srbije","Serbia",NA,FALSE,"?","Winter",NA,NA,NA,NA
"FC Vaslui (- 2014)",NA,NA,"2005","Arrivals","Sebastian Sfarlea","https://www.transfermarkt.com/sebastian-sfarlea/profil/spieler/47502","Left Midfield","24","Romania","Bihor Oradea",NA,"Romania",NA,FALSE,"?","Winter",12,12,1,1053
"FC Vaslui (- 2014)",NA,NA,"2005","Arrivals","Sebastian Hutan","https://www.transfermarkt.com/sebastian-hutan/profil/spieler/48852","Goalkeeper","22","Romania","FC Sheriff",NA,"Moldova",NA,TRUE,"loan transfer","Winter",15,15,0,1350
"FC Vaslui (- 2014)",NA,NA,"2005","Departures","Nana Falemi","https://www.transfermarkt.com/nana-falemi/profil/spieler/26060","Centre-Back","31","Cameroon","Volyn Lutsk","Premier Liga","Ukraine",10000,FALSE,NA,"Winter",6,6,0,533
"FC Vaslui (- 2014)",NA,NA,"2005","Departures","Gabriel Kajcsa","https://www.transfermarkt.com/gabriel-kajcsa/profil/spieler/64178","Goalkeeper","31","Romania","Forex Brasov",NA,"Romania",NA,FALSE,"?","Winter",3,3,0,270
"FC Vaslui (- 2014)",NA,NA,"2005","Departures","George Soltuz","https://www.transfermarkt.com/george-soltuz/profil/spieler/55280","Centre-Back","28","Romania","Jiul Petrosani","SuperLiga","Romania",NA,FALSE,"?","Winter",3,3,0,118
"FC Vaslui (- 2014)",NA,NA,"2005","Departures","Dan Iurişniţi","https://www.transfermarkt.com/dan-iurisniti/profil/spieler/47497","Defensive Midfield","27","Romania","Poli Iasi","SuperLiga","Romania",NA,FALSE,"?","Winter",8,8,0,464
"FC Vaslui (- 2014)",NA,NA,"2005","Departures","Adrián Malvarez","https://www.transfermarkt.com/adrian-malvarez/profil/spieler/76711","Centre-Forward","22","Argentina","Cerrito",NA,"Uruguay",NA,FALSE,"?","Winter",NA,NA,NA,NA
"FC Vaslui (- 2014)",NA,NA,"2005","Departures","Tihamer Török","https://www.transfermarkt.com/tihamer-torok/profil/spieler/282264","Striker","29","Romania","Minerul Lupeni",NA,"Romania",NA,FALSE,"?","Winter",12,11,0,518
"FC Vaslui (- 2014)",NA,NA,"2005","Departures","Irinel Voicu","https://www.transfermarkt.com/irinel-voicu/profil/spieler/54715","Centre-Back","28","Romania","Unirea Urziceni",NA,"Romania",NA,FALSE,"?","Winter",6,6,0,467
"FC Vaslui (- 2014)",NA,NA,"2005","Departures","Sorin Ungurianu","https://www.transfermarkt.com/sorin-ungurianu/profil/spieler/46670","Left Midfield","20","Romania","Ceahlaul",NA,"Romania",NA,FALSE,"?","Winter",4,4,0,174
"Progresul Bucharest (- 2009)",NA,NA,"2005","Arrivals","Florin Prunea","https://www.transfermarkt.com/florin-prunea/profil/spieler/20658","Goalkeeper","36","Romania","AO Xanthi","Super League 1","Greece",0,FALSE,NA,"Summer",4,4,0,360
"Progresul Bucharest (- 2009)",NA,NA,"2005","Arrivals","Zeno Bundea","https://www.transfermarkt.com/zeno-bundea/profil/spieler/1395","Attacking Midfield","27","Romania","FC U Craiova",NA,"Romania",0,FALSE,NA,"Summer",30,29,2,2063
"Progresul Bucharest (- 2009)",NA,NA,"2005","Arrivals","Mihnea Ivan","https://www.transfermarkt.com/mihnea-ivan/profil/spieler/16521","Left Midfield","21","Romania","FC U Craiova",NA,"Romania",0,FALSE,NA,"Summer",NA,NA,NA,NA
"Progresul Bucharest (- 2009)",NA,NA,"2005","Arrivals","Ovidiu Burcă","https://www.transfermarkt.com/ovidiu-burca/profil/spieler/26028","Centre-Back","25","Romania","FC Dinamo","SuperLiga","Romania",0,FALSE,NA,"Summer",23,23,1,1902
"Progresul Bucharest (- 2009)",NA,NA,"2005","Arrivals","Iulian Tameș","https://www.transfermarkt.com/iulian-tames/profil/spieler/26052","Central Midfield","26","Romania","Spartak V.","Premier Liga","Russia",0,FALSE,NA,"Summer",11,11,1,618
"Progresul Bucharest (- 2009)",NA,NA,"2005","Arrivals","Flavius Bad","https://www.transfermarkt.com/flavius-bad/profil/spieler/46496","Centre-Forward","22","Romania","Poli. Timisoara","SuperLiga","Romania",0,FALSE,NA,"Summer",9,9,0,354
"Progresul Bucharest (- 2009)",NA,NA,"2005","Arrivals","Ducu Ninu","https://www.transfermarkt.com/ducu-ninu/profil/spieler/42788","Centre-Back","18","Romania","Unknown",NA,NA,0,FALSE,NA,"Summer",5,4,0,315
"Progresul Bucharest (- 2009)",NA,NA,"2005","Arrivals","Radu Sardescu","https://www.transfermarkt.com/radu-sardescu/profil/spieler/97521","Goalkeeper","23","Romania","FC Rapid 1923","SuperLiga","Romania",NA,FALSE,"?","Summer",NA,NA,NA,NA
"Progresul Bucharest (- 2009)",NA,NA,"2005","Arrivals","Ciprian Mozacu","https://www.transfermarkt.com/ciprian-mozacu/profil/spieler/42784","Central Midfield","28","Romania","Otelul Galati","SuperLiga","Romania",NA,FALSE,"?","Summer",15,15,0,1150
"Progresul Bucharest (- 2009)",NA,NA,"2005","Arrivals","Adrian Campeanu","https://www.transfermarkt.com/adrian-campeanu/profil/spieler/213708","Centre-Forward","25","Romania","CSM Moinesti",NA,"Romania",NA,FALSE,"?","Summer",NA,NA,NA,NA
"Progresul Bucharest (- 2009)",NA,NA,"2005","Arrivals","Ersin Mehmedovic","https://www.transfermarkt.com/ersin-mehmedovic/profil/spieler/15539","Centre-Back","24","Serbia","Poli. Timisoara","SuperLiga","Romania",NA,TRUE,"loan transfer","Summer",25,25,0,2169
"Progresul Bucharest (- 2009)",NA,NA,"2005","Arrivals","Mircea Oprea","https://www.transfermarkt.com/mircea-oprea/profil/spieler/42789","Second Striker","25","Romania","Poli. Timisoara","SuperLiga","Romania",NA,TRUE,"loan transfer","Summer",27,27,3,1901
"Progresul Bucharest (- 2009)",NA,NA,"2005","Departures","Jonny McKain","https://www.transfermarkt.com/jonny-mckain/profil/spieler/25935","Centre-Back","22","Australia","Poli. Timisoara","SuperLiga","Romania",5e+05,FALSE,NA,"Summer",NA,NA,NA,NA
"Progresul Bucharest (- 2009)",NA,NA,"2005","Departures","Flavius Moldovan","https://www.transfermarkt.com/flavius-moldovan/profil/spieler/35432","Centre-Back","28","Romania","FC Rapid 1923","SuperLiga","Romania",250000,FALSE,NA,"Summer",NA,NA,NA,NA
"Progresul Bucharest (- 2009)",NA,NA,"2005","Departures","Răzvan Pleșca","https://www.transfermarkt.com/razvan-plesca/profil/spieler/25940","Goalkeeper","22","Romania","Poli Iasi","SuperLiga","Romania",2e+05,FALSE,NA,"Summer",NA,NA,NA,NA
"Progresul Bucharest (- 2009)",NA,NA,"2005","Departures","Sergiu Radu","https://www.transfermarkt.com/sergiu-radu/profil/spieler/6161","Centre-Forward","27","Romania","Energie Cottbus","2. Bundesliga","Germany",0,FALSE,NA,"Summer",NA,NA,NA,NA
"Progresul Bucharest (- 2009)",NA,NA,"2005","Departures","Octavian Chihaia","https://www.transfermarkt.com/octavian-chihaia/profil/spieler/25929","Centre-Forward","24","Romania","FC Dinamo","SuperLiga","Romania",0,FALSE,NA,"Summer",13,12,1,508
"Progresul Bucharest (- 2009)",NA,NA,"2005","Departures","Adrian Olah","https://www.transfermarkt.com/adrian-olah/profil/spieler/25938","Defensive Midfield","24","Romania","Poli. Timisoara","SuperLiga","Romania",NA,FALSE,"?","Summer",NA,NA,NA,NA
"Progresul Bucharest (- 2009)",NA,NA,"2005","Departures","Cristian Munteanu","https://www.transfermarkt.com/cristian-munteanu/profil/spieler/26032","Goalkeeper","30","Romania","FC Dinamo","SuperLiga","Romania",NA,TRUE,"End of loan Jun 30, 2005","Summer",NA,NA,NA,NA
"Progresul Bucharest (- 2009)",NA,NA,"2005","Departures","Vlad Munteanu","https://www.transfermarkt.com/vlad-munteanu/profil/spieler/26041","Left Midfield","24","Romania","FC Dinamo","SuperLiga","Romania",NA,TRUE,"End of loan Jun 30, 2005","Summer",NA,NA,NA,NA
"Progresul Bucharest (- 2009)",NA,NA,"2005","Departures","Ionut Rada","https://www.transfermarkt.com/ionut-rada/profil/spieler/34506","Centre-Back","22","Romania","FC Rapid 1923","SuperLiga","Romania",NA,TRUE,"End of loan Jun 30, 2005","Summer",NA,NA,NA,NA
"Progresul Bucharest (- 2009)",NA,NA,"2005","Arrivals","Alin Marcu","https://www.transfermarkt.com/alin-marcu/profil/spieler/42778","Right-Back","18","Romania","Sp. Pitesti",NA,"Romania",0,FALSE,NA,"Winter",7,6,0,396
"Progresul Bucharest (- 2009)",NA,NA,"2005","Arrivals","Rajko Stankovic","https://www.transfermarkt.com/rajko-stankovic/profil/spieler/109270","Centre-Forward","19","Serbia","Hajduk 1912","Super liga Srbije","Serbia",NA,FALSE,"?","Winter",2,2,0,35
"Progresul Bucharest (- 2009)",NA,NA,"2005","Arrivals","Radoie Milenovici","https://www.transfermarkt.com/radoie-milenovici/profil/spieler/46595","Goalkeeper","18","Romania","Unknown",NA,NA,NA,FALSE,"?","Winter",NA,NA,NA,NA
"Progresul Bucharest (- 2009)",NA,NA,"2005","Departures","Elías Bazzi","https://www.transfermarkt.com/elias-bazzi/profil/spieler/46502","Left-Back","24","Argentina","FC Arges","SuperLiga","Romania",4e+05,FALSE,NA,"Winter",4,4,0,278
"Progresul Bucharest (- 2009)",NA,NA,"2005","Departures","Alin Stoica","https://www.transfermarkt.com/alin-stoica/profil/spieler/9669","Attacking Midfield","26","Romania","Poli. Timisoara","SuperLiga","Romania",0,FALSE,NA,"Winter",NA,NA,NA,NA
"Progresul Bucharest (- 2009)",NA,NA,"2005","Departures","Flavius Bad","https://www.transfermarkt.com/flavius-bad/profil/spieler/46496","Centre-Forward","22","Romania","UTA Arad",NA,"Romania",0,FALSE,NA,"Winter",9,9,0,354
"Progresul Bucharest (- 2009)",NA,NA,"2005","Departures","Catalin Lita","https://www.transfermarkt.com/catalin-lita/profil/spieler/208626","Attacking Midfield","30","Romania","Khazar Lankaran",NA,"Azerbaijan",NA,FALSE,"?","Winter",10,10,0,839
"Progresul Bucharest (- 2009)",NA,NA,"2005","Departures","Ionuţ Savu","https://www.transfermarkt.com/ionut-savu/profil/spieler/64076","Centre-Forward","28","Romania","Khazar Lankaran",NA,"Azerbaijan",NA,FALSE,"?","Winter",12,12,5,992
"SC Otelul Galati","SuperLiga","Romania","2005","Arrivals","Rares Oprea","https://www.transfermarkt.com/rares-oprea/profil/spieler/283975","Centre-Forward","20","Romania","Apulum Alba Iulia",NA,"Romania",0,FALSE,NA,"Summer",9,9,0,346
"SC Otelul Galati","SuperLiga","Romania","2005","Arrivals","John Valencia","https://www.transfermarkt.com/john-valencia/profil/spieler/77096","Centre-Back","23","Colombia","Indep. Medellín",NA,"Colombia",NA,FALSE,"?","Summer",4,4,0,206
"SC Otelul Galati","SuperLiga","Romania","2005","Arrivals","Paul Somodean","https://www.transfermarkt.com/paul-somodean/profil/spieler/200623","Centre-Back","21","Romania","Gloria Bistrita","SuperLiga","Romania",NA,FALSE,"?","Summer",12,12,0,605
"SC Otelul Galati","SuperLiga","Romania","2005","Arrivals","Dănuț Șomcherechi","https://www.transfermarkt.com/danut-somcherechi/profil/spieler/64077","Centre-Back","32","Romania","FC Arges","SuperLiga","Romania",NA,FALSE,"?","Summer",9,9,0,810
"SC Otelul Galati","SuperLiga","Romania","2005","Arrivals","Aurelian Dumitru","https://www.transfermarkt.com/aurelian-dumitru/profil/spieler/299850","Defender","29","Romania","Apulum Alba Iulia",NA,"Romania",NA,FALSE,"?","Summer",3,3,0,202
"SC Otelul Galati","SuperLiga","Romania","2005","Arrivals","Cornel Dobre","https://www.transfermarkt.com/cornel-dobre/profil/spieler/48831","Right-Back","29","Romania","FC Arges","SuperLiga","Romania",NA,FALSE,"?","Summer",5,5,0,326
"SC Otelul Galati","SuperLiga","Romania","2005","Arrivals","Davi Rancan","https://www.transfermarkt.com/davi-rancan/profil/spieler/110313","Centre-Back","23","Brazil","Inter Limeira",NA,"Brazil",NA,FALSE,"?","Summer",5,5,0,198
"SC Otelul Galati","SuperLiga","Romania","2005","Arrivals","Marian Cârjă","https://www.transfermarkt.com/marian-carja/profil/spieler/48658","Right-Back","18","Romania","Otelul Galati U19",NA,"Romania",NA,FALSE,"-","Summer",NA,NA,NA,NA
"SC Otelul Galati","SuperLiga","Romania","2005","Arrivals","Silviu Ilie","https://www.transfermarkt.com/silviu-ilie/profil/spieler/53362","Left Midfield","17","Romania","Otelul Galati U19",NA,"Romania",NA,FALSE,"-","Summer",1,1,0,5
"SC Otelul Galati","SuperLiga","Romania","2005","Departures","Cornel Cernea","https://www.transfermarkt.com/cornel-cernea/profil/spieler/34934","Goalkeeper","29","Romania","FCSB","SuperLiga","Romania",150000,FALSE,NA,"Summer",NA,NA,NA,NA
"SC Otelul Galati","SuperLiga","Romania","2005","Departures","Victoras Iacob","https://www.transfermarkt.com/victoras-iacob/profil/spieler/34757","Centre-Forward","24","Romania","FCSB","SuperLiga","Romania",150000,FALSE,NA,"Summer",NA,NA,NA,NA
"SC Otelul Galati","SuperLiga","Romania","2005","Departures","Mikhael Jaimez-Ruiz","https://www.transfermarkt.com/mikhael-jaimez-ruiz/profil/spieler/48145","Goalkeeper","20","Venezuela","FC Arges","SuperLiga","Romania",0,FALSE,NA,"Summer",NA,NA,NA,NA
"SC Otelul Galati","SuperLiga","Romania","2005","Departures","Ştefan Nanu","https://www.transfermarkt.com/stefan-nanu/profil/spieler/4420","Left-Back","36","Romania","Poiana Campina",NA,"Romania",0,FALSE,NA,"Summer",NA,NA,NA,NA
"SC Otelul Galati","SuperLiga","Romania","2005","Departures","Gheorghe Rohat","https://www.transfermarkt.com/gheorghe-rohat/profil/spieler/48896","Centre-Back","30","Romania","FC Arges","SuperLiga","Romania",NA,FALSE,"?","Summer",NA,NA,NA,NA
"SC Otelul Galati","SuperLiga","Romania","2005","Departures","Decebal Gheara","https://www.transfermarkt.com/decebal-gheara/profil/spieler/46549","Centre-Back","26","Romania","Panachaiki","Football League","Greece",NA,FALSE,"?","Summer",NA,NA,NA,NA
"SC Otelul Galati","SuperLiga","Romania","2005","Departures","Cristian Negru","https://www.transfermarkt.com/cristian-negru/profil/spieler/304719","Centre-Forward","29","Romania","Hassania",NA,"Morocco",NA,FALSE,"?","Summer",NA,NA,NA,NA
"SC Otelul Galati","SuperLiga","Romania","2005","Departures","Ciprian Mozacu","https://www.transfermarkt.com/ciprian-mozacu/profil/spieler/42784","Central Midfield","28","Romania","Progresul","SuperLiga","Romania",NA,FALSE,"?","Summer",NA,NA,NA,NA
"SC Otelul Galati","SuperLiga","Romania","2005","Departures","Valentin Bors","https://www.transfermarkt.com/valentin-bors/profil/spieler/47400","Goalkeeper","21","Romania","FC Botosani",NA,"Romania",NA,FALSE,"?","Summer",NA,NA,NA,NA
"SC Otelul Galati","SuperLiga","Romania","2005","Departures","Alexandru Tudose","https://www.transfermarkt.com/alexandru-tudose/profil/spieler/34941","Centre-Back","18","Romania","FCSB","SuperLiga","Romania",NA,FALSE,"?","Summer",NA,NA,NA,NA
"SC Otelul Galati","SuperLiga","Romania","2005","Departures","Leonard Nemtanu","https://www.transfermarkt.com/leonard-nemtanu/profil/spieler/173051","Defender","31","Romania",NA,NA,NA,NA,FALSE,"-","Summer",NA,NA,NA,NA
"SC Otelul Galati","SuperLiga","Romania","2005","Departures","Aurel Călin","https://www.transfermarkt.com/aurel-calin/profil/spieler/173048","Attacking Midfield","31","Romania","Montecchio FC",NA,"Italy",NA,FALSE,"-","Summer",NA,NA,NA,NA
"SC Otelul Galati","SuperLiga","Romania","2005","Departures","Georgel Toporan","https://www.transfermarkt.com/georgel-toporan/profil/spieler/304714","Left-Back","26","Romania",NA,NA,NA,NA,FALSE,"-","Summer",NA,NA,NA,NA
"SC Otelul Galati","SuperLiga","Romania","2005","Arrivals","Sergiu Brujan","https://www.transfermarkt.com/sergiu-brujan/profil/spieler/47404","Right-Back","29","Romania","FC Brasov",NA,"Romania",60000,FALSE,NA,"Winter",13,13,1,796
"SC Otelul Galati","SuperLiga","Romania","2005","Arrivals","Sergiu Costin","https://www.transfermarkt.com/sergiu-costin/profil/spieler/47409","Centre-Back","27","Romania","Gloria Bistrita","SuperLiga","Romania",50000,FALSE,NA,"Winter",14,14,0,1260
"SC Otelul Galati","SuperLiga","Romania","2005","Arrivals","Cosmin Vâtcă","https://www.transfermarkt.com/cosmin-vatca/profil/spieler/47477","Goalkeeper","23","Romania","Bihor Oradea",NA,"Romania",12000,FALSE,NA,"Winter",15,15,0,1350
"SC Otelul Galati","SuperLiga","Romania","2005","Arrivals","Marius Baciu","https://www.transfermarkt.com/marius-baciu/profil/spieler/13840","Centre-Back","30","Romania","Panserraikos","Football League","Greece",0,FALSE,NA,"Winter",15,15,0,1350
"SC Otelul Galati","SuperLiga","Romania","2005","Arrivals","Bogdan Stelea","https://www.transfermarkt.com/bogdan-stelea/profil/spieler/32185","Goalkeeper","38","Romania","Akratitos","Super League 1","Greece",0,FALSE,NA,"Winter",NA,NA,NA,NA
"SC Otelul Galati","SuperLiga","Romania","2005","Arrivals","Marius Iorga","https://www.transfermarkt.com/marius-iorga/profil/spieler/212808","Goalkeeper","25","Romania","Dinamo II",NA,"Romania",0,FALSE,NA,"Winter",NA,NA,NA,NA
"SC Otelul Galati","SuperLiga","Romania","2005","Arrivals","Salif Nogo","https://www.transfermarkt.com/salif-nogo/profil/spieler/47450","Centre-Back","20","Burkina Faso","US Ouagadougou",NA,"Burkina Faso",0,FALSE,NA,"Winter",9,9,0,779
"SC Otelul Galati","SuperLiga","Romania","2005","Arrivals","Dorin Semeghin","https://www.transfermarkt.com/dorin-semeghin/profil/spieler/26044","Left-Back","26","Romania","H. Petah Tikva","Ligat ha'Al","Israel",NA,FALSE,"?","Winter",13,13,1,1170
"SC Otelul Galati","SuperLiga","Romania","2005","Arrivals","Daniel Stan","https://www.transfermarkt.com/daniel-stan/profil/spieler/47469","Left Winger","27","Romania","Bihor Oradea",NA,"Romania",NA,FALSE,"?","Winter",12,12,7,960
"SC Otelul Galati","SuperLiga","Romania","2005","Arrivals","Gabriel Paraschiv","https://www.transfermarkt.com/gabriel-paraschiv/profil/spieler/47454","Attacking Midfield","27","Romania","Petrolul",NA,"Romania",NA,FALSE,"?","Winter",15,15,3,1304
"SC Otelul Galati","SuperLiga","Romania","2005","Arrivals","Gabriel Apetri","https://www.transfermarkt.com/gabriel-apetri/profil/spieler/48811","Striker","24","Romania","FC U Craiova",NA,"Romania",NA,TRUE,"loan transfer","Winter",3,3,0,44
"SC Otelul Galati","SuperLiga","Romania","2005","Arrivals","Alexandru Baltoi","https://www.transfermarkt.com/alexandru-baltoi/profil/spieler/26045","Centre-Forward","23","Romania","FC Dinamo","SuperLiga","Romania",NA,TRUE,"loan transfer","Winter",11,11,6,990
"SC Otelul Galati","SuperLiga","Romania","2005","Arrivals","Iulian Apostol","https://www.transfermarkt.com/iulian-apostol/profil/spieler/46489","Central Midfield","25","Romania","Farul Constanta","SuperLiga","Romania",NA,TRUE,"loan transfer","Winter",10,10,0,646
"SC Otelul Galati","SuperLiga","Romania","2005","Departures","Silviu Izvoranu","https://www.transfermarkt.com/silviu-izvoranu/profil/spieler/47165","Centre-Back","23","Romania","Poli. Timisoara","SuperLiga","Romania",370000,FALSE,NA,"Winter",14,14,0,1209
"SC Otelul Galati","SuperLiga","Romania","2005","Departures","Danut Oprea","https://www.transfermarkt.com/danut-oprea/profil/spieler/64214","Centre-Forward","33","Romania","Dunarea Galati",NA,"Romania",NA,FALSE,"?","Winter",6,6,0,254
"SC Otelul Galati","SuperLiga","Romania","2005","Departures","Marian Zeciu","https://www.transfermarkt.com/marian-zeciu/profil/spieler/46683","Centre-Back","28","Armenia","FC Rapid 1923","SuperLiga","Romania",NA,FALSE,"?","Winter",15,15,0,1317
"SC Otelul Galati","SuperLiga","Romania","2005","Departures","Sergiu Ghidarcea","https://www.transfermarkt.com/sergiu-ghidarcea/profil/spieler/282238","Centre-Back","27","Romania","Poiana Campina",NA,"Romania",NA,FALSE,"?","Winter",9,9,1,613
"SC Otelul Galati","SuperLiga","Romania","2005","Departures","John Valencia","https://www.transfermarkt.com/john-valencia/profil/spieler/77096","Centre-Back","23","Colombia","Indep. Medellín",NA,"Colombia",NA,FALSE,"?","Winter",4,4,0,206
"SC Otelul Galati","SuperLiga","Romania","2005","Departures","Andrei Urai","https://www.transfermarkt.com/andrei-urai/profil/spieler/233350","Goalkeeper","30","Romania","Minerul Lupeni",NA,"Romania",NA,FALSE,"?","Winter",11,10,0,900
"SC Otelul Galati","SuperLiga","Romania","2005","Departures","Cornel Dobre","https://www.transfermarkt.com/cornel-dobre/profil/spieler/48831","Right-Back","30","Romania","FC Arges","SuperLiga","Romania",NA,FALSE,"?","Winter",5,5,0,326
"SC Otelul Galati","SuperLiga","Romania","2005","Departures","Marian Alexandru","https://www.transfermarkt.com/marian-alexandru/profil/spieler/46488","Striker","28","Romania","Petrolul",NA,"Romania",NA,FALSE,"?","Winter",6,6,0,136
"SC Otelul Galati","SuperLiga","Romania","2005","Departures","Daniel Munteanu","https://www.transfermarkt.com/daniel-munteanu/profil/spieler/48879","Centre-Back","27","Romania","Khazar Lankaran",NA,"Azerbaijan",NA,FALSE,"?","Winter",13,13,1,1111
"SC Otelul Galati","SuperLiga","Romania","2005","Departures","Dan Balauru","https://www.transfermarkt.com/dan-balauru/profil/spieler/55297","Right Midfield","25","Romania","FCM Bacau","SuperLiga","Romania",NA,FALSE,"?","Winter",7,7,1,530
"SC Otelul Galati","SuperLiga","Romania","2005","Departures","Silviu Ilie","https://www.transfermarkt.com/silviu-ilie/profil/spieler/53362","Left Midfield","17","Romania","Dunarea Galati",NA,"Romania",NA,TRUE,"loan transfer","Winter",1,1,0,5
"CFR Cluj","SuperLiga","Romania","2005","Arrivals","Romeo Surdu","https://www.transfermarkt.com/romeo-surdu/profil/spieler/43378","Left Winger","21","Romania","FC Brasov",NA,"Romania",450000,FALSE,NA,"Summer",22,22,6,1438
"CFR Cluj","SuperLiga","Romania","2005","Arrivals","Casian Miclăuş","https://www.transfermarkt.com/casian-miclaus/profil/spieler/43338","Left-Back","27","Romania","FC Brasov",NA,"Romania",130000,FALSE,NA,"Summer",27,27,0,2354
"CFR Cluj","SuperLiga","Romania","2005","Arrivals","Ciprian Deac","https://www.transfermarkt.com/ciprian-deac/profil/spieler/43300","Right Winger","19","Romania","Unirea Dej",NA,"Romania",50000,FALSE,NA,"Summer",NA,NA,NA,NA
"CFR Cluj","SuperLiga","Romania","2005","Arrivals","Dorinel Munteanu","https://www.transfermarkt.com/dorinel-munteanu/profil/spieler/666","Central Midfield","37","Romania","FCSB","SuperLiga","Romania",0,FALSE,NA,"Summer",28,28,1,2112
"CFR Cluj","SuperLiga","Romania","2005","Arrivals","Cristian Coroian","https://www.transfermarkt.com/cristian-coroian/profil/spieler/43291","Centre-Forward","32","Romania","Gloria Bistrita","SuperLiga","Romania",0,FALSE,NA,"Summer",35,35,8,2492
"CFR Cluj","SuperLiga","Romania","2005","Arrivals","Martin Tudor","https://www.transfermarkt.com/martin-tudor/profil/spieler/26507","Goalkeeper","29","Romania","FCSB","SuperLiga","Romania",NA,FALSE,"?","Summer",18,18,0,1620
"CFR Cluj","SuperLiga","Romania","2005","Arrivals","Alin Minteuan","https://www.transfermarkt.com/alin-minteuan/profil/spieler/43341","Right Midfield","28","Romania","H. Beer Sheva",NA,"Israel",NA,FALSE,"?","Summer",33,33,4,2750
"CFR Cluj","SuperLiga","Romania","2005","Arrivals","László Balint","https://www.transfermarkt.com/laszlo-balint/profil/spieler/43278","Centre-Back","26","Romania","FC Brasov",NA,"Romania",NA,FALSE,"?","Summer",19,17,0,1256
"CFR Cluj","SuperLiga","Romania","2005","Arrivals","Dorin Tuturas","https://www.transfermarkt.com/dorin-tuturas/profil/spieler/369390","Left Midfield","23","Romania","Olimpia SM",NA,"Romania",NA,TRUE,"End of loan Jun 30, 2005","Summer",NA,NA,NA,NA
"CFR Cluj","SuperLiga","Romania","2005","Departures","Sabin Paglisan","https://www.transfermarkt.com/sabin-paglisan/profil/spieler/282255","Goalkeeper","33","Romania","Gloria Bistrita","SuperLiga","Romania",NA,FALSE,"?","Summer",NA,NA,NA,NA
"CFR Cluj","SuperLiga","Romania","2005","Departures","Laur Marian Astilean","https://www.transfermarkt.com/laur-marian-astilean/profil/spieler/46492","Centre-Back","31","Romania","Gloria Bistrita","SuperLiga","Romania",NA,FALSE,"?","Summer",3,3,0,162
"CFR Cluj","SuperLiga","Romania","2005","Departures","Marius Vintila","https://www.transfermarkt.com/marius-vintila/profil/spieler/98778","Attacking Midfield","23","Romania","Tiligul-Tiras",NA,"Moldova",NA,FALSE,"?","Summer",4,1,0,1
"CFR Cluj","SuperLiga","Romania","2005","Departures","Slavco Georgievski","https://www.transfermarkt.com/slavco-georgievski/profil/spieler/62368","Central Midfield","25","North Macedonia","Cementarnica Skopje",NA,"North Macedonia",NA,FALSE,"?","Summer",NA,NA,NA,NA
"CFR Cluj","SuperLiga","Romania","2005","Departures","Andrei Boroștean","https://www.transfermarkt.com/andrei-borostean/profil/spieler/131246","Left Midfield","18","Romania","Unirea Dej",NA,"Romania",NA,FALSE,"?","Summer",NA,NA,NA,NA
"CFR Cluj","SuperLiga","Romania","2005","Departures","Dorin Tuturas","https://www.transfermarkt.com/dorin-tuturas/profil/spieler/369390","Left Midfield","23","Romania","Unirea Dej",NA,"Romania",NA,TRUE,"loan transfer","Summer",NA,NA,NA,NA
"CFR Cluj","SuperLiga","Romania","2005","Departures","Daniel Baston","https://www.transfermarkt.com/daniel-baston/profil/spieler/944499","Striker","32","Romania",NA,NA,NA,NA,FALSE,"-","Summer",NA,NA,NA,NA
"CFR Cluj","SuperLiga","Romania","2005","Departures","Vitaliy Balytskyi","https://www.transfermarkt.com/vitaliy-balytskyi/profil/spieler/228630","Centre-Back","26","Ukraine","Without Club",NA,NA,NA,FALSE,"-","Summer",NA,NA,NA,NA
"CFR Cluj","SuperLiga","Romania","2005","Arrivals","Dumitru Mitu","https://www.transfermarkt.com/dumitru-mitu/profil/spieler/20828","Right Midfield","30","Romania","Dinamo Zagreb","SuperSport HNL","Croatia",NA,FALSE,"?","Winter",12,12,1,562
"CFR Cluj","SuperLiga","Romania","2005","Arrivals","Razvan Tarlea","https://www.transfermarkt.com/razvan-tarlea/profil/spieler/43381","Left-Back","26","Romania","U Cluj",NA,"Romania",NA,FALSE,"?","Winter",5,5,0,450
"CFR Cluj","SuperLiga","Romania","2005","Arrivals","Bogdan Cotolan","https://www.transfermarkt.com/bogdan-cotolan/profil/spieler/43292","Right Midfield","24","Romania","Gloria Buzau",NA,"Romania",NA,FALSE,"?","Winter",9,9,0,662
"CFR Cluj","SuperLiga","Romania","2005","Arrivals","Tudor Balmos","https://www.transfermarkt.com/tudor-balmos/profil/spieler/46499","Attacking Midfield","16","Romania","Unirea Dej",NA,"Romania",NA,FALSE,"?","Winter",0,0,0,0
"CFR Cluj","SuperLiga","Romania","2005","Departures","Sead Bruncevic","https://www.transfermarkt.com/sead-bruncevic/profil/spieler/46513","Centre-Forward","28","Serbia","Gloria Bistrita","SuperLiga","Romania",40000,FALSE,NA,"Winter",15,12,1,298
"CFR Cluj","SuperLiga","Romania","2005","Departures","Cosmin Goia","https://www.transfermarkt.com/cosmin-goia/profil/spieler/100531","Centre-Back","23","Romania","Unirea Dej",NA,"Romania",0,FALSE,NA,"Winter",2,2,0,91
"CFR Cluj","SuperLiga","Romania","2005","Departures","Stefan Sorin Oncica","https://www.transfermarkt.com/stefan-sorin-oncica/profil/spieler/172786","Attacking Midfield","32","Romania","Gloria Bistrita","SuperLiga","Romania",NA,FALSE,"?","Winter",17,17,1,782
"CFR Cluj","SuperLiga","Romania","2005","Departures","Cosmin Vasie","https://www.transfermarkt.com/cosmin-vasie/profil/spieler/46671","Left-Back","29","Romania","Unirea Dej",NA,"Romania",NA,FALSE,"?","Winter",10,10,0,540
"CFR Cluj","SuperLiga","Romania","2005","Departures","Djordje Vlajic","https://www.transfermarkt.com/djordje-vlajic/profil/spieler/49992","Attacking Midfield","28","Serbia","FK Obilic","Super liga Srbije","Serbia",NA,FALSE,"?","Winter",3,2,0,59
"Jiul Petrosani",NA,NA,"2005","Arrivals","Claudiu Drăgan","https://www.transfermarkt.com/claudiu-dragan/profil/spieler/26048","Centre-Forward","26","Romania","FC U Craiova",NA,"Romania",0,FALSE,NA,"Summer",23,23,3,1637
"Jiul Petrosani",NA,NA,"2005","Arrivals","Marinica Ionica","https://www.transfermarkt.com/marinica-ionica/profil/spieler/46571","Striker","26","Romania","CSM Focsani",NA,"Romania",0,FALSE,NA,"Summer",12,12,0,561
"Jiul Petrosani",NA,NA,"2005","Arrivals","Ciprian Petre","https://www.transfermarkt.com/ciprian-petre/profil/spieler/46625","Left Winger","24","Romania","Daco-Getica",NA,"Romania",0,FALSE,NA,"Summer",26,26,3,2221
"Jiul Petrosani",NA,NA,"2005","Arrivals","Miroslav Giuchici","https://www.transfermarkt.com/miroslav-giuchici/profil/spieler/292931","Striker","25","Romania","Alba Iulia",NA,"Romania",NA,FALSE,"?","Summer",NA,NA,NA,NA
"Jiul Petrosani",NA,NA,"2005","Arrivals","Daniel Movilă","https://www.transfermarkt.com/daniel-movila/profil/spieler/46599","Striker","33","Romania","Daco-Getica",NA,"Romania",NA,FALSE,"?","Summer",7,7,1,356
"Jiul Petrosani",NA,NA,"2005","Arrivals","Vasile Ciocoi","https://www.transfermarkt.com/vasile-ciocoi/profil/spieler/1184291","Midfielder","29","Romania","Unirea SM",NA,"Romania",NA,FALSE,"?","Summer",NA,NA,NA,NA
"Jiul Petrosani",NA,NA,"2005","Arrivals","Ion Voicu","https://www.transfermarkt.com/ion-voicu/profil/spieler/207902","Left-Back","29","Romania","Fehérvár","NB I.","Hungary",NA,FALSE,"?","Summer",16,16,0,1066
"Jiul Petrosani",NA,NA,"2005","Arrivals","Mircea Gheorghe","https://www.transfermarkt.com/mircea-gheorghe/profil/spieler/46550","Attacking Midfield","23","Romania","CSM Focsani",NA,"Romania",NA,FALSE,"?","Summer",25,25,5,1816
"Jiul Petrosani",NA,NA,"2005","Arrivals","Ciprian Dinu","https://www.transfermarkt.com/ciprian-dinu/profil/spieler/46533","Centre-Back","23","Romania","CSM Focsani",NA,"Romania",NA,FALSE,"?","Summer",18,18,0,1369
"Jiul Petrosani",NA,NA,"2005","Arrivals","Alin Ilin","https://www.transfermarkt.com/alin-ilin/profil/spieler/46568","Right-Back","20","Romania","FC Dinamo","SuperLiga","Romania",NA,FALSE,"?","Summer",23,23,1,1716
"Jiul Petrosani",NA,NA,"2005","Arrivals","Ovidiu Vezan","https://www.transfermarkt.com/ovidiu-vezan/profil/spieler/123283","Attacking Midfield","20","Romania","Unirea SM",NA,"Romania",NA,FALSE,"?","Summer",9,9,0,304
"Jiul Petrosani",NA,NA,"2005","Arrivals","Tudor Șaucă","https://www.transfermarkt.com/tudor-sauca/profil/spieler/1019015","Right Midfield","15","Romania","Jiul P. U19",NA,"Romania",NA,FALSE,"-","Summer",NA,NA,NA,NA
"Jiul Petrosani",NA,NA,"2005","Arrivals","Constantin Draghici","https://www.transfermarkt.com/constantin-draghici/profil/spieler/46537","Central Midfield","25","Romania","Minerul Lupeni",NA,"Romania",NA,TRUE,"End of loan Jun 30, 2005","Summer",7,7,0,341
"Jiul Petrosani",NA,NA,"2005","Departures","Gabriel Apetri","https://www.transfermarkt.com/gabriel-apetri/profil/spieler/48811","Striker","23","Romania","FC U Craiova",NA,"Romania",75000,FALSE,NA,"Summer",NA,NA,NA,NA
"Jiul Petrosani",NA,NA,"2005","Departures","Ion Dumitra","https://www.transfermarkt.com/ion-dumitra/profil/spieler/53296","Central Midfield","29","Romania","FC Sopron","NB I.","Hungary",0,FALSE,NA,"Summer",NA,NA,NA,NA
"Jiul Petrosani",NA,NA,"2005","Departures","Alexandru Iliuciuc","https://www.transfermarkt.com/alexandru-iliuciuc/profil/spieler/232517","Goalkeeper","27","Romania","Gloria Buzau",NA,"Romania",0,FALSE,NA,"Summer",NA,NA,NA,NA
"Jiul Petrosani",NA,NA,"2005","Departures","Razvan Fritea","https://www.transfermarkt.com/razvan-fritea/profil/spieler/48134","Central Midfield","22","Romania","FC U Craiova",NA,"Romania",NA,FALSE,"?","Summer",NA,NA,NA,NA
"Jiul Petrosani",NA,NA,"2005","Departures","Nicolae Iorga","https://www.transfermarkt.com/nicolae-iorga/profil/spieler/232430","Centre-Forward","33","Romania","Minerul Lupeni",NA,"Romania",NA,FALSE,"?","Summer",NA,NA,NA,NA
"Jiul Petrosani",NA,NA,"2005","Departures","Ovidiu Panaitescu","https://www.transfermarkt.com/ovidiu-panaitescu/profil/spieler/46617","Defender","29","Romania","Minerul Lupeni",NA,"Romania",NA,FALSE,"?","Summer",NA,NA,NA,NA
"Jiul Petrosani",NA,NA,"2005","Departures","Cristian Scutaru","https://www.transfermarkt.com/cristian-scutaru/profil/spieler/47181","Centre-Back","18","Romania","Poli. Timisoara","SuperLiga","Romania",NA,FALSE,"?","Summer",NA,NA,NA,NA
"Jiul Petrosani",NA,NA,"2005","Arrivals","Florentin Dumitru","https://www.transfermarkt.com/florentin-dumitru/profil/spieler/26495","Right-Back","28","Romania","FCSB","SuperLiga","Romania",0,FALSE,NA,"Winter",4,4,0,257
"Jiul Petrosani",NA,NA,"2005","Arrivals","Bogdan Miron","https://www.transfermarkt.com/bogdan-miron/profil/spieler/124621","Goalkeeper","23","Romania","Petrolul",NA,"Romania",0,FALSE,NA,"Winter",6,6,0,540
"Jiul Petrosani",NA,NA,"2005","Arrivals","George Soltuz","https://www.transfermarkt.com/george-soltuz/profil/spieler/55280","Centre-Back","28","Romania","FC Vaslui","SuperLiga","Romania",NA,FALSE,"?","Winter",8,8,0,720
"Jiul Petrosani",NA,NA,"2005","Arrivals","Alin Paleacu","https://www.transfermarkt.com/alin-paleacu/profil/spieler/46616","Central Midfield","30","Romania","Poli. Timisoara","SuperLiga","Romania",NA,FALSE,"?","Winter",14,14,5,1260
"Jiul Petrosani",NA,NA,"2005","Arrivals","Laurentiu Dinita","https://www.transfermarkt.com/laurentiu-dinita/profil/spieler/26493","Centre-Forward","30","Romania","FCSB","SuperLiga","Romania",NA,TRUE,"loan transfer","Winter",13,13,3,988
"Jiul Petrosani",NA,NA,"2005","Departures","Ovidiu Istinie","https://www.transfermarkt.com/ovidiu-istinie/profil/spieler/213113","Centre-Forward","23","Romania","Minerul Motru",NA,"Romania",0,FALSE,NA,"Winter",5,5,0,120
"Jiul Petrosani",NA,NA,"2005","Departures","Andrei Tonca","https://www.transfermarkt.com/andrei-tonca/profil/spieler/48911","Goalkeeper","17","Romania","CSM Vulcan",NA,"Romania",0,FALSE,NA,"Winter",NA,NA,NA,NA
"Jiul Petrosani",NA,NA,"2005","Departures","Cătălin Mulțescu","https://www.transfermarkt.com/catalin-multescu/profil/spieler/46600","Goalkeeper","29","Romania","Petrolul",NA,"Romania",NA,FALSE,"?","Winter",10,10,0,831
"Jiul Petrosani",NA,NA,"2005","Departures","Florin Boiciuc","https://www.transfermarkt.com/florin-boiciuc/profil/spieler/283959","Defender","27","Romania","Inter Gaz",NA,"Romania",NA,FALSE,"?","Winter",4,4,0,199
"Jiul Petrosani",NA,NA,"2005","Departures","Mugurel Dedu","https://www.transfermarkt.com/mugurel-dedu/profil/spieler/47874","Attacking Midfield","20","Romania","FC Sacele",NA,"Romania",NA,FALSE,"?","Winter",3,3,0,105
"Jiul Petrosani",NA,NA,"2005","Departures","Claudiu Dumitru","https://www.transfermarkt.com/claudiu-dumitru/profil/spieler/317177","Central Midfield","19","Romania","FC Sacele",NA,"Romania",NA,TRUE,"loan transfer","Winter",1,1,0,18
"Jiul Petrosani",NA,NA,"2005","Departures","Tudor Șaucă","https://www.transfermarkt.com/tudor-sauca/profil/spieler/1019015","Right Midfield","16","Romania","CSM Vulcan",NA,"Romania",NA,TRUE,"loan transfer","Winter",NA,NA,NA,NA
"FC Sportul Studențesc Bucharest",NA,NA,"2005","Arrivals","Norbert Varga","https://www.transfermarkt.com/norbert-varga/profil/spieler/38050","Defensive Midfield","25","Romania","UTA Arad",NA,"Romania",NA,FALSE,"?","Summer",NA,NA,NA,NA
"FC Sportul Studențesc Bucharest",NA,NA,"2005","Departures","Gigel Bucur","https://www.transfermarkt.com/gigel-bucur/profil/spieler/47152","Left Winger","25","Romania","Poli. Timisoara","SuperLiga","Romania",8e+05,FALSE,NA,"Summer",NA,NA,NA,NA
"FC Sportul Studențesc Bucharest",NA,NA,"2005","Departures","Sorin Rădoi","https://www.transfermarkt.com/sorin-radoi/profil/spieler/47180","Right-Back","20","Romania","Poli. Timisoara","SuperLiga","Romania",NA,FALSE,"?","Summer",NA,NA,NA,NA
"FC Sportul Studențesc Bucharest",NA,NA,"2005","Departures","Răzvan Stanca","https://www.transfermarkt.com/razvan-stanca/profil/spieler/46656","Goalkeeper","25","Romania","Farul Constanta","SuperLiga","Romania",NA,FALSE,"?","Summer",NA,NA,NA,NA
"FC Sportul Studențesc Bucharest",NA,NA,"2005","Departures","Lucian Turcu","https://www.transfermarkt.com/lucian-turcu/profil/spieler/54497","Left-Back","18","Romania","CFR Timisoara",NA,"Romania",NA,FALSE,"?","Summer",NA,NA,NA,NA
"FC Sportul Studențesc Bucharest",NA,NA,"2005","Arrivals","Bogdan Cistean","https://www.transfermarkt.com/bogdan-cistean/profil/spieler/64033","Left-Back","19","Romania","Bihor Oradea",NA,"Romania",0,FALSE,NA,"Winter",9,9,0,596
"FC Sportul Studențesc Bucharest",NA,NA,"2005","Arrivals","Costin Gheorghe","https://www.transfermarkt.com/costin-gheorghe/profil/spieler/64165","Right Winger","16","Romania","S. Stud. II",NA,"Romania",NA,FALSE,"-","Winter",2,2,0,46
"FC Sportul Studențesc Bucharest",NA,NA,"2005","Departures","Norbert Varga","https://www.transfermarkt.com/norbert-varga/profil/spieler/38050","Defensive Midfield","25","Romania","Wisla Kraków","Ekstraklasa","Poland",4e+05,FALSE,NA,"Winter",NA,NA,NA,NA
"Farul Constanta (- 2016)",NA,NA,"2005","Arrivals","Bogdan Apostu","https://www.transfermarkt.com/bogdan-apostu/profil/spieler/48812","Centre-Forward","23","Romania","UTA Arad",NA,"Romania",NA,FALSE,"?","Summer",21,21,3,476
"Farul Constanta (- 2016)",NA,NA,"2005","Arrivals","Tibor Moldovan","https://www.transfermarkt.com/tibor-moldovan/profil/spieler/46598","Centre-Forward","23","Romania","FC Dinamo","SuperLiga","Romania",NA,FALSE,"?","Summer",29,29,7,1542
"Farul Constanta (- 2016)",NA,NA,"2005","Arrivals","Răzvan Stanca","https://www.transfermarkt.com/razvan-stanca/profil/spieler/46656","Goalkeeper","25","Romania","Sportul S.","SuperLiga","Romania",NA,FALSE,"?","Summer",4,4,0,360
"Farul Constanta (- 2016)",NA,NA,"2005","Arrivals","Alexandru Mățel","https://www.transfermarkt.com/alexandru-matel/profil/spieler/48767","Right-Back","15","Romania","Farul U19",NA,"Romania",NA,FALSE,"-","Summer",1,1,0,25
"Farul Constanta (- 2016)",NA,NA,"2005","Departures","Radu Doicaru","https://www.transfermarkt.com/radu-doicaru/profil/spieler/46535","Centre-Forward","26","Romania","Ceahlaul",NA,"Romania",0,FALSE,NA,"Summer",NA,NA,NA,NA
"Farul Constanta (- 2016)",NA,NA,"2005","Departures","Sorin Mocanu","https://www.transfermarkt.com/sorin-mocanu/profil/spieler/885964","Defender","24","Romania","Unknown",NA,NA,0,FALSE,NA,"Summer",NA,NA,NA,NA
"Farul Constanta (- 2016)",NA,NA,"2005","Departures","Robert Iacob","https://www.transfermarkt.com/robert-iacob/profil/spieler/213689","Attacking Midfield","24","Romania","Unirea Urziceni",NA,"Romania",NA,FALSE,"?","Summer",NA,NA,NA,NA
"Farul Constanta (- 2016)",NA,NA,"2005","Departures","Raul Unchias","https://www.transfermarkt.com/raul-unchias/profil/spieler/885963","Goalkeeper","29","Romania","Alba Iulia",NA,"Romania",NA,FALSE,"?","Summer",NA,NA,NA,NA
"Farul Constanta (- 2016)",NA,NA,"2005","Departures","Mircea Ștefan","https://www.transfermarkt.com/mircea-stefan/profil/spieler/394502","Centre-Forward","20","Romania","D. Calarasi",NA,"Romania",NA,FALSE,"?","Summer",NA,NA,NA,NA
"Farul Constanta (- 2016)",NA,NA,"2005","Arrivals","Mário Carlos","https://www.transfermarkt.com/mario-carlos/profil/spieler/14239","Right Winger","22","Portugal","Barreirense","Liga Portugal 2","Portugal",NA,FALSE,"?","Winter",6,6,0,169
"Farul Constanta (- 2016)",NA,NA,"2005","Arrivals","Decebal Gheara","https://www.transfermarkt.com/decebal-gheara/profil/spieler/46549","Centre-Back","27","Romania","Panachaiki","Football League","Greece",NA,FALSE,"?","Winter",13,12,0,713
"Farul Constanta (- 2016)",NA,NA,"2005","Arrivals","Ionuț Larie","https://www.transfermarkt.com/ionut-larie/profil/spieler/46582","Centre-Back","18","Romania","Farul U19",NA,"Romania",NA,FALSE,"-","Winter",1,1,0,90
"Farul Constanta (- 2016)",NA,NA,"2005","Departures","Vasilica Cristocea","https://www.transfermarkt.com/vasilica-cristocea/profil/spieler/38295","Left Winger","25","Romania","FCSB","SuperLiga","Romania",350000,FALSE,NA,"Winter",11,11,2,757
"Farul Constanta (- 2016)",NA,NA,"2005","Departures","Mihai Baicu","https://www.transfermarkt.com/mihai-baicu/profil/spieler/282230","Striker","30","Romania","Ceahlaul",NA,"Romania",NA,FALSE,"?","Winter",5,5,0,179
"Farul Constanta (- 2016)",NA,NA,"2005","Departures","Iulian Apostol","https://www.transfermarkt.com/iulian-apostol/profil/spieler/46489","Central Midfield","25","Romania","Otelul Galati","SuperLiga","Romania",NA,TRUE,"loan transfer","Winter",13,13,0,959
"Politehnica Iasi (1945 - 2010)",NA,NA,"2005","Arrivals","Răzvan Pleșca","https://www.transfermarkt.com/razvan-plesca/profil/spieler/25940","Goalkeeper","22","Romania","Progresul","SuperLiga","Romania",2e+05,FALSE,NA,"Summer",2,2,0,111
"Politehnica Iasi (1945 - 2010)",NA,NA,"2005","Arrivals","Traian Marc","https://www.transfermarkt.com/traian-marc/profil/spieler/47490","Goalkeeper","22","Romania","FC Brasov",NA,"Romania",50000,FALSE,NA,"Summer",3,3,0,270
"Politehnica Iasi (1945 - 2010)",NA,NA,"2005","Arrivals","Ciprian Dianu","https://www.transfermarkt.com/ciprian-dianu/profil/spieler/47488","Left-Back","28","Romania","Diósgyőr","NB I.","Hungary",0,FALSE,NA,"Summer",8,8,0,444
"Politehnica Iasi (1945 - 2010)",NA,NA,"2005","Arrivals","Valeriu Bordeanu","https://www.transfermarkt.com/valeriu-bordeanu/profil/spieler/25848","Left-Back","28","Romania","FC U Craiova",NA,"Romania",NA,FALSE,"?","Summer",27,27,0,2413
"Politehnica Iasi (1945 - 2010)",NA,NA,"2005","Arrivals","Sebastián Buniva","https://www.transfermarkt.com/sebastian-buniva/profil/spieler/125391","Left Midfield","21","Argentina","Unión Santa Fe",NA,"Argentina",NA,FALSE,"?","Summer",NA,NA,NA,NA
"Politehnica Iasi (1945 - 2010)",NA,NA,"2005","Arrivals","Bogdan Vrăjitoarea","https://www.transfermarkt.com/bogdan-vrajitoarea/profil/spieler/46680","Centre-Forward","27","Romania","FC Arges","SuperLiga","Romania",NA,FALSE,"?","Summer",12,12,1,315
"Politehnica Iasi (1945 - 2010)",NA,NA,"2005","Arrivals","Otniel Sighiartau","https://www.transfermarkt.com/otniel-sighiartau/profil/spieler/265402","Centre-Forward","20","Romania","Gloria Bistrita","SuperLiga","Romania",NA,TRUE,"loan transfer","Summer",NA,NA,NA,NA
"Politehnica Iasi (1945 - 2010)",NA,NA,"2005","Arrivals","Eduard Radu Ciobanu","https://www.transfermarkt.com/eduard-radu-ciobanu/profil/spieler/47495","Centre-Back","29","Romania","Without Club",NA,NA,NA,FALSE,"-","Summer",17,17,1,1359
"Politehnica Iasi (1945 - 2010)",NA,NA,"2005","Departures","Dorin Arcanu","https://www.transfermarkt.com/dorin-arcanu/profil/spieler/300240","Goalkeeper","35","Romania","Unknown",NA,NA,0,FALSE,NA,"Summer",NA,NA,NA,NA
"Politehnica Iasi (1945 - 2010)",NA,NA,"2005","Departures","Sandu Cernat","https://www.transfermarkt.com/sandu-cernat/profil/spieler/885399","Right Midfield","23","Romania","Unknown",NA,NA,0,FALSE,NA,"Summer",NA,NA,NA,NA
"Politehnica Iasi (1945 - 2010)",NA,NA,"2005","Departures","Adrian Baldovin","https://www.transfermarkt.com/adrian-baldovin/profil/spieler/300242","Right-Back","33","Romania","Astra Giurgiu",NA,"Romania",NA,FALSE,"?","Summer",NA,NA,NA,NA
"Politehnica Iasi (1945 - 2010)",NA,NA,"2005","Departures","Tanase Tinel Petre","https://www.transfermarkt.com/tanase-tinel-petre/profil/spieler/215546","Right-Back","31","Romania","Astra Giurgiu",NA,"Romania",NA,FALSE,"?","Summer",NA,NA,NA,NA
"Politehnica Iasi (1945 - 2010)",NA,NA,"2005","Departures","Nicolás Chiesa","https://www.transfermarkt.com/nicolas-chiesa/profil/spieler/371505","Striker","25","Argentina","Grottaglie",NA,"Italy",NA,FALSE,"?","Summer",NA,NA,NA,NA
"Politehnica Iasi (1945 - 2010)",NA,NA,"2005","Departures","Marian Sandru","https://www.transfermarkt.com/marian-sandru/profil/spieler/64231","Left-Back","23","Romania","FC Brasov",NA,"Romania",NA,FALSE,"?","Summer",NA,NA,NA,NA
"Politehnica Iasi (1945 - 2010)",NA,NA,"2005","Departures","Ionel Pârvu","https://www.transfermarkt.com/ionel-parvu/profil/spieler/99769","Central Midfield","35","Romania","FC Brasov",NA,"Romania",NA,FALSE,"?","Summer",NA,NA,NA,NA
"Politehnica Iasi (1945 - 2010)",NA,NA,"2005","Departures","Clement Palimaru","https://www.transfermarkt.com/clement-palimaru/profil/spieler/47501","Centre-Forward","19","Romania","Cetatea Suceava",NA,"Romania",NA,TRUE,"loan transfer","Summer",5,5,0,138
"Politehnica Iasi (1945 - 2010)",NA,NA,"2005","Arrivals","Martin Cernoch","https://www.transfermarkt.com/martin-cernoch/profil/spieler/34530","Right Winger","28","Czech Republic","Slavia Prague","Chance Liga","Czech Republic",250000,FALSE,NA,"Winter",13,13,3,1087
"Politehnica Iasi (1945 - 2010)",NA,NA,"2005","Arrivals","Dan Iurişniţi","https://www.transfermarkt.com/dan-iurisniti/profil/spieler/47497","Defensive Midfield","27","Romania","FC Vaslui","SuperLiga","Romania",NA,FALSE,"?","Winter",14,14,0,1226
"Politehnica Iasi (1945 - 2010)",NA,NA,"2005","Arrivals","Clement Palimaru","https://www.transfermarkt.com/clement-palimaru/profil/spieler/47501","Centre-Forward","19","Romania","Cetatea Suceava",NA,"Romania",NA,TRUE,"End of loan Dec 31, 2005","Winter",5,5,0,138
"Politehnica Iasi (1945 - 2010)",NA,NA,"2005","Departures","Milos Bogdanovic","https://www.transfermarkt.com/milos-bogdanovic/profil/spieler/72437","Midfielder","28","Serbia","Unirea Urziceni",NA,"Romania",NA,FALSE,"?","Winter",2,2,0,93
"Politehnica Iasi (1945 - 2010)",NA,NA,"2005","Departures","Tudorel Stanciu","https://www.transfermarkt.com/tudorel-stanciu/profil/spieler/46657","Defensive Midfield","25","Romania","FC Vaslui","SuperLiga","Romania",NA,FALSE,"?","Winter",1,1,0,45
"Politehnica Iasi (1945 - 2010)",NA,NA,"2005","Departures","Sebastián Buniva","https://www.transfermarkt.com/sebastian-buniva/profil/spieler/125391","Left Midfield","21","Argentina","Unknown",NA,NA,NA,FALSE,"?","Winter",NA,NA,NA,NA
"Politehnica Iasi (1945 - 2010)",NA,NA,"2005","Departures","Marius Păcurar","https://www.transfermarkt.com/marius-pacurar/profil/spieler/54699","Striker","31","Romania","Corvinul Hd.",NA,"Romania",NA,FALSE,"?","Winter",12,12,1,441
"Politehnica Iasi (1945 - 2010)",NA,NA,"2005","Departures","Bogdan Vrăjitoarea","https://www.transfermarkt.com/bogdan-vrajitoarea/profil/spieler/46680","Centre-Forward","27","Romania","Unirea Urziceni",NA,"Romania",NA,FALSE,"?","Winter",12,12,1,315
"Politehnica Iasi (1945 - 2010)",NA,NA,"2005","Departures","Adrian Ilie","https://www.transfermarkt.com/adrian-ilie/profil/spieler/46565","Centre-Back","24","Romania","Poli. Timisoara","SuperLiga","Romania",NA,FALSE,"?","Winter",14,14,1,1260
"Politehnica Iasi (1945 - 2010)",NA,NA,"2005","Departures","Otniel Sighiartau","https://www.transfermarkt.com/otniel-sighiartau/profil/spieler/265402","Centre-Forward","20","Romania","Gloria Bistrita","SuperLiga","Romania",NA,TRUE,"End of loan Dec 31, 2005","Winter",NA,NA,NA,NA
"CF Gloria Bistrita (- 2015)",NA,NA,"2005","Arrivals","Octavian Abrudan","https://www.transfermarkt.com/octavian-abrudan/profil/spieler/46485","Centre-Back","21","Romania","U Cluj",NA,"Romania",50000,FALSE,NA,"Summer",15,15,1,827
"CF Gloria Bistrita (- 2015)",NA,NA,"2005","Arrivals","Alexandru Păcurar","https://www.transfermarkt.com/alexandru-pacurar/profil/spieler/26043","Attacking Midfield","23","Romania","FC Dinamo","SuperLiga","Romania",0,FALSE,NA,"Summer",26,26,3,1637
"CF Gloria Bistrita (- 2015)",NA,NA,"2005","Arrivals","Sabin Paglisan","https://www.transfermarkt.com/sabin-paglisan/profil/spieler/282255","Goalkeeper","33","Romania","CFR Cluj","SuperLiga","Romania",NA,FALSE,"?","Summer",7,7,0,630
"CF Gloria Bistrita (- 2015)",NA,NA,"2005","Arrivals","Laur Marian Astilean","https://www.transfermarkt.com/laur-marian-astilean/profil/spieler/46492","Centre-Back","31","Romania","CFR Cluj","SuperLiga","Romania",NA,FALSE,"?","Summer",19,19,0,1635
"CF Gloria Bistrita (- 2015)",NA,NA,"2005","Arrivals","Romeo Paduret","https://www.transfermarkt.com/romeo-paduret/profil/spieler/282861","Central Midfield","30","Romania","FC Caracal",NA,"Romania",NA,FALSE,"?","Summer",9,9,0,649
"CF Gloria Bistrita (- 2015)",NA,NA,"2005","Arrivals","Robert Tufiși","https://www.transfermarkt.com/robert-tufisi/profil/spieler/46669","Goalkeeper","29","Romania","Rocar",NA,"Romania",NA,FALSE,"?","Summer",NA,NA,NA,NA
"CF Gloria Bistrita (- 2015)",NA,NA,"2005","Arrivals","Goran Cvetkovic","https://www.transfermarkt.com/goran-cvetkovic/profil/spieler/50159","Defensive Midfield","22","Serbia","Zvezdara",NA,"Serbia",NA,FALSE,"?","Summer",4,4,0,131
"CF Gloria Bistrita (- 2015)",NA,NA,"2005","Arrivals","Calin Tarnavean","https://www.transfermarkt.com/calin-tarnavean/profil/spieler/46664","Centre-Forward","21","Romania","Unknown",NA,NA,NA,FALSE,"?","Summer",21,21,3,1354
"CF Gloria Bistrita (- 2015)",NA,NA,"2005","Arrivals","Claudiu Sarmasan","https://www.transfermarkt.com/claudiu-sarmasan/profil/spieler/282262","Defender","27","Romania","FC Brasov",NA,"Romania",NA,FALSE,"?","Summer",15,15,1,1123
"CF Gloria Bistrita (- 2015)",NA,NA,"2005","Arrivals","Dan Matei","https://www.transfermarkt.com/dan-matei/profil/spieler/46589","Centre-Back","24","Romania","U Cluj",NA,"Romania",NA,FALSE,"?","Summer",26,26,1,2239
"CF Gloria Bistrita (- 2015)",NA,NA,"2005","Arrivals","Gabriel Mureșan","https://www.transfermarkt.com/gabriel-muresan/profil/spieler/46602","Defensive Midfield","23","Romania","Gaz Metan",NA,"Romania",NA,FALSE,"?","Summer",18,18,3,1533
"CF Gloria Bistrita (- 2015)",NA,NA,"2005","Arrivals","Arman Karamyan","https://www.transfermarkt.com/arman-karamyan/profil/spieler/44091","Left Winger","25","Armenia","FC Rapid 1923","SuperLiga","Romania",NA,TRUE,"loan transfer","Summer",6,6,0,253
"CF Gloria Bistrita (- 2015)",NA,NA,"2005","Arrivals","Răzvan Pădurețu","https://www.transfermarkt.com/razvan-paduretu/profil/spieler/46615","Attacking Midfield","24","Romania","FC Dinamo","SuperLiga","Romania",NA,TRUE,"loan transfer","Summer",25,25,3,1926
"CF Gloria Bistrita (- 2015)",NA,NA,"2005","Arrivals","Marian Constantinescu","https://www.transfermarkt.com/marian-constantinescu/profil/spieler/46520","Attacking Midfield","23","Romania","Poli. Timisoara","SuperLiga","Romania",NA,TRUE,"loan transfer","Summer",5,5,0,277
"CF Gloria Bistrita (- 2015)",NA,NA,"2005","Arrivals","Mirel Soare","https://www.transfermarkt.com/mirel-soare/profil/spieler/46652","Centre-Back","18","Romania","Gloria Bistrita U19",NA,"Romania",NA,FALSE,"-","Summer",1,1,0,90
"CF Gloria Bistrita (- 2015)",NA,NA,"2005","Arrivals","Andrei Bozesan","https://www.transfermarkt.com/andrei-bozesan/profil/spieler/46512","Central Midfield","17","Romania","Gloria Bistrita U19",NA,"Romania",NA,FALSE,"-","Summer",5,3,1,86
"CF Gloria Bistrita (- 2015)",NA,NA,"2005","Arrivals","Danut Sabou","https://www.transfermarkt.com/danut-sabou/profil/spieler/48792","Defensive Midfield","25","Romania","Unirea Dej",NA,"Romania",NA,TRUE,"End of loan Jun 30, 2005","Summer",NA,NA,NA,NA
"CF Gloria Bistrita (- 2015)",NA,NA,"2005","Departures","Cristian Coroian","https://www.transfermarkt.com/cristian-coroian/profil/spieler/43291","Centre-Forward","32","Romania","CFR Cluj","SuperLiga","Romania",0,FALSE,NA,"Summer",NA,NA,NA,NA
"CF Gloria Bistrita (- 2015)",NA,NA,"2005","Departures","Eusebiu Tudor","https://www.transfermarkt.com/eusebiu-tudor/profil/spieler/752903","Right Winger","31","Romania","Astra Giurgiu",NA,"Romania",0,FALSE,NA,"Summer",NA,NA,NA,NA
"CF Gloria Bistrita (- 2015)",NA,NA,"2005","Departures","Sorin Iodi","https://www.transfermarkt.com/sorin-iodi/profil/spieler/54737","Centre-Back","29","Romania","U Cluj",NA,"Romania",NA,FALSE,"?","Summer",NA,NA,NA,NA
"CF Gloria Bistrita (- 2015)",NA,NA,"2005","Departures","Cornel Cornea","https://www.transfermarkt.com/cornel-cornea/profil/spieler/46521","Left Midfield","23","Romania","FC Vaslui","SuperLiga","Romania",NA,FALSE,"?","Summer",NA,NA,NA,NA
"CF Gloria Bistrita (- 2015)",NA,NA,"2005","Departures","Bogdan Peres","https://www.transfermarkt.com/bogdan-peres/profil/spieler/300282","Centre-Forward","21","Romania","FC Brasov",NA,"Romania",NA,FALSE,"?","Summer",NA,NA,NA,NA
"CF Gloria Bistrita (- 2015)",NA,NA,"2005","Departures","Paul Somodean","https://www.transfermarkt.com/paul-somodean/profil/spieler/200623","Centre-Back","21","Romania","Otelul Galati","SuperLiga","Romania",NA,FALSE,"?","Summer",NA,NA,NA,NA
"CF Gloria Bistrita (- 2015)",NA,NA,"2005","Departures","Dionisiu Bumb","https://www.transfermarkt.com/dionisiu-bumb/profil/spieler/132582","Centre-Back","32","Romania","Bihor Oradea",NA,"Romania",NA,FALSE,"?","Summer",NA,NA,NA,NA
"CF Gloria Bistrita (- 2015)",NA,NA,"2005","Departures","Robert Nita","https://www.transfermarkt.com/robert-nita/profil/spieler/232434","Striker","28","Romania","Pandurii ","SuperLiga","Romania",NA,FALSE,"?","Summer",NA,NA,NA,NA
"CF Gloria Bistrita (- 2015)",NA,NA,"2005","Departures","Danut Sabou","https://www.transfermarkt.com/danut-sabou/profil/spieler/48792","Defensive Midfield","25","Romania","Apulum Alba Iulia",NA,"Romania",NA,FALSE,"?","Summer",NA,NA,NA,NA
"CF Gloria Bistrita (- 2015)",NA,NA,"2005","Departures","Szabolcs Szekely","https://www.transfermarkt.com/szabolcs-szekely/profil/spieler/48908","Centre-Forward","20","Romania","Alba Iulia",NA,"Romania",NA,FALSE,"?","Summer",2,2,1,71
"CF Gloria Bistrita (- 2015)",NA,NA,"2005","Departures","Sandu Bors","https://www.transfermarkt.com/sandu-bors/profil/spieler/202013","Defender","25","Romania","Gaz Metan",NA,"Romania",NA,TRUE,"loan transfer","Summer",5,4,0,305
"CF Gloria Bistrita (- 2015)",NA,NA,"2005","Departures","Otniel Sighiartau","https://www.transfermarkt.com/otniel-sighiartau/profil/spieler/265402","Centre-Forward","20","Romania","Poli Iasi","SuperLiga","Romania",NA,TRUE,"loan transfer","Summer",NA,NA,NA,NA
"CF Gloria Bistrita (- 2015)",NA,NA,"2005","Departures","Costel Câmpeanu","https://www.transfermarkt.com/costel-campeanu/profil/spieler/222040","Goalkeeper","40","Romania",NA,NA,NA,NA,FALSE,"-","Summer",NA,NA,NA,NA
"CF Gloria Bistrita (- 2015)",NA,NA,"2005","Departures","Vasile Popa","https://www.transfermarkt.com/vasile-popa/profil/spieler/170806","Centre-Back","36","Romania",NA,NA,NA,NA,FALSE,"-","Summer",NA,NA,NA,NA
"CF Gloria Bistrita (- 2015)",NA,NA,"2005","Arrivals","Sead Bruncevic","https://www.transfermarkt.com/sead-bruncevic/profil/spieler/46513","Centre-Forward","28","Serbia","CFR Cluj","SuperLiga","Romania",40000,FALSE,NA,"Winter",11,11,1,649
"CF Gloria Bistrita (- 2015)",NA,NA,"2005","Arrivals","Stefan Sorin Oncica","https://www.transfermarkt.com/stefan-sorin-oncica/profil/spieler/172786","Attacking Midfield","32","Romania","CFR Cluj","SuperLiga","Romania",NA,FALSE,"?","Winter",8,8,0,475
"CF Gloria Bistrita (- 2015)",NA,NA,"2005","Arrivals","Adrian Borza","https://www.transfermarkt.com/adrian-borza/profil/spieler/203085","Left Midfield","20","Romania","U Cluj",NA,"Romania",NA,FALSE,"?","Winter",6,6,0,243
"CF Gloria Bistrita (- 2015)",NA,NA,"2005","Arrivals","Otniel Sighiartau","https://www.transfermarkt.com/otniel-sighiartau/profil/spieler/265402","Centre-Forward","20","Romania","Poli Iasi","SuperLiga","Romania",NA,TRUE,"End of loan Dec 31, 2005","Winter",NA,NA,NA,NA
"CF Gloria Bistrita (- 2015)",NA,NA,"2005","Departures","Sergiu Costin","https://www.transfermarkt.com/sergiu-costin/profil/spieler/47409","Centre-Back","27","Romania","Otelul Galati","SuperLiga","Romania",50000,FALSE,NA,"Winter",7,7,1,498
"CF Gloria Bistrita (- 2015)",NA,NA,"2005","Departures","Marius Drule","https://www.transfermarkt.com/marius-drule/profil/spieler/301402","Centre-Back","24","Romania","Alba Iulia",NA,"Romania",NA,FALSE,"?","Winter",3,3,0,203
"CF Gloria Bistrita (- 2015)",NA,NA,"2005","Departures","Goran Cvetkovic","https://www.transfermarkt.com/goran-cvetkovic/profil/spieler/50159","Defensive Midfield","23","Serbia","Javor-Matis","Super liga Srbije","Serbia",NA,FALSE,"?","Winter",4,4,0,131
"CF Gloria Bistrita (- 2015)",NA,NA,"2005","Departures","Dinu Sânmărtean","https://www.transfermarkt.com/dinu-sanmartean/profil/spieler/46642","Left-Back","24","Romania","Thrasyvoulos","Football League","Greece",NA,TRUE,"loan transfer","Winter",9,9,0,738
"CF Gloria Bistrita (- 2015)",NA,NA,"2005","Departures","Arman Karamyan","https://www.transfermarkt.com/arman-karamyan/profil/spieler/44091","Left Winger","26","Armenia","FC Rapid 1923","SuperLiga","Romania",NA,TRUE,"End of loan Dec 31, 2005","Winter",6,6,0,253
"FCM Bacau (- 2014)",NA,NA,"2005","Arrivals","Lucian Gabriel Muntianu","https://www.transfermarkt.com/lucian-gabriel-muntianu/profil/spieler/64066","Central Midfield","20","Romania","FCM Bacau II",NA,"Romania",NA,FALSE,"-","Summer",NA,NA,NA,NA
"FCM Bacau (- 2014)",NA,NA,"2005","Arrivals","Daniel Marius Potorac","https://www.transfermarkt.com/daniel-marius-potorac/profil/spieler/64073","Defender","23","Romania","FCM Bacau II",NA,"Romania",NA,FALSE,"-","Summer",2,2,0,180
"FCM Bacau (- 2014)",NA,NA,"2005","Arrivals","Razvan Neagu","https://www.transfermarkt.com/razvan-neagu/profil/spieler/46607","Centre-Forward","18","Romania","FCM Bacau U19",NA,"Romania",NA,FALSE,"-","Summer",24,24,1,970
"FCM Bacau (- 2014)",NA,NA,"2005","Arrivals","Ștefan Mardare","https://www.transfermarkt.com/stefan-mardare/profil/spieler/46586","Centre-Back","17","Romania","FCM Bacau U19",NA,"Romania",NA,FALSE,"-","Summer",5,5,0,381
"FCM Bacau (- 2014)",NA,NA,"2005","Departures","Narcis Răducan","https://www.transfermarkt.com/narcis-raducan/profil/spieler/64285","Attacking Midfield","30","Romania","AEK Larnaca","Cyprus League","Cyprus",0,FALSE,NA,"Summer",NA,NA,NA,NA
"FCM Bacau (- 2014)",NA,NA,"2005","Departures","Marius Kaltenbek","https://www.transfermarkt.com/marius-kaltenbek/profil/spieler/885860","Goalkeeper","30","Romania","Unknown",NA,NA,NA,FALSE,"?","Summer",NA,NA,NA,NA
"FCM Bacau (- 2014)",NA,NA,"2005","Departures","Cătălin Cursaru","https://www.transfermarkt.com/catalin-cursaru/profil/spieler/46530","Centre-Forward","27","Romania","FC Vaslui","SuperLiga","Romania",NA,FALSE,"?","Summer",NA,NA,NA,NA
"FCM Bacau (- 2014)",NA,NA,"2005","Departures","Georgian Bordeanu","https://www.transfermarkt.com/georgian-bordeanu/profil/spieler/102401","Goalkeeper","22","Romania","Unknown",NA,NA,NA,FALSE,"?","Summer",NA,NA,NA,NA
"FCM Bacau (- 2014)",NA,NA,"2005","Arrivals","Dan Balauru","https://www.transfermarkt.com/dan-balauru/profil/spieler/55297","Right Midfield","25","Romania","Otelul Galati","SuperLiga","Romania",NA,FALSE,"?","Winter",9,9,0,450
"FCM Bacau (- 2014)",NA,NA,"2005","Arrivals","Bobi Verdeș","https://www.transfermarkt.com/bobi-verdes/profil/spieler/64084","Centre-Forward","25","Romania","Pandurii ","SuperLiga","Romania",NA,FALSE,"?","Winter",13,13,3,757
"FCM Bacau (- 2014)",NA,NA,"2005","Departures","Marius Croitoru","https://www.transfermarkt.com/marius-croitoru/profil/spieler/46526","Right Winger","25","Romania","FC Vaslui","SuperLiga","Romania",NA,FALSE,"?","Winter",15,15,2,1275
"Pandurii Targu Jiu (- 2022)",NA,NA,"2005","Arrivals","Marco Osório","https://www.transfermarkt.com/marco-osorio/profil/spieler/24837","Midfielder","25","Portugal","Espinho",NA,"Portugal",0,FALSE,NA,"Summer",3,3,0,148
"Pandurii Targu Jiu (- 2022)",NA,NA,"2005","Arrivals","Marius Iordache","https://www.transfermarkt.com/marius-iordache/profil/spieler/26665","Left-Back","26","Romania","FC U Craiova",NA,"Romania",0,FALSE,NA,"Summer",5,5,0,336
"Pandurii Targu Jiu (- 2022)",NA,NA,"2005","Arrivals","Vojislav Vranjkovic","https://www.transfermarkt.com/vojislav-vranjkovic/profil/spieler/36950","Defensive Midfield","22","Serbia","FK Obilic","Super liga Srbije","Serbia",0,FALSE,NA,"Summer",13,13,1,904
"Pandurii Targu Jiu (- 2022)",NA,NA,"2005","Arrivals","Aurel Amzucu","https://www.transfermarkt.com/aurel-amzucu/profil/spieler/283956","Centre-Back","31","Romania","Minerul Motru",NA,"Romania",NA,FALSE,"?","Summer",9,9,0,723
"Pandurii Targu Jiu (- 2022)",NA,NA,"2005","Arrivals","Danilo Pustinjakovic","https://www.transfermarkt.com/danilo-pustinjakovic/profil/spieler/46176","Goalkeeper","28","Serbia","Cukaricki",NA,"Serbia",NA,FALSE,"?","Summer",23,23,0,2070
"Pandurii Targu Jiu (- 2022)",NA,NA,"2005","Arrivals","Boris Keca","https://www.transfermarkt.com/boris-keca/profil/spieler/282246","Centre-Back","27","Bosnia-Herzegovina","FCSB","SuperLiga","Romania",NA,FALSE,"?","Summer",19,19,1,1307
"Pandurii Targu Jiu (- 2022)",NA,NA,"2005","Arrivals","Daniel Orac","https://www.transfermarkt.com/daniel-orac/profil/spieler/47882","Central Midfield","22","Romania","FC Caracal",NA,"Romania",NA,FALSE,"?","Summer",NA,NA,NA,NA
"Pandurii Targu Jiu (- 2022)",NA,NA,"2005","Arrivals","Adrian Popescu","https://www.transfermarkt.com/adrian-popescu/profil/spieler/47884","Midfielder","30","Romania","Minerul Motru",NA,"Romania",NA,FALSE,"?","Summer",8,8,1,459
"Pandurii Targu Jiu (- 2022)",NA,NA,"2005","Arrivals","Robert Nita","https://www.transfermarkt.com/robert-nita/profil/spieler/232434","Striker","28","Romania","Gloria Bistrita","SuperLiga","Romania",NA,FALSE,"?","Summer",6,6,1,283
"Pandurii Targu Jiu (- 2022)",NA,NA,"2005","Arrivals","Romeo Radoi","https://www.transfermarkt.com/romeo-radoi/profil/spieler/283981","Defender","27","Romania","Unknown",NA,NA,NA,FALSE,"?","Summer",4,4,0,260
"Pandurii Targu Jiu (- 2022)",NA,NA,"2005","Arrivals","Dragan Perisic","https://www.transfermarkt.com/dragan-perisic/profil/spieler/42509","Centre-Back","25","Serbia","Jablonec","Chance Liga","Czech Republic",NA,FALSE,"?","Summer",20,20,0,1685
"Pandurii Targu Jiu (- 2022)",NA,NA,"2005","Arrivals","Bobi Verdeș","https://www.transfermarkt.com/bobi-verdes/profil/spieler/64084","Centre-Forward","24","Romania","CS Mioveni",NA,"Romania",NA,FALSE,"?","Summer",5,5,0,195
"Pandurii Targu Jiu (- 2022)",NA,NA,"2005","Arrivals","Adrian Scarlatache","https://www.transfermarkt.com/adrian-scarlatache/profil/spieler/46644","Centre-Back","18","Romania","FC Dinamo","SuperLiga","Romania",NA,TRUE,"loan transfer","Summer",27,27,0,2351
"Pandurii Targu Jiu (- 2022)",NA,NA,"2005","Departures","Mircea Ilie","https://www.transfermarkt.com/mircea-ilie/profil/spieler/26663","Centre-Forward","28","Romania","Ceahlaul",NA,"Romania",30000,FALSE,NA,"Summer",NA,NA,NA,NA
"Pandurii Targu Jiu (- 2022)",NA,NA,"2005","Departures","Catalin Petre Craciunescu","https://www.transfermarkt.com/catalin-petre-craciunescu/profil/spieler/48776","Centre-Back","27","Romania","FC U Craiova",NA,"Romania",NA,FALSE,"?","Summer",NA,NA,NA,NA
"Pandurii Targu Jiu (- 2022)",NA,NA,"2005","Departures","Marius Lacoviste","https://www.transfermarkt.com/marius-lacoviste/profil/spieler/325002","Attacking Midfield","23","Romania","Unknown",NA,NA,NA,FALSE,"?","Summer",NA,NA,NA,NA
"Pandurii Targu Jiu (- 2022)",NA,NA,"2005","Departures","Cosmin Cristian Ursu","https://www.transfermarkt.com/cosmin-cristian-ursu/profil/spieler/47892","Midfielder","29","Romania","Inter Gaz",NA,"Romania",NA,FALSE,"?","Summer",9,9,0,638
"Pandurii Targu Jiu (- 2022)",NA,NA,"2005","Departures","Dorin Radoi","https://www.transfermarkt.com/dorin-radoi/profil/spieler/283980","Midfielder","28","Romania","FC Vaslui","SuperLiga","Romania",NA,FALSE,"?","Summer",15,14,0,493
"Pandurii Targu Jiu (- 2022)",NA,NA,"2005","Arrivals","Cornel Buta","https://www.transfermarkt.com/cornel-buta/profil/spieler/47494","Right-Back","28","Romania","Volyn Lutsk","Premier Liga","Ukraine",10000,FALSE,NA,"Winter",12,12,1,904
"Pandurii Targu Jiu (- 2022)",NA,NA,"2005","Arrivals","Ibrahim Dossey","https://www.transfermarkt.com/ibrahim-dossey/profil/spieler/47875","Goalkeeper","32","Ghana","Unirea SM",NA,"Romania",0,FALSE,NA,"Winter",NA,NA,NA,NA
"Pandurii Targu Jiu (- 2022)",NA,NA,"2005","Arrivals","Victor Naicu","https://www.transfermarkt.com/victor-naicu/profil/spieler/214841","Centre-Back","32","Romania","Minerul Motru",NA,"Romania",NA,FALSE,"?","Winter",7,7,1,626
"Pandurii Targu Jiu (- 2022)",NA,NA,"2005","Arrivals","Aurel Amzucu","https://www.transfermarkt.com/aurel-amzucu/profil/spieler/283956","Centre-Back","31","Romania","Minerul Motru",NA,"Romania",NA,FALSE,"?","Winter",9,9,0,723
"Pandurii Targu Jiu (- 2022)",NA,NA,"2005","Arrivals","Marius Sava","https://www.transfermarkt.com/marius-sava/profil/spieler/69153","Right Midfield","27","Romania","FC Arges","SuperLiga","Romania",NA,FALSE,"?","Winter",8,8,0,524
"Pandurii Targu Jiu (- 2022)",NA,NA,"2005","Departures","Marco Osório","https://www.transfermarkt.com/marco-osorio/profil/spieler/24837","Midfielder","26","Portugal","Operário",NA,"Portugal",0,FALSE,NA,"Winter",3,3,0,148
"Pandurii Targu Jiu (- 2022)",NA,NA,"2005","Departures","Dragan Perisic","https://www.transfermarkt.com/dragan-perisic/profil/spieler/42509","Centre-Back","26","Serbia","Metalurg Z.","Premier Liga","Ukraine",0,FALSE,NA,"Winter",20,20,0,1685
"Pandurii Targu Jiu (- 2022)",NA,NA,"2005","Departures","Romulus Buia","https://www.transfermarkt.com/romulus-buia/profil/spieler/232034","Attacking Midfield","35","Romania","Unknown",NA,NA,NA,FALSE,"?","Winter",6,6,0,190
"Pandurii Targu Jiu (- 2022)",NA,NA,"2005","Departures","Marius Iordache","https://www.transfermarkt.com/marius-iordache/profil/spieler/26665","Left-Back","27","Romania","Ethnikos","Cyprus League","Cyprus",NA,FALSE,"?","Winter",5,5,0,336
"Pandurii Targu Jiu (- 2022)",NA,NA,"2005","Departures","Tiberiu Lung","https://www.transfermarkt.com/tiberiu-lung/profil/spieler/151068","Goalkeeper","27","Romania","FC Caracal",NA,"Romania",NA,FALSE,"?","Winter",4,4,0,360
"Pandurii Targu Jiu (- 2022)",NA,NA,"2005","Departures","Bobi Verdeș","https://www.transfermarkt.com/bobi-verdes/profil/spieler/64084","Centre-Forward","25","Romania","FCM Bacau","SuperLiga","Romania",NA,FALSE,"?","Winter",5,5,0,195
