"team_name","league","country","season","transfer_type","player_name","player_url","player_position","player_age","player_nationality","club_2","league_2","country_2","transfer_fee","is_loan","transfer_notes","window","in_squad","appearances","goals","minutes_played"
"FCSB","SuperLiga","Romania","2007","Arrivals","Ionut Rada","https://www.transfermarkt.com/ionut-rada/profil/spieler/34506","Centre-Back","24","Romania","FC Rapid 1923","SuperLiga","Romania",1600000,FALSE,NA,"Summer",31,29,1,2418
"FCSB","SuperLiga","Romania","2007","Arrivals","Mihăiță Pleșan","https://www.transfermarkt.com/mihaita-plesan/profil/spieler/26683","Central Midfield","24","Romania","Poli. Timisoara","SuperLiga","Romania",1300000,FALSE,NA,"Summer",15,15,2,877
"FCSB","SuperLiga","Romania","2007","Arrivals","Pawel Golanski","https://www.transfermarkt.com/pawel-golanski/profil/spieler/32313","Right-Back","24","Poland","Korona Kielce","Ekstraklasa","Poland",1300000,FALSE,NA,"Summer",31,27,1,1875
"FCSB","SuperLiga","Romania","2007","Arrivals","Ifeanyi Emeghara","https://www.transfermarkt.com/ifeanyi-emeghara/profil/spieler/24552","Left-Back","23","Nigeria","Poli. Timisoara","SuperLiga","Romania",1200000,FALSE,NA,"Summer",19,18,0,1563
"FCSB","SuperLiga","Romania","2007","Arrivals","Adrian Neaga","https://www.transfermarkt.com/adrian-neaga/profil/spieler/26499","Centre-Forward","28","Romania","Seongnam FC","K League 1","Korea, South",1e+06,FALSE,NA,"Summer",36,35,4,2160
"FCSB","SuperLiga","Romania","2007","Arrivals","Romeo Surdu","https://www.transfermarkt.com/romeo-surdu/profil/spieler/43378","Left Winger","23","Romania","CFR Cluj","SuperLiga","Romania",1e+06,FALSE,NA,"Summer",23,20,0,889
"FCSB","SuperLiga","Romania","2007","Arrivals","Róbinson Zapata","https://www.transfermarkt.com/robinson-zapata/profil/spieler/54320","Goalkeeper","28","Colombia","Cúcuta Dep.",NA,"Colombia",1e+06,FALSE,NA,"Summer",42,42,0,3780
"FCSB","SuperLiga","Romania","2007","Arrivals","Valentin Bădoi","https://www.transfermarkt.com/valentin-badoi/profil/spieler/34508","Right-Back","31","Romania","FC Rapid 1923","SuperLiga","Romania",550000,FALSE,NA,"Summer",19,17,0,806
"FCSB","SuperLiga","Romania","2007","Arrivals","Cosmin Vâtcă","https://www.transfermarkt.com/cosmin-vatca/profil/spieler/47477","Goalkeeper","25","Romania","Otelul Galati","SuperLiga","Romania",5e+05,FALSE,NA,"Summer",12,2,0,115
"FCSB","SuperLiga","Romania","2007","Arrivals","Dorel Zaharia","https://www.transfermarkt.com/dorel-zaharia/profil/spieler/46682","Centre-Forward","29","Romania","Gloria Bistrita","SuperLiga","Romania",5e+05,FALSE,NA,"Summer",28,22,7,1083
"FCSB","SuperLiga","Romania","2007","Arrivals","Ducu Ninu","https://www.transfermarkt.com/ducu-ninu/profil/spieler/42788","Centre-Back","20","Romania","Progresul",NA,"Romania",3e+05,FALSE,NA,"Summer",4,2,0,180
"FCSB","SuperLiga","Romania","2007","Arrivals","Erik Bicfalvi","https://www.transfermarkt.com/erik-bicfalvi/profil/spieler/46504","Centre-Forward","19","Romania","Jiul Petrosani",NA,"Romania",3e+05,FALSE,NA,"Summer",20,15,1,498
"FCSB","SuperLiga","Romania","2007","Arrivals","Daniel Bălan","https://www.transfermarkt.com/daniel-balan/profil/spieler/26488","Right-Back","27","Romania","FC Arges","SuperLiga","Romania",NA,TRUE,"End of loan Jun 30, 2007","Summer",NA,NA,NA,NA
"FCSB","SuperLiga","Romania","2007","Arrivals","Valentin Simion","https://www.transfermarkt.com/valentin-simion/profil/spieler/34760","Centre-Forward","20","Romania","UTA Arad","SuperLiga","Romania",NA,TRUE,"End of loan Jun 30, 2007","Summer",NA,NA,NA,NA
"FCSB","SuperLiga","Romania","2007","Arrivals","Alexandru Tudose","https://www.transfermarkt.com/alexandru-tudose/profil/spieler/34941","Centre-Back","20","Romania","UTA Arad","SuperLiga","Romania",NA,TRUE,"End of loan Jun 30, 2007","Summer",NA,NA,NA,NA
"FCSB","SuperLiga","Romania","2007","Arrivals","Alin Litu","https://www.transfermarkt.com/alin-litu/profil/spieler/34938","Centre-Forward","20","Romania","Jiul Petrosani","SuperLiga","Romania",NA,TRUE,"End of loan Jun 30, 2007","Summer",NA,NA,NA,NA
"FCSB","SuperLiga","Romania","2007","Departures","Cyril Théréau","https://www.transfermarkt.com/cyril-thereau/profil/spieler/29316","Centre-Forward","24","France","RSC Anderlecht","Jupiler Pro League","Belgium",2900000,FALSE,NA,"Summer",NA,NA,NA,NA
"FCSB","SuperLiga","Romania","2007","Departures","Sorin Paraschiv","https://www.transfermarkt.com/sorin-paraschiv/profil/spieler/26503","Defensive Midfield","26","Romania","Rimini","Serie B","Italy",5e+05,FALSE,NA,"Summer",NA,NA,NA,NA
"FCSB","SuperLiga","Romania","2007","Departures","Élton","https://www.transfermarkt.com/elton/profil/spieler/48669","Attacking Midfield","21","Brazil","Al-Nassr","Saudi Pro League","Saudi Arabia",5e+05,FALSE,NA,"Summer",NA,NA,NA,NA
"FCSB","SuperLiga","Romania","2007","Departures","Stelian Stancu","https://www.transfermarkt.com/stelian-stancu/profil/spieler/45487","Right-Back","25","Romania","Poli. Timisoara","SuperLiga","Romania",150000,FALSE,NA,"Summer",NA,NA,NA,NA
"FCSB","SuperLiga","Romania","2007","Departures","Gabriel Boștină","https://www.transfermarkt.com/gabriel-bostina/profil/spieler/26489","Left Midfield","30","Romania","FC Dinamo","SuperLiga","Romania",1e+05,FALSE,NA,"Summer",1,1,0,51
"FCSB","SuperLiga","Romania","2007","Departures","Gigel Coman","https://www.transfermarkt.com/gigel-coman/profil/spieler/25930","Left Midfield","28","Romania","U Cluj","SuperLiga","Romania",1e+05,FALSE,NA,"Summer",1,0,0,0
"FCSB","SuperLiga","Romania","2007","Departures","Daniel Oprița","https://www.transfermarkt.com/daniel-oprita/profil/spieler/26502","Left Winger","25","Romania","FC Dinamo","SuperLiga","Romania",0,FALSE,NA,"Summer",NA,NA,NA,NA
"FCSB","SuperLiga","Romania","2007","Departures","Klemi Saban","https://www.transfermarkt.com/klemi-saban/profil/spieler/43764","Right-Back","27","Israel","Maccabi Netanya","Ligat ha'Al","Israel",0,FALSE,NA,"Summer",NA,NA,NA,NA
"FCSB","SuperLiga","Romania","2007","Departures","Daniel Bălan","https://www.transfermarkt.com/daniel-balan/profil/spieler/26488","Right-Back","27","Romania","Alki Larnaca","Cyprus League","Cyprus",NA,TRUE,"loan transfer","Summer",NA,NA,NA,NA
"FCSB","SuperLiga","Romania","2007","Departures","Valentin Simion","https://www.transfermarkt.com/valentin-simion/profil/spieler/34760","Centre-Forward","20","Romania","Gloria Buzau","SuperLiga","Romania",NA,TRUE,"loan transfer","Summer",NA,NA,NA,NA
"FCSB","SuperLiga","Romania","2007","Departures","Răzvan Avram","https://www.transfermarkt.com/razvan-avram/profil/spieler/156804","Right Winger","20","Romania","Poiana Campina",NA,"Romania",NA,TRUE,"loan transfer","Summer",NA,NA,NA,NA
"FCSB","SuperLiga","Romania","2007","Departures","Alin Litu","https://www.transfermarkt.com/alin-litu/profil/spieler/34938","Centre-Forward","20","Romania","Gloria Buzau","SuperLiga","Romania",NA,TRUE,"loan transfer","Summer",NA,NA,NA,NA
"FCSB","SuperLiga","Romania","2007","Departures","Alexandru Tudose","https://www.transfermarkt.com/alexandru-tudose/profil/spieler/34941","Centre-Back","20","Romania","Gloria Buzau","SuperLiga","Romania",NA,TRUE,"loan transfer","Summer",NA,NA,NA,NA
"FCSB","SuperLiga","Romania","2007","Departures","Razvan Ochirosii","https://www.transfermarkt.com/razvan-ochirosii/profil/spieler/43761","Left-Back","18","Romania","Gloria Buzau","SuperLiga","Romania",NA,TRUE,"loan transfer","Summer",0,0,0,0
"FCSB","SuperLiga","Romania","2007","Departures","Alexandru Iacob","https://www.transfermarkt.com/alexandru-iacob/profil/spieler/53201","Centre-Back","18","Romania","Gloria Buzau","SuperLiga","Romania",NA,TRUE,"loan transfer","Summer",NA,NA,NA,NA
"FCSB","SuperLiga","Romania","2007","Arrivals","Dayro Moreno","https://www.transfermarkt.com/dayro-moreno/profil/spieler/42457","Centre-Forward","22","Colombia","Once Caldas",NA,"Colombia",1750000,FALSE,NA,"Winter",13,11,5,551
"FCSB","SuperLiga","Romania","2007","Arrivals","José Moreno","https://www.transfermarkt.com/jose-moreno/profil/spieler/40942","Centre-Forward","26","Colombia","Independiente","Torneo Clausura","Argentina",3e+05,TRUE,NA,"Winter",15,15,5,1286
"FCSB","SuperLiga","Romania","2007","Arrivals","André Nunes","https://www.transfermarkt.com/andre-nunes/profil/spieler/52361","Centre-Forward","23","Brazil","Corinthians-PR",NA,"Brazil",1e+05,FALSE,NA,"Winter",NA,NA,NA,NA
"FCSB","SuperLiga","Romania","2007","Arrivals","Andrés Mendoza","https://www.transfermarkt.com/andres-mendoza/profil/spieler/9650","Centre-Forward","29","Peru","Metalurg D.","Premier Liga","Ukraine",0,FALSE,NA,"Winter",16,15,2,1149
"FCSB","SuperLiga","Romania","2007","Arrivals","Habib Habibou","https://www.transfermarkt.com/habib-habibou/profil/spieler/41261","Centre-Forward","20","Central African Republic","R Charleroi SC","Jupiler Pro League","Belgium",NA,TRUE,"loan transfer","Winter",10,8,1,166
"FCSB","SuperLiga","Romania","2007","Arrivals","Razvan Ochirosii","https://www.transfermarkt.com/razvan-ochirosii/profil/spieler/43761","Left-Back","18","Romania","Gloria Buzau","SuperLiga","Romania",NA,TRUE,"End of loan Dec 31, 2007","Winter",0,0,0,0
"FCSB","SuperLiga","Romania","2007","Departures","Victoras Iacob","https://www.transfermarkt.com/victoras-iacob/profil/spieler/34757","Centre-Forward","27","Romania","1.FC K'lautern","2. Bundesliga","Germany",5e+05,FALSE,NA,"Winter",15,12,2,773
"FCSB","SuperLiga","Romania","2007","Departures","Valentin Bădoi","https://www.transfermarkt.com/valentin-badoi/profil/spieler/34508","Right-Back","32","Romania","Poli. Timisoara","SuperLiga","Romania",3e+05,FALSE,NA,"Winter",19,17,0,806
"FCSB","SuperLiga","Romania","2007","Departures","Ducu Ninu","https://www.transfermarkt.com/ducu-ninu/profil/spieler/42788","Centre-Back","21","Romania","Gloria Buzau","SuperLiga","Romania",3e+05,TRUE,NA,"Winter",4,2,0,180
"FCSB","SuperLiga","Romania","2007","Departures","Dorel Zaharia","https://www.transfermarkt.com/dorel-zaharia/profil/spieler/46682","Centre-Forward","29","Romania","UTA Arad","SuperLiga","Romania",2e+05,FALSE,NA,"Winter",28,22,7,1083
"FCSB","SuperLiga","Romania","2007","Departures","Andrey","https://www.transfermarkt.com/andrey/profil/spieler/45500","Goalkeeper","24","Brazil","Cruzeiro","Série A","Brazil",1e+05,FALSE,NA,"Winter",NA,NA,NA,NA
"FCSB","SuperLiga","Romania","2007","Departures","André Nunes","https://www.transfermarkt.com/andre-nunes/profil/spieler/52361","Centre-Forward","23","Brazil","Gloria Buzau","SuperLiga","Romania",NA,FALSE,"?","Winter",NA,NA,NA,NA
"FCSB","SuperLiga","Romania","2007","Departures","Vasilica Cristocea","https://www.transfermarkt.com/vasilica-cristocea/profil/spieler/38295","Left Winger","27","Romania","Ceahlaul","SuperLiga","Romania",NA,TRUE,"loan transfer","Winter",19,13,0,724
"FCSB","SuperLiga","Romania","2007","Departures","Marius Croitoru","https://www.transfermarkt.com/marius-croitoru/profil/spieler/46526","Right Winger","27","Romania","Ceahlaul","SuperLiga","Romania",NA,TRUE,"loan transfer","Winter",23,21,0,1119
"FCSB","SuperLiga","Romania","2007","Departures","Erik Bicfalvi","https://www.transfermarkt.com/erik-bicfalvi/profil/spieler/46504","Centre-Forward","19","Romania","Gloria Buzau","SuperLiga","Romania",NA,TRUE,"loan transfer","Winter",20,15,1,498
"CFR Cluj","SuperLiga","Romania","2007","Arrivals","Cristian Fabbiani","https://www.transfermarkt.com/cristian-fabbiani/profil/spieler/30612","Centre-Forward","23","Argentina","Lanús","Torneo Clausura","Argentina",3e+06,FALSE,NA,"Summer",33,32,11,2131
"CFR Cluj","SuperLiga","Romania","2007","Arrivals","Amoreirinha","https://www.transfermarkt.com/amoreirinha/profil/spieler/14262","Centre-Back","22","Portugal","Benfica","Liga Portugal","Portugal",1e+06,FALSE,NA,"Summer",7,2,0,51
"CFR Cluj","SuperLiga","Romania","2007","Arrivals","Niklas Sandberg","https://www.transfermarkt.com/niklas-sandberg/profil/spieler/18103","Centre-Back","28","Sweden","AIK","Allsvenskan","Sweden",1e+06,FALSE,NA,"Summer",22,12,1,1030
"CFR Cluj","SuperLiga","Romania","2007","Arrivals","Gabriel Mureșan","https://www.transfermarkt.com/gabriel-muresan/profil/spieler/46602","Defensive Midfield","25","Romania","Gloria Bistrita","SuperLiga","Romania",850000,FALSE,NA,"Summer",27,26,0,1393
"CFR Cluj","SuperLiga","Romania","2007","Arrivals","Ibe Ogbonna","https://www.transfermarkt.com/ibe-ogbonna/profil/spieler/53198","Centre-Forward","24","Nigeria","Hapoel Tel Aviv","Ligat ha'Al","Israel",6e+05,FALSE,NA,"Summer",2,2,0,9
"CFR Cluj","SuperLiga","Romania","2007","Arrivals","Emmanuel Culio","https://www.transfermarkt.com/emmanuel-culio/profil/spieler/30846","Central Midfield","23","Argentina","La Serena","Torneo Clausura","Chile",6e+05,FALSE,NA,"Summer",37,37,1,2913
"CFR Cluj","SuperLiga","Romania","2007","Arrivals","André Leão","https://www.transfermarkt.com/andre-leao/profil/spieler/41786","Defensive Midfield","22","Portugal","Beira-Mar","Liga Portugal 2","Portugal",5e+05,FALSE,NA,"Summer",24,17,0,1095
"CFR Cluj","SuperLiga","Romania","2007","Arrivals","Nicolás Canales","https://www.transfermarkt.com/nicolas-canales/profil/spieler/44956","Centre-Forward","22","Chile","Benfica B",NA,"Portugal",5e+05,FALSE,NA,"Summer",3,1,0,5
"CFR Cluj","SuperLiga","Romania","2007","Arrivals","Nuno Claro","https://www.transfermarkt.com/nuno-claro/profil/spieler/14344","Goalkeeper","30","Portugal","Paços Ferreira","Liga Portugal","Portugal",0,FALSE,NA,"Summer",26,16,0,1378
"CFR Cluj","SuperLiga","Romania","2007","Arrivals","Eugen Trică","https://www.transfermarkt.com/eugen-trica/profil/spieler/26299","Attacking Midfield","30","Romania","CSKA Sofia","efbet Liga","Bulgaria",0,FALSE,NA,"Summer",35,35,14,2679
"CFR Cluj","SuperLiga","Romania","2007","Arrivals","Viorel Frunza","https://www.transfermarkt.com/viorel-frunza/profil/spieler/46547","Centre-Forward","28","Moldova","PAOK Salonika","Super League 1","Greece",NA,TRUE,"End of loan May 1, 2008","Summer",NA,NA,NA,NA
"CFR Cluj","SuperLiga","Romania","2007","Arrivals","Octavian Chihaia","https://www.transfermarkt.com/octavian-chihaia/profil/spieler/25929","Centre-Forward","26","Romania","Progresul","SuperLiga","Romania",NA,TRUE,"End of loan Jun 30, 2007","Summer",NA,NA,NA,NA
"CFR Cluj","SuperLiga","Romania","2007","Arrivals","Cosmin Tilincă","https://www.transfermarkt.com/cosmin-tilinca/profil/spieler/43383","Centre-Forward","27","Romania","Farul Constanta","SuperLiga","Romania",NA,TRUE,"End of loan Jun 30, 2007","Summer",NA,NA,NA,NA
"CFR Cluj","SuperLiga","Romania","2007","Arrivals","Radu Marginean","https://www.transfermarkt.com/radu-marginean/profil/spieler/46587","Defensive Midfield","24","Romania","Gloria Bistrita","SuperLiga","Romania",NA,TRUE,"End of loan Jun 30, 2007","Summer",1,0,0,0
"CFR Cluj","SuperLiga","Romania","2007","Arrivals","Vasile Curileac","https://www.transfermarkt.com/vasile-curileac/profil/spieler/43296","Goalkeeper","23","Romania","Cetatea Suceava",NA,"Romania",NA,TRUE,"End of loan Jun 30, 2007","Summer",0,0,0,0
"CFR Cluj","SuperLiga","Romania","2007","Arrivals","Gualberto Mojica","https://www.transfermarkt.com/gualberto-mojica/profil/spieler/43343","Attacking Midfield","22","Bolivia","Paços Ferreira","Liga Portugal","Portugal",NA,TRUE,"End of loan Jun 30, 2007","Summer",NA,NA,NA,NA
"CFR Cluj","SuperLiga","Romania","2007","Departures","Romeo Surdu","https://www.transfermarkt.com/romeo-surdu/profil/spieler/43378","Left Winger","23","Romania","FCSB","SuperLiga","Romania",1e+06,FALSE,NA,"Summer",NA,NA,NA,NA
"CFR Cluj","SuperLiga","Romania","2007","Departures","Cosmin Tilincă","https://www.transfermarkt.com/cosmin-tilinca/profil/spieler/43383","Centre-Forward","27","Romania","Gloria Bistrita","SuperLiga","Romania",150000,FALSE,NA,"Summer",NA,NA,NA,NA
"CFR Cluj","SuperLiga","Romania","2007","Departures","Florin Dan","https://www.transfermarkt.com/florin-dan/profil/spieler/43298","Attacking Midfield","28","Romania","UTA Arad","SuperLiga","Romania",20000,FALSE,NA,"Summer",NA,NA,NA,NA
"CFR Cluj","SuperLiga","Romania","2007","Departures","Bogdan Bucurică","https://www.transfermarkt.com/bogdan-bucurica/profil/spieler/43287","Left-Back","21","Romania","Gloria Bistrita","SuperLiga","Romania",5000,FALSE,NA,"Summer",NA,NA,NA,NA
"CFR Cluj","SuperLiga","Romania","2007","Departures","Cristian Coroian","https://www.transfermarkt.com/cristian-coroian/profil/spieler/43291","Centre-Forward","34","Romania","Gloria Bistrita","SuperLiga","Romania",0,FALSE,NA,"Summer",NA,NA,NA,NA
"CFR Cluj","SuperLiga","Romania","2007","Departures","Vasile Jula","https://www.transfermarkt.com/vasile-jula/profil/spieler/43319","Centre-Back","32","Romania","CS Mioveni","SuperLiga","Romania",0,FALSE,NA,"Summer",NA,NA,NA,NA
"CFR Cluj","SuperLiga","Romania","2007","Departures","Martin Tudor","https://www.transfermarkt.com/martin-tudor/profil/spieler/26507","Goalkeeper","31","Romania","U Cluj","SuperLiga","Romania",NA,FALSE,"?","Summer",NA,NA,NA,NA
"CFR Cluj","SuperLiga","Romania","2007","Departures","Miguel Cuéllar","https://www.transfermarkt.com/miguel-cuellar/profil/spieler/48660","Centre-Forward","25","Paraguay","Sol de América",NA,"Paraguay",NA,FALSE,"?","Summer",NA,NA,NA,NA
"CFR Cluj","SuperLiga","Romania","2007","Departures","Dorin Toma","https://www.transfermarkt.com/dorin-toma/profil/spieler/46667","Left-Back","30","Romania","Gloria Bistrita","SuperLiga","Romania",NA,TRUE,"loan transfer","Summer",NA,NA,NA,NA
"CFR Cluj","SuperLiga","Romania","2007","Departures","Viorel Frunza","https://www.transfermarkt.com/viorel-frunza/profil/spieler/46547","Centre-Forward","27","Moldova","Ceahlaul","SuperLiga","Romania",NA,TRUE,"loan transfer","Summer",NA,NA,NA,NA
"CFR Cluj","SuperLiga","Romania","2007","Departures","Alin Bota","https://www.transfermarkt.com/alin-bota/profil/spieler/48652","Goalkeeper","24","Romania","CS Otopeni",NA,"Romania",NA,TRUE,"loan transfer","Summer",NA,NA,NA,NA
"CFR Cluj","SuperLiga","Romania","2007","Arrivals","Lars Hirschfeld","https://www.transfermarkt.com/lars-hirschfeld/profil/spieler/3609","Goalkeeper","29","Canada","Rosenborg","Eliteserien","Norway",1200000,FALSE,NA,"Winter",7,6,0,570
"CFR Cluj","SuperLiga","Romania","2007","Arrivals","Sixto Peralta","https://www.transfermarkt.com/sixto-peralta/profil/spieler/55962","Central Midfield","28","Argentina","River Plate","Torneo Clausura","Argentina",8e+05,FALSE,NA,"Winter",12,10,0,432
"CFR Cluj","SuperLiga","Romania","2007","Arrivals","Sebastián Dubarbier","https://www.transfermarkt.com/sebastian-dubarbier/profil/spieler/55866","Left-Back","21","Argentina","Gimnasia","Torneo Clausura","Argentina",8e+05,FALSE,NA,"Winter",18,17,3,1054
"CFR Cluj","SuperLiga","Romania","2007","Arrivals","Diego Ruiz","https://www.transfermarkt.com/diego-ruiz/profil/spieler/64435","Centre-Forward","27","Argentina","Huachipato","Torneo Clausura","Chile",750000,FALSE,NA,"Winter",16,16,6,891
"CFR Cluj","SuperLiga","Romania","2007","Arrivals","Emmanuel Koné","https://www.transfermarkt.com/emmanuel-kone/profil/spieler/39190","Central Midfield","21","Cote d'Ivoire","ASEC Mimosas",NA,"Cote d'Ivoire",3e+05,FALSE,NA,"Winter",0,0,0,0
"CFR Cluj","SuperLiga","Romania","2007","Arrivals","Mikael Dorsin","https://www.transfermarkt.com/mikael-dorsin/profil/spieler/6151","Left-Back","26","Sweden","Rosenborg","Eliteserien","Norway",0,FALSE,NA,"Winter",12,8,1,658
"CFR Cluj","SuperLiga","Romania","2007","Arrivals","Ousmane Viera","https://www.transfermarkt.com/ousmane-viera/profil/spieler/69014","Centre-Back","21","Cote d'Ivoire","Unknown",NA,NA,0,FALSE,NA,"Winter",0,0,0,0
"CFR Cluj","SuperLiga","Romania","2007","Arrivals","Viorel Frunza","https://www.transfermarkt.com/viorel-frunza/profil/spieler/46547","Centre-Forward","27","Moldova","Ceahlaul","SuperLiga","Romania",NA,TRUE,"End of loan Dec 1, 2007","Winter",NA,NA,NA,NA
"CFR Cluj","SuperLiga","Romania","2007","Departures","Viorel Frunza","https://www.transfermarkt.com/viorel-frunza/profil/spieler/46547","Centre-Forward","28","Moldova","PAOK Salonika","Super League 1","Greece",75000,TRUE,NA,"Winter",NA,NA,NA,NA
"CFR Cluj","SuperLiga","Romania","2007","Departures","Amoreirinha","https://www.transfermarkt.com/amoreirinha/profil/spieler/14262","Centre-Back","23","Portugal","UTA Arad","SuperLiga","Romania",0,FALSE,NA,"Winter",7,2,0,51
"CFR Cluj","SuperLiga","Romania","2007","Departures","Octavian Chihaia","https://www.transfermarkt.com/octavian-chihaia/profil/spieler/25929","Centre-Forward","26","Romania","CS Mioveni","SuperLiga","Romania",NA,FALSE,"?","Winter",NA,NA,NA,NA
"CFR Cluj","SuperLiga","Romania","2007","Departures","Gualberto Mojica","https://www.transfermarkt.com/gualberto-mojica/profil/spieler/43343","Attacking Midfield","23","Bolivia","Club Blooming",NA,"Bolivia",NA,FALSE,"?","Winter",NA,NA,NA,NA
"CFR Cluj","SuperLiga","Romania","2007","Departures","Nicolás Canales","https://www.transfermarkt.com/nicolas-canales/profil/spieler/44956","Centre-Forward","22","Chile","Union Española","Torneo Clausura","Chile",NA,FALSE,"?","Winter",3,1,0,5
"CFR Cluj","SuperLiga","Romania","2007","Departures","Pedro Oliveira","https://www.transfermarkt.com/pedro-oliveira/profil/spieler/24847","Right Winger","26","Portugal","UTA Arad","SuperLiga","Romania",NA,TRUE,"loan transfer","Winter",2,1,0,3
"CFR Cluj","SuperLiga","Romania","2007","Departures","Radu Marginean","https://www.transfermarkt.com/radu-marginean/profil/spieler/46587","Defensive Midfield","24","Romania","UTA Arad","SuperLiga","Romania",NA,TRUE,"loan transfer","Winter",1,0,0,0
"CFR Cluj","SuperLiga","Romania","2007","Departures","Casian Miclăuş","https://www.transfermarkt.com/casian-miclaus/profil/spieler/43338","Left-Back","30","Romania","CS Mioveni","SuperLiga","Romania",NA,TRUE,"loan transfer","Winter",NA,NA,NA,NA
"CFR Cluj","SuperLiga","Romania","2007","Departures","Ciprian Deac","https://www.transfermarkt.com/ciprian-deac/profil/spieler/43300","Right Winger","21","Romania","Otelul Galati","SuperLiga","Romania",NA,TRUE,"loan transfer","Winter",13,11,0,173
"FC Dinamo 1948","SuperLiga","Romania","2007","Arrivals","Florin Bratu","https://www.transfermarkt.com/florin-bratu/profil/spieler/9710","Centre-Forward","27","Romania","FC Nantes","Ligue 2","France",7e+05,FALSE,NA,"Summer",33,33,15,2424
"FC Dinamo 1948","SuperLiga","Romania","2007","Arrivals","Hristu Chiacu","https://www.transfermarkt.com/hristu-chiacu/profil/spieler/41623","Right Midfield","20","Romania","Wisla Kraków","Ekstraklasa","Poland",2e+05,FALSE,NA,"Summer",16,14,0,313
"FC Dinamo 1948","SuperLiga","Romania","2007","Arrivals","Silviu Izvoranu","https://www.transfermarkt.com/silviu-izvoranu/profil/spieler/47165","Centre-Back","24","Romania","Poli. Timisoara","SuperLiga","Romania",2e+05,FALSE,NA,"Summer",30,24,0,1652
"FC Dinamo 1948","SuperLiga","Romania","2007","Arrivals","John Galliquio","https://www.transfermarkt.com/john-galliquio/profil/spieler/59592","Centre-Back","28","Peru","Universitario","Torneo Descentralizado","Peru",2e+05,FALSE,NA,"Summer",11,10,0,829
"FC Dinamo 1948","SuperLiga","Romania","2007","Arrivals","Gabriel Boștină","https://www.transfermarkt.com/gabriel-bostina/profil/spieler/26489","Left Midfield","30","Romania","FCSB","SuperLiga","Romania",1e+05,FALSE,NA,"Summer",23,21,0,964
"FC Dinamo 1948","SuperLiga","Romania","2007","Arrivals","Innocent Awoa","https://www.transfermarkt.com/innocent-awoa/profil/spieler/81771","Right-Back","19","Cameroon","Rio Maior",NA,"Portugal",50000,FALSE,NA,"Summer",NA,NA,NA,NA
"FC Dinamo 1948","SuperLiga","Romania","2007","Arrivals","Ianis Zicu","https://www.transfermarkt.com/ianis-zicu/profil/spieler/16909","Attacking Midfield","23","Romania","Inter","Serie A","Italy",0,FALSE,NA,"Summer",15,15,2,793
"FC Dinamo 1948","SuperLiga","Romania","2007","Arrivals","Flavius Stoican","https://www.transfermarkt.com/flavius-stoican/profil/spieler/22127","Right-Back","30","Romania","Metalist","Premier Liga","Ukraine",0,FALSE,NA,"Summer",11,8,0,573
"FC Dinamo 1948","SuperLiga","Romania","2007","Arrivals","Valentin Năstase","https://www.transfermarkt.com/valentin-nastase/profil/spieler/28024","Centre-Back","32","Romania","Ascoli","Serie B","Italy",0,FALSE,NA,"Summer",5,4,0,301
"FC Dinamo 1948","SuperLiga","Romania","2007","Arrivals","Daniel Oprița","https://www.transfermarkt.com/daniel-oprita/profil/spieler/26502","Left Winger","25","Romania","FCSB","SuperLiga","Romania",0,FALSE,NA,"Summer",11,9,0,389
"FC Dinamo 1948","SuperLiga","Romania","2007","Arrivals","Anoh Attoukora","https://www.transfermarkt.com/anoh-attoukora/profil/spieler/81770","Left Winger","18","Cote d'Ivoire","Stella Club",NA,"Cote d'Ivoire",0,FALSE,NA,"Summer",NA,NA,NA,NA
"FC Dinamo 1948","SuperLiga","Romania","2007","Arrivals","Mariano Fernández","https://www.transfermarkt.com/mariano-fernandez/profil/spieler/21882","Centre-Back","28","Argentina","Nueva Chicago","Primera Nacional","Argentina",NA,FALSE,"?","Summer",6,3,0,110
"FC Dinamo 1948","SuperLiga","Romania","2007","Arrivals","Ivan Gvozdenovic","https://www.transfermarkt.com/ivan-gvozdenovic/profil/spieler/9635","Centre-Back","29","Serbia","Without Club",NA,NA,NA,FALSE,"-","Summer",3,2,0,79
"FC Dinamo 1948","SuperLiga","Romania","2007","Arrivals","Dan Bucsa","https://www.transfermarkt.com/dan-bucsa/profil/spieler/213583","Defensive Midfield","19","Romania","Dinamo U18",NA,"Romania",NA,FALSE,"-","Summer",NA,NA,NA,NA
"FC Dinamo 1948","SuperLiga","Romania","2007","Arrivals","Lucian Goian","https://www.transfermarkt.com/lucian-goian/profil/spieler/26036","Centre-Back","24","Romania","Ceahlaul","SuperLiga","Romania",NA,TRUE,"End of loan Sep 1, 2007","Summer",28,20,1,1210
"FC Dinamo 1948","SuperLiga","Romania","2007","Arrivals","Alexandru Baltoi","https://www.transfermarkt.com/alexandru-baltoi/profil/spieler/26045","Centre-Forward","25","Romania","FC Arges","SuperLiga","Romania",NA,TRUE,"End of loan Jun 30, 2007","Summer",NA,NA,NA,NA
"FC Dinamo 1948","SuperLiga","Romania","2007","Arrivals","Alexandru Dragomir","https://www.transfermarkt.com/alexandru-dragomir/profil/spieler/142439","Left-Back","22","Romania","FC Sopron","NB I.","Hungary",NA,TRUE,"End of loan Jun 30, 2007","Summer",NA,NA,NA,NA
"FC Dinamo 1948","SuperLiga","Romania","2007","Arrivals","Georgian Păun","https://www.transfermarkt.com/georgian-paun/profil/spieler/74552","Left Winger","21","Romania","Poiana Campina",NA,"Romania",NA,TRUE,"End of loan Jun 30, 2007","Summer",2,2,0,46
"FC Dinamo 1948","SuperLiga","Romania","2007","Arrivals","Cornel Predescu","https://www.transfermarkt.com/cornel-predescu/profil/spieler/44943","Attacking Midfield","19","Romania","Gloria Bistrita","SuperLiga","Romania",NA,TRUE,"End of loan Jun 30, 2007","Summer",1,0,0,0
"FC Dinamo 1948","SuperLiga","Romania","2007","Departures","Silviu Balace","https://www.transfermarkt.com/silviu-balace/profil/spieler/47867","Left-Back","28","Romania","FC Vaslui","SuperLiga","Romania",350000,FALSE,NA,"Summer",NA,NA,NA,NA
"FC Dinamo 1948","SuperLiga","Romania","2007","Departures","Alexandru Baltoi","https://www.transfermarkt.com/alexandru-baltoi/profil/spieler/26045","Centre-Forward","25","Romania","UTA Arad","SuperLiga","Romania",NA,FALSE,"?","Summer",NA,NA,NA,NA
"FC Dinamo 1948","SuperLiga","Romania","2007","Departures","Glen Moss","https://www.transfermarkt.com/glen-moss/profil/spieler/44940","Goalkeeper","24","New Zealand","Wellington","A-League Men","New Zealand",NA,FALSE,"?","Summer",NA,NA,NA,NA
"FC Dinamo 1948","SuperLiga","Romania","2007","Departures","Zé Kalanga","https://www.transfermarkt.com/ze-kalanga/profil/spieler/39988","Right Winger","23","Angola","Boavista","Liga Portugal","Portugal",NA,TRUE,"loan transfer","Summer",NA,NA,NA,NA
"FC Dinamo 1948","SuperLiga","Romania","2007","Departures","Vojislav Vranjkovic","https://www.transfermarkt.com/vojislav-vranjkovic/profil/spieler/36950","Defensive Midfield","24","Serbia","Ceahlaul","SuperLiga","Romania",NA,TRUE,"loan transfer","Summer",8,6,0,302
"FC Dinamo 1948","SuperLiga","Romania","2007","Departures","Georgian Păun","https://www.transfermarkt.com/georgian-paun/profil/spieler/74552","Left Winger","21","Romania","FC Drobeta",NA,"Romania",NA,TRUE,"loan transfer","Summer",2,2,0,46
"FC Dinamo 1948","SuperLiga","Romania","2007","Departures","Jean-Philippe Mendy","https://www.transfermarkt.com/jean-philippe-mendy/profil/spieler/45270","Centre-Forward","20","France","Petrolul",NA,"Romania",NA,TRUE,"loan transfer","Summer",NA,NA,NA,NA
"FC Dinamo 1948","SuperLiga","Romania","2007","Departures","Sergiu Homei","https://www.transfermarkt.com/sergiu-homei/profil/spieler/48140","Right-Back","19","Romania","Poli Iasi","SuperLiga","Romania",NA,TRUE,"loan transfer","Summer",0,0,0,0
"FC Dinamo 1948","SuperLiga","Romania","2007","Departures","Fabrice Fernandes","https://www.transfermarkt.com/fabrice-fernandes/profil/spieler/4116","Left Winger","27","France","Without Club",NA,NA,NA,FALSE,"-","Summer",5,2,0,112
"FC Dinamo 1948","SuperLiga","Romania","2007","Departures","Valentin Năstase","https://www.transfermarkt.com/valentin-nastase/profil/spieler/28024","Centre-Back","32","Romania","Without Club",NA,NA,NA,FALSE,"-","Summer",5,4,0,301
"FC Dinamo 1948","SuperLiga","Romania","2007","Departures","Eugen Craciun","https://www.transfermarkt.com/eugen-craciun/profil/spieler/48666","Right-Back","21","Romania","Dinamo II",NA,"Romania",NA,FALSE,"-","Summer",NA,NA,NA,NA
"FC Dinamo 1948","SuperLiga","Romania","2007","Departures","Valentin Lemnaru","https://www.transfermarkt.com/valentin-lemnaru/profil/spieler/48690","Centre-Forward","23","Romania","Dinamo II",NA,"Romania",NA,FALSE,"-","Summer",NA,NA,NA,NA
"FC Dinamo 1948","SuperLiga","Romania","2007","Arrivals","Gabriel Torje","https://www.transfermarkt.com/gabriel-torje/profil/spieler/47184","Right Winger","18","Romania","Poli. Timisoara","SuperLiga","Romania",2e+06,FALSE,NA,"Winter",16,16,1,754
"FC Dinamo 1948","SuperLiga","Romania","2007","Arrivals","Osvaldo Miranda","https://www.transfermarkt.com/osvaldo-miranda/profil/spieler/30856","Centre-Forward","23","Argentina","Gimnasia (J)","Torneo Clausura","Argentina",1200000,FALSE,NA,"Winter",11,11,2,652
"FC Dinamo 1948","SuperLiga","Romania","2007","Arrivals","Nino Pekaric","https://www.transfermarkt.com/nino-pekaric/profil/spieler/28694","Centre-Back","25","Serbia","Vojvodina","Super liga Srbije","Serbia",1e+06,FALSE,NA,"Winter",3,3,0,181
"FC Dinamo 1948","SuperLiga","Romania","2007","Arrivals","Blagoja Todorovski","https://www.transfermarkt.com/blagoja-todorovski/profil/spieler/26321","Right-Back","22","North Macedonia","Sileks",NA,"North Macedonia",3e+05,FALSE,NA,"Winter",3,2,0,152
"FC Dinamo 1948","SuperLiga","Romania","2007","Arrivals","Florin Matache","https://www.transfermarkt.com/florin-matache/profil/spieler/26031","Goalkeeper","25","Romania","Ceahlaul","SuperLiga","Romania",NA,FALSE,"?","Winter",NA,NA,NA,NA
"FC Dinamo 1948","SuperLiga","Romania","2007","Arrivals","Zié Diabaté","https://www.transfermarkt.com/zie-diabate/profil/spieler/73980","Left-Back","18","Cote d'Ivoire","Unknown",NA,NA,NA,FALSE,"?","Winter",1,1,0,45
"FC Dinamo 1948","SuperLiga","Romania","2007","Arrivals","Ivan Gvozdenovic","https://www.transfermarkt.com/ivan-gvozdenovic/profil/spieler/9635","Centre-Back","29","Serbia","Without Club",NA,NA,NA,FALSE,"-","Winter",3,2,0,79
"FC Dinamo 1948","SuperLiga","Romania","2007","Arrivals","Vojislav Vranjkovic","https://www.transfermarkt.com/vojislav-vranjkovic/profil/spieler/36950","Defensive Midfield","24","Serbia","Ceahlaul","SuperLiga","Romania",NA,TRUE,"End of loan Dec 31, 2007","Winter",8,6,0,302
"FC Dinamo 1948","SuperLiga","Romania","2007","Departures","Claudiu Niculescu","https://www.transfermarkt.com/claudiu-niculescu/profil/spieler/26049","Centre-Forward","31","Romania","MSV Duisburg","Bundesliga","Germany",3e+05,FALSE,NA,"Winter",20,20,3,1379
"FC Dinamo 1948","SuperLiga","Romania","2007","Departures","Ivan Gvozdenovic","https://www.transfermarkt.com/ivan-gvozdenovic/profil/spieler/9635","Centre-Back","29","Serbia","Metalurg D.","Premier Liga","Ukraine",0,FALSE,NA,"Winter",3,2,0,79
"FC Dinamo 1948","SuperLiga","Romania","2007","Departures","Cosmin-Adrian Ichim","https://www.transfermarkt.com/cosmin-adrian-ichim/profil/spieler/67107","Centre-Forward","25","Romania","Bayern Hof","Oberliga Bayern","Germany",0,FALSE,NA,"Winter",NA,NA,NA,NA
"FC Dinamo 1948","SuperLiga","Romania","2007","Departures","Cosmin Mihai","https://www.transfermarkt.com/cosmin-mihai/profil/spieler/67122","Midfielder","24","Romania","Bayern Hof","Oberliga Bayern","Germany",0,FALSE,NA,"Winter",NA,NA,NA,NA
"FC Dinamo 1948","SuperLiga","Romania","2007","Departures","Catalin Rata","https://www.transfermarkt.com/catalin-rata/profil/spieler/67137","Defender","23","Romania","Bayern Hof","Oberliga Bayern","Germany",0,FALSE,NA,"Winter",NA,NA,NA,NA
"FC Dinamo 1948","SuperLiga","Romania","2007","Departures","Dragos Gheorghiu","https://www.transfermarkt.com/dragos-gheorghiu/profil/spieler/67105","Midfielder","20","Romania","Bayern Hof","Oberliga Bayern","Germany",0,FALSE,NA,"Winter",NA,NA,NA,NA
"FC Dinamo 1948","SuperLiga","Romania","2007","Departures","Mariano Fernández","https://www.transfermarkt.com/mariano-fernandez/profil/spieler/21882","Centre-Back","29","Argentina","Atletico Roma","Lega Pro 2 - C","Italy",NA,FALSE,"?","Winter",6,3,0,110
"FC Dinamo 1948","SuperLiga","Romania","2007","Departures","Ștefan Radu","https://www.transfermarkt.com/stefan-radu/profil/spieler/44420","Left-Back","21","Romania","Lazio","Serie A","Italy",NA,TRUE,"loan transfer","Winter",24,24,0,2190
"FC Dinamo 1948","SuperLiga","Romania","2007","Departures","Daniel Oprița","https://www.transfermarkt.com/daniel-oprita/profil/spieler/26502","Left Winger","26","Romania","UTA Arad","SuperLiga","Romania",NA,TRUE,"loan transfer","Winter",11,9,0,389
"FC Dinamo 1948","SuperLiga","Romania","2007","Departures","Hristu Chiacu","https://www.transfermarkt.com/hristu-chiacu/profil/spieler/41623","Right Midfield","21","Romania","CS Mioveni","SuperLiga","Romania",NA,TRUE,"loan transfer","Winter",16,14,0,313
"FC Dinamo 1948","SuperLiga","Romania","2007","Departures","Florin Matache","https://www.transfermarkt.com/florin-matache/profil/spieler/26031","Goalkeeper","25","Romania","CS Otopeni",NA,"Romania",NA,TRUE,"loan transfer","Winter",NA,NA,NA,NA
"FC Dinamo 1948","SuperLiga","Romania","2007","Departures","Adrian Scarlatache","https://www.transfermarkt.com/adrian-scarlatache/profil/spieler/46644","Centre-Back","21","Romania","CS Mioveni","SuperLiga","Romania",NA,TRUE,"loan transfer","Winter",5,1,0,45
"FC Rapid 1923","SuperLiga","Romania","2007","Arrivals","Ovidiu Herea","https://www.transfermarkt.com/ovidiu-herea/profil/spieler/25933","Centre-Forward","22","Romania","Progresul",NA,"Romania",1e+06,FALSE,NA,"Summer",28,26,0,1199
"FC Rapid 1923","SuperLiga","Romania","2007","Arrivals","Césinha","https://www.transfermarkt.com/cesinha/profil/spieler/22945","Second Striker","27","Brazil","SC Braga","Liga Portugal","Portugal",8e+05,FALSE,NA,"Summer",36,36,6,3000
"FC Rapid 1923","SuperLiga","Romania","2007","Arrivals","Ștefan Grigorie","https://www.transfermarkt.com/stefan-grigorie/profil/spieler/26037","Attacking Midfield","25","Romania","Poli. Timisoara","SuperLiga","Romania",8e+05,FALSE,NA,"Summer",26,25,2,1374
"FC Rapid 1923","SuperLiga","Romania","2007","Arrivals","Vladimir Bozovic","https://www.transfermarkt.com/vladimir-bozovic/profil/spieler/36821","Left-Back","25","Montenegro","OFK Beograd","Super liga Srbije","Serbia",5e+05,FALSE,NA,"Summer",30,29,0,2558
"FC Rapid 1923","SuperLiga","Romania","2007","Arrivals","Pierre Boya","https://www.transfermarkt.com/pierre-boya/profil/spieler/14879","Centre-Forward","23","Cameroon","Partizan","Super liga Srbije","Serbia",3e+05,FALSE,NA,"Summer",24,24,7,1582
"FC Rapid 1923","SuperLiga","Romania","2007","Arrivals","Andrade","https://www.transfermarkt.com/andrade/profil/spieler/54703","Goalkeeper","28","Portugal","Duque de Caxias",NA,"Brazil",3e+05,FALSE,NA,"Summer",20,13,0,1080
"FC Rapid 1923","SuperLiga","Romania","2007","Arrivals","Marcos Tamandaré","https://www.transfermarkt.com/marcos-tamandare/profil/spieler/53962","Right-Back","26","Brazil","Porto-PE",NA,"Brazil",3e+05,TRUE,NA,"Summer",10,7,0,326
"FC Rapid 1923","SuperLiga","Romania","2007","Arrivals","Doru Bratu","https://www.transfermarkt.com/doru-bratu/profil/spieler/81724","Centre-Back","18","Romania","Rapid 1923 II",NA,"Romania",NA,FALSE,"-","Summer",NA,NA,NA,NA
"FC Rapid 1923","SuperLiga","Romania","2007","Arrivals","Alexandru Ioniță I","https://www.transfermarkt.com/alexandru-ionita-i/profil/spieler/113865","Centre-Forward","17","Romania","Rapid 1923 II",NA,"Romania",NA,FALSE,"-","Summer",NA,NA,NA,NA
"FC Rapid 1923","SuperLiga","Romania","2007","Departures","Ionut Rada","https://www.transfermarkt.com/ionut-rada/profil/spieler/34506","Centre-Back","24","Romania","FCSB","SuperLiga","Romania",1600000,FALSE,NA,"Summer",NA,NA,NA,NA
"FC Rapid 1923","SuperLiga","Romania","2007","Departures","Valentin Bădoi","https://www.transfermarkt.com/valentin-badoi/profil/spieler/34508","Right-Back","31","Romania","FCSB","SuperLiga","Romania",550000,FALSE,NA,"Summer",NA,NA,NA,NA
"FC Rapid 1923","SuperLiga","Romania","2007","Departures","Mihai Mincă","https://www.transfermarkt.com/mihai-minca/profil/spieler/35431","Goalkeeper","23","Romania","Gloria Buzau","SuperLiga","Romania",0,FALSE,NA,"Summer",NA,NA,NA,NA
"FC Rapid 1923","SuperLiga","Romania","2007","Departures","Apoula Edel","https://www.transfermarkt.com/apoula-edel/profil/spieler/41647","Goalkeeper","21","Armenia","Paris SG","Ligue 1","France",0,FALSE,NA,"Summer",NA,NA,NA,NA
"FC Rapid 1923","SuperLiga","Romania","2007","Departures","Ionel Ganea","https://www.transfermarkt.com/ionel-ganea/profil/spieler/595","Centre-Forward","33","Romania","Poli. Timisoara","SuperLiga","Romania",NA,FALSE,"?","Summer",NA,NA,NA,NA
"FC Rapid 1923","SuperLiga","Romania","2007","Departures","Viorel Moldovan","https://www.transfermarkt.com/viorel-moldovan/profil/spieler/5519","Centre-Forward","34","Romania",NA,NA,NA,NA,FALSE,"-","Summer",NA,NA,NA,NA
"FC Rapid 1923","SuperLiga","Romania","2007","Departures","Ianis Zicu","https://www.transfermarkt.com/ianis-zicu/profil/spieler/16909","Attacking Midfield","23","Romania","Inter","Serie A","Italy",NA,TRUE,"End of loan Jun 30, 2007","Summer",NA,NA,NA,NA
"FC Rapid 1923","SuperLiga","Romania","2007","Arrivals","João Paulo","https://www.transfermarkt.com/joao-paulo/profil/spieler/14309","Centre-Forward","27","Portugal","Leiria","Liga Portugal","Portugal",1200000,FALSE,NA,"Winter",11,11,0,616
"FC Rapid 1923","SuperLiga","Romania","2007","Arrivals","Ranko Despotovic","https://www.transfermarkt.com/ranko-despotovic/profil/spieler/28672","Centre-Forward","24","Serbia","Vojvodina","Super liga Srbije","Serbia",1200000,FALSE,NA,"Winter",9,8,4,448
"FC Rapid 1923","SuperLiga","Romania","2007","Arrivals","Vasco Matos","https://www.transfermarkt.com/vasco-matos/profil/spieler/24195","Right Winger","27","Portugal","Beira-Mar","Liga Portugal 2","Portugal",150000,FALSE,NA,"Winter",5,5,0,171
"FC Rapid 1923","SuperLiga","Romania","2007","Arrivals","Daniel Pancu","https://www.transfermarkt.com/daniel-pancu/profil/spieler/6888","Centre-Forward","30","Romania","Bursaspor","Süper Lig","Türkiye",NA,FALSE,"?","Winter",9,9,2,565
"FC Rapid 1923","SuperLiga","Romania","2007","Arrivals","Philippe Léonard","https://www.transfermarkt.com/philippe-leonard/profil/spieler/5289","Left-Back","33","Belgium","Without Club",NA,NA,NA,FALSE,"-","Winter",11,11,0,797
"FC Rapid 1923","SuperLiga","Romania","2007","Arrivals","Ryan Griffiths","https://www.transfermarkt.com/ryan-griffiths/profil/spieler/42766","Centre-Forward","26","Australia","Liaoning FC","Super League","China",NA,TRUE,"End of loan Dec 1, 2007","Winter",1,1,0,45
"FC Rapid 1923","SuperLiga","Romania","2007","Departures","Ionuț Mazilu","https://www.transfermarkt.com/ionut-mazilu/profil/spieler/43934","Centre-Forward","25","Romania","Dnipro","Premier Liga","Ukraine",4e+06,FALSE,NA,"Winter",19,18,9,1481
"FC Rapid 1923","SuperLiga","Romania","2007","Departures","Marius Măldărășanu","https://www.transfermarkt.com/marius-maldarasanu/profil/spieler/34507","Attacking Midfield","32","Romania","FC Brasov",NA,"Romania",0,FALSE,NA,"Winter",18,17,0,924
"FC Rapid 1923","SuperLiga","Romania","2007","Departures","Ryan Griffiths","https://www.transfermarkt.com/ryan-griffiths/profil/spieler/42766","Centre-Forward","26","Australia","Liaoning FC","Super League","China",NA,FALSE,"?","Winter",1,1,0,45
"FC Rapid 1923","SuperLiga","Romania","2007","Departures","Alexandru Ioniță I","https://www.transfermarkt.com/alexandru-ionita-i/profil/spieler/113865","Centre-Forward","18","Romania","Rocar",NA,"Romania",NA,TRUE,"loan transfer","Winter",NA,NA,NA,NA
"FC Rapid 1923","SuperLiga","Romania","2007","Departures","Marcos Tamandaré","https://www.transfermarkt.com/marcos-tamandare/profil/spieler/53962","Right-Back","26","Brazil","Porto-PE",NA,"Brazil",NA,TRUE,"End of loan Dec 1, 2007","Winter",10,7,0,326
"Politehnica Timisoara (- 2012)",NA,NA,"2007","Arrivals","Dare Vrsic","https://www.transfermarkt.com/dare-vrsic/profil/spieler/19579","Second Striker","22","Slovenia","MSK Zilina","Niké Liga","Slovakia",8e+05,FALSE,NA,"Summer",11,11,0,572
"Politehnica Timisoara (- 2012)",NA,NA,"2007","Arrivals","Florin Sandu","https://www.transfermarkt.com/florin-sandu/profil/spieler/103528","Left-Back","19","Romania","CS Otopeni",NA,"Romania",4e+05,FALSE,NA,"Summer",NA,NA,NA,NA
"Politehnica Timisoara (- 2012)",NA,NA,"2007","Arrivals","Sebastian Cojocnean","https://www.transfermarkt.com/sebastian-cojocnean/profil/spieler/104063","Right Winger","19","Romania","CS Otopeni",NA,"Romania",4e+05,FALSE,NA,"Summer",NA,NA,NA,NA
"Politehnica Timisoara (- 2012)",NA,NA,"2007","Arrivals","Fabian Teusan","https://www.transfermarkt.com/fabian-teusan/profil/spieler/48910","Centre-Back","18","Romania","Jiul Petrosani",NA,"Romania",250000,FALSE,NA,"Summer",NA,NA,NA,NA
"Politehnica Timisoara (- 2012)",NA,NA,"2007","Arrivals","Dejan Rusic","https://www.transfermarkt.com/dejan-rusic/profil/spieler/58366","Centre-Forward","24","Slovenia","NK Celje","Prva Liga","Slovenia",2e+05,FALSE,NA,"Summer",21,20,6,1324
"Politehnica Timisoara (- 2012)",NA,NA,"2007","Arrivals","Stelian Stancu","https://www.transfermarkt.com/stelian-stancu/profil/spieler/45487","Right-Back","25","Romania","FCSB","SuperLiga","Romania",150000,FALSE,NA,"Summer",20,19,0,1503
"Politehnica Timisoara (- 2012)",NA,NA,"2007","Arrivals","Marian Aliuta","https://www.transfermarkt.com/marian-aliuta/profil/spieler/28532","Attacking Midfield","29","Romania","Iraklis","Super League 1","Greece",0,FALSE,NA,"Summer",26,23,1,1372
"Politehnica Timisoara (- 2012)",NA,NA,"2007","Arrivals","Dejan Ilic","https://www.transfermarkt.com/dejan-ilic/profil/spieler/19707","Central Midfield","31","Serbia","M. Tel Aviv","Ligat ha'Al","Israel",0,FALSE,NA,"Summer",NA,NA,NA,NA
"Politehnica Timisoara (- 2012)",NA,NA,"2007","Arrivals","Ionel Ganea","https://www.transfermarkt.com/ionel-ganea/profil/spieler/595","Centre-Forward","33","Romania","FC Rapid 1923","SuperLiga","Romania",NA,FALSE,"?","Summer",17,17,3,1380
"Politehnica Timisoara (- 2012)",NA,NA,"2007","Arrivals","Alin Ratiu","https://www.transfermarkt.com/alin-ratiu/profil/spieler/56041","Centre-Back","24","Romania","Sportul S.",NA,"Romania",NA,FALSE,"?","Summer",14,9,0,567
"Politehnica Timisoara (- 2012)",NA,NA,"2007","Arrivals","Cristian Dancia","https://www.transfermarkt.com/cristian-dancia/profil/spieler/16121","Left-Back","27","Romania","Without Club",NA,NA,NA,FALSE,"-","Summer",16,14,0,1171
"Politehnica Timisoara (- 2012)",NA,NA,"2007","Arrivals","Ersin Mehmedovic","https://www.transfermarkt.com/ersin-mehmedovic/profil/spieler/15539","Centre-Back","26","Serbia","Progresul","SuperLiga","Romania",NA,TRUE,"End of loan Jun 30, 2007","Summer",NA,NA,NA,NA
"Politehnica Timisoara (- 2012)",NA,NA,"2007","Arrivals","Rares Soporan","https://www.transfermarkt.com/rares-soporan/profil/spieler/47890","Defensive Midfield","23","Romania","Ceahlaul","SuperLiga","Romania",NA,TRUE,"End of loan Aug 1, 2007","Summer",NA,NA,NA,NA
"Politehnica Timisoara (- 2012)",NA,NA,"2007","Arrivals","Adrian Ilie","https://www.transfermarkt.com/adrian-ilie/profil/spieler/46565","Centre-Back","25","Romania","Poli Iasi","SuperLiga","Romania",NA,TRUE,"End of loan Jun 30, 2007","Summer",NA,NA,NA,NA
"Politehnica Timisoara (- 2012)",NA,NA,"2007","Departures","Mihăiță Pleșan","https://www.transfermarkt.com/mihaita-plesan/profil/spieler/26683","Central Midfield","24","Romania","FCSB","SuperLiga","Romania",1300000,FALSE,NA,"Summer",2,2,3,170
"Politehnica Timisoara (- 2012)",NA,NA,"2007","Departures","Ifeanyi Emeghara","https://www.transfermarkt.com/ifeanyi-emeghara/profil/spieler/24552","Left-Back","23","Nigeria","FCSB","SuperLiga","Romania",1200000,FALSE,NA,"Summer",NA,NA,NA,NA
"Politehnica Timisoara (- 2012)",NA,NA,"2007","Departures","Ștefan Grigorie","https://www.transfermarkt.com/stefan-grigorie/profil/spieler/26037","Attacking Midfield","25","Romania","FC Rapid 1923","SuperLiga","Romania",8e+05,FALSE,NA,"Summer",NA,NA,NA,NA
"Politehnica Timisoara (- 2012)",NA,NA,"2007","Departures","Adrian Olah","https://www.transfermarkt.com/adrian-olah/profil/spieler/25938","Defensive Midfield","26","Romania","U Cluj","SuperLiga","Romania",4e+05,FALSE,NA,"Summer",NA,NA,NA,NA
"Politehnica Timisoara (- 2012)",NA,NA,"2007","Departures","Ersin Mehmedovic","https://www.transfermarkt.com/ersin-mehmedovic/profil/spieler/15539","Centre-Back","26","Serbia","Unirea Urziceni","SuperLiga","Romania",2e+05,FALSE,NA,"Summer",NA,NA,NA,NA
"Politehnica Timisoara (- 2012)",NA,NA,"2007","Departures","Silviu Izvoranu","https://www.transfermarkt.com/silviu-izvoranu/profil/spieler/47165","Centre-Back","24","Romania","FC Dinamo","SuperLiga","Romania",2e+05,FALSE,NA,"Summer",NA,NA,NA,NA
"Politehnica Timisoara (- 2012)",NA,NA,"2007","Departures","Adrian Ilie","https://www.transfermarkt.com/adrian-ilie/profil/spieler/46565","Centre-Back","25","Romania","Poli Iasi","SuperLiga","Romania",150000,FALSE,NA,"Summer",NA,NA,NA,NA
"Politehnica Timisoara (- 2012)",NA,NA,"2007","Departures","Lucian Turcu","https://www.transfermarkt.com/lucian-turcu/profil/spieler/54497","Left-Back","20","Romania","Gloria Bistrita","SuperLiga","Romania",50000,FALSE,NA,"Summer",NA,NA,NA,NA
"Politehnica Timisoara (- 2012)",NA,NA,"2007","Departures","George Soltuz","https://www.transfermarkt.com/george-soltuz/profil/spieler/55280","Centre-Back","29","Romania","Gloria Bistrita","SuperLiga","Romania",NA,FALSE,"?","Summer",NA,NA,NA,NA
"Politehnica Timisoara (- 2012)",NA,NA,"2007","Departures","Mircea Oprea","https://www.transfermarkt.com/mircea-oprea/profil/spieler/42789","Second Striker","27","Romania","Ceahlaul","SuperLiga","Romania",NA,FALSE,"?","Summer",NA,NA,NA,NA
"Politehnica Timisoara (- 2012)",NA,NA,"2007","Departures","Ionuț Matei","https://www.transfermarkt.com/ionut-matei/profil/spieler/48366","Right Midfield","23","Romania","ACSM Reșița",NA,"Romania",NA,TRUE,"loan transfer","Summer",NA,NA,NA,NA
"Politehnica Timisoara (- 2012)",NA,NA,"2007","Departures","Eduard Zimmermann","https://www.transfermarkt.com/eduard-zimmermann/profil/spieler/33747","Goalkeeper","24","Romania","ACSM Reșița",NA,"Romania",NA,TRUE,"loan transfer","Summer",5,0,0,0
"Politehnica Timisoara (- 2012)",NA,NA,"2007","Departures","Florin Dochita","https://www.transfermarkt.com/florin-dochita/profil/spieler/48667","Centre-Forward","20","Romania","ACSM Reșița",NA,"Romania",NA,TRUE,"loan transfer","Summer",NA,NA,NA,NA
"Politehnica Timisoara (- 2012)",NA,NA,"2007","Departures","Cristian Scutaru","https://www.transfermarkt.com/cristian-scutaru/profil/spieler/47181","Centre-Back","20","Romania","ACSM Reșița",NA,"Romania",NA,TRUE,"loan transfer","Summer",2,1,0,66
"Politehnica Timisoara (- 2012)",NA,NA,"2007","Departures","Rares Soporan","https://www.transfermarkt.com/rares-soporan/profil/spieler/47890","Defensive Midfield","23","Romania","ACSM Reșița",NA,"Romania",NA,TRUE,"loan transfer","Summer",NA,NA,NA,NA
"Politehnica Timisoara (- 2012)",NA,NA,"2007","Departures","Rares Soporan","https://www.transfermarkt.com/rares-soporan/profil/spieler/47890","Defensive Midfield","23","Romania","Ceahlaul","SuperLiga","Romania",NA,TRUE,"loan transfer","Summer",NA,NA,NA,NA
"Politehnica Timisoara (- 2012)",NA,NA,"2007","Departures","Gabriel Siminic","https://www.transfermarkt.com/gabriel-siminic/profil/spieler/107610","Left-Back","21","Romania","ACSM Reșița",NA,"Romania",NA,TRUE,"loan transfer","Summer",NA,NA,NA,NA
"Politehnica Timisoara (- 2012)",NA,NA,"2007","Departures","Bogdan Straut","https://www.transfermarkt.com/bogdan-straut/profil/spieler/126124","Right-Back","21","Romania","ACSM Reșița",NA,"Romania",NA,TRUE,"loan transfer","Summer",NA,NA,NA,NA
"Politehnica Timisoara (- 2012)",NA,NA,"2007","Departures","Ioan Mera","https://www.transfermarkt.com/ioan-mera/profil/spieler/103523","Centre-Back","20","Romania","ACSM Reșița",NA,"Romania",NA,TRUE,"loan transfer","Summer",NA,NA,NA,NA
"Politehnica Timisoara (- 2012)",NA,NA,"2007","Departures","Mircea Axente","https://www.transfermarkt.com/mircea-axente/profil/spieler/69558","Centre-Forward","20","Romania","ACSM Reșița",NA,"Romania",NA,TRUE,"loan transfer","Summer",5,4,0,63
"Politehnica Timisoara (- 2012)",NA,NA,"2007","Departures","Adrian Poparadu","https://www.transfermarkt.com/adrian-poparadu/profil/spieler/104553","Defensive Midfield","19","Romania","ACSM Reșița",NA,"Romania",NA,TRUE,"loan transfer","Summer",NA,NA,NA,NA
"Politehnica Timisoara (- 2012)",NA,NA,"2007","Departures","Alexandru Popovici","https://www.transfermarkt.com/alexandru-popovici/profil/spieler/69564","Right Winger","18","Romania","ACSM Reșița",NA,"Romania",NA,TRUE,"loan transfer","Summer",1,1,0,1
"Politehnica Timisoara (- 2012)",NA,NA,"2007","Departures","Fabian Teusan","https://www.transfermarkt.com/fabian-teusan/profil/spieler/48910","Centre-Back","18","Romania","ACSM Reșița",NA,"Romania",NA,TRUE,"loan transfer","Summer",NA,NA,NA,NA
"Politehnica Timisoara (- 2012)",NA,NA,"2007","Arrivals","Balázs Borbély","https://www.transfermarkt.com/balazs-borbely/profil/spieler/34418","Defensive Midfield","28","Slovakia","FC Petrzalka","Niké Liga","Slovakia",8e+05,FALSE,NA,"Winter",9,9,1,794
"Politehnica Timisoara (- 2012)",NA,NA,"2007","Arrivals","Milos Brezinsky","https://www.transfermarkt.com/milos-brezinsky/profil/spieler/21240","Centre-Back","23","Slovakia","Slovan Liberec","Chance Liga","Czech Republic",5e+05,FALSE,NA,"Winter",13,13,0,1141
"Politehnica Timisoara (- 2012)",NA,NA,"2007","Arrivals","Valentin Bădoi","https://www.transfermarkt.com/valentin-badoi/profil/spieler/34508","Right-Back","32","Romania","FCSB","SuperLiga","Romania",3e+05,FALSE,NA,"Winter",15,15,1,1350
"Politehnica Timisoara (- 2012)",NA,NA,"2007","Arrivals","Elvio Martínez","https://www.transfermarkt.com/elvio-martinez/profil/spieler/70172","Central Midfield","25","Argentina","Aldosivi","Primera Nacional","Argentina",NA,FALSE,"?","Winter",8,8,2,460
"Politehnica Timisoara (- 2012)",NA,NA,"2007","Arrivals","Milhazes","https://www.transfermarkt.com/milhazes/profil/spieler/18947","Left-Back","26","Portugal","Rio Ave","Liga Portugal 2","Portugal",NA,TRUE,"loan transfer","Winter",15,15,0,1350
"Politehnica Timisoara (- 2012)",NA,NA,"2007","Arrivals","Tiberiu Bălan","https://www.transfermarkt.com/tiberiu-balan/profil/spieler/64101","Attacking Midfield","25","Romania","Sportul S.",NA,"Romania",NA,TRUE,"loan transfer","Winter",7,6,0,119
"Politehnica Timisoara (- 2012)",NA,NA,"2007","Arrivals","Ionuț Matei","https://www.transfermarkt.com/ionut-matei/profil/spieler/48366","Right Midfield","23","Romania","ACSM Reșița",NA,"Romania",NA,TRUE,"End of loan Dec 1, 2007","Winter",NA,NA,NA,NA
"Politehnica Timisoara (- 2012)",NA,NA,"2007","Arrivals","Rares Soporan","https://www.transfermarkt.com/rares-soporan/profil/spieler/47890","Defensive Midfield","23","Romania","ACSM Reșița",NA,"Romania",NA,TRUE,"End of loan Dec 1, 2007","Winter",NA,NA,NA,NA
"Politehnica Timisoara (- 2012)",NA,NA,"2007","Arrivals","Eduard Zimmermann","https://www.transfermarkt.com/eduard-zimmermann/profil/spieler/33747","Goalkeeper","24","Romania","ACSM Reșița",NA,"Romania",NA,TRUE,"End of loan Feb 1, 2008","Winter",5,0,0,0
"Politehnica Timisoara (- 2012)",NA,NA,"2007","Arrivals","Cristian Scutaru","https://www.transfermarkt.com/cristian-scutaru/profil/spieler/47181","Centre-Back","20","Romania","ACSM Reșița",NA,"Romania",NA,TRUE,"End of loan Dec 31, 2007","Winter",2,1,0,66
"Politehnica Timisoara (- 2012)",NA,NA,"2007","Arrivals","Florin Dochita","https://www.transfermarkt.com/florin-dochita/profil/spieler/48667","Centre-Forward","20","Romania","ACSM Reșița",NA,"Romania",NA,TRUE,"End of loan Feb 1, 2008","Winter",NA,NA,NA,NA
"Politehnica Timisoara (- 2012)",NA,NA,"2007","Arrivals","Mircea Axente","https://www.transfermarkt.com/mircea-axente/profil/spieler/69558","Centre-Forward","20","Romania","ACSM Reșița",NA,"Romania",NA,TRUE,"End of loan Dec 1, 2007","Winter",5,4,0,63
"Politehnica Timisoara (- 2012)",NA,NA,"2007","Arrivals","Adrian Poparadu","https://www.transfermarkt.com/adrian-poparadu/profil/spieler/104553","Defensive Midfield","20","Romania","ACSM Reșița",NA,"Romania",NA,TRUE,"End of loan Dec 1, 2007","Winter",NA,NA,NA,NA
"Politehnica Timisoara (- 2012)",NA,NA,"2007","Arrivals","Fabian Teusan","https://www.transfermarkt.com/fabian-teusan/profil/spieler/48910","Centre-Back","19","Romania","ACSM Reșița",NA,"Romania",NA,TRUE,"End of loan Dec 31, 2007","Winter",NA,NA,NA,NA
"Politehnica Timisoara (- 2012)",NA,NA,"2007","Arrivals","Alexandru Popovici","https://www.transfermarkt.com/alexandru-popovici/profil/spieler/69564","Right Winger","19","Romania","ACSM Reșița",NA,"Romania",NA,TRUE,"End of loan Dec 1, 2007","Winter",1,1,0,1
"Politehnica Timisoara (- 2012)",NA,NA,"2007","Departures","Gabriel Torje","https://www.transfermarkt.com/gabriel-torje/profil/spieler/47184","Right Winger","18","Romania","FC Dinamo","SuperLiga","Romania",2e+06,FALSE,NA,"Winter",18,17,1,1074
"Politehnica Timisoara (- 2012)",NA,NA,"2007","Departures","Gabriel Caramarin","https://www.transfermarkt.com/gabriel-caramarin/profil/spieler/25928","Left Midfield","30","Romania","CS Otopeni",NA,"Romania",2e+05,FALSE,NA,"Winter",NA,NA,NA,NA
"Politehnica Timisoara (- 2012)",NA,NA,"2007","Departures","Sorin Rădoi","https://www.transfermarkt.com/sorin-radoi/profil/spieler/47180","Right-Back","22","Romania","U Cluj","SuperLiga","Romania",120000,FALSE,NA,"Winter",8,7,1,386
"Politehnica Timisoara (- 2012)",NA,NA,"2007","Departures","Dejan Ilic","https://www.transfermarkt.com/dejan-ilic/profil/spieler/19707","Central Midfield","31","Serbia","AEK Larnaca","Cyprus League","Cyprus",0,FALSE,NA,"Winter",NA,NA,NA,NA
"Politehnica Timisoara (- 2012)",NA,NA,"2007","Departures","Cristian Dancia","https://www.transfermarkt.com/cristian-dancia/profil/spieler/16121","Left-Back","27","Romania","U Cluj","SuperLiga","Romania",NA,FALSE,"?","Winter",16,14,0,1171
"Politehnica Timisoara (- 2012)",NA,NA,"2007","Departures","Peter Omoduemuke","https://www.transfermarkt.com/peter-omoduemuke/profil/spieler/39376","Defensive Midfield","23","Nigeria","Ceahlaul","SuperLiga","Romania",NA,FALSE,"?","Winter",3,0,0,0
"Politehnica Timisoara (- 2012)",NA,NA,"2007","Departures","Andrei Cristea","https://www.transfermarkt.com/andrei-cristea/profil/spieler/26491","Centre-Forward","23","Romania","Poli Iasi","SuperLiga","Romania",NA,TRUE,"loan transfer","Winter",13,7,0,165
"Politehnica Timisoara (- 2012)",NA,NA,"2007","Departures","Ionuț Matei","https://www.transfermarkt.com/ionut-matei/profil/spieler/48366","Right Midfield","23","Romania","Ceahlaul","SuperLiga","Romania",NA,TRUE,"loan transfer","Winter",NA,NA,NA,NA
"Politehnica Timisoara (- 2012)",NA,NA,"2007","Departures","Rares Soporan","https://www.transfermarkt.com/rares-soporan/profil/spieler/47890","Defensive Midfield","23","Romania","U Cluj","SuperLiga","Romania",NA,TRUE,"loan transfer","Winter",NA,NA,NA,NA
"Politehnica Timisoara (- 2012)",NA,NA,"2007","Departures","Florin Sandu","https://www.transfermarkt.com/florin-sandu/profil/spieler/103528","Left-Back","20","Romania","Sportul S.",NA,"Romania",NA,TRUE,"loan transfer","Winter",NA,NA,NA,NA
"Politehnica Timisoara (- 2012)",NA,NA,"2007","Departures","Sebastian Cojocnean","https://www.transfermarkt.com/sebastian-cojocnean/profil/spieler/104063","Right Winger","19","Romania","Sportul S.",NA,"Romania",NA,TRUE,"loan transfer","Winter",NA,NA,NA,NA
"FC Vaslui (- 2014)",NA,NA,"2007","Arrivals","Silviu Balace","https://www.transfermarkt.com/silviu-balace/profil/spieler/47867","Left-Back","28","Romania","FC Dinamo","SuperLiga","Romania",350000,FALSE,NA,"Summer",28,28,1,2389
"FC Vaslui (- 2014)",NA,NA,"2007","Arrivals","Dorinel Munteanu","https://www.transfermarkt.com/dorinel-munteanu/profil/spieler/666","Central Midfield","39","Romania","FC Arges",NA,"Romania",0,FALSE,NA,"Summer",16,16,0,1288
"FC Vaslui (- 2014)",NA,NA,"2007","Arrivals","Marius Matei","https://www.transfermarkt.com/marius-matei/profil/spieler/54689","Centre-Forward","23","Romania","FC Botosani",NA,"Romania",NA,FALSE,"?","Summer",22,20,2,1197
"FC Vaslui (- 2014)",NA,NA,"2007","Arrivals","Veljko Nikitovic","https://www.transfermarkt.com/veljko-nikitovic/profil/spieler/29816","Defensive Midfield","26","Serbia","Gornik Leczna",NA,"Poland",NA,TRUE,"loan transfer","Summer",3,1,0,90
"FC Vaslui (- 2014)",NA,NA,"2007","Arrivals","Sorin Frunză","https://www.transfermarkt.com/sorin-frunza/profil/spieler/26648","Left Midfield","29","Romania","FC Botosani",NA,"Romania",NA,TRUE,"End of loan Jun 30, 2007","Summer",30,30,4,2004
"FC Vaslui (- 2014)",NA,NA,"2007","Arrivals","Petar Jovanovic","https://www.transfermarkt.com/petar-jovanovic/profil/spieler/46576","Right-Back","24","Serbia","OFK Mladenovac",NA,"Serbia",NA,TRUE,"End of loan Jun 30, 2007","Summer",24,23,2,1299
"FC Vaslui (- 2014)",NA,NA,"2007","Departures","Ionut Pavel","https://www.transfermarkt.com/ionut-pavel/profil/spieler/48788","Midfielder","20","Romania","CSM Focsani",NA,"Romania",50000,FALSE,NA,"Summer",0,0,0,0
"FC Vaslui (- 2014)",NA,NA,"2007","Departures","Nuno Gomes","https://www.transfermarkt.com/nuno-gomes/profil/spieler/513361","Centre-Back","27","Portugal","Fostiras",NA,"Greece",0,FALSE,NA,"Summer",NA,NA,NA,NA
"FC Vaslui (- 2014)",NA,NA,"2007","Departures","Cornel Cornea","https://www.transfermarkt.com/cornel-cornea/profil/spieler/46521","Left Midfield","25","Romania","FC Botosani",NA,"Romania",NA,FALSE,"?","Summer",0,0,0,0
"FC Vaslui (- 2014)",NA,NA,"2007","Departures","Florin Matache","https://www.transfermarkt.com/florin-matache/profil/spieler/26031","Goalkeeper","24","Romania","Ceahlaul","SuperLiga","Romania",NA,FALSE,"?","Summer",NA,NA,NA,NA
"FC Vaslui (- 2014)",NA,NA,"2007","Departures","Sorin Ungurianu","https://www.transfermarkt.com/sorin-ungurianu/profil/spieler/46670","Left Midfield","22","Romania","FC Barlad",NA,"Romania",NA,FALSE,"?","Summer",NA,NA,NA,NA
"FC Vaslui (- 2014)",NA,NA,"2007","Departures","Ion Voicu","https://www.transfermarkt.com/ion-voicu/profil/spieler/207902","Left-Back","31","Romania","Dunarea Galati",NA,"Romania",NA,FALSE,"?","Summer",NA,NA,NA,NA
"FC Vaslui (- 2014)",NA,NA,"2007","Departures","Mihai Tataru","https://www.transfermarkt.com/mihai-tataru/profil/spieler/26702","Goalkeeper","28","Romania","ALRO Slatina",NA,"Romania",NA,FALSE,"?","Summer",NA,NA,NA,NA
"FC Vaslui (- 2014)",NA,NA,"2007","Departures","Ionuț Balaur","https://www.transfermarkt.com/ionut-balaur/profil/spieler/64103","Centre-Back","18","Romania","CSM Focsani",NA,"Romania",NA,TRUE,"loan transfer","Summer",NA,NA,NA,NA
"FC Vaslui (- 2014)",NA,NA,"2007","Departures","Kobi Nachtailer","https://www.transfermarkt.com/kobi-nachtailer/profil/spieler/16027","Centre-Back","28","Israel",NA,NA,NA,NA,FALSE,"-","Summer",NA,NA,NA,NA
"FC Vaslui (- 2014)",NA,NA,"2007","Arrivals","Ousmane N'Doye","https://www.transfermarkt.com/ousmane-ndoye/profil/spieler/6973","Defensive Midfield","29","Senegal","Coimbra","Liga Portugal","Portugal",5e+05,FALSE,NA,"Winter",13,13,1,1163
"FC Vaslui (- 2014)",NA,NA,"2007","Arrivals","Hugo Luz","https://www.transfermarkt.com/hugo-luz/profil/spieler/14301","Left-Back","25","Portugal","Olhanense","Liga Portugal 2","Portugal",50000,FALSE,NA,"Winter",10,9,0,810
"FC Vaslui (- 2014)",NA,NA,"2007","Departures","Dorinel Munteanu","https://www.transfermarkt.com/dorinel-munteanu/profil/spieler/666","Central Midfield","39","Romania","U Cluj","SuperLiga","Romania",0,FALSE,NA,"Winter",16,16,0,1288
"FC Vaslui (- 2014)",NA,NA,"2007","Departures","Bogdan Cotolan","https://www.transfermarkt.com/bogdan-cotolan/profil/spieler/43292","Right Midfield","26","Romania","CSM Focsani",NA,"Romania",NA,TRUE,"loan transfer","Winter",4,1,0,25
"FC Vaslui (- 2014)",NA,NA,"2007","Departures","Horatiu Popa","https://www.transfermarkt.com/horatiu-popa/profil/spieler/46628","Centre-Back","25","Romania","UnionSt.Florian","Regional League Central","Austria",NA,TRUE,"loan transfer","Winter",NA,NA,NA,NA
"FC Vaslui (- 2014)",NA,NA,"2007","Departures","Veljko Nikitovic","https://www.transfermarkt.com/veljko-nikitovic/profil/spieler/29816","Defensive Midfield","27","Serbia","Gornik Leczna",NA,"Poland",NA,TRUE,"End of loan Dec 31, 2007","Winter",3,1,0,90
"SC Otelul Galati","SuperLiga","Romania","2007","Arrivals","Zhivko Zhelev","https://www.transfermarkt.com/zhivko-zhelev/profil/spieler/15359","Centre-Back","27","Bulgaria","Lovech","efbet Liga","Bulgaria",150000,FALSE,NA,"Summer",35,35,5,3120
"SC Otelul Galati","SuperLiga","Romania","2007","Arrivals","Martín Saric","https://www.transfermarkt.com/martin-saric/profil/spieler/27929","Defensive Midfield","27","Argentina","Poli Iasi","SuperLiga","Romania",25000,FALSE,NA,"Summer",NA,NA,NA,NA
"SC Otelul Galati","SuperLiga","Romania","2007","Arrivals","Ismail Kouha","https://www.transfermarkt.com/ismail-kouha/profil/spieler/57187","Goalkeeper","23","Morocco","Raja Casablanca",NA,"Morocco",0,FALSE,NA,"Summer",9,8,0,614
"SC Otelul Galati","SuperLiga","Romania","2007","Arrivals","Bertrand Ngapounou","https://www.transfermarkt.com/bertrand-ngapounou/profil/spieler/57201","Centre-Back","24","Cameroon","Žalgiris","A Lyga","Lithuania",NA,FALSE,"?","Summer",5,4,0,284
"SC Otelul Galati","SuperLiga","Romania","2007","Arrivals","Pavel Beganskiy","https://www.transfermarkt.com/pavel-beganskiy/profil/spieler/55849","Centre-Forward","26","Belarus","Soligorsk","Vysheyshaya Liga","Belarus",NA,FALSE,"?","Summer",5,3,0,39
"SC Otelul Galati","SuperLiga","Romania","2007","Arrivals","Eduard Ratnikov","https://www.transfermarkt.com/eduard-ratnikov/profil/spieler/53243","Attacking Midfield","23","Estonia","Tammeka Tartu","Premium Liiga","Estonia",NA,FALSE,"?","Summer",9,7,0,215
"SC Otelul Galati","SuperLiga","Romania","2007","Arrivals","Nakim Veliyev","https://www.transfermarkt.com/nakim-veliyev/profil/spieler/428467","Midfielder","21","Azerbaijan","Karvan",NA,"Azerbaijan",NA,FALSE,"?","Summer",NA,NA,NA,NA
"SC Otelul Galati","SuperLiga","Romania","2007","Arrivals","Adrian Ionescu","https://www.transfermarkt.com/adrian-ionescu/profil/spieler/46570","Defensive Midfield","21","Romania","FC Arges",NA,"Romania",NA,FALSE,"?","Summer",9,8,0,355
"SC Otelul Galati","SuperLiga","Romania","2007","Arrivals","Laurențiu Iorga","https://www.transfermarkt.com/laurentiu-iorga/profil/spieler/59694","Right Winger","19","Romania","Otelul Galati U19",NA,"Romania",NA,FALSE,"-","Summer",18,18,0,1016
"SC Otelul Galati","SuperLiga","Romania","2007","Arrivals","Alexandru Avram","https://www.transfermarkt.com/alexandru-avram/profil/spieler/69405","Attacking Midfield","16","Romania","Otelul Galati U19",NA,"Romania",NA,FALSE,"-","Summer",3,1,0,2
"SC Otelul Galati","SuperLiga","Romania","2007","Arrivals","Marius Iorga","https://www.transfermarkt.com/marius-iorga/profil/spieler/212808","Goalkeeper","27","Romania","Dacia U. Braila",NA,"Romania",NA,TRUE,"End of loan Jun 30, 2007","Summer",NA,NA,NA,NA
"SC Otelul Galati","SuperLiga","Romania","2007","Arrivals","Paul Somodean","https://www.transfermarkt.com/paul-somodean/profil/spieler/200623","Centre-Back","23","Romania","Delta Tulcea",NA,"Romania",NA,TRUE,"End of loan Jun 30, 2007","Summer",NA,NA,NA,NA
"SC Otelul Galati","SuperLiga","Romania","2007","Arrivals","Eduard Tismanaru","https://www.transfermarkt.com/eduard-tismanaru/profil/spieler/95273","Right Midfield","20","Romania","Dacia U. Braila",NA,"Romania",NA,TRUE,"End of loan Jun 30, 2007","Summer",NA,NA,NA,NA
"SC Otelul Galati","SuperLiga","Romania","2007","Arrivals","Silviu Ilie","https://www.transfermarkt.com/silviu-ilie/profil/spieler/53362","Left Midfield","19","Romania","Dunarea Galati",NA,"Romania",NA,TRUE,"End of loan Jun 30, 2007","Summer",34,33,1,1711
"SC Otelul Galati","SuperLiga","Romania","2007","Arrivals","Robert Elek","https://www.transfermarkt.com/robert-elek/profil/spieler/55279","Centre-Forward","19","Romania","Dacia U. Braila",NA,"Romania",NA,TRUE,"End of loan Jun 30, 2007","Summer",31,22,0,230
"SC Otelul Galati","SuperLiga","Romania","2007","Arrivals","Cosmin Gârleanu","https://www.transfermarkt.com/cosmin-garleanu/profil/spieler/107657","Right Midfield","18","Romania","Dacia U. Braila",NA,"Romania",NA,TRUE,"End of loan Jun 30, 2007","Summer",NA,NA,NA,NA
"SC Otelul Galati","SuperLiga","Romania","2007","Departures","Cosmin Vâtcă","https://www.transfermarkt.com/cosmin-vatca/profil/spieler/47477","Goalkeeper","25","Romania","FCSB","SuperLiga","Romania",5e+05,FALSE,NA,"Summer",NA,NA,NA,NA
"SC Otelul Galati","SuperLiga","Romania","2007","Departures","Gabriel Giurgiu","https://www.transfermarkt.com/gabriel-giurgiu/profil/spieler/47640","Central Midfield","24","Romania","Rubin Kazan","Premier Liga","Russia",5e+05,FALSE,NA,"Summer",19,19,0,1692
"SC Otelul Galati","SuperLiga","Romania","2007","Departures","Marius Baciu","https://www.transfermarkt.com/marius-baciu/profil/spieler/13840","Centre-Back","32","Romania","U Cluj","SuperLiga","Romania",0,FALSE,NA,"Summer",NA,NA,NA,NA
"SC Otelul Galati","SuperLiga","Romania","2007","Departures","Cosmin Marginean","https://www.transfermarkt.com/cosmin-marginean/profil/spieler/47440","Right Midfield","28","Romania","Unirea Urziceni","SuperLiga","Romania",0,FALSE,NA,"Summer",NA,NA,NA,NA
"SC Otelul Galati","SuperLiga","Romania","2007","Departures","Marius Iorga","https://www.transfermarkt.com/marius-iorga/profil/spieler/212808","Goalkeeper","27","Romania","FC Snagov",NA,"Romania",0,FALSE,NA,"Summer",NA,NA,NA,NA
"SC Otelul Galati","SuperLiga","Romania","2007","Departures","Cristian Craciun","https://www.transfermarkt.com/cristian-craciun/profil/spieler/47410","Right Midfield","34","Romania","Gloria Buzau","SuperLiga","Romania",NA,FALSE,"?","Summer",NA,NA,NA,NA
"SC Otelul Galati","SuperLiga","Romania","2007","Departures","Eduard Tismanaru","https://www.transfermarkt.com/eduard-tismanaru/profil/spieler/95273","Right Midfield","20","Romania","Jiul Petrosani",NA,"Romania",NA,TRUE,"loan transfer","Summer",NA,NA,NA,NA
"SC Otelul Galati","SuperLiga","Romania","2007","Departures","Viorel Tănase","https://www.transfermarkt.com/viorel-tanase/profil/spieler/47473","Left Midfield","36","Romania",NA,NA,NA,NA,FALSE,"-","Summer",NA,NA,NA,NA
"SC Otelul Galati","SuperLiga","Romania","2007","Arrivals","Stoyan Kolev","https://www.transfermarkt.com/stoyan-kolev/profil/spieler/15015","Goalkeeper","31","Bulgaria","Loko Plovdiv","efbet Liga","Bulgaria",250000,FALSE,NA,"Winter",15,15,0,1350
"SC Otelul Galati","SuperLiga","Romania","2007","Arrivals","Gabriel Viglianti","https://www.transfermarkt.com/gabriel-viglianti/profil/spieler/69455","Attacking Midfield","28","Argentina","Bolívar",NA,"Bolivia",0,FALSE,NA,"Winter",15,15,3,1041
"SC Otelul Galati","SuperLiga","Romania","2007","Arrivals","Adrian Sălăgeanu","https://www.transfermarkt.com/adrian-salageanu/profil/spieler/69518","Left-Back","24","Romania","Somesul Satu M.",NA,"Romania",0,FALSE,NA,"Winter",11,11,0,685
"SC Otelul Galati","SuperLiga","Romania","2007","Arrivals","Gabriel Giurgiu","https://www.transfermarkt.com/gabriel-giurgiu/profil/spieler/47640","Central Midfield","25","Romania","Rubin Kazan","Premier Liga","Russia",NA,TRUE,"loan transfer","Winter",19,19,0,1692
"SC Otelul Galati","SuperLiga","Romania","2007","Arrivals","Ciprian Deac","https://www.transfermarkt.com/ciprian-deac/profil/spieler/43300","Right Winger","21","Romania","CFR Cluj","SuperLiga","Romania",NA,TRUE,"loan transfer","Winter",15,15,2,1340
"SC Otelul Galati","SuperLiga","Romania","2007","Arrivals","Samoel Cojoc","https://www.transfermarkt.com/samoel-cojoc/profil/spieler/69818","Right-Back","18","Romania","Otelul Galati U19",NA,"Romania",NA,FALSE,"-","Winter",7,7,0,400
"SC Otelul Galati","SuperLiga","Romania","2007","Departures","Martín Saric","https://www.transfermarkt.com/martin-saric/profil/spieler/27929","Defensive Midfield","28","Argentina","H. Ramat Gan",NA,"Israel",50000,FALSE,NA,"Winter",NA,NA,NA,NA
"SC Otelul Galati","SuperLiga","Romania","2007","Departures","Ismail Kouha","https://www.transfermarkt.com/ismail-kouha/profil/spieler/57187","Goalkeeper","24","Morocco","OC Safi",NA,"Morocco",0,FALSE,NA,"Winter",9,8,0,614
"SC Otelul Galati","SuperLiga","Romania","2007","Departures","Pavel Beganskiy","https://www.transfermarkt.com/pavel-beganskiy/profil/spieler/55849","Centre-Forward","26","Belarus","FC Mariupol","Persha Liga","Ukraine",0,FALSE,NA,"Winter",5,3,0,39
"SC Otelul Galati","SuperLiga","Romania","2007","Departures","Eduard Ratnikov","https://www.transfermarkt.com/eduard-ratnikov/profil/spieler/53243","Attacking Midfield","24","Estonia","TVMK Tallinn","Premium Liiga","Estonia",0,FALSE,NA,"Winter",9,7,0,215
"SC Otelul Galati","SuperLiga","Romania","2007","Departures","Ionuț Bădescu","https://www.transfermarkt.com/ionut-badescu/profil/spieler/48656","Attacking Midfield","29","Romania","Ceahlaul","SuperLiga","Romania",0,FALSE,NA,"Winter",NA,NA,NA,NA
"SC Otelul Galati","SuperLiga","Romania","2007","Departures","Nakim Veliyev","https://www.transfermarkt.com/nakim-veliyev/profil/spieler/428467","Midfielder","22","Azerbaijan","Without Club",NA,NA,0,FALSE,NA,"Winter",NA,NA,NA,NA
"SC Otelul Galati","SuperLiga","Romania","2007","Departures","Gheorghe Boghiu","https://www.transfermarkt.com/gheorghe-boghiu/profil/spieler/47638","Centre-Forward","26","Moldova","Qyzyljar ","Premier Liga","Kazakhstan",NA,FALSE,"?","Winter",10,3,0,99
"SC Otelul Galati","SuperLiga","Romania","2007","Departures","Bertrand Ngapounou","https://www.transfermarkt.com/bertrand-ngapounou/profil/spieler/57201","Centre-Back","25","Cameroon","Okzhetpes","Premier Liga","Kazakhstan",NA,FALSE,"?","Winter",5,4,0,284
"SC Otelul Galati","SuperLiga","Romania","2007","Departures","Marian Cârjă","https://www.transfermarkt.com/marian-carja/profil/spieler/48658","Right-Back","20","Romania","Astra Giurgiu",NA,"Romania",NA,TRUE,"loan transfer","Winter",11,6,0,190
"SC Otelul Galati","SuperLiga","Romania","2007","Departures","Gil-sik Kim","https://www.transfermarkt.com/gil-sik-kim/profil/spieler/47639","Left Midfield","29","Korea, South","Without Club",NA,NA,NA,FALSE,"-","Winter",12,12,0,866
"CF Gloria Bistrita (- 2015)",NA,NA,"2007","Arrivals","Cosmin Tilincă","https://www.transfermarkt.com/cosmin-tilinca/profil/spieler/43383","Centre-Forward","27","Romania","CFR Cluj","SuperLiga","Romania",150000,FALSE,NA,"Summer",35,35,8,2602
"CF Gloria Bistrita (- 2015)",NA,NA,"2007","Arrivals","Sead Hadzibulic","https://www.transfermarkt.com/sead-hadzibulic/profil/spieler/50164","Centre-Forward","24","Serbia","Novi Pazar","Prva liga Srbije","Serbia",75000,FALSE,NA,"Summer",20,19,1,1048
"CF Gloria Bistrita (- 2015)",NA,NA,"2007","Arrivals","Lucian Turcu","https://www.transfermarkt.com/lucian-turcu/profil/spieler/54497","Left-Back","20","Romania","Poli. Timisoara","SuperLiga","Romania",50000,FALSE,NA,"Summer",26,22,0,1551
"CF Gloria Bistrita (- 2015)",NA,NA,"2007","Arrivals","Bogdan Bucurică","https://www.transfermarkt.com/bogdan-bucurica/profil/spieler/43287","Left-Back","21","Romania","CFR Cluj","SuperLiga","Romania",5000,FALSE,NA,"Summer",NA,NA,NA,NA
"CF Gloria Bistrita (- 2015)",NA,NA,"2007","Arrivals","Lucian Parvu","https://www.transfermarkt.com/lucian-parvu/profil/spieler/18994","Right Winger","25","Romania","FC U Craiova","SuperLiga","Romania",0,FALSE,NA,"Summer",6,6,1,373
"CF Gloria Bistrita (- 2015)",NA,NA,"2007","Arrivals","Cristian Coroian","https://www.transfermarkt.com/cristian-coroian/profil/spieler/43291","Centre-Forward","34","Romania","CFR Cluj","SuperLiga","Romania",0,FALSE,NA,"Summer",29,29,12,2380
"CF Gloria Bistrita (- 2015)",NA,NA,"2007","Arrivals","Pedro Queirós","https://www.transfermarkt.com/pedro-queiros/profil/spieler/95267","Right-Back","22","Portugal","T. Moncorvo",NA,"Portugal",0,FALSE,NA,"Summer",NA,NA,NA,NA
"CF Gloria Bistrita (- 2015)",NA,NA,"2007","Arrivals","Ion Dumitra","https://www.transfermarkt.com/ion-dumitra/profil/spieler/53296","Central Midfield","31","Romania","Minerul Lupeni",NA,"Romania",NA,FALSE,"?","Summer",27,24,1,1582
"CF Gloria Bistrita (- 2015)",NA,NA,"2007","Arrivals","Ciprian Danciu","https://www.transfermarkt.com/ciprian-danciu/profil/spieler/62453","Attacking Midfield","30","Romania","Al-Arabi SC",NA,"Qatar",NA,FALSE,"?","Summer",11,6,0,385
"CF Gloria Bistrita (- 2015)",NA,NA,"2007","Arrivals","George Soltuz","https://www.transfermarkt.com/george-soltuz/profil/spieler/55280","Centre-Back","29","Romania","Poli. Timisoara","SuperLiga","Romania",NA,FALSE,"?","Summer",8,4,0,299
"CF Gloria Bistrita (- 2015)",NA,NA,"2007","Arrivals","Razvan Dobre","https://www.transfermarkt.com/razvan-dobre/profil/spieler/53235","Left Midfield","24","Romania","FCM Targoviste",NA,"Romania",NA,FALSE,"?","Summer",38,34,4,2537
"CF Gloria Bistrita (- 2015)",NA,NA,"2007","Arrivals","Enache Caju","https://www.transfermarkt.com/enache-caju/profil/spieler/58679","Right Midfield","23","Romania","Delta Tulcea",NA,"Romania",NA,FALSE,"?","Summer",17,15,0,855
"CF Gloria Bistrita (- 2015)",NA,NA,"2007","Arrivals","Mădălin Popa","https://www.transfermarkt.com/madalin-popa/profil/spieler/58731","Centre-Back","24","Romania","Nyíregyháza","NB I.","Hungary",NA,FALSE,"?","Summer",8,6,0,540
"CF Gloria Bistrita (- 2015)",NA,NA,"2007","Arrivals","Kenan Ragipovic","https://www.transfermarkt.com/kenan-ragipovic/profil/spieler/50187","Central Midfield","24","Serbia","Novi Pazar","Prva liga Srbije","Serbia",NA,FALSE,"?","Summer",21,20,0,1342
"CF Gloria Bistrita (- 2015)",NA,NA,"2007","Arrivals","Dorin Toma","https://www.transfermarkt.com/dorin-toma/profil/spieler/46667","Left-Back","30","Romania","CFR Cluj","SuperLiga","Romania",NA,TRUE,"loan transfer","Summer",28,26,1,2228
"CF Gloria Bistrita (- 2015)",NA,NA,"2007","Arrivals","Claudiu Codoban","https://www.transfermarkt.com/claudiu-codoban/profil/spieler/64523","Attacking Midfield","19","Romania","Luceafarul",NA,"Romania",NA,FALSE,"-","Summer",4,4,0,159
"CF Gloria Bistrita (- 2015)",NA,NA,"2007","Arrivals","Sandu Bors","https://www.transfermarkt.com/sandu-bors/profil/spieler/202013","Defender","27","Romania","Alba Iulia",NA,"Romania",NA,TRUE,"End of loan Jun 30, 2007","Summer",NA,NA,NA,NA
"CF Gloria Bistrita (- 2015)",NA,NA,"2007","Arrivals","Andrei Bozesan","https://www.transfermarkt.com/andrei-bozesan/profil/spieler/46512","Central Midfield","19","Romania","Forex Brasov",NA,"Romania",NA,TRUE,"End of loan Jun 30, 2007","Summer",2,2,0,63
"CF Gloria Bistrita (- 2015)",NA,NA,"2007","Arrivals","Cosmin Frasinescu","https://www.transfermarkt.com/cosmin-frasinescu/profil/spieler/46546","Centre-Back","22","Romania","Forex Brasov",NA,"Romania",NA,TRUE,"End of loan Jun 30, 2007","Summer",28,26,2,2264
"CF Gloria Bistrita (- 2015)",NA,NA,"2007","Arrivals","Alexandru Vagner","https://www.transfermarkt.com/alexandru-vagner/profil/spieler/48755","Right-Back","17","Romania","Minaur",NA,"Romania",NA,TRUE,"End of loan Jun 30, 2007","Summer",0,0,0,0
"CF Gloria Bistrita (- 2015)",NA,NA,"2007","Departures","Gabriel Mureșan","https://www.transfermarkt.com/gabriel-muresan/profil/spieler/46602","Defensive Midfield","25","Romania","CFR Cluj","SuperLiga","Romania",850000,FALSE,NA,"Summer",NA,NA,NA,NA
"CF Gloria Bistrita (- 2015)",NA,NA,"2007","Departures","Dorel Zaharia","https://www.transfermarkt.com/dorel-zaharia/profil/spieler/46682","Centre-Forward","29","Romania","FCSB","SuperLiga","Romania",5e+05,FALSE,NA,"Summer",5,5,3,480
"CF Gloria Bistrita (- 2015)",NA,NA,"2007","Departures","Mihai Damaschin","https://www.transfermarkt.com/mihai-damaschin/profil/spieler/45266","Centre-Forward","20","Romania","Astra Giurgiu",NA,"Romania",15000,FALSE,NA,"Summer",NA,NA,NA,NA
"CF Gloria Bistrita (- 2015)",NA,NA,"2007","Departures","Henri Siqueira-Barras","https://www.transfermarkt.com/henri-siqueira-barras/profil/spieler/9917","Centre-Back","22","Switzerland","EN Paralimniou","Cyprus League","Cyprus",0,FALSE,NA,"Summer",NA,NA,NA,NA
"CF Gloria Bistrita (- 2015)",NA,NA,"2007","Departures","Razvan Damian","https://www.transfermarkt.com/razvan-damian/profil/spieler/48713","Centre-Back","24","Romania","Astra II",NA,"Romania",0,FALSE,NA,"Summer",7,4,0,190
"CF Gloria Bistrita (- 2015)",NA,NA,"2007","Departures","Cristian Suru","https://www.transfermarkt.com/cristian-suru/profil/spieler/48753","Central Midfield","20","Romania","P. Timisoara B",NA,"Romania",0,FALSE,NA,"Summer",NA,NA,NA,NA
"CF Gloria Bistrita (- 2015)",NA,NA,"2007","Departures","Vilmos Stoica","https://www.transfermarkt.com/vilmos-stoica/profil/spieler/46660","Midfielder","31","Romania","Gaz Metan",NA,"Romania",NA,FALSE,"?","Summer",NA,NA,NA,NA
"CF Gloria Bistrita (- 2015)",NA,NA,"2007","Departures","Robert Tufiși","https://www.transfermarkt.com/robert-tufisi/profil/spieler/46669","Goalkeeper","31","Romania","Forex Brasov",NA,"Romania",NA,FALSE,"?","Summer",NA,NA,NA,NA
"CF Gloria Bistrita (- 2015)",NA,NA,"2007","Departures","Sergiu Costea","https://www.transfermarkt.com/sergiu-costea/profil/spieler/46522","Right Winger","24","Romania","U Cluj","SuperLiga","Romania",NA,FALSE,"?","Summer",6,4,0,261
"CF Gloria Bistrita (- 2015)",NA,NA,"2007","Departures","Claudiu Sarmasan","https://www.transfermarkt.com/claudiu-sarmasan/profil/spieler/282262","Defender","29","Romania","Unknown",NA,NA,NA,FALSE,"?","Summer",NA,NA,NA,NA
"CF Gloria Bistrita (- 2015)",NA,NA,"2007","Departures","Róbert Roszel","https://www.transfermarkt.com/robert-roszel/profil/spieler/46639","Centre-Forward","24","Romania","UTA Arad","SuperLiga","Romania",NA,FALSE,"?","Summer",NA,NA,NA,NA
"CF Gloria Bistrita (- 2015)",NA,NA,"2007","Departures","Levente Peres","https://www.transfermarkt.com/levente-peres/profil/spieler/46623","Midfielder","29","Romania","Avantul Reghin",NA,"Romania",NA,TRUE,"loan transfer","Summer",1,1,0,45
"CF Gloria Bistrita (- 2015)",NA,NA,"2007","Departures","Sandu Bors","https://www.transfermarkt.com/sandu-bors/profil/spieler/202013","Defender","27","Romania","ACSM Reșița",NA,"Romania",NA,TRUE,"loan transfer","Summer",NA,NA,NA,NA
"CF Gloria Bistrita (- 2015)",NA,NA,"2007","Departures","Dan Roman","https://www.transfermarkt.com/dan-roman/profil/spieler/81431","Centre-Forward","21","Romania","Forex Brasov",NA,"Romania",NA,TRUE,"loan transfer","Summer",NA,NA,NA,NA
"CF Gloria Bistrita (- 2015)",NA,NA,"2007","Departures","Voicu Florea","https://www.transfermarkt.com/voicu-florea/profil/spieler/213645","Right Midfield","21","Romania","Bihor Oradea",NA,"Romania",NA,TRUE,"loan transfer","Summer",1,1,0,19
"CF Gloria Bistrita (- 2015)",NA,NA,"2007","Departures","Ciprian Botoser","https://www.transfermarkt.com/ciprian-botoser/profil/spieler/46511","Goalkeeper","20","Romania","Avantul Reghin",NA,"Romania",NA,TRUE,"loan transfer","Summer",NA,NA,NA,NA
"CF Gloria Bistrita (- 2015)",NA,NA,"2007","Departures","Alexandru Vagner","https://www.transfermarkt.com/alexandru-vagner/profil/spieler/48755","Right-Back","17","Romania","Forex Brasov",NA,"Romania",NA,TRUE,"loan transfer","Summer",0,0,0,0
"CF Gloria Bistrita (- 2015)",NA,NA,"2007","Departures","Laur Marian Astilean","https://www.transfermarkt.com/laur-marian-astilean/profil/spieler/46492","Centre-Back","33","Romania",NA,NA,NA,NA,FALSE,"-","Summer",2,1,0,90
"CF Gloria Bistrita (- 2015)",NA,NA,"2007","Departures","Dan Codreanu","https://www.transfermarkt.com/dan-codreanu/profil/spieler/44937","Left Winger","24","Romania","Without Club",NA,NA,NA,FALSE,"-","Summer",NA,NA,NA,NA
"CF Gloria Bistrita (- 2015)",NA,NA,"2007","Departures","Dan Gavrilescu","https://www.transfermarkt.com/dan-gavrilescu/profil/spieler/48720","Midfielder","20","Romania","Without Club",NA,NA,NA,FALSE,"-","Summer",NA,NA,NA,NA
"CF Gloria Bistrita (- 2015)",NA,NA,"2007","Departures","Radu Marginean","https://www.transfermarkt.com/radu-marginean/profil/spieler/46587","Defensive Midfield","24","Romania","CFR Cluj","SuperLiga","Romania",NA,TRUE,"End of loan Jun 30, 2007","Summer",NA,NA,NA,NA
"CF Gloria Bistrita (- 2015)",NA,NA,"2007","Departures","Andrei Vlad","https://www.transfermarkt.com/andrei-vlad/profil/spieler/48758","Goalkeeper","23","Romania","Dinamo II",NA,"Romania",NA,TRUE,"End of loan Jun 30, 2007","Summer",NA,NA,NA,NA
"CF Gloria Bistrita (- 2015)",NA,NA,"2007","Departures","Cornel Predescu","https://www.transfermarkt.com/cornel-predescu/profil/spieler/44943","Attacking Midfield","19","Romania","FC Dinamo","SuperLiga","Romania",NA,TRUE,"End of loan Jun 30, 2007","Summer",NA,NA,NA,NA
"CF Gloria Bistrita (- 2015)",NA,NA,"2007","Arrivals","Sebastian Achim","https://www.transfermarkt.com/sebastian-achim/profil/spieler/69460","Right-Back","21","Romania","Bihor Oradea",NA,"Romania",80000,FALSE,NA,"Winter",9,9,0,626
"CF Gloria Bistrita (- 2015)",NA,NA,"2007","Arrivals","Flavius Moldovan","https://www.transfermarkt.com/flavius-moldovan/profil/spieler/35432","Centre-Back","31","Romania","Unknown",NA,NA,0,FALSE,NA,"Winter",2,2,1,119
"CF Gloria Bistrita (- 2015)",NA,NA,"2007","Arrivals","Cosmin Curiman","https://www.transfermarkt.com/cosmin-curiman/profil/spieler/47565","Goalkeeper","25","Romania","Bihor Oradea",NA,"Romania",0,FALSE,NA,"Winter",2,0,0,0
"CF Gloria Bistrita (- 2015)",NA,NA,"2007","Arrivals","Andrei Muresan","https://www.transfermarkt.com/andrei-muresan/profil/spieler/57228","Centre-Back","22","Romania","U Cluj","SuperLiga","Romania",0,FALSE,NA,"Winter",7,7,0,386
"CF Gloria Bistrita (- 2015)",NA,NA,"2007","Arrivals","Iulian Arhire","https://www.transfermarkt.com/iulian-arhire/profil/spieler/48813","Defensive Midfield","31","Romania","Unirea Urziceni","SuperLiga","Romania",NA,FALSE,"?","Winter",8,8,0,490
"CF Gloria Bistrita (- 2015)",NA,NA,"2007","Arrivals","Sandu Negrean","https://www.transfermarkt.com/sandu-negrean/profil/spieler/46608","Striker","33","Romania","U Cluj","SuperLiga","Romania",NA,FALSE,"?","Winter",11,11,0,728
"CF Gloria Bistrita (- 2015)",NA,NA,"2007","Arrivals","Florin Ganea","https://www.transfermarkt.com/florin-ganea/profil/spieler/48842","Left-Back","31","Romania","Unirea Urziceni","SuperLiga","Romania",NA,FALSE,"?","Winter",11,11,0,779
"CF Gloria Bistrita (- 2015)",NA,NA,"2007","Arrivals","Jasmin Trtovac","https://www.transfermarkt.com/jasmin-trtovac/profil/spieler/50193","Centre-Back","21","Serbia","Novi Pazar","Prva liga Srbije","Serbia",NA,FALSE,"?","Winter",4,4,1,360
"CF Gloria Bistrita (- 2015)",NA,NA,"2007","Departures","Laszlo Sepsi","https://www.transfermarkt.com/laszlo-sepsi/profil/spieler/33622","Left-Back","20","Romania","Benfica","Liga Portugal","Portugal",1500000,FALSE,NA,"Winter",25,25,0,2263
"CF Gloria Bistrita (- 2015)",NA,NA,"2007","Departures","Octavian Abrudan","https://www.transfermarkt.com/octavian-abrudan/profil/spieler/46485","Centre-Back","23","Romania","FC Brasov",NA,"Romania",1e+05,FALSE,NA,"Winter",24,22,1,1937
"CF Gloria Bistrita (- 2015)",NA,NA,"2007","Departures","Bogdan Bucurică","https://www.transfermarkt.com/bogdan-bucurica/profil/spieler/43287","Left-Back","21","Romania","Alba Iulia",NA,"Romania",10000,FALSE,NA,"Winter",NA,NA,NA,NA
"CF Gloria Bistrita (- 2015)",NA,NA,"2007","Departures","George Soltuz","https://www.transfermarkt.com/george-soltuz/profil/spieler/55280","Centre-Back","30","Romania","U Cluj","SuperLiga","Romania",0,FALSE,NA,"Winter",8,4,0,299
"CF Gloria Bistrita (- 2015)",NA,NA,"2007","Departures","Flavius Bad","https://www.transfermarkt.com/flavius-bad/profil/spieler/46496","Centre-Forward","24","Romania","U Cluj","SuperLiga","Romania",0,FALSE,NA,"Winter",22,18,1,357
"CF Gloria Bistrita (- 2015)",NA,NA,"2007","Departures","Lucian Parvu","https://www.transfermarkt.com/lucian-parvu/profil/spieler/18994","Right Winger","25","Romania","Unknown",NA,NA,NA,FALSE,"?","Winter",6,6,1,373
"CF Gloria Bistrita (- 2015)",NA,NA,"2007","Departures","Simão","https://www.transfermarkt.com/simao/profil/spieler/55276","Striker","19","Brazil","FC Botosani",NA,"Romania",NA,FALSE,"?","Winter",1,1,0,4
"CF Gloria Bistrita (- 2015)",NA,NA,"2007","Departures","Adrian Pribac","https://www.transfermarkt.com/adrian-pribac/profil/spieler/61932","Left Midfield","22","Romania","Dunarea Galati",NA,"Romania",NA,FALSE,"?","Winter",4,4,0,230
"CF Gloria Bistrita (- 2015)",NA,NA,"2007","Departures","Octavian Drăgan","https://www.transfermarkt.com/octavian-dragan/profil/spieler/212851","Attacking Midfield","21","Romania","Dunarea Galati",NA,"Romania",NA,FALSE,"?","Winter",2,2,0,80
"CF Gloria Bistrita (- 2015)",NA,NA,"2007","Departures","Razvan Fritea","https://www.transfermarkt.com/razvan-fritea/profil/spieler/48134","Central Midfield","24","Romania","Veria 1960","Super League 1","Greece",NA,TRUE,"loan transfer","Winter",1,1,0,24
"Unirea Urziceni ( - 2011)",NA,NA,"2007","Arrivals","Ersin Mehmedovic","https://www.transfermarkt.com/ersin-mehmedovic/profil/spieler/15539","Centre-Back","26","Serbia","Poli. Timisoara","SuperLiga","Romania",2e+05,FALSE,NA,"Summer",25,24,0,2049
"Unirea Urziceni ( - 2011)",NA,NA,"2007","Arrivals","László Balint","https://www.transfermarkt.com/laszlo-balint/profil/spieler/43278","Centre-Back","28","Romania","UTA Arad","SuperLiga","Romania",150000,FALSE,NA,"Summer",25,21,1,1606
"Unirea Urziceni ( - 2011)",NA,NA,"2007","Arrivals","Iulian Apostol","https://www.transfermarkt.com/iulian-apostol/profil/spieler/46489","Central Midfield","26","Romania","Farul Constanta","SuperLiga","Romania",150000,FALSE,NA,"Summer",23,21,1,1197
"Unirea Urziceni ( - 2011)",NA,NA,"2007","Arrivals","Srdjan Zakula","https://www.transfermarkt.com/srdjan-zakula/profil/spieler/41796","Goalkeeper","28","Serbia","Mladost Apatin","Prva liga Srbije","Serbia",40000,FALSE,NA,"Summer",2,1,0,90
"Unirea Urziceni ( - 2011)",NA,NA,"2007","Arrivals","Cosmin Marginean","https://www.transfermarkt.com/cosmin-marginean/profil/spieler/47440","Right Midfield","28","Romania","Otelul Galati","SuperLiga","Romania",0,FALSE,NA,"Summer",5,1,0,4
"Unirea Urziceni ( - 2011)",NA,NA,"2007","Arrivals","Pablo Brandán","https://www.transfermarkt.com/pablo-brandan/profil/spieler/51711","Central Midfield","24","Argentina","Alavés","LaLiga2","Spain",NA,FALSE,"?","Summer",18,16,1,970
"Unirea Urziceni ( - 2011)",NA,NA,"2007","Arrivals","Cristian Danalache","https://www.transfermarkt.com/cristian-danalache/profil/spieler/48830","Centre-Forward","24","Romania","UTA Arad","SuperLiga","Romania",NA,FALSE,"?","Summer",33,31,10,1866
"Unirea Urziceni ( - 2011)",NA,NA,"2007","Arrivals","Cristian Vlad","https://www.transfermarkt.com/cristian-vlad/profil/spieler/97566","Right Midfield","30","Romania","Agia Napa","Cyprus League","Cyprus",NA,TRUE,"End of loan Jun 1, 2007","Summer",NA,NA,NA,NA
"Unirea Urziceni ( - 2011)",NA,NA,"2007","Arrivals","Cătălin Grigore","https://www.transfermarkt.com/catalin-grigore/profil/spieler/33743","Goalkeeper","29","Romania","FCM Targoviste",NA,"Romania",NA,TRUE,"End of loan Jun 30, 2007","Summer",13,1,0,90
"Unirea Urziceni ( - 2011)",NA,NA,"2007","Arrivals","Nemanja Jovanovic","https://www.transfermarkt.com/nemanja-jovanovic/profil/spieler/47878","Centre-Forward","23","Serbia","Rm. Valcea",NA,"Romania",NA,TRUE,"End of loan Jun 30, 2007","Summer",NA,NA,NA,NA
"Unirea Urziceni ( - 2011)",NA,NA,"2007","Arrivals","Raul Rusescu","https://www.transfermarkt.com/raul-rusescu/profil/spieler/81433","Centre-Forward","18","Romania","Astra II",NA,"Romania",NA,TRUE,"End of loan Jun 30, 2007","Summer",NA,NA,NA,NA
"Unirea Urziceni ( - 2011)",NA,NA,"2007","Departures","Nemanja Jovanovic","https://www.transfermarkt.com/nemanja-jovanovic/profil/spieler/47878","Centre-Forward","23","Serbia","U Cluj","SuperLiga","Romania",2e+05,FALSE,NA,"Summer",NA,NA,NA,NA
"Unirea Urziceni ( - 2011)",NA,NA,"2007","Departures","Milan Jovanovic","https://www.transfermarkt.com/milan-jovanovic/profil/spieler/26668","Centre-Back","23","Montenegro","U Cluj","SuperLiga","Romania",120000,FALSE,NA,"Summer",NA,NA,NA,NA
"Unirea Urziceni ( - 2011)",NA,NA,"2007","Departures","Romik Khachatryan","https://www.transfermarkt.com/romik-khachatryan/profil/spieler/29272","Defensive Midfield","29","Armenia","U Cluj","SuperLiga","Romania",0,FALSE,NA,"Summer",NA,NA,NA,NA
"Unirea Urziceni ( - 2011)",NA,NA,"2007","Departures","Cosmin Marginean","https://www.transfermarkt.com/cosmin-marginean/profil/spieler/47440","Right Midfield","28","Romania","Okzhetpes","Premier Liga","Kazakhstan",0,FALSE,NA,"Summer",5,1,0,4
"Unirea Urziceni ( - 2011)",NA,NA,"2007","Departures","Mircea Oltean","https://www.transfermarkt.com/mircea-oltean/profil/spieler/45271","Goalkeeper","25","Romania","CS Mioveni","SuperLiga","Romania",NA,FALSE,"?","Summer",NA,NA,NA,NA
"Unirea Urziceni ( - 2011)",NA,NA,"2007","Departures","Irinel Voicu","https://www.transfermarkt.com/irinel-voicu/profil/spieler/54715","Centre-Back","30","Romania","CS Mioveni","SuperLiga","Romania",NA,FALSE,"?","Summer",NA,NA,NA,NA
"Unirea Urziceni ( - 2011)",NA,NA,"2007","Departures","Cristian Vlad","https://www.transfermarkt.com/cristian-vlad/profil/spieler/97566","Right Midfield","30","Romania","CSM Ploiesti",NA,"Romania",NA,FALSE,"?","Summer",NA,NA,NA,NA
"Unirea Urziceni ( - 2011)",NA,NA,"2007","Departures","Alexandru Pojer","https://www.transfermarkt.com/alexandru-pojer/profil/spieler/48891","Attacking Midfield","29","Romania","Modelu",NA,"Romania",NA,FALSE,"?","Summer",NA,NA,NA,NA
"Unirea Urziceni ( - 2011)",NA,NA,"2007","Departures","Marius Suleap","https://www.transfermarkt.com/marius-suleap/profil/spieler/48906","Attacking Midfield","27","Romania","Gloria Buzau","SuperLiga","Romania",NA,FALSE,"?","Summer",NA,NA,NA,NA
"Unirea Urziceni ( - 2011)",NA,NA,"2007","Departures","Dan Balauru","https://www.transfermarkt.com/dan-balauru/profil/spieler/55297","Right Midfield","26","Romania","CS Mioveni","SuperLiga","Romania",NA,FALSE,"?","Summer",NA,NA,NA,NA
"Unirea Urziceni ( - 2011)",NA,NA,"2007","Departures","Viorel Nicoara","https://www.transfermarkt.com/viorel-nicoara/profil/spieler/157022","Left Midfield","19","Romania","Râmnicu Sarat",NA,"Romania",NA,TRUE,"loan transfer","Summer",NA,NA,NA,NA
"Unirea Urziceni ( - 2011)",NA,NA,"2007","Departures","Raul Rusescu","https://www.transfermarkt.com/raul-rusescu/profil/spieler/81433","Centre-Forward","18","Romania","CS Otopeni",NA,"Romania",NA,TRUE,"loan transfer","Summer",NA,NA,NA,NA
"Unirea Urziceni ( - 2011)",NA,NA,"2007","Departures","Alin Cocos","https://www.transfermarkt.com/alin-cocos/profil/spieler/277712","Defender","20","Romania","Without Club",NA,NA,NA,FALSE,"-","Summer",NA,NA,NA,NA
"Unirea Urziceni ( - 2011)",NA,NA,"2007","Departures","Alex Leandro","https://www.transfermarkt.com/alex-leandro/profil/spieler/21337","Centre-Forward","22","Brazil","FC Sion","Super League","Switzerland",NA,TRUE,"End of loan Jun 30, 2007","Summer",NA,NA,NA,NA
"Unirea Urziceni ( - 2011)",NA,NA,"2007","Arrivals","Giedrius Arlauskis","https://www.transfermarkt.com/giedrius-arlauskis/profil/spieler/69001","Goalkeeper","20","Lithuania","Siauliai","A Lyga","Lithuania",150000,FALSE,NA,"Winter",6,4,0,360
"Unirea Urziceni ( - 2011)",NA,NA,"2007","Arrivals","Jacob Burns","https://www.transfermarkt.com/jacob-burns/profil/spieler/4096","Defensive Midfield","29","Australia","Wisla Kraków","Ekstraklasa","Poland",0,FALSE,NA,"Winter",11,11,0,778
"Unirea Urziceni ( - 2011)",NA,NA,"2007","Arrivals","Liviu Rusu","https://www.transfermarkt.com/liviu-rusu/profil/spieler/46640","Left-Back","26","Romania","Progresul",NA,"Romania",0,FALSE,NA,"Winter",2,2,0,180
"Unirea Urziceni ( - 2011)",NA,NA,"2007","Arrivals","Davydas Arlauskis","https://www.transfermarkt.com/davydas-arlauskis/profil/spieler/69000","Centre-Back","21","Lithuania","Siauliai","A Lyga","Lithuania",NA,FALSE,"?","Winter",0,0,0,0
"Unirea Urziceni ( - 2011)",NA,NA,"2007","Departures","Gheorghe Rohat","https://www.transfermarkt.com/gheorghe-rohat/profil/spieler/48896","Centre-Back","32","Romania","Astra Giurgiu",NA,"Romania",0,FALSE,NA,"Winter",6,3,0,270
"Unirea Urziceni ( - 2011)",NA,NA,"2007","Departures","Iulian Arhire","https://www.transfermarkt.com/iulian-arhire/profil/spieler/48813","Defensive Midfield","31","Romania","Gloria Bistrita","SuperLiga","Romania",NA,FALSE,"?","Winter",1,0,0,0
"Unirea Urziceni ( - 2011)",NA,NA,"2007","Departures","Florin Ganea","https://www.transfermarkt.com/florin-ganea/profil/spieler/48842","Left-Back","31","Romania","Gloria Bistrita","SuperLiga","Romania",NA,FALSE,"?","Winter",NA,NA,NA,NA
"FC Universitatea Cluj","SuperLiga","Romania","2007","Arrivals","Adrian Olah","https://www.transfermarkt.com/adrian-olah/profil/spieler/25938","Defensive Midfield","26","Romania","Poli. Timisoara","SuperLiga","Romania",4e+05,FALSE,NA,"Summer",17,17,1,1475
"FC Universitatea Cluj","SuperLiga","Romania","2007","Arrivals","Nemanja Jovanovic","https://www.transfermarkt.com/nemanja-jovanovic/profil/spieler/47878","Centre-Forward","23","Serbia","Unirea Urziceni","SuperLiga","Romania",2e+05,FALSE,NA,"Summer",29,29,6,2353
"FC Universitatea Cluj","SuperLiga","Romania","2007","Arrivals","Milan Jovanovic","https://www.transfermarkt.com/milan-jovanovic/profil/spieler/26668","Centre-Back","23","Montenegro","Unirea Urziceni","SuperLiga","Romania",120000,FALSE,NA,"Summer",16,16,1,1288
"FC Universitatea Cluj","SuperLiga","Romania","2007","Arrivals","Gigel Coman","https://www.transfermarkt.com/gigel-coman/profil/spieler/25930","Left Midfield","28","Romania","FCSB","SuperLiga","Romania",1e+05,FALSE,NA,"Summer",25,25,0,1771
"FC Universitatea Cluj","SuperLiga","Romania","2007","Arrivals","Marius Baciu","https://www.transfermarkt.com/marius-baciu/profil/spieler/13840","Centre-Back","32","Romania","Otelul Galati","SuperLiga","Romania",0,FALSE,NA,"Summer",12,9,0,706
"FC Universitatea Cluj","SuperLiga","Romania","2007","Arrivals","Romik Khachatryan","https://www.transfermarkt.com/romik-khachatryan/profil/spieler/29272","Defensive Midfield","29","Armenia","Unirea Urziceni","SuperLiga","Romania",0,FALSE,NA,"Summer",12,12,0,1056
"FC Universitatea Cluj","SuperLiga","Romania","2007","Arrivals","Mamadou Zongo","https://www.transfermarkt.com/mamadou-zongo/profil/spieler/4436","Right Winger","26","Burkina Faso","Ethn. Piraeus","Football League","Greece",0,FALSE,NA,"Summer",2,2,0,103
"FC Universitatea Cluj","SuperLiga","Romania","2007","Arrivals","Cosmin Crusoveanu","https://www.transfermarkt.com/cosmin-crusoveanu/profil/spieler/54730","Centre-Back","23","Romania","Corvinul 2005",NA,"Romania",0,FALSE,NA,"Summer",1,0,0,0
"FC Universitatea Cluj","SuperLiga","Romania","2007","Arrivals","Martin Tudor","https://www.transfermarkt.com/martin-tudor/profil/spieler/26507","Goalkeeper","31","Romania","CFR Cluj","SuperLiga","Romania",NA,FALSE,"?","Summer",11,10,0,900
"FC Universitatea Cluj","SuperLiga","Romania","2007","Arrivals","Mugur Bolohan","https://www.transfermarkt.com/mugur-bolohan/profil/spieler/54726","Defensive Midfield","31","Romania","Nea Salamis","Cyprus League","Cyprus",NA,FALSE,"?","Summer",15,9,0,624
"FC Universitatea Cluj","SuperLiga","Romania","2007","Arrivals","Sergiu Costea","https://www.transfermarkt.com/sergiu-costea/profil/spieler/46522","Right Winger","24","Romania","Gloria Bistrita","SuperLiga","Romania",NA,FALSE,"?","Summer",4,3,0,77
"FC Universitatea Cluj","SuperLiga","Romania","2007","Arrivals","Ciprian Suciu","https://www.transfermarkt.com/ciprian-suciu/profil/spieler/54748","Centre-Forward","20","Romania","Unknown",NA,NA,NA,FALSE,"?","Summer",6,5,0,37
"FC Universitatea Cluj","SuperLiga","Romania","2007","Arrivals","Bogdan Farcas","https://www.transfermarkt.com/bogdan-farcas/profil/spieler/54732","Goalkeeper","17","Romania","U Cluj II",NA,"Romania",NA,FALSE,"-","Summer",NA,NA,NA,NA
"FC Universitatea Cluj","SuperLiga","Romania","2007","Arrivals","Bogdan Mitrea","https://www.transfermarkt.com/bogdan-mitrea/profil/spieler/208866","Centre-Back","19","Romania","CS Beiuș",NA,"Romania",NA,TRUE,"End of loan Jun 30, 2007","Summer",NA,NA,NA,NA
"FC Universitatea Cluj","SuperLiga","Romania","2007","Departures","Paul Simon","https://www.transfermarkt.com/paul-simon/profil/spieler/291499","Centre-Back","35","Romania","Sanatatea",NA,"Romania",0,FALSE,NA,"Summer",NA,NA,NA,NA
"FC Universitatea Cluj","SuperLiga","Romania","2007","Departures","Jong-cheon Kim","https://www.transfermarkt.com/jong-cheon-kim/profil/spieler/688197","Centre-Back","30","Korea, South","Yongin City",NA,"Korea, South",0,FALSE,NA,"Summer",NA,NA,NA,NA
"FC Universitatea Cluj","SuperLiga","Romania","2007","Departures","Bogdan Mitrea","https://www.transfermarkt.com/bogdan-mitrea/profil/spieler/208866","Centre-Back","19","Romania","Unknown",NA,NA,0,FALSE,NA,"Summer",NA,NA,NA,NA
"FC Universitatea Cluj","SuperLiga","Romania","2007","Departures","Dănuț Șomcherechi","https://www.transfermarkt.com/danut-somcherechi/profil/spieler/64077","Centre-Back","34","Romania","Progresul",NA,"Romania",NA,FALSE,"?","Summer",NA,NA,NA,NA
"FC Universitatea Cluj","SuperLiga","Romania","2007","Departures","Bogdan Farcas","https://www.transfermarkt.com/bogdan-farcas/profil/spieler/54732","Goalkeeper","17","Romania","FC Sibiu",NA,"Romania",NA,TRUE,"loan transfer","Summer",NA,NA,NA,NA
"FC Universitatea Cluj","SuperLiga","Romania","2007","Departures","Ovidiu Stoianof","https://www.transfermarkt.com/ovidiu-stoianof/profil/spieler/26694","Centre-Forward","22","Romania","FC U Craiova","SuperLiga","Romania",NA,TRUE,"End of loan Jun 30, 2007","Summer",NA,NA,NA,NA
"FC Universitatea Cluj","SuperLiga","Romania","2007","Arrivals","Cristian Silvasan","https://www.transfermarkt.com/cristian-silvasan/profil/spieler/33745","Centre-Forward","25","Romania","Poli Iasi","SuperLiga","Romania",250000,FALSE,NA,"Winter",9,9,3,778
"FC Universitatea Cluj","SuperLiga","Romania","2007","Arrivals","Sorin Rădoi","https://www.transfermarkt.com/sorin-radoi/profil/spieler/47180","Right-Back","22","Romania","Poli. Timisoara","SuperLiga","Romania",120000,FALSE,NA,"Winter",9,9,0,773
"FC Universitatea Cluj","SuperLiga","Romania","2007","Arrivals","André Astorga","https://www.transfermarkt.com/andre-astorga/profil/spieler/4753","Centre-Back","27","Brazil","Remo",NA,"Brazil",0,FALSE,NA,"Winter",12,12,2,872
"FC Universitatea Cluj","SuperLiga","Romania","2007","Arrivals","George Soltuz","https://www.transfermarkt.com/george-soltuz/profil/spieler/55280","Centre-Back","30","Romania","Gloria Bistrita","SuperLiga","Romania",0,FALSE,NA,"Winter",9,9,0,700
"FC Universitatea Cluj","SuperLiga","Romania","2007","Arrivals","Flavius Bad","https://www.transfermarkt.com/flavius-bad/profil/spieler/46496","Centre-Forward","24","Romania","Gloria Bistrita","SuperLiga","Romania",0,FALSE,NA,"Winter",13,13,2,557
"FC Universitatea Cluj","SuperLiga","Romania","2007","Arrivals","Dorinel Munteanu","https://www.transfermarkt.com/dorinel-munteanu/profil/spieler/666","Central Midfield","39","Romania","FC Vaslui","SuperLiga","Romania",0,FALSE,NA,"Winter",NA,NA,NA,NA
"FC Universitatea Cluj","SuperLiga","Romania","2007","Arrivals","Claudiu Răducanu","https://www.transfermarkt.com/claudiu-raducanu/profil/spieler/16032","Centre-Forward","31","Romania","Sorrento","Serie C - B","Italy",NA,FALSE,"?","Winter",9,9,0,371
"FC Universitatea Cluj","SuperLiga","Romania","2007","Arrivals","Cristian Dancia","https://www.transfermarkt.com/cristian-dancia/profil/spieler/16121","Left-Back","27","Romania","Poli. Timisoara","SuperLiga","Romania",NA,FALSE,"?","Winter",10,10,0,821
"FC Universitatea Cluj","SuperLiga","Romania","2007","Arrivals","Zeno Bundea","https://www.transfermarkt.com/zeno-bundea/profil/spieler/1395","Attacking Midfield","30","Romania","Maccabi Netanya","Ligat ha'Al","Israel",NA,FALSE,"?","Winter",13,13,1,939
"FC Universitatea Cluj","SuperLiga","Romania","2007","Arrivals","Mircea Oltean","https://www.transfermarkt.com/mircea-oltean/profil/spieler/45271","Goalkeeper","25","Romania","CS Mioveni","SuperLiga","Romania",NA,FALSE,"?","Winter",0,0,0,0
"FC Universitatea Cluj","SuperLiga","Romania","2007","Arrivals","Petru Budeanu","https://www.transfermarkt.com/petru-budeanu/profil/spieler/69411","Central Midfield","29","Romania","Curtea de Arges",NA,"Romania",NA,FALSE,"?","Winter",6,6,0,371
"FC Universitatea Cluj","SuperLiga","Romania","2007","Arrivals","Fabien Boudarène","https://www.transfermarkt.com/fabien-boudarene/profil/spieler/5398","Defensive Midfield","29","France","Lovech","efbet Liga","Bulgaria",NA,TRUE,"loan transfer","Winter",8,8,0,630
"FC Universitatea Cluj","SuperLiga","Romania","2007","Arrivals","Arjon Mustafa","https://www.transfermarkt.com/arjon-mustafa/profil/spieler/60481","Goalkeeper","27","Albania","KS Kastrioti",NA,"Albania",NA,TRUE,"loan transfer","Winter",NA,NA,NA,NA
"FC Universitatea Cluj","SuperLiga","Romania","2007","Arrivals","Rares Soporan","https://www.transfermarkt.com/rares-soporan/profil/spieler/47890","Defensive Midfield","23","Romania","Poli. Timisoara","SuperLiga","Romania",NA,TRUE,"loan transfer","Winter",0,0,0,0
"FC Universitatea Cluj","SuperLiga","Romania","2007","Arrivals","Fábio Bilica","https://www.transfermarkt.com/fabio-bilica/profil/spieler/15454","Centre-Back","28","Brazil","Without Club",NA,NA,NA,FALSE,"-","Winter",17,17,0,1530
"FC Universitatea Cluj","SuperLiga","Romania","2007","Arrivals","Pieter Merlier","https://www.transfermarkt.com/pieter-merlier/profil/spieler/19388","Goalkeeper","28","Belgium","Without Club",NA,NA,NA,FALSE,"-","Winter",14,14,0,1260
"FC Universitatea Cluj","SuperLiga","Romania","2007","Arrivals","Bogdan Farcas","https://www.transfermarkt.com/bogdan-farcas/profil/spieler/54732","Goalkeeper","18","Romania","FC Sibiu",NA,"Romania",NA,TRUE,"End of loan Jun 30, 2008","Winter",NA,NA,NA,NA
"FC Universitatea Cluj","SuperLiga","Romania","2007","Departures","Do-yong Kim","https://www.transfermarkt.com/do-yong-kim/profil/spieler/709814","Left Winger","31","Korea, South","Busan Trans. C.",NA,"Korea, South",0,FALSE,NA,"Winter",NA,NA,NA,NA
"FC Universitatea Cluj","SuperLiga","Romania","2007","Departures","Jae-hong Park","https://www.transfermarkt.com/jae-hong-park/profil/spieler/27400","Centre-Back","29","Korea, South","Gyeongnam FC","K League 1","Korea, South",0,FALSE,NA,"Winter",14,14,2,1235
"FC Universitatea Cluj","SuperLiga","Romania","2007","Departures","Andrei Muresan","https://www.transfermarkt.com/andrei-muresan/profil/spieler/57228","Centre-Back","22","Romania","Gloria Bistrita","SuperLiga","Romania",0,FALSE,NA,"Winter",8,5,0,246
"FC Universitatea Cluj","SuperLiga","Romania","2007","Departures","Marius Baciu","https://www.transfermarkt.com/marius-baciu/profil/spieler/13840","Centre-Back","32","Romania","Gaz Metan",NA,"Romania",NA,FALSE,"?","Winter",12,9,0,706
"FC Universitatea Cluj","SuperLiga","Romania","2007","Departures","Romik Khachatryan","https://www.transfermarkt.com/romik-khachatryan/profil/spieler/29272","Defensive Midfield","29","Armenia","APOP Kinyras","Cyprus League","Cyprus",NA,FALSE,"?","Winter",12,12,0,1056
"FC Universitatea Cluj","SuperLiga","Romania","2007","Departures","Sandu Negrean","https://www.transfermarkt.com/sandu-negrean/profil/spieler/46608","Striker","33","Romania","Gloria Bistrita","SuperLiga","Romania",NA,FALSE,"?","Winter",14,13,0,291
"FC Universitatea Cluj","SuperLiga","Romania","2007","Departures","Sorin Iodi","https://www.transfermarkt.com/sorin-iodi/profil/spieler/54737","Centre-Back","31","Romania","CS Otopeni",NA,"Romania",NA,FALSE,"?","Winter",14,8,0,501
"FC Universitatea Cluj","SuperLiga","Romania","2007","Departures","Mugur Bolohan","https://www.transfermarkt.com/mugur-bolohan/profil/spieler/54726","Defensive Midfield","31","Romania","GS Ilioupolis",NA,"Greece",NA,FALSE,"?","Winter",15,9,0,624
"FC Universitatea Cluj","SuperLiga","Romania","2007","Departures","Vasile Ghindaru","https://www.transfermarkt.com/vasile-ghindaru/profil/spieler/54734","Defensive Midfield","29","Romania","Concordia",NA,"Romania",NA,FALSE,"?","Winter",10,9,0,486
"FC Universitatea Cluj","SuperLiga","Romania","2007","Departures","Viorel Santejudean","https://www.transfermarkt.com/viorel-santejudean/profil/spieler/323254","Striker","24","Romania","CSM Deva",NA,"Romania",NA,FALSE,"?","Winter",NA,NA,NA,NA
"FC Universitatea Cluj","SuperLiga","Romania","2007","Departures","Sergiu Costea","https://www.transfermarkt.com/sergiu-costea/profil/spieler/46522","Right Winger","24","Romania","Alba Iulia",NA,"Romania",NA,FALSE,"?","Winter",4,3,0,77
"FC Universitatea Cluj","SuperLiga","Romania","2007","Departures","Ciprian Suciu","https://www.transfermarkt.com/ciprian-suciu/profil/spieler/54748","Centre-Forward","20","Romania","Unknown",NA,NA,NA,FALSE,"?","Winter",6,5,0,37
"FC Universitatea Cluj","SuperLiga","Romania","2007","Departures","Emil Szolomajer","https://www.transfermarkt.com/emil-szolomajer/profil/spieler/54750","Goalkeeper","33","Romania","Ariesul Turda",NA,"Romania",NA,TRUE,"loan transfer","Winter",13,5,0,450
"FC Universitatea Cluj","SuperLiga","Romania","2007","Departures","Adrian Borza","https://www.transfermarkt.com/adrian-borza/profil/spieler/203085","Left Midfield","22","Romania","CSM Deva",NA,"Romania",NA,TRUE,"loan transfer","Winter",NA,NA,NA,NA
"FC Universitatea Cluj","SuperLiga","Romania","2007","Departures","Cosmin Crusoveanu","https://www.transfermarkt.com/cosmin-crusoveanu/profil/spieler/54730","Centre-Back","23","Romania","Corvinul 2005",NA,"Romania",NA,TRUE,"loan transfer","Winter",1,0,0,0
"FC Universitatea Cluj","SuperLiga","Romania","2007","Departures","Martin Tudor","https://www.transfermarkt.com/martin-tudor/profil/spieler/26507","Goalkeeper","31","Romania",NA,NA,NA,NA,FALSE,"-","Winter",11,10,0,900
"FC Universitatea Cluj","SuperLiga","Romania","2007","Departures","Mamadou Zongo","https://www.transfermarkt.com/mamadou-zongo/profil/spieler/4436","Right Winger","27","Burkina Faso","Without Club",NA,NA,NA,FALSE,"-","Winter",2,2,0,103
"FC Universitatea Cluj","SuperLiga","Romania","2007","Departures","Arjon Mustafa","https://www.transfermarkt.com/arjon-mustafa/profil/spieler/60481","Goalkeeper","28","Albania","KS Kastrioti",NA,"Albania",NA,TRUE,"End of loan Feb 1, 2008","Winter",NA,NA,NA,NA
"CSM Ceahlaul Piatra Neamt","Liga 2","Romania","2007","Arrivals","Hamza Mohammed","https://www.transfermarkt.com/hamza-mohammed/profil/spieler/37644","Midfielder","26","Ghana","King Harrison Accra",NA,"Ghana",0,FALSE,NA,"Summer",19,19,0,1584
"CSM Ceahlaul Piatra Neamt","Liga 2","Romania","2007","Arrivals","Alexandru Golban","https://www.transfermarkt.com/alexandru-golban/profil/spieler/46743","Centre-Forward","28","Moldova","E. Braunschweig","Regionalliga Nord","Germany",0,FALSE,NA,"Summer",15,14,2,1035
"CSM Ceahlaul Piatra Neamt","Liga 2","Romania","2007","Arrivals","Constantin Schumacher","https://www.transfermarkt.com/constantin-schumacher/profil/spieler/48749","Attacking Midfield","31","Romania","FC Arges",NA,"Romania",0,FALSE,NA,"Summer",14,14,0,1158
"CSM Ceahlaul Piatra Neamt","Liga 2","Romania","2007","Arrivals","Bruno Fernandes","https://www.transfermarkt.com/bruno-fernandes/profil/spieler/25158","Centre-Back","28","Guinea-Bissau","Desportivo Aves","Liga Portugal 2","Portugal",0,FALSE,NA,"Summer",20,20,0,1800
"CSM Ceahlaul Piatra Neamt","Liga 2","Romania","2007","Arrivals","Narcis Răducan","https://www.transfermarkt.com/narcis-raducan/profil/spieler/64285","Attacking Midfield","32","Romania","AEL Limassol","Cyprus League","Cyprus",0,FALSE,NA,"Summer",8,5,1,258
"CSM Ceahlaul Piatra Neamt","Liga 2","Romania","2007","Arrivals","Florin Matache","https://www.transfermarkt.com/florin-matache/profil/spieler/26031","Goalkeeper","24","Romania","FC Vaslui","SuperLiga","Romania",NA,FALSE,"?","Summer",13,3,0,270
"CSM Ceahlaul Piatra Neamt","Liga 2","Romania","2007","Arrivals","Marius Iordache","https://www.transfermarkt.com/marius-iordache/profil/spieler/26665","Left-Back","28","Romania","Ethnikos","Cyprus League","Cyprus",NA,FALSE,"?","Summer",10,8,0,345
"CSM Ceahlaul Piatra Neamt","Liga 2","Romania","2007","Arrivals","Mircea Oprea","https://www.transfermarkt.com/mircea-oprea/profil/spieler/42789","Second Striker","27","Romania","Poli. Timisoara","SuperLiga","Romania",NA,FALSE,"?","Summer",31,31,2,2109
"CSM Ceahlaul Piatra Neamt","Liga 2","Romania","2007","Arrivals","Roberto Ayza","https://www.transfermarkt.com/roberto-ayza/profil/spieler/55274","Centre-Forward","26","Brazil","Cetatea Suceava",NA,"Romania",NA,FALSE,"?","Summer",18,16,2,750
"CSM Ceahlaul Piatra Neamt","Liga 2","Romania","2007","Arrivals","Viorel Frunza","https://www.transfermarkt.com/viorel-frunza/profil/spieler/46547","Centre-Forward","27","Moldova","CFR Cluj","SuperLiga","Romania",NA,TRUE,"loan transfer","Summer",15,15,4,1159
"CSM Ceahlaul Piatra Neamt","Liga 2","Romania","2007","Arrivals","Rares Soporan","https://www.transfermarkt.com/rares-soporan/profil/spieler/47890","Defensive Midfield","23","Romania","Poli. Timisoara","SuperLiga","Romania",NA,TRUE,"loan transfer","Summer",4,1,0,90
"CSM Ceahlaul Piatra Neamt","Liga 2","Romania","2007","Arrivals","Vojislav Vranjkovic","https://www.transfermarkt.com/vojislav-vranjkovic/profil/spieler/36950","Defensive Midfield","24","Serbia","FC Dinamo","SuperLiga","Romania",NA,TRUE,"loan transfer","Summer",16,15,1,752
"CSM Ceahlaul Piatra Neamt","Liga 2","Romania","2007","Arrivals","Dusko Stajic","https://www.transfermarkt.com/dusko-stajic/profil/spieler/21121","Centre-Forward","24","Bosnia-Herzegovina","Radnik Bijelj.","Premijer Liga BiH","Bosnia-Herzegovina",NA,TRUE,"End of loan Jun 30, 2007","Summer",NA,NA,NA,NA
"CSM Ceahlaul Piatra Neamt","Liga 2","Romania","2007","Arrivals","Andrei Vitelaru","https://www.transfermarkt.com/andrei-vitelaru/profil/spieler/46675","Centre-Back","22","Romania","Poiana Campina",NA,"Romania",NA,TRUE,"End of loan Jun 30, 2007","Summer",26,26,1,2106
"CSM Ceahlaul Piatra Neamt","Liga 2","Romania","2007","Departures","Mircea Ilie","https://www.transfermarkt.com/mircea-ilie/profil/spieler/26663","Centre-Forward","30","Romania","UTA Arad","SuperLiga","Romania",20000,FALSE,NA,"Summer",NA,NA,NA,NA
"CSM Ceahlaul Piatra Neamt","Liga 2","Romania","2007","Departures","Adrian Iencsi","https://www.transfermarkt.com/adrian-iencsi/profil/spieler/16653","Centre-Back","32","Romania","Apol. Limassol","Cyprus League","Cyprus",0,FALSE,NA,"Summer",NA,NA,NA,NA
"CSM Ceahlaul Piatra Neamt","Liga 2","Romania","2007","Departures","Cosmin Vasie","https://www.transfermarkt.com/cosmin-vasie/profil/spieler/46671","Left-Back","30","Romania","UTA Arad","SuperLiga","Romania",0,FALSE,NA,"Summer",NA,NA,NA,NA
"CSM Ceahlaul Piatra Neamt","Liga 2","Romania","2007","Departures","Ionut Enache","https://www.transfermarkt.com/ionut-enache/profil/spieler/48832","Centre-Forward","26","Romania","Poiana Campina",NA,"Romania",0,FALSE,NA,"Summer",NA,NA,NA,NA
"CSM Ceahlaul Piatra Neamt","Liga 2","Romania","2007","Departures","Dusko Stajic","https://www.transfermarkt.com/dusko-stajic/profil/spieler/21121","Centre-Forward","25","Bosnia-Herzegovina","FK Sarajevo","Premijer Liga BiH","Bosnia-Herzegovina",0,FALSE,NA,"Summer",NA,NA,NA,NA
"CSM Ceahlaul Piatra Neamt","Liga 2","Romania","2007","Departures","Ionut Chiriac","https://www.transfermarkt.com/ionut-chiriac/profil/spieler/48822","Central Midfield","21","Romania","CSM Roman",NA,"Romania",0,FALSE,NA,"Summer",NA,NA,NA,NA
"CSM Ceahlaul Piatra Neamt","Liga 2","Romania","2007","Departures","Angelo Alistar","https://www.transfermarkt.com/angelo-alistar/profil/spieler/26027","Centre-Back","31","Romania","CS Otopeni",NA,"Romania",0,FALSE,NA,"Summer",NA,NA,NA,NA
"CSM Ceahlaul Piatra Neamt","Liga 2","Romania","2007","Departures","Marian Purică","https://www.transfermarkt.com/marian-purica/profil/spieler/46633","Right-Back","28","Romania","Aerostar",NA,"Romania",0,FALSE,NA,"Summer",NA,NA,NA,NA
"CSM Ceahlaul Piatra Neamt","Liga 2","Romania","2007","Departures","Daniel Costescu","https://www.transfermarkt.com/daniel-costescu/profil/spieler/48825","Centre-Forward","30","Romania","CS Mioveni","SuperLiga","Romania",NA,FALSE,"?","Summer",NA,NA,NA,NA
"CSM Ceahlaul Piatra Neamt","Liga 2","Romania","2007","Departures","Madalin Murgan","https://www.transfermarkt.com/madalin-murgan/profil/spieler/26676","Left Midfield","24","Romania","CS Mioveni","SuperLiga","Romania",NA,FALSE,"?","Summer",NA,NA,NA,NA
"CSM Ceahlaul Piatra Neamt","Liga 2","Romania","2007","Departures","Mihai Baicu","https://www.transfermarkt.com/mihai-baicu/profil/spieler/282230","Striker","31","Romania","Toma Maglie",NA,"Italy",NA,FALSE,"?","Summer",NA,NA,NA,NA
"CSM Ceahlaul Piatra Neamt","Liga 2","Romania","2007","Departures","Cornel Dobre","https://www.transfermarkt.com/cornel-dobre/profil/spieler/48831","Right-Back","31","Romania","CS Mioveni","SuperLiga","Romania",NA,FALSE,"?","Summer",NA,NA,NA,NA
"CSM Ceahlaul Piatra Neamt","Liga 2","Romania","2007","Departures","Liviu Negoiță","https://www.transfermarkt.com/liviu-negoita/profil/spieler/48882","Left Midfield","30","Romania","CS Mioveni","SuperLiga","Romania",NA,FALSE,"?","Summer",NA,NA,NA,NA
"CSM Ceahlaul Piatra Neamt","Liga 2","Romania","2007","Departures","Marian Alexandru","https://www.transfermarkt.com/marian-alexandru/profil/spieler/46488","Striker","29","Romania","Concordia",NA,"Romania",NA,FALSE,"?","Summer",NA,NA,NA,NA
"CSM Ceahlaul Piatra Neamt","Liga 2","Romania","2007","Departures","Bogdan Vrăjitoarea","https://www.transfermarkt.com/bogdan-vrajitoarea/profil/spieler/46680","Centre-Forward","29","Romania","CS Mioveni","SuperLiga","Romania",NA,FALSE,"?","Summer",NA,NA,NA,NA
"CSM Ceahlaul Piatra Neamt","Liga 2","Romania","2007","Departures","Andriy Fedorenko","https://www.transfermarkt.com/andriy-fedorenko/profil/spieler/48835","Goalkeeper","23","Ukraine","Dinamo II",NA,"Romania",NA,FALSE,"?","Summer",NA,NA,NA,NA
"CSM Ceahlaul Piatra Neamt","Liga 2","Romania","2007","Departures","Constantin Ilie","https://www.transfermarkt.com/constantin-ilie/profil/spieler/249944","Right Midfield","32","Romania",NA,NA,NA,NA,FALSE,"-","Summer",NA,NA,NA,NA
"CSM Ceahlaul Piatra Neamt","Liga 2","Romania","2007","Departures","Mihai Nemtanu","https://www.transfermarkt.com/mihai-nemtanu/profil/spieler/46610","Centre-Forward","28","Romania","Without Club",NA,NA,NA,FALSE,"-","Summer",NA,NA,NA,NA
"CSM Ceahlaul Piatra Neamt","Liga 2","Romania","2007","Departures","Lucian Goian","https://www.transfermarkt.com/lucian-goian/profil/spieler/26036","Centre-Back","24","Romania","FC Dinamo","SuperLiga","Romania",NA,TRUE,"End of loan Sep 1, 2007","Summer",2,2,0,116
"CSM Ceahlaul Piatra Neamt","Liga 2","Romania","2007","Departures","Rares Soporan","https://www.transfermarkt.com/rares-soporan/profil/spieler/47890","Defensive Midfield","23","Romania","Poli. Timisoara","SuperLiga","Romania",NA,TRUE,"End of loan Aug 1, 2007","Summer",4,1,0,90
"CSM Ceahlaul Piatra Neamt","Liga 2","Romania","2007","Arrivals","Ivan Pecha","https://www.transfermarkt.com/ivan-pecha/profil/spieler/50323","Centre-Back","21","Slovakia","FC Senec","Niké Liga","Slovakia",250000,FALSE,NA,"Winter",11,10,0,649
"CSM Ceahlaul Piatra Neamt","Liga 2","Romania","2007","Arrivals","Igor Bugaev","https://www.transfermarkt.com/igor-bugaev/profil/spieler/48982","Centre-Forward","23","Moldova","Chornomorets","Premier Liga","Ukraine",2e+05,FALSE,NA,"Winter",9,9,0,618
"CSM Ceahlaul Piatra Neamt","Liga 2","Romania","2007","Arrivals","Martin Cernoch","https://www.transfermarkt.com/martin-cernoch/profil/spieler/34530","Right Winger","30","Czech Republic","Poli Iasi","SuperLiga","Romania",180000,FALSE,NA,"Winter",9,9,1,456
"CSM Ceahlaul Piatra Neamt","Liga 2","Romania","2007","Arrivals","Ali El Omari","https://www.transfermarkt.com/ali-el-omari/profil/spieler/13158","Left Winger","29","Morocco","US Créteil-L","Championnat National","France",150000,FALSE,NA,"Winter",0,0,0,0
"CSM Ceahlaul Piatra Neamt","Liga 2","Romania","2007","Arrivals","Hugo Évora","https://www.transfermarkt.com/hugo-evora/profil/spieler/25499","Centre-Back","26","Cape Verde","Oliv. Moscavide",NA,"Portugal",60000,FALSE,NA,"Winter",3,3,0,98
"CSM Ceahlaul Piatra Neamt","Liga 2","Romania","2007","Arrivals","Malá","https://www.transfermarkt.com/mala/profil/spieler/24141","Defensive Midfield","28","Guinea-Bissau","Farul Constanta","SuperLiga","Romania",0,FALSE,NA,"Winter",9,9,0,560
"CSM Ceahlaul Piatra Neamt","Liga 2","Romania","2007","Arrivals","Bruno Fernandes","https://www.transfermarkt.com/bruno-fernandes/profil/spieler/25158","Centre-Back","28","Guinea-Bissau","Desportivo Aves","Liga Portugal 2","Portugal",0,FALSE,NA,"Winter",20,20,0,1800
"CSM Ceahlaul Piatra Neamt","Liga 2","Romania","2007","Arrivals","Fabbron","https://www.transfermarkt.com/fabbron/profil/spieler/70421","Attacking Midfield","18","Brazil","Milan U20","Primavera B","Italy",0,FALSE,NA,"Winter",2,1,0,28
"CSM Ceahlaul Piatra Neamt","Liga 2","Romania","2007","Arrivals","Ionuț Bădescu","https://www.transfermarkt.com/ionut-badescu/profil/spieler/48656","Attacking Midfield","29","Romania","Otelul Galati","SuperLiga","Romania",0,FALSE,NA,"Winter",7,7,0,437
"CSM Ceahlaul Piatra Neamt","Liga 2","Romania","2007","Arrivals","George Savu","https://www.transfermarkt.com/george-savu/profil/spieler/69443","Goalkeeper","24","Romania","Dacia",NA,"Moldova",0,FALSE,NA,"Winter",11,10,0,900
"CSM Ceahlaul Piatra Neamt","Liga 2","Romania","2007","Arrivals","Peter Omoduemuke","https://www.transfermarkt.com/peter-omoduemuke/profil/spieler/39376","Defensive Midfield","23","Nigeria","Poli. Timisoara","SuperLiga","Romania",NA,FALSE,"?","Winter",13,12,0,895
"CSM Ceahlaul Piatra Neamt","Liga 2","Romania","2007","Arrivals","Andriy Fedorenko","https://www.transfermarkt.com/andriy-fedorenko/profil/spieler/48835","Goalkeeper","23","Ukraine","Dinamo II",NA,"Romania",NA,FALSE,"?","Winter",NA,NA,NA,NA
"CSM Ceahlaul Piatra Neamt","Liga 2","Romania","2007","Arrivals","Vasilica Cristocea","https://www.transfermarkt.com/vasilica-cristocea/profil/spieler/38295","Left Winger","27","Romania","FCSB","SuperLiga","Romania",NA,TRUE,"loan transfer","Winter",14,14,0,1153
"CSM Ceahlaul Piatra Neamt","Liga 2","Romania","2007","Arrivals","Marius Croitoru","https://www.transfermarkt.com/marius-croitoru/profil/spieler/46526","Right Winger","27","Romania","FCSB","SuperLiga","Romania",NA,TRUE,"loan transfer","Winter",14,14,0,1030
"CSM Ceahlaul Piatra Neamt","Liga 2","Romania","2007","Arrivals","Haykel Gmamdia","https://www.transfermarkt.com/haykel-gmamdia/profil/spieler/31428","Centre-Forward","26","Tunisia","R. Strasbourg B",NA,"France",NA,TRUE,"loan transfer","Winter",7,7,3,381
"CSM Ceahlaul Piatra Neamt","Liga 2","Romania","2007","Arrivals","Ionuț Matei","https://www.transfermarkt.com/ionut-matei/profil/spieler/48366","Right Midfield","23","Romania","Poli. Timisoara","SuperLiga","Romania",NA,TRUE,"loan transfer","Winter",4,4,0,171
"CSM Ceahlaul Piatra Neamt","Liga 2","Romania","2007","Departures","Alexandru Golban","https://www.transfermarkt.com/alexandru-golban/profil/spieler/46743","Centre-Forward","28","Moldova","Tobol Kostanay","Premier Liga","Kazakhstan",0,FALSE,NA,"Winter",15,14,2,1035
"CSM Ceahlaul Piatra Neamt","Liga 2","Romania","2007","Departures","Marian Bănuță","https://www.transfermarkt.com/marian-banuta/profil/spieler/48815","Right Midfield","21","Romania","Canet Rous.",NA,"France",0,FALSE,NA,"Winter",6,1,0,36
"CSM Ceahlaul Piatra Neamt","Liga 2","Romania","2007","Departures","Constantin Schumacher","https://www.transfermarkt.com/constantin-schumacher/profil/spieler/48749","Attacking Midfield","31","Romania","Curtea de Arges",NA,"Romania",NA,FALSE,"?","Winter",14,14,0,1158
"CSM Ceahlaul Piatra Neamt","Liga 2","Romania","2007","Departures","Roberto Ayza","https://www.transfermarkt.com/roberto-ayza/profil/spieler/55274","Centre-Forward","26","Brazil","Bihor Oradea",NA,"Romania",NA,FALSE,"?","Winter",18,16,2,750
"CSM Ceahlaul Piatra Neamt","Liga 2","Romania","2007","Departures","Florin Matache","https://www.transfermarkt.com/florin-matache/profil/spieler/26031","Goalkeeper","25","Romania","FC Dinamo","SuperLiga","Romania",NA,FALSE,"?","Winter",13,3,0,270
"CSM Ceahlaul Piatra Neamt","Liga 2","Romania","2007","Departures","Marius Iordache","https://www.transfermarkt.com/marius-iordache/profil/spieler/26665","Left-Back","29","Romania",NA,NA,NA,NA,FALSE,"-","Winter",10,8,0,345
"CSM Ceahlaul Piatra Neamt","Liga 2","Romania","2007","Departures","Narcis Răducan","https://www.transfermarkt.com/narcis-raducan/profil/spieler/64285","Attacking Midfield","33","Romania",NA,NA,NA,NA,FALSE,"-","Winter",8,5,1,258
"CSM Ceahlaul Piatra Neamt","Liga 2","Romania","2007","Departures","Vojislav Vranjkovic","https://www.transfermarkt.com/vojislav-vranjkovic/profil/spieler/36950","Defensive Midfield","24","Serbia","FC Dinamo","SuperLiga","Romania",NA,TRUE,"End of loan Dec 31, 2007","Winter",16,15,1,752
"CSM Ceahlaul Piatra Neamt","Liga 2","Romania","2007","Departures","Viorel Frunza","https://www.transfermarkt.com/viorel-frunza/profil/spieler/46547","Centre-Forward","27","Moldova","CFR Cluj","SuperLiga","Romania",NA,TRUE,"End of loan Dec 1, 2007","Winter",15,15,4,1159
"FC U Craiova 1948",NA,NA,"2007","Arrivals","Andrei Prepeliță","https://www.transfermarkt.com/andrei-prepelita/profil/spieler/37933","Central Midfield","21","Romania","FC Arges",NA,"Romania",1e+06,FALSE,NA,"Summer",30,30,1,2378
"FC U Craiova 1948",NA,NA,"2007","Arrivals","Ciprian Tanasa","https://www.transfermarkt.com/ciprian-tanasa/profil/spieler/46661","Centre-Forward","26","Romania","FC Arges",NA,"Romania",5e+05,FALSE,NA,"Summer",21,21,4,1360
"FC U Craiova 1948",NA,NA,"2007","Arrivals","Spase Dilevski","https://www.transfermarkt.com/spase-dilevski/profil/spieler/6856","Defensive Midfield","22","Australia","Brisbane Roar","A-League Men","Australia",375000,FALSE,NA,"Summer",17,16,0,1312
"FC U Craiova 1948",NA,NA,"2007","Arrivals","Ionut Lutu","https://www.transfermarkt.com/ionut-lutu/profil/spieler/26671","Attacking Midfield","31","Romania","Kairat Almaty","Premier Liga","Kazakhstan",NA,FALSE,"?","Summer",20,17,2,424
"FC U Craiova 1948",NA,NA,"2007","Arrivals","Nelu Nicolae","https://www.transfermarkt.com/nelu-nicolae/profil/spieler/124426","Left Midfield","16","Romania","FCU Craiova U19",NA,"Romania",NA,FALSE,"-","Summer",NA,NA,NA,NA
"FC U Craiova 1948",NA,NA,"2007","Arrivals","Alexandru Ologu","https://www.transfermarkt.com/alexandru-ologu/profil/spieler/105682","Central Midfield","17","Romania","FCU Craiova U19",NA,"Romania",NA,FALSE,"-","Summer",1,0,0,0
"FC U Craiova 1948",NA,NA,"2007","Arrivals","Ovidiu Stoianof","https://www.transfermarkt.com/ovidiu-stoianof/profil/spieler/26694","Centre-Forward","22","Romania","U Cluj",NA,"Romania",NA,TRUE,"End of loan Jun 30, 2007","Summer",13,9,0,263
"FC U Craiova 1948",NA,NA,"2007","Departures","Lucian Parvu","https://www.transfermarkt.com/lucian-parvu/profil/spieler/18994","Right Winger","25","Romania","Gloria Bistrita","SuperLiga","Romania",0,FALSE,NA,"Summer",2,1,0,63
"FC U Craiova 1948",NA,NA,"2007","Departures","Catalin Petre Craciunescu","https://www.transfermarkt.com/catalin-petre-craciunescu/profil/spieler/48776","Centre-Back","29","Romania","Unknown",NA,NA,0,FALSE,NA,"Summer",NA,NA,NA,NA
"FC U Craiova 1948",NA,NA,"2007","Departures","Marius Argintaru","https://www.transfermarkt.com/marius-argintaru/profil/spieler/47566","Midfielder","18","Romania","Unknown",NA,NA,0,FALSE,NA,"Summer",NA,NA,NA,NA
"FC U Craiova 1948",NA,NA,"2007","Departures","Jeremie Njock","https://www.transfermarkt.com/jeremie-njock/profil/spieler/26679","Centre-Forward","27","Cameroon","Tubize-Braine","Challenger Pro League","Belgium",NA,TRUE,"loan transfer","Summer",NA,NA,NA,NA
"FC U Craiova 1948",NA,NA,"2007","Departures","Bogdan Piko","https://www.transfermarkt.com/bogdan-piko/profil/spieler/47581","Defensive Midfield","20","Romania","FC Caracal",NA,"Romania",NA,TRUE,"loan transfer","Summer",NA,NA,NA,NA
"FC U Craiova 1948",NA,NA,"2007","Departures","Irinel Gaman","https://www.transfermarkt.com/irinel-gaman/profil/spieler/47577","Midfielder","20","Romania","FC Caracal",NA,"Romania",NA,TRUE,"loan transfer","Summer",NA,NA,NA,NA
"FC U Craiova 1948",NA,NA,"2007","Departures","Dragoş Firţulescu","https://www.transfermarkt.com/dragos-firtulescu/profil/spieler/48778","Left Winger","18","Romania","FC Caracal",NA,"Romania",NA,TRUE,"loan transfer","Summer",NA,NA,NA,NA
"FC U Craiova 1948",NA,NA,"2007","Departures","Mihnea Ivan","https://www.transfermarkt.com/mihnea-ivan/profil/spieler/16521","Left Midfield","23","Romania","Without Club",NA,NA,NA,FALSE,"-","Summer",NA,NA,NA,NA
"FC U Craiova 1948",NA,NA,"2007","Departures","Dragos Stavaru","https://www.transfermarkt.com/dragos-stavaru/profil/spieler/48794","Attacking Midfield","20","Romania",NA,NA,NA,NA,FALSE,"-","Summer",NA,NA,NA,NA
"FC U Craiova 1948",NA,NA,"2007","Departures","Ovidiu Stîngă","https://www.transfermarkt.com/ovidiu-stinga/profil/spieler/103223","Right Midfield","34","Romania",NA,NA,NA,NA,FALSE,"-","Summer",NA,NA,NA,NA
"FC U Craiova 1948",NA,NA,"2007","Arrivals","Catalin Craciun","https://www.transfermarkt.com/catalin-craciun/profil/spieler/16210","Right Winger","16","Romania","FCU Craiova U19",NA,"Romania",NA,FALSE,"-","Winter",2,2,0,15
"FC U Craiova 1948",NA,NA,"2007","Departures","Constantin Gargalie","https://www.transfermarkt.com/constantin-gargalie/profil/spieler/47578","Right-Back","28","Romania","FC Caracal",NA,"Romania",NA,FALSE,"?","Winter",15,13,0,906
"FC U Craiova 1948",NA,NA,"2007","Departures","Valerian Gîrlă","https://www.transfermarkt.com/valerian-girla/profil/spieler/47579","Right Midfield","21","Romania","FC Caracal",NA,"Romania",NA,FALSE,"?","Winter",1,1,0,25
"FC U Craiova 1948",NA,NA,"2007","Departures","Ovidiu Stoianof","https://www.transfermarkt.com/ovidiu-stoianof/profil/spieler/26694","Centre-Forward","22","Romania","FC Caracal",NA,"Romania",NA,TRUE,"loan transfer","Winter",13,9,0,263
"FC U Craiova 1948",NA,NA,"2007","Departures","Paul Curteanu","https://www.transfermarkt.com/paul-curteanu/profil/spieler/47573","Left-Back","24","Romania","CSM Focsani",NA,"Romania",NA,TRUE,"loan transfer","Winter",9,1,0,70
"FC U Craiova 1948",NA,NA,"2007","Departures","Mihai Neagoe","https://www.transfermarkt.com/mihai-neagoe/profil/spieler/48787","Goalkeeper","19","Romania","FC Caracal",NA,"Romania",NA,TRUE,"loan transfer","Winter",2,0,0,0
"FC U Craiova 1948",NA,NA,"2007","Departures","Sorin Bușu","https://www.transfermarkt.com/sorin-busu/profil/spieler/57679","Left-Back","18","Romania","FC Caracal",NA,"Romania",NA,TRUE,"loan transfer","Winter",1,1,0,90
"UTA Arad","SuperLiga","Romania","2007","Arrivals","Cornel Frăsineanu","https://www.transfermarkt.com/cornel-frasineanu/profil/spieler/10129","Left Midfield","31","Romania","Bursaspor","Süper Lig","Türkiye",1e+05,FALSE,NA,"Summer",9,8,0,622
"UTA Arad","SuperLiga","Romania","2007","Arrivals","Valentin Furdean","https://www.transfermarkt.com/valentin-furdean/profil/spieler/63460","Right Midfield","19","Romania","Corvinul 2005",NA,"Romania",80000,FALSE,NA,"Summer",NA,NA,NA,NA
"UTA Arad","SuperLiga","Romania","2007","Arrivals","Florin Dan","https://www.transfermarkt.com/florin-dan/profil/spieler/43298","Attacking Midfield","28","Romania","CFR Cluj","SuperLiga","Romania",20000,FALSE,NA,"Summer",23,21,1,1367
"UTA Arad","SuperLiga","Romania","2007","Arrivals","Mircea Ilie","https://www.transfermarkt.com/mircea-ilie/profil/spieler/26663","Centre-Forward","30","Romania","Ceahlaul","SuperLiga","Romania",20000,FALSE,NA,"Summer",24,21,2,1085
"UTA Arad","SuperLiga","Romania","2007","Arrivals","Iulian Miu","https://www.transfermarkt.com/iulian-miu/profil/spieler/10125","Left-Back","31","Romania","Bursaspor","Süper Lig","Türkiye",0,FALSE,NA,"Summer",6,2,0,172
"UTA Arad","SuperLiga","Romania","2007","Arrivals","Branko Radovanovic","https://www.transfermarkt.com/branko-radovanovic/profil/spieler/37819","Centre-Forward","26","Serbia","Wisla Kraków","Ekstraklasa","Poland",0,FALSE,NA,"Summer",4,4,1,179
"UTA Arad","SuperLiga","Romania","2007","Arrivals","Cosmin Vasie","https://www.transfermarkt.com/cosmin-vasie/profil/spieler/46671","Left-Back","30","Romania","Ceahlaul","SuperLiga","Romania",0,FALSE,NA,"Summer",4,3,0,207
"UTA Arad","SuperLiga","Romania","2007","Arrivals","Alin Chița","https://www.transfermarkt.com/alin-chita/profil/spieler/46518","Centre-Back","29","Romania","FC Arges",NA,"Romania",0,FALSE,NA,"Summer",30,30,0,2387
"UTA Arad","SuperLiga","Romania","2007","Arrivals","Adrian Drida","https://www.transfermarkt.com/adrian-drida/profil/spieler/46539","Central Midfield","25","Romania","Jiul Petrosani",NA,"Romania",NA,FALSE,"?","Summer",9,8,1,315
"UTA Arad","SuperLiga","Romania","2007","Arrivals","Alexandru Baltoi","https://www.transfermarkt.com/alexandru-baltoi/profil/spieler/26045","Centre-Forward","25","Romania","FC Dinamo","SuperLiga","Romania",NA,FALSE,"?","Summer",26,26,6,1985
"UTA Arad","SuperLiga","Romania","2007","Arrivals","Róbert Roszel","https://www.transfermarkt.com/robert-roszel/profil/spieler/46639","Centre-Forward","24","Romania","Gloria Bistrita","SuperLiga","Romania",NA,FALSE,"?","Summer",15,15,1,451
"UTA Arad","SuperLiga","Romania","2007","Arrivals","Constantin Bumbac","https://www.transfermarkt.com/constantin-bumbac/profil/spieler/58353","Centre-Back","23","Romania","CFR Timisoara",NA,"Romania",NA,FALSE,"?","Summer",11,6,0,313
"UTA Arad","SuperLiga","Romania","2007","Departures","László Balint","https://www.transfermarkt.com/laszlo-balint/profil/spieler/43278","Centre-Back","28","Romania","Unirea Urziceni","SuperLiga","Romania",150000,FALSE,NA,"Summer",NA,NA,NA,NA
"UTA Arad","SuperLiga","Romania","2007","Departures","Adrian Rusu","https://www.transfermarkt.com/adrian-rusu/profil/spieler/35440","Right-Back","22","Romania","Pandurii ","SuperLiga","Romania",0,FALSE,NA,"Summer",NA,NA,NA,NA
"UTA Arad","SuperLiga","Romania","2007","Departures","Bogdan Apostu","https://www.transfermarkt.com/bogdan-apostu/profil/spieler/48812","Centre-Forward","25","Romania","Farul Constanta","SuperLiga","Romania",0,FALSE,NA,"Summer",NA,NA,NA,NA
"UTA Arad","SuperLiga","Romania","2007","Departures","Ivan Djokovic","https://www.transfermarkt.com/ivan-djokovic/profil/spieler/35984","Centre-Back","24","Serbia","Borac Cacak","Super liga Srbije","Serbia",0,FALSE,NA,"Summer",4,3,0,171
"UTA Arad","SuperLiga","Romania","2007","Departures","Sabin Ilie","https://www.transfermarkt.com/sabin-ilie/profil/spieler/717","Centre-Forward","32","Romania","Astra II",NA,"Romania",NA,FALSE,"?","Summer",NA,NA,NA,NA
"UTA Arad","SuperLiga","Romania","2007","Departures","Goran Jankovic","https://www.transfermarkt.com/goran-jankovic/profil/spieler/33180","Defensive Midfield","28","Serbia","Cukaricki","Super liga Srbije","Serbia",NA,FALSE,"?","Summer",NA,NA,NA,NA
"UTA Arad","SuperLiga","Romania","2007","Departures","Thiago Ramos Fernandes","https://www.transfermarkt.com/thiago-ramos-fernandes/profil/spieler/48836","Striker","26","Brazil","Unknown",NA,NA,NA,FALSE,"?","Summer",NA,NA,NA,NA
"UTA Arad","SuperLiga","Romania","2007","Departures","Cristian Danalache","https://www.transfermarkt.com/cristian-danalache/profil/spieler/48830","Centre-Forward","24","Romania","Unirea Urziceni","SuperLiga","Romania",NA,FALSE,"?","Summer",NA,NA,NA,NA
"UTA Arad","SuperLiga","Romania","2007","Departures","Dino Eze","https://www.transfermarkt.com/dino-eze/profil/spieler/54769","Left Midfield","23","Nigeria","Gloria Buzau","SuperLiga","Romania",NA,FALSE,"?","Summer",NA,NA,NA,NA
"UTA Arad","SuperLiga","Romania","2007","Departures","Lucian Todea","https://www.transfermarkt.com/lucian-todea/profil/spieler/63462","Midfielder","21","Romania","Bihor Oradea",NA,"Romania",NA,FALSE,"?","Summer",NA,NA,NA,NA
"UTA Arad","SuperLiga","Romania","2007","Departures","Florin Negru","https://www.transfermarkt.com/florin-negru/profil/spieler/48883","Centre-Forward","20","Romania","Unknown",NA,NA,NA,FALSE,"?","Summer",NA,NA,NA,NA
"UTA Arad","SuperLiga","Romania","2007","Departures","Diogo Andrade","https://www.transfermarkt.com/diogo-andrade/profil/spieler/48809","Left Winger","21","Portugal","Vihren","efbet Liga","Bulgaria",NA,TRUE,"loan transfer","Summer",NA,NA,NA,NA
"UTA Arad","SuperLiga","Romania","2007","Departures","Valentin Furdean","https://www.transfermarkt.com/valentin-furdean/profil/spieler/63460","Right Midfield","19","Romania","Liberty Salonta",NA,"Romania",NA,TRUE,"loan transfer","Summer",NA,NA,NA,NA
"UTA Arad","SuperLiga","Romania","2007","Departures","Stefan Sorin Oncica","https://www.transfermarkt.com/stefan-sorin-oncica/profil/spieler/172786","Attacking Midfield","33","Romania",NA,NA,NA,NA,FALSE,"-","Summer",NA,NA,NA,NA
"UTA Arad","SuperLiga","Romania","2007","Departures","Radu Anca","https://www.transfermarkt.com/radu-anca/profil/spieler/48808","Midfielder","25","Romania","Without Club",NA,NA,NA,FALSE,"-","Summer",NA,NA,NA,NA
"UTA Arad","SuperLiga","Romania","2007","Departures","Cristian Negru","https://www.transfermarkt.com/cristian-negru/profil/spieler/304719","Centre-Forward","31","Romania",NA,NA,NA,NA,FALSE,"-","Summer",NA,NA,NA,NA
"UTA Arad","SuperLiga","Romania","2007","Departures","Valentin Simion","https://www.transfermarkt.com/valentin-simion/profil/spieler/34760","Centre-Forward","20","Romania","FCSB","SuperLiga","Romania",NA,TRUE,"End of loan Jun 30, 2007","Summer",NA,NA,NA,NA
"UTA Arad","SuperLiga","Romania","2007","Departures","Alexandru Tudose","https://www.transfermarkt.com/alexandru-tudose/profil/spieler/34941","Centre-Back","20","Romania","FCSB","SuperLiga","Romania",NA,TRUE,"End of loan Jun 30, 2007","Summer",NA,NA,NA,NA
"UTA Arad","SuperLiga","Romania","2007","Arrivals","Dorel Zaharia","https://www.transfermarkt.com/dorel-zaharia/profil/spieler/46682","Centre-Forward","29","Romania","FCSB","SuperLiga","Romania",2e+05,FALSE,NA,"Winter",10,10,0,858
"UTA Arad","SuperLiga","Romania","2007","Arrivals","John Ike Ibeh","https://www.transfermarkt.com/john-ike-ibeh/profil/spieler/73798","Left Winger","21","Nigeria","Chabab",NA,"Netherlands",25000,FALSE,NA,"Winter",5,5,1,428
"UTA Arad","SuperLiga","Romania","2007","Arrivals","Amoreirinha","https://www.transfermarkt.com/amoreirinha/profil/spieler/14262","Centre-Back","23","Portugal","CFR Cluj","SuperLiga","Romania",0,FALSE,NA,"Winter",8,8,1,720
"UTA Arad","SuperLiga","Romania","2007","Arrivals","Robert Iacob","https://www.transfermarkt.com/robert-iacob/profil/spieler/213689","Attacking Midfield","26","Romania","Liberty Salonta",NA,"Romania",NA,FALSE,"?","Winter",9,9,0,197
"UTA Arad","SuperLiga","Romania","2007","Arrivals","Mihai Guriţă","https://www.transfermarkt.com/mihai-gurita/profil/spieler/46555","Centre-Forward","34","Romania","Farul Constanta","SuperLiga","Romania",NA,FALSE,"?","Winter",0,0,0,0
"UTA Arad","SuperLiga","Romania","2007","Arrivals","Raul Marincău","https://www.transfermarkt.com/raul-marincau/profil/spieler/46588","Centre-Back","26","Romania","FC Arges",NA,"Romania",NA,FALSE,"?","Winter",7,7,1,585
"UTA Arad","SuperLiga","Romania","2007","Arrivals","Daniel Oprița","https://www.transfermarkt.com/daniel-oprita/profil/spieler/26502","Left Winger","26","Romania","FC Dinamo","SuperLiga","Romania",NA,TRUE,"loan transfer","Winter",6,6,0,242
"UTA Arad","SuperLiga","Romania","2007","Arrivals","Pedro Oliveira","https://www.transfermarkt.com/pedro-oliveira/profil/spieler/24847","Right Winger","26","Portugal","CFR Cluj","SuperLiga","Romania",NA,TRUE,"loan transfer","Winter",8,8,0,328
"UTA Arad","SuperLiga","Romania","2007","Arrivals","Radu Marginean","https://www.transfermarkt.com/radu-marginean/profil/spieler/46587","Defensive Midfield","24","Romania","CFR Cluj","SuperLiga","Romania",NA,TRUE,"loan transfer","Winter",11,11,0,919
"UTA Arad","SuperLiga","Romania","2007","Departures","Daniel Chirita","https://www.transfermarkt.com/daniel-chirita/profil/spieler/15648","Centre-Back","33","Romania","Astra Giurgiu",NA,"Romania",0,FALSE,NA,"Winter",18,16,0,1313
"UTA Arad","SuperLiga","Romania","2007","Departures","Ionel Mihai Lupsa","https://www.transfermarkt.com/ionel-mihai-lupsa/profil/spieler/162201","Striker","27","Romania","Orosháza FC",NA,"Hungary",0,FALSE,NA,"Winter",NA,NA,NA,NA
"UTA Arad","SuperLiga","Romania","2007","Departures","Cornel Frăsineanu","https://www.transfermarkt.com/cornel-frasineanu/profil/spieler/10129","Left Midfield","31","Romania","CS Mioveni","SuperLiga","Romania",NA,FALSE,"?","Winter",9,8,0,622
"UTA Arad","SuperLiga","Romania","2007","Departures","Iulian Miu","https://www.transfermarkt.com/iulian-miu/profil/spieler/10125","Left-Back","31","Romania","Concordia",NA,"Romania",NA,FALSE,"?","Winter",6,2,0,172
"UTA Arad","SuperLiga","Romania","2007","Departures","Boban Stojanovic","https://www.transfermarkt.com/boban-stojanovic/profil/spieler/34523","Right Winger","28","Serbia","Borac Cacak","Super liga Srbije","Serbia",NA,FALSE,"?","Winter",NA,NA,NA,NA
"UTA Arad","SuperLiga","Romania","2007","Departures","Corneliu Codreanu","https://www.transfermarkt.com/corneliu-codreanu/profil/spieler/48823","Right-Back","30","Romania","FCM Bacau",NA,"Romania",NA,FALSE,"?","Winter",1,1,0,5
"Pandurii Targu Jiu (- 2022)",NA,NA,"2007","Arrivals","Constant Djakpa","https://www.transfermarkt.com/constant-djakpa/profil/spieler/41866","Left-Back","20","Cote d'Ivoire","Sogndal","OBOS-ligaen","Norway",250000,FALSE,NA,"Summer",28,28,2,2263
"Pandurii Targu Jiu (- 2022)",NA,NA,"2007","Arrivals","Alexandru Pițurcă","https://www.transfermarkt.com/alexandru-piturca/profil/spieler/7260","Centre-Forward","23","Romania","CSKA Sofia","efbet Liga","Bulgaria",0,FALSE,NA,"Summer",28,28,4,2062
"Pandurii Targu Jiu (- 2022)",NA,NA,"2007","Arrivals","Adrian Rusu","https://www.transfermarkt.com/adrian-rusu/profil/spieler/35440","Right-Back","22","Romania","UTA Arad","SuperLiga","Romania",0,FALSE,NA,"Summer",27,26,1,1703
"Pandurii Targu Jiu (- 2022)",NA,NA,"2007","Arrivals","Jackson","https://www.transfermarkt.com/jackson/profil/spieler/62522","Defender","23","Brazil","Portuguesa",NA,"Brazil",0,FALSE,NA,"Summer",5,4,0,287
"Pandurii Targu Jiu (- 2022)",NA,NA,"2007","Arrivals","Mircea Voicu","https://www.transfermarkt.com/mircea-voicu/profil/spieler/46678","Attacking Midfield","27","Romania","Jiul Petrosani",NA,"Romania",0,FALSE,NA,"Summer",15,11,0,498
"Pandurii Targu Jiu (- 2022)",NA,NA,"2007","Arrivals","Jaka Stromajer","https://www.transfermarkt.com/jaka-stromajer/profil/spieler/54747","Left Winger","23","Slovenia","Drava Ptuj","Prva Liga","Slovenia",NA,FALSE,"?","Summer",29,28,1,1473
"Pandurii Targu Jiu (- 2022)",NA,NA,"2007","Arrivals","Edimílson","https://www.transfermarkt.com/edimilson/profil/spieler/55463","Attacking Midfield","19","Brazil","Portuguesa",NA,"Brazil",NA,TRUE,"loan transfer","Summer",6,1,0,25
"Pandurii Targu Jiu (- 2022)",NA,NA,"2007","Departures","Adrian Bogoi","https://www.transfermarkt.com/adrian-bogoi/profil/spieler/47868","Centre-Back","34","Romania","FCM Targoviste",NA,"Romania",0,FALSE,NA,"Summer",NA,NA,NA,NA
"Pandurii Targu Jiu (- 2022)",NA,NA,"2007","Departures","Igor Radovanovic","https://www.transfermarkt.com/igor-radovanovic/profil/spieler/46388","Centre-Forward","21","Bosnia-Herzegovina","Slavija S.","Premijer Liga BiH","Bosnia-Herzegovina",0,FALSE,NA,"Summer",NA,NA,NA,NA
"Pandurii Targu Jiu (- 2022)",NA,NA,"2007","Departures","Aurel Amzucu","https://www.transfermarkt.com/aurel-amzucu/profil/spieler/283956","Centre-Back","33","Romania","FC Drobeta",NA,"Romania",NA,FALSE,"?","Summer",NA,NA,NA,NA
"Pandurii Targu Jiu (- 2022)",NA,NA,"2007","Departures","Lucian Zoicas","https://www.transfermarkt.com/lucian-zoicas/profil/spieler/47899","Striker","28","Romania","Rm. Valcea",NA,"Romania",NA,FALSE,"?","Summer",NA,NA,NA,NA
"Pandurii Targu Jiu (- 2022)",NA,NA,"2007","Departures","Marius Sava","https://www.transfermarkt.com/marius-sava/profil/spieler/69153","Right Midfield","28","Romania","Nyíregyháza","NB I.","Hungary",NA,FALSE,"?","Summer",NA,NA,NA,NA
"Pandurii Targu Jiu (- 2022)",NA,NA,"2007","Departures","Robert Nita","https://www.transfermarkt.com/robert-nita/profil/spieler/232434","Striker","30","Romania","Rocar",NA,"Romania",NA,FALSE,"?","Summer",NA,NA,NA,NA
"Pandurii Targu Jiu (- 2022)",NA,NA,"2007","Departures","Mugurel Dedu","https://www.transfermarkt.com/mugurel-dedu/profil/spieler/47874","Attacking Midfield","22","Romania","Rm. Valcea",NA,"Romania",NA,FALSE,"?","Summer",7,4,0,123
"Pandurii Targu Jiu (- 2022)",NA,NA,"2007","Departures","Nenad Kutlacic","https://www.transfermarkt.com/nenad-kutlacic/profil/spieler/36020","Centre-Back","26","Bosnia-Herzegovina","EMC Rovinari",NA,"Romania",NA,TRUE,"loan transfer","Summer",NA,NA,NA,NA
"Pandurii Targu Jiu (- 2022)",NA,NA,"2007","Departures","Nemanja Vidakovic","https://www.transfermarkt.com/nemanja-vidakovic/profil/spieler/47897","Centre-Forward","21","Serbia","Rm. Valcea",NA,"Romania",NA,TRUE,"loan transfer","Summer",NA,NA,NA,NA
"Pandurii Targu Jiu (- 2022)",NA,NA,"2007","Departures","Cosmin Cristian Ursu","https://www.transfermarkt.com/cosmin-cristian-ursu/profil/spieler/47892","Midfielder","31","Romania",NA,NA,NA,NA,FALSE,"-","Summer",NA,NA,NA,NA
"Pandurii Targu Jiu (- 2022)",NA,NA,"2007","Arrivals","Cardoso","https://www.transfermarkt.com/cardoso/profil/spieler/56727","Centre-Back","23","Brazil","Estrela Amadora","Liga Portugal","Portugal",350000,FALSE,NA,"Winter",9,9,0,649
"Pandurii Targu Jiu (- 2022)",NA,NA,"2007","Arrivals","Yoni","https://www.transfermarkt.com/yoni/profil/spieler/34827","Right Winger","28","Spain","Estrela Amadora","Liga Portugal","Portugal",170000,FALSE,NA,"Winter",0,0,0,0
"Pandurii Targu Jiu (- 2022)",NA,NA,"2007","Arrivals","Daniel","https://www.transfermarkt.com/daniel/profil/spieler/48801","Defensive Midfield","27","Brazil","Estrela Amadora","Liga Portugal","Portugal",130000,FALSE,NA,"Winter",0,0,0,0
"Pandurii Targu Jiu (- 2022)",NA,NA,"2007","Arrivals","Mugurel Dedu","https://www.transfermarkt.com/mugurel-dedu/profil/spieler/47874","Attacking Midfield","22","Romania","Rm. Valcea",NA,"Romania",1e+05,FALSE,NA,"Winter",7,4,0,123
"Pandurii Targu Jiu (- 2022)",NA,NA,"2007","Arrivals","Pedro Mingote","https://www.transfermarkt.com/pedro-mingote/profil/spieler/24873","Goalkeeper","27","Portugal","Lousada",NA,"Portugal",50000,FALSE,NA,"Winter",16,16,0,1470
"Pandurii Targu Jiu (- 2022)",NA,NA,"2007","Arrivals","Fábio Nunes","https://www.transfermarkt.com/fabio-nunes/profil/spieler/64503","Attacking Midfield","27","Brazil","Estrela Amadora","Liga Portugal","Portugal",0,FALSE,NA,"Winter",4,3,0,122
"Pandurii Targu Jiu (- 2022)",NA,NA,"2007","Arrivals","Constantin Grecu","https://www.transfermarkt.com/constantin-grecu/profil/spieler/70037","Left-Back","19","Romania","EMC Rovinari",NA,"Romania",0,FALSE,NA,"Winter",3,3,0,164
"Pandurii Targu Jiu (- 2022)",NA,NA,"2007","Arrivals","Pintassilgo","https://www.transfermarkt.com/pintassilgo/profil/spieler/34006","Right Winger","22","Portugal","Vit. Guimarães","Liga Portugal","Portugal",NA,FALSE,"?","Winter",3,3,0,129
"Pandurii Targu Jiu (- 2022)",NA,NA,"2007","Arrivals","Ibón Arrieta","https://www.transfermarkt.com/ibon-arrieta/profil/spieler/13961","Centre-Forward","30","Spain","Swindon Town","League One","England",NA,FALSE,"?","Winter",9,9,3,314
"Pandurii Targu Jiu (- 2022)",NA,NA,"2007","Arrivals","Diego de Gregorio","https://www.transfermarkt.com/diego-de-gregorio/profil/spieler/89849","Centre-Forward","21","Chile","Melipilla","Torneo Clausura","Chile",NA,FALSE,"?","Winter",NA,NA,NA,NA
"Pandurii Targu Jiu (- 2022)",NA,NA,"2007","Arrivals","Yuriy Tsygalko","https://www.transfermarkt.com/yuriy-tsygalko/profil/spieler/26334","Goalkeeper","24","Belarus","Dynamo Brest","Vysheyshaya Liga","Belarus",NA,FALSE,"?","Winter",NA,NA,NA,NA
"Pandurii Targu Jiu (- 2022)",NA,NA,"2007","Arrivals","Anilton Júnior","https://www.transfermarkt.com/anilton-junior/profil/spieler/43860","Centre-Back","27","Brazil","SC Braga","Liga Portugal","Portugal",NA,TRUE,"loan transfer","Winter",3,3,0,300
"Pandurii Targu Jiu (- 2022)",NA,NA,"2007","Arrivals","Marco Soares","https://www.transfermarkt.com/marco-soares/profil/spieler/33549","Defensive Midfield","23","Cape Verde","Leiria","Liga Portugal","Portugal",NA,TRUE,"loan transfer","Winter",2,2,0,127
"Pandurii Targu Jiu (- 2022)",NA,NA,"2007","Arrivals","Wandeir","https://www.transfermarkt.com/wandeir/profil/spieler/14224","Second Striker","27","North Macedonia","Naval 1893","Liga Portugal","Portugal",NA,TRUE,"loan transfer","Winter",4,4,1,255
"Pandurii Targu Jiu (- 2022)",NA,NA,"2007","Arrivals","Adriano","https://www.transfermarkt.com/adriano/profil/spieler/25466","Goalkeeper","24","Portugal","Rio Ave","Liga Portugal 2","Portugal",NA,TRUE,"loan transfer","Winter",1,0,0,0
"Pandurii Targu Jiu (- 2022)",NA,NA,"2007","Departures","Adnan Guso","https://www.transfermarkt.com/adnan-guso/profil/spieler/26653","Goalkeeper","32","Bosnia-Herzegovina","Olympiakos N.","Cyprus League","Cyprus",0,FALSE,NA,"Winter",7,7,0,630
"Pandurii Targu Jiu (- 2022)",NA,NA,"2007","Departures","Mircea Voicu","https://www.transfermarkt.com/mircea-voicu/profil/spieler/46678","Attacking Midfield","27","Romania","Rm. Valcea",NA,"Romania",0,FALSE,NA,"Winter",15,11,0,498
"Pandurii Targu Jiu (- 2022)",NA,NA,"2007","Departures","Sorin Vintilescu","https://www.transfermarkt.com/sorin-vintilescu/profil/spieler/47898","Centre-Forward","31","Romania","Rm. Valcea",NA,"Romania",NA,FALSE,"?","Winter",11,9,0,267
"Pandurii Targu Jiu (- 2022)",NA,NA,"2007","Departures","Marian Vătavu","https://www.transfermarkt.com/marian-vatavu/profil/spieler/47896","Centre-Back","25","Romania","Rm. Valcea",NA,"Romania",NA,FALSE,"?","Winter",14,10,0,637
"Pandurii Targu Jiu (- 2022)",NA,NA,"2007","Departures","Ionuț Dragomir","https://www.transfermarkt.com/ionut-dragomir/profil/spieler/47876","Left Midfield","33","Romania","Inter Gaz",NA,"Romania",NA,FALSE,"?","Winter",4,1,0,45
"Pandurii Targu Jiu (- 2022)",NA,NA,"2007","Departures","Valentin Petrisor","https://www.transfermarkt.com/valentin-petrisor/profil/spieler/48691","Midfielder","24","Romania","Unknown",NA,NA,NA,FALSE,"?","Winter",NA,NA,NA,NA
"Politehnica Iasi (1945 - 2010)",NA,NA,"2007","Arrivals","Adrian Ilie","https://www.transfermarkt.com/adrian-ilie/profil/spieler/46565","Centre-Back","25","Romania","Poli. Timisoara","SuperLiga","Romania",150000,FALSE,NA,"Summer",23,21,0,1452
"Politehnica Iasi (1945 - 2010)",NA,NA,"2007","Arrivals","Cristian Munteanu","https://www.transfermarkt.com/cristian-munteanu/profil/spieler/54755","Centre-Back","26","Romania","FC Sopron","NB I.","Hungary",50000,FALSE,NA,"Summer",32,32,0,2835
"Politehnica Iasi (1945 - 2010)",NA,NA,"2007","Arrivals","Iosif Kalai","https://www.transfermarkt.com/iosif-kalai/profil/spieler/46578","Centre-Back","26","Romania","Jiul Petrosani",NA,"Romania",30000,FALSE,NA,"Summer",20,14,1,966
"Politehnica Iasi (1945 - 2010)",NA,NA,"2007","Arrivals","Branko Bakovic","https://www.transfermarkt.com/branko-bakovic/profil/spieler/17189","Defensive Midfield","25","Serbia","OFK Beograd","Super liga Srbije","Serbia",0,FALSE,NA,"Summer",7,7,0,292
"Politehnica Iasi (1945 - 2010)",NA,NA,"2007","Arrivals","Ciprian Milea","https://www.transfermarkt.com/ciprian-milea/profil/spieler/55547","Central Midfield","22","Romania","Dunarea Galati",NA,"Romania",NA,FALSE,"?","Summer",26,25,1,1687
"Politehnica Iasi (1945 - 2010)",NA,NA,"2007","Arrivals","Sergiu Homei","https://www.transfermarkt.com/sergiu-homei/profil/spieler/48140","Right-Back","19","Romania","FC Dinamo","SuperLiga","Romania",NA,TRUE,"loan transfer","Summer",28,28,0,2399
"Politehnica Iasi (1945 - 2010)",NA,NA,"2007","Departures","Martín Saric","https://www.transfermarkt.com/martin-saric/profil/spieler/27929","Defensive Midfield","27","Argentina","Otelul Galati","SuperLiga","Romania",25000,FALSE,NA,"Summer",NA,NA,NA,NA
"Politehnica Iasi (1945 - 2010)",NA,NA,"2007","Departures","Bogdan Chimir","https://www.transfermarkt.com/bogdan-chimir/profil/spieler/48708","Midfielder","22","Romania","Unknown",NA,NA,0,FALSE,NA,"Summer",NA,NA,NA,NA
"Politehnica Iasi (1945 - 2010)",NA,NA,"2007","Departures","Razvan Tarlea","https://www.transfermarkt.com/razvan-tarlea/profil/spieler/43381","Left-Back","27","Romania","Petrolul",NA,"Romania",0,FALSE,NA,"Summer",NA,NA,NA,NA
"Politehnica Iasi (1945 - 2010)",NA,NA,"2007","Departures","Jonathan Moeller","https://www.transfermarkt.com/jonathan-moeller/profil/spieler/56033","Centre-Forward","26","Brazil","MSV Duisburg","Bundesliga","Germany",0,FALSE,NA,"Summer",NA,NA,NA,NA
"Politehnica Iasi (1945 - 2010)",NA,NA,"2007","Departures","Dan Iurişniţi","https://www.transfermarkt.com/dan-iurisniti/profil/spieler/47497","Defensive Midfield","29","Romania","CSM Focsani",NA,"Romania",NA,FALSE,"?","Summer",NA,NA,NA,NA
"Politehnica Iasi (1945 - 2010)",NA,NA,"2007","Departures","Irinel Ionescu","https://www.transfermarkt.com/irinel-ionescu/profil/spieler/47489","Centre-Back","28","Romania","CSM Focsani",NA,"Romania",NA,FALSE,"?","Summer",NA,NA,NA,NA
"Politehnica Iasi (1945 - 2010)",NA,NA,"2007","Departures","Tudorel Stanciu","https://www.transfermarkt.com/tudorel-stanciu/profil/spieler/46657","Defensive Midfield","27","Romania","Ac. Clinceni",NA,"Romania",NA,FALSE,"?","Summer",NA,NA,NA,NA
"Politehnica Iasi (1945 - 2010)",NA,NA,"2007","Departures","Adrian Ilie","https://www.transfermarkt.com/adrian-ilie/profil/spieler/46565","Centre-Back","25","Romania","Poli. Timisoara","SuperLiga","Romania",NA,TRUE,"End of loan Jun 30, 2007","Summer",23,21,0,1452
"Politehnica Iasi (1945 - 2010)",NA,NA,"2007","Arrivals","Dominik Bersnjak","https://www.transfermarkt.com/dominik-bersnjak/profil/spieler/13022","Central Midfield","26","Slovenia","NK Celje","Prva Liga","Slovenia",5e+05,FALSE,NA,"Winter",14,14,1,1151
"Politehnica Iasi (1945 - 2010)",NA,NA,"2007","Arrivals","Andrej Pecnik","https://www.transfermarkt.com/andrej-pecnik/profil/spieler/35642","Left-Back","26","Slovenia","NK Maribor","Prva Liga","Slovenia",170000,FALSE,NA,"Winter",13,13,0,1170
"Politehnica Iasi (1945 - 2010)",NA,NA,"2007","Arrivals","Bogdan Straton","https://www.transfermarkt.com/bogdan-straton/profil/spieler/64243","Defensive Midfield","24","Romania","FC Botosani",NA,"Romania",NA,FALSE,"?","Winter",3,3,0,72
"Politehnica Iasi (1945 - 2010)",NA,NA,"2007","Arrivals","Cauê","https://www.transfermarkt.com/caue/profil/spieler/74793","Centre-Back","20","Brazil","Internacional","Série A","Brazil",NA,FALSE,"?","Winter",0,0,0,0
"Politehnica Iasi (1945 - 2010)",NA,NA,"2007","Arrivals","Andrei Cristea","https://www.transfermarkt.com/andrei-cristea/profil/spieler/26491","Centre-Forward","23","Romania","Poli. Timisoara","SuperLiga","Romania",NA,TRUE,"loan transfer","Winter",13,13,6,1126
"Politehnica Iasi (1945 - 2010)",NA,NA,"2007","Departures","Cristian Silvasan","https://www.transfermarkt.com/cristian-silvasan/profil/spieler/33745","Centre-Forward","25","Romania","U Cluj","SuperLiga","Romania",250000,FALSE,NA,"Winter",13,13,1,1002
"Politehnica Iasi (1945 - 2010)",NA,NA,"2007","Departures","Martin Cernoch","https://www.transfermarkt.com/martin-cernoch/profil/spieler/34530","Right Winger","30","Czech Republic","Ceahlaul","SuperLiga","Romania",180000,FALSE,NA,"Winter",11,10,3,307
"Politehnica Iasi (1945 - 2010)",NA,NA,"2007","Departures","Branko Bakovic","https://www.transfermarkt.com/branko-bakovic/profil/spieler/17189","Defensive Midfield","26","Serbia","Naftovyk","Premier Liga","Ukraine",5000,FALSE,NA,"Winter",7,7,0,292
"Politehnica Iasi (1945 - 2010)",NA,NA,"2007","Departures","Dorel Bernard","https://www.transfermarkt.com/dorel-bernard/profil/spieler/47486","Centre-Back","33","Romania","Cetatea Suceava",NA,"Romania",NA,FALSE,"?","Winter",4,0,0,0
"Politehnica Iasi (1945 - 2010)",NA,NA,"2007","Departures","Srecko Mitrovic","https://www.transfermarkt.com/srecko-mitrovic/profil/spieler/47499","Central Midfield","23","Australia","Poiana Campina",NA,"Romania",NA,FALSE,"?","Winter",NA,NA,NA,NA
"CS Mioveni",NA,NA,"2007","Arrivals","Vasile Jula","https://www.transfermarkt.com/vasile-jula/profil/spieler/43319","Centre-Back","32","Romania","CFR Cluj","SuperLiga","Romania",0,FALSE,NA,"Summer",16,13,0,928
"CS Mioveni",NA,NA,"2007","Arrivals","Sorin Trofin","https://www.transfermarkt.com/sorin-trofin/profil/spieler/54712","Left Midfield","31","Romania","FCM Bacau",NA,"Romania",0,FALSE,NA,"Summer",22,21,1,1410
"CS Mioveni",NA,NA,"2007","Arrivals","Ciprian Dianu","https://www.transfermarkt.com/ciprian-dianu/profil/spieler/47488","Left-Back","30","Romania","Zalaegerszeg","NB I.","Hungary",0,FALSE,NA,"Summer",1,1,0,82
"CS Mioveni",NA,NA,"2007","Arrivals","Robert Neagoe","https://www.transfermarkt.com/robert-neagoe/profil/spieler/33902","Left Midfield","25","Romania","Royal Antwerp","Challenger Pro League","Belgium",NA,FALSE,"?","Summer",32,32,5,2375
"CS Mioveni",NA,NA,"2007","Arrivals","Mariko Daouda","https://www.transfermarkt.com/mariko-daouda/profil/spieler/26644","Centre-Back","25","Cote d'Ivoire","FC Arges",NA,"Romania",NA,FALSE,"?","Summer",33,33,2,2970
"CS Mioveni",NA,NA,"2007","Arrivals","Daniel Costescu","https://www.transfermarkt.com/daniel-costescu/profil/spieler/48825","Centre-Forward","30","Romania","Ceahlaul","SuperLiga","Romania",NA,FALSE,"?","Summer",15,13,2,632
"CS Mioveni",NA,NA,"2007","Arrivals","Mircea Oltean","https://www.transfermarkt.com/mircea-oltean/profil/spieler/45271","Goalkeeper","25","Romania","Unirea Urziceni","SuperLiga","Romania",NA,FALSE,"?","Summer",6,1,0,90
"CS Mioveni",NA,NA,"2007","Arrivals","Daniel Lupascu","https://www.transfermarkt.com/daniel-lupascu/profil/spieler/54686","Centre-Forward","25","Romania","FC Sacele",NA,"Romania",NA,FALSE,"?","Summer",12,12,1,669
"CS Mioveni",NA,NA,"2007","Arrivals","Madalin Murgan","https://www.transfermarkt.com/madalin-murgan/profil/spieler/26676","Left Midfield","24","Romania","Ceahlaul","SuperLiga","Romania",NA,FALSE,"?","Summer",24,24,0,1759
"CS Mioveni",NA,NA,"2007","Arrivals","Cornel Dobre","https://www.transfermarkt.com/cornel-dobre/profil/spieler/48831","Right-Back","31","Romania","Ceahlaul","SuperLiga","Romania",NA,FALSE,"?","Summer",16,14,0,1177
"CS Mioveni",NA,NA,"2007","Arrivals","Irinel Voicu","https://www.transfermarkt.com/irinel-voicu/profil/spieler/54715","Centre-Back","30","Romania","Unirea Urziceni","SuperLiga","Romania",NA,FALSE,"?","Summer",21,13,0,937
"CS Mioveni",NA,NA,"2007","Arrivals","Liviu Negoiță","https://www.transfermarkt.com/liviu-negoita/profil/spieler/48882","Left Midfield","30","Romania","Ceahlaul","SuperLiga","Romania",NA,FALSE,"?","Summer",17,15,0,813
"CS Mioveni",NA,NA,"2007","Arrivals","Cristian Bratu","https://www.transfermarkt.com/cristian-bratu/profil/spieler/54663","Centre-Forward","29","Romania","H. Jerusalem",NA,"Israel",NA,FALSE,"?","Summer",32,31,6,2487
"CS Mioveni",NA,NA,"2007","Arrivals","Bogdan Vrăjitoarea","https://www.transfermarkt.com/bogdan-vrajitoarea/profil/spieler/46680","Centre-Forward","29","Romania","Ceahlaul","SuperLiga","Romania",NA,FALSE,"?","Summer",25,11,1,360
"CS Mioveni",NA,NA,"2007","Arrivals","Dan Balauru","https://www.transfermarkt.com/dan-balauru/profil/spieler/55297","Right Midfield","26","Romania","Unirea Urziceni","SuperLiga","Romania",NA,FALSE,"?","Summer",24,23,2,1551
"CS Mioveni",NA,NA,"2007","Arrivals","Andrei Neagoe","https://www.transfermarkt.com/andrei-neagoe/profil/spieler/208811","Left Midfield","20","Romania","Progresul",NA,"Romania",NA,FALSE,"?","Summer",26,15,0,565
"CS Mioveni",NA,NA,"2007","Arrivals","Răzvan Stanca","https://www.transfermarkt.com/razvan-stanca/profil/spieler/46656","Goalkeeper","27","Romania","Farul Constanta","SuperLiga","Romania",NA,TRUE,"loan transfer","Summer",32,30,0,2700
"CS Mioveni",NA,NA,"2007","Departures","Adrian Nedelea","https://www.transfermarkt.com/adrian-nedelea/profil/spieler/300418","Left Winger","31","Romania",NA,NA,NA,NA,FALSE,"-","Summer",NA,NA,NA,NA
"CS Mioveni",NA,NA,"2007","Departures","Marinica Ionica","https://www.transfermarkt.com/marinica-ionica/profil/spieler/46571","Striker","28","Romania","Jiul Petrosani",NA,"Romania",NA,TRUE,"End of loan Jun 30, 2007","Summer",NA,NA,NA,NA
"CS Mioveni",NA,NA,"2007","Departures","Cătălin Doman","https://www.transfermarkt.com/catalin-doman/profil/spieler/46536","Attacking Midfield","19","Romania","FC Arges",NA,"Romania",NA,TRUE,"End of loan Jun 30, 2007","Summer",NA,NA,NA,NA
"CS Mioveni",NA,NA,"2007","Arrivals","Cornel Frăsineanu","https://www.transfermarkt.com/cornel-frasineanu/profil/spieler/10129","Left Midfield","31","Romania","UTA Arad","SuperLiga","Romania",NA,FALSE,"?","Winter",11,11,2,926
"CS Mioveni",NA,NA,"2007","Arrivals","Octavian Chihaia","https://www.transfermarkt.com/octavian-chihaia/profil/spieler/25929","Centre-Forward","26","Romania","CFR Cluj","SuperLiga","Romania",NA,FALSE,"?","Winter",13,12,0,462
"CS Mioveni",NA,NA,"2007","Arrivals","Ionuţ Savu","https://www.transfermarkt.com/ionut-savu/profil/spieler/64076","Centre-Forward","30","Romania","Progresul",NA,"Romania",NA,FALSE,"?","Winter",15,14,2,992
"CS Mioveni",NA,NA,"2007","Arrivals","Robert Ghindeanu","https://www.transfermarkt.com/robert-ghindeanu/profil/spieler/25932","Right-Back","27","Romania","Progresul",NA,"Romania",NA,FALSE,"?","Winter",17,16,0,1365
"CS Mioveni",NA,NA,"2007","Arrivals","Marco Sebastián Pol","https://www.transfermarkt.com/marco-sebastian-pol/profil/spieler/200609","Centre-Forward","19","Argentina","CF Pachuca U19",NA,"Mexico",NA,FALSE,"?","Winter",NA,NA,NA,NA
"CS Mioveni",NA,NA,"2007","Arrivals","Hristu Chiacu","https://www.transfermarkt.com/hristu-chiacu/profil/spieler/41623","Right Midfield","21","Romania","FC Dinamo","SuperLiga","Romania",NA,TRUE,"loan transfer","Winter",14,12,0,654
"CS Mioveni",NA,NA,"2007","Arrivals","Casian Miclăuş","https://www.transfermarkt.com/casian-miclaus/profil/spieler/43338","Left-Back","30","Romania","CFR Cluj","SuperLiga","Romania",NA,TRUE,"loan transfer","Winter",7,7,0,544
"CS Mioveni",NA,NA,"2007","Arrivals","Adrian Scarlatache","https://www.transfermarkt.com/adrian-scarlatache/profil/spieler/46644","Centre-Back","21","Romania","FC Dinamo","SuperLiga","Romania",NA,TRUE,"loan transfer","Winter",12,11,0,904
"CS Mioveni",NA,NA,"2007","Departures","Ionut Chirciu","https://www.transfermarkt.com/ionut-chirciu/profil/spieler/54667","Attacking Midfield","24","Romania","FC Arges",NA,"Romania",1e+05,FALSE,NA,"Winter",10,8,0,468
"CS Mioveni",NA,NA,"2007","Departures","Horatiu Satmar","https://www.transfermarkt.com/horatiu-satmar/profil/spieler/54704","Defensive Midfield","26","Romania","CSM Deva",NA,"Romania",NA,FALSE,"?","Winter",4,2,0,89
"CS Mioveni",NA,NA,"2007","Departures","Daniel Costescu","https://www.transfermarkt.com/daniel-costescu/profil/spieler/48825","Centre-Forward","31","Romania","Progresul",NA,"Romania",NA,FALSE,"?","Winter",15,13,2,632
"CS Mioveni",NA,NA,"2007","Departures","Daniel Lupascu","https://www.transfermarkt.com/daniel-lupascu/profil/spieler/54686","Centre-Forward","26","Romania","Ariesul Turda",NA,"Romania",NA,FALSE,"?","Winter",12,12,1,669
"CS Mioveni",NA,NA,"2007","Departures","Mircea Oltean","https://www.transfermarkt.com/mircea-oltean/profil/spieler/45271","Goalkeeper","25","Romania","U Cluj","SuperLiga","Romania",NA,FALSE,"?","Winter",6,1,0,90
"CS Mioveni",NA,NA,"2007","Departures","Cornel Dobre","https://www.transfermarkt.com/cornel-dobre/profil/spieler/48831","Right-Back","32","Romania","Progresul",NA,"Romania",NA,FALSE,"?","Winter",16,14,0,1177
"CS Mioveni",NA,NA,"2007","Departures","Ciprian Dianu","https://www.transfermarkt.com/ciprian-dianu/profil/spieler/47488","Left-Back","30","Romania","Ariesul Turda",NA,"Romania",NA,FALSE,"?","Winter",1,1,0,82
"Farul Constanta (- 2016)",NA,NA,"2007","Arrivals","Malá","https://www.transfermarkt.com/mala/profil/spieler/24141","Defensive Midfield","27","Guinea-Bissau","Estoril","Liga Portugal 2","Portugal",2e+05,FALSE,NA,"Summer",12,12,0,943
"Farul Constanta (- 2016)",NA,NA,"2007","Arrivals","Florin Patrascu","https://www.transfermarkt.com/florin-patrascu/profil/spieler/56527","Defensive Midfield","21","Romania","Bihor Oradea",NA,"Romania",40000,FALSE,NA,"Summer",25,25,0,2068
"Farul Constanta (- 2016)",NA,NA,"2007","Arrivals","Bogdan Apostu","https://www.transfermarkt.com/bogdan-apostu/profil/spieler/48812","Centre-Forward","25","Romania","UTA Arad","SuperLiga","Romania",0,FALSE,NA,"Summer",NA,NA,NA,NA
"Farul Constanta (- 2016)",NA,NA,"2007","Arrivals","Paulo Monteiro","https://www.transfermarkt.com/paulo-monteiro/profil/spieler/35617","Centre-Back","22","Portugal","Istres FC","Championnat National","France",0,FALSE,NA,"Summer",NA,NA,NA,NA
"Farul Constanta (- 2016)",NA,NA,"2007","Arrivals","Gaston Mendy","https://www.transfermarkt.com/gaston-mendy/profil/spieler/35659","Left-Back","21","Senegal","Estoril","Liga Portugal 2","Portugal",0,FALSE,NA,"Summer",21,19,0,731
"Farul Constanta (- 2016)",NA,NA,"2007","Arrivals","Mihai Guriţă","https://www.transfermarkt.com/mihai-gurita/profil/spieler/46555","Centre-Forward","34","Romania","Gloria Buzau","SuperLiga","Romania",NA,FALSE,"?","Summer",12,12,0,762
"Farul Constanta (- 2016)",NA,NA,"2007","Arrivals","Ștefan Ciobanu","https://www.transfermarkt.com/stefan-ciobanu/profil/spieler/54717","Centre-Forward","28","Romania","Delta Tulcea",NA,"Romania",NA,FALSE,"?","Summer",6,4,1,227
"Farul Constanta (- 2016)",NA,NA,"2007","Arrivals","Emil Nanu","https://www.transfermarkt.com/emil-nanu/profil/spieler/54718","Centre-Forward","25","Romania","Delta Tulcea",NA,"Romania",NA,FALSE,"?","Summer",22,21,2,938
"Farul Constanta (- 2016)",NA,NA,"2007","Arrivals","Daniel Chigou","https://www.transfermarkt.com/daniel-chigou/profil/spieler/58931","Centre-Forward","23","Cameroon","Nuorese","Lega Pro 2 - A","Italy",NA,FALSE,"?","Summer",13,11,2,567
"Farul Constanta (- 2016)",NA,NA,"2007","Arrivals","Răzvan Stanca","https://www.transfermarkt.com/razvan-stanca/profil/spieler/46656","Goalkeeper","27","Romania","Sportul S.",NA,"Romania",NA,TRUE,"End of loan Jun 30, 2007","Summer",NA,NA,NA,NA
"Farul Constanta (- 2016)",NA,NA,"2007","Departures","Iulian Apostol","https://www.transfermarkt.com/iulian-apostol/profil/spieler/46489","Central Midfield","26","Romania","Unirea Urziceni","SuperLiga","Romania",150000,FALSE,NA,"Summer",NA,NA,NA,NA
"Farul Constanta (- 2016)",NA,NA,"2007","Departures","Bogdan Apostu","https://www.transfermarkt.com/bogdan-apostu/profil/spieler/48812","Centre-Forward","25","Romania","Bnei Sakhnin","Ligat ha'Al","Israel",0,FALSE,NA,"Summer",NA,NA,NA,NA
"Farul Constanta (- 2016)",NA,NA,"2007","Departures","Mihai Guriţă","https://www.transfermarkt.com/mihai-gurita/profil/spieler/46555","Centre-Forward","34","Romania","Gloria Buzau","SuperLiga","Romania",NA,FALSE,"?","Summer",12,12,0,762
"Farul Constanta (- 2016)",NA,NA,"2007","Departures","Adrian Senin","https://www.transfermarkt.com/adrian-senin/profil/spieler/46647","Left-Back","27","Romania","FC Brasov",NA,"Romania",NA,FALSE,"?","Summer",NA,NA,NA,NA
"Farul Constanta (- 2016)",NA,NA,"2007","Departures","Szabolcs Mihály Perényi","https://www.transfermarkt.com/szabolcs-mihaly-perenyi/profil/spieler/46622","Right-Back","24","Romania","Nyíregyháza","NB I.","Hungary",NA,FALSE,"?","Summer",NA,NA,NA,NA
"Farul Constanta (- 2016)",NA,NA,"2007","Departures","Tibor Moldovan","https://www.transfermarkt.com/tibor-moldovan/profil/spieler/46598","Centre-Forward","25","Romania","Nyíregyháza","NB I.","Hungary",NA,TRUE,"loan transfer","Summer",0,0,0,0
"Farul Constanta (- 2016)",NA,NA,"2007","Departures","Răzvan Stanca","https://www.transfermarkt.com/razvan-stanca/profil/spieler/46656","Goalkeeper","27","Romania","CS Mioveni","SuperLiga","Romania",NA,TRUE,"loan transfer","Summer",NA,NA,NA,NA
"Farul Constanta (- 2016)",NA,NA,"2007","Departures","Vasile Păcuraru","https://www.transfermarkt.com/vasile-pacuraru/profil/spieler/46614","Centre-Back","20","Romania","Delta Tulcea",NA,"Romania",NA,TRUE,"loan transfer","Summer",6,5,0,198
"Farul Constanta (- 2016)",NA,NA,"2007","Departures","Marius Adrian Soare","https://www.transfermarkt.com/marius-adrian-soare/profil/spieler/46651","Attacking Midfield","19","Romania","Delta Tulcea",NA,"Romania",NA,TRUE,"loan transfer","Summer",1,1,0,8
"Farul Constanta (- 2016)",NA,NA,"2007","Departures","Costel Nitescu","https://www.transfermarkt.com/costel-nitescu/profil/spieler/213659","Right-Back","17","Romania","ALRO Slatina",NA,"Romania",NA,TRUE,"loan transfer","Summer",NA,NA,NA,NA
"Farul Constanta (- 2016)",NA,NA,"2007","Departures","Alexandru Mățel","https://www.transfermarkt.com/alexandru-matel/profil/spieler/48767","Right-Back","17","Romania","Delta Tulcea",NA,"Romania",NA,TRUE,"loan transfer","Summer",NA,NA,NA,NA
"Farul Constanta (- 2016)",NA,NA,"2007","Departures","Ionel Boghitoi","https://www.transfermarkt.com/ionel-boghitoi/profil/spieler/48766","Left Midfield","24","Romania","Without Club",NA,NA,NA,FALSE,"-","Summer",NA,NA,NA,NA
"Farul Constanta (- 2016)",NA,NA,"2007","Departures","Cosmin Tilincă","https://www.transfermarkt.com/cosmin-tilinca/profil/spieler/43383","Centre-Forward","27","Romania","CFR Cluj","SuperLiga","Romania",NA,TRUE,"End of loan Jun 30, 2007","Summer",NA,NA,NA,NA
"Farul Constanta (- 2016)",NA,NA,"2007","Arrivals","Chico","https://www.transfermarkt.com/chico/profil/spieler/45359","Centre-Forward","26","Portugal","Varzim","Liga Portugal 2","Portugal",50000,FALSE,NA,"Winter",14,14,1,966
"Farul Constanta (- 2016)",NA,NA,"2007","Arrivals","Roberto Iancu","https://www.transfermarkt.com/roberto-iancu/profil/spieler/25934","Defensive Midfield","25","Romania","Unknown",NA,NA,0,FALSE,NA,"Winter",0,0,0,0
"Farul Constanta (- 2016)",NA,NA,"2007","Arrivals","Mitar Pekovic","https://www.transfermarkt.com/mitar-pekovic/profil/spieler/29943","Centre-Back","26","Montenegro","Cukaricki","Super liga Srbije","Serbia",NA,FALSE,"?","Winter",NA,NA,NA,NA
"Farul Constanta (- 2016)",NA,NA,"2007","Arrivals","Dragan Gosic","https://www.transfermarkt.com/dragan-gosic/profil/spieler/50268","Centre-Forward","26","Serbia","Laktasi","Premijer Liga BiH","Bosnia-Herzegovina",NA,FALSE,"?","Winter",12,12,1,641
"Farul Constanta (- 2016)",NA,NA,"2007","Arrivals","Kehinde Fatai","https://www.transfermarkt.com/kehinde-fatai/profil/spieler/73951","Centre-Forward","17","Nigeria","Farul U19",NA,"Romania",NA,FALSE,"-","Winter",4,4,0,40
"Farul Constanta (- 2016)",NA,NA,"2007","Arrivals","Tibor Moldovan","https://www.transfermarkt.com/tibor-moldovan/profil/spieler/46598","Centre-Forward","25","Romania","Nyíregyháza","NB I.","Hungary",NA,TRUE,"End of loan Dec 1, 2007","Winter",0,0,0,0
"Farul Constanta (- 2016)",NA,NA,"2007","Arrivals","Marius Adrian Soare","https://www.transfermarkt.com/marius-adrian-soare/profil/spieler/46651","Attacking Midfield","20","Romania","Delta Tulcea",NA,"Romania",NA,TRUE,"End of loan Dec 31, 2007","Winter",1,1,0,8
"Farul Constanta (- 2016)",NA,NA,"2007","Arrivals","Vasile Păcuraru","https://www.transfermarkt.com/vasile-pacuraru/profil/spieler/46614","Centre-Back","20","Romania","Delta Tulcea",NA,"Romania",NA,TRUE,"End of loan Dec 31, 2007","Winter",6,5,0,198
"Farul Constanta (- 2016)",NA,NA,"2007","Departures","Tibor Moldovan","https://www.transfermarkt.com/tibor-moldovan/profil/spieler/46598","Centre-Forward","25","Romania","Újpest FC","NB I.","Hungary",30000,TRUE,NA,"Winter",0,0,0,0
"Farul Constanta (- 2016)",NA,NA,"2007","Departures","Malá","https://www.transfermarkt.com/mala/profil/spieler/24141","Defensive Midfield","28","Guinea-Bissau","Ceahlaul","SuperLiga","Romania",0,FALSE,NA,"Winter",12,12,0,943
"Farul Constanta (- 2016)",NA,NA,"2007","Departures","Paulo Monteiro","https://www.transfermarkt.com/paulo-monteiro/profil/spieler/35617","Centre-Back","22","Portugal","Charlton","Championship","England",0,FALSE,NA,"Winter",NA,NA,NA,NA
"Farul Constanta (- 2016)",NA,NA,"2007","Departures","Mihai Guriţă","https://www.transfermarkt.com/mihai-gurita/profil/spieler/46555","Centre-Forward","34","Romania","UTA Arad","SuperLiga","Romania",NA,FALSE,"?","Winter",12,12,0,762
"Farul Constanta (- 2016)",NA,NA,"2007","Departures","Ștefan Ciobanu","https://www.transfermarkt.com/stefan-ciobanu/profil/spieler/54717","Centre-Forward","28","Romania","Petrolul",NA,"Romania",NA,FALSE,"?","Winter",6,4,1,227
"Farul Constanta (- 2016)",NA,NA,"2007","Departures","Marcel Otvos","https://www.transfermarkt.com/marcel-otvos/profil/spieler/48177","Left Midfield","25","Romania","Delta Tulcea",NA,"Romania",NA,FALSE,"?","Winter",3,2,0,55
"Farul Constanta (- 2016)",NA,NA,"2007","Departures","Daniel Chigou","https://www.transfermarkt.com/daniel-chigou/profil/spieler/58931","Centre-Forward","24","Cameroon","Debrecen II",NA,"Hungary",NA,FALSE,"?","Winter",13,11,2,567
"Farul Constanta (- 2016)",NA,NA,"2007","Departures","Ionuț Larie","https://www.transfermarkt.com/ionut-larie/profil/spieler/46582","Centre-Back","21","Romania","Rm. Valcea",NA,"Romania",NA,TRUE,"loan transfer","Winter",8,4,0,153
"Farul Constanta (- 2016)",NA,NA,"2007","Departures","Mircea Gheorghiu","https://www.transfermarkt.com/mircea-gheorghiu/profil/spieler/886025","Centre-Forward","21","Romania",NA,NA,NA,NA,FALSE,"-","Winter",NA,NA,NA,NA
"FC Gloria Buzau (1971 - 2016)",NA,NA,"2007","Arrivals","Cristian Stoicescu","https://www.transfermarkt.com/cristian-stoicescu/profil/spieler/55281","Goalkeeper","27","Romania","Dunarea Galati",NA,"Romania",25000,FALSE,NA,"Summer",11,1,0,90
"FC Gloria Buzau (1971 - 2016)",NA,NA,"2007","Arrivals","Mihai Mincă","https://www.transfermarkt.com/mihai-minca/profil/spieler/35431","Goalkeeper","23","Romania","FC Rapid 1923","SuperLiga","Romania",0,FALSE,NA,"Summer",29,28,0,2550
"FC Gloria Buzau (1971 - 2016)",NA,NA,"2007","Arrivals","Nikola Jozic","https://www.transfermarkt.com/nikola-jozic/profil/spieler/35780","Centre-Back","24","Serbia","Radnik Bijelj.","Prva Liga RS","Bosnia-Herzegovina",0,FALSE,NA,"Summer",22,22,1,1517
"FC Gloria Buzau (1971 - 2016)",NA,NA,"2007","Arrivals","Marian Nejneru","https://www.transfermarkt.com/marian-nejneru/profil/spieler/54771","Right Midfield","23","Romania","Dunarea Galati",NA,"Romania",0,FALSE,NA,"Summer",31,27,1,1864
"FC Gloria Buzau (1971 - 2016)",NA,NA,"2007","Arrivals","Alin Paleacu","https://www.transfermarkt.com/alin-paleacu/profil/spieler/46616","Central Midfield","32","Romania","Jiul Petrosani",NA,"Romania",NA,FALSE,"?","Summer",27,25,3,1787
"FC Gloria Buzau (1971 - 2016)",NA,NA,"2007","Arrivals","Cristian Craciun","https://www.transfermarkt.com/cristian-craciun/profil/spieler/47410","Right Midfield","34","Romania","Otelul Galati","SuperLiga","Romania",NA,FALSE,"?","Summer",NA,NA,NA,NA
"FC Gloria Buzau (1971 - 2016)",NA,NA,"2007","Arrivals","Mihai Guriţă","https://www.transfermarkt.com/mihai-gurita/profil/spieler/46555","Centre-Forward","34","Romania","Farul Constanta","SuperLiga","Romania",NA,FALSE,"?","Summer",4,4,0,303
"FC Gloria Buzau (1971 - 2016)",NA,NA,"2007","Arrivals","Marius Suleap","https://www.transfermarkt.com/marius-suleap/profil/spieler/48906","Attacking Midfield","27","Romania","Unirea Urziceni","SuperLiga","Romania",NA,FALSE,"?","Summer",13,13,0,858
"FC Gloria Buzau (1971 - 2016)",NA,NA,"2007","Arrivals","Kleyr","https://www.transfermarkt.com/kleyr/profil/spieler/58804","Centre-Forward","26","Brazil","Vilnius","A Lyga","Lithuania",NA,FALSE,"?","Summer",10,8,1,518
"FC Gloria Buzau (1971 - 2016)",NA,NA,"2007","Arrivals","Dino Eze","https://www.transfermarkt.com/dino-eze/profil/spieler/54769","Left Midfield","23","Nigeria","UTA Arad","SuperLiga","Romania",NA,FALSE,"?","Summer",36,34,1,2854
"FC Gloria Buzau (1971 - 2016)",NA,NA,"2007","Arrivals","Khalid Lebhij","https://www.transfermarkt.com/khalid-lebhij/profil/spieler/169055","Central Midfield","21","Morocco","Mouloudia",NA,"Morocco",NA,FALSE,"?","Summer",NA,NA,NA,NA
"FC Gloria Buzau (1971 - 2016)",NA,NA,"2007","Arrivals","Joe Dixon","https://www.transfermarkt.com/joe-dixon/profil/spieler/405652","Attacking Midfield","17","England","Man Utd U18",NA,"England",NA,FALSE,"?","Summer",NA,NA,NA,NA
"FC Gloria Buzau (1971 - 2016)",NA,NA,"2007","Arrivals","Valentin Simion","https://www.transfermarkt.com/valentin-simion/profil/spieler/34760","Centre-Forward","20","Romania","FCSB","SuperLiga","Romania",NA,TRUE,"loan transfer","Summer",28,27,1,2276
"FC Gloria Buzau (1971 - 2016)",NA,NA,"2007","Arrivals","Alin Litu","https://www.transfermarkt.com/alin-litu/profil/spieler/34938","Centre-Forward","20","Romania","FCSB","SuperLiga","Romania",NA,TRUE,"loan transfer","Summer",29,26,4,1928
"FC Gloria Buzau (1971 - 2016)",NA,NA,"2007","Arrivals","Alexandru Tudose","https://www.transfermarkt.com/alexandru-tudose/profil/spieler/34941","Centre-Back","20","Romania","FCSB","SuperLiga","Romania",NA,TRUE,"loan transfer","Summer",30,30,0,2639
"FC Gloria Buzau (1971 - 2016)",NA,NA,"2007","Arrivals","Razvan Ochirosii","https://www.transfermarkt.com/razvan-ochirosii/profil/spieler/43761","Left-Back","18","Romania","FCSB","SuperLiga","Romania",NA,TRUE,"loan transfer","Summer",3,3,0,149
"FC Gloria Buzau (1971 - 2016)",NA,NA,"2007","Arrivals","Alexandru Iacob","https://www.transfermarkt.com/alexandru-iacob/profil/spieler/53201","Centre-Back","18","Romania","FCSB","SuperLiga","Romania",NA,TRUE,"loan transfer","Summer",8,2,0,26
"FC Gloria Buzau (1971 - 2016)",NA,NA,"2007","Departures","Romeo Stan","https://www.transfermarkt.com/romeo-stan/profil/spieler/1002081","Defensive Midfield","30","Romania","Râmnicu Sarat",NA,"Romania",0,FALSE,NA,"Summer",NA,NA,NA,NA
"FC Gloria Buzau (1971 - 2016)",NA,NA,"2007","Departures","Nelu Popliaca","https://www.transfermarkt.com/nelu-popliaca/profil/spieler/97560","Midfielder","29","Romania","CSM Ploiesti",NA,"Romania",0,FALSE,NA,"Summer",NA,NA,NA,NA
"FC Gloria Buzau (1971 - 2016)",NA,NA,"2007","Departures","Razvan Ciortea","https://www.transfermarkt.com/razvan-ciortea/profil/spieler/213679","Right-Back","27","Romania","CS Otopeni",NA,"Romania",0,FALSE,NA,"Summer",NA,NA,NA,NA
"FC Gloria Buzau (1971 - 2016)",NA,NA,"2007","Departures","Mihai Guriţă","https://www.transfermarkt.com/mihai-gurita/profil/spieler/46555","Centre-Forward","34","Romania","Farul Constanta","SuperLiga","Romania",NA,FALSE,"?","Summer",4,4,0,303
"FC Gloria Buzau (1971 - 2016)",NA,NA,"2007","Departures","Salih Jaber","https://www.transfermarkt.com/salih-jaber/profil/spieler/54740","Centre-Forward","23","Iraq","FC Caracal",NA,"Romania",NA,FALSE,"?","Summer",1,1,0,45
"FC Gloria Buzau (1971 - 2016)",NA,NA,"2007","Departures","Stefan Leu","https://www.transfermarkt.com/stefan-leu/profil/spieler/212815","Goalkeeper","28","Romania","Unknown",NA,NA,NA,TRUE,"loan transfer","Summer",NA,NA,NA,NA
"FC Gloria Buzau (1971 - 2016)",NA,NA,"2007","Departures","Valentin Crețu","https://www.transfermarkt.com/valentin-cretu/profil/spieler/79507","Right-Back","18","Romania","Râmnicu Sarat",NA,"Romania",NA,TRUE,"loan transfer","Summer",NA,NA,NA,NA
"FC Gloria Buzau (1971 - 2016)",NA,NA,"2007","Departures","Viorel Ion","https://www.transfermarkt.com/viorel-ion/profil/spieler/54738","Centre-Forward","39","Romania",NA,NA,NA,NA,FALSE,"-","Summer",2,2,0,82
"FC Gloria Buzau (1971 - 2016)",NA,NA,"2007","Arrivals","Ducu Ninu","https://www.transfermarkt.com/ducu-ninu/profil/spieler/42788","Centre-Back","21","Romania","FCSB","SuperLiga","Romania",3e+05,TRUE,NA,"Winter",15,15,0,1327
"FC Gloria Buzau (1971 - 2016)",NA,NA,"2007","Arrivals","Tomislav Arcaba","https://www.transfermarkt.com/tomislav-arcaba/profil/spieler/79504","Goalkeeper","21","Australia","Sligo Rovers","Premier Division","Ireland",0,FALSE,NA,"Winter",NA,NA,NA,NA
"FC Gloria Buzau (1971 - 2016)",NA,NA,"2007","Arrivals","Alexandru Stoica","https://www.transfermarkt.com/alexandru-stoica/profil/spieler/74435","Left Midfield","19","Romania","EMC Rovinari",NA,"Romania",0,FALSE,NA,"Winter",5,3,0,210
"FC Gloria Buzau (1971 - 2016)",NA,NA,"2007","Arrivals","André Nunes","https://www.transfermarkt.com/andre-nunes/profil/spieler/52361","Centre-Forward","23","Brazil","FCSB","SuperLiga","Romania",NA,FALSE,"?","Winter",12,10,1,662
"FC Gloria Buzau (1971 - 2016)",NA,NA,"2007","Arrivals","Alin Vigariu","https://www.transfermarkt.com/alin-vigariu/profil/spieler/26706","Right Midfield","27","Romania","Brage",NA,"Sweden",NA,FALSE,"?","Winter",6,3,0,174
"FC Gloria Buzau (1971 - 2016)",NA,NA,"2007","Arrivals","Ghenadie Ochinca","https://www.transfermarkt.com/ghenadie-ochinca/profil/spieler/71577","Centre-Back","23","Moldova","Dacia",NA,"Moldova",NA,FALSE,"?","Winter",4,1,0,90
"FC Gloria Buzau (1971 - 2016)",NA,NA,"2007","Arrivals","Erik Bicfalvi","https://www.transfermarkt.com/erik-bicfalvi/profil/spieler/46504","Centre-Forward","19","Romania","FCSB","SuperLiga","Romania",NA,TRUE,"loan transfer","Winter",16,16,1,756
"FC Gloria Buzau (1971 - 2016)",NA,NA,"2007","Arrivals","Uros Milosavljevic","https://www.transfermarkt.com/uros-milosavljevic/profil/spieler/36124","Central Midfield","25","Serbia","Without Club",NA,NA,NA,FALSE,"-","Winter",0,0,0,0
"FC Gloria Buzau (1971 - 2016)",NA,NA,"2007","Departures","Costel Petre","https://www.transfermarkt.com/costel-petre/profil/spieler/54743","Centre-Back","27","Romania","Râmnicu Sarat",NA,"Romania",0,FALSE,NA,"Winter",15,8,0,513
"FC Gloria Buzau (1971 - 2016)",NA,NA,"2007","Departures","Kleyr","https://www.transfermarkt.com/kleyr/profil/spieler/58804","Centre-Forward","27","Brazil","LKS Lodz","Ekstraklasa","Poland",0,FALSE,NA,"Winter",10,8,1,518
"FC Gloria Buzau (1971 - 2016)",NA,NA,"2007","Departures","Andreas Popescu","https://www.transfermarkt.com/andreas-popescu/profil/spieler/20581","Attacking Midfield","25","Romania","Dunarea Galati",NA,"Romania",0,FALSE,NA,"Winter",2,1,0,45
"FC Gloria Buzau (1971 - 2016)",NA,NA,"2007","Departures","Romeo Bunica","https://www.transfermarkt.com/romeo-bunica/profil/spieler/54727","Centre-Forward","33","Romania","Râmnicu Sarat",NA,"Romania",0,FALSE,NA,"Winter",17,15,1,302
"FC Gloria Buzau (1971 - 2016)",NA,NA,"2007","Departures","Eduard Sotrocan","https://www.transfermarkt.com/eduard-sotrocan/profil/spieler/54746","Striker","24","Romania","Inter Gaz",NA,"Romania",0,FALSE,NA,"Winter",6,2,0,63
"FC Gloria Buzau (1971 - 2016)",NA,NA,"2007","Departures","Cristian Craciun","https://www.transfermarkt.com/cristian-craciun/profil/spieler/47410","Right Midfield","35","Romania","Dunarea Galati",NA,"Romania",NA,FALSE,"?","Winter",NA,NA,NA,NA
"FC Gloria Buzau (1971 - 2016)",NA,NA,"2007","Departures","Khalid Lebhij","https://www.transfermarkt.com/khalid-lebhij/profil/spieler/169055","Central Midfield","22","Morocco","Mouloudia",NA,"Morocco",NA,FALSE,"?","Winter",NA,NA,NA,NA
"FC Gloria Buzau (1971 - 2016)",NA,NA,"2007","Departures","Razvan Ochirosii","https://www.transfermarkt.com/razvan-ochirosii/profil/spieler/43761","Left-Back","18","Romania","FCSB","SuperLiga","Romania",NA,TRUE,"End of loan Dec 31, 2007","Winter",3,3,0,149
