"team_name","league","country","season","transfer_type","player_name","player_url","player_position","player_age","player_nationality","club_2","league_2","country_2","transfer_fee","is_loan","transfer_notes","window","in_squad","appearances","goals","minutes_played"
"FCSB","SuperLiga","Romania","2008","Arrivals","Bogdan Stancu","https://www.transfermarkt.com/bogdan-stancu/profil/spieler/46658","Centre-Forward","21","Romania","Unirea Urziceni","SuperLiga","Romania",2e+06,FALSE,NA,"Summer",36,34,11,2096
"FCSB","SuperLiga","Romania","2008","Arrivals","János Székely","https://www.transfermarkt.com/janos-szekely/profil/spieler/48195","Attacking Midfield","25","Romania","Otelul Galati","SuperLiga","Romania",1500000,FALSE,NA,"Summer",21,20,1,1039
"FCSB","SuperLiga","Romania","2008","Arrivals","Juan Carlos Toja","https://www.transfermarkt.com/juan-carlos-toja/profil/spieler/39146","Central Midfield","23","Colombia","Dallas","MLS","United States",1500000,FALSE,NA,"Summer",29,28,2,2097
"FCSB","SuperLiga","Romania","2008","Arrivals","António Semedo","https://www.transfermarkt.com/antonio-semedo/profil/spieler/13207","Right Winger","29","Portugal","CFR Cluj","SuperLiga","Romania",1200000,FALSE,NA,"Summer",30,30,3,1619
"FCSB","SuperLiga","Romania","2008","Arrivals","Arthuro","https://www.transfermarkt.com/arthuro/profil/spieler/35513","Centre-Forward","25","Brazil","Alavés","LaLiga2","Spain",8e+05,FALSE,NA,"Summer",15,14,2,978
"FCSB","SuperLiga","Romania","2008","Arrivals","Andrei Ionescu","https://www.transfermarkt.com/andrei-ionescu/profil/spieler/48780","Central Midfield","20","Romania","FC U Craiova","SuperLiga","Romania",8e+05,FALSE,NA,"Summer",8,8,0,304
"FCSB","SuperLiga","Romania","2008","Arrivals","Tiago Gomes","https://www.transfermarkt.com/tiago-gomes/profil/spieler/42968","Central Midfield","22","Portugal","Estrela Amadora","Liga Portugal","Portugal",3e+05,TRUE,NA,"Summer",33,29,0,1783
"FCSB","SuperLiga","Romania","2008","Arrivals","Abel Gómez","https://www.transfermarkt.com/abel-gomez/profil/spieler/29065","Central Midfield","26","Spain","Real Murcia","LaLiga2","Spain",2e+05,FALSE,NA,"Summer",3,2,0,72
"FCSB","SuperLiga","Romania","2008","Arrivals","Ricardo Pedriel","https://www.transfermarkt.com/ricardo-pedriel/profil/spieler/76281","Centre-Forward","21","Bolivia","Wilstermann ",NA,"Bolivia",2e+05,FALSE,NA,"Summer",4,4,0,78
"FCSB","SuperLiga","Romania","2008","Arrivals","Claudiu Ionescu","https://www.transfermarkt.com/claudiu-ionescu/profil/spieler/54770","Attacking Midfield","25","Romania","Gloria Buzau","SuperLiga","Romania",1e+05,FALSE,NA,"Summer",NA,NA,NA,NA
"FCSB","SuperLiga","Romania","2008","Arrivals","Pantelis Kapetanos","https://www.transfermarkt.com/pantelis-kapetanos/profil/spieler/15432","Centre-Forward","25","Greece","AEK Athens","Super League 1","Greece",0,FALSE,NA,"Summer",30,26,11,1649
"FCSB","SuperLiga","Romania","2008","Arrivals","Robert Neagoe","https://www.transfermarkt.com/robert-neagoe/profil/spieler/33902","Left Midfield","26","Romania","CS Mioveni",NA,"Romania",NA,FALSE,"?","Summer",NA,NA,NA,NA
"FCSB","SuperLiga","Romania","2008","Arrivals","George Ogăraru","https://www.transfermarkt.com/george-ogararu/profil/spieler/26501","Right-Back","28","Romania","Ajax","Eredivisie","Netherlands",NA,TRUE,"loan transfer","Summer",25,24,0,2038
"FCSB","SuperLiga","Romania","2008","Arrivals","Mihai Onicas","https://www.transfermarkt.com/mihai-onicas/profil/spieler/115242","Defensive Midfield","19","Romania","FCSB II",NA,"Romania",NA,FALSE,"-","Summer",1,1,0,8
"FCSB","SuperLiga","Romania","2008","Arrivals","Vasilica Cristocea","https://www.transfermarkt.com/vasilica-cristocea/profil/spieler/38295","Left Winger","27","Romania","Ceahlaul","SuperLiga","Romania",NA,TRUE,"End of loan Jun 30, 2008","Summer",NA,NA,NA,NA
"FCSB","SuperLiga","Romania","2008","Arrivals","Marius Croitoru","https://www.transfermarkt.com/marius-croitoru/profil/spieler/46526","Right Winger","27","Romania","Ceahlaul","SuperLiga","Romania",NA,TRUE,"End of loan Jun 30, 2008","Summer",NA,NA,NA,NA
"FCSB","SuperLiga","Romania","2008","Arrivals","Valentin Simion","https://www.transfermarkt.com/valentin-simion/profil/spieler/34760","Centre-Forward","21","Romania","Gloria Buzau","SuperLiga","Romania",NA,TRUE,"End of loan Jun 30, 2008","Summer",NA,NA,NA,NA
"FCSB","SuperLiga","Romania","2008","Arrivals","Ducu Ninu","https://www.transfermarkt.com/ducu-ninu/profil/spieler/42788","Centre-Back","21","Romania","Gloria Buzau","SuperLiga","Romania",NA,TRUE,"End of loan Jun 30, 2008","Summer",NA,NA,NA,NA
"FCSB","SuperLiga","Romania","2008","Arrivals","Alexandru Iacob","https://www.transfermarkt.com/alexandru-iacob/profil/spieler/53201","Centre-Back","19","Romania","Gloria Buzau","SuperLiga","Romania",NA,TRUE,"End of loan Jun 30, 2008","Summer",NA,NA,NA,NA
"FCSB","SuperLiga","Romania","2008","Arrivals","Răzvan Avram","https://www.transfermarkt.com/razvan-avram/profil/spieler/156804","Right Winger","21","Romania","Poiana Campina",NA,"Romania",NA,TRUE,"End of loan Jun 30, 2008","Summer",NA,NA,NA,NA
"FCSB","SuperLiga","Romania","2008","Departures","Nicolae Dică","https://www.transfermarkt.com/nicolae-dica/profil/spieler/15004","Second Striker","28","Romania","Catania","Serie A","Italy",2500000,FALSE,NA,"Summer",NA,NA,NA,NA
"FCSB","SuperLiga","Romania","2008","Departures","Mihai Neşu","https://www.transfermarkt.com/mihai-nesu/profil/spieler/26500","Left-Back","25","Romania","FC Utrecht","Eredivisie","Netherlands",1200000,FALSE,NA,"Summer",6,5,0,376
"FCSB","SuperLiga","Romania","2008","Departures","Andrés Mendoza","https://www.transfermarkt.com/andres-mendoza/profil/spieler/9650","Centre-Forward","30","Peru","Morelia","Liga MX Apertura","Mexico",0,FALSE,NA,"Summer",NA,NA,NA,NA
"FCSB","SuperLiga","Romania","2008","Departures","Claudiu Ionescu","https://www.transfermarkt.com/claudiu-ionescu/profil/spieler/54770","Attacking Midfield","25","Romania","Gloria Buzau","SuperLiga","Romania",0,FALSE,NA,"Summer",NA,NA,NA,NA
"FCSB","SuperLiga","Romania","2008","Departures","Răzvan Avram","https://www.transfermarkt.com/razvan-avram/profil/spieler/156804","Right Winger","21","Romania","Modelu",NA,"Romania",0,FALSE,NA,"Summer",NA,NA,NA,NA
"FCSB","SuperLiga","Romania","2008","Departures","Valentin Badea","https://www.transfermarkt.com/valentin-badea/profil/spieler/43758","Centre-Forward","25","Romania","Panserraikos","Super League 1","Greece",NA,TRUE,"loan transfer","Summer",1,1,0,17
"FCSB","SuperLiga","Romania","2008","Departures","Romeo Surdu","https://www.transfermarkt.com/romeo-surdu/profil/spieler/43378","Left Winger","24","Romania","FC Brasov","SuperLiga","Romania",NA,TRUE,"loan transfer","Summer",NA,NA,NA,NA
"FCSB","SuperLiga","Romania","2008","Departures","Valentin Simion","https://www.transfermarkt.com/valentin-simion/profil/spieler/34760","Centre-Forward","21","Romania","Pandurii ","SuperLiga","Romania",NA,TRUE,"loan transfer","Summer",NA,NA,NA,NA
"FCSB","SuperLiga","Romania","2008","Departures","Ducu Ninu","https://www.transfermarkt.com/ducu-ninu/profil/spieler/42788","Centre-Back","21","Romania","Gloria Bistrita","SuperLiga","Romania",NA,TRUE,"loan transfer","Summer",NA,NA,NA,NA
"FCSB","SuperLiga","Romania","2008","Departures","Alexandru Iacob","https://www.transfermarkt.com/alexandru-iacob/profil/spieler/53201","Centre-Back","19","Romania","FCSB II",NA,"Romania",NA,FALSE,"-","Summer",NA,NA,NA,NA
"FCSB","SuperLiga","Romania","2008","Departures","José Moreno","https://www.transfermarkt.com/jose-moreno/profil/spieler/40942","Centre-Forward","26","Colombia","Independiente","Torneo Clausura","Argentina",NA,TRUE,"End of loan Jun 30, 2008","Summer",NA,NA,NA,NA
"FCSB","SuperLiga","Romania","2008","Departures","Habib Habibou","https://www.transfermarkt.com/habib-habibou/profil/spieler/41261","Centre-Forward","21","Central African Republic","R Charleroi SC","Jupiler Pro League","Belgium",NA,TRUE,"End of loan Jun 30, 2008","Summer",NA,NA,NA,NA
"FCSB","SuperLiga","Romania","2008","Arrivals","Lucian Filip","https://www.transfermarkt.com/lucian-filip/profil/spieler/60880","Defensive Midfield","18","Romania","FCSB U18",NA,"Romania",NA,FALSE,"-","Winter",0,0,0,0
"FCSB","SuperLiga","Romania","2008","Arrivals","Valentin Badea","https://www.transfermarkt.com/valentin-badea/profil/spieler/43758","Centre-Forward","26","Romania","Panserraikos","Super League 1","Greece",NA,TRUE,"End of loan Dec 31, 2008","Winter",1,1,0,17
"FCSB","SuperLiga","Romania","2008","Arrivals","Erik Bicfalvi","https://www.transfermarkt.com/erik-bicfalvi/profil/spieler/46504","Centre-Forward","20","Romania","Gloria Buzau","SuperLiga","Romania",NA,TRUE,"End of loan Dec 31, 2008","Winter",6,6,1,392
"FCSB","SuperLiga","Romania","2008","Arrivals","Alexandru Tudose","https://www.transfermarkt.com/alexandru-tudose/profil/spieler/34941","Centre-Back","21","Romania","Gloria Buzau","SuperLiga","Romania",NA,TRUE,"End of loan Dec 31, 2008","Winter",2,2,0,180
"FCSB","SuperLiga","Romania","2008","Arrivals","Alin Litu","https://www.transfermarkt.com/alin-litu/profil/spieler/34938","Centre-Forward","22","Romania","Gloria Buzau","SuperLiga","Romania",NA,TRUE,"End of loan Dec 31, 2008","Winter",8,8,0,156
"FCSB","SuperLiga","Romania","2008","Departures","Mirel Rădoi","https://www.transfermarkt.com/mirel-radoi/profil/spieler/26506","Defensive Midfield","27","Romania","Al-Hilal","Saudi Pro League","Saudi Arabia",6e+06,FALSE,NA,"Winter",20,20,1,1732
"FCSB","SuperLiga","Romania","2008","Departures","Adrian Neaga","https://www.transfermarkt.com/adrian-neaga/profil/spieler/26499","Centre-Forward","29","Romania","Neftchi PFK","Premyer Liqa","Azerbaijan",5e+05,FALSE,NA,"Winter",9,7,0,303
"FCSB","SuperLiga","Romania","2008","Departures","Arthuro","https://www.transfermarkt.com/arthuro/profil/spieler/35513","Centre-Forward","26","Brazil","Akhmat Grozny","Premier Liga","Russia",0,FALSE,NA,"Winter",15,14,2,978
"FCSB","SuperLiga","Romania","2008","Departures","Abel Gómez","https://www.transfermarkt.com/abel-gomez/profil/spieler/29065","Central Midfield","26","Spain","Xerez CD","LaLiga2","Spain",0,FALSE,NA,"Winter",3,2,0,72
"FCSB","SuperLiga","Romania","2008","Departures","Marius Croitoru","https://www.transfermarkt.com/marius-croitoru/profil/spieler/46526","Right Winger","28","Romania","FCM Bacau",NA,"Romania",NA,FALSE,"?","Winter",NA,NA,NA,NA
"FCSB","SuperLiga","Romania","2008","Departures","Ionut Rada","https://www.transfermarkt.com/ionut-rada/profil/spieler/34506","Centre-Back","26","Romania","CS Otopeni","SuperLiga","Romania",NA,TRUE,"loan transfer","Winter",5,3,0,60
"FCSB","SuperLiga","Romania","2008","Departures","Cosmin Vâtcă","https://www.transfermarkt.com/cosmin-vatca/profil/spieler/47477","Goalkeeper","26","Romania","Gaz Metan","SuperLiga","Romania",NA,TRUE,"loan transfer","Winter",4,0,0,0
"FCSB","SuperLiga","Romania","2008","Departures","Robert Neagoe","https://www.transfermarkt.com/robert-neagoe/profil/spieler/33902","Left Midfield","26","Romania","Gloria Bistrita","SuperLiga","Romania",NA,TRUE,"loan transfer","Winter",NA,NA,NA,NA
"FCSB","SuperLiga","Romania","2008","Departures","Vasilica Cristocea","https://www.transfermarkt.com/vasilica-cristocea/profil/spieler/38295","Left Winger","28","Romania","Without Club",NA,NA,NA,FALSE,"-","Winter",NA,NA,NA,NA
"FC Dinamo 1948","SuperLiga","Romania","2008","Arrivals","Marius Niculae","https://www.transfermarkt.com/marius-niculae/profil/spieler/13831","Centre-Forward","27","Romania","Inverness CT","Premiership","Scotland",6e+05,FALSE,NA,"Summer",27,27,14,2076
"FC Dinamo 1948","SuperLiga","Romania","2008","Arrivals","Júlio César","https://www.transfermarkt.com/julio-cesar/profil/spieler/2943","Centre-Back","29","Brazil","Olympiacos","Super League 1","Greece",550000,FALSE,NA,"Summer",12,12,0,1044
"FC Dinamo 1948","SuperLiga","Romania","2008","Arrivals","Thiago Constância","https://www.transfermarkt.com/thiago-constancia/profil/spieler/40459","Left Winger","23","Brazil","FC Sheriff",NA,"Moldova",550000,FALSE,NA,"Summer",6,6,0,262
"FC Dinamo 1948","SuperLiga","Romania","2008","Arrivals","Andrei Cristea","https://www.transfermarkt.com/andrei-cristea/profil/spieler/26491","Centre-Forward","24","Romania","Poli. Timisoara","SuperLiga","Romania",5e+05,FALSE,NA,"Summer",9,9,2,464
"FC Dinamo 1948","SuperLiga","Romania","2008","Arrivals","Mourtala Diakité","https://www.transfermarkt.com/mourtala-diakite/profil/spieler/41616","Centre-Back","27","Mali","Boavista","Liga Portugal 2","Portugal",5e+05,FALSE,NA,"Summer",8,7,0,256
"FC Dinamo 1948","SuperLiga","Romania","2008","Arrivals","Gabriel Tamaș","https://www.transfermarkt.com/gabriel-tamas/profil/spieler/6893","Centre-Back","24","Romania","AJ Auxerre","Ligue 1","France",4e+05,TRUE,NA,"Summer",26,25,0,2090
"FC Dinamo 1948","SuperLiga","Romania","2008","Arrivals","Gualberto Campos","https://www.transfermarkt.com/gualberto-campos/profil/spieler/72529","Left Winger","27","Venezuela","Caracas FC","Liga FUTVE Clausura","Venezuela",4e+05,FALSE,NA,"Summer",4,2,0,58
"FC Dinamo 1948","SuperLiga","Romania","2008","Arrivals","Nicolae Mitea","https://www.transfermarkt.com/nicolae-mitea/profil/spieler/7433","Left Winger","23","Romania","Ajax","Eredivisie","Netherlands",350000,FALSE,NA,"Summer",14,14,0,301
"FC Dinamo 1948","SuperLiga","Romania","2008","Arrivals","Emilian Dolha","https://www.transfermarkt.com/emilian-dolha/profil/spieler/35430","Goalkeeper","28","Romania","Lech Poznan","Ekstraklasa","Poland",0,FALSE,NA,"Summer",15,6,0,540
"FC Dinamo 1948","SuperLiga","Romania","2008","Arrivals","Aleksandrs Kolinko","https://www.transfermarkt.com/aleksandrs-kolinko/profil/spieler/15318","Goalkeeper","33","Latvia","Olimps Riga","Virsliga","Latvia",0,FALSE,NA,"Summer",0,0,0,0
"FC Dinamo 1948","SuperLiga","Romania","2008","Arrivals","Andreas Loch","https://www.transfermarkt.com/andreas-loch/profil/spieler/57577","Attacking Midfield","N/A",NA,"Karlsruhe U19","U19-Bundesliga S/SW","Germany",0,FALSE,NA,"Summer",0,0,0,0
"FC Dinamo 1948","SuperLiga","Romania","2008","Arrivals","Ștefan Radu","https://www.transfermarkt.com/stefan-radu/profil/spieler/44420","Left-Back","21","Romania","Lazio","Serie A","Italy",NA,TRUE,"End of loan Jun 30, 2008","Summer",NA,NA,NA,NA
"FC Dinamo 1948","SuperLiga","Romania","2008","Arrivals","Zé Kalanga","https://www.transfermarkt.com/ze-kalanga/profil/spieler/39988","Right Winger","24","Angola","Boavista","Liga Portugal","Portugal",NA,TRUE,"End of loan Jun 30, 2008","Summer",15,11,0,482
"FC Dinamo 1948","SuperLiga","Romania","2008","Arrivals","Daniel Oprița","https://www.transfermarkt.com/daniel-oprita/profil/spieler/26502","Left Winger","26","Romania","UTA Arad","SuperLiga","Romania",NA,TRUE,"End of loan Jun 30, 2008","Summer",NA,NA,NA,NA
"FC Dinamo 1948","SuperLiga","Romania","2008","Arrivals","Hristu Chiacu","https://www.transfermarkt.com/hristu-chiacu/profil/spieler/41623","Right Midfield","21","Romania","CS Mioveni","SuperLiga","Romania",NA,TRUE,"End of loan Jun 30, 2008","Summer",NA,NA,NA,NA
"FC Dinamo 1948","SuperLiga","Romania","2008","Arrivals","Sergiu Homei","https://www.transfermarkt.com/sergiu-homei/profil/spieler/48140","Right-Back","20","Romania","Poli Iasi","SuperLiga","Romania",NA,TRUE,"End of loan Jun 30, 2008","Summer",12,11,0,724
"FC Dinamo 1948","SuperLiga","Romania","2008","Arrivals","Florin Matache","https://www.transfermarkt.com/florin-matache/profil/spieler/26031","Goalkeeper","25","Romania","CS Otopeni",NA,"Romania",NA,TRUE,"End of loan Jun 30, 2008","Summer",5,5,0,450
"FC Dinamo 1948","SuperLiga","Romania","2008","Arrivals","Adrian Scarlatache","https://www.transfermarkt.com/adrian-scarlatache/profil/spieler/46644","Centre-Back","21","Romania","CS Mioveni","SuperLiga","Romania",NA,TRUE,"End of loan Jun 30, 2008","Summer",14,14,0,1186
"FC Dinamo 1948","SuperLiga","Romania","2008","Arrivals","Jean-Philippe Mendy","https://www.transfermarkt.com/jean-philippe-mendy/profil/spieler/45270","Centre-Forward","21","France","Petrolul",NA,"Romania",NA,TRUE,"End of loan Jun 30, 2008","Summer",1,1,0,40
"FC Dinamo 1948","SuperLiga","Romania","2008","Arrivals","Georgian Păun","https://www.transfermarkt.com/georgian-paun/profil/spieler/74552","Left Winger","22","Romania","FC Drobeta",NA,"Romania",NA,TRUE,"End of loan Jun 30, 2008","Summer",NA,NA,NA,NA
"FC Dinamo 1948","SuperLiga","Romania","2008","Departures","Ștefan Radu","https://www.transfermarkt.com/stefan-radu/profil/spieler/44420","Left-Back","21","Romania","Lazio","Serie A","Italy",4750000,FALSE,NA,"Summer",NA,NA,NA,NA
"FC Dinamo 1948","SuperLiga","Romania","2008","Departures","Cosmin Moți","https://www.transfermarkt.com/cosmin-moti/profil/spieler/26675","Centre-Back","23","Romania","Siena","Serie A","Italy",6e+05,TRUE,NA,"Summer",23,23,0,1972
"FC Dinamo 1948","SuperLiga","Romania","2008","Departures","Andrei Mărgăritescu","https://www.transfermarkt.com/andrei-margaritescu/profil/spieler/26040","Defensive Midfield","28","Romania","Akhmat Grozny","Premier Liga","Russia",4e+05,FALSE,NA,"Summer",NA,NA,NA,NA
"FC Dinamo 1948","SuperLiga","Romania","2008","Departures","Cătălin Munteanu","https://www.transfermarkt.com/catalin-munteanu/profil/spieler/16615","Attacking Midfield","29","Romania","FC Brasov","SuperLiga","Romania",250000,FALSE,NA,"Summer",NA,NA,NA,NA
"FC Dinamo 1948","SuperLiga","Romania","2008","Departures","Daniel Oprița","https://www.transfermarkt.com/daniel-oprita/profil/spieler/26502","Left Winger","26","Romania","Lorca Dep.","2ª B - Grupo II","Spain",1e+05,FALSE,NA,"Summer",NA,NA,NA,NA
"FC Dinamo 1948","SuperLiga","Romania","2008","Departures","Flavius Stoican","https://www.transfermarkt.com/flavius-stoican/profil/spieler/22127","Right-Back","31","Romania","Unknown",NA,NA,0,FALSE,NA,"Summer",NA,NA,NA,NA
"FC Dinamo 1948","SuperLiga","Romania","2008","Departures","Dan Chilom","https://www.transfermarkt.com/dan-chilom/profil/spieler/89474","Goalkeeper","23","Romania","IFK Mariehamn","Veikkausliiga","Finland",0,FALSE,NA,"Summer",NA,NA,NA,NA
"FC Dinamo 1948","SuperLiga","Romania","2008","Departures","Nino Pekaric","https://www.transfermarkt.com/nino-pekaric/profil/spieler/28694","Centre-Back","25","Serbia","Red Star","Super liga Srbije","Serbia",NA,TRUE,"loan transfer","Summer",NA,NA,NA,NA
"FC Dinamo 1948","SuperLiga","Romania","2008","Departures","Hristu Chiacu","https://www.transfermarkt.com/hristu-chiacu/profil/spieler/41623","Right Midfield","21","Romania","CS Otopeni","SuperLiga","Romania",NA,TRUE,"loan transfer","Summer",NA,NA,NA,NA
"FC Dinamo 1948","SuperLiga","Romania","2008","Departures","Blagoja Todorovski","https://www.transfermarkt.com/blagoja-todorovski/profil/spieler/26321","Right-Back","23","North Macedonia","Gloria Bistrita","SuperLiga","Romania",NA,TRUE,"loan transfer","Summer",NA,NA,NA,NA
"FC Dinamo 1948","SuperLiga","Romania","2008","Departures","Liviu Ganea","https://www.transfermarkt.com/liviu-ganea/profil/spieler/45267","Centre-Forward","20","Romania","CS Otopeni","SuperLiga","Romania",NA,TRUE,"loan transfer","Summer",NA,NA,NA,NA
"FC Dinamo 1948","SuperLiga","Romania","2008","Departures","Adrian Scarlatache","https://www.transfermarkt.com/adrian-scarlatache/profil/spieler/46644","Centre-Back","21","Romania","CS Otopeni","SuperLiga","Romania",NA,TRUE,"loan transfer","Summer",14,14,0,1186
"FC Dinamo 1948","SuperLiga","Romania","2008","Departures","Cornel Predescu","https://www.transfermarkt.com/cornel-predescu/profil/spieler/44943","Attacking Midfield","20","Romania","CS Otopeni","SuperLiga","Romania",NA,TRUE,"loan transfer","Summer",0,0,0,0
"FC Dinamo 1948","SuperLiga","Romania","2008","Departures","Nicolae Musat","https://www.transfermarkt.com/nicolae-musat/profil/spieler/53196","Left-Back","21","Romania","CS Otopeni","SuperLiga","Romania",NA,TRUE,"loan transfer","Summer",1,1,0,38
"FC Dinamo 1948","SuperLiga","Romania","2008","Departures","Georgian Păun","https://www.transfermarkt.com/georgian-paun/profil/spieler/74552","Left Winger","22","Romania","Astra Giurgiu",NA,"Romania",NA,TRUE,"loan transfer","Summer",NA,NA,NA,NA
"FC Dinamo 1948","SuperLiga","Romania","2008","Departures","John Galliquio","https://www.transfermarkt.com/john-galliquio/profil/spieler/59592","Centre-Back","29","Peru","Without Club",NA,NA,NA,FALSE,"-","Summer",NA,NA,NA,NA
"FC Dinamo 1948","SuperLiga","Romania","2008","Departures","Jean-Philippe Mendy","https://www.transfermarkt.com/jean-philippe-mendy/profil/spieler/45270","Centre-Forward","21","France","Dinamo II",NA,"Romania",NA,FALSE,"-","Summer",1,1,0,40
"FC Dinamo 1948","SuperLiga","Romania","2008","Departures","Marius Pastor","https://www.transfermarkt.com/marius-pastor/profil/spieler/74597","Central Midfield","24","Romania","Dinamo II",NA,"Romania",NA,FALSE,"-","Summer",NA,NA,NA,NA
"FC Dinamo 1948","SuperLiga","Romania","2008","Arrivals","Ousmane N'Doye","https://www.transfermarkt.com/ousmane-ndoye/profil/spieler/6973","Defensive Midfield","30","Senegal","FC Vaslui","SuperLiga","Romania",350000,FALSE,NA,"Winter",12,12,3,979
"FC Dinamo 1948","SuperLiga","Romania","2008","Arrivals","Bruno Simão","https://www.transfermarkt.com/bruno-simao/profil/spieler/48902","Left-Back","23","Portugal","UTA Arad",NA,"Romania",150000,FALSE,NA,"Winter",10,10,0,852
"FC Dinamo 1948","SuperLiga","Romania","2008","Arrivals","Claudiu Niculescu","https://www.transfermarkt.com/claudiu-niculescu/profil/spieler/26049","Centre-Forward","32","Romania","Omonia Nicosia","Cyprus League","Cyprus",1e+05,FALSE,NA,"Winter",16,15,5,648
"FC Dinamo 1948","SuperLiga","Romania","2008","Arrivals","Igor Kojic","https://www.transfermarkt.com/igor-kojic/profil/spieler/60125","Goalkeeper","21","Serbia","FK Hajduk","Prva liga Srbije","Serbia",1e+05,FALSE,NA,"Winter",1,0,0,0
"FC Dinamo 1948","SuperLiga","Romania","2008","Arrivals","Cristian Melinte","https://www.transfermarkt.com/cristian-melinte/profil/spieler/63461","Centre-Back","20","Romania","UTA Arad",NA,"Romania",0,FALSE,NA,"Winter",NA,NA,NA,NA
"FC Dinamo 1948","SuperLiga","Romania","2008","Arrivals","Papa Malick Ba","https://www.transfermarkt.com/papa-malick-ba/profil/spieler/33021","Defensive Midfield","28","Senegal","Without Club",NA,NA,NA,FALSE,"-","Winter",11,11,0,735
"FC Dinamo 1948","SuperLiga","Romania","2008","Arrivals","Cosmin Moți","https://www.transfermarkt.com/cosmin-moti/profil/spieler/26675","Centre-Back","24","Romania","Siena","Serie A","Italy",NA,TRUE,"End of loan Feb 3, 2009","Winter",23,23,0,1972
"FC Dinamo 1948","SuperLiga","Romania","2008","Arrivals","Adrian Scarlatache","https://www.transfermarkt.com/adrian-scarlatache/profil/spieler/46644","Centre-Back","22","Romania","CS Otopeni","SuperLiga","Romania",NA,TRUE,"End of loan Dec 31, 2008","Winter",14,14,0,1186
"FC Dinamo 1948","SuperLiga","Romania","2008","Arrivals","Cornel Predescu","https://www.transfermarkt.com/cornel-predescu/profil/spieler/44943","Attacking Midfield","21","Romania","CS Otopeni","SuperLiga","Romania",NA,TRUE,"End of loan Dec 31, 2008","Winter",0,0,0,0
"FC Dinamo 1948","SuperLiga","Romania","2008","Arrivals","Nicolae Musat","https://www.transfermarkt.com/nicolae-musat/profil/spieler/53196","Left-Back","22","Romania","CS Otopeni","SuperLiga","Romania",NA,TRUE,"End of loan Dec 31, 2008","Winter",1,1,0,38
"FC Dinamo 1948","SuperLiga","Romania","2008","Departures","Adrian Ropotan","https://www.transfermarkt.com/adrian-ropotan/profil/spieler/44432","Central Midfield","22","Romania","Dynamo Moscow","Premier Liga","Russia",3e+06,FALSE,NA,"Winter",17,17,0,1366
"FC Dinamo 1948","SuperLiga","Romania","2008","Departures","Júlio César","https://www.transfermarkt.com/julio-cesar/profil/spieler/2943","Centre-Back","30","Brazil","Gaziantepspor","Süper Lig","Türkiye",6e+05,FALSE,NA,"Winter",12,12,0,1044
"FC Dinamo 1948","SuperLiga","Romania","2008","Departures","Deniss Romanovs","https://www.transfermarkt.com/deniss-romanovs/profil/spieler/24245","Goalkeeper","30","Latvia","Slavia Prague","Chance Liga","Czech Republic",0,FALSE,NA,"Winter",NA,NA,NA,NA
"FC Dinamo 1948","SuperLiga","Romania","2008","Departures","Mourtala Diakité","https://www.transfermarkt.com/mourtala-diakite/profil/spieler/41616","Centre-Back","28","Mali","Belenenses","Liga Portugal","Portugal",NA,FALSE,"?","Winter",8,7,0,256
"FC Dinamo 1948","SuperLiga","Romania","2008","Departures","Andrei Cristea","https://www.transfermarkt.com/andrei-cristea/profil/spieler/26491","Centre-Forward","24","Romania","Poli Iasi","SuperLiga","Romania",NA,TRUE,"loan transfer","Winter",9,9,2,464
"FC Dinamo 1948","SuperLiga","Romania","2008","Departures","Thiago Constância","https://www.transfermarkt.com/thiago-constancia/profil/spieler/40459","Left Winger","24","Brazil","Dinamo II",NA,"Romania",NA,FALSE,"-","Winter",6,6,0,262
"FC Dinamo 1948","SuperLiga","Romania","2008","Departures","Gualberto Campos","https://www.transfermarkt.com/gualberto-campos/profil/spieler/72529","Left Winger","27","Venezuela","Without Club",NA,NA,NA,FALSE,"-","Winter",4,2,0,58
"CFR Cluj","SuperLiga","Romania","2008","Arrivals","Álvaro Pereira","https://www.transfermarkt.com/alvaro-pereira/profil/spieler/54859","Left-Back","22","Uruguay","Argentinos Jrs.","Torneo Clausura","Argentina",2500000,FALSE,NA,"Summer",38,37,2,3190
"CFR Cluj","SuperLiga","Romania","2008","Arrivals","Yssouf Koné","https://www.transfermarkt.com/yssouf-kone/profil/spieler/37765","Centre-Forward","26","Burkina Faso","Rosenborg","Eliteserien","Norway",1e+06,FALSE,NA,"Summer",37,37,12,2890
"CFR Cluj","SuperLiga","Romania","2008","Arrivals","Cristian Sánchez Prette","https://www.transfermarkt.com/cristian-sanchez-prette/profil/spieler/56585","Attacking Midfield","23","Argentina","Huracán","Torneo Clausura","Argentina",7e+05,FALSE,NA,"Summer",7,2,0,102
"CFR Cluj","SuperLiga","Romania","2008","Arrivals","Gustavo Oberman","https://www.transfermarkt.com/gustavo-oberman/profil/spieler/26740","Attacking Midfield","23","Argentina","Argentinos Jrs.","Torneo Clausura","Argentina",5e+05,FALSE,NA,"Summer",6,5,0,178
"CFR Cluj","SuperLiga","Romania","2008","Arrivals","Hugo Alcântara","https://www.transfermarkt.com/hugo-alcantara/profil/spieler/17362","Centre-Back","28","Brazil","Belenenses","Liga Portugal","Portugal",3e+05,FALSE,NA,"Summer",23,18,2,1620
"CFR Cluj","SuperLiga","Romania","2008","Arrivals","Lacina Traoré","https://www.transfermarkt.com/lacina-traore/profil/spieler/69006","Centre-Forward","18","Cote d'Ivoire","Stade d'Abidjan",NA,"Cote d'Ivoire",50000,FALSE,NA,"Summer",8,6,1,189
"CFR Cluj","SuperLiga","Romania","2008","Arrivals","Vlad Bujor","https://www.transfermarkt.com/vlad-bujor/profil/spieler/123230","Second Striker","19","Romania","CFR Cluj U19",NA,"Romania",NA,FALSE,"-","Summer",NA,NA,NA,NA
"CFR Cluj","SuperLiga","Romania","2008","Arrivals","Ciprian Deac","https://www.transfermarkt.com/ciprian-deac/profil/spieler/43300","Right Winger","22","Romania","Otelul Galati","SuperLiga","Romania",NA,TRUE,"End of loan Jun 30, 2008","Summer",27,21,3,843
"CFR Cluj","SuperLiga","Romania","2008","Arrivals","Pedro Oliveira","https://www.transfermarkt.com/pedro-oliveira/profil/spieler/24847","Right Winger","26","Portugal","UTA Arad","SuperLiga","Romania",NA,TRUE,"End of loan Jun 30, 2008","Summer",NA,NA,NA,NA
"CFR Cluj","SuperLiga","Romania","2008","Arrivals","Radu Marginean","https://www.transfermarkt.com/radu-marginean/profil/spieler/46587","Defensive Midfield","25","Romania","UTA Arad","SuperLiga","Romania",NA,TRUE,"End of loan Jun 30, 2008","Summer",NA,NA,NA,NA
"CFR Cluj","SuperLiga","Romania","2008","Arrivals","Casian Miclăuş","https://www.transfermarkt.com/casian-miclaus/profil/spieler/43338","Left-Back","30","Romania","CS Mioveni","SuperLiga","Romania",NA,TRUE,"End of loan Jun 30, 2008","Summer",NA,NA,NA,NA
"CFR Cluj","SuperLiga","Romania","2008","Arrivals","Dorin Toma","https://www.transfermarkt.com/dorin-toma/profil/spieler/46667","Left-Back","31","Romania","Gloria Bistrita","SuperLiga","Romania",NA,TRUE,"End of loan Jun 30, 2008","Summer",0,0,0,0
"CFR Cluj","SuperLiga","Romania","2008","Arrivals","Alin Bota","https://www.transfermarkt.com/alin-bota/profil/spieler/48652","Goalkeeper","25","Romania","CS Otopeni",NA,"Romania",NA,TRUE,"End of loan Jun 30, 2008","Summer",NA,NA,NA,NA
"CFR Cluj","SuperLiga","Romania","2008","Departures","António Semedo","https://www.transfermarkt.com/antonio-semedo/profil/spieler/13207","Right Winger","29","Portugal","FCSB","SuperLiga","Romania",1200000,FALSE,NA,"Summer",5,4,0,283
"CFR Cluj","SuperLiga","Romania","2008","Departures","Radu Marginean","https://www.transfermarkt.com/radu-marginean/profil/spieler/46587","Defensive Midfield","25","Romania","Gloria Bistrita","SuperLiga","Romania",250000,FALSE,NA,"Summer",NA,NA,NA,NA
"CFR Cluj","SuperLiga","Romania","2008","Departures","Adrian Anca","https://www.transfermarkt.com/adrian-anca/profil/spieler/43277","Centre-Forward","32","Romania","Otelul Galati","SuperLiga","Romania",150000,FALSE,NA,"Summer",NA,NA,NA,NA
"CFR Cluj","SuperLiga","Romania","2008","Departures","Niklas Sandberg","https://www.transfermarkt.com/niklas-sandberg/profil/spieler/18103","Centre-Back","29","Sweden","Stabæk","Eliteserien","Norway",1e+05,TRUE,NA,"Summer",NA,NA,NA,NA
"CFR Cluj","SuperLiga","Romania","2008","Departures","Casian Miclăuş","https://www.transfermarkt.com/casian-miclaus/profil/spieler/43338","Left-Back","30","Romania","Gloria Bistrita","SuperLiga","Romania",80000,TRUE,NA,"Summer",NA,NA,NA,NA
"CFR Cluj","SuperLiga","Romania","2008","Departures","Mikael Dorsin","https://www.transfermarkt.com/mikael-dorsin/profil/spieler/6151","Left-Back","26","Sweden","Rosenborg","Eliteserien","Norway",0,FALSE,NA,"Summer",NA,NA,NA,NA
"CFR Cluj","SuperLiga","Romania","2008","Departures","Pedro Oliveira","https://www.transfermarkt.com/pedro-oliveira/profil/spieler/24847","Right Winger","26","Portugal","Modena","Serie B","Italy",0,FALSE,NA,"Summer",NA,NA,NA,NA
"CFR Cluj","SuperLiga","Romania","2008","Departures","Fredy","https://www.transfermarkt.com/fredy/profil/spieler/17291","Left-Back","28","Portugal","Alki Larnaca","Cyprus League","Cyprus",0,FALSE,NA,"Summer",NA,NA,NA,NA
"CFR Cluj","SuperLiga","Romania","2008","Departures","Petru Turcas","https://www.transfermarkt.com/petru-turcas/profil/spieler/43386","Goalkeeper","32","Romania","Gloria Bistrita","SuperLiga","Romania",0,FALSE,NA,"Summer",NA,NA,NA,NA
"CFR Cluj","SuperLiga","Romania","2008","Departures","Tudor Balmos","https://www.transfermarkt.com/tudor-balmos/profil/spieler/46499","Attacking Midfield","18","Romania","Unknown",NA,NA,0,FALSE,NA,"Summer",NA,NA,NA,NA
"CFR Cluj","SuperLiga","Romania","2008","Departures","Camara Lamine","https://www.transfermarkt.com/camara-lamine/profil/spieler/69007","Attacking Midfield","19","Cote d'Ivoire","Alba Iulia",NA,"Romania",NA,FALSE,"?","Summer",NA,NA,NA,NA
"CFR Cluj","SuperLiga","Romania","2008","Departures","Cristian Fabbiani","https://www.transfermarkt.com/cristian-fabbiani/profil/spieler/30612","Centre-Forward","24","Argentina","Newell's","Torneo Clausura","Argentina",NA,TRUE,"loan transfer","Summer",1,1,1,11
"CFR Cluj","SuperLiga","Romania","2008","Departures","Viorel Frunza","https://www.transfermarkt.com/viorel-frunza/profil/spieler/46547","Centre-Forward","28","Moldova","Spartak Nalchik","Premier Liga","Russia",NA,TRUE,"loan transfer","Summer",0,0,0,0
"CFR Cluj","SuperLiga","Romania","2008","Departures","Alin Bota","https://www.transfermarkt.com/alin-bota/profil/spieler/48652","Goalkeeper","25","Romania","Minaur",NA,"Romania",NA,TRUE,"loan transfer","Summer",NA,NA,NA,NA
"CFR Cluj","SuperLiga","Romania","2008","Departures","Vasile Curileac","https://www.transfermarkt.com/vasile-curileac/profil/spieler/43296","Goalkeeper","24","Romania","Cetatea Suceava",NA,"Romania",NA,TRUE,"loan transfer","Summer",NA,NA,NA,NA
"CFR Cluj","SuperLiga","Romania","2008","Departures","Andrei Boroștean","https://www.transfermarkt.com/andrei-borostean/profil/spieler/131246","Left Midfield","21","Romania","FC Botosani",NA,"Romania",NA,TRUE,"loan transfer","Summer",NA,NA,NA,NA
"CFR Cluj","SuperLiga","Romania","2008","Departures","Ibe Ogbonna","https://www.transfermarkt.com/ibe-ogbonna/profil/spieler/53198","Centre-Forward","25","Nigeria","Without Club",NA,NA,NA,FALSE,"-","Summer",NA,NA,NA,NA
"CFR Cluj","SuperLiga","Romania","2008","Arrivals","Darío Flores","https://www.transfermarkt.com/dario-flores/profil/spieler/74250","Centre-Back","24","Uruguay","River Plate","Liguilla Pre-Libertadores","Uruguay",6e+05,FALSE,NA,"Winter",12,11,0,667
"CFR Cluj","SuperLiga","Romania","2008","Arrivals","Paolo Frangipane","https://www.transfermarkt.com/paolo-frangipane/profil/spieler/73690","Attacking Midfield","29","Argentina","Belgrano","Primera Nacional","Argentina",5e+05,FALSE,NA,"Winter",5,4,0,192
"CFR Cluj","SuperLiga","Romania","2008","Arrivals","Rade Veljovic","https://www.transfermarkt.com/rade-veljovic/profil/spieler/47000","Centre-Forward","22","Serbia","Vozdovac","Prva liga Srbije","Serbia",4e+05,FALSE,NA,"Winter",2,1,0,11
"CFR Cluj","SuperLiga","Romania","2008","Arrivals","Agustín Viana","https://www.transfermarkt.com/agustin-viana/profil/spieler/64669","Left-Back","25","Uruguay","Bella Vista","Liga AUF Clausura","Uruguay",3e+05,FALSE,NA,"Winter",1,1,0,90
"CFR Cluj","SuperLiga","Romania","2008","Arrivals","Bogdan Mara","https://www.transfermarkt.com/bogdan-mara/profil/spieler/47602","Attacking Midfield","31","Romania","Unirea Urziceni","SuperLiga","Romania",0,FALSE,NA,"Winter",17,17,2,1123
"CFR Cluj","SuperLiga","Romania","2008","Arrivals","Cristian Fabbiani","https://www.transfermarkt.com/cristian-fabbiani/profil/spieler/30612","Centre-Forward","25","Argentina","Newell's","Torneo Clausura","Argentina",NA,TRUE,"End of loan Dec 31, 2008","Winter",1,1,1,11
"CFR Cluj","SuperLiga","Romania","2008","Arrivals","Niklas Sandberg","https://www.transfermarkt.com/niklas-sandberg/profil/spieler/18103","Centre-Back","30","Sweden","Stabæk","Eliteserien","Norway",NA,TRUE,"End of loan Dec 1, 2008","Winter",NA,NA,NA,NA
"CFR Cluj","SuperLiga","Romania","2008","Arrivals","Viorel Frunza","https://www.transfermarkt.com/viorel-frunza/profil/spieler/46547","Centre-Forward","29","Moldova","Spartak Nalchik","Premier Liga","Russia",NA,TRUE,"End of loan Dec 31, 2008","Winter",0,0,0,0
"CFR Cluj","SuperLiga","Romania","2008","Arrivals","Vasile Curileac","https://www.transfermarkt.com/vasile-curileac/profil/spieler/43296","Goalkeeper","24","Romania","Cetatea Suceava",NA,"Romania",NA,TRUE,"End of loan Dec 1, 2008","Winter",NA,NA,NA,NA
"CFR Cluj","SuperLiga","Romania","2008","Departures","Cristian Fabbiani","https://www.transfermarkt.com/cristian-fabbiani/profil/spieler/30612","Centre-Forward","25","Argentina","River Plate","Torneo Clausura","Argentina",4e+05,TRUE,NA,"Winter",1,1,1,11
"CFR Cluj","SuperLiga","Romania","2008","Departures","Eugen Trică","https://www.transfermarkt.com/eugen-trica/profil/spieler/26299","Attacking Midfield","32","Romania","Anorthosis","Cyprus League","Cyprus",4e+05,FALSE,NA,"Winter",21,21,2,1377
"CFR Cluj","SuperLiga","Romania","2008","Departures","Gustavo Oberman","https://www.transfermarkt.com/gustavo-oberman/profil/spieler/26740","Attacking Midfield","23","Argentina","Córdoba CF","LaLiga2","Spain",0,FALSE,NA,"Winter",6,5,0,178
"CFR Cluj","SuperLiga","Romania","2008","Departures","Pedro Oliveira","https://www.transfermarkt.com/pedro-oliveira/profil/spieler/24847","Right Winger","26","Portugal","Modena","Serie B","Italy",0,FALSE,NA,"Winter",NA,NA,NA,NA
"CFR Cluj","SuperLiga","Romania","2008","Departures","Niklas Sandberg","https://www.transfermarkt.com/niklas-sandberg/profil/spieler/18103","Centre-Back","30","Sweden","Haugesund","OBOS-ligaen","Norway",NA,FALSE,"?","Winter",NA,NA,NA,NA
"CFR Cluj","SuperLiga","Romania","2008","Departures","Cristian Sánchez Prette","https://www.transfermarkt.com/cristian-sanchez-prette/profil/spieler/56585","Attacking Midfield","23","Argentina","Estudiantes LP","Torneo Clausura","Argentina",NA,TRUE,"loan transfer","Winter",7,2,0,102
"CFR Cluj","SuperLiga","Romania","2008","Departures","Vasile Curileac","https://www.transfermarkt.com/vasile-curileac/profil/spieler/43296","Goalkeeper","24","Romania","Alba Iulia",NA,"Romania",NA,TRUE,"loan transfer","Winter",NA,NA,NA,NA
"CFR Cluj","SuperLiga","Romania","2008","Departures","Vitinha","https://www.transfermarkt.com/vitinha/profil/spieler/48662","Left-Back","22","Portugal","CS Otopeni","SuperLiga","Romania",NA,TRUE,"loan transfer","Winter",NA,NA,NA,NA
"CFR Cluj","SuperLiga","Romania","2008","Departures","Alin Minteuan","https://www.transfermarkt.com/alin-minteuan/profil/spieler/43341","Right Midfield","32","Romania",NA,NA,NA,NA,FALSE,"-","Winter",NA,NA,NA,NA
"CFR Cluj","SuperLiga","Romania","2008","Departures","Manuel José","https://www.transfermarkt.com/manuel-jose/profil/spieler/13122","Right Winger","27","Portugal","Without Club",NA,NA,NA,FALSE,"-","Winter",5,4,0,77
"Politehnica Timisoara (- 2012)",NA,NA,"2008","Arrivals","Dorin Goga","https://www.transfermarkt.com/dorin-goga/profil/spieler/54735","Centre-Forward","23","Romania","U Cluj",NA,"Romania",1500000,FALSE,NA,"Summer",19,19,3,856
"Politehnica Timisoara (- 2012)",NA,NA,"2008","Arrivals","Éder Bonfim","https://www.transfermarkt.com/eder-bonfim/profil/spieler/13975","Right-Back","27","Brazil","Leiria","Liga Portugal 2","Portugal",1e+06,FALSE,NA,"Summer",9,5,0,239
"Politehnica Timisoara (- 2012)",NA,NA,"2008","Arrivals","Lukas Magera","https://www.transfermarkt.com/lukas-magera/profil/spieler/22055","Centre-Forward","25","Czech Republic","Banik Ostrava","Chance Liga","Czech Republic",970000,FALSE,NA,"Summer",35,34,6,2510
"Politehnica Timisoara (- 2012)",NA,NA,"2008","Arrivals","Winston Parks","https://www.transfermarkt.com/winston-parks/profil/spieler/9655","Centre-Forward","26","Costa Rica","LD Alajuelense","Primera División Clausura","Costa Rica",8e+05,FALSE,NA,"Summer",29,27,5,1018
"Politehnica Timisoara (- 2012)",NA,NA,"2008","Arrivals","Sreten Sretenovic","https://www.transfermarkt.com/sreten-sretenovic/profil/spieler/36070","Centre-Back","23","Serbia","Benfica","Liga Portugal","Portugal",8e+05,FALSE,NA,"Summer",8,5,0,422
"Politehnica Timisoara (- 2012)",NA,NA,"2008","Arrivals","Marian Cisovsky","https://www.transfermarkt.com/marian-cisovsky/profil/spieler/38970","Centre-Back","28","Slovakia","FC Petrzalka","Niké Liga","Slovakia",550000,FALSE,NA,"Summer",29,29,3,2562
"Politehnica Timisoara (- 2012)",NA,NA,"2008","Arrivals","David Sánchez","https://www.transfermarkt.com/david-sanchez/profil/spieler/58147","Central Midfield","25","Spain","Gimnàstic","LaLiga2","Spain",5e+05,FALSE,NA,"Summer",1,1,0,1
"Politehnica Timisoara (- 2012)",NA,NA,"2008","Arrivals","José Luis García","https://www.transfermarkt.com/jose-luis-garcia/profil/spieler/54349","Defensive Midfield","23","Argentina","U. de Chile","Torneo Clausura","Chile",5e+05,FALSE,NA,"Summer",5,2,0,180
"Politehnica Timisoara (- 2012)",NA,NA,"2008","Arrivals","Milhazes","https://www.transfermarkt.com/milhazes/profil/spieler/18947","Left-Back","27","Portugal","Rio Ave","Liga Portugal","Portugal",350000,FALSE,NA,"Summer",15,15,0,1350
"Politehnica Timisoara (- 2012)",NA,NA,"2008","Arrivals","Pedro Taborda","https://www.transfermarkt.com/pedro-taborda/profil/spieler/24175","Goalkeeper","30","Portugal","Naval 1893","Liga Portugal","Portugal",250000,FALSE,NA,"Summer",12,4,0,315
"Politehnica Timisoara (- 2012)",NA,NA,"2008","Arrivals","Kenan Cejvanovic","https://www.transfermarkt.com/kenan-cejvanovic/profil/spieler/39786","Centre-Back","21","Bosnia-Herzegovina","Sloboda Tuzla","Premijer Liga BiH","Bosnia-Herzegovina",0,FALSE,NA,"Summer",NA,NA,NA,NA
"Politehnica Timisoara (- 2012)",NA,NA,"2008","Arrivals","Adrian Popa","https://www.transfermarkt.com/adrian-popa/profil/spieler/104062","Right Winger","19","Romania","Ac. Clinceni",NA,"Romania",0,FALSE,NA,"Summer",NA,NA,NA,NA
"Politehnica Timisoara (- 2012)",NA,NA,"2008","Arrivals","Andrei Cristea","https://www.transfermarkt.com/andrei-cristea/profil/spieler/26491","Centre-Forward","24","Romania","Poli Iasi","SuperLiga","Romania",NA,TRUE,"End of loan Jun 30, 2008","Summer",NA,NA,NA,NA
"Politehnica Timisoara (- 2012)",NA,NA,"2008","Arrivals","Ionuț Matei","https://www.transfermarkt.com/ionut-matei/profil/spieler/48366","Right Midfield","23","Romania","Ceahlaul","SuperLiga","Romania",NA,TRUE,"End of loan Jun 30, 2008","Summer",NA,NA,NA,NA
"Politehnica Timisoara (- 2012)",NA,NA,"2008","Arrivals","Rares Soporan","https://www.transfermarkt.com/rares-soporan/profil/spieler/47890","Defensive Midfield","24","Romania","U Cluj","SuperLiga","Romania",NA,TRUE,"End of loan Jun 30, 2008","Summer",NA,NA,NA,NA
"Politehnica Timisoara (- 2012)",NA,NA,"2008","Arrivals","Florin Sandu","https://www.transfermarkt.com/florin-sandu/profil/spieler/103528","Left-Back","20","Romania","Sportul S.",NA,"Romania",NA,TRUE,"End of loan Jun 30, 2008","Summer",NA,NA,NA,NA
"Politehnica Timisoara (- 2012)",NA,NA,"2008","Arrivals","Bogdan Straut","https://www.transfermarkt.com/bogdan-straut/profil/spieler/126124","Right-Back","22","Romania","ACSM Reșița",NA,"Romania",NA,TRUE,"End of loan Jun 30, 2008","Summer",NA,NA,NA,NA
"Politehnica Timisoara (- 2012)",NA,NA,"2008","Arrivals","Gabriel Siminic","https://www.transfermarkt.com/gabriel-siminic/profil/spieler/107610","Left-Back","22","Romania","ACSM Reșița",NA,"Romania",NA,TRUE,"End of loan Jun 30, 2008","Summer",NA,NA,NA,NA
"Politehnica Timisoara (- 2012)",NA,NA,"2008","Arrivals","Ioan Mera","https://www.transfermarkt.com/ioan-mera/profil/spieler/103523","Centre-Back","21","Romania","ACSM Reșița",NA,"Romania",NA,TRUE,"End of loan Jun 30, 2008","Summer",NA,NA,NA,NA
"Politehnica Timisoara (- 2012)",NA,NA,"2008","Arrivals","Sebastian Cojocnean","https://www.transfermarkt.com/sebastian-cojocnean/profil/spieler/104063","Right Winger","20","Romania","Sportul S.",NA,"Romania",NA,TRUE,"End of loan Jun 30, 2008","Summer",NA,NA,NA,NA
"Politehnica Timisoara (- 2012)",NA,NA,"2008","Departures","Andrei Cristea","https://www.transfermarkt.com/andrei-cristea/profil/spieler/26491","Centre-Forward","24","Romania","FC Dinamo","SuperLiga","Romania",5e+05,FALSE,NA,"Summer",NA,NA,NA,NA
"Politehnica Timisoara (- 2012)",NA,NA,"2008","Departures","Gabriel Canu","https://www.transfermarkt.com/gabriel-canu/profil/spieler/25927","Centre-Back","27","Romania","FC Vaslui","SuperLiga","Romania",360000,FALSE,NA,"Summer",NA,NA,NA,NA
"Politehnica Timisoara (- 2012)",NA,NA,"2008","Departures","Cristian Daminuță","https://www.transfermarkt.com/cristian-daminuta/profil/spieler/47873","Defensive Midfield","18","Romania","Inter U20","Primavera B","Italy",3e+05,FALSE,NA,"Summer",NA,NA,NA,NA
"Politehnica Timisoara (- 2012)",NA,NA,"2008","Departures","Marian Aliuta","https://www.transfermarkt.com/marian-aliuta/profil/spieler/28532","Attacking Midfield","30","Romania","FC Vaslui","SuperLiga","Romania",2e+05,FALSE,NA,"Summer",NA,NA,NA,NA
"Politehnica Timisoara (- 2012)",NA,NA,"2008","Departures","Jonny McKain","https://www.transfermarkt.com/jonny-mckain/profil/spieler/25935","Centre-Back","25","Australia","Wellington","A-League Men","New Zealand",0,FALSE,NA,"Summer",NA,NA,NA,NA
"Politehnica Timisoara (- 2012)",NA,NA,"2008","Departures","Wayne Srhoj","https://www.transfermarkt.com/wayne-srhoj/profil/spieler/42801","Attacking Midfield","26","Australia","Perth Glory","A-League Men","Australia",0,FALSE,NA,"Summer",NA,NA,NA,NA
"Politehnica Timisoara (- 2012)",NA,NA,"2008","Departures","Kenan Cejvanovic","https://www.transfermarkt.com/kenan-cejvanovic/profil/spieler/39786","Centre-Back","21","Bosnia-Herzegovina","Sloboda Tuzla","Premijer Liga BiH","Bosnia-Herzegovina",0,FALSE,NA,"Summer",NA,NA,NA,NA
"Politehnica Timisoara (- 2012)",NA,NA,"2008","Departures","Rares Soporan","https://www.transfermarkt.com/rares-soporan/profil/spieler/47890","Defensive Midfield","24","Romania","U Cluj",NA,"Romania",NA,FALSE,"?","Summer",NA,NA,NA,NA
"Politehnica Timisoara (- 2012)",NA,NA,"2008","Departures","Bogdan Straut","https://www.transfermarkt.com/bogdan-straut/profil/spieler/126124","Right-Back","22","Romania","Liberty Salonta",NA,"Romania",NA,FALSE,"?","Summer",NA,NA,NA,NA
"Politehnica Timisoara (- 2012)",NA,NA,"2008","Departures","Mansour Gueye","https://www.transfermarkt.com/mansour-gueye/profil/spieler/33744","Left Winger","22","Senegal","Ac. Clinceni",NA,"Romania",NA,TRUE,"loan transfer","Summer",NA,NA,NA,NA
"Politehnica Timisoara (- 2012)",NA,NA,"2008","Departures","Alin Ratiu","https://www.transfermarkt.com/alin-ratiu/profil/spieler/56041","Centre-Back","25","Romania","Ac. Clinceni",NA,"Romania",NA,TRUE,"loan transfer","Summer",NA,NA,NA,NA
"Politehnica Timisoara (- 2012)",NA,NA,"2008","Departures","Ionuț Matei","https://www.transfermarkt.com/ionut-matei/profil/spieler/48366","Right Midfield","23","Romania","Ac. Clinceni",NA,"Romania",NA,TRUE,"loan transfer","Summer",NA,NA,NA,NA
"Politehnica Timisoara (- 2012)",NA,NA,"2008","Departures","Mircea Axente","https://www.transfermarkt.com/mircea-axente/profil/spieler/69558","Centre-Forward","21","Romania","Ac. Clinceni",NA,"Romania",NA,TRUE,"loan transfer","Summer",NA,NA,NA,NA
"Politehnica Timisoara (- 2012)",NA,NA,"2008","Departures","Alexandru Popovici","https://www.transfermarkt.com/alexandru-popovici/profil/spieler/69564","Right Winger","19","Romania","Ac. Clinceni",NA,"Romania",NA,TRUE,"loan transfer","Summer",NA,NA,NA,NA
"Politehnica Timisoara (- 2012)",NA,NA,"2008","Departures","Cristian Scutaru","https://www.transfermarkt.com/cristian-scutaru/profil/spieler/47181","Centre-Back","21","Romania","Ac. Clinceni",NA,"Romania",NA,TRUE,"loan transfer","Summer",5,4,0,148
"Politehnica Timisoara (- 2012)",NA,NA,"2008","Departures","Marian Chitu","https://www.transfermarkt.com/marian-chitu/profil/spieler/103521","Left Winger","21","Romania","Ac. Clinceni",NA,"Romania",NA,TRUE,"loan transfer","Summer",NA,NA,NA,NA
"Politehnica Timisoara (- 2012)",NA,NA,"2008","Departures","Florin Sandu","https://www.transfermarkt.com/florin-sandu/profil/spieler/103528","Left-Back","20","Romania","Ac. Clinceni",NA,"Romania",NA,TRUE,"loan transfer","Summer",NA,NA,NA,NA
"Politehnica Timisoara (- 2012)",NA,NA,"2008","Departures","Gabriel Siminic","https://www.transfermarkt.com/gabriel-siminic/profil/spieler/107610","Left-Back","22","Romania","Ac. Clinceni",NA,"Romania",NA,TRUE,"loan transfer","Summer",NA,NA,NA,NA
"Politehnica Timisoara (- 2012)",NA,NA,"2008","Departures","Ioan Mera","https://www.transfermarkt.com/ioan-mera/profil/spieler/103523","Centre-Back","21","Romania","Ac. Clinceni",NA,"Romania",NA,TRUE,"loan transfer","Summer",NA,NA,NA,NA
"Politehnica Timisoara (- 2012)",NA,NA,"2008","Departures","Sebastian Cojocnean","https://www.transfermarkt.com/sebastian-cojocnean/profil/spieler/104063","Right Winger","20","Romania","Ac. Clinceni",NA,"Romania",NA,TRUE,"loan transfer","Summer",NA,NA,NA,NA
"Politehnica Timisoara (- 2012)",NA,NA,"2008","Departures","Adrian Poparadu","https://www.transfermarkt.com/adrian-poparadu/profil/spieler/104553","Defensive Midfield","20","Romania","Ac. Clinceni",NA,"Romania",NA,TRUE,"loan transfer","Summer",NA,NA,NA,NA
"Politehnica Timisoara (- 2012)",NA,NA,"2008","Departures","Adrian Popa","https://www.transfermarkt.com/adrian-popa/profil/spieler/104062","Right Winger","19","Romania","Ac. Clinceni",NA,"Romania",NA,TRUE,"loan transfer","Summer",NA,NA,NA,NA
"Politehnica Timisoara (- 2012)",NA,NA,"2008","Departures","Fabian Teusan","https://www.transfermarkt.com/fabian-teusan/profil/spieler/48910","Centre-Back","19","Romania","Ac. Clinceni",NA,"Romania",NA,TRUE,"loan transfer","Summer",NA,NA,NA,NA
"Politehnica Timisoara (- 2012)",NA,NA,"2008","Departures","Artur Patras","https://www.transfermarkt.com/artur-patras/profil/spieler/104065","Central Midfield","19","Moldova","Ac. Clinceni",NA,"Romania",NA,TRUE,"loan transfer","Summer",NA,NA,NA,NA
"Politehnica Timisoara (- 2012)",NA,NA,"2008","Departures","Ionel Ganea","https://www.transfermarkt.com/ionel-ganea/profil/spieler/595","Centre-Forward","34","Romania","Without Club",NA,NA,NA,FALSE,"-","Summer",NA,NA,NA,NA
"Politehnica Timisoara (- 2012)",NA,NA,"2008","Departures","Elvio Martínez","https://www.transfermarkt.com/elvio-martinez/profil/spieler/70172","Central Midfield","26","Argentina","Without Club",NA,NA,NA,FALSE,"-","Summer",NA,NA,NA,NA
"Politehnica Timisoara (- 2012)",NA,NA,"2008","Departures","Milhazes","https://www.transfermarkt.com/milhazes/profil/spieler/18947","Left-Back","27","Portugal","Rio Ave","Liga Portugal","Portugal",NA,TRUE,"End of loan Jun 30, 2008","Summer",15,15,0,1350
"Politehnica Timisoara (- 2012)",NA,NA,"2008","Departures","Tiberiu Bălan","https://www.transfermarkt.com/tiberiu-balan/profil/spieler/64101","Attacking Midfield","27","Romania","Sportul S.",NA,"Romania",NA,TRUE,"End of loan Jun 30, 2008","Summer",NA,NA,NA,NA
"Politehnica Timisoara (- 2012)",NA,NA,"2008","Arrivals","Alexandru Curtean","https://www.transfermarkt.com/alexandru-curtean/profil/spieler/81477","Left Winger","21","Romania","Gaz Metan","SuperLiga","Romania",1500000,FALSE,NA,"Winter",16,16,2,871
"Politehnica Timisoara (- 2012)",NA,NA,"2008","Arrivals","Florin Maxim","https://www.transfermarkt.com/florin-maxim/profil/spieler/48768","Left-Back","27","Romania","Farul Constanta","SuperLiga","Romania",4e+05,FALSE,NA,"Winter",6,5,1,211
"Politehnica Timisoara (- 2012)",NA,NA,"2008","Arrivals","Daré Nibombé","https://www.transfermarkt.com/dare-nibombe/profil/spieler/12967","Centre-Back","28","Togo","CS Otopeni","SuperLiga","Romania",3e+05,FALSE,NA,"Winter",13,13,1,1079
"Politehnica Timisoara (- 2012)",NA,NA,"2008","Arrivals","Kevin Amuneke","https://www.transfermarkt.com/kevin-amuneke/profil/spieler/25243","Centre-Forward","22","Nigeria","Norrköping","Superettan","Sweden",NA,FALSE,"?","Winter",3,3,0,69
"Politehnica Timisoara (- 2012)",NA,NA,"2008","Arrivals","Samuel Jitaru","https://www.transfermarkt.com/samuel-jitaru/profil/spieler/208719","Central Midfield","17","Romania","Corvinul 2005",NA,"Romania",NA,FALSE,"?","Winter",NA,NA,NA,NA
"Politehnica Timisoara (- 2012)",NA,NA,"2008","Arrivals","Mansour Gueye","https://www.transfermarkt.com/mansour-gueye/profil/spieler/33744","Left Winger","23","Senegal","Ac. Clinceni",NA,"Romania",NA,TRUE,"End of loan Dec 31, 2008","Winter",NA,NA,NA,NA
"Politehnica Timisoara (- 2012)",NA,NA,"2008","Arrivals","Alin Ratiu","https://www.transfermarkt.com/alin-ratiu/profil/spieler/56041","Centre-Back","26","Romania","Ac. Clinceni",NA,"Romania",NA,TRUE,"End of loan Dec 1, 2008","Winter",NA,NA,NA,NA
"Politehnica Timisoara (- 2012)",NA,NA,"2008","Arrivals","Ionuț Matei","https://www.transfermarkt.com/ionut-matei/profil/spieler/48366","Right Midfield","24","Romania","Ac. Clinceni",NA,"Romania",NA,TRUE,"End of loan Dec 1, 2008","Winter",NA,NA,NA,NA
"Politehnica Timisoara (- 2012)",NA,NA,"2008","Arrivals","Mircea Axente","https://www.transfermarkt.com/mircea-axente/profil/spieler/69558","Centre-Forward","21","Romania","Ac. Clinceni",NA,"Romania",NA,TRUE,"End of loan Dec 1, 2008","Winter",NA,NA,NA,NA
"Politehnica Timisoara (- 2012)",NA,NA,"2008","Arrivals","Alexandru Popovici","https://www.transfermarkt.com/alexandru-popovici/profil/spieler/69564","Right Winger","20","Romania","Ac. Clinceni",NA,"Romania",NA,TRUE,"End of loan Dec 1, 2008","Winter",NA,NA,NA,NA
"Politehnica Timisoara (- 2012)",NA,NA,"2008","Arrivals","Cristian Scutaru","https://www.transfermarkt.com/cristian-scutaru/profil/spieler/47181","Centre-Back","21","Romania","Ac. Clinceni",NA,"Romania",NA,TRUE,"End of loan Dec 31, 2008","Winter",5,4,0,148
"Politehnica Timisoara (- 2012)",NA,NA,"2008","Arrivals","Marian Chitu","https://www.transfermarkt.com/marian-chitu/profil/spieler/103521","Left Winger","22","Romania","Ac. Clinceni",NA,"Romania",NA,TRUE,"End of loan Dec 1, 2008","Winter",NA,NA,NA,NA
"Politehnica Timisoara (- 2012)",NA,NA,"2008","Arrivals","Florin Sandu","https://www.transfermarkt.com/florin-sandu/profil/spieler/103528","Left-Back","21","Romania","Ac. Clinceni",NA,"Romania",NA,TRUE,"End of loan Dec 1, 2008","Winter",NA,NA,NA,NA
"Politehnica Timisoara (- 2012)",NA,NA,"2008","Arrivals","Gabriel Siminic","https://www.transfermarkt.com/gabriel-siminic/profil/spieler/107610","Left-Back","22","Romania","Ac. Clinceni",NA,"Romania",NA,TRUE,"End of loan Dec 1, 2008","Winter",NA,NA,NA,NA
"Politehnica Timisoara (- 2012)",NA,NA,"2008","Arrivals","Ioan Mera","https://www.transfermarkt.com/ioan-mera/profil/spieler/103523","Centre-Back","21","Romania","Ac. Clinceni",NA,"Romania",NA,TRUE,"End of loan Dec 31, 2008","Winter",NA,NA,NA,NA
"Politehnica Timisoara (- 2012)",NA,NA,"2008","Arrivals","Adrian Poparadu","https://www.transfermarkt.com/adrian-poparadu/profil/spieler/104553","Defensive Midfield","21","Romania","Ac. Clinceni",NA,"Romania",NA,TRUE,"End of loan Dec 1, 2008","Winter",NA,NA,NA,NA
"Politehnica Timisoara (- 2012)",NA,NA,"2008","Arrivals","Adrian Popa","https://www.transfermarkt.com/adrian-popa/profil/spieler/104062","Right Winger","20","Romania","Ac. Clinceni",NA,"Romania",NA,TRUE,"End of loan Dec 31, 2008","Winter",NA,NA,NA,NA
"Politehnica Timisoara (- 2012)",NA,NA,"2008","Arrivals","Fabian Teusan","https://www.transfermarkt.com/fabian-teusan/profil/spieler/48910","Centre-Back","20","Romania","Ac. Clinceni",NA,"Romania",NA,TRUE,"End of loan Dec 1, 2008","Winter",NA,NA,NA,NA
"Politehnica Timisoara (- 2012)",NA,NA,"2008","Arrivals","Sebastian Cojocnean","https://www.transfermarkt.com/sebastian-cojocnean/profil/spieler/104063","Right Winger","20","Romania","Ac. Clinceni",NA,"Romania",NA,TRUE,"End of loan Dec 1, 2008","Winter",NA,NA,NA,NA
"Politehnica Timisoara (- 2012)",NA,NA,"2008","Arrivals","Artur Patras","https://www.transfermarkt.com/artur-patras/profil/spieler/104065","Central Midfield","20","Moldova","Ac. Clinceni",NA,"Romania",NA,TRUE,"End of loan Dec 1, 2008","Winter",NA,NA,NA,NA
"Politehnica Timisoara (- 2012)",NA,NA,"2008","Departures","Sreten Sretenovic","https://www.transfermarkt.com/sreten-sretenovic/profil/spieler/36070","Centre-Back","23","Serbia","Kuban Krasnodar","Premier Liga","Russia",5e+05,FALSE,NA,"Winter",8,5,0,422
"Politehnica Timisoara (- 2012)",NA,NA,"2008","Departures","David Sánchez","https://www.transfermarkt.com/david-sanchez/profil/spieler/58147","Central Midfield","26","Spain","Gloria Buzau","SuperLiga","Romania",NA,TRUE,"loan transfer","Winter",1,1,0,1
"Politehnica Timisoara (- 2012)",NA,NA,"2008","Departures","Milhazes","https://www.transfermarkt.com/milhazes/profil/spieler/18947","Left-Back","27","Portugal","Vit. Guimarães","Liga Portugal","Portugal",NA,TRUE,"loan transfer","Winter",15,15,0,1350
"Politehnica Timisoara (- 2012)",NA,NA,"2008","Departures","Éder Bonfim","https://www.transfermarkt.com/eder-bonfim/profil/spieler/13975","Right-Back","27","Brazil","Gloria Buzau","SuperLiga","Romania",NA,TRUE,"loan transfer","Winter",9,5,0,239
"Politehnica Timisoara (- 2012)",NA,NA,"2008","Departures","Mansour Gueye","https://www.transfermarkt.com/mansour-gueye/profil/spieler/33744","Left Winger","23","Senegal","Gloria Buzau","SuperLiga","Romania",NA,TRUE,"loan transfer","Winter",NA,NA,NA,NA
"Politehnica Timisoara (- 2012)",NA,NA,"2008","Departures","Alin Ratiu","https://www.transfermarkt.com/alin-ratiu/profil/spieler/56041","Centre-Back","26","Romania","Gloria Buzau","SuperLiga","Romania",NA,TRUE,"loan transfer","Winter",NA,NA,NA,NA
"Politehnica Timisoara (- 2012)",NA,NA,"2008","Departures","José Luis García","https://www.transfermarkt.com/jose-luis-garcia/profil/spieler/54349","Defensive Midfield","23","Argentina","Gloria Buzau","SuperLiga","Romania",NA,TRUE,"loan transfer","Winter",5,2,0,180
"Politehnica Timisoara (- 2012)",NA,NA,"2008","Departures","Ionuț Matei","https://www.transfermarkt.com/ionut-matei/profil/spieler/48366","Right Midfield","24","Romania","Gloria Buzau","SuperLiga","Romania",NA,TRUE,"loan transfer","Winter",NA,NA,NA,NA
"Politehnica Timisoara (- 2012)",NA,NA,"2008","Departures","Mircea Axente","https://www.transfermarkt.com/mircea-axente/profil/spieler/69558","Centre-Forward","21","Romania","Gloria Buzau","SuperLiga","Romania",NA,TRUE,"loan transfer","Winter",NA,NA,NA,NA
"Politehnica Timisoara (- 2012)",NA,NA,"2008","Departures","Alexandru Popovici","https://www.transfermarkt.com/alexandru-popovici/profil/spieler/69564","Right Winger","20","Romania","Gloria Buzau","SuperLiga","Romania",NA,TRUE,"loan transfer","Winter",NA,NA,NA,NA
"Politehnica Timisoara (- 2012)",NA,NA,"2008","Departures","Eduard Zimmermann","https://www.transfermarkt.com/eduard-zimmermann/profil/spieler/33747","Goalkeeper","25","Romania","Gloria Buzau","SuperLiga","Romania",NA,TRUE,"loan transfer","Winter",NA,NA,NA,NA
"Politehnica Timisoara (- 2012)",NA,NA,"2008","Departures","Marian Chitu","https://www.transfermarkt.com/marian-chitu/profil/spieler/103521","Left Winger","22","Romania","Gloria Buzau","SuperLiga","Romania",NA,TRUE,"loan transfer","Winter",NA,NA,NA,NA
"Politehnica Timisoara (- 2012)",NA,NA,"2008","Departures","Florin Sandu","https://www.transfermarkt.com/florin-sandu/profil/spieler/103528","Left-Back","21","Romania","Gloria Buzau","SuperLiga","Romania",NA,TRUE,"loan transfer","Winter",NA,NA,NA,NA
"Politehnica Timisoara (- 2012)",NA,NA,"2008","Departures","Gabriel Siminic","https://www.transfermarkt.com/gabriel-siminic/profil/spieler/107610","Left-Back","22","Romania","Gloria Buzau","SuperLiga","Romania",NA,TRUE,"loan transfer","Winter",NA,NA,NA,NA
"Politehnica Timisoara (- 2012)",NA,NA,"2008","Departures","Ioan Mera","https://www.transfermarkt.com/ioan-mera/profil/spieler/103523","Centre-Back","21","Romania","Gloria Buzau","SuperLiga","Romania",NA,TRUE,"loan transfer","Winter",NA,NA,NA,NA
"Politehnica Timisoara (- 2012)",NA,NA,"2008","Departures","Adrian Poparadu","https://www.transfermarkt.com/adrian-poparadu/profil/spieler/104553","Defensive Midfield","21","Romania","Gloria Buzau","SuperLiga","Romania",NA,TRUE,"loan transfer","Winter",NA,NA,NA,NA
"Politehnica Timisoara (- 2012)",NA,NA,"2008","Departures","Adrian Popa","https://www.transfermarkt.com/adrian-popa/profil/spieler/104062","Right Winger","20","Romania","Gloria Buzau","SuperLiga","Romania",NA,TRUE,"loan transfer","Winter",NA,NA,NA,NA
"Politehnica Timisoara (- 2012)",NA,NA,"2008","Departures","Sebastian Cojocnean","https://www.transfermarkt.com/sebastian-cojocnean/profil/spieler/104063","Right Winger","20","Romania","Gloria Buzau","SuperLiga","Romania",NA,TRUE,"loan transfer","Winter",NA,NA,NA,NA
"Politehnica Timisoara (- 2012)",NA,NA,"2008","Departures","Fabian Teusan","https://www.transfermarkt.com/fabian-teusan/profil/spieler/48910","Centre-Back","20","Romania","Gloria Buzau","SuperLiga","Romania",NA,TRUE,"loan transfer","Winter",NA,NA,NA,NA
"Politehnica Timisoara (- 2012)",NA,NA,"2008","Departures","Artur Patras","https://www.transfermarkt.com/artur-patras/profil/spieler/104065","Central Midfield","20","Moldova","Gloria Buzau","SuperLiga","Romania",NA,TRUE,"loan transfer","Winter",NA,NA,NA,NA
"FC Rapid 1923","SuperLiga","Romania","2008","Arrivals","Juliano Spadacio","https://www.transfermarkt.com/juliano-spadacio/profil/spieler/16106","Attacking Midfield","27","Brazil","Nacional","Liga Portugal","Portugal",1500000,FALSE,NA,"Summer",35,35,16,2848
"FC Rapid 1923","SuperLiga","Romania","2008","Arrivals","Urko Pardo","https://www.transfermarkt.com/urko-pardo/profil/spieler/9941","Goalkeeper","25","Cyprus","Iraklis","Super League 1","Greece",1500000,FALSE,NA,"Summer",8,5,0,450
"FC Rapid 1923","SuperLiga","Romania","2008","Arrivals","Daniel Paulista","https://www.transfermarkt.com/daniel-paulista/profil/spieler/54143","Defensive Midfield","26","Brazil","Sport Recife","Série A","Brazil",750000,FALSE,NA,"Summer",7,6,0,452
"FC Rapid 1923","SuperLiga","Romania","2008","Arrivals","Radomir Djalovic","https://www.transfermarkt.com/radomir-djalovic/profil/spieler/28954","Centre-Forward","25","Montenegro","HNK Rijeka","SuperSport HNL","Croatia",7e+05,FALSE,NA,"Summer",26,24,2,1685
"FC Rapid 1923","SuperLiga","Romania","2008","Arrivals","Ștefan Mardare","https://www.transfermarkt.com/stefan-mardare/profil/spieler/46586","Centre-Back","20","Romania","FC Vaslui","SuperLiga","Romania",6e+05,FALSE,NA,"Summer",15,13,0,815
"FC Rapid 1923","SuperLiga","Romania","2008","Arrivals","João Paulo","https://www.transfermarkt.com/joao-paulo/profil/spieler/14110","Centre-Back","27","Portugal","FC Porto","Liga Portugal","Portugal",5e+05,TRUE,NA,"Summer",28,28,5,2363
"FC Rapid 1923","SuperLiga","Romania","2008","Arrivals","João Paulo","https://www.transfermarkt.com/joao-paulo/profil/spieler/14110","Centre-Back","27","Portugal","FC Porto","Liga Portugal","Portugal",5e+05,TRUE,NA,"Summer",27,24,2,1214
"FC Rapid 1923","SuperLiga","Romania","2008","Arrivals","Cláudio Pitbull","https://www.transfermarkt.com/claudio-pitbull/profil/spieler/14149","Centre-Forward","26","Brazil","FC Porto","Liga Portugal","Portugal",5e+05,TRUE,NA,"Summer",22,21,1,1177
"FC Rapid 1923","SuperLiga","Romania","2008","Arrivals","Ricardo Fernandes","https://www.transfermarkt.com/ricardo-fernandes/profil/spieler/14365","Centre-Back","30","Portugal","Nacional","Liga Portugal","Portugal",5e+05,FALSE,NA,"Summer",33,32,3,2823
"FC Rapid 1923","SuperLiga","Romania","2008","Arrivals","Luciano Vella","https://www.transfermarkt.com/luciano-vella/profil/spieler/38371","Right-Back","27","Argentina","Cádiz CF","2ª B - Grupo IV","Spain",2e+05,FALSE,NA,"Summer",6,6,0,437
"FC Rapid 1923","SuperLiga","Romania","2008","Arrivals","Júlio César","https://www.transfermarkt.com/julio-cesar/profil/spieler/13208","Centre-Forward","28","Brazil","AEK Athens","Super League 1","Greece",0,FALSE,NA,"Summer",17,17,2,1078
"FC Rapid 1923","SuperLiga","Romania","2008","Arrivals","Olubayo Adefemi","https://www.transfermarkt.com/olubayo-adefemi/profil/spieler/20259","Right Midfield","22","Nigeria","Hapoel Acre",NA,"Israel",0,FALSE,NA,"Summer",9,9,0,678
"FC Rapid 1923","SuperLiga","Romania","2008","Arrivals","Alexandru Coman","https://www.transfermarkt.com/alexandru-coman/profil/spieler/143229","Centre-Back","16","Romania","Unknown",NA,NA,0,FALSE,NA,"Summer",NA,NA,NA,NA
"FC Rapid 1923","SuperLiga","Romania","2008","Arrivals","Catalin Paun","https://www.transfermarkt.com/catalin-paun/profil/spieler/53214","Centre-Back","20","Romania","Rapid 1923 II",NA,"Romania",NA,FALSE,"-","Summer",6,1,0,7
"FC Rapid 1923","SuperLiga","Romania","2008","Arrivals","Alexandru Ioniță I","https://www.transfermarkt.com/alexandru-ionita-i/profil/spieler/113865","Centre-Forward","18","Romania","Rocar",NA,"Romania",NA,TRUE,"End of loan Jun 30, 2008","Summer",2,2,0,28
"FC Rapid 1923","SuperLiga","Romania","2008","Departures","Cristian Săpunaru","https://www.transfermarkt.com/cristian-sapunaru/profil/spieler/25942","Centre-Back","24","Romania","FC Porto","Liga Portugal","Portugal",5e+06,FALSE,NA,"Summer",NA,NA,NA,NA
"FC Rapid 1923","SuperLiga","Romania","2008","Departures","Ranko Despotovic","https://www.transfermarkt.com/ranko-despotovic/profil/spieler/28672","Centre-Forward","25","Serbia","Real Murcia","LaLiga2","Spain",1200000,FALSE,NA,"Summer",NA,NA,NA,NA
"FC Rapid 1923","SuperLiga","Romania","2008","Departures","Daniel Pancu","https://www.transfermarkt.com/daniel-pancu/profil/spieler/6888","Centre-Forward","30","Romania","Akhmat Grozny","Premier Liga","Russia",3e+05,FALSE,NA,"Summer",NA,NA,NA,NA
"FC Rapid 1923","SuperLiga","Romania","2008","Departures","Lucian Burdujan","https://www.transfermarkt.com/lucian-burdujan/profil/spieler/35435","Centre-Forward","24","Romania","FC Vaslui","SuperLiga","Romania",3e+05,FALSE,NA,"Summer",NA,NA,NA,NA
"FC Rapid 1923","SuperLiga","Romania","2008","Departures","Mugurel Buga","https://www.transfermarkt.com/mugurel-buga/profil/spieler/35434","Centre-Forward","30","Romania","FC Brasov","SuperLiga","Romania",2e+05,TRUE,NA,"Summer",0,0,0,0
"FC Rapid 1923","SuperLiga","Romania","2008","Departures","Vasco Matos","https://www.transfermarkt.com/vasco-matos/profil/spieler/24195","Right Winger","27","Portugal","Portimonense","Liga Portugal 2","Portugal",2e+05,FALSE,NA,"Summer",NA,NA,NA,NA
"FC Rapid 1923","SuperLiga","Romania","2008","Departures","Romeo Stancu","https://www.transfermarkt.com/romeo-stancu/profil/spieler/35442","Left Midfield","30","Romania","Otelul Galati","SuperLiga","Romania",1e+05,FALSE,NA,"Summer",NA,NA,NA,NA
"FC Rapid 1923","SuperLiga","Romania","2008","Departures","Olubayo Adefemi","https://www.transfermarkt.com/olubayo-adefemi/profil/spieler/20259","Right Midfield","23","Nigeria","SCR Altach","Bundesliga","Austria",0,FALSE,NA,"Summer",9,9,0,678
"FC Rapid 1923","SuperLiga","Romania","2008","Departures","Anton Petrea","https://www.transfermarkt.com/anton-petrea/profil/spieler/324777","Midfielder","33","Romania","FC Snagov",NA,"Romania",NA,FALSE,"?","Summer",NA,NA,NA,NA
"FC Rapid 1923","SuperLiga","Romania","2008","Departures","Ionuț Stancu","https://www.transfermarkt.com/ionut-stancu/profil/spieler/35441","Left Midfield","25","Romania","Poli Iasi","SuperLiga","Romania",NA,TRUE,"loan transfer","Summer",NA,NA,NA,NA
"FC Rapid 1923","SuperLiga","Romania","2008","Departures","Philippe Léonard","https://www.transfermarkt.com/philippe-leonard/profil/spieler/5289","Left-Back","34","Belgium",NA,NA,NA,NA,FALSE,"-","Summer",NA,NA,NA,NA
"FC Rapid 1923","SuperLiga","Romania","2008","Departures","Ștefan Grigorie","https://www.transfermarkt.com/stefan-grigorie/profil/spieler/26037","Attacking Midfield","26","Romania","Rapid 1923 II",NA,"Romania",NA,FALSE,"-","Summer",16,16,3,1256
"FC Rapid 1923","SuperLiga","Romania","2008","Departures","Marius Pistol","https://www.transfermarkt.com/marius-pistol/profil/spieler/53974","Centre-Back","21","Romania","Rapid 1923 II",NA,"Romania",NA,FALSE,"-","Summer",NA,NA,NA,NA
"FC Rapid 1923","SuperLiga","Romania","2008","Departures","Georgica Petroiu","https://www.transfermarkt.com/georgica-petroiu/profil/spieler/53971","Defender","20","Romania","Rapid 1923 II",NA,"Romania",NA,FALSE,"-","Summer",NA,NA,NA,NA
"FC Rapid 1923","SuperLiga","Romania","2008","Arrivals","Djordje Ivelja","https://www.transfermarkt.com/djordje-ivelja/profil/spieler/17196","Defensive Midfield","24","Serbia","OFK Beograd","Super liga Srbije","Serbia",150000,FALSE,NA,"Winter",11,11,0,695
"FC Rapid 1923","SuperLiga","Romania","2008","Arrivals","Adrian Iencsi","https://www.transfermarkt.com/adrian-iencsi/profil/spieler/16653","Centre-Back","33","Romania","SV Kapfenberg","Bundesliga","Austria",0,FALSE,NA,"Winter",1,1,0,90
"FC Rapid 1923","SuperLiga","Romania","2008","Arrivals","Kassaly Daouda","https://www.transfermarkt.com/kassaly-daouda/profil/spieler/65031","Goalkeeper","25","Niger","Coton Sport FC",NA,"Cameroon",NA,FALSE,"?","Winter",0,0,0,0
"FC Rapid 1923","SuperLiga","Romania","2008","Arrivals","Ștefan Grigorie","https://www.transfermarkt.com/stefan-grigorie/profil/spieler/26037","Attacking Midfield","26","Romania","Rapid 1923 II",NA,"Romania",NA,FALSE,"-","Winter",16,16,3,1256
"FC Rapid 1923","SuperLiga","Romania","2008","Arrivals","Ionuț Stancu","https://www.transfermarkt.com/ionut-stancu/profil/spieler/35441","Left Midfield","25","Romania","Poli Iasi","SuperLiga","Romania",NA,TRUE,"End of loan Dec 1, 2008","Winter",NA,NA,NA,NA
"FC Rapid 1923","SuperLiga","Romania","2008","Departures","Pierre Boya","https://www.transfermarkt.com/pierre-boya/profil/spieler/14879","Centre-Forward","24","Cameroon","Grenoble","Ligue 1","France",1e+06,FALSE,NA,"Winter",12,12,1,999
"FC Rapid 1923","SuperLiga","Romania","2008","Departures","Dănuț Coman","https://www.transfermarkt.com/danut-coman/profil/spieler/34501","Goalkeeper","29","Romania","FC Brasov","SuperLiga","Romania",0,FALSE,NA,"Winter",NA,NA,NA,NA
"FC Rapid 1923","SuperLiga","Romania","2008","Departures","Daniel Paulista","https://www.transfermarkt.com/daniel-paulista/profil/spieler/54143","Defensive Midfield","26","Brazil","Sport Recife","Série A","Brazil",0,FALSE,NA,"Winter",7,6,0,452
"FC Rapid 1923","SuperLiga","Romania","2008","Departures","Ionuț Stancu","https://www.transfermarkt.com/ionut-stancu/profil/spieler/35441","Left Midfield","25","Romania","Pandurii ","SuperLiga","Romania",NA,TRUE,"loan transfer","Winter",NA,NA,NA,NA
"FC Rapid 1923","SuperLiga","Romania","2008","Departures","Catalin Paun","https://www.transfermarkt.com/catalin-paun/profil/spieler/53214","Centre-Back","21","Romania","Gloria Bistrita","SuperLiga","Romania",NA,TRUE,"loan transfer","Winter",6,1,0,7
"FC Rapid 1923","SuperLiga","Romania","2008","Departures","Júlio César","https://www.transfermarkt.com/julio-cesar/profil/spieler/13208","Centre-Forward","28","Brazil","Without Club",NA,NA,NA,FALSE,"-","Winter",17,17,2,1078
"FC Rapid 1923","SuperLiga","Romania","2008","Departures","Luciano Vella","https://www.transfermarkt.com/luciano-vella/profil/spieler/38371","Right-Back","27","Argentina","Without Club",NA,NA,NA,FALSE,"-","Winter",6,6,0,437
"FC Vaslui (- 2014)",NA,NA,"2008","Arrivals","Dusan Kuciak","https://www.transfermarkt.com/dusan-kuciak/profil/spieler/31886","Goalkeeper","23","Slovakia","MSK Zilina","Niké Liga","Slovakia",8e+05,FALSE,NA,"Summer",42,42,0,3780
"FC Vaslui (- 2014)",NA,NA,"2008","Arrivals","Gabriel Canu","https://www.transfermarkt.com/gabriel-canu/profil/spieler/25927","Centre-Back","27","Romania","Poli. Timisoara","SuperLiga","Romania",360000,FALSE,NA,"Summer",26,26,3,2219
"FC Vaslui (- 2014)",NA,NA,"2008","Arrivals","Lucian Burdujan","https://www.transfermarkt.com/lucian-burdujan/profil/spieler/35435","Centre-Forward","24","Romania","FC Rapid 1923","SuperLiga","Romania",3e+05,FALSE,NA,"Summer",34,34,9,2530
"FC Vaslui (- 2014)",NA,NA,"2008","Arrivals","Nemanja Jovanovic","https://www.transfermarkt.com/nemanja-jovanovic/profil/spieler/47878","Centre-Forward","24","Serbia","U Cluj",NA,"Romania",280000,FALSE,NA,"Summer",24,21,1,473
"FC Vaslui (- 2014)",NA,NA,"2008","Arrivals","Daniel Munteanu","https://www.transfermarkt.com/daniel-munteanu/profil/spieler/48879","Centre-Back","30","Romania","Unirea Urziceni","SuperLiga","Romania",250000,FALSE,NA,"Summer",17,16,0,1122
"FC Vaslui (- 2014)",NA,NA,"2008","Arrivals","Neven Markovic","https://www.transfermarkt.com/neven-markovic/profil/spieler/51913","Left-Back","21","Croatia","Mladost","Prva liga Srbije","Serbia",250000,FALSE,NA,"Summer",19,12,0,793
"FC Vaslui (- 2014)",NA,NA,"2008","Arrivals","Marian Aliuta","https://www.transfermarkt.com/marian-aliuta/profil/spieler/28532","Attacking Midfield","30","Romania","Poli. Timisoara","SuperLiga","Romania",2e+05,FALSE,NA,"Summer",17,17,0,1174
"FC Vaslui (- 2014)",NA,NA,"2008","Arrivals","Stanislav Genchev","https://www.transfermarkt.com/stanislav-genchev/profil/spieler/24470","Defensive Midfield","27","Bulgaria","Lovech","efbet Liga","Bulgaria",1e+05,FALSE,NA,"Summer",42,42,6,3582
"FC Vaslui (- 2014)",NA,NA,"2008","Arrivals","Rosen Kirilov","https://www.transfermarkt.com/rosen-kirilov/profil/spieler/3108","Centre-Back","35","Bulgaria","AE Pafos ","Cyprus League","Cyprus",0,FALSE,NA,"Summer",1,1,0,90
"FC Vaslui (- 2014)",NA,NA,"2008","Arrivals","Bogdan Cotolan","https://www.transfermarkt.com/bogdan-cotolan/profil/spieler/43292","Right Midfield","26","Romania","CSM Focsani",NA,"Romania",NA,TRUE,"End of loan Jun 30, 2008","Summer",NA,NA,NA,NA
"FC Vaslui (- 2014)",NA,NA,"2008","Arrivals","Horatiu Popa","https://www.transfermarkt.com/horatiu-popa/profil/spieler/46628","Centre-Back","25","Romania","UnionSt.Florian","Regional League Central","Austria",NA,TRUE,"End of loan Jun 30, 2008","Summer",NA,NA,NA,NA
"FC Vaslui (- 2014)",NA,NA,"2008","Arrivals","Ionuț Balaur","https://www.transfermarkt.com/ionut-balaur/profil/spieler/64103","Centre-Back","19","Romania","CSM Focsani",NA,"Romania",NA,TRUE,"End of loan Jun 30, 2008","Summer",NA,NA,NA,NA
"FC Vaslui (- 2014)",NA,NA,"2008","Departures","Ștefan Mardare","https://www.transfermarkt.com/stefan-mardare/profil/spieler/46586","Centre-Back","20","Romania","FC Rapid 1923","SuperLiga","Romania",6e+05,FALSE,NA,"Summer",NA,NA,NA,NA
"FC Vaslui (- 2014)",NA,NA,"2008","Departures","Danut Sabou","https://www.transfermarkt.com/danut-sabou/profil/spieler/48792","Defensive Midfield","28","Romania","Gloria Bistrita","SuperLiga","Romania",150000,FALSE,NA,"Summer",NA,NA,NA,NA
"FC Vaslui (- 2014)",NA,NA,"2008","Departures","Laurentiu Ivan","https://www.transfermarkt.com/laurentiu-ivan/profil/spieler/46573","Centre-Back","29","Romania","CS Otopeni","SuperLiga","Romania",150000,FALSE,NA,"Summer",NA,NA,NA,NA
"FC Vaslui (- 2014)",NA,NA,"2008","Departures","Milorad Bukvic","https://www.transfermarkt.com/milorad-bukvic/profil/spieler/34419","Centre-Forward","32","Serbia","Cetatea Suceava",NA,"Romania",150000,FALSE,NA,"Summer",NA,NA,NA,NA
"FC Vaslui (- 2014)",NA,NA,"2008","Departures","Ştefan Apostol","https://www.transfermarkt.com/stefan-apostol/profil/spieler/46490","Right-Back","33","Romania","FCM Bacau",NA,"Romania",1e+05,FALSE,NA,"Summer",NA,NA,NA,NA
"FC Vaslui (- 2014)",NA,NA,"2008","Departures","Bogdan Cotolan","https://www.transfermarkt.com/bogdan-cotolan/profil/spieler/43292","Right Midfield","26","Romania","Cetatea Suceava",NA,"Romania",1e+05,FALSE,NA,"Summer",NA,NA,NA,NA
"FC Vaslui (- 2014)",NA,NA,"2008","Departures","Mihai Luca","https://www.transfermarkt.com/mihai-luca/profil/spieler/48784","Goalkeeper","20","Romania","Cetatea Suceava",NA,"Romania",50000,TRUE,NA,"Summer",NA,NA,NA,NA
"FC Vaslui (- 2014)",NA,NA,"2008","Departures","Sorin Frunză","https://www.transfermarkt.com/sorin-frunza/profil/spieler/26648","Left Midfield","30","Romania","Unirea Urziceni","SuperLiga","Romania",0,FALSE,NA,"Summer",NA,NA,NA,NA
"FC Vaslui (- 2014)",NA,NA,"2008","Departures","Horatiu Popa","https://www.transfermarkt.com/horatiu-popa/profil/spieler/46628","Centre-Back","25","Romania","Jiul Petrosani",NA,"Romania",0,FALSE,NA,"Summer",NA,NA,NA,NA
"FC Vaslui (- 2014)",NA,NA,"2008","Departures","Jan Zolna","https://www.transfermarkt.com/jan-zolna/profil/spieler/46685","Goalkeeper","30","Slovakia","Vranov n/Toplou",NA,"Slovakia",NA,FALSE,"?","Summer",NA,NA,NA,NA
"FC Vaslui (- 2014)",NA,NA,"2008","Departures","Marius Dobos","https://www.transfermarkt.com/marius-dobos/profil/spieler/46534","Central Midfield","27","Romania","Cetatea Suceava",NA,"Romania",NA,TRUE,"loan transfer","Summer",NA,NA,NA,NA
"FC Vaslui (- 2014)",NA,NA,"2008","Arrivals","Wesley","https://www.transfermarkt.com/wesley/profil/spieler/22560","Second Striker","28","Brazil","Leixões","Liga Portugal","Portugal",1500000,FALSE,NA,"Winter",18,18,8,1453
"FC Vaslui (- 2014)",NA,NA,"2008","Arrivals","Nemanja Milisavljevic","https://www.transfermarkt.com/nemanja-milisavljevic/profil/spieler/36839","Attacking Midfield","24","Serbia","Vardar",NA,"North Macedonia",5e+05,FALSE,NA,"Winter",18,18,1,1333
"FC Vaslui (- 2014)",NA,NA,"2008","Arrivals","Hristijan Kirovski","https://www.transfermarkt.com/hristijan-kirovski/profil/spieler/17199","Centre-Forward","23","North Macedonia","Rabotnicki",NA,"North Macedonia",3e+05,FALSE,NA,"Winter",12,12,2,421
"FC Vaslui (- 2014)",NA,NA,"2008","Arrivals","Serge Akakpo","https://www.transfermarkt.com/serge-akakpo/profil/spieler/39316","Centre-Back","21","Togo","AJ Auxerre B",NA,"France",3e+05,FALSE,NA,"Winter",5,5,0,389
"FC Vaslui (- 2014)",NA,NA,"2008","Arrivals","Milos Pavlovic","https://www.transfermarkt.com/milos-pavlovic/profil/spieler/36044","Defensive Midfield","25","Serbia","Coimbra","Liga Portugal","Portugal",250000,FALSE,NA,"Winter",18,18,1,1361
"FC Vaslui (- 2014)",NA,NA,"2008","Arrivals","Ahmed Madouni","https://www.transfermarkt.com/ahmed-madouni/profil/spieler/1254","Centre-Back","28","Algeria","Al-Gharafa",NA,"Qatar",250000,FALSE,NA,"Winter",1,0,0,0
"FC Vaslui (- 2014)",NA,NA,"2008","Arrivals","Stéphane Zubar","https://www.transfermarkt.com/stephane-zubar/profil/spieler/56829","Centre-Back","22","Guadeloupe","SM Caen","Ligue 1","France",2e+05,FALSE,NA,"Winter",11,9,0,637
"FC Vaslui (- 2014)",NA,NA,"2008","Arrivals","Pavol Farkas","https://www.transfermarkt.com/pavol-farkas/profil/spieler/59529","Centre-Back","23","Slovakia","FC Petrzalka","Niké Liga","Slovakia",180000,FALSE,NA,"Winter",18,18,2,1576
"FC Vaslui (- 2014)",NA,NA,"2008","Arrivals","Paul Papp","https://www.transfermarkt.com/paul-papp/profil/spieler/112552","Centre-Back","19","Romania","FC Botosani",NA,"Romania",50000,FALSE,NA,"Winter",1,1,0,4
"FC Vaslui (- 2014)",NA,NA,"2008","Arrivals","Rosen Kirilov","https://www.transfermarkt.com/rosen-kirilov/profil/spieler/3108","Centre-Back","35","Bulgaria","AE Pafos ","Cyprus League","Cyprus",0,FALSE,NA,"Winter",1,1,0,90
"FC Vaslui (- 2014)",NA,NA,"2008","Arrivals","Ciprian Manea","https://www.transfermarkt.com/ciprian-manea/profil/spieler/64061","Goalkeeper","28","Romania","FCM Bacau",NA,"Romania",NA,FALSE,"?","Winter",NA,NA,NA,NA
"FC Vaslui (- 2014)",NA,NA,"2008","Arrivals","Marius Stefoi","https://www.transfermarkt.com/marius-stefoi/profil/spieler/64242","Right Midfield","18","Romania","FC Botosani",NA,"Romania",NA,FALSE,"?","Winter",3,3,0,7
"FC Vaslui (- 2014)",NA,NA,"2008","Arrivals","Marius Dobos","https://www.transfermarkt.com/marius-dobos/profil/spieler/46534","Central Midfield","27","Romania","Cetatea Suceava",NA,"Romania",NA,TRUE,"End of loan Dec 1, 2008","Winter",NA,NA,NA,NA
"FC Vaslui (- 2014)",NA,NA,"2008","Departures","Ousmane N'Doye","https://www.transfermarkt.com/ousmane-ndoye/profil/spieler/6973","Defensive Midfield","30","Senegal","FC Dinamo","SuperLiga","Romania",350000,FALSE,NA,"Winter",21,21,2,1719
"FC Vaslui (- 2014)",NA,NA,"2008","Departures","Marian Aliuta","https://www.transfermarkt.com/marian-aliuta/profil/spieler/28532","Attacking Midfield","30","Romania","Neftchi PFK","Premyer Liqa","Azerbaijan",150000,FALSE,NA,"Winter",17,17,0,1174
"FC Vaslui (- 2014)",NA,NA,"2008","Departures","Șerban Moraru","https://www.transfermarkt.com/serban-moraru/profil/spieler/48786","Right-Back","22","Romania","Astra Giurgiu",NA,"Romania",0,FALSE,NA,"Winter",NA,NA,NA,NA
"FC Vaslui (- 2014)",NA,NA,"2008","Departures","Marius Dobos","https://www.transfermarkt.com/marius-dobos/profil/spieler/46534","Central Midfield","27","Romania","FCM Bacau",NA,"Romania",NA,FALSE,"?","Winter",NA,NA,NA,NA
"FC Vaslui (- 2014)",NA,NA,"2008","Departures","Marius Matei","https://www.transfermarkt.com/marius-matei/profil/spieler/54689","Centre-Forward","24","Romania","FC Botosani",NA,"Romania",NA,FALSE,"?","Winter",2,2,0,15
"FC Vaslui (- 2014)",NA,NA,"2008","Departures","Cristian Haisan","https://www.transfermarkt.com/cristian-haisan/profil/spieler/46558","Goalkeeper","27","Romania","FCM Bacau",NA,"Romania",NA,TRUE,"loan transfer","Winter",4,0,0,0
"FC Vaslui (- 2014)",NA,NA,"2008","Departures","Bogdan Panait","https://www.transfermarkt.com/bogdan-panait/profil/spieler/43762","Centre-Back","25","Romania","CS Otopeni","SuperLiga","Romania",NA,TRUE,"loan transfer","Winter",15,8,0,586
"FC Vaslui (- 2014)",NA,NA,"2008","Departures","Petar Jovanovic","https://www.transfermarkt.com/petar-jovanovic/profil/spieler/46576","Right-Back","26","Serbia","Poli Iasi","SuperLiga","Romania",NA,TRUE,"loan transfer","Winter",19,16,0,806
"FC Vaslui (- 2014)",NA,NA,"2008","Departures","Razvan Neagu","https://www.transfermarkt.com/razvan-neagu/profil/spieler/46607","Centre-Forward","21","Romania","FCM Bacau",NA,"Romania",NA,TRUE,"loan transfer","Winter",7,3,0,146
"FC Vaslui (- 2014)",NA,NA,"2008","Departures","Rosen Kirilov","https://www.transfermarkt.com/rosen-kirilov/profil/spieler/3108","Centre-Back","35","Bulgaria",NA,NA,NA,NA,FALSE,"-","Winter",1,1,0,90
"FC U Craiova 1948",NA,NA,"2008","Arrivals","Romeo Filipovic","https://www.transfermarkt.com/romeo-filipovic/profil/spieler/33359","Central Midfield","22","Croatia","Zeljeznicar","Premijer Liga BiH","Bosnia-Herzegovina",0,FALSE,NA,"Summer",NA,NA,NA,NA
"FC U Craiova 1948",NA,NA,"2008","Arrivals","Dan Gogosoiu","https://www.transfermarkt.com/dan-gogosoiu/profil/spieler/81408","Centre-Forward","17","Romania","FCU Craiova U19",NA,"Romania",NA,FALSE,"-","Summer",5,3,0,18
"FC U Craiova 1948",NA,NA,"2008","Arrivals","Jeremie Njock","https://www.transfermarkt.com/jeremie-njock/profil/spieler/26679","Centre-Forward","28","Cameroon","Tubize-Braine","Challenger Pro League","Belgium",NA,TRUE,"End of loan Jun 30, 2008","Summer",6,6,1,186
"FC U Craiova 1948",NA,NA,"2008","Arrivals","Ovidiu Stoianof","https://www.transfermarkt.com/ovidiu-stoianof/profil/spieler/26694","Centre-Forward","23","Romania","FC Caracal",NA,"Romania",NA,TRUE,"End of loan Jun 30, 2008","Summer",10,8,1,314
"FC U Craiova 1948",NA,NA,"2008","Arrivals","Paul Curteanu","https://www.transfermarkt.com/paul-curteanu/profil/spieler/47573","Left-Back","24","Romania","CSM Focsani",NA,"Romania",NA,TRUE,"End of loan Jun 30, 2008","Summer",NA,NA,NA,NA
"FC U Craiova 1948",NA,NA,"2008","Arrivals","Mihai Neagoe","https://www.transfermarkt.com/mihai-neagoe/profil/spieler/48787","Goalkeeper","20","Romania","FC Caracal",NA,"Romania",NA,TRUE,"End of loan Jun 30, 2008","Summer",NA,NA,NA,NA
"FC U Craiova 1948",NA,NA,"2008","Arrivals","Sorin Bușu","https://www.transfermarkt.com/sorin-busu/profil/spieler/57679","Left-Back","18","Romania","FC Caracal",NA,"Romania",NA,TRUE,"End of loan Jun 30, 2008","Summer",2,1,0,3
"FC U Craiova 1948",NA,NA,"2008","Arrivals","Claudiu Tudor","https://www.transfermarkt.com/claudiu-tudor/profil/spieler/26705","Attacking Midfield","23","Romania","Daco-Getica",NA,"Romania",NA,TRUE,"End of loan Jun 30, 2008","Summer",NA,NA,NA,NA
"FC U Craiova 1948",NA,NA,"2008","Arrivals","Irinel Gaman","https://www.transfermarkt.com/irinel-gaman/profil/spieler/47577","Midfielder","21","Romania","FC Caracal",NA,"Romania",NA,TRUE,"End of loan Jun 30, 2008","Summer",NA,NA,NA,NA
"FC U Craiova 1948",NA,NA,"2008","Arrivals","Bogdan Piko","https://www.transfermarkt.com/bogdan-piko/profil/spieler/47581","Defensive Midfield","21","Romania","FC Caracal",NA,"Romania",NA,TRUE,"End of loan Jun 30, 2008","Summer",NA,NA,NA,NA
"FC U Craiova 1948",NA,NA,"2008","Arrivals","Dragoş Firţulescu","https://www.transfermarkt.com/dragos-firtulescu/profil/spieler/48778","Left Winger","19","Romania","FC Caracal",NA,"Romania",NA,TRUE,"End of loan Jun 30, 2008","Summer",7,6,0,132
"FC U Craiova 1948",NA,NA,"2008","Departures","Andrei Ionescu","https://www.transfermarkt.com/andrei-ionescu/profil/spieler/48780","Central Midfield","20","Romania","FCSB","SuperLiga","Romania",8e+05,FALSE,NA,"Summer",NA,NA,NA,NA
"FC U Craiova 1948",NA,NA,"2008","Departures","Madalin Ciuca","https://www.transfermarkt.com/madalin-ciuca/profil/spieler/47570","Centre-Back","25","Romania","Gloria Bistrita","SuperLiga","Romania",2e+05,FALSE,NA,"Summer",NA,NA,NA,NA
"FC U Craiova 1948",NA,NA,"2008","Departures","Ionut Lutu","https://www.transfermarkt.com/ionut-lutu/profil/spieler/26671","Attacking Midfield","32","Romania","Zhetysu","Premier Liga","Kazakhstan",2e+05,FALSE,NA,"Summer",NA,NA,NA,NA
"FC U Craiova 1948",NA,NA,"2008","Departures","Gabriel Velcovici","https://www.transfermarkt.com/gabriel-velcovici/profil/spieler/47585","Left-Back","23","Romania","Gloria Bistrita","SuperLiga","Romania",180000,FALSE,NA,"Summer",NA,NA,NA,NA
"FC U Craiova 1948",NA,NA,"2008","Departures","Claudiu Tudor","https://www.transfermarkt.com/claudiu-tudor/profil/spieler/26705","Attacking Midfield","23","Romania","Astra Giurgiu",NA,"Romania",10000,FALSE,NA,"Summer",NA,NA,NA,NA
"FC U Craiova 1948",NA,NA,"2008","Departures","Paul Curteanu","https://www.transfermarkt.com/paul-curteanu/profil/spieler/47573","Left-Back","25","Romania","Unknown",NA,NA,NA,FALSE,"?","Summer",NA,NA,NA,NA
"FC U Craiova 1948",NA,NA,"2008","Departures","Bogdan Piko","https://www.transfermarkt.com/bogdan-piko/profil/spieler/47581","Defensive Midfield","21","Romania","FC Cisnadie",NA,"Romania",NA,FALSE,"?","Summer",NA,NA,NA,NA
"FC U Craiova 1948",NA,NA,"2008","Departures","Ciprian Tanasa","https://www.transfermarkt.com/ciprian-tanasa/profil/spieler/46661","Centre-Forward","27","Romania","Poli Iasi","SuperLiga","Romania",NA,TRUE,"loan transfer","Summer",1,1,0,30
"FC U Craiova 1948",NA,NA,"2008","Departures","Robert Săceanu","https://www.transfermarkt.com/robert-saceanu/profil/spieler/47583","Right Midfield","25","Romania","Gloria Buzau","SuperLiga","Romania",NA,TRUE,"loan transfer","Summer",NA,NA,NA,NA
"FC U Craiova 1948",NA,NA,"2008","Departures","Nicușor Bănică","https://www.transfermarkt.com/nicusor-banica/profil/spieler/26634","Goalkeeper","24","Romania","Minerul Lupeni",NA,"Romania",NA,TRUE,"loan transfer","Summer",NA,NA,NA,NA
"FC U Craiova 1948",NA,NA,"2008","Departures","Catalin Craciun","https://www.transfermarkt.com/catalin-craciun/profil/spieler/16210","Right Winger","16","Romania","CFR Craiova",NA,"Romania",NA,TRUE,"loan transfer","Summer",3,3,0,39
"FC U Craiova 1948",NA,NA,"2008","Departures","Aurelian Bouleanu","https://www.transfermarkt.com/aurelian-bouleanu/profil/spieler/79506","Left-Back","21","Romania","Gloria Buzau","SuperLiga","Romania",NA,TRUE,"loan transfer","Summer",NA,NA,NA,NA
"FC U Craiova 1948",NA,NA,"2008","Departures","Irinel Gaman","https://www.transfermarkt.com/irinel-gaman/profil/spieler/47577","Midfielder","21","Romania","Rm. Valcea",NA,"Romania",NA,TRUE,"loan transfer","Summer",NA,NA,NA,NA
"FC U Craiova 1948",NA,NA,"2008","Arrivals","Florin Soava","https://www.transfermarkt.com/florin-soava/profil/spieler/29253","Centre-Back","30","Romania","Khimki","Premier Liga","Russia",0,FALSE,NA,"Winter",13,13,0,1125
"FC U Craiova 1948",NA,NA,"2008","Arrivals","Pieter Merlier","https://www.transfermarkt.com/pieter-merlier/profil/spieler/19388","Goalkeeper","29","Belgium","U Cluj",NA,"Romania",0,FALSE,NA,"Winter",0,0,0,0
"FC U Craiova 1948",NA,NA,"2008","Arrivals","Ciprian Tanasa","https://www.transfermarkt.com/ciprian-tanasa/profil/spieler/46661","Centre-Forward","27","Romania","Poli Iasi","SuperLiga","Romania",NA,TRUE,"End of loan Dec 31, 2008","Winter",1,1,0,30
"FC U Craiova 1948",NA,NA,"2008","Arrivals","Robert Săceanu","https://www.transfermarkt.com/robert-saceanu/profil/spieler/47583","Right Midfield","25","Romania","Gloria Buzau","SuperLiga","Romania",NA,TRUE,"End of loan Dec 31, 2008","Winter",NA,NA,NA,NA
"FC U Craiova 1948",NA,NA,"2008","Arrivals","Aurelian Bouleanu","https://www.transfermarkt.com/aurelian-bouleanu/profil/spieler/79506","Left-Back","22","Romania","Gloria Buzau","SuperLiga","Romania",NA,TRUE,"End of loan Dec 1, 2008","Winter",NA,NA,NA,NA
"FC U Craiova 1948",NA,NA,"2008","Departures","Ciprian Tanasa","https://www.transfermarkt.com/ciprian-tanasa/profil/spieler/46661","Centre-Forward","28","Romania","Metalurg D.","Premier Liga","Ukraine",0,FALSE,NA,"Winter",1,1,0,30
"FC U Craiova 1948",NA,NA,"2008","Departures","Robert Săceanu","https://www.transfermarkt.com/robert-saceanu/profil/spieler/47583","Right Midfield","25","Romania","Rm. Valcea",NA,"Romania",NA,TRUE,"loan transfer","Winter",NA,NA,NA,NA
"FC U Craiova 1948",NA,NA,"2008","Departures","Ovidiu Stoianof","https://www.transfermarkt.com/ovidiu-stoianof/profil/spieler/26694","Centre-Forward","23","Romania","Curtea de Arges",NA,"Romania",NA,TRUE,"loan transfer","Winter",10,8,1,314
"FC U Craiova 1948",NA,NA,"2008","Departures","Mihai Neagoe","https://www.transfermarkt.com/mihai-neagoe/profil/spieler/48787","Goalkeeper","20","Romania","Minerul Lupeni",NA,"Romania",NA,TRUE,"loan transfer","Winter",NA,NA,NA,NA
"FC U Craiova 1948",NA,NA,"2008","Departures","Sorin Bușu","https://www.transfermarkt.com/sorin-busu/profil/spieler/57679","Left-Back","19","Romania","Jiul Petrosani",NA,"Romania",NA,TRUE,"loan transfer","Winter",2,1,0,3
"FC U Craiova 1948",NA,NA,"2008","Departures","Aurelian Bouleanu","https://www.transfermarkt.com/aurelian-bouleanu/profil/spieler/79506","Left-Back","22","Romania","Curtea de Arges",NA,"Romania",NA,TRUE,"loan transfer","Winter",NA,NA,NA,NA
"FC U Craiova 1948",NA,NA,"2008","Departures","Dragoş Firţulescu","https://www.transfermarkt.com/dragos-firtulescu/profil/spieler/48778","Left Winger","19","Romania","Jiul Petrosani",NA,"Romania",NA,TRUE,"loan transfer","Winter",7,6,0,132
"Unirea Urziceni ( - 2011)",NA,NA,"2008","Arrivals","Lucas Landa","https://www.transfermarkt.com/lucas-landa/profil/spieler/55875","Centre-Back","22","Argentina","Gimnasia","Torneo Clausura","Argentina",5e+05,FALSE,NA,"Summer",NA,NA,NA,NA
"Unirea Urziceni ( - 2011)",NA,NA,"2008","Arrivals","Dinu Todoran","https://www.transfermarkt.com/dinu-todoran/profil/spieler/46666","Attacking Midfield","29","Romania","Farul Constanta","SuperLiga","Romania",5e+05,FALSE,NA,"Summer",25,24,2,858
"Unirea Urziceni ( - 2011)",NA,NA,"2008","Arrivals","Daniel Stan","https://www.transfermarkt.com/daniel-stan/profil/spieler/47469","Left Winger","29","Romania","Otelul Galati","SuperLiga","Romania",5e+05,FALSE,NA,"Summer",0,0,0,0
"Unirea Urziceni ( - 2011)",NA,NA,"2008","Arrivals","Bruno Fernandes","https://www.transfermarkt.com/bruno-fernandes/profil/spieler/25158","Centre-Back","29","Guinea-Bissau","Ceahlaul",NA,"Romania",250000,FALSE,NA,"Summer",22,19,0,1665
"Unirea Urziceni ( - 2011)",NA,NA,"2008","Arrivals","Tiberiu Bălan","https://www.transfermarkt.com/tiberiu-balan/profil/spieler/64101","Attacking Midfield","27","Romania","Sportul S.",NA,"Romania",250000,TRUE,NA,"Summer",28,28,4,1523
"Unirea Urziceni ( - 2011)",NA,NA,"2008","Arrivals","Daniel Tudor","https://www.transfermarkt.com/daniel-tudor/profil/spieler/48913","Goalkeeper","34","Romania","UTA Arad",NA,"Romania",2e+05,FALSE,NA,"Summer",7,2,0,180
"Unirea Urziceni ( - 2011)",NA,NA,"2008","Arrivals","Sorin Rădoi","https://www.transfermarkt.com/sorin-radoi/profil/spieler/47180","Right-Back","23","Romania","U Cluj",NA,"Romania",2e+05,FALSE,NA,"Summer",6,0,0,0
"Unirea Urziceni ( - 2011)",NA,NA,"2008","Arrivals","Dan Matei","https://www.transfermarkt.com/dan-matei/profil/spieler/46589","Centre-Back","27","Romania","Gloria Bistrita","SuperLiga","Romania",150000,FALSE,NA,"Summer",0,0,0,0
"Unirea Urziceni ( - 2011)",NA,NA,"2008","Arrivals","Sorin Frunză","https://www.transfermarkt.com/sorin-frunza/profil/spieler/26648","Left Midfield","30","Romania","FC Vaslui","SuperLiga","Romania",0,FALSE,NA,"Summer",29,27,1,1362
"Unirea Urziceni ( - 2011)",NA,NA,"2008","Arrivals","Andrei Neagoe","https://www.transfermarkt.com/andrei-neagoe/profil/spieler/208811","Left Midfield","21","Romania","CS Mioveni",NA,"Romania",NA,FALSE,"?","Summer",1,0,0,0
"Unirea Urziceni ( - 2011)",NA,NA,"2008","Arrivals","Viorel Nicoara","https://www.transfermarkt.com/viorel-nicoara/profil/spieler/157022","Left Midfield","20","Romania","Râmnicu Sarat",NA,"Romania",NA,TRUE,"End of loan Jun 30, 2008","Summer",NA,NA,NA,NA
"Unirea Urziceni ( - 2011)",NA,NA,"2008","Arrivals","Raul Rusescu","https://www.transfermarkt.com/raul-rusescu/profil/spieler/81433","Centre-Forward","19","Romania","CS Otopeni",NA,"Romania",NA,TRUE,"End of loan Jun 30, 2008","Summer",23,23,5,1339
"Unirea Urziceni ( - 2011)",NA,NA,"2008","Departures","Bogdan Stancu","https://www.transfermarkt.com/bogdan-stancu/profil/spieler/46658","Centre-Forward","21","Romania","FCSB","SuperLiga","Romania",2e+06,FALSE,NA,"Summer",NA,NA,NA,NA
"Unirea Urziceni ( - 2011)",NA,NA,"2008","Departures","Valentin Negru","https://www.transfermarkt.com/valentin-negru/profil/spieler/35439","Central Midfield","25","Romania","CS Otopeni","SuperLiga","Romania",250000,FALSE,NA,"Summer",NA,NA,NA,NA
"Unirea Urziceni ( - 2011)",NA,NA,"2008","Departures","Daniel Munteanu","https://www.transfermarkt.com/daniel-munteanu/profil/spieler/48879","Centre-Back","30","Romania","FC Vaslui","SuperLiga","Romania",250000,FALSE,NA,"Summer",NA,NA,NA,NA
"Unirea Urziceni ( - 2011)",NA,NA,"2008","Departures","Cristian Constantin","https://www.transfermarkt.com/cristian-constantin/profil/spieler/48824","Left Midfield","30","Romania","CS Otopeni","SuperLiga","Romania",150000,FALSE,NA,"Summer",NA,NA,NA,NA
"Unirea Urziceni ( - 2011)",NA,NA,"2008","Departures","Bogdan Stelea","https://www.transfermarkt.com/bogdan-stelea/profil/spieler/32185","Goalkeeper","40","Romania","FC Brasov","SuperLiga","Romania",1e+05,FALSE,NA,"Summer",NA,NA,NA,NA
"Unirea Urziceni ( - 2011)",NA,NA,"2008","Departures","Ciprian Petre","https://www.transfermarkt.com/ciprian-petre/profil/spieler/46625","Left Winger","27","Romania","Gloria Bistrita","SuperLiga","Romania",90000,FALSE,NA,"Summer",NA,NA,NA,NA
"Unirea Urziceni ( - 2011)",NA,NA,"2008","Departures","Viorel Nicoara","https://www.transfermarkt.com/viorel-nicoara/profil/spieler/157022","Left Midfield","20","Romania","Vic. Branesti",NA,"Romania",20000,FALSE,NA,"Summer",NA,NA,NA,NA
"Unirea Urziceni ( - 2011)",NA,NA,"2008","Departures","Liviu Rusu","https://www.transfermarkt.com/liviu-rusu/profil/spieler/46640","Left-Back","27","Romania","Sportul S.",NA,"Romania",0,FALSE,NA,"Summer",NA,NA,NA,NA
"Unirea Urziceni ( - 2011)",NA,NA,"2008","Departures","Lucas Landa","https://www.transfermarkt.com/lucas-landa/profil/spieler/55875","Centre-Back","22","Argentina","Gimnasia","Torneo Clausura","Argentina",NA,FALSE,"?","Summer",NA,NA,NA,NA
"Unirea Urziceni ( - 2011)",NA,NA,"2008","Departures","Davydas Arlauskis","https://www.transfermarkt.com/davydas-arlauskis/profil/spieler/69000","Centre-Back","21","Lithuania","Banga",NA,"Lithuania",NA,FALSE,"?","Summer",NA,NA,NA,NA
"Unirea Urziceni ( - 2011)",NA,NA,"2008","Departures","Szabolcs Szekely","https://www.transfermarkt.com/szabolcs-szekely/profil/spieler/48908","Centre-Forward","23","Romania","Curtea de Arges",NA,"Romania",NA,TRUE,"loan transfer","Summer",NA,NA,NA,NA
"Unirea Urziceni ( - 2011)",NA,NA,"2008","Arrivals","Dacian Varga","https://www.transfermarkt.com/dacian-varga/profil/spieler/64252","Left Midfield","24","Romania","Sportul S.",NA,"Romania",50000,TRUE,NA,"Winter",14,14,4,853
"Unirea Urziceni ( - 2011)",NA,NA,"2008","Arrivals","Wale Amusan","https://www.transfermarkt.com/wale-amusan/profil/spieler/58637","Striker","19","Nigeria","FC Koper","Prva Liga","Slovenia",0,FALSE,NA,"Winter",0,0,0,0
"Unirea Urziceni ( - 2011)",NA,NA,"2008","Arrivals","George Bârlădeanu","https://www.transfermarkt.com/george-barladeanu/profil/spieler/64110","Right Midfield","20","Romania","Dunarea Galati",NA,"Romania",NA,FALSE,"?","Winter",3,3,0,64
"Unirea Urziceni ( - 2011)",NA,NA,"2008","Arrivals","Szabolcs Szekely","https://www.transfermarkt.com/szabolcs-szekely/profil/spieler/48908","Centre-Forward","23","Romania","Curtea de Arges",NA,"Romania",NA,TRUE,"End of loan Dec 1, 2008","Winter",NA,NA,NA,NA
"Unirea Urziceni ( - 2011)",NA,NA,"2008","Departures","Bogdan Mara","https://www.transfermarkt.com/bogdan-mara/profil/spieler/47602","Attacking Midfield","31","Romania","CFR Cluj","SuperLiga","Romania",0,FALSE,NA,"Winter",19,19,5,1607
"Unirea Urziceni ( - 2011)",NA,NA,"2008","Departures","Srdjan Zakula","https://www.transfermarkt.com/srdjan-zakula/profil/spieler/41796","Goalkeeper","29","Serbia","Hajduk 1912","Super liga Srbije","Serbia",0,FALSE,NA,"Winter",NA,NA,NA,NA
"Unirea Urziceni ( - 2011)",NA,NA,"2008","Departures","Lucas Landa","https://www.transfermarkt.com/lucas-landa/profil/spieler/55875","Centre-Back","22","Argentina","Gimnasia","Torneo Clausura","Argentina",NA,FALSE,"?","Winter",NA,NA,NA,NA
"Unirea Urziceni ( - 2011)",NA,NA,"2008","Departures","Bogdan Aldea","https://www.transfermarkt.com/bogdan-aldea/profil/spieler/48806","Centre-Forward","27","Romania","FC Drobeta",NA,"Romania",NA,FALSE,"?","Winter",4,1,0,10
"Unirea Urziceni ( - 2011)",NA,NA,"2008","Departures","Andrei Neagoe","https://www.transfermarkt.com/andrei-neagoe/profil/spieler/208811","Left Midfield","21","Romania","CS Mioveni",NA,"Romania",NA,FALSE,"?","Winter",1,0,0,0
"Unirea Urziceni ( - 2011)",NA,NA,"2008","Departures","Szabolcs Szekely","https://www.transfermarkt.com/szabolcs-szekely/profil/spieler/48908","Centre-Forward","23","Romania","CFR Timisoara",NA,"Romania",NA,TRUE,"loan transfer","Winter",NA,NA,NA,NA
"SC Otelul Galati","SuperLiga","Romania","2008","Arrivals","Adrian Anca","https://www.transfermarkt.com/adrian-anca/profil/spieler/43277","Centre-Forward","32","Romania","CFR Cluj","SuperLiga","Romania",150000,FALSE,NA,"Summer",4,4,0,215
"SC Otelul Galati","SuperLiga","Romania","2008","Arrivals","Frane Vitaic","https://www.transfermarkt.com/frane-vitaic/profil/spieler/38368","Defensive Midfield","26","Croatia","HNK Sibenik","SuperSport HNL","Croatia",1e+05,FALSE,NA,"Summer",17,17,1,1014
"SC Otelul Galati","SuperLiga","Romania","2008","Arrivals","Romeo Stancu","https://www.transfermarkt.com/romeo-stancu/profil/spieler/35442","Left Midfield","30","Romania","FC Rapid 1923","SuperLiga","Romania",1e+05,FALSE,NA,"Summer",10,9,0,229
"SC Otelul Galati","SuperLiga","Romania","2008","Arrivals","Marian Tanasa","https://www.transfermarkt.com/marian-tanasa/profil/spieler/64082","Centre-Forward","22","Romania","FCM Bacau",NA,"Romania",1e+05,FALSE,NA,"Summer",15,15,3,781
"SC Otelul Galati","SuperLiga","Romania","2008","Arrivals","Alexandru Bourceanu","https://www.transfermarkt.com/alexandru-bourceanu/profil/spieler/64118","Defensive Midfield","23","Romania","Dunarea Galati",NA,"Romania",50000,FALSE,NA,"Summer",31,31,1,2736
"SC Otelul Galati","SuperLiga","Romania","2008","Arrivals","Valentin Ioviţă","https://www.transfermarkt.com/valentin-iovita/profil/spieler/54739","Left Midfield","24","Romania","Gloria Buzau","SuperLiga","Romania",30000,FALSE,NA,"Summer",6,4,0,169
"SC Otelul Galati","SuperLiga","Romania","2008","Arrivals","Marius Pena","https://www.transfermarkt.com/marius-pena/profil/spieler/81495","Centre-Forward","23","Romania","Concordia",NA,"Romania",10000,FALSE,NA,"Summer",30,30,6,2161
"SC Otelul Galati","SuperLiga","Romania","2008","Arrivals","Stevo Nikolic","https://www.transfermarkt.com/stevo-nikolic/profil/spieler/46321","Centre-Forward","23","Bosnia-Herzegovina","FK Alfa Modriča","Premijer Liga BiH","Bosnia-Herzegovina",0,FALSE,NA,"Summer",7,7,0,319
"SC Otelul Galati","SuperLiga","Romania","2008","Arrivals","Andrei Schwartz","https://www.transfermarkt.com/andrei-schwartz/profil/spieler/110563","Defensive Midfield","19","Romania","Otelul Galati U19",NA,"Romania",NA,FALSE,"-","Summer",1,1,0,18
"SC Otelul Galati","SuperLiga","Romania","2008","Arrivals","Laurențiu Petean","https://www.transfermarkt.com/laurentiu-petean/profil/spieler/156644","Central Midfield","20","Romania","Otelul Galati U19",NA,"Romania",NA,FALSE,"-","Summer",NA,NA,NA,NA
"SC Otelul Galati","SuperLiga","Romania","2008","Arrivals","Cornel Râpă","https://www.transfermarkt.com/cornel-rapa/profil/spieler/96290","Right-Back","18","Romania","Otelul Galati U19",NA,"Romania",NA,FALSE,"-","Summer",9,9,0,749
"SC Otelul Galati","SuperLiga","Romania","2008","Arrivals","Marian Cârjă","https://www.transfermarkt.com/marian-carja/profil/spieler/48658","Right-Back","21","Romania","Astra Giurgiu",NA,"Romania",NA,TRUE,"End of loan Jun 30, 2008","Summer",24,20,0,1320
"SC Otelul Galati","SuperLiga","Romania","2008","Arrivals","Eduard Tismanaru","https://www.transfermarkt.com/eduard-tismanaru/profil/spieler/95273","Right Midfield","21","Romania","Jiul Petrosani",NA,"Romania",NA,TRUE,"End of loan Jun 30, 2008","Summer",6,6,0,104
"SC Otelul Galati","SuperLiga","Romania","2008","Departures","János Székely","https://www.transfermarkt.com/janos-szekely/profil/spieler/48195","Attacking Midfield","25","Romania","FCSB","SuperLiga","Romania",1500000,FALSE,NA,"Summer",NA,NA,NA,NA
"SC Otelul Galati","SuperLiga","Romania","2008","Departures","Emil Jula","https://www.transfermarkt.com/emil-jula/profil/spieler/47424","Centre-Forward","28","Romania","Energie Cottbus","Bundesliga","Germany",7e+05,FALSE,NA,"Summer",NA,NA,NA,NA
"SC Otelul Galati","SuperLiga","Romania","2008","Departures","Daniel Stan","https://www.transfermarkt.com/daniel-stan/profil/spieler/47469","Left Winger","29","Romania","Unirea Urziceni","SuperLiga","Romania",5e+05,FALSE,NA,"Summer",NA,NA,NA,NA
"SC Otelul Galati","SuperLiga","Romania","2008","Departures","Florin Lazar","https://www.transfermarkt.com/florin-lazar/profil/spieler/48676","Centre-Back","28","Romania","Gaz Metan","SuperLiga","Romania",1e+05,FALSE,NA,"Summer",NA,NA,NA,NA
"SC Otelul Galati","SuperLiga","Romania","2008","Departures","Sergiu Brujan","https://www.transfermarkt.com/sergiu-brujan/profil/spieler/47404","Right-Back","32","Romania","Cetatea Suceava",NA,"Romania",1e+05,FALSE,NA,"Summer",NA,NA,NA,NA
"SC Otelul Galati","SuperLiga","Romania","2008","Departures","Dorin Semeghin","https://www.transfermarkt.com/dorin-semeghin/profil/spieler/26044","Left-Back","29","Romania","Gaz Metan","SuperLiga","Romania",0,FALSE,NA,"Summer",NA,NA,NA,NA
"SC Otelul Galati","SuperLiga","Romania","2008","Departures","Adrian Ionescu","https://www.transfermarkt.com/adrian-ionescu/profil/spieler/46570","Defensive Midfield","22","Romania","U Cluj",NA,"Romania",0,FALSE,NA,"Summer",NA,NA,NA,NA
"SC Otelul Galati","SuperLiga","Romania","2008","Departures","Valentin Bors","https://www.transfermarkt.com/valentin-bors/profil/spieler/47400","Goalkeeper","24","Romania","Concordia",NA,"Romania",0,FALSE,NA,"Summer",NA,NA,NA,NA
"SC Otelul Galati","SuperLiga","Romania","2008","Departures","Adrian Anca","https://www.transfermarkt.com/adrian-anca/profil/spieler/43277","Centre-Forward","32","Romania","Gloria Bistrita","SuperLiga","Romania",NA,FALSE,"?","Summer",4,4,0,215
"SC Otelul Galati","SuperLiga","Romania","2008","Departures","Paul Somodean","https://www.transfermarkt.com/paul-somodean/profil/spieler/200623","Centre-Back","24","Romania","Bihor Oradea",NA,"Romania",NA,FALSE,"?","Summer",NA,NA,NA,NA
"SC Otelul Galati","SuperLiga","Romania","2008","Departures","Bogdan Ungureanu","https://www.transfermarkt.com/bogdan-ungureanu/profil/spieler/214101","Centre-Forward","20","Romania","Râmnicu Sarat",NA,"Romania",NA,FALSE,"?","Summer",NA,NA,NA,NA
"SC Otelul Galati","SuperLiga","Romania","2008","Departures","Tadas Labukas","https://www.transfermarkt.com/tadas-labukas/profil/spieler/18961","Centre-Forward","24","Lithuania","Shamakhi","Premyer Liqa","Azerbaijan",NA,TRUE,"loan transfer","Summer",NA,NA,NA,NA
"SC Otelul Galati","SuperLiga","Romania","2008","Departures","Gabriel Giurgiu","https://www.transfermarkt.com/gabriel-giurgiu/profil/spieler/47640","Central Midfield","25","Romania","Rubin Kazan","Premier Liga","Russia",NA,TRUE,"End of loan Jun 30, 2008","Summer",16,16,0,1222
"SC Otelul Galati","SuperLiga","Romania","2008","Departures","Ciprian Deac","https://www.transfermarkt.com/ciprian-deac/profil/spieler/43300","Right Winger","22","Romania","CFR Cluj","SuperLiga","Romania",NA,TRUE,"End of loan Jun 30, 2008","Summer",NA,NA,NA,NA
"SC Otelul Galati","SuperLiga","Romania","2008","Arrivals","Gabriel Giurgiu","https://www.transfermarkt.com/gabriel-giurgiu/profil/spieler/47640","Central Midfield","26","Romania","Rubin Kazan II","U19 M-Liga (- 2023)","Russia",0,FALSE,NA,"Winter",16,16,0,1222
"SC Otelul Galati","SuperLiga","Romania","2008","Arrivals","John Ike Ibeh","https://www.transfermarkt.com/john-ike-ibeh/profil/spieler/73798","Left Winger","22","Nigeria","UTA Arad",NA,"Romania",0,FALSE,NA,"Winter",15,15,2,864
"SC Otelul Galati","SuperLiga","Romania","2008","Arrivals","Emir Hodzurda","https://www.transfermarkt.com/emir-hodzurda/profil/spieler/104217","Centre-Back","18","Bosnia-Herzegovina","Zeljeznicar U19",NA,"Bosnia-Herzegovina",0,FALSE,NA,"Winter",0,0,0,0
"SC Otelul Galati","SuperLiga","Romania","2008","Arrivals","Enes Sipovic","https://www.transfermarkt.com/enes-sipovic/profil/spieler/104219","Centre-Back","18","Bosnia-Herzegovina","Zeljeznicar U19",NA,"Bosnia-Herzegovina",0,FALSE,NA,"Winter",0,0,0,0
"SC Otelul Galati","SuperLiga","Romania","2008","Arrivals","Andrei Parfenie","https://www.transfermarkt.com/andrei-parfenie/profil/spieler/104218","Left-Back","23","Romania","Aerostar",NA,"Romania",NA,FALSE,"?","Winter",0,0,0,0
"SC Otelul Galati","SuperLiga","Romania","2008","Arrivals","Ionuț Neagu","https://www.transfermarkt.com/ionut-neagu/profil/spieler/112942","Defensive Midfield","19","Romania","Otelul Galati U19",NA,"Romania",NA,FALSE,"-","Winter",2,2,0,5
"SC Otelul Galati","SuperLiga","Romania","2008","Departures","Salif Nogo","https://www.transfermarkt.com/salif-nogo/profil/spieler/47450","Centre-Back","23","Burkina Faso","Troyes","Ligue 2","France",0,FALSE,NA,"Winter",7,2,0,90
"SC Otelul Galati","SuperLiga","Romania","2008","Departures","Valentin Ioviţă","https://www.transfermarkt.com/valentin-iovita/profil/spieler/54739","Left Midfield","24","Romania","Dunarea Galati",NA,"Romania",NA,FALSE,"?","Winter",6,4,0,169
"SC Otelul Galati","SuperLiga","Romania","2008","Departures","Alexandru Avram","https://www.transfermarkt.com/alexandru-avram/profil/spieler/69405","Attacking Midfield","17","Romania","Petrolul",NA,"Romania",NA,TRUE,"loan transfer","Winter",4,3,0,110
"SC Otelul Galati","SuperLiga","Romania","2008","Departures","Laurențiu Petean","https://www.transfermarkt.com/laurentiu-petean/profil/spieler/156644","Central Midfield","20","Romania","Delta Tulcea",NA,"Romania",NA,TRUE,"loan transfer","Winter",NA,NA,NA,NA
"SC Otelul Galati","SuperLiga","Romania","2008","Departures","Romeo Stancu","https://www.transfermarkt.com/romeo-stancu/profil/spieler/35442","Left Midfield","30","Romania","Without Club",NA,NA,NA,FALSE,"-","Winter",10,9,0,229
"CF Gloria Bistrita (- 2015)",NA,NA,"2008","Arrivals","Émerson","https://www.transfermarkt.com/emerson/profil/spieler/34094","Defensive Midfield","25","Cape Verde","Beira-Mar","Liga Portugal 2","Portugal",250000,FALSE,NA,"Summer",5,3,0,123
"CF Gloria Bistrita (- 2015)",NA,NA,"2008","Arrivals","Ioan Hora","https://www.transfermarkt.com/ioan-hora/profil/spieler/54528","Centre-Forward","19","Romania","UTA Arad",NA,"Romania",250000,FALSE,NA,"Summer",26,25,2,1270
"CF Gloria Bistrita (- 2015)",NA,NA,"2008","Arrivals","Radu Marginean","https://www.transfermarkt.com/radu-marginean/profil/spieler/46587","Defensive Midfield","25","Romania","CFR Cluj","SuperLiga","Romania",250000,FALSE,NA,"Summer",18,18,0,1326
"CF Gloria Bistrita (- 2015)",NA,NA,"2008","Arrivals","Diogo Ramos","https://www.transfermarkt.com/diogo-ramos/profil/spieler/58260","Centre-Forward","21","Portugal","Freamunde","Liga Portugal 2","Portugal",250000,FALSE,NA,"Summer",20,20,4,1396
"CF Gloria Bistrita (- 2015)",NA,NA,"2008","Arrivals","Madalin Ciuca","https://www.transfermarkt.com/madalin-ciuca/profil/spieler/47570","Centre-Back","25","Romania","FC U Craiova","SuperLiga","Romania",2e+05,FALSE,NA,"Summer",30,26,1,2280
"CF Gloria Bistrita (- 2015)",NA,NA,"2008","Arrivals","Csaba Borbely","https://www.transfermarkt.com/csaba-borbely/profil/spieler/26639","Centre-Forward","27","Romania","Progresul",NA,"Romania",2e+05,FALSE,NA,"Summer",16,15,3,1052
"CF Gloria Bistrita (- 2015)",NA,NA,"2008","Arrivals","Gabriel Velcovici","https://www.transfermarkt.com/gabriel-velcovici/profil/spieler/47585","Left-Back","23","Romania","FC U Craiova","SuperLiga","Romania",180000,FALSE,NA,"Summer",27,26,0,1945
"CF Gloria Bistrita (- 2015)",NA,NA,"2008","Arrivals","Danut Sabou","https://www.transfermarkt.com/danut-sabou/profil/spieler/48792","Defensive Midfield","28","Romania","FC Vaslui","SuperLiga","Romania",150000,FALSE,NA,"Summer",11,10,1,449
"CF Gloria Bistrita (- 2015)",NA,NA,"2008","Arrivals","Cristian Silvasan","https://www.transfermarkt.com/cristian-silvasan/profil/spieler/33745","Centre-Forward","26","Romania","U Cluj",NA,"Romania",150000,FALSE,NA,"Summer",20,20,3,1121
"CF Gloria Bistrita (- 2015)",NA,NA,"2008","Arrivals","Mihai Panc","https://www.transfermarkt.com/mihai-panc/profil/spieler/25939","Left-Back","27","Romania","Progresul",NA,"Romania",150000,FALSE,NA,"Summer",10,10,0,865
"CF Gloria Bistrita (- 2015)",NA,NA,"2008","Arrivals","Ciprian Petre","https://www.transfermarkt.com/ciprian-petre/profil/spieler/46625","Left Winger","27","Romania","Unirea Urziceni","SuperLiga","Romania",90000,FALSE,NA,"Summer",21,20,1,1277
"CF Gloria Bistrita (- 2015)",NA,NA,"2008","Arrivals","Casian Miclăuş","https://www.transfermarkt.com/casian-miclaus/profil/spieler/43338","Left-Back","30","Romania","CFR Cluj","SuperLiga","Romania",80000,TRUE,NA,"Summer",17,17,0,1143
"CF Gloria Bistrita (- 2015)",NA,NA,"2008","Arrivals","Zied Bhairi","https://www.transfermarkt.com/zied-bhairi/profil/spieler/49835","Left-Back","27","Tunisia","Greuther Fürth","2. Bundesliga","Germany",0,FALSE,NA,"Summer",1,1,0,45
"CF Gloria Bistrita (- 2015)",NA,NA,"2008","Arrivals","Petru Turcas","https://www.transfermarkt.com/petru-turcas/profil/spieler/43386","Goalkeeper","32","Romania","CFR Cluj","SuperLiga","Romania",0,FALSE,NA,"Summer",1,0,0,0
"CF Gloria Bistrita (- 2015)",NA,NA,"2008","Arrivals","Dany","https://www.transfermarkt.com/dany/profil/spieler/62684","Centre-Forward","20","Cape Verde","Freamunde","Liga Portugal 2","Portugal",0,FALSE,NA,"Summer",1,1,0,20
"CF Gloria Bistrita (- 2015)",NA,NA,"2008","Arrivals","Andrei Enescu","https://www.transfermarkt.com/andrei-enescu/profil/spieler/34936","Central Midfield","20","Romania","FC Sheriff",NA,"Moldova",0,FALSE,NA,"Summer",9,9,0,654
"CF Gloria Bistrita (- 2015)",NA,NA,"2008","Arrivals","Adrian Anca","https://www.transfermarkt.com/adrian-anca/profil/spieler/43277","Centre-Forward","32","Romania","Otelul Galati","SuperLiga","Romania",NA,FALSE,"?","Summer",9,8,0,350
"CF Gloria Bistrita (- 2015)",NA,NA,"2008","Arrivals","Blagoja Todorovski","https://www.transfermarkt.com/blagoja-todorovski/profil/spieler/26321","Right-Back","23","North Macedonia","FC Dinamo","SuperLiga","Romania",NA,TRUE,"loan transfer","Summer",NA,NA,NA,NA
"CF Gloria Bistrita (- 2015)",NA,NA,"2008","Arrivals","Ducu Ninu","https://www.transfermarkt.com/ducu-ninu/profil/spieler/42788","Centre-Back","21","Romania","FCSB","SuperLiga","Romania",NA,TRUE,"loan transfer","Summer",8,8,0,600
"CF Gloria Bistrita (- 2015)",NA,NA,"2008","Arrivals","João Pedro","https://www.transfermarkt.com/joao-pedro/profil/spieler/34576","Centre-Back","20","Portugal","FC Porto","Liga Portugal","Portugal",NA,TRUE,"loan transfer","Summer",17,16,3,1319
"CF Gloria Bistrita (- 2015)",NA,NA,"2008","Arrivals","Paul Anton","https://www.transfermarkt.com/paul-anton/profil/spieler/123286","Central Midfield","17","Romania","Gloria Bistrita U19",NA,"Romania",NA,FALSE,"-","Summer",NA,NA,NA,NA
"CF Gloria Bistrita (- 2015)",NA,NA,"2008","Arrivals","Razvan Fritea","https://www.transfermarkt.com/razvan-fritea/profil/spieler/48134","Central Midfield","25","Romania","Veria 1960","Super League 1","Greece",NA,TRUE,"End of loan Jun 30, 2008","Summer",0,0,0,0
"CF Gloria Bistrita (- 2015)",NA,NA,"2008","Arrivals","Alexandru Vagner","https://www.transfermarkt.com/alexandru-vagner/profil/spieler/48755","Right-Back","18","Romania","Forex Brasov",NA,"Romania",NA,TRUE,"End of loan Jun 30, 2008","Summer",9,9,0,697
"CF Gloria Bistrita (- 2015)",NA,NA,"2008","Arrivals","Levente Peres","https://www.transfermarkt.com/levente-peres/profil/spieler/46623","Midfielder","30","Romania","Avantul Reghin",NA,"Romania",NA,TRUE,"End of loan Jun 30, 2008","Summer",NA,NA,NA,NA
"CF Gloria Bistrita (- 2015)",NA,NA,"2008","Arrivals","Sandu Bors","https://www.transfermarkt.com/sandu-bors/profil/spieler/202013","Defender","28","Romania","ACSM Reșița",NA,"Romania",NA,TRUE,"End of loan Jun 30, 2008","Summer",NA,NA,NA,NA
"CF Gloria Bistrita (- 2015)",NA,NA,"2008","Arrivals","Dan Roman","https://www.transfermarkt.com/dan-roman/profil/spieler/81431","Centre-Forward","22","Romania","Forex Brasov",NA,"Romania",NA,TRUE,"End of loan Jun 30, 2008","Summer",6,5,0,220
"CF Gloria Bistrita (- 2015)",NA,NA,"2008","Arrivals","Voicu Florea","https://www.transfermarkt.com/voicu-florea/profil/spieler/213645","Right Midfield","22","Romania","Bihor Oradea",NA,"Romania",NA,TRUE,"End of loan Jun 30, 2008","Summer",NA,NA,NA,NA
"CF Gloria Bistrita (- 2015)",NA,NA,"2008","Arrivals","Ciprian Botoser","https://www.transfermarkt.com/ciprian-botoser/profil/spieler/46511","Goalkeeper","21","Romania","Avantul Reghin",NA,"Romania",NA,TRUE,"End of loan Jun 30, 2008","Summer",NA,NA,NA,NA
"CF Gloria Bistrita (- 2015)",NA,NA,"2008","Departures","Cosmin Tilincă","https://www.transfermarkt.com/cosmin-tilinca/profil/spieler/43383","Centre-Forward","28","Romania","Pandurii ","SuperLiga","Romania",3e+05,FALSE,NA,"Summer",NA,NA,NA,NA
"CF Gloria Bistrita (- 2015)",NA,NA,"2008","Departures","Adrian Nalati","https://www.transfermarkt.com/adrian-nalati/profil/spieler/46603","Central Midfield","25","Romania","Pandurii ","SuperLiga","Romania",3e+05,FALSE,NA,"Summer",16,16,1,1310
"CF Gloria Bistrita (- 2015)",NA,NA,"2008","Departures","Kenan Ragipovic","https://www.transfermarkt.com/kenan-ragipovic/profil/spieler/50187","Central Midfield","25","Serbia","ASA Tg. Mures",NA,"Romania",2e+05,FALSE,NA,"Summer",NA,NA,NA,NA
"CF Gloria Bistrita (- 2015)",NA,NA,"2008","Departures","Dan Matei","https://www.transfermarkt.com/dan-matei/profil/spieler/46589","Centre-Back","27","Romania","Unirea Urziceni","SuperLiga","Romania",150000,FALSE,NA,"Summer",NA,NA,NA,NA
"CF Gloria Bistrita (- 2015)",NA,NA,"2008","Departures","Lucian Turcu","https://www.transfermarkt.com/lucian-turcu/profil/spieler/54497","Left-Back","21","Romania","ASA Tg. Mures",NA,"Romania",150000,TRUE,NA,"Summer",NA,NA,NA,NA
"CF Gloria Bistrita (- 2015)",NA,NA,"2008","Departures","Enache Caju","https://www.transfermarkt.com/enache-caju/profil/spieler/58679","Right Midfield","24","Romania","Rm. Valcea",NA,"Romania",50000,FALSE,NA,"Summer",NA,NA,NA,NA
"CF Gloria Bistrita (- 2015)",NA,NA,"2008","Departures","Mircea Rus","https://www.transfermarkt.com/mircea-rus/profil/spieler/48185","Defender","30","Romania","Alba Iulia",NA,"Romania",50000,FALSE,NA,"Summer",NA,NA,NA,NA
"CF Gloria Bistrita (- 2015)",NA,NA,"2008","Departures","Claudiu Codoban","https://www.transfermarkt.com/claudiu-codoban/profil/spieler/64523","Attacking Midfield","20","Romania","Forex Brasov",NA,"Romania",50000,FALSE,NA,"Summer",NA,NA,NA,NA
"CF Gloria Bistrita (- 2015)",NA,NA,"2008","Departures","Calin Tarnavean","https://www.transfermarkt.com/calin-tarnavean/profil/spieler/46664","Centre-Forward","24","Romania","ASA Tg. Mures",NA,"Romania",50000,TRUE,NA,"Summer",NA,NA,NA,NA
"CF Gloria Bistrita (- 2015)",NA,NA,"2008","Departures","Sead Hadzibulic","https://www.transfermarkt.com/sead-hadzibulic/profil/spieler/50164","Centre-Forward","25","Serbia","Javor-Matis","Super liga Srbije","Serbia",0,FALSE,NA,"Summer",NA,NA,NA,NA
"CF Gloria Bistrita (- 2015)",NA,NA,"2008","Departures","Ion Dumitra","https://www.transfermarkt.com/ion-dumitra/profil/spieler/53296","Central Midfield","32","Romania","Minerul Lupeni",NA,"Romania",0,FALSE,NA,"Summer",NA,NA,NA,NA
"CF Gloria Bistrita (- 2015)",NA,NA,"2008","Departures","Cosmin Curiman","https://www.transfermarkt.com/cosmin-curiman/profil/spieler/47565","Goalkeeper","25","Romania","Bihor Oradea",NA,"Romania",0,FALSE,NA,"Summer",NA,NA,NA,NA
"CF Gloria Bistrita (- 2015)",NA,NA,"2008","Departures","Razvan Dobre","https://www.transfermarkt.com/razvan-dobre/profil/spieler/53235","Left Midfield","25","Romania","Rm. Valcea",NA,"Romania",NA,FALSE,"?","Summer",NA,NA,NA,NA
"CF Gloria Bistrita (- 2015)",NA,NA,"2008","Departures","Mădălin Popa","https://www.transfermarkt.com/madalin-popa/profil/spieler/58731","Centre-Back","26","Romania","Pandurii ","SuperLiga","Romania",NA,FALSE,"?","Summer",NA,NA,NA,NA
"CF Gloria Bistrita (- 2015)",NA,NA,"2008","Departures","Razvan Fritea","https://www.transfermarkt.com/razvan-fritea/profil/spieler/48134","Central Midfield","25","Romania","Lorca Dep. B",NA,"Spain",NA,FALSE,"?","Summer",0,0,0,0
"CF Gloria Bistrita (- 2015)",NA,NA,"2008","Departures","Andrei Bozesan","https://www.transfermarkt.com/andrei-bozesan/profil/spieler/46512","Central Midfield","20","Romania","Unknown",NA,NA,NA,FALSE,"?","Summer",NA,NA,NA,NA
"CF Gloria Bistrita (- 2015)",NA,NA,"2008","Departures","Marius Damian","https://www.transfermarkt.com/marius-damian/profil/spieler/53272","Midfielder","25","Romania","Unknown",NA,NA,NA,FALSE,"?","Summer",NA,NA,NA,NA
"CF Gloria Bistrita (- 2015)",NA,NA,"2008","Departures","Mirel Soare","https://www.transfermarkt.com/mirel-soare/profil/spieler/46652","Centre-Back","22","Romania","Concordia",NA,"Romania",NA,FALSE,"?","Summer",NA,NA,NA,NA
"CF Gloria Bistrita (- 2015)",NA,NA,"2008","Departures","Sandu Bors","https://www.transfermarkt.com/sandu-bors/profil/spieler/202013","Defender","28","Romania","Avantul Reghin",NA,"Romania",NA,FALSE,"?","Summer",NA,NA,NA,NA
"CF Gloria Bistrita (- 2015)",NA,NA,"2008","Departures","Cătălin Bucur","https://www.transfermarkt.com/catalin-bucur/profil/spieler/212897","Second Striker","25","Romania","Bihor Oradea",NA,"Romania",NA,FALSE,"?","Summer",NA,NA,NA,NA
"CF Gloria Bistrita (- 2015)",NA,NA,"2008","Departures","Adrian Murar","https://www.transfermarkt.com/adrian-murar/profil/spieler/325004","Left Midfield","18","Romania","Atletic Fieni",NA,"Romania",NA,TRUE,"loan transfer","Summer",NA,NA,NA,NA
"CF Gloria Bistrita (- 2015)",NA,NA,"2008","Departures","Voicu Florea","https://www.transfermarkt.com/voicu-florea/profil/spieler/213645","Right Midfield","22","Romania","FC Snagov",NA,"Romania",NA,TRUE,"loan transfer","Summer",NA,NA,NA,NA
"CF Gloria Bistrita (- 2015)",NA,NA,"2008","Departures","Ciprian Botoser","https://www.transfermarkt.com/ciprian-botoser/profil/spieler/46511","Goalkeeper","21","Romania","ASA Tg. Mures",NA,"Romania",NA,TRUE,"loan transfer","Summer",NA,NA,NA,NA
"CF Gloria Bistrita (- 2015)",NA,NA,"2008","Departures","Iulian Arhire","https://www.transfermarkt.com/iulian-arhire/profil/spieler/48813","Defensive Midfield","32","Romania",NA,NA,NA,NA,FALSE,"-","Summer",NA,NA,NA,NA
"CF Gloria Bistrita (- 2015)",NA,NA,"2008","Departures","Florin Ganea","https://www.transfermarkt.com/florin-ganea/profil/spieler/48842","Left-Back","32","Romania",NA,NA,NA,NA,FALSE,"-","Summer",NA,NA,NA,NA
"CF Gloria Bistrita (- 2015)",NA,NA,"2008","Departures","Ciprian Danciu","https://www.transfermarkt.com/ciprian-danciu/profil/spieler/62453","Attacking Midfield","31","Romania",NA,NA,NA,NA,FALSE,"-","Summer",NA,NA,NA,NA
"CF Gloria Bistrita (- 2015)",NA,NA,"2008","Departures","Dorin Toma","https://www.transfermarkt.com/dorin-toma/profil/spieler/46667","Left-Back","31","Romania","CFR Cluj","SuperLiga","Romania",NA,TRUE,"End of loan Jun 30, 2008","Summer",NA,NA,NA,NA
"CF Gloria Bistrita (- 2015)",NA,NA,"2008","Arrivals","Liviu Bajenaru","https://www.transfermarkt.com/liviu-bajenaru/profil/spieler/97512","Attacking Midfield","25","Romania","Progresul",NA,"Romania",0,FALSE,NA,"Winter",15,15,0,838
"CF Gloria Bistrita (- 2015)",NA,NA,"2008","Arrivals","Valentin Sandu","https://www.transfermarkt.com/valentin-sandu/profil/spieler/97520","Left-Back","25","Romania","Progresul",NA,"Romania",0,FALSE,NA,"Winter",NA,NA,NA,NA
"CF Gloria Bistrita (- 2015)",NA,NA,"2008","Arrivals","Vlad Munteanu","https://www.transfermarkt.com/vlad-munteanu/profil/spieler/104215","Left Winger","18","Romania","Unknown",NA,NA,NA,FALSE,"?","Winter",0,0,0,0
"CF Gloria Bistrita (- 2015)",NA,NA,"2008","Arrivals","Adrian Nalati","https://www.transfermarkt.com/adrian-nalati/profil/spieler/46603","Central Midfield","25","Romania","Pandurii ","SuperLiga","Romania",NA,TRUE,"loan transfer","Winter",16,16,1,1310
"CF Gloria Bistrita (- 2015)",NA,NA,"2008","Arrivals","Dorel Zaharia","https://www.transfermarkt.com/dorel-zaharia/profil/spieler/46682","Centre-Forward","30","Romania","FC Brasov","SuperLiga","Romania",NA,TRUE,"loan transfer","Winter",14,14,3,1054
"CF Gloria Bistrita (- 2015)",NA,NA,"2008","Arrivals","Robert Neagoe","https://www.transfermarkt.com/robert-neagoe/profil/spieler/33902","Left Midfield","26","Romania","FCSB","SuperLiga","Romania",NA,TRUE,"loan transfer","Winter",2,2,0,180
"CF Gloria Bistrita (- 2015)",NA,NA,"2008","Arrivals","Catalin Paun","https://www.transfermarkt.com/catalin-paun/profil/spieler/53214","Centre-Back","21","Romania","FC Rapid 1923","SuperLiga","Romania",NA,TRUE,"loan transfer","Winter",10,10,0,709
"CF Gloria Bistrita (- 2015)",NA,NA,"2008","Arrivals","Lucian Sânmărtean","https://www.transfermarkt.com/lucian-sanmartean/profil/spieler/9733","Central Midfield","28","Romania","Without Club",NA,NA,NA,FALSE,"-","Winter",11,11,0,704
"CF Gloria Bistrita (- 2015)",NA,NA,"2008","Arrivals","Voicu Florea","https://www.transfermarkt.com/voicu-florea/profil/spieler/213645","Right Midfield","23","Romania","FC Snagov",NA,"Romania",NA,TRUE,"End of loan Dec 1, 2008","Winter",NA,NA,NA,NA
"CF Gloria Bistrita (- 2015)",NA,NA,"2008","Departures","Émerson","https://www.transfermarkt.com/emerson/profil/spieler/34094","Defensive Midfield","26","Cape Verde","Beira-Mar","Liga Portugal 2","Portugal",175000,FALSE,NA,"Winter",5,3,0,123
"CF Gloria Bistrita (- 2015)",NA,NA,"2008","Departures","Flavius Moldovan","https://www.transfermarkt.com/flavius-moldovan/profil/spieler/35432","Centre-Back","32","Romania","ASA Tg. Mures",NA,"Romania",150000,FALSE,NA,"Winter",6,5,0,450
"CF Gloria Bistrita (- 2015)",NA,NA,"2008","Departures","Pedro Queirós","https://www.transfermarkt.com/pedro-queiros/profil/spieler/95267","Right-Back","24","Portugal","Paços Ferreira","Liga Portugal","Portugal",0,FALSE,NA,"Winter",1,1,0,90
"CF Gloria Bistrita (- 2015)",NA,NA,"2008","Departures","Marius Curtuiuș","https://www.transfermarkt.com/marius-curtuius/profil/spieler/48712","Centre-Forward","19","Romania","Delta Tulcea",NA,"Romania",NA,TRUE,"loan transfer","Winter",2,0,0,0
"CF Gloria Bistrita (- 2015)",NA,NA,"2008","Departures","Voicu Florea","https://www.transfermarkt.com/voicu-florea/profil/spieler/213645","Right Midfield","23","Romania","Bihor Oradea",NA,"Romania",NA,TRUE,"loan transfer","Winter",NA,NA,NA,NA
"CF Gloria Bistrita (- 2015)",NA,NA,"2008","Departures","Paul Anton","https://www.transfermarkt.com/paul-anton/profil/spieler/123286","Central Midfield","17","Romania","Delta Tulcea",NA,"Romania",NA,TRUE,"loan transfer","Winter",NA,NA,NA,NA
"CF Gloria Bistrita (- 2015)",NA,NA,"2008","Departures","Mihai Panc","https://www.transfermarkt.com/mihai-panc/profil/spieler/25939","Left-Back","27","Romania","Without Club",NA,NA,NA,FALSE,"-","Winter",10,10,0,865
"Pandurii Targu Jiu (- 2022)",NA,NA,"2008","Arrivals","Ilie Iordache","https://www.transfermarkt.com/ilie-iordache/profil/spieler/47877","Left Winger","23","Romania","Dinamo II",NA,"Romania",5e+05,FALSE,NA,"Summer",16,16,0,1085
"Pandurii Targu Jiu (- 2022)",NA,NA,"2008","Arrivals","Răzvan Stanca","https://www.transfermarkt.com/razvan-stanca/profil/spieler/46656","Goalkeeper","28","Romania","Farul Constanta","SuperLiga","Romania",4e+05,FALSE,NA,"Summer",28,26,0,2260
"Pandurii Targu Jiu (- 2022)",NA,NA,"2008","Arrivals","Cosmin Tilincă","https://www.transfermarkt.com/cosmin-tilinca/profil/spieler/43383","Centre-Forward","28","Romania","Gloria Bistrita","SuperLiga","Romania",3e+05,FALSE,NA,"Summer",21,20,4,934
"Pandurii Targu Jiu (- 2022)",NA,NA,"2008","Arrivals","Adrian Nalati","https://www.transfermarkt.com/adrian-nalati/profil/spieler/46603","Central Midfield","25","Romania","Gloria Bistrita","SuperLiga","Romania",3e+05,FALSE,NA,"Summer",13,10,0,461
"Pandurii Targu Jiu (- 2022)",NA,NA,"2008","Arrivals","Madalin Murgan","https://www.transfermarkt.com/madalin-murgan/profil/spieler/26676","Left Midfield","25","Romania","CS Mioveni",NA,"Romania",1e+05,FALSE,NA,"Summer",20,20,0,1241
"Pandurii Targu Jiu (- 2022)",NA,NA,"2008","Arrivals","Robert Ghindeanu","https://www.transfermarkt.com/robert-ghindeanu/profil/spieler/25932","Right-Back","27","Romania","CS Mioveni",NA,"Romania",1e+05,FALSE,NA,"Summer",23,22,2,1694
"Pandurii Targu Jiu (- 2022)",NA,NA,"2008","Arrivals","Milanko Raskovic","https://www.transfermarkt.com/milanko-raskovic/profil/spieler/34406","Centre-Forward","27","Serbia","Red Star","Super liga Srbije","Serbia",0,FALSE,NA,"Summer",21,21,3,1120
"Pandurii Targu Jiu (- 2022)",NA,NA,"2008","Arrivals","Tiago Tremonti","https://www.transfermarkt.com/tiago-tremonti/profil/spieler/81507","Second Striker","23","Brazil","União São João",NA,"Brazil",0,FALSE,NA,"Summer",19,19,2,1273
"Pandurii Targu Jiu (- 2022)",NA,NA,"2008","Arrivals","Sorin Vintilescu","https://www.transfermarkt.com/sorin-vintilescu/profil/spieler/47898","Centre-Forward","31","Romania","Rm. Valcea",NA,"Romania",NA,FALSE,"?","Summer",NA,NA,NA,NA
"Pandurii Targu Jiu (- 2022)",NA,NA,"2008","Arrivals","Mădălin Popa","https://www.transfermarkt.com/madalin-popa/profil/spieler/58731","Centre-Back","26","Romania","Gloria Bistrita","SuperLiga","Romania",NA,FALSE,"?","Summer",NA,NA,NA,NA
"Pandurii Targu Jiu (- 2022)",NA,NA,"2008","Arrivals","Facundo Talín","https://www.transfermarkt.com/facundo-talin/profil/spieler/68573","Centre-Back","21","Argentina","Nueva Chicago",NA,"Argentina",NA,FALSE,"?","Summer",NA,NA,NA,NA
"Pandurii Targu Jiu (- 2022)",NA,NA,"2008","Arrivals","Valentin Simion","https://www.transfermarkt.com/valentin-simion/profil/spieler/34760","Centre-Forward","21","Romania","FCSB","SuperLiga","Romania",NA,TRUE,"loan transfer","Summer",9,9,0,258
"Pandurii Targu Jiu (- 2022)",NA,NA,"2008","Arrivals","Nicolas Alnoudji","https://www.transfermarkt.com/nicolas-alnoudji/profil/spieler/7187","Defensive Midfield","28","Cameroon","Without Club",NA,NA,NA,FALSE,"-","Summer",NA,NA,NA,NA
"Pandurii Targu Jiu (- 2022)",NA,NA,"2008","Arrivals","Nenad Kutlacic","https://www.transfermarkt.com/nenad-kutlacic/profil/spieler/36020","Centre-Back","27","Bosnia-Herzegovina","EMC Rovinari",NA,"Romania",NA,TRUE,"End of loan Jun 30, 2008","Summer",NA,NA,NA,NA
"Pandurii Targu Jiu (- 2022)",NA,NA,"2008","Arrivals","Nemanja Vidakovic","https://www.transfermarkt.com/nemanja-vidakovic/profil/spieler/47897","Centre-Forward","22","Serbia","Rm. Valcea",NA,"Romania",NA,TRUE,"End of loan Jun 30, 2008","Summer",NA,NA,NA,NA
"Pandurii Targu Jiu (- 2022)",NA,NA,"2008","Departures","Constant Djakpa","https://www.transfermarkt.com/constant-djakpa/profil/spieler/41866","Left-Back","21","Cote d'Ivoire","B. Leverkusen","Bundesliga","Germany",1e+06,FALSE,NA,"Summer",NA,NA,NA,NA
"Pandurii Targu Jiu (- 2022)",NA,NA,"2008","Departures","Yoni","https://www.transfermarkt.com/yoni/profil/spieler/34827","Right Winger","29","Spain","UD Vecindario","2ª B - Grupo II","Spain",250000,FALSE,NA,"Summer",NA,NA,NA,NA
"Pandurii Targu Jiu (- 2022)",NA,NA,"2008","Departures","Pintassilgo","https://www.transfermarkt.com/pintassilgo/profil/spieler/34006","Right Winger","23","Portugal","Moreirense ",NA,"Portugal",1e+05,FALSE,NA,"Summer",NA,NA,NA,NA
"Pandurii Targu Jiu (- 2022)",NA,NA,"2008","Departures","Fábio Nunes","https://www.transfermarkt.com/fabio-nunes/profil/spieler/64503","Attacking Midfield","28","Brazil","Beira-Mar","Liga Portugal 2","Portugal",1e+05,FALSE,NA,"Summer",NA,NA,NA,NA
"Pandurii Targu Jiu (- 2022)",NA,NA,"2008","Departures","Daniel","https://www.transfermarkt.com/daniel/profil/spieler/48801","Defensive Midfield","27","Brazil","Mineiros-GO",NA,"Brazil",0,FALSE,NA,"Summer",NA,NA,NA,NA
"Pandurii Targu Jiu (- 2022)",NA,NA,"2008","Departures","Sorin Vintilescu","https://www.transfermarkt.com/sorin-vintilescu/profil/spieler/47898","Centre-Forward","31","Romania","Unknown",NA,NA,0,FALSE,NA,"Summer",NA,NA,NA,NA
"Pandurii Targu Jiu (- 2022)",NA,NA,"2008","Departures","Nemanja Vidakovic","https://www.transfermarkt.com/nemanja-vidakovic/profil/spieler/47897","Centre-Forward","22","Serbia","Gaz Metan","SuperLiga","Romania",0,FALSE,NA,"Summer",NA,NA,NA,NA
"Pandurii Targu Jiu (- 2022)",NA,NA,"2008","Departures","Adrian Popescu","https://www.transfermarkt.com/adrian-popescu/profil/spieler/47884","Midfielder","33","Romania","Rm. Valcea",NA,"Romania",NA,FALSE,"?","Summer",NA,NA,NA,NA
"Pandurii Targu Jiu (- 2022)",NA,NA,"2008","Departures","Diego de Gregorio","https://www.transfermarkt.com/diego-de-gregorio/profil/spieler/89849","Centre-Forward","21","Chile","Melipilla","Torneo Clausura","Chile",NA,FALSE,"?","Summer",NA,NA,NA,NA
"Pandurii Targu Jiu (- 2022)",NA,NA,"2008","Departures","Facundo Talín","https://www.transfermarkt.com/facundo-talin/profil/spieler/68573","Centre-Back","21","Argentina","Rm. Valcea",NA,"Romania",NA,FALSE,"?","Summer",NA,NA,NA,NA
"Pandurii Targu Jiu (- 2022)",NA,NA,"2008","Departures","Jaka Stromajer","https://www.transfermarkt.com/jaka-stromajer/profil/spieler/54747","Left Winger","25","Slovenia","Rm. Valcea",NA,"Romania",NA,TRUE,"loan transfer","Summer",3,1,0,64
"Pandurii Targu Jiu (- 2022)",NA,NA,"2008","Departures","Nenad Kutlacic","https://www.transfermarkt.com/nenad-kutlacic/profil/spieler/36020","Centre-Back","27","Bosnia-Herzegovina","Rm. Valcea",NA,"Romania",NA,TRUE,"loan transfer","Summer",NA,NA,NA,NA
"Pandurii Targu Jiu (- 2022)",NA,NA,"2008","Departures","Yuriy Tsygalko","https://www.transfermarkt.com/yuriy-tsygalko/profil/spieler/26334","Goalkeeper","25","Belarus","Rm. Valcea",NA,"Romania",NA,TRUE,"loan transfer","Summer",NA,NA,NA,NA
"Pandurii Targu Jiu (- 2022)",NA,NA,"2008","Departures","Constantin Grecu","https://www.transfermarkt.com/constantin-grecu/profil/spieler/70037","Left-Back","20","Romania","Rm. Valcea",NA,"Romania",NA,TRUE,"loan transfer","Summer",10,10,0,859
"Pandurii Targu Jiu (- 2022)",NA,NA,"2008","Departures","Dragoș Militaru","https://www.transfermarkt.com/dragos-militaru/profil/spieler/212860","Defensive Midfield","18","Romania","Minerul Lupeni",NA,"Romania",NA,TRUE,"loan transfer","Summer",NA,NA,NA,NA
"Pandurii Targu Jiu (- 2022)",NA,NA,"2008","Departures","Jackson","https://www.transfermarkt.com/jackson/profil/spieler/62522","Defender","24","Brazil","Without Club",NA,NA,NA,FALSE,"-","Summer",NA,NA,NA,NA
"Pandurii Targu Jiu (- 2022)",NA,NA,"2008","Departures","Sergiu Mandrean","https://www.transfermarkt.com/sergiu-mandrean/profil/spieler/47880","Right-Back","30","Romania","Without Club",NA,NA,NA,FALSE,"-","Summer",10,10,0,865
"Pandurii Targu Jiu (- 2022)",NA,NA,"2008","Departures","Alin Rus","https://www.transfermarkt.com/alin-rus/profil/spieler/47888","Left-Back","33","Romania","Without Club",NA,NA,NA,FALSE,"-","Summer",17,17,0,1530
"Pandurii Targu Jiu (- 2022)",NA,NA,"2008","Departures","Robert Balaet","https://www.transfermarkt.com/robert-balaet/profil/spieler/48323","Goalkeeper","33","Romania",NA,NA,NA,NA,FALSE,"-","Summer",1,0,0,0
"Pandurii Targu Jiu (- 2022)",NA,NA,"2008","Departures","Ilie Iordache","https://www.transfermarkt.com/ilie-iordache/profil/spieler/47877","Left Winger","23","Romania","Dinamo II",NA,"Romania",NA,TRUE,"End of loan Jun 30, 2008","Summer",16,16,0,1085
"Pandurii Targu Jiu (- 2022)",NA,NA,"2008","Departures","Anilton Júnior","https://www.transfermarkt.com/anilton-junior/profil/spieler/43860","Centre-Back","27","Brazil","SC Braga","Liga Portugal","Portugal",NA,TRUE,"End of loan Jun 30, 2008","Summer",NA,NA,NA,NA
"Pandurii Targu Jiu (- 2022)",NA,NA,"2008","Departures","Marco Soares","https://www.transfermarkt.com/marco-soares/profil/spieler/33549","Defensive Midfield","24","Cape Verde","Leiria","Liga Portugal 2","Portugal",NA,TRUE,"End of loan Jun 30, 2008","Summer",NA,NA,NA,NA
"Pandurii Targu Jiu (- 2022)",NA,NA,"2008","Departures","Valentin Simion","https://www.transfermarkt.com/valentin-simion/profil/spieler/34760","Centre-Forward","22","Romania","FCSB II",NA,"Romania",NA,TRUE,"End of loan Apr 1, 2009","Summer",9,9,0,258
"Pandurii Targu Jiu (- 2022)",NA,NA,"2008","Departures","Wandeir","https://www.transfermarkt.com/wandeir/profil/spieler/14224","Second Striker","28","North Macedonia","Naval 1893","Liga Portugal","Portugal",NA,TRUE,"End of loan Jun 30, 2008","Summer",NA,NA,NA,NA
"Pandurii Targu Jiu (- 2022)",NA,NA,"2008","Departures","Edimílson","https://www.transfermarkt.com/edimilson/profil/spieler/55463","Attacking Midfield","20","Brazil","Portuguesa","Série A","Brazil",NA,TRUE,"End of loan Jun 30, 2008","Summer",NA,NA,NA,NA
"Pandurii Targu Jiu (- 2022)",NA,NA,"2008","Departures","Adriano","https://www.transfermarkt.com/adriano/profil/spieler/25466","Goalkeeper","25","Portugal","Rio Ave","Liga Portugal","Portugal",NA,TRUE,"End of loan Jun 30, 2008","Summer",NA,NA,NA,NA
"Pandurii Targu Jiu (- 2022)",NA,NA,"2008","Arrivals","Novak Martinovic","https://www.transfermarkt.com/novak-martinovic/profil/spieler/50302","Centre-Back","23","Serbia","OFK Beograd","Super liga Srbije","Serbia",350000,FALSE,NA,"Winter",10,10,2,860
"Pandurii Targu Jiu (- 2022)",NA,NA,"2008","Arrivals","Ionut Lutu","https://www.transfermarkt.com/ionut-lutu/profil/spieler/26671","Attacking Midfield","33","Romania","Zhetysu","Premier Liga","Kazakhstan",1e+05,FALSE,NA,"Winter",8,8,0,258
"Pandurii Targu Jiu (- 2022)",NA,NA,"2008","Arrivals","Florin Hidisan","https://www.transfermarkt.com/florin-hidisan/profil/spieler/48850","Right Midfield","26","Romania","UTA Arad",NA,"Romania",NA,FALSE,"?","Winter",8,8,0,273
"Pandurii Targu Jiu (- 2022)",NA,NA,"2008","Arrivals","Miodrag Andjelkovic","https://www.transfermarkt.com/miodrag-andjelkovic/profil/spieler/5276","Centre-Forward","31","Serbia","SX KQ Yuejia",NA,"China",NA,FALSE,"?","Winter",5,5,0,252
"Pandurii Targu Jiu (- 2022)",NA,NA,"2008","Arrivals","Lucian Parvu","https://www.transfermarkt.com/lucian-parvu/profil/spieler/18994","Right Winger","26","Romania","Farul Constanta","SuperLiga","Romania",NA,FALSE,"?","Winter",6,6,0,336
"Pandurii Targu Jiu (- 2022)",NA,NA,"2008","Arrivals","Ionuț Stancu","https://www.transfermarkt.com/ionut-stancu/profil/spieler/35441","Left Midfield","25","Romania","FC Rapid 1923","SuperLiga","Romania",NA,TRUE,"loan transfer","Winter",12,12,0,847
"Pandurii Targu Jiu (- 2022)",NA,NA,"2008","Arrivals","Constantin Grecu","https://www.transfermarkt.com/constantin-grecu/profil/spieler/70037","Left-Back","20","Romania","Rm. Valcea",NA,"Romania",NA,TRUE,"End of loan Dec 31, 2008","Winter",10,10,0,859
"Pandurii Targu Jiu (- 2022)",NA,NA,"2008","Departures","Ibrahim Dossey","https://www.transfermarkt.com/ibrahim-dossey/profil/spieler/47875","Goalkeeper","35","Ghana","FCM Targoviste",NA,"Romania",0,FALSE,NA,"Winter",NA,NA,NA,NA
"Pandurii Targu Jiu (- 2022)",NA,NA,"2008","Departures","Daniel Orac","https://www.transfermarkt.com/daniel-orac/profil/spieler/47882","Central Midfield","25","Romania","Rm. Valcea",NA,"Romania",NA,FALSE,"?","Winter",14,12,0,747
"Pandurii Targu Jiu (- 2022)",NA,NA,"2008","Departures","Mădălin Popa","https://www.transfermarkt.com/madalin-popa/profil/spieler/58731","Centre-Back","26","Romania","FC Drobeta",NA,"Romania",NA,FALSE,"?","Winter",NA,NA,NA,NA
"Pandurii Targu Jiu (- 2022)",NA,NA,"2008","Departures","Adrian Nalati","https://www.transfermarkt.com/adrian-nalati/profil/spieler/46603","Central Midfield","25","Romania","Gloria Bistrita","SuperLiga","Romania",NA,TRUE,"loan transfer","Winter",13,10,0,461
"Pandurii Targu Jiu (- 2022)",NA,NA,"2008","Departures","Mugurel Dedu","https://www.transfermarkt.com/mugurel-dedu/profil/spieler/47874","Attacking Midfield","23","Romania","FC Drobeta",NA,"Romania",NA,TRUE,"loan transfer","Winter",5,3,0,54
"Pandurii Targu Jiu (- 2022)",NA,NA,"2008","Departures","Liviu Mihai","https://www.transfermarkt.com/liviu-mihai/profil/spieler/46592","Centre-Forward","31","Romania",NA,NA,NA,NA,FALSE,"-","Winter",NA,NA,NA,NA
"Pandurii Targu Jiu (- 2022)",NA,NA,"2008","Departures","Nicolas Alnoudji","https://www.transfermarkt.com/nicolas-alnoudji/profil/spieler/7187","Defensive Midfield","29","Cameroon","Without Club",NA,NA,NA,FALSE,"-","Winter",NA,NA,NA,NA
"FC Gloria Buzau (1971 - 2016)",NA,NA,"2008","Arrivals","Diogo Silva","https://www.transfermarkt.com/diogo-silva/profil/spieler/45244","Centre-Back","25","Portugal","Oliv. Moscavide",NA,"Portugal",250000,FALSE,NA,"Summer",25,23,1,2010
"FC Gloria Buzau (1971 - 2016)",NA,NA,"2008","Arrivals","Jorge Tavares","https://www.transfermarkt.com/jorge-tavares/profil/spieler/48642","Right Winger","22","Portugal","Oliv. Moscavide",NA,"Portugal",250000,FALSE,NA,"Summer",16,16,0,1257
"FC Gloria Buzau (1971 - 2016)",NA,NA,"2008","Arrivals","Luís Dias","https://www.transfermarkt.com/luis-dias/profil/spieler/45373","Right-Back","27","Portugal","Vihren","efbet Liga","Bulgaria",2e+05,FALSE,NA,"Summer",21,21,0,1337
"FC Gloria Buzau (1971 - 2016)",NA,NA,"2008","Arrivals","Claudiu Ionescu","https://www.transfermarkt.com/claudiu-ionescu/profil/spieler/54770","Attacking Midfield","25","Romania","FCSB","SuperLiga","Romania",0,FALSE,NA,"Summer",17,17,2,1060
"FC Gloria Buzau (1971 - 2016)",NA,NA,"2008","Arrivals","Filip Stojanovic","https://www.transfermarkt.com/filip-stojanovic/profil/spieler/163023","Defensive Midfield","20","Serbia","FK Obilic",NA,"Serbia",0,FALSE,NA,"Summer",NA,NA,NA,NA
"FC Gloria Buzau (1971 - 2016)",NA,NA,"2008","Arrivals","Pedro Russiano","https://www.transfermarkt.com/pedro-russiano/profil/spieler/37437","Left-Back","23","Portugal","Gela","Lega Pro 2 - C","Italy",NA,FALSE,"?","Summer",9,7,0,534
"FC Gloria Buzau (1971 - 2016)",NA,NA,"2008","Arrivals","Aziz Tafer","https://www.transfermarkt.com/aziz-tafer/profil/spieler/41621","Defensive Midfield","24","Algeria","ES Sétif","Ligue Professionnelle 1","Algeria",NA,FALSE,"?","Summer",9,8,0,478
"FC Gloria Buzau (1971 - 2016)",NA,NA,"2008","Arrivals","Christian Sagna","https://www.transfermarkt.com/christian-sagna/profil/spieler/79511","Centre-Forward","25","Senegal","Petrolul",NA,"Romania",NA,FALSE,"?","Summer",4,3,0,64
"FC Gloria Buzau (1971 - 2016)",NA,NA,"2008","Arrivals","Salih Jaber","https://www.transfermarkt.com/salih-jaber/profil/spieler/54740","Centre-Forward","24","Iraq","FC Caracal",NA,"Romania",NA,FALSE,"?","Summer",5,5,0,256
"FC Gloria Buzau (1971 - 2016)",NA,NA,"2008","Arrivals","Joca","https://www.transfermarkt.com/joca/profil/spieler/172878","Central Midfield","23","Brazil","Pinhalense",NA,"Brazil",NA,FALSE,"?","Summer",NA,NA,NA,NA
"FC Gloria Buzau (1971 - 2016)",NA,NA,"2008","Arrivals","Danilo","https://www.transfermarkt.com/danilo/profil/spieler/332175","Centre-Back","20","Brazil","Unknown",NA,NA,NA,FALSE,"?","Summer",NA,NA,NA,NA
"FC Gloria Buzau (1971 - 2016)",NA,NA,"2008","Arrivals","Robert Săceanu","https://www.transfermarkt.com/robert-saceanu/profil/spieler/47583","Right Midfield","25","Romania","FC U Craiova","SuperLiga","Romania",NA,TRUE,"loan transfer","Summer",4,4,0,239
"FC Gloria Buzau (1971 - 2016)",NA,NA,"2008","Arrivals","Filipe Falardo","https://www.transfermarkt.com/filipe-falardo/profil/spieler/25223","Attacking Midfield","24","Portugal","Leiria","Liga Portugal 2","Portugal",NA,TRUE,"loan transfer","Summer",11,9,1,750
"FC Gloria Buzau (1971 - 2016)",NA,NA,"2008","Arrivals","Éverton Luiz","https://www.transfermarkt.com/everton-luiz/profil/spieler/75076","Defensive Midfield","20","Brazil","Ponte Preta","Série B","Brazil",NA,TRUE,"loan transfer","Summer",4,4,0,360
"FC Gloria Buzau (1971 - 2016)",NA,NA,"2008","Arrivals","Aurelian Bouleanu","https://www.transfermarkt.com/aurelian-bouleanu/profil/spieler/79506","Left-Back","21","Romania","FC U Craiova","SuperLiga","Romania",NA,TRUE,"loan transfer","Summer",0,0,0,0
"FC Gloria Buzau (1971 - 2016)",NA,NA,"2008","Arrivals","Tiago Pires","https://www.transfermarkt.com/tiago-pires/profil/spieler/94919","Centre-Back","21","Portugal","Genoa","Serie A","Italy",NA,TRUE,"loan transfer","Summer",5,5,0,348
"FC Gloria Buzau (1971 - 2016)",NA,NA,"2008","Arrivals","Pedro Moreira","https://www.transfermarkt.com/pedro-moreira/profil/spieler/33257","Right Winger","25","Cape Verde","Leiria","Liga Portugal 2","Portugal",NA,TRUE,"loan transfer","Summer",14,14,0,833
"FC Gloria Buzau (1971 - 2016)",NA,NA,"2008","Arrivals","Jean Prunescu","https://www.transfermarkt.com/jean-prunescu/profil/spieler/79509","Centre-Back","19","Romania","FCSB II",NA,"Romania",NA,TRUE,"loan transfer","Summer",3,3,0,265
"FC Gloria Buzau (1971 - 2016)",NA,NA,"2008","Arrivals","Stefan Leu","https://www.transfermarkt.com/stefan-leu/profil/spieler/212815","Goalkeeper","29","Romania","Unknown",NA,NA,NA,TRUE,"End of loan Jun 30, 2008","Summer",NA,NA,NA,NA
"FC Gloria Buzau (1971 - 2016)",NA,NA,"2008","Arrivals","Valentin Crețu","https://www.transfermarkt.com/valentin-cretu/profil/spieler/79507","Right-Back","19","Romania","Râmnicu Sarat",NA,"Romania",NA,TRUE,"End of loan Jun 30, 2008","Summer",5,2,0,38
"FC Gloria Buzau (1971 - 2016)",NA,NA,"2008","Departures","Claudiu Ionescu","https://www.transfermarkt.com/claudiu-ionescu/profil/spieler/54770","Attacking Midfield","25","Romania","FCSB","SuperLiga","Romania",1e+05,FALSE,NA,"Summer",17,17,2,1060
"FC Gloria Buzau (1971 - 2016)",NA,NA,"2008","Departures","Valentin Ioviţă","https://www.transfermarkt.com/valentin-iovita/profil/spieler/54739","Left Midfield","24","Romania","Otelul Galati","SuperLiga","Romania",30000,FALSE,NA,"Summer",NA,NA,NA,NA
"FC Gloria Buzau (1971 - 2016)",NA,NA,"2008","Departures","Cosmin Gheorghita","https://www.transfermarkt.com/cosmin-gheorghita/profil/spieler/54733","Centre-Back","30","Romania","Curtea de Arges",NA,"Romania",0,FALSE,NA,"Summer",NA,NA,NA,NA
"FC Gloria Buzau (1971 - 2016)",NA,NA,"2008","Departures","André Nunes","https://www.transfermarkt.com/andre-nunes/profil/spieler/52361","Centre-Forward","24","Brazil","Corinthians-PR",NA,"Brazil",0,FALSE,NA,"Summer",NA,NA,NA,NA
"FC Gloria Buzau (1971 - 2016)",NA,NA,"2008","Departures","Alin Paleacu","https://www.transfermarkt.com/alin-paleacu/profil/spieler/46616","Central Midfield","33","Romania","CFR Timisoara",NA,"Romania",0,FALSE,NA,"Summer",NA,NA,NA,NA
"FC Gloria Buzau (1971 - 2016)",NA,NA,"2008","Departures","Uros Milosavljevic","https://www.transfermarkt.com/uros-milosavljevic/profil/spieler/36124","Central Midfield","25","Serbia","Unknown",NA,NA,0,FALSE,NA,"Summer",NA,NA,NA,NA
"FC Gloria Buzau (1971 - 2016)",NA,NA,"2008","Departures","Ghenadie Ochinca","https://www.transfermarkt.com/ghenadie-ochinca/profil/spieler/71577","Centre-Back","24","Moldova","Iskra-Stali",NA,"Moldova",0,FALSE,NA,"Summer",NA,NA,NA,NA
"FC Gloria Buzau (1971 - 2016)",NA,NA,"2008","Departures","Gabriel Ion","https://www.transfermarkt.com/gabriel-ion/profil/spieler/212807","Right Midfield","17","Romania","Petrolul Berca",NA,"Romania",0,FALSE,NA,"Summer",NA,NA,NA,NA
"FC Gloria Buzau (1971 - 2016)",NA,NA,"2008","Departures","Mihaita Gheorghe","https://www.transfermarkt.com/mihaita-gheorghe/profil/spieler/61908","Right Midfield","25","Romania","Progresul",NA,"Romania",NA,FALSE,"?","Summer",NA,NA,NA,NA
"FC Gloria Buzau (1971 - 2016)",NA,NA,"2008","Departures","Stere Guda","https://www.transfermarkt.com/stere-guda/profil/spieler/60363","Striker","20","Romania","U Cluj",NA,"Romania",NA,FALSE,"?","Summer",4,3,0,54
"FC Gloria Buzau (1971 - 2016)",NA,NA,"2008","Departures","Alexandru Stoica","https://www.transfermarkt.com/alexandru-stoica/profil/spieler/74435","Left Midfield","19","Romania","Curtea de Arges",NA,"Romania",NA,FALSE,"?","Summer",3,0,0,0
"FC Gloria Buzau (1971 - 2016)",NA,NA,"2008","Departures","Mustafa Tarek","https://www.transfermarkt.com/mustafa-tarek/profil/spieler/79514","Striker","-","Egypt","Unknown",NA,NA,NA,FALSE,"?","Summer",NA,NA,NA,NA
"FC Gloria Buzau (1971 - 2016)",NA,NA,"2008","Departures","Joe Dixon","https://www.transfermarkt.com/joe-dixon/profil/spieler/405652","Attacking Midfield","18","England","Kartalspor U21",NA,"Türkiye",NA,FALSE,"?","Summer",NA,NA,NA,NA
"FC Gloria Buzau (1971 - 2016)",NA,NA,"2008","Departures","Stefan Leu","https://www.transfermarkt.com/stefan-leu/profil/spieler/212815","Goalkeeper","29","Romania","Râmnicu Sarat",NA,"Romania",NA,TRUE,"loan transfer","Summer",NA,NA,NA,NA
"FC Gloria Buzau (1971 - 2016)",NA,NA,"2008","Departures","Valentin Simion","https://www.transfermarkt.com/valentin-simion/profil/spieler/34760","Centre-Forward","21","Romania","FCSB","SuperLiga","Romania",NA,TRUE,"End of loan Jun 30, 2008","Summer",NA,NA,NA,NA
"FC Gloria Buzau (1971 - 2016)",NA,NA,"2008","Departures","Ducu Ninu","https://www.transfermarkt.com/ducu-ninu/profil/spieler/42788","Centre-Back","21","Romania","FCSB","SuperLiga","Romania",NA,TRUE,"End of loan Jun 30, 2008","Summer",6,6,0,395
"FC Gloria Buzau (1971 - 2016)",NA,NA,"2008","Departures","Alexandru Iacob","https://www.transfermarkt.com/alexandru-iacob/profil/spieler/53201","Centre-Back","19","Romania","FCSB","SuperLiga","Romania",NA,TRUE,"End of loan Jun 30, 2008","Summer",NA,NA,NA,NA
"FC Gloria Buzau (1971 - 2016)",NA,NA,"2008","Arrivals","Ademar","https://www.transfermarkt.com/ademar/profil/spieler/44167","Attacking Midfield","24","Brazil","Ac. Clinceni",NA,"Romania",NA,FALSE,"?","Winter",13,13,0,745
"FC Gloria Buzau (1971 - 2016)",NA,NA,"2008","Arrivals","Martial Bedi Esmel","https://www.transfermarkt.com/martial-bedi-esmel/profil/spieler/104061","Attacking Midfield","23","Cote d'Ivoire","ASEC Mimosas",NA,"Cote d'Ivoire",NA,FALSE,"?","Winter",0,0,0,0
"FC Gloria Buzau (1971 - 2016)",NA,NA,"2008","Arrivals","Tarek Amer","https://www.transfermarkt.com/tarek-amer/profil/spieler/107654","Left Midfield","19","Egypt","Harras Hodoud","Premier League","Egypt",NA,FALSE,"?","Winter",NA,NA,NA,NA
"FC Gloria Buzau (1971 - 2016)",NA,NA,"2008","Arrivals","David Sánchez","https://www.transfermarkt.com/david-sanchez/profil/spieler/58147","Central Midfield","26","Spain","Poli. Timisoara","SuperLiga","Romania",NA,TRUE,"loan transfer","Winter",11,11,1,774
"FC Gloria Buzau (1971 - 2016)",NA,NA,"2008","Arrivals","Éder Bonfim","https://www.transfermarkt.com/eder-bonfim/profil/spieler/13975","Right-Back","27","Brazil","Poli. Timisoara","SuperLiga","Romania",NA,TRUE,"loan transfer","Winter",9,9,0,620
"FC Gloria Buzau (1971 - 2016)",NA,NA,"2008","Arrivals","Mansour Gueye","https://www.transfermarkt.com/mansour-gueye/profil/spieler/33744","Left Winger","23","Senegal","Poli. Timisoara","SuperLiga","Romania",NA,TRUE,"loan transfer","Winter",14,14,7,1260
"FC Gloria Buzau (1971 - 2016)",NA,NA,"2008","Arrivals","Alin Ratiu","https://www.transfermarkt.com/alin-ratiu/profil/spieler/56041","Centre-Back","26","Romania","Poli. Timisoara","SuperLiga","Romania",NA,TRUE,"loan transfer","Winter",8,8,0,591
"FC Gloria Buzau (1971 - 2016)",NA,NA,"2008","Arrivals","José Luis García","https://www.transfermarkt.com/jose-luis-garcia/profil/spieler/54349","Defensive Midfield","23","Argentina","Poli. Timisoara","SuperLiga","Romania",NA,TRUE,"loan transfer","Winter",3,3,0,87
"FC Gloria Buzau (1971 - 2016)",NA,NA,"2008","Arrivals","Ionuț Matei","https://www.transfermarkt.com/ionut-matei/profil/spieler/48366","Right Midfield","24","Romania","Poli. Timisoara","SuperLiga","Romania",NA,TRUE,"loan transfer","Winter",6,6,0,485
"FC Gloria Buzau (1971 - 2016)",NA,NA,"2008","Arrivals","Mircea Axente","https://www.transfermarkt.com/mircea-axente/profil/spieler/69558","Centre-Forward","21","Romania","Poli. Timisoara","SuperLiga","Romania",NA,TRUE,"loan transfer","Winter",12,12,1,626
"FC Gloria Buzau (1971 - 2016)",NA,NA,"2008","Arrivals","Alexandru Popovici","https://www.transfermarkt.com/alexandru-popovici/profil/spieler/69564","Right Winger","20","Romania","Poli. Timisoara","SuperLiga","Romania",NA,TRUE,"loan transfer","Winter",3,3,0,54
"FC Gloria Buzau (1971 - 2016)",NA,NA,"2008","Arrivals","Eduard Zimmermann","https://www.transfermarkt.com/eduard-zimmermann/profil/spieler/33747","Goalkeeper","25","Romania","Poli. Timisoara","SuperLiga","Romania",NA,TRUE,"loan transfer","Winter",8,8,0,720
"FC Gloria Buzau (1971 - 2016)",NA,NA,"2008","Arrivals","Marian Chitu","https://www.transfermarkt.com/marian-chitu/profil/spieler/103521","Left Winger","22","Romania","Poli. Timisoara","SuperLiga","Romania",NA,TRUE,"loan transfer","Winter",14,14,1,1033
"FC Gloria Buzau (1971 - 2016)",NA,NA,"2008","Arrivals","Florin Sandu","https://www.transfermarkt.com/florin-sandu/profil/spieler/103528","Left-Back","21","Romania","Poli. Timisoara","SuperLiga","Romania",NA,TRUE,"loan transfer","Winter",13,13,1,934
"FC Gloria Buzau (1971 - 2016)",NA,NA,"2008","Arrivals","Gabriel Siminic","https://www.transfermarkt.com/gabriel-siminic/profil/spieler/107610","Left-Back","22","Romania","Poli. Timisoara","SuperLiga","Romania",NA,TRUE,"loan transfer","Winter",8,8,0,690
"FC Gloria Buzau (1971 - 2016)",NA,NA,"2008","Arrivals","Ioan Mera","https://www.transfermarkt.com/ioan-mera/profil/spieler/103523","Centre-Back","21","Romania","Poli. Timisoara","SuperLiga","Romania",NA,TRUE,"loan transfer","Winter",15,15,3,1283
"FC Gloria Buzau (1971 - 2016)",NA,NA,"2008","Arrivals","Adrian Poparadu","https://www.transfermarkt.com/adrian-poparadu/profil/spieler/104553","Defensive Midfield","21","Romania","Poli. Timisoara","SuperLiga","Romania",NA,TRUE,"loan transfer","Winter",13,13,0,1170
"FC Gloria Buzau (1971 - 2016)",NA,NA,"2008","Arrivals","Adrian Popa","https://www.transfermarkt.com/adrian-popa/profil/spieler/104062","Right Winger","20","Romania","Poli. Timisoara","SuperLiga","Romania",NA,TRUE,"loan transfer","Winter",12,12,0,663
"FC Gloria Buzau (1971 - 2016)",NA,NA,"2008","Arrivals","Sebastian Cojocnean","https://www.transfermarkt.com/sebastian-cojocnean/profil/spieler/104063","Right Winger","20","Romania","Poli. Timisoara","SuperLiga","Romania",NA,TRUE,"loan transfer","Winter",12,12,0,928
"FC Gloria Buzau (1971 - 2016)",NA,NA,"2008","Arrivals","Artur Patras","https://www.transfermarkt.com/artur-patras/profil/spieler/104065","Central Midfield","20","Moldova","Poli. Timisoara","SuperLiga","Romania",NA,TRUE,"loan transfer","Winter",2,2,0,31
"FC Gloria Buzau (1971 - 2016)",NA,NA,"2008","Arrivals","Fabian Teusan","https://www.transfermarkt.com/fabian-teusan/profil/spieler/48910","Centre-Back","20","Romania","Poli. Timisoara","SuperLiga","Romania",NA,TRUE,"loan transfer","Winter",6,6,0,423
"FC Gloria Buzau (1971 - 2016)",NA,NA,"2008","Departures","Marian Nejneru","https://www.transfermarkt.com/marian-nejneru/profil/spieler/54771","Right Midfield","24","Romania","Unknown",NA,NA,0,FALSE,NA,"Winter",5,4,0,230
"FC Gloria Buzau (1971 - 2016)",NA,NA,"2008","Departures","Constantin Doicaru","https://www.transfermarkt.com/constantin-doicaru/profil/spieler/55277","Defensive Midfield","31","Romania","Săgeata Stejaru",NA,"Romania",0,FALSE,NA,"Winter",10,7,0,495
"FC Gloria Buzau (1971 - 2016)",NA,NA,"2008","Departures","Marius Suleap","https://www.transfermarkt.com/marius-suleap/profil/spieler/48906","Attacking Midfield","29","Romania","OFI Crete FC","Super League 1","Greece",0,FALSE,NA,"Winter",NA,NA,NA,NA
"FC Gloria Buzau (1971 - 2016)",NA,NA,"2008","Departures","Christian Sagna","https://www.transfermarkt.com/christian-sagna/profil/spieler/79511","Centre-Forward","26","Senegal","FCM Targoviste",NA,"Romania",0,FALSE,NA,"Winter",4,3,0,64
"FC Gloria Buzau (1971 - 2016)",NA,NA,"2008","Departures","Joca","https://www.transfermarkt.com/joca/profil/spieler/172878","Central Midfield","23","Brazil","Ribeirão FC",NA,"Portugal",0,FALSE,NA,"Winter",NA,NA,NA,NA
"FC Gloria Buzau (1971 - 2016)",NA,NA,"2008","Departures","Dino Eze","https://www.transfermarkt.com/dino-eze/profil/spieler/54769","Left Midfield","24","Nigeria","CS Brazi",NA,"Romania",NA,FALSE,"?","Winter",11,11,0,938
"FC Gloria Buzau (1971 - 2016)",NA,NA,"2008","Departures","Mihai Barbu","https://www.transfermarkt.com/mihai-barbu/profil/spieler/54725","Goalkeeper","37","Romania","CSM Focsani",NA,"Romania",NA,FALSE,"?","Winter",12,6,0,536
"FC Gloria Buzau (1971 - 2016)",NA,NA,"2008","Departures","Dorinel Popa","https://www.transfermarkt.com/dorinel-popa/profil/spieler/71578","Central Midfield","20","Romania","FCV Farul",NA,"Romania",NA,TRUE,"loan transfer","Winter",8,7,1,235
"FC Gloria Buzau (1971 - 2016)",NA,NA,"2008","Departures","Valentin Crețu","https://www.transfermarkt.com/valentin-cretu/profil/spieler/79507","Right-Back","19","Romania","Râmnicu Sarat",NA,"Romania",NA,TRUE,"loan transfer","Winter",5,2,0,38
"FC Gloria Buzau (1971 - 2016)",NA,NA,"2008","Departures","Nikola Jozic","https://www.transfermarkt.com/nikola-jozic/profil/spieler/35780","Centre-Back","26","Serbia","Without Club",NA,NA,NA,FALSE,"-","Winter",1,0,0,0
"FC Gloria Buzau (1971 - 2016)",NA,NA,"2008","Departures","Nikola Jozic","https://www.transfermarkt.com/nikola-jozic/profil/spieler/35780","Centre-Back","26","Serbia",NA,NA,NA,NA,FALSE,"-","Winter",1,0,0,0
"FC Gloria Buzau (1971 - 2016)",NA,NA,"2008","Departures","Pedro Russiano","https://www.transfermarkt.com/pedro-russiano/profil/spieler/37437","Left-Back","24","Portugal","Without Club",NA,NA,NA,FALSE,"-","Winter",9,7,0,534
"FC Gloria Buzau (1971 - 2016)",NA,NA,"2008","Departures","Filip Stankovic","https://www.transfermarkt.com/filip-stankovic/profil/spieler/79513","Central Midfield","24","Serbia",NA,NA,NA,NA,FALSE,"-","Winter",NA,NA,NA,NA
"FC Gloria Buzau (1971 - 2016)",NA,NA,"2008","Departures","Salih Jaber","https://www.transfermarkt.com/salih-jaber/profil/spieler/54740","Centre-Forward","25","Iraq","Without Club",NA,NA,NA,FALSE,"-","Winter",5,5,0,256
"FC Gloria Buzau (1971 - 2016)",NA,NA,"2008","Departures","Fabio Lima","https://www.transfermarkt.com/fabio-lima/profil/spieler/95263","Centre-Back","19","Portugal","Without Club",NA,NA,NA,FALSE,"-","Winter",4,4,0,245
"FC Gloria Buzau (1971 - 2016)",NA,NA,"2008","Departures","Robert Săceanu","https://www.transfermarkt.com/robert-saceanu/profil/spieler/47583","Right Midfield","25","Romania","FC U Craiova","SuperLiga","Romania",NA,TRUE,"End of loan Dec 31, 2008","Winter",4,4,0,239
"FC Gloria Buzau (1971 - 2016)",NA,NA,"2008","Departures","Erik Bicfalvi","https://www.transfermarkt.com/erik-bicfalvi/profil/spieler/46504","Centre-Forward","20","Romania","FCSB","SuperLiga","Romania",NA,TRUE,"End of loan Dec 31, 2008","Winter",11,11,0,600
"FC Gloria Buzau (1971 - 2016)",NA,NA,"2008","Departures","Alexandru Tudose","https://www.transfermarkt.com/alexandru-tudose/profil/spieler/34941","Centre-Back","21","Romania","FCSB","SuperLiga","Romania",NA,TRUE,"End of loan Dec 31, 2008","Winter",10,10,1,900
"FC Gloria Buzau (1971 - 2016)",NA,NA,"2008","Departures","Alin Litu","https://www.transfermarkt.com/alin-litu/profil/spieler/34938","Centre-Forward","22","Romania","FCSB","SuperLiga","Romania",NA,TRUE,"End of loan Dec 31, 2008","Winter",13,13,0,778
"FC Gloria Buzau (1971 - 2016)",NA,NA,"2008","Departures","Éverton Luiz","https://www.transfermarkt.com/everton-luiz/profil/spieler/75076","Defensive Midfield","20","Brazil","Ponte Preta","Série B","Brazil",NA,TRUE,"End of loan Dec 31, 2008","Winter",4,4,0,360
"FC Gloria Buzau (1971 - 2016)",NA,NA,"2008","Departures","Aurelian Bouleanu","https://www.transfermarkt.com/aurelian-bouleanu/profil/spieler/79506","Left-Back","22","Romania","FC U Craiova","SuperLiga","Romania",NA,TRUE,"End of loan Dec 1, 2008","Winter",0,0,0,0
"FC Gloria Buzau (1971 - 2016)",NA,NA,"2008","Departures","Tiago Pires","https://www.transfermarkt.com/tiago-pires/profil/spieler/94919","Centre-Back","21","Portugal","Genoa","Serie A","Italy",NA,TRUE,"End of loan Dec 1, 2008","Winter",5,5,0,348
"FC Gloria Buzau (1971 - 2016)",NA,NA,"2008","Departures","Jean Prunescu","https://www.transfermarkt.com/jean-prunescu/profil/spieler/79509","Centre-Back","19","Romania","FCSB II",NA,"Romania",NA,TRUE,"End of loan Dec 31, 2008","Winter",3,3,0,265
"Gaz Metan Medias (- 2022)",NA,NA,"2008","Arrivals","Florin Lazar","https://www.transfermarkt.com/florin-lazar/profil/spieler/48676","Centre-Back","28","Romania","Otelul Galati","SuperLiga","Romania",1e+05,FALSE,NA,"Summer",25,23,0,1981
"Gaz Metan Medias (- 2022)",NA,NA,"2008","Arrivals","Mircea Voicu","https://www.transfermarkt.com/mircea-voicu/profil/spieler/46678","Attacking Midfield","28","Romania","Rm. Valcea",NA,"Romania",1e+05,FALSE,NA,"Summer",10,10,1,337
"Gaz Metan Medias (- 2022)",NA,NA,"2008","Arrivals","Bojan Cukic","https://www.transfermarkt.com/bojan-cukic/profil/spieler/38487","Central Midfield","20","Serbia","Metalac","Prva liga Srbije","Serbia",1e+05,FALSE,NA,"Summer",NA,NA,NA,NA
"Gaz Metan Medias (- 2022)",NA,NA,"2008","Arrivals","Leandro Farias","https://www.transfermarkt.com/leandro-farias/profil/spieler/16641","Centre-Forward","24","Togo","Metropolitano",NA,"Brazil",1e+05,FALSE,NA,"Summer",0,0,0,0
"Gaz Metan Medias (- 2022)",NA,NA,"2008","Arrivals","Rafael Pereira","https://www.transfermarkt.com/rafael-pereira/profil/spieler/58362","Centre-Back","23","Brazil","Metropolitano",NA,"Brazil",80000,TRUE,NA,"Summer",9,9,0,587
"Gaz Metan Medias (- 2022)",NA,NA,"2008","Arrivals","Zarko Markovic","https://www.transfermarkt.com/zarko-markovic/profil/spieler/46769","Centre-Back","21","Serbia","BASK Belgrad",NA,"Serbia",50000,FALSE,NA,"Summer",19,19,1,1534
"Gaz Metan Medias (- 2022)",NA,NA,"2008","Arrivals","Nana Falemi","https://www.transfermarkt.com/nana-falemi/profil/spieler/26060","Centre-Back","34","Cameroon","Astra II",NA,"Romania",0,FALSE,NA,"Summer",14,13,0,1031
"Gaz Metan Medias (- 2022)",NA,NA,"2008","Arrivals","Dorin Semeghin","https://www.transfermarkt.com/dorin-semeghin/profil/spieler/26044","Left-Back","29","Romania","Otelul Galati","SuperLiga","Romania",0,FALSE,NA,"Summer",10,9,0,424
"Gaz Metan Medias (- 2022)",NA,NA,"2008","Arrivals","Florin Nohai","https://www.transfermarkt.com/florin-nohai/profil/spieler/46611","Right-Back","27","Romania","Ceahlaul",NA,"Romania",0,FALSE,NA,"Summer",17,15,0,1083
"Gaz Metan Medias (- 2022)",NA,NA,"2008","Arrivals","Nemanja Vidakovic","https://www.transfermarkt.com/nemanja-vidakovic/profil/spieler/47897","Centre-Forward","22","Serbia","Pandurii ","SuperLiga","Romania",0,FALSE,NA,"Summer",16,14,1,555
"Gaz Metan Medias (- 2022)",NA,NA,"2008","Arrivals","Raymond Fenny","https://www.transfermarkt.com/raymond-fenny/profil/spieler/81481","Goalkeeper","28","Ghana","Hearts of Oak",NA,"Ghana",NA,FALSE,"?","Summer",1,0,0,0
"Gaz Metan Medias (- 2022)",NA,NA,"2008","Arrivals","Radu Zaharia","https://www.transfermarkt.com/radu-zaharia/profil/spieler/81508","Right-Back","19","Romania","Gaz Metan U19",NA,"Romania",NA,FALSE,"-","Summer",22,19,0,966
"Gaz Metan Medias (- 2022)",NA,NA,"2008","Departures","Marius Bălău","https://www.transfermarkt.com/marius-balau/profil/spieler/81469","Centre-Back","28","Romania","ASA Tg. Mures",NA,"Romania",155000,FALSE,NA,"Summer",NA,NA,NA,NA
"Gaz Metan Medias (- 2022)",NA,NA,"2008","Departures","Vilmos Stoica","https://www.transfermarkt.com/vilmos-stoica/profil/spieler/46660","Midfielder","32","Romania","Unknown",NA,NA,NA,FALSE,"?","Summer",NA,NA,NA,NA
"Gaz Metan Medias (- 2022)",NA,NA,"2008","Departures","Cristian Pop","https://www.transfermarkt.com/cristian-pop/profil/spieler/147806","Defender","27","Romania","ASA Tg. Mures",NA,"Romania",NA,FALSE,"?","Summer",NA,NA,NA,NA
"Gaz Metan Medias (- 2022)",NA,NA,"2008","Departures","Alexandru Pop","https://www.transfermarkt.com/alexandru-pop/profil/spieler/147805","Defender","24","Romania","ASA Tg. Mures",NA,"Romania",NA,FALSE,"?","Summer",NA,NA,NA,NA
"Gaz Metan Medias (- 2022)",NA,NA,"2008","Departures","Alexandru Pleniceanu","https://www.transfermarkt.com/alexandru-pleniceanu/profil/spieler/81496","Attacking Midfield","20","Romania","FC Botosani",NA,"Romania",NA,FALSE,"?","Summer",NA,NA,NA,NA
"Gaz Metan Medias (- 2022)",NA,NA,"2008","Departures","Ilie Dan Candea","https://www.transfermarkt.com/ilie-dan-candea/profil/spieler/81474","Midfielder","19","Romania","Unknown",NA,NA,NA,FALSE,"?","Summer",NA,NA,NA,NA
"Gaz Metan Medias (- 2022)",NA,NA,"2008","Departures","Florinel Pancovici","https://www.transfermarkt.com/florinel-pancovici/profil/spieler/885480","Left Midfield","31","Romania","Unknown",NA,NA,NA,FALSE,"?","Summer",NA,NA,NA,NA
"Gaz Metan Medias (- 2022)",NA,NA,"2008","Departures","Cairo","https://www.transfermarkt.com/cairo/profil/spieler/81502","Midfielder","31","Brazil","Unknown",NA,NA,NA,FALSE,"?","Summer",NA,NA,NA,NA
"Gaz Metan Medias (- 2022)",NA,NA,"2008","Departures","Cosmin Vancea","https://www.transfermarkt.com/cosmin-vancea/profil/spieler/123226","Centre-Forward","23","Romania","ASA Tg. Mures",NA,"Romania",NA,FALSE,"?","Summer",NA,NA,NA,NA
"Gaz Metan Medias (- 2022)",NA,NA,"2008","Departures","Lucian Balc","https://www.transfermarkt.com/lucian-balc/profil/spieler/81470","Attacking Midfield","23",NA,"Unknown",NA,NA,NA,FALSE,"?","Summer",NA,NA,NA,NA
"Gaz Metan Medias (- 2022)",NA,NA,"2008","Departures","William Amamoo","https://www.transfermarkt.com/william-amamoo/profil/spieler/104357","Goalkeeper","23","Ghana","WE SC","Premier League","Egypt",NA,TRUE,"loan transfer","Summer",NA,NA,NA,NA
"Gaz Metan Medias (- 2022)",NA,NA,"2008","Departures","Sergiu Muth","https://www.transfermarkt.com/sergiu-muth/profil/spieler/96848","Centre-Back","17","Romania","Modelu",NA,"Romania",NA,TRUE,"loan transfer","Summer",NA,NA,NA,NA
"Gaz Metan Medias (- 2022)",NA,NA,"2008","Departures","Marius Baciu","https://www.transfermarkt.com/marius-baciu/profil/spieler/13840","Centre-Back","33","Romania",NA,NA,NA,NA,FALSE,"-","Summer",NA,NA,NA,NA
"Gaz Metan Medias (- 2022)",NA,NA,"2008","Departures","Nicolae Iorga","https://www.transfermarkt.com/nicolae-iorga/profil/spieler/232430","Centre-Forward","36","Romania",NA,NA,NA,NA,FALSE,"-","Summer",NA,NA,NA,NA
"Gaz Metan Medias (- 2022)",NA,NA,"2008","Departures","Flavius Somfalean","https://www.transfermarkt.com/flavius-somfalean/profil/spieler/81505","Centre-Back","34","Romania",NA,NA,NA,NA,FALSE,"-","Summer",NA,NA,NA,NA
"Gaz Metan Medias (- 2022)",NA,NA,"2008","Arrivals","Cristian Bud","https://www.transfermarkt.com/cristian-bud/profil/spieler/104211","Centre-Forward","23","Romania","Liberty Salonta",NA,"Romania",2e+05,FALSE,NA,"Winter",16,16,8,1259
"Gaz Metan Medias (- 2022)",NA,NA,"2008","Arrivals","Cristian Todea","https://www.transfermarkt.com/cristian-todea/profil/spieler/32123","Defensive Midfield","30","Romania","UTA Arad",NA,"Romania",0,FALSE,NA,"Winter",14,14,1,1228
"Gaz Metan Medias (- 2022)",NA,NA,"2008","Arrivals","Michal Kubala","https://www.transfermarkt.com/michal-kubala/profil/spieler/38296","Central Midfield","28","Slovakia","Slo. Bratislava","Niké Liga","Slovakia",0,FALSE,NA,"Winter",16,16,0,1294
"Gaz Metan Medias (- 2022)",NA,NA,"2008","Arrivals","Doru Buican","https://www.transfermarkt.com/doru-buican/profil/spieler/48819","Centre-Back","26","Romania","UTA Arad",NA,"Romania",NA,FALSE,"?","Winter",6,6,0,353
"Gaz Metan Medias (- 2022)",NA,NA,"2008","Arrivals","Cosmin Vâtcă","https://www.transfermarkt.com/cosmin-vatca/profil/spieler/47477","Goalkeeper","26","Romania","FCSB","SuperLiga","Romania",NA,TRUE,"loan transfer","Winter",17,17,0,1530
"Gaz Metan Medias (- 2022)",NA,NA,"2008","Arrivals","Sergiu Muth","https://www.transfermarkt.com/sergiu-muth/profil/spieler/96848","Centre-Back","18","Romania","Modelu",NA,"Romania",NA,TRUE,"End of loan Dec 1, 2008","Winter",NA,NA,NA,NA
"Gaz Metan Medias (- 2022)",NA,NA,"2008","Departures","Alexandru Curtean","https://www.transfermarkt.com/alexandru-curtean/profil/spieler/81477","Left Winger","21","Romania","Poli. Timisoara","SuperLiga","Romania",1500000,FALSE,NA,"Winter",17,17,7,1434
"Gaz Metan Medias (- 2022)",NA,NA,"2008","Departures","Alexandru Gego","https://www.transfermarkt.com/alexandru-gego/profil/spieler/81483","Centre-Forward","25","Romania","ASA Tg. Mures",NA,"Romania",0,FALSE,NA,"Winter",2,2,0,62
"Gaz Metan Medias (- 2022)",NA,NA,"2008","Departures","Cosmin Paina","https://www.transfermarkt.com/cosmin-paina/profil/spieler/81492","Centre-Forward","26","Romania","ACU Arad",NA,"Romania",NA,TRUE,"loan transfer","Winter",4,4,0,47
"Gaz Metan Medias (- 2022)",NA,NA,"2008","Departures","Sergiu Muth","https://www.transfermarkt.com/sergiu-muth/profil/spieler/96848","Centre-Back","18","Romania","UTA Arad",NA,"Romania",NA,TRUE,"loan transfer","Winter",NA,NA,NA,NA
"Gaz Metan Medias (- 2022)",NA,NA,"2008","Departures","Nana Falemi","https://www.transfermarkt.com/nana-falemi/profil/spieler/26060","Centre-Back","34","Cameroon","Without Club",NA,NA,NA,FALSE,"-","Winter",14,13,0,1031
"Gaz Metan Medias (- 2022)",NA,NA,"2008","Departures","Bojan Cukic","https://www.transfermarkt.com/bojan-cukic/profil/spieler/38487","Central Midfield","20","Serbia","Without Club",NA,NA,NA,FALSE,"-","Winter",NA,NA,NA,NA
"Politehnica Iasi (1945 - 2010)",NA,NA,"2008","Arrivals","Stojan Ignatov","https://www.transfermarkt.com/stojan-ignatov/profil/spieler/31973","Central Midfield","28","North Macedonia","BJ Guoan","Super League","China",250000,FALSE,NA,"Summer",16,12,1,552
"Politehnica Iasi (1945 - 2010)",NA,NA,"2008","Arrivals","Alejandro Gavatorta","https://www.transfermarkt.com/alejandro-gavatorta/profil/spieler/30719","Central Midfield","27","Argentina","AEK Larnaca","Cyprus League","Cyprus",2e+05,FALSE,NA,"Summer",15,15,0,1102
"Politehnica Iasi (1945 - 2010)",NA,NA,"2008","Arrivals","Mircea Oprea","https://www.transfermarkt.com/mircea-oprea/profil/spieler/42789","Second Striker","28","Romania","Ceahlaul",NA,"Romania",2e+05,FALSE,NA,"Summer",13,12,0,439
"Politehnica Iasi (1945 - 2010)",NA,NA,"2008","Arrivals","Cristian Bratu","https://www.transfermarkt.com/cristian-bratu/profil/spieler/54663","Centre-Forward","30","Romania","CS Mioveni",NA,"Romania",150000,FALSE,NA,"Summer",30,30,6,2040
"Politehnica Iasi (1945 - 2010)",NA,NA,"2008","Arrivals","Nuno Viveiros","https://www.transfermarkt.com/nuno-viveiros/profil/spieler/14242","Right Winger","25","Portugal","Estrela Amadora","Liga Portugal","Portugal",1e+05,FALSE,NA,"Summer",32,32,0,1943
"Politehnica Iasi (1945 - 2010)",NA,NA,"2008","Arrivals","Lamine Diarrassouba","https://www.transfermarkt.com/lamine-diarrassouba/profil/spieler/86476","Centre-Forward","21","Cote d'Ivoire","Sekka El Hadid",NA,"Egypt",0,FALSE,NA,"Summer",7,7,0,198
"Politehnica Iasi (1945 - 2010)",NA,NA,"2008","Arrivals","Costin Oghinciuc","https://www.transfermarkt.com/costin-oghinciuc/profil/spieler/81423","Goalkeeper","20","Romania","Minerul Lupeni",NA,"Romania",NA,FALSE,"?","Summer",NA,NA,NA,NA
"Politehnica Iasi (1945 - 2010)",NA,NA,"2008","Arrivals","José Montiel","https://www.transfermarkt.com/jose-montiel/profil/spieler/38803","Central Midfield","20","Paraguay","Reggina","Serie A","Italy",NA,TRUE,"loan transfer","Summer",18,18,2,1058
"Politehnica Iasi (1945 - 2010)",NA,NA,"2008","Arrivals","Ciprian Tanasa","https://www.transfermarkt.com/ciprian-tanasa/profil/spieler/46661","Centre-Forward","27","Romania","FC U Craiova","SuperLiga","Romania",NA,TRUE,"loan transfer","Summer",14,14,1,911
"Politehnica Iasi (1945 - 2010)",NA,NA,"2008","Arrivals","Ionuț Stancu","https://www.transfermarkt.com/ionut-stancu/profil/spieler/35441","Left Midfield","25","Romania","FC Rapid 1923","SuperLiga","Romania",NA,TRUE,"loan transfer","Summer",9,7,0,486
"Politehnica Iasi (1945 - 2010)",NA,NA,"2008","Departures","Traian Marc","https://www.transfermarkt.com/traian-marc/profil/spieler/47490","Goalkeeper","25","Romania","Forex Brasov",NA,"Romania",50000,TRUE,NA,"Summer",0,0,0,0
"Politehnica Iasi (1945 - 2010)",NA,NA,"2008","Departures","Alexandru Leucuta","https://www.transfermarkt.com/alexandru-leucuta/profil/spieler/48732","Right Winger","20","Romania","UTA Arad",NA,"Romania",25000,FALSE,NA,"Summer",NA,NA,NA,NA
"Politehnica Iasi (1945 - 2010)",NA,NA,"2008","Departures","Adrian Toma","https://www.transfermarkt.com/adrian-toma/profil/spieler/47492","Right-Back","32","Romania","CSM Focsani",NA,"Romania",0,FALSE,NA,"Summer",NA,NA,NA,NA
"Politehnica Iasi (1945 - 2010)",NA,NA,"2008","Departures","Cauê","https://www.transfermarkt.com/caue/profil/spieler/74793","Centre-Back","21","Brazil","Metropolitano",NA,"Brazil",0,FALSE,NA,"Summer",NA,NA,NA,NA
"Politehnica Iasi (1945 - 2010)",NA,NA,"2008","Departures","Eduard Radu Ciobanu","https://www.transfermarkt.com/eduard-radu-ciobanu/profil/spieler/47495","Centre-Back","32","Romania","Stiinta Bacau",NA,"Romania",NA,FALSE,"?","Summer",3,2,0,143
"Politehnica Iasi (1945 - 2010)",NA,NA,"2008","Departures","Clement Palimaru","https://www.transfermarkt.com/clement-palimaru/profil/spieler/47501","Centre-Forward","22","Romania","Petrolul",NA,"Romania",NA,TRUE,"loan transfer","Summer",1,0,0,0
"Politehnica Iasi (1945 - 2010)",NA,NA,"2008","Departures","Paul Tincu","https://www.transfermarkt.com/paul-tincu/profil/spieler/47503","Attacking Midfield","22","Romania","Petrolul",NA,"Romania",NA,TRUE,"loan transfer","Summer",NA,NA,NA,NA
"Politehnica Iasi (1945 - 2010)",NA,NA,"2008","Departures","Bogdan Straton","https://www.transfermarkt.com/bogdan-straton/profil/spieler/64243","Defensive Midfield","24","Romania","Petrolul",NA,"Romania",NA,TRUE,"loan transfer","Summer",9,8,0,618
"Politehnica Iasi (1945 - 2010)",NA,NA,"2008","Departures","Alexandru Buhusi","https://www.transfermarkt.com/alexandru-buhusi/profil/spieler/126032","Attacking Midfield","18","Romania","Cetatea Suceava",NA,"Romania",NA,TRUE,"loan transfer","Summer",NA,NA,NA,NA
"Politehnica Iasi (1945 - 2010)",NA,NA,"2008","Departures","Andrei Cristea","https://www.transfermarkt.com/andrei-cristea/profil/spieler/26491","Centre-Forward","24","Romania","Poli. Timisoara","SuperLiga","Romania",NA,TRUE,"End of loan Jun 30, 2008","Summer",15,15,7,1306
"Politehnica Iasi (1945 - 2010)",NA,NA,"2008","Departures","Sergiu Homei","https://www.transfermarkt.com/sergiu-homei/profil/spieler/48140","Right-Back","20","Romania","FC Dinamo","SuperLiga","Romania",NA,TRUE,"End of loan Jun 30, 2008","Summer",NA,NA,NA,NA
"Politehnica Iasi (1945 - 2010)",NA,NA,"2008","Arrivals","André Todescato","https://www.transfermarkt.com/andre-todescato/profil/spieler/104213","Left-Back","26","Brazil","Skonto","Virsliga","Latvia",25000,FALSE,NA,"Winter",3,3,0,253
"Politehnica Iasi (1945 - 2010)",NA,NA,"2008","Arrivals","Ramon","https://www.transfermarkt.com/ramon/profil/spieler/54300","Centre-Forward","21","Brazil","Figueirense U20",NA,"Brazil",0,FALSE,NA,"Winter",0,0,0,0
"Politehnica Iasi (1945 - 2010)",NA,NA,"2008","Arrivals","Andrei Cristea","https://www.transfermarkt.com/andrei-cristea/profil/spieler/26491","Centre-Forward","24","Romania","FC Dinamo","SuperLiga","Romania",NA,TRUE,"loan transfer","Winter",15,15,7,1306
"Politehnica Iasi (1945 - 2010)",NA,NA,"2008","Arrivals","Petar Jovanovic","https://www.transfermarkt.com/petar-jovanovic/profil/spieler/46576","Right-Back","26","Serbia","FC Vaslui","SuperLiga","Romania",NA,TRUE,"loan transfer","Winter",15,15,1,913
"Politehnica Iasi (1945 - 2010)",NA,NA,"2008","Arrivals","Leo","https://www.transfermarkt.com/leotm/profil/spieler/82003","Striker","19","Brazil","Banik Most","ChNL","Czech Republic",NA,TRUE,"loan transfer","Winter",NA,NA,NA,NA
"Politehnica Iasi (1945 - 2010)",NA,NA,"2008","Arrivals","Clement Palimaru","https://www.transfermarkt.com/clement-palimaru/profil/spieler/47501","Centre-Forward","22","Romania","Petrolul",NA,"Romania",NA,TRUE,"End of loan Dec 31, 2008","Winter",1,0,0,0
"Politehnica Iasi (1945 - 2010)",NA,NA,"2008","Arrivals","Bogdan Straton","https://www.transfermarkt.com/bogdan-straton/profil/spieler/64243","Defensive Midfield","25","Romania","Petrolul",NA,"Romania",NA,TRUE,"End of loan Dec 31, 2008","Winter",9,8,0,618
"Politehnica Iasi (1945 - 2010)",NA,NA,"2008","Departures","Costin Oghinciuc","https://www.transfermarkt.com/costin-oghinciuc/profil/spieler/81423","Goalkeeper","20","Romania","Ac. Clinceni",NA,"Romania",NA,TRUE,"loan transfer","Winter",NA,NA,NA,NA
"Politehnica Iasi (1945 - 2010)",NA,NA,"2008","Departures","Gustavo Paruolo","https://www.transfermarkt.com/gustavo-paruolo/profil/spieler/48181","Defensive Midfield","28","Argentina","Poli Iasi II",NA,"Romania",NA,FALSE,"-","Winter",2,2,0,20
"Politehnica Iasi (1945 - 2010)",NA,NA,"2008","Departures","Leonard Naidin","https://www.transfermarkt.com/leonard-naidin/profil/spieler/26042","Attacking Midfield","29","Romania","Without Club",NA,NA,NA,FALSE,"-","Winter",16,16,0,1378
"Politehnica Iasi (1945 - 2010)",NA,NA,"2008","Departures","Ciprian Tanasa","https://www.transfermarkt.com/ciprian-tanasa/profil/spieler/46661","Centre-Forward","27","Romania","FC U Craiova","SuperLiga","Romania",NA,TRUE,"End of loan Dec 31, 2008","Winter",14,14,1,911
"Politehnica Iasi (1945 - 2010)",NA,NA,"2008","Departures","Ionuț Stancu","https://www.transfermarkt.com/ionut-stancu/profil/spieler/35441","Left Midfield","25","Romania","FC Rapid 1923","SuperLiga","Romania",NA,TRUE,"End of loan Dec 1, 2008","Winter",9,7,0,486
"FC Brasov (- 2017)",NA,NA,"2008","Arrivals","Rui Duarte","https://www.transfermarkt.com/rui-duarte/profil/spieler/22434","Right-Back","27","Portugal","Estrela Amadora","Liga Portugal","Portugal",4e+05,FALSE,NA,"Summer",26,26,0,2203
"FC Brasov (- 2017)",NA,NA,"2008","Arrivals","Ezequias Melo","https://www.transfermarkt.com/ezequias-melo/profil/spieler/14140","Left-Back","27","Brazil","FC Porto","Liga Portugal","Portugal",250000,FALSE,NA,"Summer",22,21,1,1737
"FC Brasov (- 2017)",NA,NA,"2008","Arrivals","Cătălin Munteanu","https://www.transfermarkt.com/catalin-munteanu/profil/spieler/16615","Attacking Midfield","29","Romania","FC Dinamo","SuperLiga","Romania",250000,FALSE,NA,"Summer",32,31,1,2411
"FC Brasov (- 2017)",NA,NA,"2008","Arrivals","Alexandru Baltoi","https://www.transfermarkt.com/alexandru-baltoi/profil/spieler/26045","Centre-Forward","26","Romania","UTA Arad",NA,"Romania",250000,FALSE,NA,"Summer",4,2,0,54
"FC Brasov (- 2017)",NA,NA,"2008","Arrivals","Mugurel Buga","https://www.transfermarkt.com/mugurel-buga/profil/spieler/35434","Centre-Forward","30","Romania","FC Rapid 1923","SuperLiga","Romania",2e+05,TRUE,NA,"Summer",12,12,1,702
"FC Brasov (- 2017)",NA,NA,"2008","Arrivals","Dorel Zaharia","https://www.transfermarkt.com/dorel-zaharia/profil/spieler/46682","Centre-Forward","30","Romania","UTA Arad",NA,"Romania",150000,FALSE,NA,"Summer",15,13,1,753
"FC Brasov (- 2017)",NA,NA,"2008","Arrivals","Bogdan Stelea","https://www.transfermarkt.com/bogdan-stelea/profil/spieler/32185","Goalkeeper","40","Romania","Unirea Urziceni","SuperLiga","Romania",1e+05,FALSE,NA,"Summer",23,23,0,2015
"FC Brasov (- 2017)",NA,NA,"2008","Arrivals","Romeo Surdu","https://www.transfermarkt.com/romeo-surdu/profil/spieler/43378","Left Winger","24","Romania","FCSB","SuperLiga","Romania",NA,TRUE,"loan transfer","Summer",21,21,8,1484
"FC Brasov (- 2017)",NA,NA,"2008","Arrivals","Ovidiu Mendizov","https://www.transfermarkt.com/ovidiu-mendizov/profil/spieler/173419","Left-Back","21","Romania","Modelu",NA,"Romania",NA,TRUE,"End of loan Jun 1, 2008","Summer",NA,NA,NA,NA
"FC Brasov (- 2017)",NA,NA,"2008","Arrivals","Alexandru Chipciu","https://www.transfermarkt.com/alexandru-chipciu/profil/spieler/64126","Left-Back","19","Romania","Forex Brasov",NA,"Romania",NA,TRUE,"End of loan Oct 1, 2008","Summer",NA,NA,NA,NA
"FC Brasov (- 2017)",NA,NA,"2008","Arrivals","Alexandru Benga","https://www.transfermarkt.com/alexandru-benga/profil/spieler/202800","Centre-Back","19","Romania","FC Sacele",NA,"Romania",NA,TRUE,"End of loan Jun 30, 2008","Summer",NA,NA,NA,NA
"FC Brasov (- 2017)",NA,NA,"2008","Departures","Fabinho","https://www.transfermarkt.com/fabinho/profil/spieler/53232","Central Midfield","26","Brazil","Metalurg D.","Premier Liga","Ukraine",3e+05,FALSE,NA,"Summer",6,3,0,148
"FC Brasov (- 2017)",NA,NA,"2008","Departures","Marian Constantinescu","https://www.transfermarkt.com/marian-constantinescu/profil/spieler/46520","Attacking Midfield","26","Romania","Curtea de Arges",NA,"Romania",5000,FALSE,NA,"Summer",NA,NA,NA,NA
"FC Brasov (- 2017)",NA,NA,"2008","Departures","Marcel Sandor","https://www.transfermarkt.com/marcel-sandor/profil/spieler/64230","Midfielder","32","Romania","CSM Deva",NA,"Romania",0,FALSE,NA,"Summer",NA,NA,NA,NA
"FC Brasov (- 2017)",NA,NA,"2008","Departures","Alexandru Tarziu","https://www.transfermarkt.com/alexandru-tarziu/profil/spieler/64245","Goalkeeper","18","Romania","Tarlungeni",NA,"Romania",0,FALSE,NA,"Summer",NA,NA,NA,NA
"FC Brasov (- 2017)",NA,NA,"2008","Departures","Andrei Grigoras","https://www.transfermarkt.com/andrei-grigoras/profil/spieler/64168","Goalkeeper","-","Romania","Unknown",NA,NA,0,FALSE,NA,"Summer",NA,NA,NA,NA
"FC Brasov (- 2017)",NA,NA,"2008","Departures","Sorin Gheju","https://www.transfermarkt.com/sorin-gheju/profil/spieler/64164","Centre-Forward","31","Romania","ASA Tg. Mures",NA,"Romania",0,FALSE,NA,"Summer",NA,NA,NA,NA
"FC Brasov (- 2017)",NA,NA,"2008","Departures","Cristian Bălgrădean","https://www.transfermarkt.com/cristian-balgradean/profil/spieler/158839","Goalkeeper","20","Romania","Liberty Salonta",NA,"Romania",0,FALSE,NA,"Summer",NA,NA,NA,NA
"FC Brasov (- 2017)",NA,NA,"2008","Departures","Viorel Dinu","https://www.transfermarkt.com/viorel-dinu/profil/spieler/156919","Left Winger","29","Romania","FC Snagov",NA,"Romania",NA,FALSE,"?","Summer",NA,NA,NA,NA
"FC Brasov (- 2017)",NA,NA,"2008","Departures","Ovidiu Mendizov","https://www.transfermarkt.com/ovidiu-mendizov/profil/spieler/173419","Left-Back","21","Romania","Petrolul",NA,"Romania",NA,FALSE,"?","Summer",NA,NA,NA,NA
"FC Brasov (- 2017)",NA,NA,"2008","Departures","Alexandru Benga","https://www.transfermarkt.com/alexandru-benga/profil/spieler/202800","Centre-Back","19","Romania","Forex Brasov",NA,"Romania",NA,TRUE,"loan transfer","Summer",NA,NA,NA,NA
"FC Brasov (- 2017)",NA,NA,"2008","Departures","Alexandru Chipciu","https://www.transfermarkt.com/alexandru-chipciu/profil/spieler/64126","Left-Back","19","Romania","Forex Brasov",NA,"Romania",NA,TRUE,"loan transfer","Summer",NA,NA,NA,NA
"FC Brasov (- 2017)",NA,NA,"2008","Departures","Alin Babei","https://www.transfermarkt.com/alin-babei/profil/spieler/604058","Right Winger","10","Romania","FC Predeal",NA,"Romania",NA,TRUE,"loan transfer","Summer",NA,NA,NA,NA
"FC Brasov (- 2017)",NA,NA,"2008","Arrivals","Dănuț Coman","https://www.transfermarkt.com/danut-coman/profil/spieler/34501","Goalkeeper","29","Romania","FC Rapid 1923","SuperLiga","Romania",0,FALSE,NA,"Winter",12,12,0,1041
"FC Brasov (- 2017)",NA,NA,"2008","Arrivals","Alin Stoica","https://www.transfermarkt.com/alin-stoica/profil/spieler/9669","Attacking Midfield","29","Romania","Without Club",NA,NA,NA,FALSE,"-","Winter",0,0,0,0
"FC Brasov (- 2017)",NA,NA,"2008","Arrivals","Alexandru Chipciu","https://www.transfermarkt.com/alexandru-chipciu/profil/spieler/64126","Left-Back","19","Romania","Forex Brasov",NA,"Romania",NA,TRUE,"End of loan Oct 1, 2008","Winter",NA,NA,NA,NA
"FC Brasov (- 2017)",NA,NA,"2008","Departures","Eugen Nae","https://www.transfermarkt.com/eugen-nae/profil/spieler/25937","Goalkeeper","34","Romania","CS Otopeni","SuperLiga","Romania",NA,FALSE,"?","Winter",4,0,0,0
"FC Brasov (- 2017)",NA,NA,"2008","Departures","Dorel Zaharia","https://www.transfermarkt.com/dorel-zaharia/profil/spieler/46682","Centre-Forward","30","Romania","Gloria Bistrita","SuperLiga","Romania",NA,TRUE,"loan transfer","Winter",15,13,1,753
"FC Brasov (- 2017)",NA,NA,"2008","Departures","Alexandru Chipciu","https://www.transfermarkt.com/alexandru-chipciu/profil/spieler/64126","Left-Back","19","Romania","Dacia U. Braila",NA,"Romania",NA,TRUE,"loan transfer","Winter",NA,NA,NA,NA
"CS Otopeni",NA,NA,"2008","Arrivals","Daré Nibombé","https://www.transfermarkt.com/dare-nibombe/profil/spieler/12967","Centre-Back","28","Togo","RAEC Mons","Jupiler Pro League","Belgium",4e+05,FALSE,NA,"Summer",6,6,1,540
"CS Otopeni",NA,NA,"2008","Arrivals","Valentin Negru","https://www.transfermarkt.com/valentin-negru/profil/spieler/35439","Central Midfield","25","Romania","Unirea Urziceni","SuperLiga","Romania",250000,FALSE,NA,"Summer",30,30,2,1905
"CS Otopeni",NA,NA,"2008","Arrivals","Cristian Dancia","https://www.transfermarkt.com/cristian-dancia/profil/spieler/16121","Left-Back","28","Romania","U Cluj",NA,"Romania",250000,FALSE,NA,"Summer",NA,NA,NA,NA
"CS Otopeni",NA,NA,"2008","Arrivals","Predrag Lazic","https://www.transfermarkt.com/predrag-lazic/profil/spieler/28609","Right Midfield","26","Serbia","OFK Beograd","Super liga Srbije","Serbia",2e+05,FALSE,NA,"Summer",24,23,0,1828
"CS Otopeni",NA,NA,"2008","Arrivals","Laurentiu Ivan","https://www.transfermarkt.com/laurentiu-ivan/profil/spieler/46573","Centre-Back","29","Romania","FC Vaslui","SuperLiga","Romania",150000,FALSE,NA,"Summer",20,17,0,1388
"CS Otopeni",NA,NA,"2008","Arrivals","Cristian Constantin","https://www.transfermarkt.com/cristian-constantin/profil/spieler/48824","Left Midfield","30","Romania","Unirea Urziceni","SuperLiga","Romania",150000,FALSE,NA,"Summer",27,27,2,1800
"CS Otopeni",NA,NA,"2008","Arrivals","Patrick Gerhardt Nyema","https://www.transfermarkt.com/patrick-gerhardt-nyema/profil/spieler/56275","Centre-Back","22","Liberia","SR Delémont","1. Liga Gr. 2 (- 11/12)","Switzerland",150000,FALSE,NA,"Summer",4,3,0,234
"CS Otopeni",NA,NA,"2008","Arrivals","Minja Popovic","https://www.transfermarkt.com/minja-popovic/profil/spieler/56812","Right Winger","25","Serbia","Cukaricki","Super liga Srbije","Serbia",1e+05,FALSE,NA,"Summer",7,4,0,287
"CS Otopeni",NA,NA,"2008","Arrivals","Nuno Diogo","https://www.transfermarkt.com/nuno-diogo/profil/spieler/22551","Centre-Back","27","Portugal","Leixões","Liga Portugal","Portugal",0,FALSE,NA,"Summer",27,27,2,2420
"CS Otopeni",NA,NA,"2008","Arrivals","Zanzan Atte-Oudeyi","https://www.transfermarkt.com/zanzan-atte-oudeyi/profil/spieler/13003","Left-Back","27","Togo","RWDM Brussels","Challenger Pro League","Belgium",0,FALSE,NA,"Summer",1,1,0,90
"CS Otopeni",NA,NA,"2008","Arrivals","Ilko Pirgov","https://www.transfermarkt.com/ilko-pirgov/profil/spieler/39101","Goalkeeper","22","Bulgaria","CSKA Sofia","efbet Liga","Bulgaria",0,FALSE,NA,"Summer",7,6,0,540
"CS Otopeni",NA,NA,"2008","Arrivals","Cristian Munteanu","https://www.transfermarkt.com/cristian-munteanu/profil/spieler/26032","Goalkeeper","33","Romania","Progresul",NA,"Romania",0,FALSE,NA,"Summer",27,25,0,2250
"CS Otopeni",NA,NA,"2008","Arrivals","Octavian Draghici","https://www.transfermarkt.com/octavian-draghici/profil/spieler/88826","Centre-Forward","22","Romania","Fortuna Covaci",NA,"Romania",0,FALSE,NA,"Summer",11,11,1,240
"CS Otopeni",NA,NA,"2008","Arrivals","Octavian Chihaia","https://www.transfermarkt.com/octavian-chihaia/profil/spieler/25929","Centre-Forward","27","Romania","CS Mioveni",NA,"Romania",NA,FALSE,"?","Summer",5,5,0,212
"CS Otopeni",NA,NA,"2008","Arrivals","Dan Balauru","https://www.transfermarkt.com/dan-balauru/profil/spieler/55297","Right Midfield","27","Romania","CS Mioveni",NA,"Romania",NA,FALSE,"?","Summer",2,2,0,32
"CS Otopeni",NA,NA,"2008","Arrivals","Gigel Coman","https://www.transfermarkt.com/gigel-coman/profil/spieler/25930","Left Midfield","29","Romania","U Cluj",NA,"Romania",NA,FALSE,"?","Summer",NA,NA,NA,NA
"CS Otopeni",NA,NA,"2008","Arrivals","Nasser Menassel","https://www.transfermarkt.com/nasser-menassel/profil/spieler/81490","Defensive Midfield","25","France","Rodez AF","Championnat National","France",NA,FALSE,"?","Summer",19,19,0,1225
"CS Otopeni",NA,NA,"2008","Arrivals","Jean-Paul Yontcha","https://www.transfermarkt.com/jean-paul-yontcha/profil/spieler/81776","Centre-Forward","25","Cameroon","Al-Sadd",NA,"Qatar",NA,FALSE,"?","Summer",16,16,2,879
"CS Otopeni",NA,NA,"2008","Arrivals","Hristu Chiacu","https://www.transfermarkt.com/hristu-chiacu/profil/spieler/41623","Right Midfield","21","Romania","FC Dinamo","SuperLiga","Romania",NA,TRUE,"loan transfer","Summer",17,17,4,1173
"CS Otopeni",NA,NA,"2008","Arrivals","Liviu Ganea","https://www.transfermarkt.com/liviu-ganea/profil/spieler/45267","Centre-Forward","20","Romania","FC Dinamo","SuperLiga","Romania",NA,TRUE,"loan transfer","Summer",25,25,7,1640
"CS Otopeni",NA,NA,"2008","Arrivals","Adrian Scarlatache","https://www.transfermarkt.com/adrian-scarlatache/profil/spieler/46644","Centre-Back","21","Romania","FC Dinamo","SuperLiga","Romania",NA,TRUE,"loan transfer","Summer",16,16,1,1398
"CS Otopeni",NA,NA,"2008","Arrivals","Cornel Predescu","https://www.transfermarkt.com/cornel-predescu/profil/spieler/44943","Attacking Midfield","20","Romania","FC Dinamo","SuperLiga","Romania",NA,TRUE,"loan transfer","Summer",11,8,0,213
"CS Otopeni",NA,NA,"2008","Arrivals","Nicolae Musat","https://www.transfermarkt.com/nicolae-musat/profil/spieler/53196","Left-Back","21","Romania","FC Dinamo","SuperLiga","Romania",NA,TRUE,"loan transfer","Summer",10,8,0,551
"CS Otopeni",NA,NA,"2008","Arrivals","Jaime Júnior","https://www.transfermarkt.com/jaime-junior/profil/spieler/14305","Attacking Midfield","29","Brazil","Without Club",NA,NA,NA,FALSE,"-","Summer",10,10,0,718
"CS Otopeni",NA,NA,"2008","Departures","Sorin Iodi","https://www.transfermarkt.com/sorin-iodi/profil/spieler/54737","Centre-Back","32","Romania","Minaur",NA,"Romania",1e+05,FALSE,NA,"Summer",NA,NA,NA,NA
"CS Otopeni",NA,NA,"2008","Departures","Angelo Alistar","https://www.transfermarkt.com/angelo-alistar/profil/spieler/26027","Centre-Back","32","Romania","Curtea de Arges",NA,"Romania",0,FALSE,NA,"Summer",NA,NA,NA,NA
"CS Otopeni",NA,NA,"2008","Departures","Razvan Ciortea","https://www.transfermarkt.com/razvan-ciortea/profil/spieler/213679","Right-Back","28","Romania","Stiinta Bacau",NA,"Romania",0,FALSE,NA,"Summer",NA,NA,NA,NA
"CS Otopeni",NA,NA,"2008","Departures","Danilo Belic","https://www.transfermarkt.com/danilo-belic/profil/spieler/35973","Centre-Forward","27","Serbia","Zhetysu","Premier Liga","Kazakhstan",0,FALSE,NA,"Summer",NA,NA,NA,NA
"CS Otopeni",NA,NA,"2008","Departures","Ninel Corcoveanu","https://www.transfermarkt.com/ninel-corcoveanu/profil/spieler/213642","Left Winger","19","Romania","Dinamo II",NA,"Romania",0,FALSE,NA,"Summer",NA,NA,NA,NA
"CS Otopeni",NA,NA,"2008","Departures","George Usurelu","https://www.transfermarkt.com/george-usurelu/profil/spieler/299879","Defensive Midfield","29","Romania","Dunarea Calafat",NA,"Romania",NA,FALSE,"?","Summer",NA,NA,NA,NA
"CS Otopeni",NA,NA,"2008","Departures","Christian Dicu","https://www.transfermarkt.com/christian-dicu/profil/spieler/485810","Midfielder","34","Romania","Curtea de Arges",NA,"Romania",NA,FALSE,"?","Summer",NA,NA,NA,NA
"CS Otopeni",NA,NA,"2008","Departures","Claudiu Batranu","https://www.transfermarkt.com/claudiu-batranu/profil/spieler/885519","Central Midfield","27","Romania","Petrolul",NA,"Romania",NA,FALSE,"?","Summer",NA,NA,NA,NA
"CS Otopeni",NA,NA,"2008","Departures","Florin Matache","https://www.transfermarkt.com/florin-matache/profil/spieler/26031","Goalkeeper","25","Romania","FC Dinamo","SuperLiga","Romania",NA,TRUE,"End of loan Jun 30, 2008","Summer",NA,NA,NA,NA
"CS Otopeni",NA,NA,"2008","Departures","Bruno Costa","https://www.transfermarkt.com/bruno-costa/profil/spieler/35576","Goalkeeper","21","Portugal","Benfica","Liga Portugal","Portugal",NA,TRUE,"End of loan Jun 30, 2008","Summer",NA,NA,NA,NA
"CS Otopeni",NA,NA,"2008","Departures","Alin Bota","https://www.transfermarkt.com/alin-bota/profil/spieler/48652","Goalkeeper","25","Romania","CFR Cluj","SuperLiga","Romania",NA,TRUE,"End of loan Jun 30, 2008","Summer",NA,NA,NA,NA
"CS Otopeni",NA,NA,"2008","Departures","Raul Rusescu","https://www.transfermarkt.com/raul-rusescu/profil/spieler/81433","Centre-Forward","19","Romania","Unirea Urziceni","SuperLiga","Romania",NA,TRUE,"End of loan Jun 30, 2008","Summer",NA,NA,NA,NA
"CS Otopeni",NA,NA,"2008","Arrivals","Eugen Nae","https://www.transfermarkt.com/eugen-nae/profil/spieler/25937","Goalkeeper","34","Romania","FC Brasov","SuperLiga","Romania",NA,FALSE,"?","Winter",2,2,0,180
"CS Otopeni",NA,NA,"2008","Arrivals","Marian Constantinescu","https://www.transfermarkt.com/marian-constantinescu/profil/spieler/46520","Attacking Midfield","27","Romania","Curtea de Arges",NA,"Romania",NA,FALSE,"?","Winter",NA,NA,NA,NA
"CS Otopeni",NA,NA,"2008","Arrivals","Ionut Rada","https://www.transfermarkt.com/ionut-rada/profil/spieler/34506","Centre-Back","26","Romania","FCSB","SuperLiga","Romania",NA,TRUE,"loan transfer","Winter",13,13,0,991
"CS Otopeni",NA,NA,"2008","Arrivals","Bogdan Panait","https://www.transfermarkt.com/bogdan-panait/profil/spieler/43762","Centre-Back","25","Romania","FC Vaslui","SuperLiga","Romania",NA,TRUE,"loan transfer","Winter",9,9,0,421
"CS Otopeni",NA,NA,"2008","Arrivals","Vitinha","https://www.transfermarkt.com/vitinha/profil/spieler/48662","Left-Back","22","Portugal","CFR Cluj","SuperLiga","Romania",NA,TRUE,"loan transfer","Winter",15,15,1,1350
"CS Otopeni",NA,NA,"2008","Arrivals","Victoras Iacob","https://www.transfermarkt.com/victoras-iacob/profil/spieler/34757","Centre-Forward","28","Romania","Without Club",NA,NA,NA,FALSE,"-","Winter",7,7,5,318
"CS Otopeni",NA,NA,"2008","Departures","Daré Nibombé","https://www.transfermarkt.com/dare-nibombe/profil/spieler/12967","Centre-Back","28","Togo","Poli. Timisoara","SuperLiga","Romania",3e+05,FALSE,NA,"Winter",6,6,1,540
"CS Otopeni",NA,NA,"2008","Departures","Jaime Júnior","https://www.transfermarkt.com/jaime-junior/profil/spieler/14305","Attacking Midfield","29","Brazil","Remo",NA,"Brazil",0,FALSE,NA,"Winter",10,10,0,718
"CS Otopeni",NA,NA,"2008","Departures","Gigel Coman","https://www.transfermarkt.com/gigel-coman/profil/spieler/25930","Left Midfield","30","Romania","Unknown",NA,NA,0,FALSE,NA,"Winter",NA,NA,NA,NA
"CS Otopeni",NA,NA,"2008","Departures","Ilko Pirgov","https://www.transfermarkt.com/ilko-pirgov/profil/spieler/39101","Goalkeeper","22","Bulgaria","Cherno More","efbet Liga","Bulgaria",0,FALSE,NA,"Winter",7,6,0,540
"CS Otopeni",NA,NA,"2008","Departures","Dan Balauru","https://www.transfermarkt.com/dan-balauru/profil/spieler/55297","Right Midfield","28","Romania","FC Snagov",NA,"Romania",NA,FALSE,"?","Winter",2,2,0,32
"CS Otopeni",NA,NA,"2008","Departures","Zanzan Atte-Oudeyi","https://www.transfermarkt.com/zanzan-atte-oudeyi/profil/spieler/13003","Left-Back","28","Togo","Without Club",NA,NA,NA,FALSE,"-","Winter",1,1,0,90
"CS Otopeni",NA,NA,"2008","Departures","Patrick Gerhardt Nyema","https://www.transfermarkt.com/patrick-gerhardt-nyema/profil/spieler/56275","Centre-Back","23","Liberia","Without Club",NA,NA,NA,FALSE,"-","Winter",4,3,0,234
"CS Otopeni",NA,NA,"2008","Departures","Adrian Scarlatache","https://www.transfermarkt.com/adrian-scarlatache/profil/spieler/46644","Centre-Back","22","Romania","FC Dinamo","SuperLiga","Romania",NA,TRUE,"End of loan Dec 31, 2008","Winter",16,16,1,1398
"CS Otopeni",NA,NA,"2008","Departures","Cornel Predescu","https://www.transfermarkt.com/cornel-predescu/profil/spieler/44943","Attacking Midfield","21","Romania","FC Dinamo","SuperLiga","Romania",NA,TRUE,"End of loan Dec 31, 2008","Winter",11,8,0,213
"CS Otopeni",NA,NA,"2008","Departures","Nicolae Musat","https://www.transfermarkt.com/nicolae-musat/profil/spieler/53196","Left-Back","22","Romania","FC Dinamo","SuperLiga","Romania",NA,TRUE,"End of loan Dec 31, 2008","Winter",10,8,0,551
"FC Arges Pitesti (- 2013)",NA,NA,"2008","Arrivals","Youssouf Kamara","https://www.transfermarkt.com/youssouf-kamara/profil/spieler/79946","Centre-Forward","26","Cote d'Ivoire","Viribus Somma",NA,"Italy",650000,FALSE,NA,"Summer",28,28,4,1783
"FC Arges Pitesti (- 2013)",NA,NA,"2008","Arrivals","Nicolae Dita","https://www.transfermarkt.com/nicolae-dita/profil/spieler/64269","Centre-Back","31","Romania","Modelu",NA,"Romania",150000,FALSE,NA,"Summer",4,4,0,278
"FC Arges Pitesti (- 2013)",NA,NA,"2008","Arrivals","Daniel Bălașa","https://www.transfermarkt.com/daniel-balasa/profil/spieler/64102","Centre-Back","26","Romania","Zimbru Chisinau",NA,"Moldova",10000,FALSE,NA,"Summer",24,24,1,2047
"FC Arges Pitesti (- 2013)",NA,NA,"2008","Arrivals","Joussouf Kamara","https://www.transfermarkt.com/joussouf-kamara/profil/spieler/776982","Centre-Forward","27","Cote d'Ivoire","Sanità",NA,"Italy",0,FALSE,NA,"Summer",NA,NA,NA,NA
"FC Arges Pitesti (- 2013)",NA,NA,"2008","Arrivals","Valentin Stan","https://www.transfermarkt.com/valentin-stan/profil/spieler/81442","Defensive Midfield","28","Romania","Zimbru Chisinau",NA,"Moldova",NA,FALSE,"?","Summer",25,22,0,1219
"FC Arges Pitesti (- 2013)",NA,NA,"2008","Arrivals","Roberto Boboaca","https://www.transfermarkt.com/roberto-boboaca/profil/spieler/64112","Right Midfield","19","Romania","FC Arges U19",NA,"Romania",NA,FALSE,"-","Summer",1,1,0,27
"FC Arges Pitesti (- 2013)",NA,NA,"2008","Arrivals","Monel Carstoiu","https://www.transfermarkt.com/monel-carstoiu/profil/spieler/64124","Defensive Midfield","19","Romania","FC Arges U19",NA,"Romania",NA,FALSE,"-","Summer",8,8,0,490
"FC Arges Pitesti (- 2013)",NA,NA,"2008","Arrivals","George Zaharia","https://www.transfermarkt.com/george-zaharia/profil/spieler/64257","Right-Back","18","Romania","FC Arges U19",NA,"Romania",NA,FALSE,"-","Summer",NA,NA,NA,NA
"FC Arges Pitesti (- 2013)",NA,NA,"2008","Arrivals","Marian Vintila","https://www.transfermarkt.com/marian-vintila/profil/spieler/48757","Centre-Forward","18","Romania","FC Arges U19",NA,"Romania",NA,FALSE,"-","Summer",NA,NA,NA,NA
"FC Arges Pitesti (- 2013)",NA,NA,"2008","Arrivals","Valentin Coca","https://www.transfermarkt.com/valentin-coca/profil/spieler/48711","Goalkeeper","21","Romania","FC Drobeta",NA,"Romania",NA,TRUE,"End of loan Jun 30, 2008","Summer",6,1,0,90
"FC Arges Pitesti (- 2013)",NA,NA,"2008","Departures","Dumitru Hotoboc","https://www.transfermarkt.com/dumitru-hotoboc/profil/spieler/46563","Goalkeeper","29","Romania","Modelu",NA,"Romania",1e+05,FALSE,NA,"Summer",NA,NA,NA,NA
"FC Arges Pitesti (- 2013)",NA,NA,"2008","Departures","Florentin Cruceru","https://www.transfermarkt.com/florentin-cruceru/profil/spieler/46527","Central Midfield","27","Romania","Farul Constanta","SuperLiga","Romania",1e+05,FALSE,NA,"Summer",NA,NA,NA,NA
"FC Arges Pitesti (- 2013)",NA,NA,"2008","Departures","Sorin Bucuroaia","https://www.transfermarkt.com/sorin-bucuroaia/profil/spieler/64121","Left Midfield","29","Romania","FC Snagov",NA,"Romania",NA,FALSE,"?","Summer",1,0,0,0
"FC Arges Pitesti (- 2013)",NA,NA,"2008","Arrivals","Adrian Voicu","https://www.transfermarkt.com/adrian-voicu/profil/spieler/91006","Right-Back","23","Romania","Unknown",NA,NA,NA,FALSE,"?","Winter",13,13,0,721
"FC Arges Pitesti (- 2013)",NA,NA,"2008","Departures","Zoran Milosevic","https://www.transfermarkt.com/zoran-milosevic/profil/spieler/43340","Centre-Back","33","Serbia","Zarkovo",NA,"Serbia",0,FALSE,NA,"Winter",NA,NA,NA,NA
"FC Arges Pitesti (- 2013)",NA,NA,"2008","Departures","Ionut Chirciu","https://www.transfermarkt.com/ionut-chirciu/profil/spieler/54667","Attacking Midfield","25","Romania","CSM Deva",NA,"Romania",NA,TRUE,"loan transfer","Winter",3,2,0,37
"FC Arges Pitesti (- 2013)",NA,NA,"2008","Departures","Andrei Panait","https://www.transfermarkt.com/andrei-panait/profil/spieler/81426","Defensive Midfield","19","Romania","CS Mioveni",NA,"Romania",NA,TRUE,"loan transfer","Winter",NA,NA,NA,NA
"FC Arges Pitesti (- 2013)",NA,NA,"2008","Departures","Marian Vintila","https://www.transfermarkt.com/marian-vintila/profil/spieler/48757","Centre-Forward","18","Romania","CS Mioveni",NA,"Romania",NA,TRUE,"loan transfer","Winter",NA,NA,NA,NA
"FC Arges Pitesti (- 2013)",NA,NA,"2008","Departures","Alin Popa","https://www.transfermarkt.com/alin-popa/profil/spieler/209115","Right Midfield","18","Romania","CS Mioveni",NA,"Romania",NA,TRUE,"loan transfer","Winter",NA,NA,NA,NA
"FC Arges Pitesti (- 2013)",NA,NA,"2008","Departures","Iulian Crivac","https://www.transfermarkt.com/iulian-crivac/profil/spieler/46525","Defensive Midfield","32","Romania",NA,NA,NA,NA,FALSE,"-","Winter",1,1,0,34
"Farul Constanta (- 2016)",NA,NA,"2008","Arrivals","Andrej Rastovac","https://www.transfermarkt.com/andrej-rastovac/profil/spieler/60262","Centre-Back","27","Slovenia","FC Koper","Prva Liga","Slovenia",4e+05,FALSE,NA,"Summer",21,21,0,1852
"Farul Constanta (- 2016)",NA,NA,"2008","Arrivals","Dejan Rusmir","https://www.transfermarkt.com/dejan-rusmir/profil/spieler/36059","Attacking Midfield","28","Serbia","Ceahlaul",NA,"Romania",250000,FALSE,NA,"Summer",27,27,5,2218
"Farul Constanta (- 2016)",NA,NA,"2008","Arrivals","Florentin Cruceru","https://www.transfermarkt.com/florentin-cruceru/profil/spieler/46527","Central Midfield","27","Romania","FC Arges","SuperLiga","Romania",1e+05,FALSE,NA,"Summer",10,10,0,705
"Farul Constanta (- 2016)",NA,NA,"2008","Arrivals","Lucian Parvu","https://www.transfermarkt.com/lucian-parvu/profil/spieler/18994","Right Winger","26","Romania","Unknown",NA,NA,0,FALSE,NA,"Summer",9,8,1,280
"Farul Constanta (- 2016)",NA,NA,"2008","Arrivals","Denis Alibec","https://www.transfermarkt.com/denis-alibec/profil/spieler/81396","Centre-Forward","17","Romania","Farul U19",NA,"Romania",NA,FALSE,"-","Summer",19,18,2,691
"Farul Constanta (- 2016)",NA,NA,"2008","Arrivals","Cosmin Matei","https://www.transfermarkt.com/cosmin-matei/profil/spieler/81421","Attacking Midfield","16","Romania","Farul U19",NA,"Romania",NA,FALSE,"-","Summer",13,12,0,334
"Farul Constanta (- 2016)",NA,NA,"2008","Arrivals","Ionuț Larie","https://www.transfermarkt.com/ionut-larie/profil/spieler/46582","Centre-Back","21","Romania","Rm. Valcea",NA,"Romania",NA,TRUE,"End of loan Jun 30, 2008","Summer",6,6,0,326
"Farul Constanta (- 2016)",NA,NA,"2008","Arrivals","Tibor Moldovan","https://www.transfermarkt.com/tibor-moldovan/profil/spieler/46598","Centre-Forward","26","Romania","Újpest FC","NB I.","Hungary",NA,TRUE,"End of loan Jun 30, 2008","Summer",NA,NA,NA,NA
"Farul Constanta (- 2016)",NA,NA,"2008","Arrivals","Răzvan Stanca","https://www.transfermarkt.com/razvan-stanca/profil/spieler/46656","Goalkeeper","27","Romania","CS Mioveni","SuperLiga","Romania",NA,TRUE,"End of loan Jul 1, 2007","Summer",NA,NA,NA,NA
"Farul Constanta (- 2016)",NA,NA,"2008","Departures","Dinu Todoran","https://www.transfermarkt.com/dinu-todoran/profil/spieler/46666","Attacking Midfield","29","Romania","Unirea Urziceni","SuperLiga","Romania",5e+05,FALSE,NA,"Summer",NA,NA,NA,NA
"Farul Constanta (- 2016)",NA,NA,"2008","Departures","Răzvan Stanca","https://www.transfermarkt.com/razvan-stanca/profil/spieler/46656","Goalkeeper","28","Romania","Pandurii ","SuperLiga","Romania",4e+05,FALSE,NA,"Summer",NA,NA,NA,NA
"Farul Constanta (- 2016)",NA,NA,"2008","Departures","Laurentiu Florea","https://www.transfermarkt.com/laurentiu-florea/profil/spieler/46544","Left-Back","27","Romania","CSM Ploiesti",NA,"Romania",150000,FALSE,NA,"Summer",NA,NA,NA,NA
"Farul Constanta (- 2016)",NA,NA,"2008","Departures","Florin Neaga","https://www.transfermarkt.com/florin-neaga/profil/spieler/46605","Centre-Forward","20","Romania","Petrolul",NA,"Romania",50000,FALSE,NA,"Summer",NA,NA,NA,NA
"Farul Constanta (- 2016)",NA,NA,"2008","Departures","Liviu Mihai","https://www.transfermarkt.com/liviu-mihai/profil/spieler/74087","Central Midfield","20","Romania","CSM Ploiesti",NA,"Romania",50000,TRUE,NA,"Summer",0,0,0,0
"Farul Constanta (- 2016)",NA,NA,"2008","Departures","Decebal Gheara","https://www.transfermarkt.com/decebal-gheara/profil/spieler/46549","Centre-Back","29","Romania","Delta Tulcea",NA,"Romania",0,FALSE,NA,"Summer",NA,NA,NA,NA
"Farul Constanta (- 2016)",NA,NA,"2008","Departures","Armel Disney Mamouna","https://www.transfermarkt.com/armel-disney-mamouna/profil/spieler/46491","Centre-Forward","28","Congo","Inter Club",NA,"Congo",0,FALSE,NA,"Summer",NA,NA,NA,NA
"Farul Constanta (- 2016)",NA,NA,"2008","Departures","Roberto Iancu","https://www.transfermarkt.com/roberto-iancu/profil/spieler/25934","Defensive Midfield","26","Romania","Liberty Salonta",NA,"Romania",0,FALSE,NA,"Summer",NA,NA,NA,NA
"Farul Constanta (- 2016)",NA,NA,"2008","Departures","Tibor Moldovan","https://www.transfermarkt.com/tibor-moldovan/profil/spieler/46598","Centre-Forward","26","Romania","Unknown",NA,NA,0,FALSE,NA,"Summer",NA,NA,NA,NA
"Farul Constanta (- 2016)",NA,NA,"2008","Departures","Emil Nanu","https://www.transfermarkt.com/emil-nanu/profil/spieler/54718","Centre-Forward","26","Romania","Delta Tulcea",NA,"Romania",NA,FALSE,"?","Summer",8,8,0,424
"Farul Constanta (- 2016)",NA,NA,"2008","Departures","Ionuț Larie","https://www.transfermarkt.com/ionut-larie/profil/spieler/46582","Centre-Back","21","Romania","Delta Tulcea",NA,"Romania",NA,TRUE,"loan transfer","Summer",6,6,0,326
"Farul Constanta (- 2016)",NA,NA,"2008","Departures","Cristian Pantelie","https://www.transfermarkt.com/cristian-pantelie/profil/spieler/104552","Right Winger","23","Romania","Delta Tulcea",NA,"Romania",NA,TRUE,"loan transfer","Summer",7,7,0,306
"Farul Constanta (- 2016)",NA,NA,"2008","Arrivals","Branislav Vukomanovic","https://www.transfermarkt.com/branislav-vukomanovic/profil/spieler/36148","Left-Back","27","Serbia","Radnicki 1923",NA,"Serbia",0,FALSE,NA,"Winter",15,15,0,1350
"Farul Constanta (- 2016)",NA,NA,"2008","Arrivals","Jan Pahor","https://www.transfermarkt.com/jan-pahor/profil/spieler/50320","Centre-Back","22","Slovenia","FC Koper","Prva Liga","Slovenia",0,FALSE,NA,"Winter",11,11,1,990
"Farul Constanta (- 2016)",NA,NA,"2008","Arrivals","Emil Nanu","https://www.transfermarkt.com/emil-nanu/profil/spieler/54718","Centre-Forward","27","Romania","Delta Tulcea",NA,"Romania",NA,FALSE,"?","Winter",8,8,0,424
"Farul Constanta (- 2016)",NA,NA,"2008","Arrivals","Ionuț Larie","https://www.transfermarkt.com/ionut-larie/profil/spieler/46582","Centre-Back","21","Romania","Delta Tulcea",NA,"Romania",NA,TRUE,"End of loan Dec 31, 2008","Winter",6,6,0,326
"Farul Constanta (- 2016)",NA,NA,"2008","Arrivals","Liviu Mihai","https://www.transfermarkt.com/liviu-mihai/profil/spieler/74087","Central Midfield","20","Romania","CSM Ploiesti",NA,"Romania",NA,TRUE,"End of loan Dec 31, 2008","Winter",0,0,0,0
"Farul Constanta (- 2016)",NA,NA,"2008","Arrivals","Cristian Pantelie","https://www.transfermarkt.com/cristian-pantelie/profil/spieler/104552","Right Winger","23","Romania","Delta Tulcea",NA,"Romania",NA,TRUE,"End of loan Dec 31, 2008","Winter",7,7,0,306
"Farul Constanta (- 2016)",NA,NA,"2008","Arrivals","Alexandru Mățel","https://www.transfermarkt.com/alexandru-matel/profil/spieler/48767","Right-Back","19","Romania","Delta Tulcea",NA,"Romania",NA,TRUE,"End of loan Dec 31, 2008","Winter",16,16,0,1373
"Farul Constanta (- 2016)",NA,NA,"2008","Departures","Florin Maxim","https://www.transfermarkt.com/florin-maxim/profil/spieler/48768","Left-Back","27","Romania","Poli. Timisoara","SuperLiga","Romania",4e+05,FALSE,NA,"Winter",15,15,1,1350
"Farul Constanta (- 2016)",NA,NA,"2008","Departures","Mitar Pekovic","https://www.transfermarkt.com/mitar-pekovic/profil/spieler/29943","Centre-Back","27","Montenegro","Vojvodina","Super liga Srbije","Serbia",0,FALSE,NA,"Winter",NA,NA,NA,NA
"Farul Constanta (- 2016)",NA,NA,"2008","Departures","Razvan Farmache","https://www.transfermarkt.com/razvan-farmache/profil/spieler/46541","Central Midfield","30","Romania","Sportul S.",NA,"Romania",NA,FALSE,"?","Winter",14,14,0,1175
"Farul Constanta (- 2016)",NA,NA,"2008","Departures","Lucian Parvu","https://www.transfermarkt.com/lucian-parvu/profil/spieler/18994","Right Winger","26","Romania","Pandurii ","SuperLiga","Romania",NA,FALSE,"?","Winter",9,8,1,280
"Farul Constanta (- 2016)",NA,NA,"2008","Departures","Marius Nae","https://www.transfermarkt.com/marius-nae/profil/spieler/48770","Attacking Midfield","27","Romania","Sportul S.",NA,"Romania",NA,FALSE,"?","Winter",6,6,0,188
"Farul Constanta (- 2016)",NA,NA,"2008","Departures","Cristian Schiopu","https://www.transfermarkt.com/cristian-schiopu/profil/spieler/46645","Sweeper","34","Romania","Without Club",NA,NA,NA,FALSE,"-","Winter",11,11,0,973
