"team_name","league","country","season","transfer_type","player_name","player_url","player_position","player_age","player_nationality","club_2","league_2","country_2","transfer_fee","is_loan","transfer_notes","window","in_squad","appearances","goals","minutes_played"
"FCSB","SuperLiga","Romania","2024","Arrivals","Daniel Bîrligea","https://www.transfermarkt.com/daniel-birligea/profil/spieler/468192","Centre-Forward","24","Romania","CFR Cluj","SuperLiga","Romania",2e+06,FALSE,NA,"Summer",36,35,17,2610
"FCSB","SuperLiga","Romania","2024","Arrivals","Marius Ștefănescu","https://www.transfermarkt.com/marius-stefanescu/profil/spieler/685795","Right Winger","25","Romania","Sepsi OSK","SuperLiga","Romania",1300000,FALSE,NA,"Summer",63,44,8,2243
"FCSB","SuperLiga","Romania","2024","Arrivals","Daniel Popa","https://www.transfermarkt.com/daniel-popa/profil/spieler/341364","Centre-Forward","28","Romania","U Cluj","SuperLiga","Romania",3e+05,FALSE,NA,"Summer",41,30,2,1262
"FCSB","SuperLiga","Romania","2024","Arrivals","William Baeten","https://www.transfermarkt.com/william-baeten/profil/spieler/449879","Right Winger","27","Belgium","FC U Craiova","Liga 2","Romania",3e+05,FALSE,NA,"Summer",28,18,1,563
"FCSB","SuperLiga","Romania","2024","Arrivals","Mihai Popescu","https://www.transfermarkt.com/mihai-popescu/profil/spieler/361537","Centre-Back","31","Romania","FCV Farul","SuperLiga","Romania",250000,FALSE,NA,"Summer",44,39,0,3172
"FCSB","SuperLiga","Romania","2024","Arrivals","Florin Tănase","https://www.transfermarkt.com/florin-tanase/profil/spieler/314329","Attacking Midfield","29","Romania","Al-Okhdood","Saudi Pro League","Saudi Arabia",0,FALSE,NA,"Summer",41,41,5,2825
"FCSB","SuperLiga","Romania","2024","Arrivals","David Kiki","https://www.transfermarkt.com/david-kiki/profil/spieler/379870","Left-Back","30","Benin","FCV Farul","SuperLiga","Romania",0,FALSE,NA,"Summer",37,9,0,760
"FCSB","SuperLiga","Romania","2024","Arrivals","Malcom Edjouma","https://www.transfermarkt.com/malcom-edjouma/profil/spieler/468704","Central Midfield","27","Morocco","Bari","Serie B","Italy",NA,TRUE,"End of loan Jun 30, 2024","Summer",55,44,3,1877
"FCSB","SuperLiga","Romania","2024","Arrivals","Ovidiu Perianu","https://www.transfermarkt.com/ovidiu-perianu/profil/spieler/623425","Defensive Midfield","22","Romania","FC Buzău","Liga 2","Romania",NA,TRUE,"End of loan Jun 30, 2024","Summer",NA,NA,NA,NA
"FCSB","SuperLiga","Romania","2024","Departures","Florinel Coman","https://www.transfermarkt.com/florinel-coman/profil/spieler/340982","Left Winger","26","Romania","Al-Gharafa","Stars League","Qatar",5250000,FALSE,NA,"Summer",NA,NA,NA,NA
"FCSB","SuperLiga","Romania","2024","Departures","Nana Antwi","https://www.transfermarkt.com/nana-antwi/profil/spieler/608977","Right-Back","24","Ghana","FC Hermannstadt","SuperLiga","Romania",5e+05,TRUE,NA,"Summer",12,6,0,381
"FCSB","SuperLiga","Romania","2024","Departures","Ovidiu Popescu","https://www.transfermarkt.com/ovidiu-popescu/profil/spieler/289017","Defensive Midfield","30","Romania","U Cluj","SuperLiga","Romania",0,FALSE,NA,"Summer",NA,NA,NA,NA
"FCSB","SuperLiga","Romania","2024","Departures","Denis Haruț","https://www.transfermarkt.com/denis-harut/profil/spieler/412641","Centre-Back","25","Romania","Sepsi OSK","SuperLiga","Romania",0,FALSE,NA,"Summer",11,3,0,270
"FCSB","SuperLiga","Romania","2024","Departures","Eduard Radaslavescu","https://www.transfermarkt.com/eduard-radaslavescu/profil/spieler/731522","Attacking Midfield","19","Romania","FCV Farul","SuperLiga","Romania",0,FALSE,NA,"Summer",1,1,0,45
"FCSB","SuperLiga","Romania","2024","Departures","Andrei Pandele","https://www.transfermarkt.com/andrei-pandele/profil/spieler/608478","Central Midfield","21","Romania","FC Voluntari","Liga 2","Romania",0,FALSE,NA,"Summer",10,1,0,40
"FCSB","SuperLiga","Romania","2024","Departures","Ovidiu Perianu","https://www.transfermarkt.com/ovidiu-perianu/profil/spieler/623425","Defensive Midfield","22","Romania","Unirea Slobozia","SuperLiga","Romania",NA,TRUE,"loan transfer","Summer",NA,NA,NA,NA
"FCSB","SuperLiga","Romania","2024","Arrivals","Ionuț Cercel","https://www.transfermarkt.com/ionut-cercel/profil/spieler/1073910","Right-Back","18","Romania","FCV Farul","SuperLiga","Romania",5e+05,FALSE,NA,"Winter",10,3,0,180
"FCSB","SuperLiga","Romania","2024","Arrivals","Alexandru Stoian","https://www.transfermarkt.com/alexandru-stoian/profil/spieler/992823","Centre-Forward","17","Romania","FCV Farul","SuperLiga","Romania",5e+05,FALSE,NA,"Winter",10,2,1,100
"FCSB","SuperLiga","Romania","2024","Arrivals","Jordan Gele","https://www.transfermarkt.com/jordan-gele/profil/spieler/531909","Centre-Forward","32","France","Unirea Slobozia","SuperLiga","Romania",3e+05,FALSE,NA,"Winter",14,12,1,346
"FCSB","SuperLiga","Romania","2024","Arrivals","Lukas Zima","https://www.transfermarkt.com/lukas-zima/profil/spieler/147558","Goalkeeper","30","Czech Republic","Petrolul","SuperLiga","Romania",250000,FALSE,NA,"Winter",23,2,0,177
"FCSB","SuperLiga","Romania","2024","Arrivals","Juri Cisotti","https://www.transfermarkt.com/juri-cisotti/profil/spieler/163999","Central Midfield","31","Italy","Otelul Galati","SuperLiga","Romania",2e+05,FALSE,NA,"Winter",21,20,5,1528
"FCSB","SuperLiga","Romania","2024","Arrivals","Andrei Gheorghiță","https://www.transfermarkt.com/andrei-gheorghita/profil/spieler/880840","Left Midfield","22","Romania","ACSM Poli Iasi","SuperLiga","Romania",120000,TRUE,NA,"Winter",16,12,1,567
"FCSB","SuperLiga","Romania","2024","Arrivals","Andrei Dăncuș","https://www.transfermarkt.com/andrei-dancus/profil/spieler/1179041","Centre-Back","16","Romania","FCSB U18",NA,"Romania",NA,FALSE,"-","Winter",4,1,0,11
"FCSB","SuperLiga","Romania","2024","Departures","Luis Phelipe","https://www.transfermarkt.com/luis-phelipe/profil/spieler/673830","Left Winger","23","Brazil","FC Sheriff","Super Liga (Phase 2)","Moldova",0,FALSE,NA,"Winter",29,16,2,592
"FCSB","SuperLiga","Romania","2024","Departures","Ionuț Panțîru","https://www.transfermarkt.com/ionut-pantiru/profil/spieler/481484","Left-Back","28","Romania","FC Voluntari","Liga 2","Romania",0,FALSE,NA,"Winter",34,12,1,929
"FCSB","SuperLiga","Romania","2024","Departures","Andrei Vlad","https://www.transfermarkt.com/andrei-vlad/profil/spieler/424302","Goalkeeper","25","Romania","Aktobe","Premier Liga","Kazakhstan",0,FALSE,NA,"Winter",33,3,0,270
"FCSB","SuperLiga","Romania","2024","Departures","Daniel Popa","https://www.transfermarkt.com/daniel-popa/profil/spieler/341364","Centre-Forward","29","Romania","Genclerbirligi","1.Lig","Türkiye",NA,FALSE,"?","Winter",41,30,2,1262
"CFR Cluj","SuperLiga","Romania","2024","Arrivals","Louis Munteanu","https://www.transfermarkt.com/louis-munteanu/profil/spieler/547786","Centre-Forward","22","Romania","Fiorentina","Serie A","Italy",2300000,FALSE,NA,"Summer",44,42,25,3037
"CFR Cluj","SuperLiga","Romania","2024","Arrivals","Léo Bolgado","https://www.transfermarkt.com/leo-bolgado/profil/spieler/712087","Centre-Back","25","Brazil","Leixões","Liga Portugal 2","Portugal",5e+05,FALSE,NA,"Summer",41,39,3,3091
"CFR Cluj","SuperLiga","Romania","2024","Arrivals","Anton Kresic","https://www.transfermarkt.com/anton-kresic/profil/spieler/226080","Centre-Back","28","Croatia","HNK Rijeka","SuperSport HNL","Croatia",4e+05,FALSE,NA,"Summer",13,7,1,554
"CFR Cluj","SuperLiga","Romania","2024","Arrivals","Virgiliu Postolachi","https://www.transfermarkt.com/virgiliu-postolachi/profil/spieler/536519","Centre-Forward","24","Moldova","Grenoble","Ligue 2","France",2e+05,FALSE,NA,"Summer",41,38,5,1640
"CFR Cluj","SuperLiga","Romania","2024","Arrivals","Andrei Artean","https://www.transfermarkt.com/andrei-artean/profil/spieler/241254","Defensive Midfield","30","Romania","Apol. Limassol","Cyprus League","Cyprus",0,FALSE,NA,"Summer",30,23,0,1099
"CFR Cluj","SuperLiga","Romania","2024","Arrivals","Mohammed Kamara","https://www.transfermarkt.com/mohammed-kamara/profil/spieler/637273","Left Winger","26","Liberia","Hapoel Haifa","Ligat ha'Al","Israel",0,FALSE,NA,"Summer",42,37,11,2249
"CFR Cluj","SuperLiga","Romania","2024","Arrivals","Adrian Păun","https://www.transfermarkt.com/adrian-paun/profil/spieler/291656","Central Midfield","29","Romania","H. Beer Sheva","Ligat ha'Al","Israel",0,FALSE,NA,"Summer",49,41,4,1924
"CFR Cluj","SuperLiga","Romania","2024","Arrivals","Béni Nkololo","https://www.transfermarkt.com/beni-nkololo/profil/spieler/435208","Right Winger","27","France","Al-Orobah","Saudi Pro League","Saudi Arabia",0,FALSE,NA,"Summer",42,38,6,1965
"CFR Cluj","SuperLiga","Romania","2024","Arrivals","Simão Rocha","https://www.transfermarkt.com/simao-rocha/profil/spieler/682719","Left-Back","23","Portugal","Paços Ferreira","Liga Portugal 2","Portugal",0,FALSE,NA,"Summer",36,33,1,2381
"CFR Cluj","SuperLiga","Romania","2024","Arrivals","Daniel Graovac","https://www.transfermarkt.com/daniel-graovac/profil/spieler/131728","Centre-Back","30","Bosnia-Herzegovina","Manisa FK","1.Lig","Türkiye",0,FALSE,NA,"Summer",36,23,1,1569
"CFR Cluj","SuperLiga","Romania","2024","Arrivals","Armend Thaqi","https://www.transfermarkt.com/armend-thaqi/profil/spieler/596915","Right-Back","31","Kosovo","FC Ballkani","Superliga e Kosovës","Kosovo",0,FALSE,NA,"Summer",6,5,0,245
"CFR Cluj","SuperLiga","Romania","2024","Arrivals","Damjan Djokovic","https://www.transfermarkt.com/damjan-djokovic/profil/spieler/143039","Central Midfield","34","Croatia","FC Rapid 1923","SuperLiga","Romania",0,FALSE,NA,"Summer",41,41,2,3057
"CFR Cluj","SuperLiga","Romania","2024","Arrivals","Kalifa Kujabi","https://www.transfermarkt.com/kalifa-kujabi/profil/spieler/679280","Central Midfield","24","The Gambia","Frosinone","Serie B","Italy",0,FALSE,NA,"Summer",NA,NA,NA,NA
"CFR Cluj","SuperLiga","Romania","2024","Arrivals","Alan Aussi","https://www.transfermarkt.com/alan-aussi/profil/spieler/247213","Centre-Back","23","Ukraine","Ponferradina B",NA,"Spain",0,FALSE,NA,"Summer",2,1,0,2
"CFR Cluj","SuperLiga","Romania","2024","Arrivals","Costel Avram","https://www.transfermarkt.com/costel-avram/profil/spieler/928478","Centre-Back","22","Romania","CSA Steaua","Liga 2","Romania",0,FALSE,NA,"Summer",2,1,0,1
"CFR Cluj","SuperLiga","Romania","2024","Arrivals","Dominik Șoptirean","https://www.transfermarkt.com/dominik-soptirean/profil/spieler/820240","Centre-Back","19","Romania","FC Augsburg U19","U19 Nachwuchsliga - Liga B","Germany",0,FALSE,NA,"Summer",NA,NA,NA,NA
"CFR Cluj","SuperLiga","Romania","2024","Arrivals","Meriton Korenica","https://www.transfermarkt.com/meriton-korenica/profil/spieler/412024","Left Winger","27","Kosovo","Manisa FK","1.Lig","Türkiye",NA,FALSE,"?","Summer",51,50,12,3144
"CFR Cluj","SuperLiga","Romania","2024","Arrivals","Mihai Popa","https://www.transfermarkt.com/mihai-popa/profil/spieler/623412","Goalkeeper","23","Romania","Torino","Serie A","Italy",NA,TRUE,"loan transfer","Summer",28,13,0,1170
"CFR Cluj","SuperLiga","Romania","2024","Arrivals","Flavius Iacob","https://www.transfermarkt.com/flavius-iacob/profil/spieler/932800","Right-Back","23","Romania","Corvinul","Liga 2","Romania",NA,TRUE,"loan transfer","Summer",25,3,0,223
"CFR Cluj","SuperLiga","Romania","2024","Arrivals","Tudor Lucaci","https://www.transfermarkt.com/tudor-lucaci/profil/spieler/1060188","Central Midfield","20","Romania","CFR Cluj II",NA,"Romania",NA,FALSE,"-","Summer",3,0,0,0
"CFR Cluj","SuperLiga","Romania","2024","Arrivals","Emmanuel Mensah","https://www.transfermarkt.com/emmanuel-mensah/profil/spieler/1063914","Centre-Forward","19","Ghana","CFR Cluj U19",NA,"Romania",NA,FALSE,"-","Summer",1,0,0,0
"CFR Cluj","SuperLiga","Romania","2024","Arrivals","Moussa Samake","https://www.transfermarkt.com/moussa-samake/profil/spieler/1185785","Centre-Forward","19","Mali","CFR Cluj U19",NA,"Romania",NA,FALSE,"-","Summer",NA,NA,NA,NA
"CFR Cluj","SuperLiga","Romania","2024","Arrivals","Viktor Kun","https://www.transfermarkt.com/viktor-kun/profil/spieler/1043574","Central Midfield","19","Romania","CFR Cluj II",NA,"Romania",NA,FALSE,"-","Summer",9,0,0,0
"CFR Cluj","SuperLiga","Romania","2024","Arrivals","Cătălin Căbuz","https://www.transfermarkt.com/catalin-cabuz/profil/spieler/315442","Goalkeeper","28","Romania","FC Hermannstadt","SuperLiga","Romania",NA,TRUE,"End of loan Jun 30, 2024","Summer",NA,NA,NA,NA
"CFR Cluj","SuperLiga","Romania","2024","Arrivals","Andrei Peteleu","https://www.transfermarkt.com/andrei-peteleu/profil/spieler/192870","Right-Back","31","Romania","U Cluj","SuperLiga","Romania",NA,TRUE,"End of loan Jun 30, 2024","Summer",3,0,0,0
"CFR Cluj","SuperLiga","Romania","2024","Arrivals","Isaac Nortey","https://www.transfermarkt.com/isaac-nortey/profil/spieler/807786","Defensive Midfield","24","Ghana","FC Arges","Liga 2","Romania",NA,TRUE,"End of loan Jun 30, 2024","Summer",NA,NA,NA,NA
"CFR Cluj","SuperLiga","Romania","2024","Arrivals","Ricky Gneba","https://www.transfermarkt.com/ricky-gneba/profil/spieler/976868","Central Midfield","22","Cote d'Ivoire","Chindia","Liga 2","Romania",NA,TRUE,"End of loan Jun 30, 2024","Summer",NA,NA,NA,NA
"CFR Cluj","SuperLiga","Romania","2024","Arrivals","Rareș Gal","https://www.transfermarkt.com/rares-gal/profil/spieler/675500","Goalkeeper","23","Romania","CSU Alba Iulia",NA,"Romania",NA,TRUE,"End of loan Jun 30, 2024","Summer",25,0,0,0
"CFR Cluj","SuperLiga","Romania","2024","Arrivals","Mihai Pînzariu","https://www.transfermarkt.com/mihai-pinzariu/profil/spieler/975205","Goalkeeper","19","Romania","FC Bihor",NA,"Romania",NA,TRUE,"End of loan Jun 30, 2024","Summer",3,0,0,0
"CFR Cluj","SuperLiga","Romania","2024","Arrivals","Sergiu Luca","https://www.transfermarkt.com/sergiu-luca/profil/spieler/675504","Defensive Midfield","23","Romania","Avantul Reghin",NA,"Romania",NA,TRUE,"End of loan Jun 30, 2024","Summer",NA,NA,NA,NA
"CFR Cluj","SuperLiga","Romania","2024","Arrivals","Mohamed Diomande","https://www.transfermarkt.com/mohamed-diomande/profil/spieler/1399971","Centre-Back","20","Cote d'Ivoire","Sanatatea",NA,"Romania",NA,TRUE,"End of loan Jun 30, 2024","Summer",NA,NA,NA,NA
"CFR Cluj","SuperLiga","Romania","2024","Arrivals","David Ciubăncan","https://www.transfermarkt.com/david-ciubancan/profil/spieler/1006106","Centre-Forward","19","Romania","CSM Deva",NA,"Romania",NA,TRUE,"End of loan Jun 30, 2024","Summer",NA,NA,NA,NA
"CFR Cluj","SuperLiga","Romania","2024","Departures","Philip Otele","https://www.transfermarkt.com/philip-otele/profil/spieler/678655","Left Winger","25","Nigeria","Al-Wahda","UAE Pro League","United Arab Emirates",3500000,FALSE,NA,"Summer",NA,NA,NA,NA
"CFR Cluj","SuperLiga","Romania","2024","Departures","Răzvan Sava","https://www.transfermarkt.com/razvan-sava/profil/spieler/568617","Goalkeeper","22","Romania","Udinese","Serie A","Italy",2500000,FALSE,NA,"Summer",9,9,0,810
"CFR Cluj","SuperLiga","Romania","2024","Departures","Daniel Bîrligea","https://www.transfermarkt.com/daniel-birligea/profil/spieler/468192","Centre-Forward","24","Romania","FCSB","SuperLiga","Romania",2e+06,FALSE,NA,"Summer",13,11,4,644
"CFR Cluj","SuperLiga","Romania","2024","Departures","Karlo Muhar","https://www.transfermarkt.com/karlo-muhar/profil/spieler/388042","Defensive Midfield","28","Croatia","Al-Orobah","Saudi Pro League","Saudi Arabia",1500000,FALSE,NA,"Summer",6,6,2,341
"CFR Cluj","SuperLiga","Romania","2024","Departures","Arlind Ajeti","https://www.transfermarkt.com/arlind-ajeti/profil/spieler/159288","Centre-Back","30","Albania","Bodrum FK","Süper Lig","Türkiye",3e+05,FALSE,NA,"Summer",4,1,0,89
"CFR Cluj","SuperLiga","Romania","2024","Departures","Cătălin Căbuz","https://www.transfermarkt.com/catalin-cabuz/profil/spieler/315442","Goalkeeper","28","Romania","FC Hermannstadt","SuperLiga","Romania",50000,FALSE,NA,"Summer",NA,NA,NA,NA
"CFR Cluj","SuperLiga","Romania","2024","Departures","Cristian Manea","https://www.transfermarkt.com/cristian-manea/profil/spieler/271284","Right-Back","26","Romania","FC Rapid 1923","SuperLiga","Romania",0,FALSE,NA,"Summer",NA,NA,NA,NA
"CFR Cluj","SuperLiga","Romania","2024","Departures","Durel Avounou","https://www.transfermarkt.com/durel-avounou/profil/spieler/416168","Central Midfield","26","Congo","Corum FK","1.Lig","Türkiye",0,FALSE,NA,"Summer",NA,NA,NA,NA
"CFR Cluj","SuperLiga","Romania","2024","Departures","Omar El Kaddouri","https://www.transfermarkt.com/omar-el-kaddouri/profil/spieler/73097","Attacking Midfield","34","Morocco","SPAL","Serie C - B","Italy",0,FALSE,NA,"Summer",NA,NA,NA,NA
"CFR Cluj","SuperLiga","Romania","2024","Departures","Filippo Falco","https://www.transfermarkt.com/filippo-falco/profil/spieler/70689","Right Winger","32","Italy","Carrarese","Serie B","Italy",0,FALSE,NA,"Summer",NA,NA,NA,NA
"CFR Cluj","SuperLiga","Romania","2024","Departures","Armend Thaqi","https://www.transfermarkt.com/armend-thaqi/profil/spieler/596915","Right-Back","31","Kosovo","SC Gjilani","Superliga e Kosovës","Kosovo",0,FALSE,NA,"Summer",6,5,0,245
"CFR Cluj","SuperLiga","Romania","2024","Departures","Petar Mamic","https://www.transfermarkt.com/petar-mamic/profil/spieler/226082","Left-Back","28","Croatia","Zrinjski Mostar","Premijer Liga BiH","Bosnia-Herzegovina",0,FALSE,NA,"Summer",NA,NA,NA,NA
"CFR Cluj","SuperLiga","Romania","2024","Departures","Isaac Nortey","https://www.transfermarkt.com/isaac-nortey/profil/spieler/807786","Defensive Midfield","24","Ghana","EN Paralimniou","Cyprus League","Cyprus",0,FALSE,NA,"Summer",NA,NA,NA,NA
"CFR Cluj","SuperLiga","Romania","2024","Departures","Kalifa Kujabi","https://www.transfermarkt.com/kalifa-kujabi/profil/spieler/679280","Central Midfield","24","The Gambia","FC Hermannstadt","SuperLiga","Romania",0,FALSE,NA,"Summer",NA,NA,NA,NA
"CFR Cluj","SuperLiga","Romania","2024","Departures","Laley Fofana","https://www.transfermarkt.com/laley-fofana/profil/spieler/865507","Centre-Back","24","France","Sanatatea",NA,"Romania",0,FALSE,NA,"Summer",NA,NA,NA,NA
"CFR Cluj","SuperLiga","Romania","2024","Departures","Gheorghe Gondiu","https://www.transfermarkt.com/gheorghe-gondiu/profil/spieler/635065","Centre-Forward","22","Moldova","CSM Olimpia SM",NA,"Romania",0,FALSE,NA,"Summer",NA,NA,NA,NA
"CFR Cluj","SuperLiga","Romania","2024","Departures","Sergiu Luca","https://www.transfermarkt.com/sergiu-luca/profil/spieler/675504","Defensive Midfield","23","Romania","ACS Tg. Mures",NA,"Romania",0,FALSE,NA,"Summer",NA,NA,NA,NA
"CFR Cluj","SuperLiga","Romania","2024","Departures","David Ciubăncan","https://www.transfermarkt.com/david-ciubancan/profil/spieler/1006106","Centre-Forward","20","Romania","Minaur",NA,"Romania",NA,TRUE,"loan transfer","Summer",NA,NA,NA,NA
"CFR Cluj","SuperLiga","Romania","2024","Departures","Mohamed Diomande","https://www.transfermarkt.com/mohamed-diomande/profil/spieler/1399971","Centre-Back","20","Cote d'Ivoire","CSM Olimpia SM",NA,"Romania",NA,TRUE,"loan transfer","Summer",NA,NA,NA,NA
"CFR Cluj","SuperLiga","Romania","2024","Departures","Moussa Samake","https://www.transfermarkt.com/moussa-samake/profil/spieler/1185785","Centre-Forward","19","Mali","ACSM Reșița","Liga 2","Romania",NA,TRUE,"loan transfer","Summer",NA,NA,NA,NA
"CFR Cluj","SuperLiga","Romania","2024","Departures","Dominik Șoptirean","https://www.transfermarkt.com/dominik-soptirean/profil/spieler/820240","Centre-Back","19","Romania","Unirea Dej",NA,"Romania",NA,TRUE,"loan transfer","Summer",NA,NA,NA,NA
"CFR Cluj","SuperLiga","Romania","2024","Departures","Cristian Bălgrădean","https://www.transfermarkt.com/cristian-balgradean/profil/spieler/158839","Goalkeeper","36","Romania","Without Club",NA,NA,NA,FALSE,"-","Summer",NA,NA,NA,NA
"CFR Cluj","SuperLiga","Romania","2024","Departures","Rion Zejnullahu","https://www.transfermarkt.com/rion-zejnullahu/profil/spieler/708375","Left-Back","20","Kosovo","Without Club",NA,NA,NA,FALSE,"-","Summer",NA,NA,NA,NA
"CFR Cluj","SuperLiga","Romania","2024","Departures","Ricky Gneba","https://www.transfermarkt.com/ricky-gneba/profil/spieler/976868","Central Midfield","22","Cote d'Ivoire","Without Club",NA,NA,NA,FALSE,"-","Summer",NA,NA,NA,NA
"CFR Cluj","SuperLiga","Romania","2024","Departures","Anton Kresic","https://www.transfermarkt.com/anton-kresic/profil/spieler/226080","Centre-Back","28","Croatia","HNK Rijeka","SuperSport HNL","Croatia",NA,TRUE,"End of loan Jun 30, 2024","Summer",13,7,1,554
"CFR Cluj","SuperLiga","Romania","2024","Departures","Alan Aussi","https://www.transfermarkt.com/alan-aussi/profil/spieler/247213","Centre-Back","23","Ukraine","Ponferradina B",NA,"Spain",NA,TRUE,"End of loan Jun 30, 2024","Summer",2,1,0,2
"CFR Cluj","SuperLiga","Romania","2024","Departures","Raul Clemeniuc","https://www.transfermarkt.com/raul-clemeniuc/profil/spieler/1142791","Left Winger","17","Romania","FC Bihor","Liga 2","Romania",NA,TRUE,"End of loan Jun 30, 2024","Summer",NA,NA,NA,NA
"CFR Cluj","SuperLiga","Romania","2024","Arrivals","Lindon Emërllahu","https://www.transfermarkt.com/lindon-emerllahu/profil/spieler/892105","Defensive Midfield","22","Kosovo","FC Ballkani","Superliga e Kosovës","Kosovo",7e+05,FALSE,NA,"Winter",17,17,2,1025
"CFR Cluj","SuperLiga","Romania","2024","Arrivals","Andres Sfait","https://www.transfermarkt.com/andres-sfait/profil/spieler/808224","Left Winger","20","Romania","Salernitana","Serie B","Italy",50000,FALSE,NA,"Winter",18,7,0,187
"CFR Cluj","SuperLiga","Romania","2024","Arrivals","Stipe Juric","https://www.transfermarkt.com/stipe-juric/profil/spieler/465593","Centre-Forward","26","Bosnia-Herzegovina","Otelul Galati","SuperLiga","Romania",0,FALSE,NA,"Winter",16,9,0,106
"CFR Cluj","SuperLiga","Romania","2024","Arrivals","Sheriff Sinyan","https://www.transfermarkt.com/sheriff-sinyan/profil/spieler/394435","Centre-Back","28","The Gambia","Odd","OBOS-ligaen","Norway",0,FALSE,NA,"Winter",18,6,0,469
"CFR Cluj","SuperLiga","Romania","2024","Arrivals","Alexandru Țîrlea","https://www.transfermarkt.com/alexandru-tirlea/profil/spieler/319253","Right-Back","24","Romania","Gimnàstic","Primera Federación - Gr. I","Spain",0,FALSE,NA,"Winter",18,1,0,11
"CFR Cluj","SuperLiga","Romania","2024","Arrivals","Moustapha Name","https://www.transfermarkt.com/moustapha-name/profil/spieler/586262","Defensive Midfield","29","Senegal","Pafos FC","Cyprus League","Cyprus",NA,TRUE,"loan transfer","Winter",10,3,0,18
"CFR Cluj","SuperLiga","Romania","2024","Arrivals","Alexandru Borbei","https://www.transfermarkt.com/alexandru-borbei/profil/spieler/667640","Goalkeeper","21","Romania","Lecce","Serie A","Italy",NA,TRUE,"loan transfer","Winter",1,0,0,0
"CFR Cluj","SuperLiga","Romania","2024","Arrivals","Luka Juricic","https://www.transfermarkt.com/luka-juricic/profil/spieler/350759","Centre-Forward","28","Bosnia-Herzegovina","Pyunik Yerevan","Premier League","Armenia",NA,TRUE,"End of loan Dec 31, 2024","Winter",0,0,0,0
"CFR Cluj","SuperLiga","Romania","2024","Arrivals","Ioan Barstan","https://www.transfermarkt.com/ioan-barstan/profil/spieler/1161049","Left Winger","20","Romania","Unirea Ungheni","Liga 2","Romania",NA,TRUE,"End of loan Jan 1, 2025","Winter",2,0,0,0
"CFR Cluj","SuperLiga","Romania","2024","Arrivals","Luca Mihai","https://www.transfermarkt.com/luca-mihai/profil/spieler/608487","Central Midfield","21","Romania","ACSM Poli Iasi","SuperLiga","Romania",NA,TRUE,"End of loan Dec 31, 2024","Winter",NA,NA,NA,NA
"CFR Cluj","SuperLiga","Romania","2024","Arrivals","Dominik Șoptirean","https://www.transfermarkt.com/dominik-soptirean/profil/spieler/820240","Centre-Back","19","Romania","Unirea Dej",NA,"Romania",NA,TRUE,"End of loan Jan 31, 2025","Winter",NA,NA,NA,NA
"CFR Cluj","SuperLiga","Romania","2024","Arrivals","Alin Ferenți","https://www.transfermarkt.com/alin-ferenti/profil/spieler/1154801","Central Midfield","19","Romania","CSM Olimpia SM",NA,"Romania",NA,TRUE,"End of loan Jan 1, 2025","Winter",NA,NA,NA,NA
"CFR Cluj","SuperLiga","Romania","2024","Departures","Kader Keita","https://www.transfermarkt.com/kader-keita/profil/spieler/658835","Defensive Midfield","24","Cote d'Ivoire","FC Rapid 1923","SuperLiga","Romania",2e+05,TRUE,NA,"Winter",31,21,0,1327
"CFR Cluj","SuperLiga","Romania","2024","Departures","Vasile Mogoș","https://www.transfermarkt.com/vasile-mogos/profil/spieler/324214","Right-Back","32","Romania","CS U Craiova","SuperLiga","Romania",0,FALSE,NA,"Winter",27,22,1,1466
"CFR Cluj","SuperLiga","Romania","2024","Departures","Andrei Artean","https://www.transfermarkt.com/andrei-artean/profil/spieler/241254","Defensive Midfield","31","Romania","U Cluj","SuperLiga","Romania",0,FALSE,NA,"Winter",30,23,0,1099
"CFR Cluj","SuperLiga","Romania","2024","Departures","Alan Aussi","https://www.transfermarkt.com/alan-aussi/profil/spieler/247213","Centre-Back","23","Ukraine","F91 Dudelange","BGL Ligue","Luxembourg",0,FALSE,NA,"Winter",2,1,0,2
"CFR Cluj","SuperLiga","Romania","2024","Departures","Tudor Lucaci","https://www.transfermarkt.com/tudor-lucaci/profil/spieler/1060188","Central Midfield","21","Romania","CSM Olimpia SM",NA,"Romania",0,FALSE,NA,"Winter",3,0,0,0
"CFR Cluj","SuperLiga","Romania","2024","Departures","Anton Kresic","https://www.transfermarkt.com/anton-kresic/profil/spieler/226080","Centre-Back","29","Croatia","HNK Gorica","SuperSport HNL","Croatia",NA,TRUE,"loan transfer","Winter",13,7,1,554
"CFR Cluj","SuperLiga","Romania","2024","Departures","Matija Boben","https://www.transfermarkt.com/matija-boben/profil/spieler/149810","Centre-Back","30","Slovenia","ACSM Poli Iasi","SuperLiga","Romania",NA,TRUE,"loan transfer","Winter",28,12,0,1018
"CFR Cluj","SuperLiga","Romania","2024","Departures","Peter Michael","https://www.transfermarkt.com/peter-michael/profil/spieler/569955","Centre-Forward","26","Nigeria","Ironi Tiberias","Ligat ha'Al","Israel",NA,TRUE,"loan transfer","Winter",30,20,2,513
"CFR Cluj","SuperLiga","Romania","2024","Departures","Robert Filip","https://www.transfermarkt.com/robert-filip/profil/spieler/692121","Central Midfield","22","Romania","FC Botosani","SuperLiga","Romania",NA,TRUE,"loan transfer","Winter",25,5,1,114
"CFR Cluj","SuperLiga","Romania","2024","Departures","Luca Mihai","https://www.transfermarkt.com/luca-mihai/profil/spieler/608487","Central Midfield","21","Romania","FC Buzău","SuperLiga","Romania",NA,TRUE,"loan transfer","Winter",NA,NA,NA,NA
"CFR Cluj","SuperLiga","Romania","2024","Departures","Valentin Serebe","https://www.transfermarkt.com/valentin-serebe/profil/spieler/1185784","Centre-Forward","22","Cote d'Ivoire","FC Ballkani","Superliga e Kosovës","Kosovo",NA,TRUE,"loan transfer","Winter",NA,NA,NA,NA
"CFR Cluj","SuperLiga","Romania","2024","Departures","Viktor Kun","https://www.transfermarkt.com/viktor-kun/profil/spieler/1043574","Central Midfield","20","Romania","Unirea Dej",NA,"Romania",NA,TRUE,"loan transfer","Winter",9,0,0,0
"CFR Cluj","SuperLiga","Romania","2024","Departures","Emmanuel Mensah","https://www.transfermarkt.com/emmanuel-mensah/profil/spieler/1063914","Centre-Forward","20","Ghana","FC Arges","Liga 2","Romania",NA,TRUE,"loan transfer","Winter",1,0,0,0
"CFR Cluj","SuperLiga","Romania","2024","Departures","Alin Ferenți","https://www.transfermarkt.com/alin-ferenti/profil/spieler/1154801","Central Midfield","19","Romania","SR Brasov",NA,"Romania",NA,TRUE,"loan transfer","Winter",NA,NA,NA,NA
"CFR Cluj","SuperLiga","Romania","2024","Departures","Dominik Șoptirean","https://www.transfermarkt.com/dominik-soptirean/profil/spieler/820240","Centre-Back","19","Romania","Unirea Ungheni","Liga 2","Romania",NA,TRUE,"loan transfer","Winter",NA,NA,NA,NA
"CFR Cluj","SuperLiga","Romania","2024","Departures","Mihai Răcășan","https://www.transfermarkt.com/mihai-racasan/profil/spieler/1230460","Goalkeeper","17","Romania","Slatina","Liga 2","Romania",NA,TRUE,"loan transfer","Winter",2,0,0,0
"FC Rapid 1923","SuperLiga","Romania","2024","Arrivals","Timotej Jambor","https://www.transfermarkt.com/timotej-jambor/profil/spieler/582384","Centre-Forward","21","Slovakia","MSK Zilina","Niké Liga","Slovakia",1e+06,FALSE,NA,"Summer",17,11,0,416
"FC Rapid 1923","SuperLiga","Romania","2024","Arrivals","Tobias Christensen","https://www.transfermarkt.com/tobias-christensen/profil/spieler/370894","Central Midfield","24","Norway","Fehérvár","NB I.","Hungary",7e+05,FALSE,NA,"Summer",34,34,3,2844
"FC Rapid 1923","SuperLiga","Romania","2024","Arrivals","Rareș Pop","https://www.transfermarkt.com/rares-pop/profil/spieler/837240","Right Winger","19","Romania","UTA Arad","SuperLiga","Romania",7e+05,FALSE,NA,"Summer",42,26,4,1051
"FC Rapid 1923","SuperLiga","Romania","2024","Arrivals","Jakub Hromada","https://www.transfermarkt.com/jakub-hromada/profil/spieler/186380","Defensive Midfield","28","Slovakia","Slavia Prague","Chance Liga","Czech Republic",5e+05,FALSE,NA,"Summer",22,18,0,1044
"FC Rapid 1923","SuperLiga","Romania","2024","Arrivals","Constantin Grameni","https://www.transfermarkt.com/constantin-grameni/profil/spieler/568578","Central Midfield","21","Romania","FCV Farul","SuperLiga","Romania",4e+05,FALSE,NA,"Summer",33,20,1,675
"FC Rapid 1923","SuperLiga","Romania","2024","Arrivals","Alexandru Pașcanu","https://www.transfermarkt.com/alexandru-pascanu/profil/spieler/421258","Centre-Back","25","Romania","Ponferradina","Primera Federación - Gr. I","Spain",350000,FALSE,NA,"Summer",36,34,3,2965
"FC Rapid 1923","SuperLiga","Romania","2024","Arrivals","Filip Blazek","https://www.transfermarkt.com/filip-blazek/profil/spieler/405501","Centre-Back","26","Slovakia","Banik Ostrava","Chance Liga","Czech Republic",250000,FALSE,NA,"Summer",19,5,1,368
"FC Rapid 1923","SuperLiga","Romania","2024","Arrivals","Diogo Mendes","https://www.transfermarkt.com/diogo-mendes/profil/spieler/396443","Defensive Midfield","26","Cape Verde","Marítimo","Liga Portugal 2","Portugal",2e+05,FALSE,NA,"Summer",5,2,0,133
"FC Rapid 1923","SuperLiga","Romania","2024","Arrivals","Luka Gojkovic","https://www.transfermarkt.com/luka-gojkovic/profil/spieler/652618","Attacking Midfield","24","Serbia","Javor-Matis","Prva liga Srbije","Serbia",150000,FALSE,NA,"Summer",39,23,1,1030
"FC Rapid 1923","SuperLiga","Romania","2024","Arrivals","Aaron Boupendza","https://www.transfermarkt.com/aaron-boupendza/profil/spieler/427605","Centre-Forward","28","Gabon","Cincinnati","MLS","United States",0,FALSE,NA,"Summer",11,11,5,942
"FC Rapid 1923","SuperLiga","Romania","2024","Arrivals","Cristian Manea","https://www.transfermarkt.com/cristian-manea/profil/spieler/271284","Right-Back","26","Romania","CFR Cluj","SuperLiga","Romania",0,FALSE,NA,"Summer",39,28,1,2291
"FC Rapid 1923","SuperLiga","Romania","2024","Arrivals","Clinton N'Jie","https://www.transfermarkt.com/clinton-njie/profil/spieler/241119","Right Winger","31","Cameroon","Sivasspor","Süper Lig","Türkiye",0,FALSE,NA,"Summer",19,12,2,466
"FC Rapid 1923","SuperLiga","Romania","2024","Arrivals","Benjamin Siegrist","https://www.transfermarkt.com/benjamin-siegrist/profil/spieler/111426","Goalkeeper","32","Switzerland","Celtic","Premiership","Scotland",NA,FALSE,"?","Summer",16,13,0,1170
"FC Rapid 1923","SuperLiga","Romania","2024","Arrivals","Alexandru Dobre","https://www.transfermarkt.com/alexandru-dobre/profil/spieler/365770","Right Winger","26","Romania","Without Club",NA,NA,NA,FALSE,"-","Summer",32,32,8,2054
"FC Rapid 1923","SuperLiga","Romania","2024","Arrivals","Eduard Dănilă","https://www.transfermarkt.com/eduard-danila/profil/spieler/1144433","Left Midfield","18","Romania","Rapid 1923 U18",NA,"Romania",NA,FALSE,"-","Summer",NA,NA,NA,NA
"FC Rapid 1923","SuperLiga","Romania","2024","Arrivals","Gabriel Gheorghe","https://www.transfermarkt.com/gabriel-gheorghe/profil/spieler/1011492","Attacking Midfield","17","Romania","Rapid 1923 U18",NA,"Romania",NA,FALSE,"-","Summer",5,1,0,11
"FC Rapid 1923","SuperLiga","Romania","2024","Arrivals","Claudiu Micovschi","https://www.transfermarkt.com/claudiu-micovschi/profil/spieler/319231","Left Winger","25","Romania","UTA Arad","SuperLiga","Romania",NA,TRUE,"End of loan Jun 30, 2024","Summer",39,29,0,1032
"FC Rapid 1923","SuperLiga","Romania","2024","Arrivals","Cătălin Vulturar","https://www.transfermarkt.com/catalin-vulturar/profil/spieler/710079","Defensive Midfield","20","Romania","UTA Arad","SuperLiga","Romania",NA,TRUE,"End of loan Jun 30, 2024","Summer",31,9,0,446
"FC Rapid 1923","SuperLiga","Romania","2024","Arrivals","Kévin Soni","https://www.transfermarkt.com/kevin-soni/profil/spieler/353959","Centre-Forward","26","Cameroon","H. Jerusalem","Ligat ha'Al","Israel",NA,TRUE,"End of loan Jun 30, 2024","Summer",NA,NA,NA,NA
"FC Rapid 1923","SuperLiga","Romania","2024","Arrivals","Cristian Ignat","https://www.transfermarkt.com/cristian-ignat/profil/spieler/716054","Centre-Back","21","Romania","CS Mioveni","Liga 2","Romania",NA,TRUE,"End of loan Jun 30, 2024","Summer",41,30,0,2267
"FC Rapid 1923","SuperLiga","Romania","2024","Arrivals","Ștefan Pănoiu","https://www.transfermarkt.com/stefan-panoiu/profil/spieler/710063","Right Winger","21","Romania","U Cluj","SuperLiga","Romania",NA,TRUE,"End of loan Jun 30, 2024","Summer",NA,NA,NA,NA
"FC Rapid 1923","SuperLiga","Romania","2024","Arrivals","Alexandru Stan","https://www.transfermarkt.com/alexandru-stan/profil/spieler/1088535","Centre-Forward","18","Romania","CS Mioveni","Liga 2","Romania",NA,TRUE,"End of loan Jun 30, 2024","Summer",1,0,0,0
"FC Rapid 1923","SuperLiga","Romania","2024","Arrivals","Alexandru Crivac","https://www.transfermarkt.com/alexandru-crivac/profil/spieler/568577","Defensive Midfield","22","Romania","Progresul Sp.","Liga 2","Romania",NA,TRUE,"End of loan Jun 30, 2024","Summer",NA,NA,NA,NA
"FC Rapid 1923","SuperLiga","Romania","2024","Arrivals","Antonio Dumitrescu","https://www.transfermarkt.com/antonio-dumitrescu/profil/spieler/967399","Right Winger","21","Romania","Gloria Baneasa",NA,"Romania",NA,TRUE,"End of loan Jun 30, 2024","Summer",NA,NA,NA,NA
"FC Rapid 1923","SuperLiga","Romania","2024","Arrivals","Codruț Sandu","https://www.transfermarkt.com/codrut-sandu/profil/spieler/937038","Goalkeeper","18","Romania","LPSHD Clinceni",NA,"Romania",NA,TRUE,"End of loan Jun 30, 2024","Summer",NA,NA,NA,NA
"FC Rapid 1923","SuperLiga","Romania","2024","Departures","Albion Rrahmani","https://www.transfermarkt.com/albion-rrahmani/profil/spieler/903706","Centre-Forward","23","Kosovo","Sparta Prague","Chance Liga","Czech Republic",5e+06,FALSE,NA,"Summer",4,3,1,182
"FC Rapid 1923","SuperLiga","Romania","2024","Departures","Ermal Krasniqi","https://www.transfermarkt.com/ermal-krasniqi/profil/spieler/606893","Left Winger","25","Kosovo","Sparta Prague","Chance Liga","Czech Republic",2e+06,FALSE,NA,"Summer",NA,NA,NA,NA
"FC Rapid 1923","SuperLiga","Romania","2024","Departures","Funsho Bamgboye","https://www.transfermarkt.com/funsho-bamgboye/profil/spieler/401921","Right Winger","25","Nigeria","Hatayspor","Süper Lig","Türkiye",0,FALSE,NA,"Summer",NA,NA,NA,NA
"FC Rapid 1923","SuperLiga","Romania","2024","Departures","Alexandru Albu","https://www.transfermarkt.com/alexandru-albu/profil/spieler/372908","Defensive Midfield","30","Romania","Al-Hazem","Saudi First Division League","Saudi Arabia",0,FALSE,NA,"Summer",NA,NA,NA,NA
"FC Rapid 1923","SuperLiga","Romania","2024","Departures","Răzvan Oaidă","https://www.transfermarkt.com/razvan-oaida/profil/spieler/341141","Defensive Midfield","26","Romania","U Cluj","SuperLiga","Romania",0,FALSE,NA,"Summer",8,6,0,314
"FC Rapid 1923","SuperLiga","Romania","2024","Departures","Iulian Cristea","https://www.transfermarkt.com/iulian-cristea/profil/spieler/331971","Centre-Back","29","Romania","U Cluj","SuperLiga","Romania",0,FALSE,NA,"Summer",NA,NA,NA,NA
"FC Rapid 1923","SuperLiga","Romania","2024","Departures","Ștefan Pănoiu","https://www.transfermarkt.com/stefan-panoiu/profil/spieler/710063","Right Winger","21","Romania","FC Botosani","SuperLiga","Romania",0,FALSE,NA,"Summer",NA,NA,NA,NA
"FC Rapid 1923","SuperLiga","Romania","2024","Departures","Damjan Djokovic","https://www.transfermarkt.com/damjan-djokovic/profil/spieler/143039","Central Midfield","34","Croatia","CFR Cluj","SuperLiga","Romania",0,FALSE,NA,"Summer",NA,NA,NA,NA
"FC Rapid 1923","SuperLiga","Romania","2024","Departures","Dragoș Grigore","https://www.transfermarkt.com/dragos-grigore/profil/spieler/95182","Centre-Back","37","Romania","FC Buzău","SuperLiga","Romania",0,FALSE,NA,"Summer",NA,NA,NA,NA
"FC Rapid 1923","SuperLiga","Romania","2024","Departures","Alexandru Crivac","https://www.transfermarkt.com/alexandru-crivac/profil/spieler/568577","Defensive Midfield","22","Romania","Alexandria",NA,"Romania",0,FALSE,NA,"Summer",NA,NA,NA,NA
"FC Rapid 1923","SuperLiga","Romania","2024","Departures","Antonio Dumitrescu","https://www.transfermarkt.com/antonio-dumitrescu/profil/spieler/967399","Right Winger","21","Romania","Progresul Sp.",NA,"Romania",0,FALSE,NA,"Summer",NA,NA,NA,NA
"FC Rapid 1923","SuperLiga","Romania","2024","Departures","Jayson Papeau","https://www.transfermarkt.com/jayson-papeau/profil/spieler/665525","Left Winger","28","France","Al-Markhiya SC","Qatari Second Division","Qatar",NA,FALSE,"?","Summer",8,8,1,385
"FC Rapid 1923","SuperLiga","Romania","2024","Departures","Robert Bădescu","https://www.transfermarkt.com/robert-badescu/profil/spieler/912091","Left-Back","19","Romania","CS Mioveni","Liga 2","Romania",NA,TRUE,"loan transfer","Summer",16,1,0,90
"FC Rapid 1923","SuperLiga","Romania","2024","Departures","Alexandru Stan","https://www.transfermarkt.com/alexandru-stan/profil/spieler/1088535","Centre-Forward","18","Romania","FC Buzău","SuperLiga","Romania",NA,TRUE,"loan transfer","Summer",1,0,0,0
"FC Rapid 1923","SuperLiga","Romania","2024","Departures","Omar El Sawy","https://www.transfermarkt.com/omar-el-sawy/profil/spieler/863557","Right Winger","20","Romania","Sepsi OSK","SuperLiga","Romania",NA,TRUE,"loan transfer","Summer",8,3,0,38
"FC Rapid 1923","SuperLiga","Romania","2024","Departures","Eduard Dănilă","https://www.transfermarkt.com/eduard-danila/profil/spieler/1144433","Left Midfield","18","Romania","CS Mioveni","Liga 2","Romania",NA,TRUE,"loan transfer","Summer",NA,NA,NA,NA
"FC Rapid 1923","SuperLiga","Romania","2024","Departures","Gabriel Gheorghe","https://www.transfermarkt.com/gabriel-gheorghe/profil/spieler/1011492","Attacking Midfield","17","Romania","FC Arges","Liga 2","Romania",NA,TRUE,"loan transfer","Summer",5,1,0,11
"FC Rapid 1923","SuperLiga","Romania","2024","Departures","Codruț Sandu","https://www.transfermarkt.com/codrut-sandu/profil/spieler/937038","Goalkeeper","18","Romania","FC U Craiova","Liga 2","Romania",NA,TRUE,"loan transfer","Summer",NA,NA,NA,NA
"FC Rapid 1923","SuperLiga","Romania","2024","Departures","Kévin Soni","https://www.transfermarkt.com/kevin-soni/profil/spieler/353959","Centre-Forward","26","Cameroon","Without Club",NA,NA,NA,FALSE,"-","Summer",NA,NA,NA,NA
"FC Rapid 1923","SuperLiga","Romania","2024","Departures","Virgil Drăghia","https://www.transfermarkt.com/virgil-draghia/profil/spieler/122652","Goalkeeper","33","Romania","Without Club",NA,NA,NA,FALSE,"-","Summer",NA,NA,NA,NA
"FC Rapid 1923","SuperLiga","Romania","2024","Departures","Jakub Hromada","https://www.transfermarkt.com/jakub-hromada/profil/spieler/186380","Defensive Midfield","28","Slovakia","Slavia Prague","Chance Liga","Czech Republic",NA,TRUE,"End of loan Jun 30, 2024","Summer",22,18,0,1044
"FC Rapid 1923","SuperLiga","Romania","2024","Departures","Cătălin Cîrjan","https://www.transfermarkt.com/catalin-cirjan/profil/spieler/575219","Central Midfield","21","Romania","Arsenal U21","Premier League 2","England",NA,TRUE,"End of loan Jun 30, 2024","Summer",NA,NA,NA,NA
"FC Rapid 1923","SuperLiga","Romania","2024","Arrivals","Kader Keita","https://www.transfermarkt.com/kader-keita/profil/spieler/658835","Defensive Midfield","24","Cote d'Ivoire","CFR Cluj","SuperLiga","Romania",2e+05,TRUE,NA,"Winter",12,10,0,719
"FC Rapid 1923","SuperLiga","Romania","2024","Arrivals","Elvir Koljic","https://www.transfermarkt.com/elvir-koljic/profil/spieler/296695","Centre-Forward","29","Bosnia-Herzegovina","CS U Craiova","SuperLiga","Romania",1e+05,FALSE,NA,"Winter",14,12,2,739
"FC Rapid 1923","SuperLiga","Romania","2024","Arrivals","Denis Ciobotariu","https://www.transfermarkt.com/denis-ciobotariu/profil/spieler/428593","Centre-Back","26","Romania","Sepsi OSK","SuperLiga","Romania",50000,FALSE,NA,"Winter",20,20,3,1755
"FC Rapid 1923","SuperLiga","Romania","2024","Arrivals","Peter Ademo","https://www.transfermarkt.com/peter-ademo/profil/spieler/940764","Defensive Midfield","22","Nigeria","FC Sheriff","Super Liga (Phase 2)","Moldova",50000,TRUE,NA,"Winter",13,7,0,250
"FC Rapid 1923","SuperLiga","Romania","2024","Arrivals","David Ankeye","https://www.transfermarkt.com/david-ankeye/profil/spieler/881610","Centre-Forward","22","Nigeria","Genoa","Serie A","Italy",NA,TRUE,"loan transfer","Winter",14,9,0,173
"FC Rapid 1923","SuperLiga","Romania","2024","Arrivals","Franz Stolz","https://www.transfermarkt.com/franz-stolz/profil/spieler/462699","Goalkeeper","23","Austria","Genoa","Serie A","Italy",NA,TRUE,"loan transfer","Winter",19,5,0,361
"FC Rapid 1923","SuperLiga","Romania","2024","Arrivals","Alexandru Dobre","https://www.transfermarkt.com/alexandru-dobre/profil/spieler/365770","Right Winger","26","Romania","Without Club",NA,NA,NA,FALSE,"-","Winter",32,32,8,2054
"FC Rapid 1923","SuperLiga","Romania","2024","Arrivals","Dinu Moldovan","https://www.transfermarkt.com/dinu-moldovan/profil/spieler/129501","Goalkeeper","34","Romania","Without Club",NA,NA,NA,FALSE,"-","Winter",0,0,0,0
"FC Rapid 1923","SuperLiga","Romania","2024","Arrivals","Robert Bădescu","https://www.transfermarkt.com/robert-badescu/profil/spieler/912091","Left-Back","19","Romania","CS Mioveni","Liga 2","Romania",NA,TRUE,"End of loan Nov 15, 2024","Winter",16,1,0,90
"FC Rapid 1923","SuperLiga","Romania","2024","Arrivals","Alexandru Stan","https://www.transfermarkt.com/alexandru-stan/profil/spieler/1088535","Centre-Forward","19","Romania","FC Buzău","SuperLiga","Romania",NA,TRUE,"End of loan Jan 10, 2025","Winter",1,0,0,0
"FC Rapid 1923","SuperLiga","Romania","2024","Arrivals","Eduard Dănilă","https://www.transfermarkt.com/eduard-danila/profil/spieler/1144433","Left Midfield","18","Romania","CS Mioveni","Liga 2","Romania",NA,TRUE,"End of loan Dec 31, 2024","Winter",NA,NA,NA,NA
"FC Rapid 1923","SuperLiga","Romania","2024","Arrivals","Rareș Stanciu","https://www.transfermarkt.com/rares-stanciu/profil/spieler/1239789","Attacking Midfield","19","Romania","CS Tunari",NA,"Romania",NA,TRUE,"End of loan Dec 31, 2024","Winter",NA,NA,NA,NA
"FC Rapid 1923","SuperLiga","Romania","2024","Departures","Aaron Boupendza","https://www.transfermarkt.com/aaron-boupendza/profil/spieler/427605","Centre-Forward","28","Gabon","ZJ FC","Super League","China",8e+05,FALSE,NA,"Winter",11,11,5,942
"FC Rapid 1923","SuperLiga","Romania","2024","Departures","Florent Hasani","https://www.transfermarkt.com/florent-hasani/profil/spieler/497188","Attacking Midfield","27","Kosovo","Boluspor","1.Lig","Türkiye",0,FALSE,NA,"Winter",22,16,1,626
"FC Rapid 1923","SuperLiga","Romania","2024","Departures","Paul Iacob","https://www.transfermarkt.com/paul-iacob/profil/spieler/303359","Centre-Back","28","Romania","FC Botosani","SuperLiga","Romania",NA,TRUE,"loan transfer","Winter",10,5,0,311
"FC Rapid 1923","SuperLiga","Romania","2024","Departures","Benjamin Siegrist","https://www.transfermarkt.com/benjamin-siegrist/profil/spieler/111426","Goalkeeper","32","Switzerland","Genoa","Serie A","Italy",NA,TRUE,"loan transfer","Winter",16,13,0,1170
"FC Rapid 1923","SuperLiga","Romania","2024","Departures","Timotej Jambor","https://www.transfermarkt.com/timotej-jambor/profil/spieler/582384","Centre-Forward","21","Slovakia","MSK Zilina","Niké Liga","Slovakia",NA,TRUE,"loan transfer","Winter",17,11,0,416
"FC Rapid 1923","SuperLiga","Romania","2024","Departures","Filip Blazek","https://www.transfermarkt.com/filip-blazek/profil/spieler/405501","Centre-Back","26","Slovakia","Unirea Slobozia","SuperLiga","Romania",NA,TRUE,"loan transfer","Winter",19,5,1,368
"FC Rapid 1923","SuperLiga","Romania","2024","Departures","Alexandru Stan","https://www.transfermarkt.com/alexandru-stan/profil/spieler/1088535","Centre-Forward","19","Romania","Otelul Galati","SuperLiga","Romania",NA,TRUE,"loan transfer","Winter",1,0,0,0
"FC Rapid 1923","SuperLiga","Romania","2024","Departures","Bogdan Ungureanu","https://www.transfermarkt.com/bogdan-ungureanu/profil/spieler/1008258","Goalkeeper","17","Romania","Corvinul","Liga 2","Romania",NA,TRUE,"loan transfer","Winter",9,1,0,90
"FC Rapid 1923","SuperLiga","Romania","2024","Departures","Eduard Dănilă","https://www.transfermarkt.com/eduard-danila/profil/spieler/1144433","Left Midfield","18","Romania","Campulung","Liga 2","Romania",NA,TRUE,"loan transfer","Winter",NA,NA,NA,NA
"FC Rapid 1923","SuperLiga","Romania","2024","Departures","Rareș Stanciu","https://www.transfermarkt.com/rares-stanciu/profil/spieler/1239789","Attacking Midfield","20","Romania","Progresul Sp.",NA,"Romania",NA,TRUE,"loan transfer","Winter",NA,NA,NA,NA
"CS Universitatea Craiova","SuperLiga","Romania","2024","Arrivals","Jovo Lukic","https://www.transfermarkt.com/jovo-lukic/profil/spieler/457738","Centre-Forward","25","Bosnia-Herzegovina","B. Banja Luka","Premijer Liga BiH","Bosnia-Herzegovina",4e+05,FALSE,NA,"Summer",31,31,2,1226
"CS Universitatea Craiova","SuperLiga","Romania","2024","Arrivals","Carlos Mora","https://www.transfermarkt.com/carlos-mora/profil/spieler/740789","Right Winger","23","Costa Rica","LD Alajuelense","Clausura Finale","Costa Rica",340000,FALSE,NA,"Summer",45,39,2,2374
"CS Universitatea Craiova","SuperLiga","Romania","2024","Arrivals","Alexandru Cicâldău","https://www.transfermarkt.com/alexandru-cicaldau/profil/spieler/295810","Attacking Midfield","27","Romania","Galatasaray","Süper Lig","Türkiye",0,FALSE,NA,"Summer",19,15,3,847
"CS Universitatea Craiova","SuperLiga","Romania","2024","Arrivals","Grego Sierra","https://www.transfermarkt.com/grego-sierra/profil/spieler/253905","Centre-Back","31","Spain","Burgos CF","LaLiga2","Spain",0,FALSE,NA,"Summer",25,11,1,858
"CS Universitatea Craiova","SuperLiga","Romania","2024","Arrivals","Takuto Oshima","https://www.transfermarkt.com/takuto-oshima/profil/spieler/775886","Defensive Midfield","26","Japan","Cracovia","Ekstraklasa","Poland",0,FALSE,NA,"Summer",42,39,1,2759
"CS Universitatea Craiova","SuperLiga","Romania","2024","Arrivals","Silviu Lung Jr.","https://www.transfermarkt.com/silviu-lung-jr-/profil/spieler/73731","Goalkeeper","35","Romania","ACSM Poli Iasi","SuperLiga","Romania",0,FALSE,NA,"Summer",46,7,0,660
"CS Universitatea Craiova","SuperLiga","Romania","2024","Arrivals","Relu Stoian","https://www.transfermarkt.com/relu-stoian/profil/spieler/315468","Goalkeeper","28","Romania","Otelul Galati","SuperLiga","Romania",0,FALSE,NA,"Summer",21,0,0,0
"CS Universitatea Craiova","SuperLiga","Romania","2024","Arrivals","Luis Paradela","https://www.transfermarkt.com/luis-paradela/profil/spieler/610749","Left Winger","27","Cuba","Saprissa","Primera División Clausura","Costa Rica",NA,TRUE,"loan transfer","Summer",21,21,3,1124
"CS Universitatea Craiova","SuperLiga","Romania","2024","Arrivals","Iago López","https://www.transfermarkt.com/iago-lopez/profil/spieler/572299","Right-Back","25","Spain","Without Club",NA,NA,NA,FALSE,"-","Summer",28,5,0,315
"CS Universitatea Craiova","SuperLiga","Romania","2024","Arrivals","Denis Benga","https://www.transfermarkt.com/denis-benga/profil/spieler/869983","Left-Back","19","Romania","Gloria Bistrita",NA,"Romania",NA,FALSE,"-","Summer",1,0,0,0
"CS Universitatea Craiova","SuperLiga","Romania","2024","Arrivals","David Barbu","https://www.transfermarkt.com/david-barbu/profil/spieler/1040566","Centre-Forward","18","Romania","CSU Craiova U19",NA,"Romania",NA,FALSE,"-","Summer",44,16,1,364
"CS Universitatea Craiova","SuperLiga","Romania","2024","Arrivals","Alexandru Cîmpanu","https://www.transfermarkt.com/alexandru-cimpanu/profil/spieler/687846","Right Winger","23","Romania","U Cluj","SuperLiga","Romania",NA,TRUE,"End of loan Jan 13, 2024","Summer",NA,NA,NA,NA
"CS Universitatea Craiova","SuperLiga","Romania","2024","Arrivals","Ante Roguljic","https://www.transfermarkt.com/ante-roguljic/profil/spieler/226090","Attacking Midfield","28","Croatia","U Cluj","SuperLiga","Romania",NA,TRUE,"End of loan Jun 30, 2024","Summer",NA,NA,NA,NA
"CS Universitatea Craiova","SuperLiga","Romania","2024","Arrivals","Alexandru Ișfan","https://www.transfermarkt.com/alexandru-isfan/profil/spieler/672055","Right Winger","24","Romania","Petrolul","SuperLiga","Romania",NA,TRUE,"End of loan Jul 23, 2024","Summer",NA,NA,NA,NA
"CS Universitatea Craiova","SuperLiga","Romania","2024","Arrivals","Alexandru Ișfan","https://www.transfermarkt.com/alexandru-isfan/profil/spieler/672055","Right Winger","25","Romania","FC Buzău","SuperLiga","Romania",NA,TRUE,"End of loan Jun 30, 2025","Summer",NA,NA,NA,NA
"CS Universitatea Craiova","SuperLiga","Romania","2024","Arrivals","Atanas Trică","https://www.transfermarkt.com/atanas-trica/profil/spieler/896370","Centre-Forward","19","Romania","CS Tunari","Liga 2","Romania",NA,TRUE,"End of loan Jun 30, 2024","Summer",NA,NA,NA,NA
"CS Universitatea Craiova","SuperLiga","Romania","2024","Arrivals","David Sala","https://www.transfermarkt.com/david-sala/profil/spieler/975195","Defensive Midfield","19","Romania","Alexandria","Liga 2","Romania",NA,TRUE,"End of loan Jun 30, 2024","Summer",NA,NA,NA,NA
"CS Universitatea Craiova","SuperLiga","Romania","2024","Arrivals","Denis Benga","https://www.transfermarkt.com/denis-benga/profil/spieler/869983","Left-Back","18","Romania","Ceahlaul","Liga 2","Romania",NA,TRUE,"End of loan Jun 30, 2024","Summer",1,0,0,0
"CS Universitatea Craiova","SuperLiga","Romania","2024","Departures","Alexandru Mitriță","https://www.transfermarkt.com/alexandru-mitrita/profil/spieler/209649","Left Winger","30","Romania","ZJ FC","Super League","China",2e+06,FALSE,NA,"Summer",42,42,21,3413
"CS Universitatea Craiova","SuperLiga","Romania","2024","Departures","Alexandru Crețu","https://www.transfermarkt.com/alexandru-cretu/profil/spieler/216661","Defensive Midfield","32","Romania","Al-Wehda","Saudi Pro League","Saudi Arabia",6e+05,FALSE,NA,"Summer",7,7,0,411
"CS Universitatea Craiova","SuperLiga","Romania","2024","Departures","Pyry Soiri","https://www.transfermarkt.com/pyry-soiri/profil/spieler/224458","Right-Back","29","Finland","Kallithea","Super League 1","Greece",150000,FALSE,NA,"Summer",NA,NA,NA,NA
"CS Universitatea Craiova","SuperLiga","Romania","2024","Departures","Ante Roguljic","https://www.transfermarkt.com/ante-roguljic/profil/spieler/226090","Attacking Midfield","28","Croatia","Anorthosis","Cyprus League","Cyprus",0,FALSE,NA,"Summer",NA,NA,NA,NA
"CS Universitatea Craiova","SuperLiga","Romania","2024","Departures","Raúl Silva","https://www.transfermarkt.com/raul-silva/profil/spieler/164705","Centre-Back","34","Brazil","Farense","Liga Portugal","Portugal",0,FALSE,NA,"Summer",NA,NA,NA,NA
"CS Universitatea Craiova","SuperLiga","Romania","2024","Departures","Alexandru Mateiu","https://www.transfermarkt.com/alexandru-mateiu/profil/spieler/64193","Central Midfield","34","Romania","Petrolul","SuperLiga","Romania",0,FALSE,NA,"Summer",NA,NA,NA,NA
"CS Universitatea Craiova","SuperLiga","Romania","2024","Departures","Atanas Trică","https://www.transfermarkt.com/atanas-trica/profil/spieler/896370","Centre-Forward","19","Romania","Slatina","Liga 2","Romania",0,FALSE,NA,"Summer",NA,NA,NA,NA
"CS Universitatea Craiova","SuperLiga","Romania","2024","Departures","Zvonimir Kozulj","https://www.transfermarkt.com/zvonimir-kozulj/profil/spieler/194205","Central Midfield","30","Bosnia-Herzegovina","Siroki Brijeg","Premijer Liga BiH","Bosnia-Herzegovina",0,FALSE,NA,"Summer",NA,NA,NA,NA
"CS Universitatea Craiova","SuperLiga","Romania","2024","Departures","Karlo Tomasec","https://www.transfermarkt.com/karlo-tomasec/profil/spieler/945463","Centre-Back","20","Croatia","CSKA 1948 II","Vtora Liga","Bulgaria",0,FALSE,NA,"Summer",NA,NA,NA,NA
"CS Universitatea Craiova","SuperLiga","Romania","2024","Departures","David Sala","https://www.transfermarkt.com/david-sala/profil/spieler/975195","Defensive Midfield","19","Romania","FC Bihor","Liga 2","Romania",0,FALSE,NA,"Summer",NA,NA,NA,NA
"CS Universitatea Craiova","SuperLiga","Romania","2024","Departures","Jovan Marković","https://www.transfermarkt.com/jovan-markovic/profil/spieler/418235","Centre-Forward","23","Romania","FC Hermannstadt","SuperLiga","Romania",NA,TRUE,"loan transfer","Summer",1,0,0,0
"CS Universitatea Craiova","SuperLiga","Romania","2024","Departures","Alexandru Cîmpanu","https://www.transfermarkt.com/alexandru-cimpanu/profil/spieler/687846","Right Winger","23","Romania","UTA Arad","SuperLiga","Romania",NA,TRUE,"loan transfer","Summer",NA,NA,NA,NA
"CS Universitatea Craiova","SuperLiga","Romania","2024","Departures","Alexandru Ișfan","https://www.transfermarkt.com/alexandru-isfan/profil/spieler/672055","Right Winger","24","Romania","FC Buzău","SuperLiga","Romania",NA,TRUE,"loan transfer","Summer",NA,NA,NA,NA
"CS Universitatea Craiova","SuperLiga","Romania","2024","Departures","David Lazar","https://www.transfermarkt.com/david-lazar/profil/spieler/168278","Goalkeeper","33","Romania","FC Buzău","SuperLiga","Romania",NA,TRUE,"loan transfer","Summer",4,0,0,0
"CS Universitatea Craiova","SuperLiga","Romania","2024","Departures","Jalen Blesa","https://www.transfermarkt.com/jalen-blesa/profil/spieler/973249","Centre-Forward","23","Spain","Dinamo Batumi","Erovnuli Liga","Georgia",NA,TRUE,"loan transfer","Summer",NA,NA,NA,NA
"CS Universitatea Craiova","SuperLiga","Romania","2024","Departures","Denis Benga","https://www.transfermarkt.com/denis-benga/profil/spieler/869983","Left-Back","19","Romania","Gloria Bistrita",NA,"Romania",NA,TRUE,"loan transfer","Summer",1,0,0,0
"CS Universitatea Craiova","SuperLiga","Romania","2024","Arrivals","Denil Maldonado","https://www.transfermarkt.com/denil-maldonado/profil/spieler/401769","Centre-Back","26","Honduras","FC Motagua","Liga Nacional Clausura","Honduras",5e+05,FALSE,NA,"Winter",43,38,4,3047
"CS Universitatea Craiova","SuperLiga","Romania","2024","Arrivals","Vasile Mogoș","https://www.transfermarkt.com/vasile-mogos/profil/spieler/324214","Right-Back","32","Romania","CFR Cluj","SuperLiga","Romania",0,FALSE,NA,"Winter",13,11,1,465
"CS Universitatea Craiova","SuperLiga","Romania","2024","Arrivals","Alisson Safira","https://www.transfermarkt.com/alisson-safira/profil/spieler/443338","Centre-Forward","29","Brazil","Santa Clara","Liga Portugal","Portugal",NA,TRUE,"loan transfer","Winter",17,16,1,1223
"CS Universitatea Craiova","SuperLiga","Romania","2024","Arrivals","Marcus Păcurar","https://www.transfermarkt.com/marcus-pacurar/profil/spieler/937575","Centre-Back","19","Romania","Without Club",NA,NA,NA,FALSE,"-","Winter",15,0,0,0
"CS Universitatea Craiova","SuperLiga","Romania","2024","Arrivals","Jovan Marković","https://www.transfermarkt.com/jovan-markovic/profil/spieler/418235","Centre-Forward","23","Romania","FC Hermannstadt","SuperLiga","Romania",NA,TRUE,"End of loan Feb 9, 2025","Winter",1,0,0,0
"CS Universitatea Craiova","SuperLiga","Romania","2024","Arrivals","Alexandru Cîmpanu","https://www.transfermarkt.com/alexandru-cimpanu/profil/spieler/687846","Right Winger","24","Romania","UTA Arad","SuperLiga","Romania",NA,TRUE,"End of loan Dec 31, 2024","Winter",NA,NA,NA,NA
"CS Universitatea Craiova","SuperLiga","Romania","2024","Departures","Elvir Koljic","https://www.transfermarkt.com/elvir-koljic/profil/spieler/296695","Centre-Forward","29","Bosnia-Herzegovina","FC Rapid 1923","SuperLiga","Romania",1e+05,FALSE,NA,"Winter",24,22,4,1206
"CS Universitatea Craiova","SuperLiga","Romania","2024","Departures","Ștefan Vlădoiu","https://www.transfermarkt.com/stefan-vladoiu/profil/spieler/451603","Right-Back","26","Romania","Kolos Kovalivka","Premier Liga","Ukraine",0,FALSE,NA,"Winter",21,19,0,1195
"CS Universitatea Craiova","SuperLiga","Romania","2024","Departures","Grego Sierra","https://www.transfermarkt.com/grego-sierra/profil/spieler/253905","Centre-Back","31","Spain","Burgos CF","LaLiga2","Spain",0,FALSE,NA,"Winter",25,11,1,858
"CS Universitatea Craiova","SuperLiga","Romania","2024","Departures","Alexandru Cîmpanu","https://www.transfermarkt.com/alexandru-cimpanu/profil/spieler/687846","Right Winger","24","Romania","FC Botosani","SuperLiga","Romania",0,FALSE,NA,"Winter",NA,NA,NA,NA
"CS Universitatea Craiova","SuperLiga","Romania","2024","Departures","Marian Danciu","https://www.transfermarkt.com/marian-danciu/profil/spieler/744076","Right Winger","22","Romania","UTA Arad","SuperLiga","Romania",0,FALSE,NA,"Winter",13,1,0,60
"CS Universitatea Craiova","SuperLiga","Romania","2024","Departures","Andrei Ivan","https://www.transfermarkt.com/andrei-ivan/profil/spieler/271282","Left Winger","28","Romania","Adanaspor","1.Lig","Türkiye",NA,TRUE,"loan transfer","Winter",24,21,0,986
"CS Universitatea Craiova","SuperLiga","Romania","2024","Departures","Jovan Marković","https://www.transfermarkt.com/jovan-markovic/profil/spieler/418235","Centre-Forward","23","Romania","Otelul Galati","SuperLiga","Romania",NA,TRUE,"loan transfer","Winter",1,0,0,0
"FC Universitatea Cluj","SuperLiga","Romania","2024","Arrivals","Răzvan Oaidă","https://www.transfermarkt.com/razvan-oaida/profil/spieler/341141","Defensive Midfield","26","Romania","FC Rapid 1923","SuperLiga","Romania",0,FALSE,NA,"Summer",29,7,0,246
"FC Universitatea Cluj","SuperLiga","Romania","2024","Arrivals","Jasper van der Werff","https://www.transfermarkt.com/jasper-van-der-werff/profil/spieler/322519","Centre-Back","25","Switzerland","SC Paderborn","2. Bundesliga","Germany",0,FALSE,NA,"Summer",22,13,0,984
"FC Universitatea Cluj","SuperLiga","Romania","2024","Arrivals","Vadim Rață","https://www.transfermarkt.com/vadim-rata/profil/spieler/136128","Central Midfield","31","Moldova","FC Voluntari","Liga 2","Romania",0,FALSE,NA,"Summer",35,22,0,947
"FC Universitatea Cluj","SuperLiga","Romania","2024","Arrivals","Ovidiu Popescu","https://www.transfermarkt.com/ovidiu-popescu/profil/spieler/289017","Defensive Midfield","30","Romania","FCSB","SuperLiga","Romania",0,FALSE,NA,"Summer",28,19,1,1022
"FC Universitatea Cluj","SuperLiga","Romania","2024","Arrivals","Iulian Cristea","https://www.transfermarkt.com/iulian-cristea/profil/spieler/331971","Centre-Back","29","Romania","FC Rapid 1923","SuperLiga","Romania",0,FALSE,NA,"Summer",32,32,2,2687
"FC Universitatea Cluj","SuperLiga","Romania","2024","Arrivals","Radu Boboc","https://www.transfermarkt.com/radu-boboc/profil/spieler/319202","Right-Back","25","Romania","FC Voluntari","Liga 2","Romania",0,FALSE,NA,"Summer",31,30,1,2190
"FC Universitatea Cluj","SuperLiga","Romania","2024","Arrivals","Mamadou Thiam","https://www.transfermarkt.com/mamadou-thiam/profil/spieler/368624","Second Striker","29","Senegal","Al-Jabalain ","Saudi First Division League","Saudi Arabia",0,FALSE,NA,"Summer",38,38,9,3066
"FC Universitatea Cluj","SuperLiga","Romania","2024","Arrivals","Berto","https://www.transfermarkt.com/berto/profil/spieler/290384","Right Winger","28","Cape Verde","Portimonense","Liga Portugal 2","Portugal",0,FALSE,NA,"Summer",10,8,1,454
"FC Universitatea Cluj","SuperLiga","Romania","2024","Arrivals","Artur Miranyan","https://www.transfermarkt.com/artur-miranyan/profil/spieler/213434","Centre-Forward","28","Armenia","FC Noah ","Premier League","Armenia",0,FALSE,NA,"Summer",27,21,3,565
"FC Universitatea Cluj","SuperLiga","Romania","2024","Arrivals","Adel Bettaieb","https://www.transfermarkt.com/adel-bettaieb/profil/spieler/610484","Centre-Forward","27","Tunisia","ACSM Poli Iasi","SuperLiga","Romania",0,FALSE,NA,"Summer",22,15,0,484
"FC Universitatea Cluj","SuperLiga","Romania","2024","Arrivals","Dorin Codrea","https://www.transfermarkt.com/dorin-codrea/profil/spieler/605547","Central Midfield","27","Romania","Concordia","Liga 2","Romania",0,FALSE,NA,"Summer",41,29,1,1117
"FC Universitatea Cluj","SuperLiga","Romania","2024","Arrivals","Daniel Lasure","https://www.transfermarkt.com/daniel-lasure/profil/spieler/336736","Left-Back","30","Spain","SD Amorebieta","Primera Federación - Gr. I","Spain",0,FALSE,NA,"Summer",23,4,0,226
"FC Universitatea Cluj","SuperLiga","Romania","2024","Arrivals","Denis Moldovan","https://www.transfermarkt.com/denis-moldovan/profil/spieler/935028","Goalkeeper","19","Romania","CSM Olimpia SM",NA,"Romania",0,FALSE,NA,"Summer",14,0,0,0
"FC Universitatea Cluj","SuperLiga","Romania","2024","Arrivals","Franck Tchassem","https://www.transfermarkt.com/franck-tchassem/profil/spieler/840521","Centre-Forward","25","Cameroon","CSM Focsani","Liga 2","Romania",0,FALSE,NA,"Summer",21,9,0,301
"FC Universitatea Cluj","SuperLiga","Romania","2024","Arrivals","Andrei Ștefan","https://www.transfermarkt.com/andrei-stefan/profil/spieler/1282797","Centre-Back","21","Romania","Sanatatea",NA,"Romania",0,FALSE,NA,"Summer",7,1,0,4
"FC Universitatea Cluj","SuperLiga","Romania","2024","Arrivals","Mario Șfaiț","https://www.transfermarkt.com/mario-sfait/profil/spieler/1278902","Right Winger","19","Romania","VMG Cluj",NA,"Romania",0,FALSE,NA,"Summer",8,1,0,9
"FC Universitatea Cluj","SuperLiga","Romania","2024","Arrivals","Vladislav Blănuță","https://www.transfermarkt.com/vladislav-blanuta/profil/spieler/706166","Centre-Forward","22","Romania","FC U Craiova","Liga 2","Romania",NA,TRUE,"loan transfer","Summer",39,37,12,2424
"FC Universitatea Cluj","SuperLiga","Romania","2024","Arrivals","Luca Podea-Oltean","https://www.transfermarkt.com/luca-podea-oltean/profil/spieler/1015476","Centre-Back","19","Romania","U Cluj U18",NA,"Romania",NA,FALSE,"-","Summer",NA,NA,NA,NA
"FC Universitatea Cluj","SuperLiga","Romania","2024","Arrivals","Ștefan Opriș","https://www.transfermarkt.com/stefan-opris/profil/spieler/1195029","Right-Back","18","Romania","U Cluj U18",NA,"Romania",NA,FALSE,"-","Summer",9,1,0,1
"FC Universitatea Cluj","SuperLiga","Romania","2024","Arrivals","Antonio Suciu","https://www.transfermarkt.com/antonio-suciu/profil/spieler/1250108","Central Midfield","18","Romania","U Cluj U18",NA,"Romania",NA,FALSE,"-","Summer",2,0,0,0
"FC Universitatea Cluj","SuperLiga","Romania","2024","Arrivals","Tudor Coşa","https://www.transfermarkt.com/tudor-cosa/profil/spieler/1179035","Goalkeeper","16","Romania","U Cluj Youth",NA,"Romania",NA,FALSE,"-","Summer",4,1,0,20
"FC Universitatea Cluj","SuperLiga","Romania","2024","Arrivals","Roger","https://www.transfermarkt.com/roger/profil/spieler/435169","Attacking Midfield","28","Brazil","Corvinul","Liga 2","Romania",NA,TRUE,"End of loan Aug 20, 2024","Summer",NA,NA,NA,NA
"FC Universitatea Cluj","SuperLiga","Romania","2024","Arrivals","Raul Rotund","https://www.transfermarkt.com/raul-rotund/profil/spieler/1115189","Centre-Forward","18","Romania","CSC Selimbar","Liga 2","Romania",NA,TRUE,"End of loan Jun 30, 2024","Summer",NA,NA,NA,NA
"FC Universitatea Cluj","SuperLiga","Romania","2024","Arrivals","Matei Moraru","https://www.transfermarkt.com/matei-moraru/profil/spieler/816946","Left Winger","18","Romania","Ceahlaul","Liga 2","Romania",NA,TRUE,"End of loan Jun 30, 2024","Summer",8,3,0,115
"FC Universitatea Cluj","SuperLiga","Romania","2024","Arrivals","Albert Hofman","https://www.transfermarkt.com/albert-hofman/profil/spieler/916301","Centre-Forward","21","Romania","Unirea Dej","Liga 2","Romania",NA,TRUE,"End of loan Jun 30, 2024","Summer",NA,NA,NA,NA
"FC Universitatea Cluj","SuperLiga","Romania","2024","Arrivals","Alin Văsălie","https://www.transfermarkt.com/alin-vasalie/profil/spieler/510224","Right Midfield","22","Romania","CS Mioveni","Liga 2","Romania",NA,TRUE,"End of loan Jun 30, 2024","Summer",NA,NA,NA,NA
"FC Universitatea Cluj","SuperLiga","Romania","2024","Arrivals","Rareș Scocîlcă","https://www.transfermarkt.com/rares-scocilca/profil/spieler/863553","Defensive Midfield","20","Romania","SCM Zalau",NA,"Romania",NA,TRUE,"End of loan Jun 30, 2024","Summer",NA,NA,NA,NA
"FC Universitatea Cluj","SuperLiga","Romania","2024","Arrivals","Cosmin Meșter","https://www.transfermarkt.com/cosmin-mester/profil/spieler/824007","Right Winger","22","Romania","SCM Zalau",NA,"Romania",NA,TRUE,"End of loan Jun 30, 2024","Summer",NA,NA,NA,NA
"FC Universitatea Cluj","SuperLiga","Romania","2024","Arrivals","David Molnar","https://www.transfermarkt.com/david-molnar/profil/spieler/1015477","Central Midfield","20","Romania","SCM Zalau",NA,"Romania",NA,TRUE,"End of loan Jun 30, 2024","Summer",NA,NA,NA,NA
"FC Universitatea Cluj","SuperLiga","Romania","2024","Arrivals","Vlad Moraru","https://www.transfermarkt.com/vlad-moraru/profil/spieler/916302","Right Winger","20","Romania","ACS Tg. Mures",NA,"Romania",NA,TRUE,"End of loan Jun 30, 2024","Summer",NA,NA,NA,NA
"FC Universitatea Cluj","SuperLiga","Romania","2024","Arrivals","Raul Nistor","https://www.transfermarkt.com/raul-nistor/profil/spieler/947502","Central Midfield","19","Romania","Unirea Alba I.",NA,"Romania",NA,TRUE,"End of loan Jun 30, 2024","Summer",NA,NA,NA,NA
"FC Universitatea Cluj","SuperLiga","Romania","2024","Arrivals","Patrik Kis","https://www.transfermarkt.com/patrik-kis/profil/spieler/723824","Goalkeeper","19","Romania","ACS Tg. Mures",NA,"Romania",NA,TRUE,"End of loan Jun 30, 2024","Summer",2,0,0,0
"FC Universitatea Cluj","SuperLiga","Romania","2024","Arrivals","Antonio Suciu","https://www.transfermarkt.com/antonio-suciu/profil/spieler/1250108","Central Midfield","18","Romania","ACSM Reșița","Liga 2","Romania",NA,TRUE,"End of loan Sep 1, 2024","Summer",2,0,0,0
"FC Universitatea Cluj","SuperLiga","Romania","2024","Departures","Daniel Popa","https://www.transfermarkt.com/daniel-popa/profil/spieler/341364","Centre-Forward","28","Romania","FCSB","SuperLiga","Romania",3e+05,FALSE,NA,"Summer",NA,NA,NA,NA
"FC Universitatea Cluj","SuperLiga","Romania","2024","Departures","Thalisson","https://www.transfermarkt.com/thalisson/profil/spieler/323876","Centre-Back","26","Brazil","Antalyaspor","Süper Lig","Türkiye",280000,FALSE,NA,"Summer",NA,NA,NA,NA
"FC Universitatea Cluj","SuperLiga","Romania","2024","Departures","Kevin Doukoure","https://www.transfermarkt.com/kevin-doukoure/profil/spieler/740191","Central Midfield","25","Cote d'Ivoire","FC Arges","Liga 2","Romania",0,FALSE,NA,"Summer",NA,NA,NA,NA
"FC Universitatea Cluj","SuperLiga","Romania","2024","Departures","Marco Fossati","https://www.transfermarkt.com/marco-fossati/profil/spieler/110931","Defensive Midfield","31","Italy","UC AlbinoLeffe","Serie C - A","Italy",0,FALSE,NA,"Summer",NA,NA,NA,NA
"FC Universitatea Cluj","SuperLiga","Romania","2024","Departures","Valentin Gheorghe","https://www.transfermarkt.com/valentin-gheorghe/profil/spieler/453810","Left Winger","27","Romania","ACSM Poli Iasi","SuperLiga","Romania",0,FALSE,NA,"Summer",NA,NA,NA,NA
"FC Universitatea Cluj","SuperLiga","Romania","2024","Departures","Andrei Pițian","https://www.transfermarkt.com/andrei-pitian/profil/spieler/301258","Centre-Back","28","Romania","FC Voluntari","Liga 2","Romania",0,FALSE,NA,"Summer",NA,NA,NA,NA
"FC Universitatea Cluj","SuperLiga","Romania","2024","Departures","Plamen Iliev","https://www.transfermarkt.com/plamen-iliev/profil/spieler/156566","Goalkeeper","32","Bulgaria","Cherno More","efbet Liga","Bulgaria",0,FALSE,NA,"Summer",NA,NA,NA,NA
"FC Universitatea Cluj","SuperLiga","Romania","2024","Departures","Dragoș Tescan","https://www.transfermarkt.com/dragos-tescan/profil/spieler/700772","Centre-Forward","24","Romania","FC Buzău","SuperLiga","Romania",0,FALSE,NA,"Summer",NA,NA,NA,NA
"FC Universitatea Cluj","SuperLiga","Romania","2024","Departures","Alin Văsălie","https://www.transfermarkt.com/alin-vasalie/profil/spieler/510224","Right Midfield","22","Romania","CSM Olimpia SM",NA,"Romania",0,FALSE,NA,"Summer",NA,NA,NA,NA
"FC Universitatea Cluj","SuperLiga","Romania","2024","Departures","Răzvan Călugăr","https://www.transfermarkt.com/razvan-calugar/profil/spieler/1040560","Left-Back","18","Romania","FC Hermannstadt","SuperLiga","Romania",0,FALSE,NA,"Summer",NA,NA,NA,NA
"FC Universitatea Cluj","SuperLiga","Romania","2024","Departures","Cosmin Meșter","https://www.transfermarkt.com/cosmin-mester/profil/spieler/824007","Right Winger","22","Romania","SCM Zalau",NA,"Romania",0,FALSE,NA,"Summer",NA,NA,NA,NA
"FC Universitatea Cluj","SuperLiga","Romania","2024","Departures","David Molnar","https://www.transfermarkt.com/david-molnar/profil/spieler/1015477","Central Midfield","20","Romania","Bad Kreuznach","VL Südwest","Germany",0,FALSE,NA,"Summer",NA,NA,NA,NA
"FC Universitatea Cluj","SuperLiga","Romania","2024","Departures","Raul Nistor","https://www.transfermarkt.com/raul-nistor/profil/spieler/947502","Central Midfield","19","Romania","Unirea Alba I.",NA,"Romania",0,FALSE,NA,"Summer",NA,NA,NA,NA
"FC Universitatea Cluj","SuperLiga","Romania","2024","Departures","Raul Rotund","https://www.transfermarkt.com/raul-rotund/profil/spieler/1115189","Centre-Forward","18","Romania","FC Dinamo","SuperLiga","Romania",NA,FALSE,"?","Summer",NA,NA,NA,NA
"FC Universitatea Cluj","SuperLiga","Romania","2024","Departures","Roger","https://www.transfermarkt.com/roger/profil/spieler/435169","Attacking Midfield","28","Brazil","Corvinul","Liga 2","Romania",NA,TRUE,"loan transfer","Summer",NA,NA,NA,NA
"FC Universitatea Cluj","SuperLiga","Romania","2024","Departures","Matei Moraru","https://www.transfermarkt.com/matei-moraru/profil/spieler/816946","Left Winger","19","Romania","FC U Craiova","Liga 2","Romania",NA,TRUE,"loan transfer","Summer",8,3,0,115
"FC Universitatea Cluj","SuperLiga","Romania","2024","Departures","Albert Hofman","https://www.transfermarkt.com/albert-hofman/profil/spieler/916301","Centre-Forward","21","Romania","Otelul Galati","SuperLiga","Romania",NA,TRUE,"loan transfer","Summer",NA,NA,NA,NA
"FC Universitatea Cluj","SuperLiga","Romania","2024","Departures","Alin Chinteș","https://www.transfermarkt.com/alin-chintes/profil/spieler/1040558","Right-Back","18","Romania","Unirea Ungheni","Liga 2","Romania",NA,TRUE,"loan transfer","Summer",NA,NA,NA,NA
"FC Universitatea Cluj","SuperLiga","Romania","2024","Departures","Rareș Scocîlcă","https://www.transfermarkt.com/rares-scocilca/profil/spieler/863553","Defensive Midfield","20","Romania","CSM Vaslui",NA,"Romania",NA,TRUE,"loan transfer","Summer",NA,NA,NA,NA
"FC Universitatea Cluj","SuperLiga","Romania","2024","Departures","Iustin Chirilă","https://www.transfermarkt.com/iustin-chirila/profil/spieler/1154774","Goalkeeper","18","Romania","FC Voluntari","Liga 2","Romania",NA,TRUE,"loan transfer","Summer",NA,NA,NA,NA
"FC Universitatea Cluj","SuperLiga","Romania","2024","Departures","Luca Nagy","https://www.transfermarkt.com/luca-nagy/profil/spieler/1154775","Centre-Forward","18","Romania","SCM Zalau",NA,"Romania",NA,TRUE,"loan transfer","Summer",NA,NA,NA,NA
"FC Universitatea Cluj","SuperLiga","Romania","2024","Departures","Vlad Moraru","https://www.transfermarkt.com/vlad-moraru/profil/spieler/916302","Right Winger","20","Romania","Unirea Dej",NA,"Romania",NA,TRUE,"loan transfer","Summer",NA,NA,NA,NA
"FC Universitatea Cluj","SuperLiga","Romania","2024","Departures","Patrik Kis","https://www.transfermarkt.com/patrik-kis/profil/spieler/723824","Goalkeeper","19","Romania","ACS Tg. Mures",NA,"Romania",NA,TRUE,"loan transfer","Summer",2,0,0,0
"FC Universitatea Cluj","SuperLiga","Romania","2024","Departures","Luca Podea-Oltean","https://www.transfermarkt.com/luca-podea-oltean/profil/spieler/1015476","Centre-Back","19","Romania","Gloria Bistrita",NA,"Romania",NA,TRUE,"loan transfer","Summer",NA,NA,NA,NA
"FC Universitatea Cluj","SuperLiga","Romania","2024","Departures","Antonio Suciu","https://www.transfermarkt.com/antonio-suciu/profil/spieler/1250108","Central Midfield","18","Romania","ACSM Reșița","Liga 2","Romania",NA,TRUE,"loan transfer","Summer",2,0,0,0
"FC Universitatea Cluj","SuperLiga","Romania","2024","Departures","Antonio Suciu","https://www.transfermarkt.com/antonio-suciu/profil/spieler/1250108","Central Midfield","18","Romania","Minaur",NA,"Romania",NA,TRUE,"loan transfer","Summer",2,0,0,0
"FC Universitatea Cluj","SuperLiga","Romania","2024","Departures","Roger","https://www.transfermarkt.com/roger/profil/spieler/435169","Attacking Midfield","28","Brazil","Without Club",NA,NA,NA,FALSE,"-","Summer",NA,NA,NA,NA
"FC Universitatea Cluj","SuperLiga","Romania","2024","Departures","Federico Anselmo","https://www.transfermarkt.com/federico-anselmo/profil/spieler/343163","Centre-Forward","30","Argentina","Without Club",NA,NA,NA,FALSE,"-","Summer",NA,NA,NA,NA
"FC Universitatea Cluj","SuperLiga","Romania","2024","Departures","Alexandru Cîmpanu","https://www.transfermarkt.com/alexandru-cimpanu/profil/spieler/687846","Right Winger","23","Romania","CS U Craiova","SuperLiga","Romania",NA,TRUE,"End of loan Jan 13, 2024","Summer",NA,NA,NA,NA
"FC Universitatea Cluj","SuperLiga","Romania","2024","Departures","Ante Roguljic","https://www.transfermarkt.com/ante-roguljic/profil/spieler/226090","Attacking Midfield","28","Croatia","CS U Craiova","SuperLiga","Romania",NA,TRUE,"End of loan Jun 30, 2024","Summer",NA,NA,NA,NA
"FC Universitatea Cluj","SuperLiga","Romania","2024","Departures","Ștefan Pănoiu","https://www.transfermarkt.com/stefan-panoiu/profil/spieler/710063","Right Winger","21","Romania","FC Rapid 1923","SuperLiga","Romania",NA,TRUE,"End of loan Jun 30, 2024","Summer",NA,NA,NA,NA
"FC Universitatea Cluj","SuperLiga","Romania","2024","Departures","Andrei Peteleu","https://www.transfermarkt.com/andrei-peteleu/profil/spieler/192870","Right-Back","31","Romania","CFR Cluj","SuperLiga","Romania",NA,TRUE,"End of loan Jun 30, 2024","Summer",NA,NA,NA,NA
"FC Universitatea Cluj","SuperLiga","Romania","2024","Departures","Marco Rus","https://www.transfermarkt.com/marco-rus/profil/spieler/666467","Left Midfield","21","Romania","Coventry U21",NA,"England",NA,TRUE,"End of loan Jun 30, 2024","Summer",NA,NA,NA,NA
"FC Universitatea Cluj","SuperLiga","Romania","2024","Arrivals","Ștefan Lefter","https://www.transfermarkt.com/stefan-lefter/profil/spieler/935015","Goalkeeper","20","Romania","Corvinul","Liga 2","Romania",1e+05,FALSE,NA,"Winter",17,5,0,450
"FC Universitatea Cluj","SuperLiga","Romania","2024","Arrivals","Andrei Artean","https://www.transfermarkt.com/andrei-artean/profil/spieler/241254","Defensive Midfield","31","Romania","CFR Cluj","SuperLiga","Romania",0,FALSE,NA,"Winter",19,19,0,1635
"FC Universitatea Cluj","SuperLiga","Romania","2024","Arrivals","Andrej Fabry","https://www.transfermarkt.com/andrej-fabry/profil/spieler/406791","Attacking Midfield","27","Slovakia","UTA Arad","SuperLiga","Romania",NA,FALSE,"?","Winter",14,10,1,491
"FC Universitatea Cluj","SuperLiga","Romania","2024","Arrivals","Issouf Macalou","https://www.transfermarkt.com/issouf-macalou/profil/spieler/798972","Right Winger","26","Cote d'Ivoire","FC Sochaux","Championnat National","France",NA,FALSE,"?","Winter",10,10,3,678
"FC Universitatea Cluj","SuperLiga","Romania","2024","Departures","Andrei Gorcea","https://www.transfermarkt.com/andrei-gorcea/profil/spieler/677152","Goalkeeper","23","Romania","UTA Arad","SuperLiga","Romania",0,FALSE,NA,"Winter",22,1,0,90
"FC Universitatea Cluj","SuperLiga","Romania","2024","Departures","Andrei Ștefan","https://www.transfermarkt.com/andrei-stefan/profil/spieler/1282797","Centre-Back","22","Romania","Sanatatea",NA,"Romania",0,FALSE,NA,"Winter",7,1,0,4
"FC Universitatea Cluj","SuperLiga","Romania","2024","Departures","Franck Tchassem","https://www.transfermarkt.com/franck-tchassem/profil/spieler/840521","Centre-Forward","25","Cameroon","FC Arges","Liga 2","Romania",NA,TRUE,"loan transfer","Winter",21,9,0,301
"FC Universitatea Cluj","SuperLiga","Romania","2024","Departures","Mario Șfaiț","https://www.transfermarkt.com/mario-sfait/profil/spieler/1278902","Right Winger","20","Romania","SCM Zalau",NA,"Romania",NA,TRUE,"loan transfer","Winter",8,1,0,9
"FC Universitatea Cluj","SuperLiga","Romania","2024","Departures","Berto","https://www.transfermarkt.com/berto/profil/spieler/290384","Right Winger","28","Cape Verde","Without Club",NA,NA,NA,FALSE,"-","Winter",10,8,1,454
"FC Dinamo 1948","SuperLiga","Romania","2024","Arrivals","Alexandru Roșca","https://www.transfermarkt.com/alexandru-rosca/profil/spieler/968921","Goalkeeper","20","Romania","CSC Selimbar","Liga 2","Romania",1e+05,FALSE,NA,"Summer",44,24,0,2115
"FC Dinamo 1948","SuperLiga","Romania","2024","Arrivals","Andrei Mărginean","https://www.transfermarkt.com/andrei-marginean/profil/spieler/547827","Defensive Midfield","23","Romania","Sassuolo","Serie B","Italy",30000,TRUE,NA,"Summer",36,33,2,1489
"FC Dinamo 1948","SuperLiga","Romania","2024","Arrivals","Maxime Sivis","https://www.transfermarkt.com/maxime-sivis/profil/spieler/580715","Right-Back","26","France","Guingamp","Ligue 2","France",0,FALSE,NA,"Summer",36,35,0,2345
"FC Dinamo 1948","SuperLiga","Romania","2024","Arrivals","Alberto Soro","https://www.transfermarkt.com/alberto-soro/profil/spieler/487688","Right Winger","25","Spain","Granada CF","LaLiga2","Spain",0,FALSE,NA,"Summer",19,8,0,355
"FC Dinamo 1948","SuperLiga","Romania","2024","Arrivals","Patrick Olsen","https://www.transfermarkt.com/patrick-olsen/profil/spieler/135217","Attacking Midfield","30","Denmark","Slask Wroclaw","Ekstraklasa","Poland",0,FALSE,NA,"Summer",30,29,1,2563
"FC Dinamo 1948","SuperLiga","Romania","2024","Arrivals","Kennedy Boateng","https://www.transfermarkt.com/kennedy-boateng/profil/spieler/451317","Centre-Back","27","Togo","A. Lustenau","2. Liga","Austria",0,FALSE,NA,"Summer",32,31,2,2692
"FC Dinamo 1948","SuperLiga","Romania","2024","Arrivals","Cătălin Cîrjan","https://www.transfermarkt.com/catalin-cirjan/profil/spieler/575219","Central Midfield","21","Romania","Arsenal U21","Premier League 2","England",0,FALSE,NA,"Summer",43,42,8,3375
"FC Dinamo 1948","SuperLiga","Romania","2024","Arrivals","Valentin Dumitrache","https://www.transfermarkt.com/valentin-dumitrache/profil/spieler/909053","Centre-Forward","21","Romania","FCV Farul","SuperLiga","Romania",0,FALSE,NA,"Summer",NA,NA,NA,NA
"FC Dinamo 1948","SuperLiga","Romania","2024","Arrivals","Adrian Caragea","https://www.transfermarkt.com/adrian-caragea/profil/spieler/723836","Left Winger","18","Romania","Sassuolo U20","Primavera 1","Italy",0,FALSE,NA,"Summer",33,16,0,314
"FC Dinamo 1948","SuperLiga","Romania","2024","Arrivals","Andrei Ionică","https://www.transfermarkt.com/andrei-ionica/profil/spieler/1229556","Left Winger","19","Romania","Unirea Bascov",NA,"Romania",0,FALSE,NA,"Summer",NA,NA,NA,NA
"FC Dinamo 1948","SuperLiga","Romania","2024","Arrivals","Sanusi Hussaini","https://www.transfermarkt.com/sanusi-hussaini/profil/spieler/1317469","Right Midfield","18","Nigeria","Unknown",NA,NA,0,FALSE,NA,"Summer",NA,NA,NA,NA
"FC Dinamo 1948","SuperLiga","Romania","2024","Arrivals","Godwin Udosen","https://www.transfermarkt.com/godwin-udosen/profil/spieler/1317458","Right Midfield","16","Nigeria","Unknown",NA,NA,0,FALSE,NA,"Summer",NA,NA,NA,NA
"FC Dinamo 1948","SuperLiga","Romania","2024","Arrivals","Raul Rotund","https://www.transfermarkt.com/raul-rotund/profil/spieler/1115189","Centre-Forward","18","Romania","U Cluj","SuperLiga","Romania",NA,FALSE,"?","Summer",28,4,0,53
"FC Dinamo 1948","SuperLiga","Romania","2024","Arrivals","Răzvan Pașcalău","https://www.transfermarkt.com/razvan-pascalau/profil/spieler/709671","Centre-Back","20","Romania","Lecce U20","Primavera 1","Italy",NA,FALSE,"?","Summer",27,2,0,15
"FC Dinamo 1948","SuperLiga","Romania","2024","Arrivals","Peter Maapia","https://www.transfermarkt.com/peter-maapia/profil/spieler/1317470","Attacking Midfield","18","Nigeria","Ikon Allah FA",NA,"Nigeria",NA,FALSE,"?","Summer",0,0,0,0
"FC Dinamo 1948","SuperLiga","Romania","2024","Arrivals","Raul Opruț","https://www.transfermarkt.com/raul-oprut/profil/spieler/393806","Left-Back","26","Romania","KV Kortrijk","Jupiler Pro League","Belgium",NA,TRUE,"loan transfer","Summer",38,38,1,3214
"FC Dinamo 1948","SuperLiga","Romania","2024","Arrivals","Antonio Luna","https://www.transfermarkt.com/antonio-luna/profil/spieler/126516","Left-Back","33","Spain","Without Club",NA,NA,NA,FALSE,"-","Summer",22,15,0,636
"FC Dinamo 1948","SuperLiga","Romania","2024","Arrivals","Alexandru Serafim","https://www.transfermarkt.com/alexandru-serafim/profil/spieler/1012293","Left-Back","18","Romania","Dinamo U18",NA,"Romania",NA,FALSE,"-","Summer",NA,NA,NA,NA
"FC Dinamo 1948","SuperLiga","Romania","2024","Arrivals","Denis Oncescu","https://www.transfermarkt.com/denis-oncescu/profil/spieler/887379","Goalkeeper","20","Romania","Concordia","Liga 2","Romania",NA,TRUE,"End of loan Jun 30, 2024","Summer",NA,NA,NA,NA
"FC Dinamo 1948","SuperLiga","Romania","2024","Arrivals","Deniz Giafer","https://www.transfermarkt.com/deniz-giafer/profil/spieler/491770","Centre-Back","23","Romania","CS Tunari","Liga 2","Romania",NA,TRUE,"End of loan Jun 30, 2024","Summer",NA,NA,NA,NA
"FC Dinamo 1948","SuperLiga","Romania","2024","Arrivals","Andrei Florescu","https://www.transfermarkt.com/andrei-florescu/profil/spieler/798263","Left Winger","22","Romania","Progresul Sp.","Liga 2","Romania",NA,TRUE,"End of loan Jun 30, 2024","Summer",12,1,0,29
"FC Dinamo 1948","SuperLiga","Romania","2024","Arrivals","Valentin Borcea","https://www.transfermarkt.com/valentin-borcea/profil/spieler/608464","Attacking Midfield","21","Romania","CS Tunari","Liga 2","Romania",NA,TRUE,"End of loan Jun 30, 2024","Summer",NA,NA,NA,NA
"FC Dinamo 1948","SuperLiga","Romania","2024","Arrivals","Alexandru Stoian","https://www.transfermarkt.com/alexandru-stoian/profil/spieler/1015431","Goalkeeper","19","Romania","Unirea Alba I.",NA,"Romania",NA,TRUE,"End of loan Jun 30, 2024","Summer",27,0,0,0
"FC Dinamo 1948","SuperLiga","Romania","2024","Arrivals","Alexandru Serafim","https://www.transfermarkt.com/alexandru-serafim/profil/spieler/1012293","Left-Back","18","Romania","CS Tunari",NA,"Romania",NA,TRUE,"End of loan Aug 1, 2024","Summer",NA,NA,NA,NA
"FC Dinamo 1948","SuperLiga","Romania","2024","Departures","Costin Amzăr","https://www.transfermarkt.com/costin-amzar/profil/spieler/672896","Left-Back","21","Romania","Al-Nasr","UAE Pro League","United Arab Emirates",370000,TRUE,NA,"Summer",11,5,0,180
"FC Dinamo 1948","SuperLiga","Romania","2024","Departures","Gonçalo Gregório","https://www.transfermarkt.com/goncalo-gregorio/profil/spieler/404156","Centre-Forward","29","Portugal","FC Noah ","Premier League","Armenia",0,FALSE,NA,"Summer",NA,NA,NA,NA
"FC Dinamo 1948","SuperLiga","Romania","2024","Departures","Dorian Railean","https://www.transfermarkt.com/dorian-railean/profil/spieler/208573","Goalkeeper","30","Moldova","FC Buzău","SuperLiga","Romania",0,FALSE,NA,"Summer",NA,NA,NA,NA
"FC Dinamo 1948","SuperLiga","Romania","2024","Departures","Dani Iglesias","https://www.transfermarkt.com/dani-iglesias/profil/spieler/199348","Central Midfield","28","Spain","CSA Steaua","Liga 2","Romania",0,FALSE,NA,"Summer",NA,NA,NA,NA
"FC Dinamo 1948","SuperLiga","Romania","2024","Departures","Christian Ilic","https://www.transfermarkt.com/christian-ilic/profil/spieler/297198","Central Midfield","27","Croatia","Spartak Varna","efbet Liga","Bulgaria",0,FALSE,NA,"Summer",NA,NA,NA,NA
"FC Dinamo 1948","SuperLiga","Romania","2024","Departures","Ricardo Grigore","https://www.transfermarkt.com/ricardo-grigore/profil/spieler/436078","Centre-Back","25","Romania","Eldense","LaLiga2","Spain",0,FALSE,NA,"Summer",NA,NA,NA,NA
"FC Dinamo 1948","SuperLiga","Romania","2024","Departures","Neluț Roșu","https://www.transfermarkt.com/nelut-rosu/profil/spieler/241310","Central Midfield","30","Romania","Otelul Galati","SuperLiga","Romania",0,FALSE,NA,"Summer",NA,NA,NA,NA
"FC Dinamo 1948","SuperLiga","Romania","2024","Departures","Răzvan Began","https://www.transfermarkt.com/razvan-began/profil/spieler/333376","Goalkeeper","28","Romania","Gloria Bistrita",NA,"Romania",0,FALSE,NA,"Summer",NA,NA,NA,NA
"FC Dinamo 1948","SuperLiga","Romania","2024","Departures","Deniz Giafer","https://www.transfermarkt.com/deniz-giafer/profil/spieler/491770","Centre-Back","23","Romania","FC Bihor","Liga 2","Romania",0,FALSE,NA,"Summer",NA,NA,NA,NA
"FC Dinamo 1948","SuperLiga","Romania","2024","Departures","Valentin Borcea","https://www.transfermarkt.com/valentin-borcea/profil/spieler/608464","Attacking Midfield","22","Romania","UTA Arad","SuperLiga","Romania",0,FALSE,NA,"Summer",NA,NA,NA,NA
"FC Dinamo 1948","SuperLiga","Romania","2024","Departures","Valentin Dumitrache","https://www.transfermarkt.com/valentin-dumitrache/profil/spieler/909053","Centre-Forward","21","Romania","CS Afumati","Liga 2","Romania",NA,TRUE,"loan transfer","Summer",NA,NA,NA,NA
"FC Dinamo 1948","SuperLiga","Romania","2024","Departures","Denis Oncescu","https://www.transfermarkt.com/denis-oncescu/profil/spieler/887379","Goalkeeper","20","Romania","FC Arges","Liga 2","Romania",NA,TRUE,"loan transfer","Summer",NA,NA,NA,NA
"FC Dinamo 1948","SuperLiga","Romania","2024","Departures","David Irimia","https://www.transfermarkt.com/david-irimia/profil/spieler/1113720","Right-Back","18","Romania","Metaloglobus","Liga 2","Romania",NA,TRUE,"loan transfer","Summer",NA,NA,NA,NA
"FC Dinamo 1948","SuperLiga","Romania","2024","Departures","Alexandru Irimia","https://www.transfermarkt.com/alexandru-irimia/profil/spieler/1113721","Central Midfield","18","Romania","Metaloglobus","Liga 2","Romania",NA,TRUE,"loan transfer","Summer",9,1,0,19
"FC Dinamo 1948","SuperLiga","Romania","2024","Departures","Andrei Ionică","https://www.transfermarkt.com/andrei-ionica/profil/spieler/1229556","Left Winger","19","Romania","CS Afumati","Liga 2","Romania",NA,TRUE,"loan transfer","Summer",NA,NA,NA,NA
"FC Dinamo 1948","SuperLiga","Romania","2024","Departures","Sanusi Hussaini","https://www.transfermarkt.com/sanusi-hussaini/profil/spieler/1317469","Right Midfield","18","Nigeria","Campulung","Liga 2","Romania",NA,TRUE,"loan transfer","Summer",NA,NA,NA,NA
"FC Dinamo 1948","SuperLiga","Romania","2024","Departures","Peter Maapia","https://www.transfermarkt.com/peter-maapia/profil/spieler/1317470","Attacking Midfield","18","Nigeria","Campulung","Liga 2","Romania",NA,TRUE,"loan transfer","Summer",0,0,0,0
"FC Dinamo 1948","SuperLiga","Romania","2024","Departures","Alexandru Serafim","https://www.transfermarkt.com/alexandru-serafim/profil/spieler/1012293","Left-Back","18","Romania","CS Tunari",NA,"Romania",NA,TRUE,"loan transfer","Summer",NA,NA,NA,NA
"FC Dinamo 1948","SuperLiga","Romania","2024","Departures","Alexandru Serafim","https://www.transfermarkt.com/alexandru-serafim/profil/spieler/1012293","Left-Back","18","Romania","Rm. Valcea",NA,"Romania",NA,TRUE,"loan transfer","Summer",NA,NA,NA,NA
"FC Dinamo 1948","SuperLiga","Romania","2024","Departures","Godwin Udosen","https://www.transfermarkt.com/godwin-udosen/profil/spieler/1317458","Right Midfield","16","Nigeria","CS Afumati","Liga 2","Romania",NA,TRUE,"loan transfer","Summer",NA,NA,NA,NA
"FC Dinamo 1948","SuperLiga","Romania","2024","Departures","Darko Velkovski","https://www.transfermarkt.com/darko-velkovski/profil/spieler/191822","Centre-Back","29","North Macedonia","Without Club",NA,NA,NA,FALSE,"-","Summer",NA,NA,NA,NA
"FC Dinamo 1948","SuperLiga","Romania","2024","Departures","Edgar Ié","https://www.transfermarkt.com/edgar-ie/profil/spieler/191987","Centre-Back","30","Guinea-Bissau","Without Club",NA,NA,NA,FALSE,"-","Summer",NA,NA,NA,NA
"FC Dinamo 1948","SuperLiga","Romania","2024","Departures","Quentin Bena","https://www.transfermarkt.com/quentin-bena/profil/spieler/468606","Defensive Midfield","26","France","Without Club",NA,NA,NA,FALSE,"-","Summer",NA,NA,NA,NA
"FC Dinamo 1948","SuperLiga","Romania","2024","Departures","Gabriel Moura","https://www.transfermarkt.com/gabriel-moura/profil/spieler/210088","Right-Back","36","Brazil","Without Club",NA,NA,NA,FALSE,"-","Summer",NA,NA,NA,NA
"FC Dinamo 1948","SuperLiga","Romania","2024","Departures","Domagoj Pavicic","https://www.transfermarkt.com/domagoj-pavicic/profil/spieler/131326","Central Midfield","30","Croatia","Aris Saloniki","Super League 1","Greece",NA,TRUE,"End of loan Jun 30, 2024","Summer",NA,NA,NA,NA
"FC Dinamo 1948","SuperLiga","Romania","2024","Arrivals","Alexandru Pop","https://www.transfermarkt.com/alexandru-pop/profil/spieler/434892","Centre-Forward","24","Romania","Otelul Galati","SuperLiga","Romania",125000,FALSE,NA,"Winter",19,17,0,672
"FC Dinamo 1948","SuperLiga","Romania","2024","Arrivals","Stipe Perica","https://www.transfermarkt.com/stipe-perica/profil/spieler/245072","Centre-Forward","29","Croatia","HNK Rijeka","SuperSport HNL","Croatia",0,FALSE,NA,"Winter",16,16,6,1213
"FC Dinamo 1948","SuperLiga","Romania","2024","Arrivals","Casian Soare","https://www.transfermarkt.com/casian-soare/profil/spieler/1109602","Central Midfield","18","Romania","CSC Selimbar","Liga 2","Romania",NA,FALSE,"?","Winter",18,2,0,16
"FC Dinamo 1948","SuperLiga","Romania","2024","Arrivals","Antonio Luna","https://www.transfermarkt.com/antonio-luna/profil/spieler/126516","Left-Back","33","Spain","Without Club",NA,NA,NA,FALSE,"-","Winter",22,15,0,636
"FC Dinamo 1948","SuperLiga","Romania","2024","Arrivals","Sanusi Hussaini","https://www.transfermarkt.com/sanusi-hussaini/profil/spieler/1317469","Right Midfield","18","Nigeria","Campulung","Liga 2","Romania",NA,TRUE,"End of loan Jan 1, 2025","Winter",NA,NA,NA,NA
"FC Dinamo 1948","SuperLiga","Romania","2024","Arrivals","Peter Maapia","https://www.transfermarkt.com/peter-maapia/profil/spieler/1317470","Attacking Midfield","18","Nigeria","Campulung","Liga 2","Romania",NA,TRUE,"End of loan Jan 1, 2025","Winter",0,0,0,0
"FC Dinamo 1948","SuperLiga","Romania","2024","Departures","Ahmed Bani","https://www.transfermarkt.com/ahmed-bani/profil/spieler/491956","Right Winger","22","Romania","Otelul Galati","SuperLiga","Romania",0,FALSE,NA,"Winter",24,16,1,845
"FC Dinamo 1948","SuperLiga","Romania","2024","Departures","Andrei Florescu","https://www.transfermarkt.com/andrei-florescu/profil/spieler/798263","Left Winger","22","Romania","ACSM Reșița","Liga 2","Romania",0,FALSE,NA,"Winter",12,1,0,29
"FC Dinamo 1948","SuperLiga","Romania","2024","Departures","Sanusi Hussaini","https://www.transfermarkt.com/sanusi-hussaini/profil/spieler/1317469","Right Midfield","18","Nigeria","Modelu",NA,"Romania",0,FALSE,NA,"Winter",NA,NA,NA,NA
"FC Dinamo 1948","SuperLiga","Romania","2024","Departures","Alberto Soro","https://www.transfermarkt.com/alberto-soro/profil/spieler/487688","Right Winger","25","Spain","Chaves","Liga Portugal 2","Portugal",NA,TRUE,"loan transfer","Winter",19,8,0,355
"FC Dinamo 1948","SuperLiga","Romania","2024","Departures","Antonio Bordușanu","https://www.transfermarkt.com/antonio-bordusanu/profil/spieler/863556","Right Winger","20","Romania","ACSM Poli Iasi","SuperLiga","Romania",NA,TRUE,"loan transfer","Winter",24,10,0,290
"FC Dinamo 1948","SuperLiga","Romania","2024","Departures","Petru Neagu","https://www.transfermarkt.com/petru-neagu/profil/spieler/549091","Left Winger","25","Moldova","Unirea Slobozia","SuperLiga","Romania",NA,TRUE,"loan transfer","Winter",16,7,1,274
"FC Dinamo 1948","SuperLiga","Romania","2024","Departures","Peter Maapia","https://www.transfermarkt.com/peter-maapia/profil/spieler/1317470","Attacking Midfield","19","Nigeria","CSM Fetesti",NA,"Romania",NA,TRUE,"loan transfer","Winter",0,0,0,0
"Sepsi OSK Sf. Gheorghe","Liga 2","Romania","2024","Arrivals","Mihajlo Neskovic","https://www.transfermarkt.com/mihajlo-neskovic/profil/spieler/469828","Left Winger","24","Serbia","Vozdovac","Prva liga Srbije","Serbia",150000,FALSE,NA,"Summer",41,37,2,2067
"Sepsi OSK Sf. Gheorghe","Liga 2","Romania","2024","Arrivals","Stefan Hajdin","https://www.transfermarkt.com/stefan-hajdin/profil/spieler/525995","Left-Back","30","Serbia","Zelez. Pancevo","Super liga Srbije","Serbia",0,FALSE,NA,"Summer",22,13,0,277
"Sepsi OSK Sf. Gheorghe","Liga 2","Romania","2024","Arrivals","Sota Mino","https://www.transfermarkt.com/sota-mino/profil/spieler/474909","Central Midfield","29","Japan","FC Hermannstadt","SuperLiga","Romania",0,FALSE,NA,"Summer",36,35,0,2860
"Sepsi OSK Sf. Gheorghe","Liga 2","Romania","2024","Arrivals","Michael Breij","https://www.transfermarkt.com/michael-breij/profil/spieler/258511","Attacking Midfield","27","Netherlands","SC Cambuur","Keuken Kampioen Divisie","Netherlands",0,FALSE,NA,"Summer",24,9,0,418
"Sepsi OSK Sf. Gheorghe","Liga 2","Romania","2024","Arrivals","Marius Coman","https://www.transfermarkt.com/marius-coman/profil/spieler/394475","Centre-Forward","27","Romania","Corvinul","Liga 2","Romania",0,FALSE,NA,"Summer",40,40,4,2171
"Sepsi OSK Sf. Gheorghe","Liga 2","Romania","2024","Arrivals","Denis Haruț","https://www.transfermarkt.com/denis-harut/profil/spieler/412641","Centre-Back","25","Romania","FCSB","SuperLiga","Romania",0,FALSE,NA,"Summer",29,28,5,2432
"Sepsi OSK Sf. Gheorghe","Liga 2","Romania","2024","Arrivals","Dávid Sigér","https://www.transfermarkt.com/david-siger/profil/spieler/75164","Central Midfield","33","Hungary","Fehérvár","NB I.","Hungary",0,FALSE,NA,"Summer",35,25,1,1161
"Sepsi OSK Sf. Gheorghe","Liga 2","Romania","2024","Arrivals","Marian Drăghiceanu","https://www.transfermarkt.com/marian-draghiceanu/profil/spieler/319212","Attacking Midfield","24","Romania","ACSM Reșița","Liga 2","Romania",0,FALSE,NA,"Summer",30,12,0,361
"Sepsi OSK Sf. Gheorghe","Liga 2","Romania","2024","Arrivals","Dimitri Oberlin","https://www.transfermarkt.com/dimitri-oberlin/profil/spieler/212718","Centre-Forward","26","Switzerland","Adanaspor","1.Lig","Türkiye",0,FALSE,NA,"Summer",29,29,6,2169
"Sepsi OSK Sf. Gheorghe","Liga 2","Romania","2024","Arrivals","Raul Cîmpean","https://www.transfermarkt.com/raul-cimpean/profil/spieler/1338731","Right Winger","18","Romania","VMG Cluj",NA,"Romania",0,FALSE,NA,"Summer",7,3,0,270
"Sepsi OSK Sf. Gheorghe","Liga 2","Romania","2024","Arrivals","Nir Bardea","https://www.transfermarkt.com/nir-bardea/profil/spieler/417792","Centre-Back","28","Israel","FK Sabail","Premyer Liqa","Azerbaijan",NA,FALSE,"?","Summer",20,6,0,359
"Sepsi OSK Sf. Gheorghe","Liga 2","Romania","2024","Arrivals","Szilard Gyenge","https://www.transfermarkt.com/szilard-gyenge/profil/spieler/723632","Goalkeeper","23","Romania","FK Csikszereda","Liga 2","Romania",NA,FALSE,"?","Summer",41,14,0,1171
"Sepsi OSK Sf. Gheorghe","Liga 2","Romania","2024","Arrivals","Andres Dumitrescu","https://www.transfermarkt.com/andres-dumitrescu/profil/spieler/547812","Left-Back","23","Romania","Slavia Prague","Chance Liga","Czech Republic",NA,TRUE,"loan transfer","Summer",27,26,1,1830
"Sepsi OSK Sf. Gheorghe","Liga 2","Romania","2024","Arrivals","Omar El Sawy","https://www.transfermarkt.com/omar-el-sawy/profil/spieler/863557","Right Winger","20","Romania","FC Rapid 1923","SuperLiga","Romania",NA,TRUE,"loan transfer","Summer",27,24,6,1508
"Sepsi OSK Sf. Gheorghe","Liga 2","Romania","2024","Arrivals","Vitalie Damaşcan","https://www.transfermarkt.com/vitalie-damascan/profil/spieler/354136","Centre-Forward","25","Moldova","StadeLO","Super League","Switzerland",NA,TRUE,"End of loan Jun 30, 2024","Summer",NA,NA,NA,NA
"Sepsi OSK Sf. Gheorghe","Liga 2","Romania","2024","Arrivals","Ion Gheorghe","https://www.transfermarkt.com/ion-gheorghe/profil/spieler/436075","Left Winger","24","Romania","Stal Mielec","Ekstraklasa","Poland",NA,TRUE,"End of loan Jun 30, 2024","Summer",NA,NA,NA,NA
"Sepsi OSK Sf. Gheorghe","Liga 2","Romania","2024","Arrivals","Krisztián Dobozi","https://www.transfermarkt.com/krisztian-dobozi/profil/spieler/1114427","Centre-Back","19","Hungary","Kazincbarcika","NB II.","Hungary",NA,TRUE,"End of loan Jun 30, 2024","Summer",NA,NA,NA,NA
"Sepsi OSK Sf. Gheorghe","Liga 2","Romania","2024","Departures","Marius Ștefănescu","https://www.transfermarkt.com/marius-stefanescu/profil/spieler/685795","Right Winger","25","Romania","FCSB","SuperLiga","Romania",1300000,FALSE,NA,"Summer",NA,NA,NA,NA
"Sepsi OSK Sf. Gheorghe","Liga 2","Romania","2024","Departures","Pavol Safranko","https://www.transfermarkt.com/pavol-safranko/profil/spieler/366937","Centre-Forward","29","Slovakia","Sabah FK","Premyer Liqa","Azerbaijan",0,FALSE,NA,"Summer",NA,NA,NA,NA
"Sepsi OSK Sf. Gheorghe","Liga 2","Romania","2024","Departures","Ákos Kecskés","https://www.transfermarkt.com/akos-kecskes/profil/spieler/204155","Centre-Back","28","Hungary","AEL Limassol","Cyprus League","Cyprus",0,FALSE,NA,"Summer",5,3,0,82
"Sepsi OSK Sf. Gheorghe","Liga 2","Romania","2024","Departures","Kevin Varga","https://www.transfermarkt.com/kevin-varga/profil/spieler/385906","Left Winger","28","Hungary","Ankaragücü","1.Lig","Türkiye",0,FALSE,NA,"Summer",7,6,1,340
"Sepsi OSK Sf. Gheorghe","Liga 2","Romania","2024","Departures","Mihai Bălașa","https://www.transfermarkt.com/mihai-balasa/profil/spieler/236940","Centre-Back","29","Romania","FCV Farul","SuperLiga","Romania",0,FALSE,NA,"Summer",NA,NA,NA,NA
"Sepsi OSK Sf. Gheorghe","Liga 2","Romania","2024","Departures","Vitalie Damaşcan","https://www.transfermarkt.com/vitalie-damascan/profil/spieler/354136","Centre-Forward","25","Moldova","M. Petah Tikva","Ligat ha'Al","Israel",0,FALSE,NA,"Summer",NA,NA,NA,NA
"Sepsi OSK Sf. Gheorghe","Liga 2","Romania","2024","Departures","Ion Gheorghe","https://www.transfermarkt.com/ion-gheorghe/profil/spieler/436075","Left Winger","24","Romania","FC Buzău","SuperLiga","Romania",0,FALSE,NA,"Summer",NA,NA,NA,NA
"Sepsi OSK Sf. Gheorghe","Liga 2","Romania","2024","Departures","Roland Varga","https://www.transfermarkt.com/roland-varga/profil/spieler/113018","Right Winger","34","Hungary","Paksi FC","NB I.","Hungary",0,FALSE,NA,"Summer",NA,NA,NA,NA
"Sepsi OSK Sf. Gheorghe","Liga 2","Romania","2024","Departures","Jonathan Rodríguez","https://www.transfermarkt.com/jonathan-rodriguez/profil/spieler/537768","Central Midfield","34","Argentina","Concordia","Liga 2","Romania",0,FALSE,NA,"Summer",NA,NA,NA,NA
"Sepsi OSK Sf. Gheorghe","Liga 2","Romania","2024","Departures","Adnan Aganovic","https://www.transfermarkt.com/adnan-aganovic/profil/spieler/50806","Central Midfield","36","Croatia","Unirea Slobozia","SuperLiga","Romania",0,FALSE,NA,"Summer",NA,NA,NA,NA
"Sepsi OSK Sf. Gheorghe","Liga 2","Romania","2024","Departures","Mario Rondón","https://www.transfermarkt.com/mario-rondon/profil/spieler/119272","Centre-Forward","38","Venezuela","Coimbra","Liga 3","Portugal",0,FALSE,NA,"Summer",NA,NA,NA,NA
"Sepsi OSK Sf. Gheorghe","Liga 2","Romania","2024","Departures","Denis Rența","https://www.transfermarkt.com/denis-renta/profil/spieler/1012947","Defensive Midfield","20","Romania","CSM Focsani","Liga 2","Romania",NA,TRUE,"loan transfer","Summer",1,0,0,0
"Sepsi OSK Sf. Gheorghe","Liga 2","Romania","2024","Departures","Gabriel Debeljuh","https://www.transfermarkt.com/gabriel-debeljuh/profil/spieler/340073","Centre-Forward","28","Croatia","Without Club",NA,NA,NA,FALSE,"-","Summer",14,14,3,762
"Sepsi OSK Sf. Gheorghe","Liga 2","Romania","2024","Departures","Andres Dumitrescu","https://www.transfermarkt.com/andres-dumitrescu/profil/spieler/547812","Left-Back","23","Romania","Slavia Prague","Chance Liga","Czech Republic",NA,TRUE,"End of loan Jun 30, 2024","Summer",27,26,1,1830
"Sepsi OSK Sf. Gheorghe","Liga 2","Romania","2024","Arrivals","Dino Skorup","https://www.transfermarkt.com/dino-skorup/profil/spieler/526565","Central Midfield","25","Croatia","B. Banja Luka","Premijer Liga BiH","Bosnia-Herzegovina",275000,FALSE,NA,"Winter",16,14,0,656
"Sepsi OSK Sf. Gheorghe","Liga 2","Romania","2024","Arrivals","Matej Simic","https://www.transfermarkt.com/matej-simic/profil/spieler/297376","Centre-Back","29","Croatia","Krumovgrad","efbet Liga","Bulgaria",0,FALSE,NA,"Winter",18,14,0,1129
"Sepsi OSK Sf. Gheorghe","Liga 2","Romania","2024","Arrivals","Sebastian Mailat","https://www.transfermarkt.com/sebastian-mailat/profil/spieler/364697","Left Winger","27","Romania","Suwon Bluewings","K League 2","Korea, South",0,FALSE,NA,"Winter",16,13,1,478
"Sepsi OSK Sf. Gheorghe","Liga 2","Romania","2024","Arrivals","Márk Tamás","https://www.transfermarkt.com/mark-tamas/profil/spieler/260073","Centre-Back","31","Hungary","Neftchi PFK","Premyer Liqa","Azerbaijan",0,FALSE,NA,"Winter",15,4,1,282
"Sepsi OSK Sf. Gheorghe","Liga 2","Romania","2024","Arrivals","Dorian Babunski","https://www.transfermarkt.com/dorian-babunski/profil/spieler/153107","Centre-Forward","28","North Macedonia","Grasshoppers","Super League","Switzerland",0,FALSE,NA,"Winter",16,13,0,506
"Sepsi OSK Sf. Gheorghe","Liga 2","Romania","2024","Arrivals","Giovani Ghimfuș","https://www.transfermarkt.com/giovani-ghimfus/profil/spieler/1017317","Attacking Midfield","19","Romania","Concordia","Liga 2","Romania",NA,FALSE,"?","Winter",6,2,0,20
"Sepsi OSK Sf. Gheorghe","Liga 2","Romania","2024","Arrivals","Akos Nistor","https://www.transfermarkt.com/akos-nistor/profil/spieler/1010704","Central Midfield","20","Romania","Sepsi OSK II",NA,"Romania",NA,FALSE,"-","Winter",9,2,0,14
"Sepsi OSK Sf. Gheorghe","Liga 2","Romania","2024","Departures","Isnik Alimi","https://www.transfermarkt.com/isnik-alimi/profil/spieler/204659","Central Midfield","30","North Macedonia","DL Yingbo","Super League","China",4e+05,FALSE,NA,"Winter",18,18,4,1442
"Sepsi OSK Sf. Gheorghe","Liga 2","Romania","2024","Departures","Denis Ciobotariu","https://www.transfermarkt.com/denis-ciobotariu/profil/spieler/428593","Centre-Back","26","Romania","FC Rapid 1923","SuperLiga","Romania",50000,FALSE,NA,"Winter",21,21,2,1890
"Sepsi OSK Sf. Gheorghe","Liga 2","Romania","2024","Departures","Stefan Hajdin","https://www.transfermarkt.com/stefan-hajdin/profil/spieler/525995","Left-Back","30","Serbia","Cukaricki","Super liga Srbije","Serbia",0,FALSE,NA,"Winter",22,13,0,277
"Sepsi OSK Sf. Gheorghe","Liga 2","Romania","2024","Departures","Michael Breij","https://www.transfermarkt.com/michael-breij/profil/spieler/258511","Attacking Midfield","27","Netherlands","Roda JC","Keuken Kampioen Divisie","Netherlands",0,FALSE,NA,"Winter",24,9,0,418
"Sepsi OSK Sf. Gheorghe","Liga 2","Romania","2024","Departures","Nir Bardea","https://www.transfermarkt.com/nir-bardea/profil/spieler/417792","Centre-Back","29","Israel","Hapoel Hadera","Ligat ha'Al","Israel",0,FALSE,NA,"Winter",20,6,0,359
"Sepsi OSK Sf. Gheorghe","Liga 2","Romania","2024","Departures","Dinu Moldovan","https://www.transfermarkt.com/dinu-moldovan/profil/spieler/129501","Goalkeeper","34","Romania","Without Club",NA,NA,NA,FALSE,"-","Winter",14,1,0,90
"Sepsi OSK Sf. Gheorghe","Liga 2","Romania","2024","Departures","Krisztián Dobozi","https://www.transfermarkt.com/krisztian-dobozi/profil/spieler/1114427","Centre-Back","20","Hungary","Without Club",NA,NA,NA,FALSE,"-","Winter",NA,NA,NA,NA
"FCV Farul Constanta","SuperLiga","Romania","2024","Arrivals","Denis Alibec","https://www.transfermarkt.com/denis-alibec/profil/spieler/81396","Centre-Forward","33","Romania","Muaither SC","Qatari Second Division","Qatar",0,FALSE,NA,"Summer",33,33,10,2552
"FCV Farul Constanta","SuperLiga","Romania","2024","Arrivals","Victor Dican","https://www.transfermarkt.com/victor-dican/profil/spieler/568540","Defensive Midfield","23","Romania","FC Botosani","SuperLiga","Romania",0,FALSE,NA,"Summer",42,41,4,2812
"FCV Farul Constanta","SuperLiga","Romania","2024","Arrivals","Gabriel Iancu","https://www.transfermarkt.com/gabriel-iancu/profil/spieler/164254","Centre-Forward","30","Romania","FC Hermannstadt","SuperLiga","Romania",0,FALSE,NA,"Summer",30,23,2,1212
"FCV Farul Constanta","SuperLiga","Romania","2024","Arrivals","Mihai Bălașa","https://www.transfermarkt.com/mihai-balasa/profil/spieler/236940","Centre-Back","29","Romania","Sepsi OSK","SuperLiga","Romania",0,FALSE,NA,"Summer",33,28,0,2022
"FCV Farul Constanta","SuperLiga","Romania","2024","Arrivals","Eduard Radaslavescu","https://www.transfermarkt.com/eduard-radaslavescu/profil/spieler/731522","Attacking Midfield","19","Romania","FCSB","SuperLiga","Romania",0,FALSE,NA,"Summer",44,37,6,2133
"FCV Farul Constanta","SuperLiga","Romania","2024","Arrivals","Răzvan Ducan","https://www.transfermarkt.com/razvan-ducan/profil/spieler/547853","Goalkeeper","23","Romania","FC Botosani","SuperLiga","Romania",0,FALSE,NA,"Summer",44,5,0,450
"FCV Farul Constanta","SuperLiga","Romania","2024","Arrivals","Andrei Ciobanu","https://www.transfermarkt.com/andrei-ciobanu/profil/spieler/340980","Central Midfield","26","Romania","FC Voluntari","Liga 2","Romania",0,FALSE,NA,"Summer",37,26,1,1075
"FCV Farul Constanta","SuperLiga","Romania","2024","Arrivals","Bogdan Țîru","https://www.transfermarkt.com/bogdan-tiru/profil/spieler/186744","Centre-Back","30","Romania","Warta Poznan","Betclic 1 Liga","Poland",0,FALSE,NA,"Summer",30,24,1,1426
"FCV Farul Constanta","SuperLiga","Romania","2024","Arrivals","George Merloi","https://www.transfermarkt.com/george-merloi/profil/spieler/530697","Right Winger","24","Romania","FC Voluntari","Liga 2","Romania",NA,FALSE,"?","Summer",2,0,0,0
"FCV Farul Constanta","SuperLiga","Romania","2024","Arrivals","Mario Aioanei","https://www.transfermarkt.com/mario-aioanei/profil/spieler/858489","Right-Back","19","Romania","FCV Farul U18",NA,"Romania",NA,FALSE,"-","Summer",9,2,0,144
"FCV Farul Constanta","SuperLiga","Romania","2024","Arrivals","Alexandru Stoian","https://www.transfermarkt.com/alexandru-stoian/profil/spieler/992823","Centre-Forward","16","Romania","FCV Farul U18",NA,"Romania",NA,FALSE,"-","Summer",17,8,0,189
"FCV Farul Constanta","SuperLiga","Romania","2024","Arrivals","Bogdan Chiper","https://www.transfermarkt.com/bogdan-chiper/profil/spieler/1163779","Central Midfield","19","Romania","FCV Farul U18",NA,"Romania",NA,FALSE,"-","Summer",NA,NA,NA,NA
"FCV Farul Constanta","SuperLiga","Romania","2024","Arrivals","Luca Băsceanu","https://www.transfermarkt.com/luca-basceanu/profil/spieler/937066","Attacking Midfield","18","Romania","FCV Farul U18",NA,"Romania",NA,FALSE,"-","Summer",22,15,2,650
"FCV Farul Constanta","SuperLiga","Romania","2024","Arrivals","Ionuț Cercel","https://www.transfermarkt.com/ionut-cercel/profil/spieler/1073910","Right-Back","17","Romania","FCV Farul U18",NA,"Romania",NA,FALSE,"-","Summer",17,13,0,720
"FCV Farul Constanta","SuperLiga","Romania","2024","Arrivals","Mateus Santos","https://www.transfermarkt.com/mateus-santos/profil/spieler/537599","Right Winger","25","Brazil","AE Kifisias","Super League 1","Greece",NA,TRUE,"End of loan Jun 30, 2024","Summer",NA,NA,NA,NA
"FCV Farul Constanta","SuperLiga","Romania","2024","Arrivals","Ștefan Bodișteanu","https://www.transfermarkt.com/stefan-bodisteanu/profil/spieler/608448","Left Winger","21","Moldova","Otelul Galati","SuperLiga","Romania",NA,TRUE,"End of loan Jun 30, 2024","Summer",NA,NA,NA,NA
"FCV Farul Constanta","SuperLiga","Romania","2024","Arrivals","David Maftei","https://www.transfermarkt.com/david-maftei/profil/spieler/731518","Right-Back","19","Romania","CSA Steaua","Liga 2","Romania",NA,TRUE,"End of loan Jun 30, 2024","Summer",NA,NA,NA,NA
"FCV Farul Constanta","SuperLiga","Romania","2024","Arrivals","Valentin Dumitrache","https://www.transfermarkt.com/valentin-dumitrache/profil/spieler/909053","Centre-Forward","21","Romania","FC Buzău","Liga 2","Romania",NA,TRUE,"End of loan Jun 30, 2024","Summer",NA,NA,NA,NA
"FCV Farul Constanta","SuperLiga","Romania","2024","Arrivals","David Dincă","https://www.transfermarkt.com/david-dinca/profil/spieler/709668","Goalkeeper","20","Romania","Concordia","Liga 2","Romania",NA,TRUE,"End of loan Jun 30, 2024","Summer",NA,NA,NA,NA
"FCV Farul Constanta","SuperLiga","Romania","2024","Arrivals","Cosmin Tucaliuc","https://www.transfermarkt.com/cosmin-tucaliuc/profil/spieler/418234","Attacking Midfield","24","Romania","Concordia","Liga 2","Romania",NA,TRUE,"End of loan Jun 30, 2024","Summer",NA,NA,NA,NA
"FCV Farul Constanta","SuperLiga","Romania","2024","Arrivals","Gabriel Nedelea","https://www.transfermarkt.com/gabriel-nedelea/profil/spieler/464280","Left-Back","23","Romania","Alexandria","Liga 2","Romania",NA,TRUE,"End of loan Jun 30, 2024","Summer",NA,NA,NA,NA
"FCV Farul Constanta","SuperLiga","Romania","2024","Arrivals","Cosmin Tucaliuc","https://www.transfermarkt.com/cosmin-tucaliuc/profil/spieler/418234","Attacking Midfield","23","Romania","Petrolul","SuperLiga","Romania",NA,TRUE,"End of loan Jun 30, 2023","Summer",NA,NA,NA,NA
"FCV Farul Constanta","SuperLiga","Romania","2024","Arrivals","Gabriel Buta","https://www.transfermarkt.com/gabriel-buta/profil/spieler/724115","Centre-Back","22","Romania","FC U Craiova","SuperLiga","Romania",NA,TRUE,"End of loan Jun 30, 2024","Summer",37,13,1,681
"FCV Farul Constanta","SuperLiga","Romania","2024","Arrivals","Robert Mustacă","https://www.transfermarkt.com/robert-mustaca/profil/spieler/728521","Right Winger","20","Romania","UTA Arad","SuperLiga","Romania",NA,TRUE,"End of loan Aug 30, 2023","Summer",7,1,0,67
"FCV Farul Constanta","SuperLiga","Romania","2024","Arrivals","Robert Mustacă","https://www.transfermarkt.com/robert-mustaca/profil/spieler/728521","Right Winger","21","Romania","FC Voluntari","SuperLiga","Romania",NA,TRUE,"End of loan Jun 30, 2024","Summer",7,1,0,67
"FCV Farul Constanta","SuperLiga","Romania","2024","Arrivals","Denis Bujor","https://www.transfermarkt.com/denis-bujor/profil/spieler/731524","Right Winger","19","Romania","Unirea Slobozia","Liga 2","Romania",NA,TRUE,"End of loan Jun 30, 2024","Summer",NA,NA,NA,NA
"FCV Farul Constanta","SuperLiga","Romania","2024","Arrivals","Alex Georgescu","https://www.transfermarkt.com/alex-georgescu/profil/spieler/547855","Right-Back","22","Romania","Sp. Rosiori",NA,"Romania",NA,TRUE,"End of loan Jun 30, 2024","Summer",NA,NA,NA,NA
"FCV Farul Constanta","SuperLiga","Romania","2024","Arrivals","Bogdan Lazăr","https://www.transfermarkt.com/bogdan-lazar/profil/spieler/608476","Centre-Back","21","Romania","CSU Alba Iulia",NA,"Romania",NA,TRUE,"End of loan Jun 30, 2024","Summer",NA,NA,NA,NA
"FCV Farul Constanta","SuperLiga","Romania","2024","Arrivals","Horia Marin","https://www.transfermarkt.com/horia-marin/profil/spieler/1012415","Centre-Back","20","Romania","Axiopolis",NA,"Romania",NA,TRUE,"End of loan Jun 30, 2024","Summer",0,0,0,0
"FCV Farul Constanta","SuperLiga","Romania","2024","Arrivals","Robert Băceanu","https://www.transfermarkt.com/robert-baceanu/profil/spieler/926826","Centre-Forward","19","Romania","D. Calarasi",NA,"Romania",NA,TRUE,"End of loan Jun 30, 2024","Summer",NA,NA,NA,NA
"FCV Farul Constanta","SuperLiga","Romania","2024","Departures","Constantin Grameni","https://www.transfermarkt.com/constantin-grameni/profil/spieler/568578","Central Midfield","21","Romania","FC Rapid 1923","SuperLiga","Romania",4e+05,FALSE,NA,"Summer",8,8,0,650
"FCV Farul Constanta","SuperLiga","Romania","2024","Departures","Mihai Popescu","https://www.transfermarkt.com/mihai-popescu/profil/spieler/361537","Centre-Back","31","Romania","FCSB","SuperLiga","Romania",250000,FALSE,NA,"Summer",8,8,0,659
"FCV Farul Constanta","SuperLiga","Romania","2024","Departures","Tudor Băluță","https://www.transfermarkt.com/tudor-baluta/profil/spieler/433976","Defensive Midfield","25","Romania","Slask Wroclaw","Ekstraklasa","Poland",0,FALSE,NA,"Summer",NA,NA,NA,NA
"FCV Farul Constanta","SuperLiga","Romania","2024","Departures","David Kiki","https://www.transfermarkt.com/david-kiki/profil/spieler/379870","Left-Back","30","Benin","FCSB","SuperLiga","Romania",0,FALSE,NA,"Summer",NA,NA,NA,NA
"FCV Farul Constanta","SuperLiga","Romania","2024","Departures","Ronaldo Deaconu","https://www.transfermarkt.com/ronaldo-deaconu/profil/spieler/271281","Attacking Midfield","27","Romania","FC Hermannstadt","SuperLiga","Romania",0,FALSE,NA,"Summer",NA,NA,NA,NA
"FCV Farul Constanta","SuperLiga","Romania","2024","Departures","Mateus Santos","https://www.transfermarkt.com/mateus-santos/profil/spieler/537599","Right Winger","25","Brazil","RS Berkane","Botola Pro Inwi","Morocco",0,FALSE,NA,"Summer",NA,NA,NA,NA
"FCV Farul Constanta","SuperLiga","Romania","2024","Departures","Diogo Queirós","https://www.transfermarkt.com/diogo-queiros/profil/spieler/357148","Centre-Back","25","Portugal","USL Dunkerque","Ligue 2","France",0,FALSE,NA,"Summer",5,4,0,223
"FCV Farul Constanta","SuperLiga","Romania","2024","Departures","Kevin Boli","https://www.transfermarkt.com/kevin-boli/profil/spieler/186593","Centre-Back","33","Cote d'Ivoire","Kheybar FC","Persian Gulf Pro League","Iran",0,FALSE,NA,"Summer",NA,NA,NA,NA
"FCV Farul Constanta","SuperLiga","Romania","2024","Departures","Ștefan Bodișteanu","https://www.transfermarkt.com/stefan-bodisteanu/profil/spieler/608448","Left Winger","21","Moldova","FC Botosani","SuperLiga","Romania",0,FALSE,NA,"Summer",NA,NA,NA,NA
"FCV Farul Constanta","SuperLiga","Romania","2024","Departures","George Merloi","https://www.transfermarkt.com/george-merloi/profil/spieler/530697","Right Winger","24","Romania","FC Voluntari","Liga 2","Romania",0,FALSE,NA,"Summer",2,0,0,0
"FCV Farul Constanta","SuperLiga","Romania","2024","Departures","Constantin Budescu","https://www.transfermarkt.com/constantin-budescu/profil/spieler/164233","Attacking Midfield","35","Romania","FC Buzău","SuperLiga","Romania",0,FALSE,NA,"Summer",NA,NA,NA,NA
"FCV Farul Constanta","SuperLiga","Romania","2024","Departures","Valentin Dumitrache","https://www.transfermarkt.com/valentin-dumitrache/profil/spieler/909053","Centre-Forward","21","Romania","FC Dinamo","SuperLiga","Romania",0,FALSE,NA,"Summer",NA,NA,NA,NA
"FCV Farul Constanta","SuperLiga","Romania","2024","Departures","Amine Benchaib","https://www.transfermarkt.com/amine-benchaib/profil/spieler/503855","Attacking Midfield","26","Belgium","Panevėžys","A Lyga","Lithuania",0,FALSE,NA,"Summer",NA,NA,NA,NA
"FCV Farul Constanta","SuperLiga","Romania","2024","Departures","Luca Andronache","https://www.transfermarkt.com/luca-andronache/profil/spieler/666469","Left Winger","21","Romania","Otelul Galati","SuperLiga","Romania",0,FALSE,NA,"Summer",1,0,0,0
"FCV Farul Constanta","SuperLiga","Romania","2024","Departures","Cosmin Tucaliuc","https://www.transfermarkt.com/cosmin-tucaliuc/profil/spieler/418234","Attacking Midfield","24","Romania","ACSM Reșița","Liga 2","Romania",0,FALSE,NA,"Summer",NA,NA,NA,NA
"FCV Farul Constanta","SuperLiga","Romania","2024","Departures","Gabriel Nedelea","https://www.transfermarkt.com/gabriel-nedelea/profil/spieler/464280","Left-Back","23","Romania","CSA Steaua","Liga 2","Romania",0,FALSE,NA,"Summer",NA,NA,NA,NA
"FCV Farul Constanta","SuperLiga","Romania","2024","Departures","Denis Bujor","https://www.transfermarkt.com/denis-bujor/profil/spieler/731524","Right Winger","19","Romania","FC Voluntari","Liga 2","Romania",0,FALSE,NA,"Summer",NA,NA,NA,NA
"FCV Farul Constanta","SuperLiga","Romania","2024","Departures","Robert Băceanu","https://www.transfermarkt.com/robert-baceanu/profil/spieler/926826","Centre-Forward","19","Romania","LPSHD Clinceni",NA,"Romania",0,FALSE,NA,"Summer",NA,NA,NA,NA
"FCV Farul Constanta","SuperLiga","Romania","2024","Departures","David Maftei","https://www.transfermarkt.com/david-maftei/profil/spieler/731518","Right-Back","19","Romania","Otelul Galati","SuperLiga","Romania",NA,TRUE,"loan transfer","Summer",NA,NA,NA,NA
"FCV Farul Constanta","SuperLiga","Romania","2024","Departures","David Dincă","https://www.transfermarkt.com/david-dinca/profil/spieler/709668","Goalkeeper","20","Romania","ACSM Reșița","Liga 2","Romania",NA,TRUE,"loan transfer","Summer",NA,NA,NA,NA
"FCV Farul Constanta","SuperLiga","Romania","2024","Departures","Darius Grosu","https://www.transfermarkt.com/darius-grosu/profil/spieler/568557","Right-Back","22","Romania","FC Buzău","SuperLiga","Romania",NA,TRUE,"loan transfer","Summer",6,0,0,0
"FCV Farul Constanta","SuperLiga","Romania","2024","Departures","Ștefan Mușat","https://www.transfermarkt.com/stefan-musat/profil/spieler/623763","Goalkeeper","23","Romania","Chindia","Liga 2","Romania",NA,TRUE,"loan transfer","Summer",0,0,0,0
"FCV Farul Constanta","SuperLiga","Romania","2024","Departures","Vlad Rafailă","https://www.transfermarkt.com/vlad-rafaila/profil/spieler/723823","Goalkeeper","19","Romania","Lecce U20","Primavera 1","Italy",NA,TRUE,"loan transfer","Summer",NA,NA,NA,NA
"FCV Farul Constanta","SuperLiga","Romania","2024","Departures","Alex Georgescu","https://www.transfermarkt.com/alex-georgescu/profil/spieler/547855","Right-Back","23","Romania","Cetatea Tr. M.",NA,"Romania",NA,TRUE,"loan transfer","Summer",NA,NA,NA,NA
"FCV Farul Constanta","SuperLiga","Romania","2024","Departures","Bogdan Lazăr","https://www.transfermarkt.com/bogdan-lazar/profil/spieler/608476","Centre-Back","21","Romania","CSU Alba Iulia",NA,"Romania",NA,TRUE,"loan transfer","Summer",NA,NA,NA,NA
"FCV Farul Constanta","SuperLiga","Romania","2024","Departures","Cătălin Tronea","https://www.transfermarkt.com/catalin-tronea/profil/spieler/1163783","Central Midfield","19","Romania","CSU Alba Iulia",NA,"Romania",NA,TRUE,"loan transfer","Summer",NA,NA,NA,NA
"FCV Farul Constanta","SuperLiga","Romania","2024","Departures","Bogdan Chiper","https://www.transfermarkt.com/bogdan-chiper/profil/spieler/1163779","Central Midfield","19","Romania","CSM Fetesti",NA,"Romania",NA,TRUE,"loan transfer","Summer",NA,NA,NA,NA
"FCV Farul Constanta","SuperLiga","Romania","2024","Departures","Damien Dussaut","https://www.transfermarkt.com/damien-dussaut/profil/spieler/205533","Right-Back","29","Martinique","Without Club",NA,NA,NA,FALSE,"-","Summer",NA,NA,NA,NA
"FCV Farul Constanta","SuperLiga","Romania","2024","Departures","Horia Marin","https://www.transfermarkt.com/horia-marin/profil/spieler/1012415","Centre-Back","20","Romania","Without Club",NA,NA,NA,FALSE,"-","Summer",0,0,0,0
"FCV Farul Constanta","SuperLiga","Romania","2024","Departures","Louis Munteanu","https://www.transfermarkt.com/louis-munteanu/profil/spieler/547786","Centre-Forward","22","Romania","Fiorentina","Serie A","Italy",NA,TRUE,"End of loan Jun 30, 2024","Summer",NA,NA,NA,NA
"FCV Farul Constanta","SuperLiga","Romania","2024","Arrivals","Reginaldo","https://www.transfermarkt.com/reginaldo/profil/spieler/739487","Left-Back","23","Brazil","Barcelona-BA","Campeonato Baiano","Brazil",0,FALSE,NA,"Winter",18,4,0,161
"FCV Farul Constanta","SuperLiga","Romania","2024","Arrivals","João Ferreira","https://www.transfermarkt.com/joao-ferreira/profil/spieler/1222728","Centre-Back","19","Brazil","Retrô U20",NA,"Brazil",0,FALSE,NA,"Winter",1,0,0,0
"FCV Farul Constanta","SuperLiga","Romania","2024","Arrivals","Isaque Ferreira","https://www.transfermarkt.com/isaque-ferreira/profil/spieler/1361299","Centre-Forward","18","Brazil","Retrô U20",NA,"Brazil",0,FALSE,NA,"Winter",2,0,0,0
"FCV Farul Constanta","SuperLiga","Romania","2024","Arrivals","Fabinho","https://www.transfermarkt.com/fabinho/profil/spieler/697714","Right-Back","23","Portugal","Mafra","Liga Portugal 2","Portugal",NA,FALSE,"?","Winter",14,7,0,214
"FCV Farul Constanta","SuperLiga","Romania","2024","Arrivals","Daniel Kivinda","https://www.transfermarkt.com/daniel-kivinda/profil/spieler/717415","Centre-Forward","20","Ukraine","Without Club",NA,NA,NA,FALSE,"-","Winter",3,3,0,96
"FCV Farul Constanta","SuperLiga","Romania","2024","Arrivals","Mario Aioanei","https://www.transfermarkt.com/mario-aioanei/profil/spieler/858489","Right-Back","19","Romania","FCV Farul U18",NA,"Romania",NA,FALSE,"-","Winter",9,2,0,144
"FCV Farul Constanta","SuperLiga","Romania","2024","Arrivals","Luca Banu","https://www.transfermarkt.com/luca-banu/profil/spieler/869978","Defensive Midfield","19","Romania","FCV Farul U18",NA,"Romania",NA,FALSE,"-","Winter",23,10,0,392
"FCV Farul Constanta","SuperLiga","Romania","2024","Arrivals","Luca Băsceanu","https://www.transfermarkt.com/luca-basceanu/profil/spieler/937066","Attacking Midfield","18","Romania","FCV Farul U18",NA,"Romania",NA,FALSE,"-","Winter",22,15,2,650
"FCV Farul Constanta","SuperLiga","Romania","2024","Arrivals","Darius Grosu","https://www.transfermarkt.com/darius-grosu/profil/spieler/568557","Right-Back","22","Romania","FC Buzău","SuperLiga","Romania",NA,TRUE,"End of loan Dec 31, 2024","Winter",6,0,0,0
"FCV Farul Constanta","SuperLiga","Romania","2024","Arrivals","Ștefan Mușat","https://www.transfermarkt.com/stefan-musat/profil/spieler/623763","Goalkeeper","24","Romania","Chindia","Liga 2","Romania",NA,TRUE,"End of loan Jan 30, 2025","Winter",0,0,0,0
"FCV Farul Constanta","SuperLiga","Romania","2024","Arrivals","Alex Georgescu","https://www.transfermarkt.com/alex-georgescu/profil/spieler/547855","Right-Back","23","Romania","Cetatea Tr. M.",NA,"Romania",NA,TRUE,"End of loan Jan 1, 2025","Winter",NA,NA,NA,NA
"FCV Farul Constanta","SuperLiga","Romania","2024","Arrivals","Bogdan Lazăr","https://www.transfermarkt.com/bogdan-lazar/profil/spieler/608476","Centre-Back","21","Romania","CSU Alba Iulia",NA,"Romania",NA,TRUE,"End of loan Dec 31, 2024","Winter",NA,NA,NA,NA
"FCV Farul Constanta","SuperLiga","Romania","2024","Arrivals","Cătălin Tronea","https://www.transfermarkt.com/catalin-tronea/profil/spieler/1163783","Central Midfield","19","Romania","CSU Alba Iulia",NA,"Romania",NA,TRUE,"End of loan Dec 31, 2024","Winter",NA,NA,NA,NA
"FCV Farul Constanta","SuperLiga","Romania","2024","Arrivals","Bogdan Chiper","https://www.transfermarkt.com/bogdan-chiper/profil/spieler/1163779","Central Midfield","19","Romania","CSM Fetesti",NA,"Romania",NA,TRUE,"End of loan Jan 1, 2025","Winter",NA,NA,NA,NA
"FCV Farul Constanta","SuperLiga","Romania","2024","Departures","Ionuț Cercel","https://www.transfermarkt.com/ionut-cercel/profil/spieler/1073910","Right-Back","18","Romania","FCSB","SuperLiga","Romania",5e+05,FALSE,NA,"Winter",17,13,0,720
"FCV Farul Constanta","SuperLiga","Romania","2024","Departures","Alexandru Stoian","https://www.transfermarkt.com/alexandru-stoian/profil/spieler/992823","Centre-Forward","17","Romania","FCSB","SuperLiga","Romania",5e+05,FALSE,NA,"Winter",17,8,0,189
"FCV Farul Constanta","SuperLiga","Romania","2024","Departures","Rivaldinho","https://www.transfermarkt.com/rivaldinho/profil/spieler/313968","Centre-Forward","29","Brazil","QD Red Lions","League One","China",2e+05,FALSE,NA,"Winter",27,26,6,1319
"FCV Farul Constanta","SuperLiga","Romania","2024","Departures","Robert Mustacă","https://www.transfermarkt.com/robert-mustaca/profil/spieler/728521","Right Winger","22","Romania","CSM Olimpia SM",NA,"Romania",0,FALSE,NA,"Winter",7,1,0,67
"FCV Farul Constanta","SuperLiga","Romania","2024","Departures","Alex Georgescu","https://www.transfermarkt.com/alex-georgescu/profil/spieler/547855","Right-Back","23","Romania","D. Calarasi",NA,"Romania",0,FALSE,NA,"Winter",NA,NA,NA,NA
"FCV Farul Constanta","SuperLiga","Romania","2024","Departures","Bogdan Lazăr","https://www.transfermarkt.com/bogdan-lazar/profil/spieler/608476","Centre-Back","21","Romania","ACS Tg. Mures",NA,"Romania",0,FALSE,NA,"Winter",NA,NA,NA,NA
"FCV Farul Constanta","SuperLiga","Romania","2024","Departures","Bogdan Chiper","https://www.transfermarkt.com/bogdan-chiper/profil/spieler/1163779","Central Midfield","19","Romania","Viitorul Onești",NA,"Romania",0,FALSE,NA,"Winter",NA,NA,NA,NA
"FCV Farul Constanta","SuperLiga","Romania","2024","Departures","Cătălin Tronea","https://www.transfermarkt.com/catalin-tronea/profil/spieler/1163783","Central Midfield","19","Romania","Viitorul Onești",NA,"Romania",0,FALSE,NA,"Winter",NA,NA,NA,NA
"FCV Farul Constanta","SuperLiga","Romania","2024","Departures","Gabriel Dănuleasă","https://www.transfermarkt.com/gabriel-danuleasa/profil/spieler/666434","Centre-Back","21","Romania","CS Afumati","Liga 2","Romania",NA,TRUE,"loan transfer","Winter",19,12,0,501
"FCV Farul Constanta","SuperLiga","Romania","2024","Departures","Darius Grosu","https://www.transfermarkt.com/darius-grosu/profil/spieler/568557","Right-Back","22","Romania","Metalul Buzau","Liga 2","Romania",NA,TRUE,"loan transfer","Winter",6,0,0,0
"FCV Farul Constanta","SuperLiga","Romania","2024","Departures","Mario Aioanei","https://www.transfermarkt.com/mario-aioanei/profil/spieler/858489","Right-Back","19","Romania","CSM Olimpia SM",NA,"Romania",NA,TRUE,"loan transfer","Winter",9,2,0,144
"SC Otelul Galati","SuperLiga","Romania","2024","Arrivals","Vasilije Djuric","https://www.transfermarkt.com/vasilije-djuric/profil/spieler/586914","Attacking Midfield","25","Serbia","Radnicki 1923","Super liga Srbije","Serbia",0,FALSE,NA,"Summer",22,17,0,674
"SC Otelul Galati","SuperLiga","Romania","2024","Arrivals","Maksym Kovalyov","https://www.transfermarkt.com/maksym-kovalyov/profil/spieler/662976","Goalkeeper","23","Ukraine","Pirin ","Vtora Liga","Bulgaria",0,FALSE,NA,"Summer",11,0,0,0
"SC Otelul Galati","SuperLiga","Romania","2024","Arrivals","Victor Bogaciuc","https://www.transfermarkt.com/victor-bogaciuc/profil/spieler/404894","Central Midfield","24","Moldova","Chindia","Liga 2","Romania",0,FALSE,NA,"Summer",9,2,0,68
"SC Otelul Galati","SuperLiga","Romania","2024","Arrivals","Josip Tomasevic","https://www.transfermarkt.com/josip-tomasevic/profil/spieler/160514","Left-Back","30","Croatia","Hapoel Hadera","Ligat ha'Al","Israel",0,FALSE,NA,"Summer",18,11,0,881
"SC Otelul Galati","SuperLiga","Romania","2024","Arrivals","Maxim Cojocaru","https://www.transfermarkt.com/maxim-cojocaru/profil/spieler/343917","Right Winger","26","Moldova","Chindia","Liga 2","Romania",0,FALSE,NA,"Summer",34,21,0,383
"SC Otelul Galati","SuperLiga","Romania","2024","Arrivals","Luca Andronache","https://www.transfermarkt.com/luca-andronache/profil/spieler/666469","Left Winger","21","Romania","FCV Farul","SuperLiga","Romania",0,FALSE,NA,"Summer",27,11,0,163
"SC Otelul Galati","SuperLiga","Romania","2024","Arrivals","Cristian Chira","https://www.transfermarkt.com/cristian-chira/profil/spieler/675505","Central Midfield","22","Romania","CFR Cluj U19",NA,"Romania",0,FALSE,NA,"Summer",10,4,0,52
"SC Otelul Galati","SuperLiga","Romania","2024","Arrivals","Iustin Popescu","https://www.transfermarkt.com/iustin-popescu/profil/spieler/289186","Goalkeeper","30","Romania","Chindia","Liga 2","Romania",0,FALSE,NA,"Summer",35,26,0,2340
"SC Otelul Galati","SuperLiga","Romania","2024","Arrivals","Neluț Roșu","https://www.transfermarkt.com/nelut-rosu/profil/spieler/241310","Central Midfield","30","Romania","FC Dinamo","SuperLiga","Romania",0,FALSE,NA,"Summer",33,20,0,516
"SC Otelul Galati","SuperLiga","Romania","2024","Arrivals","Stipe Juric","https://www.transfermarkt.com/stipe-juric/profil/spieler/465593","Centre-Forward","25","Bosnia-Herzegovina","LKS Lodz","Betclic 1 Liga","Poland",0,FALSE,NA,"Summer",23,23,5,1315
"SC Otelul Galati","SuperLiga","Romania","2024","Arrivals","Nikola Stevanovic","https://www.transfermarkt.com/nikola-stevanovic/profil/spieler/425733","Centre-Back","25","Serbia","Napredak","Super liga Srbije","Serbia",0,FALSE,NA,"Summer",35,35,1,3028
"SC Otelul Galati","SuperLiga","Romania","2024","Arrivals","Valerio Gallo","https://www.transfermarkt.com/valerio-gallo/profil/spieler/1097443","Right-Back","19","Romania","Gloria Bistrita",NA,"Romania",0,FALSE,NA,"Summer",12,0,0,0
"SC Otelul Galati","SuperLiga","Romania","2024","Arrivals","David Maftei","https://www.transfermarkt.com/david-maftei/profil/spieler/731518","Right-Back","19","Romania","FCV Farul","SuperLiga","Romania",NA,TRUE,"loan transfer","Summer",37,23,0,1589
"SC Otelul Galati","SuperLiga","Romania","2024","Arrivals","Albert Hofman","https://www.transfermarkt.com/albert-hofman/profil/spieler/916301","Centre-Forward","21","Romania","U Cluj","SuperLiga","Romania",NA,TRUE,"loan transfer","Summer",28,12,0,412
"SC Otelul Galati","SuperLiga","Romania","2024","Arrivals","Martin Angha","https://www.transfermarkt.com/martin-angha/profil/spieler/122695","Centre-Back","30","Switzerland","Without Club",NA,NA,NA,FALSE,"-","Summer",27,15,0,1133
"SC Otelul Galati","SuperLiga","Romania","2024","Arrivals","Samy Bourard","https://www.transfermarkt.com/samy-bourard/profil/spieler/235230","Central Midfield","28","Belgium","Hapoel Hadera","Ligat ha'Al","Israel",NA,FALSE,"-","Summer",25,20,2,1068
"SC Otelul Galati","SuperLiga","Romania","2024","Arrivals","Denis Bordun","https://www.transfermarkt.com/denis-bordun/profil/spieler/1065319","Right Winger","18","Romania","Otelul Galati U19",NA,"Romania",NA,FALSE,"-","Summer",NA,NA,NA,NA
"SC Otelul Galati","SuperLiga","Romania","2024","Arrivals","Alin Nica","https://www.transfermarkt.com/alin-nica/profil/spieler/940632","Left Winger","26","Romania","U. Branistea",NA,"Romania",NA,TRUE,"End of loan Jun 30, 2024","Summer",NA,NA,NA,NA
"SC Otelul Galati","SuperLiga","Romania","2024","Arrivals","Ștefan Farcaș","https://www.transfermarkt.com/stefan-farcas/profil/spieler/1004799","Right-Back","20","Romania","U. Branistea",NA,"Romania",NA,TRUE,"End of loan Jan 1, 2024","Summer",2,1,0,1
"SC Otelul Galati","SuperLiga","Romania","2024","Arrivals","Darius Paharnicu","https://www.transfermarkt.com/darius-paharnicu/profil/spieler/940629","Goalkeeper","19","Romania","U. Branistea",NA,"Romania",NA,TRUE,"End of loan Jun 30, 2024","Summer",7,0,0,0
"SC Otelul Galati","SuperLiga","Romania","2024","Departures","Eduard Pap","https://www.transfermarkt.com/eduard-pap/profil/spieler/249080","Goalkeeper","30","Romania","FC Botosani","SuperLiga","Romania",0,FALSE,NA,"Summer",NA,NA,NA,NA
"SC Otelul Galati","SuperLiga","Romania","2024","Departures","Dragan Lovric","https://www.transfermarkt.com/dragan-lovric/profil/spieler/308778","Centre-Back","28","Croatia","FC Buzău","SuperLiga","Romania",0,FALSE,NA,"Summer",NA,NA,NA,NA
"SC Otelul Galati","SuperLiga","Romania","2024","Departures","Anes Rusevic","https://www.transfermarkt.com/anes-rusevic/profil/spieler/374075","Centre-Forward","27","Serbia","Zrinjski Mostar","Premijer Liga BiH","Bosnia-Herzegovina",0,FALSE,NA,"Summer",NA,NA,NA,NA
"SC Otelul Galati","SuperLiga","Romania","2024","Departures","Relu Stoian","https://www.transfermarkt.com/relu-stoian/profil/spieler/315468","Goalkeeper","28","Romania","CS U Craiova","SuperLiga","Romania",0,FALSE,NA,"Summer",NA,NA,NA,NA
"SC Otelul Galati","SuperLiga","Romania","2024","Departures","Aly Malle","https://www.transfermarkt.com/aly-malle/profil/spieler/398809","Right Winger","26","Mali","Sanliurfaspor ","1.Lig","Türkiye",0,FALSE,NA,"Summer",NA,NA,NA,NA
"SC Otelul Galati","SuperLiga","Romania","2024","Departures","Vasile Jardan","https://www.transfermarkt.com/vasile-jardan/profil/spieler/208571","Defensive Midfield","30","Moldova","Petrocub","Super Liga (Phase 2)","Moldova",0,FALSE,NA,"Summer",NA,NA,NA,NA
"SC Otelul Galati","SuperLiga","Romania","2024","Departures","Costin Ghiocel","https://www.transfermarkt.com/costin-ghiocel/profil/spieler/213646","Centre-Back","30","Romania","FC Arges","Liga 2","Romania",0,FALSE,NA,"Summer",NA,NA,NA,NA
"SC Otelul Galati","SuperLiga","Romania","2024","Departures","Pablo Gaitán","https://www.transfermarkt.com/pablo-gaitan/profil/spieler/296809","Central Midfield","32","Argentina","Birkirkara FC","Premier League Closing Round","Malta",0,FALSE,NA,"Summer",NA,NA,NA,NA
"SC Otelul Galati","SuperLiga","Romania","2024","Departures","Alin Nica","https://www.transfermarkt.com/alin-nica/profil/spieler/940632","Left Winger","26","Romania","Metalul Buzau","Liga 2","Romania",0,FALSE,NA,"Summer",NA,NA,NA,NA
"SC Otelul Galati","SuperLiga","Romania","2024","Departures","Ștefan Farcaș","https://www.transfermarkt.com/stefan-farcas/profil/spieler/1004799","Right-Back","21","Romania","Campulung","Liga 2","Romania",NA,TRUE,"loan transfer","Summer",2,1,0,1
"SC Otelul Galati","SuperLiga","Romania","2024","Departures","Gabriel Ursu","https://www.transfermarkt.com/gabriel-ursu/profil/spieler/940628","Goalkeeper","22","Romania","U. Branistea",NA,"Romania",NA,TRUE,"loan transfer","Summer",NA,NA,NA,NA
"SC Otelul Galati","SuperLiga","Romania","2024","Departures","Denis Bordun","https://www.transfermarkt.com/denis-bordun/profil/spieler/1065319","Right Winger","18","Romania","U. Branistea",NA,"Romania",NA,TRUE,"loan transfer","Summer",NA,NA,NA,NA
"SC Otelul Galati","SuperLiga","Romania","2024","Departures","Darius Paharnicu","https://www.transfermarkt.com/darius-paharnicu/profil/spieler/940629","Goalkeeper","19","Romania","CSU Alba Iulia",NA,"Romania",NA,TRUE,"loan transfer","Summer",7,0,0,0
"SC Otelul Galati","SuperLiga","Romania","2024","Departures","George Cîrjan","https://www.transfermarkt.com/george-cirjan/profil/spieler/213640","Centre-Forward","35","Romania",NA,NA,NA,NA,FALSE,"-","Summer",NA,NA,NA,NA
"SC Otelul Galati","SuperLiga","Romania","2024","Departures","Dan Panait","https://www.transfermarkt.com/dan-panait/profil/spieler/295878","Left-Back","27","Romania","Without Club",NA,NA,NA,FALSE,"-","Summer",NA,NA,NA,NA
"SC Otelul Galati","SuperLiga","Romania","2024","Departures","Claudio Mocanu","https://www.transfermarkt.com/claudio-mocanu/profil/spieler/991676","Right-Back","20","Romania","Without Club",NA,NA,NA,FALSE,"-","Summer",NA,NA,NA,NA
"SC Otelul Galati","SuperLiga","Romania","2024","Departures","Ștefan Bodișteanu","https://www.transfermarkt.com/stefan-bodisteanu/profil/spieler/608448","Left Winger","21","Moldova","FCV Farul","SuperLiga","Romania",NA,TRUE,"End of loan Jun 30, 2024","Summer",NA,NA,NA,NA
"SC Otelul Galati","SuperLiga","Romania","2024","Arrivals","Ahmed Bani","https://www.transfermarkt.com/ahmed-bani/profil/spieler/491956","Right Winger","22","Romania","FC Dinamo","SuperLiga","Romania",0,FALSE,NA,"Winter",15,10,1,434
"SC Otelul Galati","SuperLiga","Romania","2024","Arrivals","Jakob Novak","https://www.transfermarkt.com/jakob-novak/profil/spieler/320865","Central Midfield","26","Slovenia","Atyrau","Premier Liga","Kazakhstan",0,FALSE,NA,"Winter",1,0,0,0
"SC Otelul Galati","SuperLiga","Romania","2024","Arrivals","Erik Bicfalvi","https://www.transfermarkt.com/erik-bicfalvi/profil/spieler/46504","Centre-Forward","37","Romania","Ural","1.Division","Russia",0,FALSE,NA,"Winter",9,9,0,579
"SC Otelul Galati","SuperLiga","Romania","2024","Arrivals","Julián Bonilla","https://www.transfermarkt.com/julian-bonilla/profil/spieler/592441","Centre-Back","28","Colombia","Felgueiras","Liga Portugal 2","Portugal",0,FALSE,NA,"Winter",15,4,0,137
"SC Otelul Galati","SuperLiga","Romania","2024","Arrivals","Stiven Plaza","https://www.transfermarkt.com/stiven-plaza/profil/spieler/591375","Centre-Forward","25","Ecuador","Venados FC","Liga Expansión MX Cl.","Mexico",0,FALSE,NA,"Winter",6,3,0,62
"SC Otelul Galati","SuperLiga","Romania","2024","Arrivals","Alexandru Mitulețu","https://www.transfermarkt.com/alexandru-mituletu/profil/spieler/901540","Left-Back","21","Romania","ACSO Filiasi",NA,"Romania",0,FALSE,NA,"Winter",4,0,0,0
"SC Otelul Galati","SuperLiga","Romania","2024","Arrivals","Jovan Marković","https://www.transfermarkt.com/jovan-markovic/profil/spieler/418235","Centre-Forward","23","Romania","CS U Craiova","SuperLiga","Romania",NA,TRUE,"loan transfer","Winter",7,7,1,228
"SC Otelul Galati","SuperLiga","Romania","2024","Arrivals","Alexandru Stan","https://www.transfermarkt.com/alexandru-stan/profil/spieler/1088535","Centre-Forward","19","Romania","FC Rapid 1923","SuperLiga","Romania",NA,TRUE,"loan transfer","Winter",13,7,0,154
"SC Otelul Galati","SuperLiga","Romania","2024","Arrivals","Alexandru Burcea","https://www.transfermarkt.com/alexandru-burcea/profil/spieler/1060889","Left Winger","19","Romania","Concordia","Liga 2","Romania",NA,TRUE,"loan transfer","Winter",11,8,0,136
"SC Otelul Galati","SuperLiga","Romania","2024","Arrivals","Martin Angha","https://www.transfermarkt.com/martin-angha/profil/spieler/122695","Centre-Back","30","Switzerland","Without Club",NA,NA,NA,FALSE,"-","Winter",27,15,0,1133
"SC Otelul Galati","SuperLiga","Romania","2024","Arrivals","Darius Paharnicu","https://www.transfermarkt.com/darius-paharnicu/profil/spieler/940629","Goalkeeper","19","Romania","CSU Alba Iulia",NA,"Romania",NA,TRUE,"End of loan Feb 10, 2025","Winter",7,0,0,0
"SC Otelul Galati","SuperLiga","Romania","2024","Departures","Juri Cisotti","https://www.transfermarkt.com/juri-cisotti/profil/spieler/163999","Central Midfield","31","Italy","FCSB","SuperLiga","Romania",2e+05,FALSE,NA,"Winter",20,20,3,1681
"SC Otelul Galati","SuperLiga","Romania","2024","Departures","Alexandru Pop","https://www.transfermarkt.com/alexandru-pop/profil/spieler/434892","Centre-Forward","24","Romania","FC Dinamo","SuperLiga","Romania",125000,FALSE,NA,"Winter",24,24,5,1499
"SC Otelul Galati","SuperLiga","Romania","2024","Departures","Vasilije Djuric","https://www.transfermarkt.com/vasilije-djuric/profil/spieler/586914","Attacking Midfield","26","Serbia","Velez Mostar","Premijer Liga BiH","Bosnia-Herzegovina",0,FALSE,NA,"Winter",22,17,0,674
"SC Otelul Galati","SuperLiga","Romania","2024","Departures","Stipe Juric","https://www.transfermarkt.com/stipe-juric/profil/spieler/465593","Centre-Forward","26","Bosnia-Herzegovina","CFR Cluj","SuperLiga","Romania",0,FALSE,NA,"Winter",23,23,5,1315
"SC Otelul Galati","SuperLiga","Romania","2024","Departures","Mihai Adăscăliței","https://www.transfermarkt.com/mihai-adascalitei/profil/spieler/280311","Right-Back","30","Romania","ACSM Poli Iasi","SuperLiga","Romania",0,FALSE,NA,"Winter",24,19,0,830
"SC Otelul Galati","SuperLiga","Romania","2024","Departures","Josip Tomasevic","https://www.transfermarkt.com/josip-tomasevic/profil/spieler/160514","Left-Back","30","Croatia","FC Buxoro","Superliga","Uzbekistan",0,FALSE,NA,"Winter",18,11,0,881
"SC Otelul Galati","SuperLiga","Romania","2024","Departures","Maksym Kovalyov","https://www.transfermarkt.com/maksym-kovalyov/profil/spieler/662976","Goalkeeper","24","Ukraine","Spartak Varna","efbet Liga","Bulgaria",0,FALSE,NA,"Winter",11,0,0,0
"SC Otelul Galati","SuperLiga","Romania","2024","Departures","Victor Bogaciuc","https://www.transfermarkt.com/victor-bogaciuc/profil/spieler/404894","Central Midfield","25","Moldova","Petrocub","Super Liga (Phase 2)","Moldova",0,FALSE,NA,"Winter",9,2,0,68
"SC Otelul Galati","SuperLiga","Romania","2024","Departures","Francois Yabré","https://www.transfermarkt.com/francois-yabre/profil/spieler/125917","Centre-Back","33","Burkina Faso","FC Bihor","Liga 2","Romania",0,FALSE,NA,"Winter",9,3,1,270
"SC Otelul Galati","SuperLiga","Romania","2024","Departures","Valerio Gallo","https://www.transfermarkt.com/valerio-gallo/profil/spieler/1097443","Right-Back","20","Romania","CS Afumati","Liga 2","Romania",0,FALSE,NA,"Winter",12,0,0,0
"SC Otelul Galati","SuperLiga","Romania","2024","Departures","Jakob Novak","https://www.transfermarkt.com/jakob-novak/profil/spieler/320865","Central Midfield","27","Slovenia","Zhenis ","Premier Liga","Kazakhstan",NA,TRUE,"loan transfer","Winter",1,0,0,0
"Petrolul Ploiesti","SuperLiga","Romania","2024","Arrivals","Alexandru Tudorie","https://www.transfermarkt.com/alexandru-tudorie/profil/spieler/260139","Centre-Forward","28","Romania","UTA Arad","SuperLiga","Romania",0,FALSE,NA,"Summer",21,21,9,1634
"Petrolul Ploiesti","SuperLiga","Romania","2024","Arrivals","Ricardinho","https://www.transfermarkt.com/ricardinho/profil/spieler/337537","Right-Back","30","Portugal","FC Voluntari","Liga 2","Romania",0,FALSE,NA,"Summer",38,37,2,3138
"Petrolul Ploiesti","SuperLiga","Romania","2024","Arrivals","Alexandru Mateiu","https://www.transfermarkt.com/alexandru-mateiu/profil/spieler/64193","Central Midfield","34","Romania","CS U Craiova","SuperLiga","Romania",0,FALSE,NA,"Summer",39,31,1,1785
"Petrolul Ploiesti","SuperLiga","Romania","2024","Arrivals","Tidiane Keita","https://www.transfermarkt.com/tidiane-keita/profil/spieler/563614","Central Midfield","27","France","USL Dunkerque","Ligue 2","France",0,FALSE,NA,"Summer",39,38,2,3044
"Petrolul Ploiesti","SuperLiga","Romania","2024","Arrivals","Yohan Roche","https://www.transfermarkt.com/yohan-roche/profil/spieler/524988","Centre-Back","27","Benin","QRM","Championnat National","France",0,FALSE,NA,"Summer",29,22,0,1538
"Petrolul Ploiesti","SuperLiga","Romania","2024","Arrivals","Hasan Jahic","https://www.transfermarkt.com/hasan-jahic/profil/spieler/867529","Centre-Back","23","Norway","Pribram","CFL","Czech Republic",0,FALSE,NA,"Summer",15,2,0,62
"Petrolul Ploiesti","SuperLiga","Romania","2024","Arrivals","Fabrício Baiano","https://www.transfermarkt.com/fabricio-baiano/profil/spieler/282513","Defensive Midfield","32","Brazil","SC Sagamihara","J3 League","Japan",0,FALSE,NA,"Summer",7,7,0,259
"Petrolul Ploiesti","SuperLiga","Romania","2024","Arrivals","Nana Akosah-Bempah","https://www.transfermarkt.com/nana-akosah-bempah/profil/spieler/431338","Right Winger","26","United States","Hapoel Acre","Liga Leumit","Israel",0,FALSE,NA,"Summer",10,10,0,466
"Petrolul Ploiesti","SuperLiga","Romania","2024","Arrivals","Alexandru Stănică","https://www.transfermarkt.com/alexandru-stanica/profil/spieler/641511","Centre-Back","23","Romania","Concordia","Liga 2","Romania",0,FALSE,NA,"Summer",40,12,0,567
"Petrolul Ploiesti","SuperLiga","Romania","2024","Arrivals","Herman Moussaki","https://www.transfermarkt.com/herman-moussaki/profil/spieler/593319","Centre-Forward","25","Congo","F91 Dudelange","BGL Ligue","Luxembourg",0,FALSE,NA,"Summer",12,12,0,489
"Petrolul Ploiesti","SuperLiga","Romania","2024","Arrivals","Denis Radu","https://www.transfermarkt.com/denis-radu/profil/spieler/641989","Right-Back","21","Romania","SSU Poli",NA,"Romania",NA,FALSE,"?","Summer",39,34,0,2192
"Petrolul Ploiesti","SuperLiga","Romania","2024","Arrivals","Christian Irobiso","https://www.transfermarkt.com/christian-irobiso/profil/spieler/213351","Centre-Forward","31","Nigeria","Al-Ula",NA,"Saudi Arabia",NA,TRUE,"loan transfer","Summer",31,23,2,1536
"Petrolul Ploiesti","SuperLiga","Romania","2024","Arrivals","David Ilie","https://www.transfermarkt.com/david-ilie/profil/spieler/925688","Centre-Forward","19","Romania","Ploiesti U19",NA,"Romania",NA,FALSE,"-","Summer",17,5,0,78
"Petrolul Ploiesti","SuperLiga","Romania","2024","Arrivals","Eduard Berbeacă","https://www.transfermarkt.com/eduard-berbeaca/profil/spieler/1015719","Goalkeeper","20","Romania","Ploiesti U19",NA,"Romania",NA,FALSE,"-","Summer",NA,NA,NA,NA
"Petrolul Ploiesti","SuperLiga","Romania","2024","Arrivals","Alin Boțogan","https://www.transfermarkt.com/alin-botogan/profil/spieler/793133","Left Winger","20","Romania","Chindia","Liga 2","Romania",NA,TRUE,"End of loan Jun 30, 2024","Summer",41,7,0,213
"Petrolul Ploiesti","SuperLiga","Romania","2024","Arrivals","Mihnea Rădulescu","https://www.transfermarkt.com/mihnea-radulescu/profil/spieler/1017320","Right Winger","18","Romania","FC Buzău","Liga 2","Romania",NA,TRUE,"End of loan Jun 30, 2024","Summer",43,38,5,2044
"Petrolul Ploiesti","SuperLiga","Romania","2024","Arrivals","Vlad Bogdan","https://www.transfermarkt.com/vlad-bogdan/profil/spieler/608486","Left Winger","21","Romania","Metaloglobus","Liga 2","Romania",NA,TRUE,"End of loan Jun 30, 2024","Summer",NA,NA,NA,NA
"Petrolul Ploiesti","SuperLiga","Romania","2024","Arrivals","Alexandru Sabău","https://www.transfermarkt.com/alexandru-sabau/profil/spieler/396611","Centre-Back","25","Romania","ACSM Reșița","Liga 2","Romania",NA,TRUE,"End of loan Jun 30, 2024","Summer",NA,NA,NA,NA
"Petrolul Ploiesti","SuperLiga","Romania","2024","Arrivals","Aris Oprea","https://www.transfermarkt.com/aris-oprea/profil/spieler/843517","Left-Back","20","Romania","CS Blejoi",NA,"Romania",NA,TRUE,"End of loan Jun 30, 2024","Summer",NA,NA,NA,NA
"Petrolul Ploiesti","SuperLiga","Romania","2024","Arrivals","Juan Pătraşcu","https://www.transfermarkt.com/juan-patrascu/profil/spieler/1088074","Centre-Back","20","Romania","CS Blejoi",NA,"Romania",NA,TRUE,"End of loan Jun 30, 2024","Summer",NA,NA,NA,NA
"Petrolul Ploiesti","SuperLiga","Romania","2024","Arrivals","Sebastian Balasa","https://www.transfermarkt.com/sebastian-balasa/profil/spieler/1142493","Centre-Forward","20","Romania","CS Blejoi",NA,"Romania",NA,TRUE,"End of loan Jun 30, 2024","Summer",NA,NA,NA,NA
"Petrolul Ploiesti","SuperLiga","Romania","2024","Arrivals","Ioan Tolea","https://www.transfermarkt.com/ioan-tolea/profil/spieler/1011742","Left-Back","21","Romania","CS Blejoi",NA,"Romania",NA,TRUE,"End of loan Jun 30, 2024","Summer",42,17,1,786
"Petrolul Ploiesti","SuperLiga","Romania","2024","Departures","Seniko Doua","https://www.transfermarkt.com/seniko-doua/profil/spieler/1098513","Right-Back","22","Cote d'Ivoire","AC Horsens","1.Division","Denmark",175000,FALSE,NA,"Summer",NA,NA,NA,NA
"Petrolul Ploiesti","SuperLiga","Romania","2024","Departures","Albin Berisha","https://www.transfermarkt.com/albin-berisha/profil/spieler/585901","Centre-Forward","23","Kosovo","Hansa Rostock","3. Liga","Germany",175000,FALSE,NA,"Summer",3,3,1,225
"Petrolul Ploiesti","SuperLiga","Romania","2024","Departures","Jair Tavares","https://www.transfermarkt.com/jair-tavares/profil/spieler/432742","Central Midfield","30","Brazil","E. Erokspor","1.Lig","Türkiye",0,FALSE,NA,"Summer",NA,NA,NA,NA
"Petrolul Ploiesti","SuperLiga","Romania","2024","Departures","Bart Meijers","https://www.transfermarkt.com/bart-meijers/profil/spieler/342719","Centre-Back","27","Netherlands","B. Banja Luka","Premijer Liga BiH","Bosnia-Herzegovina",0,FALSE,NA,"Summer",NA,NA,NA,NA
"Petrolul Ploiesti","SuperLiga","Romania","2024","Departures","Guilherme Garutti","https://www.transfermarkt.com/guilherme-garutti/profil/spieler/520084","Centre-Back","30","Brazil","FC Arges","Liga 2","Romania",0,FALSE,NA,"Summer",1,0,0,0
"Petrolul Ploiesti","SuperLiga","Romania","2024","Departures","Takayuki Seto","https://www.transfermarkt.com/takayuki-seto/profil/spieler/97562","Defensive Midfield","38","Japan","FC Arges","Liga 2","Romania",0,FALSE,NA,"Summer",1,1,0,81
"Petrolul Ploiesti","SuperLiga","Romania","2024","Departures","Vlad Bogdan","https://www.transfermarkt.com/vlad-bogdan/profil/spieler/608486","Left Winger","21","Romania","Unirea Ungheni","Liga 2","Romania",0,FALSE,NA,"Summer",NA,NA,NA,NA
"Petrolul Ploiesti","SuperLiga","Romania","2024","Departures","Alexandru Sabău","https://www.transfermarkt.com/alexandru-sabau/profil/spieler/396611","Centre-Back","26","Romania","Chindia","Liga 2","Romania",0,FALSE,NA,"Summer",NA,NA,NA,NA
"Petrolul Ploiesti","SuperLiga","Romania","2024","Departures","Aris Oprea","https://www.transfermarkt.com/aris-oprea/profil/spieler/843517","Left-Back","20","Romania","ACS FC Dinamo",NA,"Romania",0,FALSE,NA,"Summer",NA,NA,NA,NA
"Petrolul Ploiesti","SuperLiga","Romania","2024","Departures","Adrian Nicolae","https://www.transfermarkt.com/adrian-nicolae/profil/spieler/608475","Centre-Back","21","Romania","Metaloglobus","Liga 2","Romania",NA,TRUE,"loan transfer","Summer",NA,NA,NA,NA
"Petrolul Ploiesti","SuperLiga","Romania","2024","Departures","Sebastian Guiu","https://www.transfermarkt.com/sebastian-guiu/profil/spieler/1126423","Centre-Forward","18","Romania","CS Blejoi",NA,"Romania",NA,TRUE,"loan transfer","Summer",NA,NA,NA,NA
"Petrolul Ploiesti","SuperLiga","Romania","2024","Departures","Ismaël Diomandé","https://www.transfermarkt.com/ismael-diomande/profil/spieler/170495","Defensive Midfield","31","Cote d'Ivoire","Without Club",NA,NA,NA,FALSE,"-","Summer",NA,NA,NA,NA
"Petrolul Ploiesti","SuperLiga","Romania","2024","Departures","Andrei Jercălău","https://www.transfermarkt.com/andrei-jercalau/profil/spieler/870050","Goalkeeper","19","Romania","Petrolul II",NA,"Romania",NA,FALSE,"-","Summer",1,0,0,0
"Petrolul Ploiesti","SuperLiga","Romania","2024","Departures","Juan Pătraşcu","https://www.transfermarkt.com/juan-patrascu/profil/spieler/1088074","Centre-Back","20","Romania","Petrolul II",NA,"Romania",NA,FALSE,"-","Summer",NA,NA,NA,NA
"Petrolul Ploiesti","SuperLiga","Romania","2024","Departures","Sebastian Balasa","https://www.transfermarkt.com/sebastian-balasa/profil/spieler/1142493","Centre-Forward","20","Romania","Petrolul II",NA,"Romania",NA,FALSE,"-","Summer",NA,NA,NA,NA
"Petrolul Ploiesti","SuperLiga","Romania","2024","Departures","Raul Bucur","https://www.transfermarkt.com/raul-bucur/profil/spieler/710096","Centre-Forward","21","Romania","Petrolul II",NA,"Romania",NA,FALSE,"-","Summer",12,1,0,1
"Petrolul Ploiesti","SuperLiga","Romania","2024","Departures","Christian Irobiso","https://www.transfermarkt.com/christian-irobiso/profil/spieler/213351","Centre-Forward","31","Nigeria","Al-Ula",NA,"Saudi Arabia",NA,TRUE,"End of loan Jun 30, 2024","Summer",31,23,2,1536
"Petrolul Ploiesti","SuperLiga","Romania","2024","Departures","Alexandru Ișfan","https://www.transfermarkt.com/alexandru-isfan/profil/spieler/672055","Right Winger","24","Romania","CS U Craiova","SuperLiga","Romania",NA,TRUE,"End of loan Jul 23, 2024","Summer",2,1,0,45
"Petrolul Ploiesti","SuperLiga","Romania","2024","Departures","Denis Radu","https://www.transfermarkt.com/denis-radu/profil/spieler/641989","Right-Back","21","Romania","SSU Poli",NA,"Romania",NA,TRUE,"End of loan Jun 30, 2024","Summer",39,34,0,2192
"Petrolul Ploiesti","SuperLiga","Romania","2024","Departures","Cosmin Tucaliuc","https://www.transfermarkt.com/cosmin-tucaliuc/profil/spieler/418234","Attacking Midfield","23","Romania","FCV Farul","SuperLiga","Romania",NA,TRUE,"End of loan Jun 30, 2023","Summer",NA,NA,NA,NA
"Petrolul Ploiesti","SuperLiga","Romania","2024","Arrivals","Valentin Gheorghe","https://www.transfermarkt.com/valentin-gheorghe/profil/spieler/453810","Left Winger","27","Romania","ACSM Poli Iasi","SuperLiga","Romania",0,FALSE,NA,"Winter",16,16,1,878
"Petrolul Ploiesti","SuperLiga","Romania","2024","Arrivals","Ali Demirel","https://www.transfermarkt.com/ali-demirel/profil/spieler/606126","Centre-Forward","22","Türkiye","Kasimpasa","Süper Lig","Türkiye",0,FALSE,NA,"Winter",16,5,0,73
"Petrolul Ploiesti","SuperLiga","Romania","2024","Arrivals","Oscar Linnér","https://www.transfermarkt.com/oscar-linner/profil/spieler/366974","Goalkeeper","27","Sweden","Without Club",NA,NA,NA,FALSE,"-","Winter",18,3,0,270
"Petrolul Ploiesti","SuperLiga","Romania","2024","Arrivals","Kilian Ludewig","https://www.transfermarkt.com/kilian-ludewig/profil/spieler/361516","Right-Back","24","Germany","Without Club",NA,NA,NA,FALSE,"-","Winter",13,5,0,229
"Petrolul Ploiesti","SuperLiga","Romania","2024","Arrivals","Bogdan Marian","https://www.transfermarkt.com/bogdan-marian/profil/spieler/974331","Left-Back","20","Romania","Petrolul II",NA,"Romania",NA,FALSE,"-","Winter",12,1,0,13
"Petrolul Ploiesti","SuperLiga","Romania","2024","Arrivals","Robert Enache","https://www.transfermarkt.com/robert-enache/profil/spieler/678815","Central Midfield","22","Romania","CSM Focsani","Liga 2","Romania",NA,TRUE,"End of loan Jan 15, 2025","Winter",NA,NA,NA,NA
"Petrolul Ploiesti","SuperLiga","Romania","2024","Departures","Lukas Zima","https://www.transfermarkt.com/lukas-zima/profil/spieler/147558","Goalkeeper","30","Czech Republic","FCSB","SuperLiga","Romania",250000,FALSE,NA,"Winter",20,20,0,1800
"Petrolul Ploiesti","SuperLiga","Romania","2024","Departures","Alexandru Tudorie","https://www.transfermarkt.com/alexandru-tudorie/profil/spieler/260139","Centre-Forward","28","Romania","WH Three Towns","Super League","China",2e+05,FALSE,NA,"Winter",21,21,9,1634
"Petrolul Ploiesti","SuperLiga","Romania","2024","Departures","Robert Enache","https://www.transfermarkt.com/robert-enache/profil/spieler/678815","Central Midfield","22","Romania","CSM Focsani","Liga 2","Romania",0,FALSE,NA,"Winter",NA,NA,NA,NA
"Petrolul Ploiesti","SuperLiga","Romania","2024","Departures","David Ilie","https://www.transfermarkt.com/david-ilie/profil/spieler/925688","Centre-Forward","20","Romania","SR Brasov",NA,"Romania",NA,TRUE,"loan transfer","Winter",17,5,0,78
"Petrolul Ploiesti","SuperLiga","Romania","2024","Departures","Herman Moussaki","https://www.transfermarkt.com/herman-moussaki/profil/spieler/593319","Centre-Forward","25","Congo","Without Club",NA,NA,NA,FALSE,"-","Winter",12,12,0,489
"FC Hermannstadt","SuperLiga","Romania","2024","Arrivals","Nana Antwi","https://www.transfermarkt.com/nana-antwi/profil/spieler/608977","Right-Back","24","Ghana","FCSB","SuperLiga","Romania",5e+05,TRUE,NA,"Summer",36,31,1,1595
"FC Hermannstadt","SuperLiga","Romania","2024","Arrivals","Cătălin Căbuz","https://www.transfermarkt.com/catalin-cabuz/profil/spieler/315442","Goalkeeper","28","Romania","CFR Cluj","SuperLiga","Romania",50000,FALSE,NA,"Summer",40,37,0,3330
"FC Hermannstadt","SuperLiga","Romania","2024","Arrivals","Tiberiu Căpușă","https://www.transfermarkt.com/tiberiu-capusa/profil/spieler/340978","Centre-Back","26","Romania","UTA Arad","SuperLiga","Romania",0,FALSE,NA,"Summer",46,36,1,3000
"FC Hermannstadt","SuperLiga","Romania","2024","Arrivals","Ronaldo Deaconu","https://www.transfermarkt.com/ronaldo-deaconu/profil/spieler/271281","Attacking Midfield","27","Romania","FCV Farul","SuperLiga","Romania",0,FALSE,NA,"Summer",24,16,3,738
"FC Hermannstadt","SuperLiga","Romania","2024","Arrivals","Aurelian Chițu","https://www.transfermarkt.com/aurelian-chitu/profil/spieler/164236","Centre-Forward","33","Romania","FC U Craiova","Liga 2","Romania",0,FALSE,NA,"Summer",45,44,7,2683
"FC Hermannstadt","SuperLiga","Romania","2024","Arrivals","Antoni Ivanov","https://www.transfermarkt.com/antoni-ivanov/profil/spieler/283287","Central Midfield","28","Bulgaria","Loko Sofia","efbet Liga","Bulgaria",0,FALSE,NA,"Summer",42,41,0,3280
"FC Hermannstadt","SuperLiga","Romania","2024","Arrivals","Sergiu Buș","https://www.transfermarkt.com/sergiu-bus/profil/spieler/123671","Centre-Forward","31","Romania","Corvinul","Liga 2","Romania",0,FALSE,NA,"Summer",39,38,6,1486
"FC Hermannstadt","SuperLiga","Romania","2024","Arrivals","Vahid Selimovic","https://www.transfermarkt.com/vahid-selimovic/profil/spieler/351072","Centre-Back","27","Luxembourg","Zeljeznicar","Premijer Liga BiH","Bosnia-Herzegovina",0,FALSE,NA,"Summer",25,22,0,1611
"FC Hermannstadt","SuperLiga","Romania","2024","Arrivals","Mateus da Silva","https://www.transfermarkt.com/mateus-da-silva/profil/spieler/713523","Centre-Forward","27","Brazil","Gravina","Serie D - H","Italy",0,FALSE,NA,"Summer",NA,NA,NA,NA
"FC Hermannstadt","SuperLiga","Romania","2024","Arrivals","Tiago Gonçalves","https://www.transfermarkt.com/tiago-goncalves/profil/spieler/645195","Left-Back","23","Portugal","Belenenses","Liga 3","Portugal",0,FALSE,NA,"Summer",44,41,4,3399
"FC Hermannstadt","SuperLiga","Romania","2024","Arrivals","Kalifa Kujabi","https://www.transfermarkt.com/kalifa-kujabi/profil/spieler/679280","Central Midfield","24","The Gambia","CFR Cluj","SuperLiga","Romania",0,FALSE,NA,"Summer",41,23,0,1156
"FC Hermannstadt","SuperLiga","Romania","2024","Arrivals","Răzvan Călugăr","https://www.transfermarkt.com/razvan-calugar/profil/spieler/1040560","Left-Back","18","Romania","U Cluj","SuperLiga","Romania",0,FALSE,NA,"Summer",NA,NA,NA,NA
"FC Hermannstadt","SuperLiga","Romania","2024","Arrivals","Ianis Mihart","https://www.transfermarkt.com/ianis-mihart/profil/spieler/972812","Left Winger","19","Romania","CSM Focsani","Liga 2","Romania",0,FALSE,NA,"Summer",25,2,0,32
"FC Hermannstadt","SuperLiga","Romania","2024","Arrivals","Jovan Marković","https://www.transfermarkt.com/jovan-markovic/profil/spieler/418235","Centre-Forward","23","Romania","CS U Craiova","SuperLiga","Romania",NA,TRUE,"loan transfer","Summer",7,4,0,107
"FC Hermannstadt","SuperLiga","Romania","2024","Arrivals","Robert Popescu","https://www.transfermarkt.com/robert-popescu/profil/spieler/986504","Left Winger","21","Romania","FC Voluntari","Liga 2","Romania",NA,TRUE,"loan transfer","Summer",42,33,3,1170
"FC Hermannstadt","SuperLiga","Romania","2024","Arrivals","Ianis Gândilă","https://www.transfermarkt.com/ianis-gandila/profil/spieler/959905","Central Midfield","18","Romania","Hermannst. U19",NA,"Romania",NA,FALSE,"-","Summer",22,2,0,29
"FC Hermannstadt","SuperLiga","Romania","2024","Arrivals","Petrișor Petrescu","https://www.transfermarkt.com/petrisor-petrescu/profil/spieler/241343","Right Winger","31","Romania","FC Arges","Liga 2","Romania",NA,TRUE,"End of loan Jun 30, 2024","Summer",NA,NA,NA,NA
"FC Hermannstadt","SuperLiga","Romania","2024","Arrivals","Alexandru Luca","https://www.transfermarkt.com/alexandru-luca/profil/spieler/916316","Attacking Midfield","20","Romania","Mediaș 2022",NA,"Romania",NA,TRUE,"End of loan Jun 30, 2024","Summer",25,2,0,104
"FC Hermannstadt","SuperLiga","Romania","2024","Arrivals","Bogdan Rotar","https://www.transfermarkt.com/bogdan-rotar/profil/spieler/809355","Right Winger","22","Romania","Mediaș 2022",NA,"Romania",NA,TRUE,"End of loan Jun 30, 2024","Summer",NA,NA,NA,NA
"FC Hermannstadt","SuperLiga","Romania","2024","Arrivals","Vlăduț Popa","https://www.transfermarkt.com/vladut-popa/profil/spieler/950236","Centre-Back","22","Romania","Metalurg. Cugir",NA,"Romania",NA,TRUE,"End of loan Jun 30, 2024","Summer",NA,NA,NA,NA
"FC Hermannstadt","SuperLiga","Romania","2024","Arrivals","Benjamin Hanzu","https://www.transfermarkt.com/benjamin-hanzu/profil/spieler/1052686","Centre-Back","21","Romania","Mediaș 2022",NA,"Romania",NA,TRUE,"End of loan Jun 30, 2024","Summer",NA,NA,NA,NA
"FC Hermannstadt","SuperLiga","Romania","2024","Arrivals","Calin Grecu","https://www.transfermarkt.com/calin-grecu/profil/spieler/1164248","Goalkeeper","21","Romania","LSS Vointa",NA,"Romania",NA,TRUE,"End of loan Jun 30, 2024","Summer",NA,NA,NA,NA
"FC Hermannstadt","SuperLiga","Romania","2024","Departures","Daniel Paraschiv","https://www.transfermarkt.com/daniel-paraschiv/profil/spieler/605543","Centre-Forward","25","Romania","Real Oviedo","LaLiga2","Spain",7e+05,FALSE,NA,"Summer",NA,NA,NA,NA
"FC Hermannstadt","SuperLiga","Romania","2024","Departures","Mateus da Silva","https://www.transfermarkt.com/mateus-da-silva/profil/spieler/713523","Centre-Forward","27","Brazil","Fidelis Andria","Serie D - H","Italy",40000,FALSE,NA,"Summer",NA,NA,NA,NA
"FC Hermannstadt","SuperLiga","Romania","2024","Departures","Sota Mino","https://www.transfermarkt.com/sota-mino/profil/spieler/474909","Central Midfield","29","Japan","Sepsi OSK","SuperLiga","Romania",0,FALSE,NA,"Summer",NA,NA,NA,NA
"FC Hermannstadt","SuperLiga","Romania","2024","Departures","Mihai Butean","https://www.transfermarkt.com/mihai-butean/profil/spieler/375712","Right-Back","27","Romania","Vojvodina","Super liga Srbije","Serbia",0,FALSE,NA,"Summer",NA,NA,NA,NA
"FC Hermannstadt","SuperLiga","Romania","2024","Departures","Gabriel Iancu","https://www.transfermarkt.com/gabriel-iancu/profil/spieler/164254","Centre-Forward","30","Romania","FCV Farul","SuperLiga","Romania",0,FALSE,NA,"Summer",NA,NA,NA,NA
"FC Hermannstadt","SuperLiga","Romania","2024","Departures","Rúben Fonseca","https://www.transfermarkt.com/ruben-fonseca/profil/spieler/648027","Centre-Forward","24","Portugal","Sanjoanense","Liga 3","Portugal",0,FALSE,NA,"Summer",NA,NA,NA,NA
"FC Hermannstadt","SuperLiga","Romania","2024","Departures","Petrișor Petrescu","https://www.transfermarkt.com/petrisor-petrescu/profil/spieler/241343","Right Winger","31","Romania","FC Arges","Liga 2","Romania",0,FALSE,NA,"Summer",NA,NA,NA,NA
"FC Hermannstadt","SuperLiga","Romania","2024","Departures","Marius Antoche","https://www.transfermarkt.com/marius-antoche/profil/spieler/226545","Centre-Back","32","Romania","Unirea Slobozia","SuperLiga","Romania",0,FALSE,NA,"Summer",NA,NA,NA,NA
"FC Hermannstadt","SuperLiga","Romania","2024","Departures","Cosmin Bucuroiu","https://www.transfermarkt.com/cosmin-bucuroiu/profil/spieler/938636","Right Winger","20","Romania","CSC Selimbar","Liga 2","Romania",0,FALSE,NA,"Summer",NA,NA,NA,NA
"FC Hermannstadt","SuperLiga","Romania","2024","Departures","Luca Mitrică","https://www.transfermarkt.com/luca-mitrica/profil/spieler/902303","Central Midfield","21","Romania","Progresul Sp.",NA,"Romania",0,FALSE,NA,"Summer",NA,NA,NA,NA
"FC Hermannstadt","SuperLiga","Romania","2024","Departures","Vlăduț Popa","https://www.transfermarkt.com/vladut-popa/profil/spieler/950236","Centre-Back","22","Romania","Gloria Bistrita",NA,"Romania",0,FALSE,NA,"Summer",NA,NA,NA,NA
"FC Hermannstadt","SuperLiga","Romania","2024","Departures","Bogdan Rotar","https://www.transfermarkt.com/bogdan-rotar/profil/spieler/809355","Right Winger","22","Romania","CSC Selimbar","Liga 2","Romania",0,FALSE,NA,"Summer",NA,NA,NA,NA
"FC Hermannstadt","SuperLiga","Romania","2024","Departures","Benjamin Hanzu","https://www.transfermarkt.com/benjamin-hanzu/profil/spieler/1052686","Centre-Back","21","Romania","CSC Selimbar","Liga 2","Romania",0,FALSE,NA,"Summer",NA,NA,NA,NA
"FC Hermannstadt","SuperLiga","Romania","2024","Departures","Paolo Medina","https://www.transfermarkt.com/paolo-medina/profil/spieler/370863","Right-Back","25","Mexico","Unirea Slobozia","SuperLiga","Romania",NA,FALSE,"?","Summer",NA,NA,NA,NA
"FC Hermannstadt","SuperLiga","Romania","2024","Departures","Alexandru Jipa","https://www.transfermarkt.com/alexandru-jipa/profil/spieler/938289","Right Midfield","22","Romania","FC Buzău","SuperLiga","Romania",NA,TRUE,"loan transfer","Summer",7,4,0,79
"FC Hermannstadt","SuperLiga","Romania","2024","Departures","Kevin Ciubotaru","https://www.transfermarkt.com/kevin-ciubotaru/profil/spieler/710076","Left-Back","20","Romania","Unirea Ungheni","Liga 2","Romania",NA,TRUE,"loan transfer","Summer",8,1,0,90
"FC Hermannstadt","SuperLiga","Romania","2024","Departures","Alexandru Uțiu","https://www.transfermarkt.com/alexandru-utiu/profil/spieler/940627","Goalkeeper","21","Romania","CSM Focsani","Liga 2","Romania",NA,TRUE,"loan transfer","Summer",NA,NA,NA,NA
"FC Hermannstadt","SuperLiga","Romania","2024","Departures","Răzvan Călugăr","https://www.transfermarkt.com/razvan-calugar/profil/spieler/1040560","Left-Back","18","Romania","Unirea Alba I.",NA,"Romania",NA,TRUE,"loan transfer","Summer",NA,NA,NA,NA
"FC Hermannstadt","SuperLiga","Romania","2024","Departures","Calin Grecu","https://www.transfermarkt.com/calin-grecu/profil/spieler/1164248","Goalkeeper","21","Romania","Sanatatea",NA,"Romania",NA,TRUE,"loan transfer","Summer",NA,NA,NA,NA
"FC Hermannstadt","SuperLiga","Romania","2024","Departures","Kablan Davy N'Goma","https://www.transfermarkt.com/kablan-davy-ngoma/profil/spieler/469049","Right Winger","28","France","Without Club",NA,NA,NA,FALSE,"-","Summer",NA,NA,NA,NA
"FC Hermannstadt","SuperLiga","Romania","2024","Departures","Cătălin Căbuz","https://www.transfermarkt.com/catalin-cabuz/profil/spieler/315442","Goalkeeper","28","Romania","CFR Cluj","SuperLiga","Romania",NA,TRUE,"End of loan Jun 30, 2024","Summer",40,37,0,3330
"FC Hermannstadt","SuperLiga","Romania","2024","Departures","Raul Opruț","https://www.transfermarkt.com/raul-oprut/profil/spieler/393806","Left-Back","26","Romania","KV Kortrijk","Jupiler Pro League","Belgium",NA,TRUE,"End of loan Jun 30, 2024","Summer",NA,NA,NA,NA
"FC Hermannstadt","SuperLiga","Romania","2024","Departures","Ronaldo Deaconu","https://www.transfermarkt.com/ronaldo-deaconu/profil/spieler/271281","Attacking Midfield","27","Romania","Nyíregyháza","NB I.","Hungary",0,FALSE,NA,"Winter",24,16,3,738
"FC Hermannstadt","SuperLiga","Romania","2024","Departures","Alexandru Luca","https://www.transfermarkt.com/alexandru-luca/profil/spieler/916316","Attacking Midfield","20","Romania","CSC Selimbar","Liga 2","Romania",NA,TRUE,"loan transfer","Winter",25,2,0,104
"FC Hermannstadt","SuperLiga","Romania","2024","Departures","Jovan Marković","https://www.transfermarkt.com/jovan-markovic/profil/spieler/418235","Centre-Forward","23","Romania","CS U Craiova","SuperLiga","Romania",NA,TRUE,"End of loan Feb 9, 2025","Winter",7,4,0,107
"UTA Arad","SuperLiga","Romania","2024","Arrivals","Raoul Cristea","https://www.transfermarkt.com/raoul-cristea/profil/spieler/983740","Centre-Forward","21","Romania","Concordia","Liga 2","Romania",15000,FALSE,NA,"Summer",34,21,0,424
"UTA Arad","SuperLiga","Romania","2024","Arrivals","Valentin Costache","https://www.transfermarkt.com/valentin-costache/profil/spieler/341391","Left Winger","25","Romania","Apol. Limassol","Cyprus League","Cyprus",0,FALSE,NA,"Summer",41,41,6,2914
"UTA Arad","SuperLiga","Romania","2024","Arrivals","Andrei Dumiter","https://www.transfermarkt.com/andrei-dumiter/profil/spieler/466722","Centre-Forward","25","Romania","FC Voluntari","Liga 2","Romania",0,FALSE,NA,"Summer",12,6,0,213
"UTA Arad","SuperLiga","Romania","2024","Arrivals","Benjamin Van Durmen","https://www.transfermarkt.com/benjamin-van-durmen/profil/spieler/434514","Left Midfield","27","Belgium","FC U Craiova","Liga 2","Romania",0,FALSE,NA,"Summer",27,26,1,2027
"UTA Arad","SuperLiga","Romania","2024","Arrivals","Dejan Iliev","https://www.transfermarkt.com/dejan-iliev/profil/spieler/205757","Goalkeeper","29","North Macedonia","FK Sarajevo","Premijer Liga BiH","Bosnia-Herzegovina",0,FALSE,NA,"Summer",24,20,0,1800
"UTA Arad","SuperLiga","Romania","2024","Arrivals","Florent Poulolo","https://www.transfermarkt.com/florent-poulolo/profil/spieler/600151","Centre-Back","27","Martinique","Mlada Boleslav","Chance Liga","Czech Republic",0,FALSE,NA,"Summer",36,33,1,2769
"UTA Arad","SuperLiga","Romania","2024","Arrivals","Ravy Tsouka","https://www.transfermarkt.com/ravy-tsouka/profil/spieler/353418","Right-Back","29","Congo","AEL Limassol","Cyprus League","Cyprus",0,FALSE,NA,"Summer",22,20,0,1533
"UTA Arad","SuperLiga","Romania","2024","Arrivals","Lamine Ghezali","https://www.transfermarkt.com/lamine-ghezali/profil/spieler/413033","Right Winger","25","France","APO Levadiakos","Super League 1","Greece",0,FALSE,NA,"Summer",25,20,1,1082
"UTA Arad","SuperLiga","Romania","2024","Arrivals","Agustín Vuletich","https://www.transfermarkt.com/agustin-vuletich/profil/spieler/182991","Centre-Forward","32","Argentina","Without Club",NA,NA,0,FALSE,NA,"Summer",13,13,3,485
"UTA Arad","SuperLiga","Romania","2024","Arrivals","Kouya Mabea","https://www.transfermarkt.com/kouya-mabea/profil/spieler/567586","Left-Back","25","Cote d'Ivoire","H Rishon leZion","Liga Leumit","Israel",0,FALSE,NA,"Summer",26,18,1,1354
"UTA Arad","SuperLiga","Romania","2024","Arrivals","Jordan Kadiri","https://www.transfermarkt.com/jordan-kadiri/profil/spieler/655420","Centre-Forward","24","Nigeria","Lommel SK","Challenger Pro League","Belgium",0,FALSE,NA,"Summer",13,13,2,754
"UTA Arad","SuperLiga","Romania","2024","Arrivals","Loai Halaf","https://www.transfermarkt.com/loai-halaf/profil/spieler/831242","Second Striker","23","Israel","M. Bnei Reineh","Ligat ha'Al","Israel",0,FALSE,NA,"Summer",5,4,0,49
"UTA Arad","SuperLiga","Romania","2024","Arrivals","Cornel Râpă","https://www.transfermarkt.com/cornel-rapa/profil/spieler/96290","Right-Back","34","Romania","Cracovia","Ekstraklasa","Poland",0,FALSE,NA,"Summer",40,29,0,1816
"UTA Arad","SuperLiga","Romania","2024","Arrivals","Dániel Zsóri","https://www.transfermarkt.com/daniel-zsori/profil/spieler/633055","Centre-Forward","23","Hungary","MTK Budapest","NB I.","Hungary",0,FALSE,NA,"Summer",25,19,3,500
"UTA Arad","SuperLiga","Romania","2024","Arrivals","Valentin Borcea","https://www.transfermarkt.com/valentin-borcea/profil/spieler/608464","Attacking Midfield","22","Romania","FC Dinamo","SuperLiga","Romania",0,FALSE,NA,"Summer",12,0,0,0
"UTA Arad","SuperLiga","Romania","2024","Arrivals","Tudor Telcean","https://www.transfermarkt.com/tudor-telcean/profil/spieler/671627","Centre-Back","22","Romania","SCM Zalau",NA,"Romania",0,FALSE,NA,"Summer",NA,NA,NA,NA
"UTA Arad","SuperLiga","Romania","2024","Arrivals","Aleksander Mitrovic","https://www.transfermarkt.com/aleksander-mitrovic/profil/spieler/608470","Goalkeeper","21","Romania","Concordia","Liga 2","Romania",0,FALSE,NA,"Summer",16,4,0,272
"UTA Arad","SuperLiga","Romania","2024","Arrivals","Mario Popescu","https://www.transfermarkt.com/mario-popescu/profil/spieler/902283","Goalkeeper","20","Romania","FCSB II",NA,"Romania",0,FALSE,NA,"Summer",3,0,0,0
"UTA Arad","SuperLiga","Romania","2024","Arrivals","Robert Popa","https://www.transfermarkt.com/robert-popa/profil/spieler/568618","Goalkeeper","21","Romania","FC U Craiova","Liga 2","Romania",NA,TRUE,"loan transfer","Summer",19,16,0,1438
"UTA Arad","SuperLiga","Romania","2024","Arrivals","Alexandru Cîmpanu","https://www.transfermarkt.com/alexandru-cimpanu/profil/spieler/687846","Right Winger","23","Romania","CS U Craiova","SuperLiga","Romania",NA,TRUE,"loan transfer","Summer",16,14,2,676
"UTA Arad","SuperLiga","Romania","2024","Arrivals","Damien Dussaut","https://www.transfermarkt.com/damien-dussaut/profil/spieler/205533","Right-Back","29","Martinique","Without Club",NA,NA,NA,FALSE,"-","Summer",15,14,0,947
"UTA Arad","SuperLiga","Romania","2024","Arrivals","Zé Pedro","https://www.transfermarkt.com/ze-pedro/profil/spieler/344541","Left Winger","27","Portugal","Without Club",NA,NA,NA,FALSE,"-","Summer",5,3,0,58
"UTA Arad","SuperLiga","Romania","2024","Arrivals","Ovidiu Bulza","https://www.transfermarkt.com/ovidiu-bulza/profil/spieler/1060853","Left Midfield","20","Romania","UTA Arad U19",NA,"Romania",NA,FALSE,"-","Summer",NA,NA,NA,NA
"UTA Arad","SuperLiga","Romania","2024","Arrivals","David Covaci","https://www.transfermarkt.com/david-covaci/profil/spieler/1166176","Attacking Midfield","19","Romania","UTA Arad U19",NA,"Romania",NA,FALSE,"-","Summer",NA,NA,NA,NA
"UTA Arad","SuperLiga","Romania","2024","Arrivals","Alex Bokse","https://www.transfermarkt.com/alex-bokse/profil/spieler/1158641","Centre-Back","19","Romania","UTA Arad U19",NA,"Romania",NA,FALSE,"-","Summer",NA,NA,NA,NA
"UTA Arad","SuperLiga","Romania","2024","Arrivals","Denis Hrezdac","https://www.transfermarkt.com/denis-hrezdac/profil/spieler/641765","Defensive Midfield","22","Romania","Corvinul","Liga 2","Romania",NA,TRUE,"End of loan Aug 21, 2024","Summer",34,28,1,1556
"UTA Arad","SuperLiga","Romania","2024","Arrivals","Alexandru Roșca","https://www.transfermarkt.com/alexandru-rosca/profil/spieler/968921","Goalkeeper","20","Romania","CSC Selimbar","Liga 2","Romania",NA,TRUE,"End of loan Jun 30, 2024","Summer",NA,NA,NA,NA
"UTA Arad","SuperLiga","Romania","2024","Arrivals","Bruce Nortey","https://www.transfermarkt.com/bruce-nortey/profil/spieler/1153960","Attacking Midfield","20","Ghana","Dumbravita","Liga 2","Romania",NA,TRUE,"End of loan Jun 30, 2024","Summer",NA,NA,NA,NA
"UTA Arad","SuperLiga","Romania","2024","Arrivals","Ionuț Anișorac","https://www.transfermarkt.com/ionut-anisorac/profil/spieler/1146147","Left-Back","19","Romania","Chindia","Liga 2","Romania",NA,TRUE,"End of loan Jun 30, 2024","Summer",NA,NA,NA,NA
"UTA Arad","SuperLiga","Romania","2024","Arrivals","Ahmet Ekmekci","https://www.transfermarkt.com/ahmet-ekmekci/profil/spieler/1153963","Second Striker","20","Romania","Dumbravita","Liga 2","Romania",NA,TRUE,"End of loan Jun 30, 2024","Summer",4,0,0,0
"UTA Arad","SuperLiga","Romania","2024","Arrivals","Joseph Godwin","https://www.transfermarkt.com/joseph-godwin/profil/spieler/1074443","Centre-Forward","20","Nigeria","ACSM Reșița","Liga 2","Romania",NA,TRUE,"End of loan Jan 1, 2024","Summer",NA,NA,NA,NA
"UTA Arad","SuperLiga","Romania","2024","Arrivals","Paul Mercioiu","https://www.transfermarkt.com/paul-mercioiu/profil/spieler/910483","Centre-Forward","20","Romania","ACS Socodor",NA,"Romania",NA,TRUE,"End of loan Jun 30, 2024","Summer",NA,NA,NA,NA
"UTA Arad","SuperLiga","Romania","2024","Arrivals","Marco Bota","https://www.transfermarkt.com/marco-bota/profil/spieler/1083465","Left-Back","20","Romania","CSM Olimpia SM",NA,"Romania",NA,TRUE,"End of loan Jun 30, 2024","Summer",NA,NA,NA,NA
"UTA Arad","SuperLiga","Romania","2024","Arrivals","Ovidiu Bulza","https://www.transfermarkt.com/ovidiu-bulza/profil/spieler/1060853","Left Midfield","20","Romania","Soimii Lipova",NA,"Romania",NA,TRUE,"End of loan Aug 13, 2024","Summer",NA,NA,NA,NA
"UTA Arad","SuperLiga","Romania","2024","Arrivals","Samir Borcea","https://www.transfermarkt.com/samir-borcea/profil/spieler/1161373","Centre-Forward","20","Romania","Pecica",NA,"Romania",NA,TRUE,"End of loan Jun 30, 2024","Summer",NA,NA,NA,NA
"UTA Arad","SuperLiga","Romania","2024","Arrivals","David Covaci","https://www.transfermarkt.com/david-covaci/profil/spieler/1166176","Attacking Midfield","19","Romania","Soimii Lipova",NA,"Romania",NA,TRUE,"End of loan Aug 13, 2024","Summer",NA,NA,NA,NA
"UTA Arad","SuperLiga","Romania","2024","Arrivals","Răzvan Joldea","https://www.transfermarkt.com/razvan-joldea/profil/spieler/1163368","Right-Back","18","Romania","Dumbravita","Liga 2","Romania",NA,TRUE,"End of loan Aug 23, 2024","Summer",NA,NA,NA,NA
"UTA Arad","SuperLiga","Romania","2024","Departures","Rareș Pop","https://www.transfermarkt.com/rares-pop/profil/spieler/837240","Right Winger","19","Romania","FC Rapid 1923","SuperLiga","Romania",7e+05,FALSE,NA,"Summer",NA,NA,NA,NA
"UTA Arad","SuperLiga","Romania","2024","Departures","Raul Stanciu","https://www.transfermarkt.com/raul-stanciu/profil/spieler/1166399","Left Winger","17","Romania","Lecce U18","Under 18 ","Italy",150000,FALSE,NA,"Summer",3,1,0,1
"UTA Arad","SuperLiga","Romania","2024","Departures","Alexandru Roșca","https://www.transfermarkt.com/alexandru-rosca/profil/spieler/968921","Goalkeeper","20","Romania","CSC Selimbar","Liga 2","Romania",20000,FALSE,NA,"Summer",NA,NA,NA,NA
"UTA Arad","SuperLiga","Romania","2024","Departures","Alexandru Tudorie","https://www.transfermarkt.com/alexandru-tudorie/profil/spieler/260139","Centre-Forward","28","Romania","Petrolul","SuperLiga","Romania",0,FALSE,NA,"Summer",NA,NA,NA,NA
"UTA Arad","SuperLiga","Romania","2024","Departures","Tiberiu Căpușă","https://www.transfermarkt.com/tiberiu-capusa/profil/spieler/340978","Centre-Back","26","Romania","FC Hermannstadt","SuperLiga","Romania",0,FALSE,NA,"Summer",NA,NA,NA,NA
"UTA Arad","SuperLiga","Romania","2024","Departures","Florin Iacob","https://www.transfermarkt.com/florin-iacob/profil/spieler/186028","Goalkeeper","30","Romania","Corvinul","Liga 2","Romania",0,FALSE,NA,"Summer",NA,NA,NA,NA
"UTA Arad","SuperLiga","Romania","2024","Departures","Marko Stolnik","https://www.transfermarkt.com/marko-stolnik/profil/spieler/226095","Centre-Back","28","Croatia","AEL Limassol","Cyprus League","Cyprus",0,FALSE,NA,"Summer",NA,NA,NA,NA
"UTA Arad","SuperLiga","Romania","2024","Departures","Marcelo Freitas","https://www.transfermarkt.com/marcelo-freitas/profil/spieler/340113","Central Midfield","30","Brazil","Hatta Club",NA,"United Arab Emirates",0,FALSE,NA,"Summer",NA,NA,NA,NA
"UTA Arad","SuperLiga","Romania","2024","Departures","Ariel López","https://www.transfermarkt.com/ariel-lopez/profil/spieler/597554","Centre-Back","29","Uruguay","Unirea Slobozia","SuperLiga","Romania",0,FALSE,NA,"Summer",NA,NA,NA,NA
"UTA Arad","SuperLiga","Romania","2024","Departures","Danylo Kucher","https://www.transfermarkt.com/danylo-kucher/profil/spieler/427341","Goalkeeper","27","Ukraine","Ararat-Armenia","Premier League","Armenia",0,FALSE,NA,"Summer",NA,NA,NA,NA
"UTA Arad","SuperLiga","Romania","2024","Departures","Albert Stahl","https://www.transfermarkt.com/albert-stahl/profil/spieler/478022","Right Winger","25","Romania","FC Bihor","Liga 2","Romania",0,FALSE,NA,"Summer",NA,NA,NA,NA
"UTA Arad","SuperLiga","Romania","2024","Departures","Vlad Morar","https://www.transfermarkt.com/vlad-morar/profil/spieler/186031","Centre-Forward","30","Romania","FC Arges","Liga 2","Romania",0,FALSE,NA,"Summer",NA,NA,NA,NA
"UTA Arad","SuperLiga","Romania","2024","Departures","Loai Halaf","https://www.transfermarkt.com/loai-halaf/profil/spieler/831242","Second Striker","24","Israel","Maccabi Netanya","Ligat ha'Al","Israel",0,FALSE,NA,"Summer",5,4,0,49
"UTA Arad","SuperLiga","Romania","2024","Departures","Denis Lungu-Bocean","https://www.transfermarkt.com/denis-lungu-bocean/profil/spieler/600635","Goalkeeper","21","Romania","A. Salzburg","Regionalliga West","Austria",0,FALSE,NA,"Summer",NA,NA,NA,NA
"UTA Arad","SuperLiga","Romania","2024","Departures","Paul Mercioiu","https://www.transfermarkt.com/paul-mercioiu/profil/spieler/910483","Centre-Forward","20","Romania","L. Teuz Cermei",NA,"Romania",0,FALSE,NA,"Summer",NA,NA,NA,NA
"UTA Arad","SuperLiga","Romania","2024","Departures","David Covaci","https://www.transfermarkt.com/david-covaci/profil/spieler/1166176","Attacking Midfield","19","Romania","CS Unirea Santana",NA,"Romania",0,FALSE,NA,"Summer",NA,NA,NA,NA
"UTA Arad","SuperLiga","Romania","2024","Departures","Kevin Brobbey","https://www.transfermarkt.com/kevin-brobbey/profil/spieler/187290","Centre-Forward","31","Netherlands","Al-Batin","Saudi First Division League","Saudi Arabia",NA,FALSE,"?","Summer",NA,NA,NA,NA
"UTA Arad","SuperLiga","Romania","2024","Departures","Marco Bota","https://www.transfermarkt.com/marco-bota/profil/spieler/1083465","Left-Back","20","Romania","CSM Olimpia SM",NA,"Romania",NA,FALSE,"?","Summer",NA,NA,NA,NA
"UTA Arad","SuperLiga","Romania","2024","Departures","Ionuț Anișorac","https://www.transfermarkt.com/ionut-anisorac/profil/spieler/1146147","Left-Back","19","Romania","Dumbravita","Liga 2","Romania",NA,TRUE,"loan transfer","Summer",NA,NA,NA,NA
"UTA Arad","SuperLiga","Romania","2024","Departures","Tudor Telcean","https://www.transfermarkt.com/tudor-telcean/profil/spieler/671627","Centre-Back","22","Romania","Ceahlaul","Liga 2","Romania",NA,TRUE,"loan transfer","Summer",NA,NA,NA,NA
"UTA Arad","SuperLiga","Romania","2024","Departures","Ahmet Ekmekci","https://www.transfermarkt.com/ahmet-ekmekci/profil/spieler/1153963","Second Striker","20","Romania","Dumbravita","Liga 2","Romania",NA,TRUE,"loan transfer","Summer",4,0,0,0
"UTA Arad","SuperLiga","Romania","2024","Departures","Ovidiu Bulza","https://www.transfermarkt.com/ovidiu-bulza/profil/spieler/1060853","Left Midfield","20","Romania","Soimii Lipova",NA,"Romania",NA,TRUE,"loan transfer","Summer",NA,NA,NA,NA
"UTA Arad","SuperLiga","Romania","2024","Departures","David Covaci","https://www.transfermarkt.com/david-covaci/profil/spieler/1166176","Attacking Midfield","19","Romania","Soimii Lipova",NA,"Romania",NA,TRUE,"loan transfer","Summer",NA,NA,NA,NA
"UTA Arad","SuperLiga","Romania","2024","Departures","Alex Bokse","https://www.transfermarkt.com/alex-bokse/profil/spieler/1158641","Centre-Back","19","Romania","V. Arad",NA,"Romania",NA,TRUE,"loan transfer","Summer",NA,NA,NA,NA
"UTA Arad","SuperLiga","Romania","2024","Departures","Răzvan Joldea","https://www.transfermarkt.com/razvan-joldea/profil/spieler/1163368","Right-Back","18","Romania","L. Teuz Cermei",NA,"Romania",NA,TRUE,"loan transfer","Summer",NA,NA,NA,NA
"UTA Arad","SuperLiga","Romania","2024","Departures","Răzvan Joldea","https://www.transfermarkt.com/razvan-joldea/profil/spieler/1163368","Right-Back","18","Romania","Dumbravita","Liga 2","Romania",NA,TRUE,"loan transfer","Summer",NA,NA,NA,NA
"UTA Arad","SuperLiga","Romania","2024","Departures","Diogo Rodrigues","https://www.transfermarkt.com/diogo-rodrigues/profil/spieler/598377","Right-Back","24","Portugal","Without Club",NA,NA,NA,FALSE,"-","Summer",5,4,0,289
"UTA Arad","SuperLiga","Romania","2024","Departures","Imoh Ezekiel","https://www.transfermarkt.com/imoh-ezekiel/profil/spieler/216463","Centre-Forward","30","Nigeria","Without Club",NA,NA,NA,FALSE,"-","Summer",8,8,1,480
"UTA Arad","SuperLiga","Romania","2024","Departures","Kemar Lawrence","https://www.transfermarkt.com/kemar-lawrence/profil/spieler/288710","Left-Back","31","Jamaica","Without Club",NA,NA,NA,FALSE,"-","Summer",NA,NA,NA,NA
"UTA Arad","SuperLiga","Romania","2024","Departures","Bruce Nortey","https://www.transfermarkt.com/bruce-nortey/profil/spieler/1153960","Attacking Midfield","20","Ghana","Without Club",NA,NA,NA,FALSE,"-","Summer",NA,NA,NA,NA
"UTA Arad","SuperLiga","Romania","2024","Departures","Andrei David","https://www.transfermarkt.com/andrei-david/profil/spieler/608490","Attacking Midfield","21","Romania","Without Club",NA,NA,NA,FALSE,"-","Summer",5,1,0,21
"UTA Arad","SuperLiga","Romania","2024","Departures","Cauã","https://www.transfermarkt.com/caua/profil/spieler/1113405","Striker","21","Brazil","Without Club",NA,NA,NA,FALSE,"-","Summer",NA,NA,NA,NA
"UTA Arad","SuperLiga","Romania","2024","Departures","Claudiu Micovschi","https://www.transfermarkt.com/claudiu-micovschi/profil/spieler/319231","Left Winger","25","Romania","FC Rapid 1923","SuperLiga","Romania",NA,TRUE,"End of loan Jun 30, 2024","Summer",NA,NA,NA,NA
"UTA Arad","SuperLiga","Romania","2024","Departures","Cătălin Vulturar","https://www.transfermarkt.com/catalin-vulturar/profil/spieler/710079","Defensive Midfield","20","Romania","FC Rapid 1923","SuperLiga","Romania",NA,TRUE,"End of loan Jun 30, 2024","Summer",NA,NA,NA,NA
"UTA Arad","SuperLiga","Romania","2024","Departures","Robert Mustacă","https://www.transfermarkt.com/robert-mustaca/profil/spieler/728521","Right Winger","20","Romania","FCV Farul","SuperLiga","Romania",NA,TRUE,"End of loan Aug 30, 2023","Summer",NA,NA,NA,NA
"UTA Arad","SuperLiga","Romania","2024","Arrivals","Marinos Tzionis","https://www.transfermarkt.com/marinos-tzionis/profil/spieler/511885","Left Winger","23","Cyprus","Cukaricki","Super liga Srbije","Serbia",1e+05,FALSE,NA,"Winter",12,12,2,630
"UTA Arad","SuperLiga","Romania","2024","Arrivals","Paul-José Mpoku","https://www.transfermarkt.com/paul-jose-mpoku/profil/spieler/73846","Attacking Midfield","32","DR Congo","Incheon Utd.","K League 2","Korea, South",0,FALSE,NA,"Winter",10,10,3,615
"UTA Arad","SuperLiga","Romania","2024","Arrivals","Nsungusi Effiong","https://www.transfermarkt.com/nsungusi-effiong/profil/spieler/577249","Centre-Forward","25","Nigeria","Neftchi","Superliga","Uzbekistan",0,FALSE,NA,"Winter",7,6,0,223
"UTA Arad","SuperLiga","Romania","2024","Arrivals","Khadim Rassoul","https://www.transfermarkt.com/khadim-rassoul/profil/spieler/364567","Centre-Back","29","Senegal","Without Club",NA,NA,0,FALSE,NA,"Winter",11,10,0,438
"UTA Arad","SuperLiga","Romania","2024","Arrivals","Shayon Harrison","https://www.transfermarkt.com/shayon-harrison/profil/spieler/345739","Centre-Forward","27","England","ACSM Poli Iasi","SuperLiga","Romania",0,FALSE,NA,"Winter",10,9,1,494
"UTA Arad","SuperLiga","Romania","2024","Arrivals","Andrei Gorcea","https://www.transfermarkt.com/andrei-gorcea/profil/spieler/677152","Goalkeeper","23","Romania","U Cluj","SuperLiga","Romania",0,FALSE,NA,"Winter",17,3,0,270
"UTA Arad","SuperLiga","Romania","2024","Arrivals","Agustín Vuletich","https://www.transfermarkt.com/agustin-vuletich/profil/spieler/182991","Centre-Forward","32","Argentina","Without Club",NA,NA,0,FALSE,NA,"Winter",13,13,3,485
"UTA Arad","SuperLiga","Romania","2024","Arrivals","Marian Danciu","https://www.transfermarkt.com/marian-danciu/profil/spieler/744076","Right Winger","22","Romania","CS U Craiova","SuperLiga","Romania",0,FALSE,NA,"Winter",14,13,0,715
"UTA Arad","SuperLiga","Romania","2024","Arrivals","Patric Toderean","https://www.transfermarkt.com/patric-toderean/profil/spieler/842353","Goalkeeper","20","Romania","CSM Olimpia SM",NA,"Romania",0,FALSE,NA,"Winter",3,0,0,0
"UTA Arad","SuperLiga","Romania","2024","Arrivals","Zé Pedro","https://www.transfermarkt.com/ze-pedro/profil/spieler/344541","Left Winger","27","Portugal","Without Club",NA,NA,NA,FALSE,"-","Winter",5,3,0,58
"UTA Arad","SuperLiga","Romania","2024","Arrivals","Lucas Roșu","https://www.transfermarkt.com/lucas-rosu/profil/spieler/1209279","Goalkeeper","18","Romania","UTA Arad U19",NA,"Romania",NA,FALSE,"-","Winter",2,0,0,0
"UTA Arad","SuperLiga","Romania","2024","Arrivals","Ahmet Ekmekci","https://www.transfermarkt.com/ahmet-ekmekci/profil/spieler/1153963","Second Striker","20","Romania","Dumbravita","Liga 2","Romania",NA,TRUE,"End of loan Jan 14, 2025","Winter",4,0,0,0
"UTA Arad","SuperLiga","Romania","2024","Arrivals","Răzvan Ristin","https://www.transfermarkt.com/razvan-ristin/profil/spieler/1156313","Defensive Midfield","19","Romania","Dumbravita","Liga 2","Romania",NA,TRUE,"End of loan Jan 1, 2025","Winter",NA,NA,NA,NA
"UTA Arad","SuperLiga","Romania","2024","Departures","Ahmet Ekmekci","https://www.transfermarkt.com/ahmet-ekmekci/profil/spieler/1153963","Second Striker","20","Romania","Pecica",NA,"Romania",0,FALSE,NA,"Winter",4,0,0,0
"UTA Arad","SuperLiga","Romania","2024","Departures","Valentin Borcea","https://www.transfermarkt.com/valentin-borcea/profil/spieler/608464","Attacking Midfield","22","Romania","ACSM Poli Iasi","SuperLiga","Romania",0,FALSE,NA,"Winter",12,0,0,0
"UTA Arad","SuperLiga","Romania","2024","Departures","Ovidiu Bulza","https://www.transfermarkt.com/ovidiu-bulza/profil/spieler/1060853","Left Midfield","21","Romania","L. Teuz Cermei",NA,"Romania",0,FALSE,NA,"Winter",NA,NA,NA,NA
"UTA Arad","SuperLiga","Romania","2024","Departures","Andrej Fabry","https://www.transfermarkt.com/andrej-fabry/profil/spieler/406791","Attacking Midfield","27","Slovakia","U Cluj","SuperLiga","Romania",NA,FALSE,"?","Winter",23,21,2,1547
"UTA Arad","SuperLiga","Romania","2024","Departures","Andrei Dumiter","https://www.transfermarkt.com/andrei-dumiter/profil/spieler/466722","Centre-Forward","25","Romania","FC Voluntari","Liga 2","Romania",NA,TRUE,"loan transfer","Winter",12,6,0,213
"UTA Arad","SuperLiga","Romania","2024","Departures","Răzvan Ristin","https://www.transfermarkt.com/razvan-ristin/profil/spieler/1156313","Defensive Midfield","19","Romania","Pecica",NA,"Romania",NA,TRUE,"loan transfer","Winter",NA,NA,NA,NA
"UTA Arad","SuperLiga","Romania","2024","Departures","Imoh Ezekiel","https://www.transfermarkt.com/imoh-ezekiel/profil/spieler/216463","Centre-Forward","30","Nigeria","Without Club",NA,NA,NA,FALSE,"-","Winter",8,8,1,480
"UTA Arad","SuperLiga","Romania","2024","Departures","Jordan Kadiri","https://www.transfermarkt.com/jordan-kadiri/profil/spieler/655420","Centre-Forward","24","Nigeria","Without Club",NA,NA,NA,FALSE,"-","Winter",13,13,2,754
"UTA Arad","SuperLiga","Romania","2024","Departures","Kouya Mabea","https://www.transfermarkt.com/kouya-mabea/profil/spieler/567586","Left-Back","26","Cote d'Ivoire","Without Club",NA,NA,NA,FALSE,"-","Winter",26,18,1,1354
"UTA Arad","SuperLiga","Romania","2024","Departures","Zé Pedro","https://www.transfermarkt.com/ze-pedro/profil/spieler/344541","Left Winger","28","Portugal","Without Club",NA,NA,NA,FALSE,"-","Winter",5,3,0,58
"UTA Arad","SuperLiga","Romania","2024","Departures","Aleksander Mitrovic","https://www.transfermarkt.com/aleksander-mitrovic/profil/spieler/608470","Goalkeeper","21","Romania","Without Club",NA,NA,NA,FALSE,"-","Winter",16,4,0,272
"UTA Arad","SuperLiga","Romania","2024","Departures","Mario Popescu","https://www.transfermarkt.com/mario-popescu/profil/spieler/902283","Goalkeeper","20","Romania","Without Club",NA,NA,NA,FALSE,"-","Winter",3,0,0,0
"UTA Arad","SuperLiga","Romania","2024","Departures","Robert Popa","https://www.transfermarkt.com/robert-popa/profil/spieler/568618","Goalkeeper","21","Romania","FC U Craiova","Liga 2","Romania",NA,TRUE,"End of loan Jan 5, 2025","Winter",19,16,0,1438
"UTA Arad","SuperLiga","Romania","2024","Departures","Alexandru Cîmpanu","https://www.transfermarkt.com/alexandru-cimpanu/profil/spieler/687846","Right Winger","24","Romania","CS U Craiova","SuperLiga","Romania",NA,TRUE,"End of loan Dec 31, 2024","Winter",16,14,2,676
"FC Botosani","SuperLiga","Romania","2024","Arrivals","Patricio Matricardi","https://www.transfermarkt.com/patricio-matricardi/profil/spieler/283585","Centre-Back","30","Argentina","FC Voluntari","Liga 2","Romania",0,FALSE,NA,"Summer",37,30,0,2313
"FC Botosani","SuperLiga","Romania","2024","Arrivals","Eduard Pap","https://www.transfermarkt.com/eduard-pap/profil/spieler/249080","Goalkeeper","30","Romania","Otelul Galati","SuperLiga","Romania",0,FALSE,NA,"Summer",28,11,0,990
"FC Botosani","SuperLiga","Romania","2024","Arrivals","Ștefan Bodișteanu","https://www.transfermarkt.com/stefan-bodisteanu/profil/spieler/608448","Left Winger","21","Moldova","FCV Farul","SuperLiga","Romania",0,FALSE,NA,"Summer",39,35,2,1798
"FC Botosani","SuperLiga","Romania","2024","Arrivals","Ale Díez","https://www.transfermarkt.com/ale-diez/profil/spieler/217143","Right-Back","28","Spain","Ponferradina","Primera Federación - Gr. I","Spain",0,FALSE,NA,"Summer",32,18,1,966
"FC Botosani","SuperLiga","Romania","2024","Arrivals","Gastón Manuel Romano","https://www.transfermarkt.com/gaston-manuel-romano/profil/spieler/726052","Central Midfield","26","Argentina","Belenenses","Liga 3","Portugal",0,FALSE,NA,"Summer",9,4,0,162
"FC Botosani","SuperLiga","Romania","2024","Arrivals","Ștefan Pănoiu","https://www.transfermarkt.com/stefan-panoiu/profil/spieler/710063","Right Winger","21","Romania","FC Rapid 1923","SuperLiga","Romania",0,FALSE,NA,"Summer",30,8,0,334
"FC Botosani","SuperLiga","Romania","2024","Arrivals","Michael Pavlovic","https://www.transfermarkt.com/michael-pavlovic/profil/spieler/721631","Left-Back","23","Slovenia","FC Koper","Prva Liga","Slovenia",0,FALSE,NA,"Summer",42,32,1,2690
"FC Botosani","SuperLiga","Romania","2024","Arrivals","Luca Popa","https://www.transfermarkt.com/luca-popa/profil/spieler/723833","Centre-Back","19","Romania","Without Club",NA,NA,0,FALSE,NA,"Summer",0,0,0,0
"FC Botosani","SuperLiga","Romania","2024","Arrivals","Darius Pășcălău","https://www.transfermarkt.com/darius-pascalau/profil/spieler/1175341","Central Midfield","19","Romania","Without Club",NA,NA,0,FALSE,NA,"Summer",0,0,0,0
"FC Botosani","SuperLiga","Romania","2024","Arrivals","Hervin Ongenda","https://www.transfermarkt.com/hervin-ongenda/profil/spieler/182910","Attacking Midfield","29","France","Without Club",NA,NA,NA,FALSE,"-","Summer",32,32,1,2336
"FC Botosani","SuperLiga","Romania","2024","Arrivals","Giannis Anestis","https://www.transfermarkt.com/giannis-anestis/profil/spieler/191853","Goalkeeper","33","Greece","Without Club",NA,NA,NA,FALSE,"-","Summer",28,28,0,2520
"FC Botosani","SuperLiga","Romania","2024","Arrivals","Francisco Júnior","https://www.transfermarkt.com/francisco-junior/profil/spieler/215840","Central Midfield","32","Guinea-Bissau","Without Club",NA,NA,NA,FALSE,"-","Summer",18,13,0,830
"FC Botosani","SuperLiga","Romania","2024","Arrivals","George Sorodoc","https://www.transfermarkt.com/george-sorodoc/profil/spieler/1394715","Central Midfield","18","Romania","FC Botosani U18",NA,"Romania",NA,FALSE,"-","Summer",1,0,0,0
"FC Botosani","SuperLiga","Romania","2024","Arrivals","Denis Ștefan","https://www.transfermarkt.com/denis-stefan/profil/spieler/1170488","Centre-Forward","17","Romania","FC Botosani U18",NA,"Romania",NA,FALSE,"-","Summer",3,1,0,1
"FC Botosani","SuperLiga","Romania","2024","Arrivals","Alin Ciobanu","https://www.transfermarkt.com/alin-ciobanu/profil/spieler/1067281","Goalkeeper","16","Romania","FC Botosani U18",NA,"Romania",NA,FALSE,"-","Summer",10,0,0,0
"FC Botosani","SuperLiga","Romania","2024","Arrivals","Adi Chică-Roșă","https://www.transfermarkt.com/adi-chica-rosa/profil/spieler/736722","Centre-Forward","25","Romania","FC Buzău","Liga 2","Romania",NA,TRUE,"End of loan Jun 30, 2024","Summer",40,36,8,2334
"FC Botosani","SuperLiga","Romania","2024","Arrivals","Șerban Tomache","https://www.transfermarkt.com/serban-tomache/profil/spieler/983944","Goalkeeper","20","Romania","CSM Bacau",NA,"Romania",NA,TRUE,"End of loan Jun 30, 2024","Summer",NA,NA,NA,NA
"FC Botosani","SuperLiga","Romania","2024","Arrivals","Sebastian Nechita","https://www.transfermarkt.com/sebastian-nechita/profil/spieler/608446","Central Midfield","21","Romania","Viitorul Onești",NA,"Romania",NA,TRUE,"End of loan Jun 30, 2024","Summer",NA,NA,NA,NA
"FC Botosani","SuperLiga","Romania","2024","Arrivals","Narcis Ilaș","https://www.transfermarkt.com/narcis-ilas/profil/spieler/992843","Right Midfield","17","Romania","Lazio U18 ","Under 18 ","Italy",NA,TRUE,"End of loan Jun 30, 2024","Summer",1,0,0,0
"FC Botosani","SuperLiga","Romania","2024","Departures","Sebastian Mailat","https://www.transfermarkt.com/sebastian-mailat/profil/spieler/364697","Left Winger","26","Romania","Suwon Bluewings","K League 2","Korea, South",250000,FALSE,NA,"Summer",2,2,1,145
"FC Botosani","SuperLiga","Romania","2024","Departures","Victor Dican","https://www.transfermarkt.com/victor-dican/profil/spieler/568540","Defensive Midfield","23","Romania","FCV Farul","SuperLiga","Romania",0,FALSE,NA,"Summer",NA,NA,NA,NA
"FC Botosani","SuperLiga","Romania","2024","Departures","Răzvan Ducan","https://www.transfermarkt.com/razvan-ducan/profil/spieler/547853","Goalkeeper","23","Romania","FCV Farul","SuperLiga","Romania",0,FALSE,NA,"Summer",NA,NA,NA,NA
"FC Botosani","SuperLiga","Romania","2024","Departures","Francesco Margiotta","https://www.transfermarkt.com/francesco-margiotta/profil/spieler/165891","Centre-Forward","31","Italy","Istiqlol","Vysshaya Liga","Tajikistan",0,FALSE,NA,"Summer",NA,NA,NA,NA
"FC Botosani","SuperLiga","Romania","2024","Departures","Sekou Camara","https://www.transfermarkt.com/sekou-camara/profil/spieler/486537","Centre-Forward","26","Guinea","Unirea Slobozia","SuperLiga","Romania",0,FALSE,NA,"Summer",NA,NA,NA,NA
"FC Botosani","SuperLiga","Romania","2024","Departures","Marius Cioiu","https://www.transfermarkt.com/marius-cioiu/profil/spieler/605541","Right Winger","24","Romania","ACSM Reșița","Liga 2","Romania",0,FALSE,NA,"Summer",NA,NA,NA,NA
"FC Botosani","SuperLiga","Romania","2024","Departures","Ioan Filip","https://www.transfermarkt.com/ioan-filip/profil/spieler/169272","Defensive Midfield","35","Romania","FC Bihor","Liga 2","Romania",0,FALSE,NA,"Summer",NA,NA,NA,NA
"FC Botosani","SuperLiga","Romania","2024","Departures","Radoslav Dimitrov","https://www.transfermarkt.com/radoslav-dimitrov/profil/spieler/134163","Right-Back","35","Bulgaria","Spartak Varna","efbet Liga","Bulgaria",0,FALSE,NA,"Summer",NA,NA,NA,NA
"FC Botosani","SuperLiga","Romania","2024","Departures","Reagy Ofosu","https://www.transfermarkt.com/reagy-ofosu/profil/spieler/83253","Left Winger","32","Germany","Sanliurfaspor ","1.Lig","Türkiye",0,FALSE,NA,"Summer",NA,NA,NA,NA
"FC Botosani","SuperLiga","Romania","2024","Departures","Andrei Ureche","https://www.transfermarkt.com/andrei-ureche/profil/spieler/394535","Goalkeeper","25","Romania","CSM Focsani","Liga 2","Romania",0,FALSE,NA,"Summer",NA,NA,NA,NA
"FC Botosani","SuperLiga","Romania","2024","Departures","Codrin Cărăușu","https://www.transfermarkt.com/codrin-carausu/profil/spieler/1101450","Right Winger","19","Romania","CS Tunari",NA,"Romania",NA,TRUE,"loan transfer","Summer",NA,NA,NA,NA
"FC Botosani","SuperLiga","Romania","2024","Departures","Răzvan Creț","https://www.transfermarkt.com/razvan-cret/profil/spieler/1027042","Left-Back","18","Romania","CSM Focsani","Liga 2","Romania",NA,TRUE,"loan transfer","Summer",NA,NA,NA,NA
"FC Botosani","SuperLiga","Romania","2024","Departures","Bogdan Filip","https://www.transfermarkt.com/bogdan-filip/profil/spieler/832833","Central Midfield","24","Romania","Cetatea 1932",NA,"Romania",NA,TRUE,"loan transfer","Summer",NA,NA,NA,NA
"FC Botosani","SuperLiga","Romania","2024","Departures","Șerban Tomache","https://www.transfermarkt.com/serban-tomache/profil/spieler/983944","Goalkeeper","20","Romania","Somuz Falticeni",NA,"Romania",NA,TRUE,"loan transfer","Summer",NA,NA,NA,NA
"FC Botosani","SuperLiga","Romania","2024","Departures","Denis Ștefan","https://www.transfermarkt.com/denis-stefan/profil/spieler/1170488","Centre-Forward","18","Romania","Gloria Ultra",NA,"Romania",NA,TRUE,"loan transfer","Summer",3,1,0,1
"FC Botosani","SuperLiga","Romania","2024","Departures","Narcis Ilaș","https://www.transfermarkt.com/narcis-ilas/profil/spieler/992843","Right Midfield","17","Romania","Ceahlaul","Liga 2","Romania",NA,TRUE,"loan transfer","Summer",1,0,0,0
"FC Botosani","SuperLiga","Romania","2024","Departures","Cyril Zabou","https://www.transfermarkt.com/cyril-zabou/profil/spieler/644080","Right Winger","28","France","Without Club",NA,NA,NA,FALSE,"-","Summer",NA,NA,NA,NA
"FC Botosani","SuperLiga","Romania","2024","Departures","Jean-Armel Drolé","https://www.transfermarkt.com/jean-armel-drole/profil/spieler/390667","Left Winger","26","Cote d'Ivoire","Without Club",NA,NA,NA,FALSE,"-","Summer",NA,NA,NA,NA
"FC Botosani","SuperLiga","Romania","2024","Departures","Fabrice Olinga","https://www.transfermarkt.com/fabrice-olinga/profil/spieler/238291","Left Winger","28","Cameroon","Without Club",NA,NA,NA,FALSE,"-","Summer",NA,NA,NA,NA
"FC Botosani","SuperLiga","Romania","2024","Departures","George Dragomir","https://www.transfermarkt.com/george-dragomir/profil/spieler/749036","Attacking Midfield","20","Romania","FC Botosani II",NA,"Romania",NA,FALSE,"-","Summer",NA,NA,NA,NA
"FC Botosani","SuperLiga","Romania","2024","Departures","Adrian Răuțu","https://www.transfermarkt.com/adrian-rautu/profil/spieler/1170486","Centre-Forward","19","Romania","FC Botosani II",NA,"Romania",NA,FALSE,"-","Summer",NA,NA,NA,NA
"FC Botosani","SuperLiga","Romania","2024","Departures","Sebastian Nechita","https://www.transfermarkt.com/sebastian-nechita/profil/spieler/608446","Central Midfield","21","Romania","FC Botosani II",NA,"Romania",NA,FALSE,"-","Summer",NA,NA,NA,NA
"FC Botosani","SuperLiga","Romania","2024","Arrivals","Alexandru Albu","https://www.transfermarkt.com/alexandru-albu/profil/spieler/372908","Defensive Midfield","31","Romania","Al-Safa","Saudi First Division League","Saudi Arabia",0,FALSE,NA,"Winter",0,0,0,0
"FC Botosani","SuperLiga","Romania","2024","Arrivals","Alexandru Cîmpanu","https://www.transfermarkt.com/alexandru-cimpanu/profil/spieler/687846","Right Winger","24","Romania","CS U Craiova","SuperLiga","Romania",0,FALSE,NA,"Winter",18,17,0,910
"FC Botosani","SuperLiga","Romania","2024","Arrivals","Enriko Papa","https://www.transfermarkt.com/enriko-papa/profil/spieler/241221","Central Midfield","31","Albania","KF Laçi","Kategoria Superiore","Albania",0,FALSE,NA,"Winter",18,17,1,1104
"FC Botosani","SuperLiga","Romania","2024","Arrivals","Paul Iacob","https://www.transfermarkt.com/paul-iacob/profil/spieler/303359","Centre-Back","28","Romania","FC Rapid 1923","SuperLiga","Romania",NA,TRUE,"loan transfer","Winter",12,12,1,1007
"FC Botosani","SuperLiga","Romania","2024","Arrivals","Robert Filip","https://www.transfermarkt.com/robert-filip/profil/spieler/692121","Central Midfield","22","Romania","CFR Cluj","SuperLiga","Romania",NA,TRUE,"loan transfer","Winter",13,10,0,454
"FC Botosani","SuperLiga","Romania","2024","Arrivals","Giannis Anestis","https://www.transfermarkt.com/giannis-anestis/profil/spieler/191853","Goalkeeper","33","Greece","Without Club",NA,NA,NA,FALSE,"-","Winter",28,28,0,2520
"FC Botosani","SuperLiga","Romania","2024","Arrivals","Răzvan Creț","https://www.transfermarkt.com/razvan-cret/profil/spieler/1027042","Left-Back","18","Romania","CSM Focsani","Liga 2","Romania",NA,TRUE,"End of loan Dec 31, 2024","Winter",NA,NA,NA,NA
"FC Botosani","SuperLiga","Romania","2024","Arrivals","Codrin Cărăușu","https://www.transfermarkt.com/codrin-carausu/profil/spieler/1101450","Right Winger","19","Romania","CS Tunari",NA,"Romania",NA,TRUE,"End of loan Dec 31, 2024","Winter",NA,NA,NA,NA
"FC Botosani","SuperLiga","Romania","2024","Departures","Eduard Florescu","https://www.transfermarkt.com/eduard-florescu/profil/spieler/379194","Attacking Midfield","27","Romania","Yelimay","Premier Liga","Kazakhstan",150000,FALSE,NA,"Winter",24,22,1,1434
"FC Botosani","SuperLiga","Romania","2024","Departures","Eduard Pap","https://www.transfermarkt.com/eduard-pap/profil/spieler/249080","Goalkeeper","30","Romania","Dumbravita","Liga 2","Romania",0,FALSE,NA,"Winter",28,11,0,990
"FC Botosani","SuperLiga","Romania","2024","Departures","Lóránd Fülöp","https://www.transfermarkt.com/lorand-fulop/profil/spieler/448674","Central Midfield","27","Romania","FK Csikszereda","Liga 2","Romania",0,FALSE,NA,"Winter",20,17,1,540
"FC Botosani","SuperLiga","Romania","2024","Departures","Răzvan Creț","https://www.transfermarkt.com/razvan-cret/profil/spieler/1027042","Left-Back","18","Romania","Minaur",NA,"Romania",NA,TRUE,"loan transfer","Winter",NA,NA,NA,NA
"FC Botosani","SuperLiga","Romania","2024","Departures","Codrin Cărăușu","https://www.transfermarkt.com/codrin-carausu/profil/spieler/1101450","Right Winger","19","Romania","Bucov. Radauti",NA,"Romania",NA,TRUE,"loan transfer","Winter",NA,NA,NA,NA
"FC Botosani","SuperLiga","Romania","2024","Departures","Juan Cruz Kaprof","https://www.transfermarkt.com/juan-cruz-kaprof/profil/spieler/282365","Centre-Forward","29","Argentina","Without Club",NA,NA,NA,FALSE,"-","Winter",22,13,0,457
"FC Botosani","SuperLiga","Romania","2024","Departures","Gastón Manuel Romano","https://www.transfermarkt.com/gaston-manuel-romano/profil/spieler/726052","Central Midfield","26","Argentina","Without Club",NA,NA,NA,FALSE,"-","Winter",9,4,0,162
"ACSM Politehnica Iasi","Liga 2","Romania","2024","Arrivals","Cláudio Silva","https://www.transfermarkt.com/claudio-silva/profil/spieler/537595","Centre-Back","24","Portugal","Feirense","Liga Portugal 2","Portugal",0,FALSE,NA,"Summer",41,22,0,1518
"ACSM Politehnica Iasi","Liga 2","Romania","2024","Arrivals","Gonçalo Teixeira","https://www.transfermarkt.com/goncalo-teixeira/profil/spieler/591354","Left Winger","24","Portugal","Vilaverdense","Liga 3","Portugal",0,FALSE,NA,"Summer",26,13,3,595
"ACSM Politehnica Iasi","Liga 2","Romania","2024","Arrivals","Valentin Gheorghe","https://www.transfermarkt.com/valentin-gheorghe/profil/spieler/453810","Left Winger","27","Romania","U Cluj","SuperLiga","Romania",0,FALSE,NA,"Summer",27,24,0,1188
"ACSM Politehnica Iasi","Liga 2","Romania","2024","Arrivals","Guilherme","https://www.transfermarkt.com/guilherme/profil/spieler/657385","Centre-Back","23","Portugal","Braga B","Liga 3","Portugal",0,FALSE,NA,"Summer",40,35,3,3021
"ACSM Politehnica Iasi","Liga 2","Romania","2024","Arrivals","Billel Omrani","https://www.transfermarkt.com/billel-omrani/profil/spieler/131589","Centre-Forward","31","Algeria","Wisla Kraków","Betclic 1 Liga","Poland",0,FALSE,NA,"Summer",7,6,0,305
"ACSM Politehnica Iasi","Liga 2","Romania","2024","Arrivals","Samuel Oum Gouet","https://www.transfermarkt.com/samuel-oum-gouet/profil/spieler/452238","Defensive Midfield","26","Cameroon","Yverdon Sport","Super League","Switzerland",0,FALSE,NA,"Summer",41,35,1,1956
"ACSM Politehnica Iasi","Liga 2","Romania","2024","Arrivals","Tailson","https://www.transfermarkt.com/tailson/profil/spieler/646434","Right Winger","25","Brazil","Santos","Série B","Brazil",0,FALSE,NA,"Summer",44,39,3,1890
"ACSM Politehnica Iasi","Liga 2","Romania","2024","Arrivals","David Atanaskoski","https://www.transfermarkt.com/david-atanaskoski/profil/spieler/366809","Left-Back","27","North Macedonia","FK Partizani","Kategoria Superiore","Albania",0,FALSE,NA,"Summer",26,15,0,1086
"ACSM Politehnica Iasi","Liga 2","Romania","2024","Arrivals","Jesús Fernández","https://www.transfermarkt.com/jesus-fernandez/profil/spieler/91885","Goalkeeper","36","Spain","FC Voluntari","Liga 2","Romania",0,FALSE,NA,"Summer",41,40,0,3600
"ACSM Politehnica Iasi","Liga 2","Romania","2024","Arrivals","Ionuț Ailenei","https://www.transfermarkt.com/ionut-ailenei/profil/spieler/777443","Goalkeeper","23","Romania","SJ Vaslui",NA,"Romania",0,FALSE,NA,"Summer",32,5,0,450
"ACSM Politehnica Iasi","Liga 2","Romania","2024","Arrivals","Robert Miskovic","https://www.transfermarkt.com/robert-miskovic/profil/spieler/581358","Central Midfield","24","Croatia","Banik Ostrava","Chance Liga","Czech Republic",0,FALSE,NA,"Summer",25,14,1,619
"ACSM Politehnica Iasi","Liga 2","Romania","2024","Arrivals","Matei Tănasă","https://www.transfermarkt.com/matei-tanasa/profil/spieler/892742","Left Winger","18","Romania","FCSB U18",NA,"Romania",NA,FALSE,"?","Summer",34,4,0,139
"ACSM Politehnica Iasi","Liga 2","Romania","2024","Arrivals","David Popa","https://www.transfermarkt.com/david-popa/profil/spieler/992832","Right Winger","17","Romania","FCSB U18",NA,"Romania",NA,TRUE,"loan transfer","Summer",20,2,0,31
"ACSM Politehnica Iasi","Liga 2","Romania","2024","Arrivals","Florian Kamberi","https://www.transfermarkt.com/florian-kamberi/profil/spieler/284020","Centre-Forward","29","Albania","Without Club",NA,NA,NA,FALSE,"-","Summer",17,16,2,1301
"ACSM Politehnica Iasi","Liga 2","Romania","2024","Arrivals","Mohammed Umar","https://www.transfermarkt.com/mohammed-umar/profil/spieler/1004786","Centre-Back","21","Ghana","Without Club",NA,NA,NA,FALSE,"-","Summer",25,15,1,1278
"ACSM Politehnica Iasi","Liga 2","Romania","2024","Arrivals","Alexandru Hrib","https://www.transfermarkt.com/alexandru-hrib/profil/spieler/1011651","Central Midfield","19","Romania","Poli Iași U18",NA,"Romania",NA,FALSE,"-","Summer",NA,NA,NA,NA
"ACSM Politehnica Iasi","Liga 2","Romania","2024","Arrivals","Christ Kouadio","https://www.transfermarkt.com/christ-kouadio/profil/spieler/481178","Right-Back","23","Cote d'Ivoire","Metaloglobus","Liga 2","Romania",NA,TRUE,"End of loan Jun 30, 2024","Summer",NA,NA,NA,NA
"ACSM Politehnica Iasi","Liga 2","Romania","2024","Arrivals","Antonio Dumitru","https://www.transfermarkt.com/antonio-dumitru/profil/spieler/938591","Right Winger","19","Romania","Mediaș 2022",NA,"Romania",NA,TRUE,"End of loan Jun 30, 2024","Summer",NA,NA,NA,NA
"ACSM Politehnica Iasi","Liga 2","Romania","2024","Arrivals","Alexandru Core","https://www.transfermarkt.com/alexandru-core/profil/spieler/676835","Centre-Back","23","Romania","Ceahlaul","Liga 2","Romania",NA,TRUE,"End of loan Jun 30, 2024","Summer",NA,NA,NA,NA
"ACSM Politehnica Iasi","Liga 2","Romania","2024","Arrivals","Alex Militaru","https://www.transfermarkt.com/alex-militaru/profil/spieler/914458","Central Midfield","21","Romania","Unirea Dej","Liga 2","Romania",NA,TRUE,"End of loan Jun 30, 2024","Summer",NA,NA,NA,NA
"ACSM Politehnica Iasi","Liga 2","Romania","2024","Arrivals","Bogdan Istratie","https://www.transfermarkt.com/bogdan-istratie/profil/spieler/1060873","Centre-Forward","20","Romania","SSU Poli",NA,"Romania",NA,TRUE,"End of loan Jun 30, 2024","Summer",NA,NA,NA,NA
"ACSM Politehnica Iasi","Liga 2","Romania","2024","Arrivals","Alex Militaru","https://www.transfermarkt.com/alex-militaru/profil/spieler/914458","Central Midfield","21","Romania","CS Tunari",NA,"Romania",NA,TRUE,"End of loan Sep 12, 2024","Summer",NA,NA,NA,NA
"ACSM Politehnica Iasi","Liga 2","Romania","2024","Arrivals","Denis Ciaun","https://www.transfermarkt.com/denis-ciaun/profil/spieler/1041509","Left-Back","21","Romania","Unirea Alba I.",NA,"Romania",NA,TRUE,"End of loan Jun 30, 2024","Summer",NA,NA,NA,NA
"ACSM Politehnica Iasi","Liga 2","Romania","2024","Arrivals","Alexandru Azoiței","https://www.transfermarkt.com/alexandru-azoitei/profil/spieler/1031087","Centre-Back","21","Romania","Aerostar",NA,"Romania",NA,TRUE,"End of loan Jun 30, 2024","Summer",NA,NA,NA,NA
"ACSM Politehnica Iasi","Liga 2","Romania","2024","Departures","Carlos Jatobá","https://www.transfermarkt.com/carlos-jatoba/profil/spieler/374089","Central Midfield","28","Brazil","Araz-Nakhchivan","Premyer Liqa","Azerbaijan",0,FALSE,NA,"Summer",NA,NA,NA,NA
"ACSM Politehnica Iasi","Liga 2","Romania","2024","Departures","Adel Bettaieb","https://www.transfermarkt.com/adel-bettaieb/profil/spieler/610484","Centre-Forward","27","Tunisia","U Cluj","SuperLiga","Romania",0,FALSE,NA,"Summer",NA,NA,NA,NA
"ACSM Politehnica Iasi","Liga 2","Romania","2024","Departures","Silviu Lung Jr.","https://www.transfermarkt.com/silviu-lung-jr-/profil/spieler/73731","Goalkeeper","35","Romania","CS U Craiova","SuperLiga","Romania",0,FALSE,NA,"Summer",NA,NA,NA,NA
"ACSM Politehnica Iasi","Liga 2","Romania","2024","Departures","Sergiu Buș","https://www.transfermarkt.com/sergiu-bus/profil/spieler/123671","Centre-Forward","31","Romania","Corvinul","Liga 2","Romania",0,FALSE,NA,"Summer",NA,NA,NA,NA
"ACSM Politehnica Iasi","Liga 2","Romania","2024","Departures","Kevin Kabran","https://www.transfermarkt.com/kevin-kabran/profil/spieler/223090","Centre-Forward","30","Sweden","Without Club",NA,NA,0,FALSE,NA,"Summer",NA,NA,NA,NA
"ACSM Politehnica Iasi","Liga 2","Romania","2024","Departures","Robert Ion","https://www.transfermarkt.com/robert-ion/profil/spieler/608511","Attacking Midfield","23","Romania","Concordia","Liga 2","Romania",0,FALSE,NA,"Summer",NA,NA,NA,NA
"ACSM Politehnica Iasi","Liga 2","Romania","2024","Departures","Christ Kouadio","https://www.transfermarkt.com/christ-kouadio/profil/spieler/481178","Right-Back","23","Cote d'Ivoire","Metaloglobus","Liga 2","Romania",0,FALSE,NA,"Summer",NA,NA,NA,NA
"ACSM Politehnica Iasi","Liga 2","Romania","2024","Departures","Marius Martac","https://www.transfermarkt.com/marius-martac/profil/spieler/241296","Right-Back","32","Romania","Chindia","Liga 2","Romania",0,FALSE,NA,"Summer",NA,NA,NA,NA
"ACSM Politehnica Iasi","Liga 2","Romania","2024","Departures","Matija Katanec","https://www.transfermarkt.com/matija-katanec/profil/spieler/83659","Centre-Back","34","Croatia","NK Varteks",NA,"Croatia",0,FALSE,NA,"Summer",NA,NA,NA,NA
"ACSM Politehnica Iasi","Liga 2","Romania","2024","Departures","Antonio Dumitru","https://www.transfermarkt.com/antonio-dumitru/profil/spieler/938591","Right Winger","19","Romania","SR Brasov",NA,"Romania",0,FALSE,NA,"Summer",NA,NA,NA,NA
"ACSM Politehnica Iasi","Liga 2","Romania","2024","Departures","Bogdan Istratie","https://www.transfermarkt.com/bogdan-istratie/profil/spieler/1060873","Centre-Forward","20","Romania","SSU Poli",NA,"Romania",0,FALSE,NA,"Summer",NA,NA,NA,NA
"ACSM Politehnica Iasi","Liga 2","Romania","2024","Departures","Alexandru Azoiței","https://www.transfermarkt.com/alexandru-azoitei/profil/spieler/1031087","Centre-Back","21","Romania","CSM Adjud",NA,"Romania",0,FALSE,NA,"Summer",NA,NA,NA,NA
"ACSM Politehnica Iasi","Liga 2","Romania","2024","Departures","Alexandru Core","https://www.transfermarkt.com/alexandru-core/profil/spieler/676835","Centre-Back","23","Romania","CS Mioveni","Liga 2","Romania",NA,TRUE,"loan transfer","Summer",NA,NA,NA,NA
"ACSM Politehnica Iasi","Liga 2","Romania","2024","Departures","Alexandru Hrib","https://www.transfermarkt.com/alexandru-hrib/profil/spieler/1011651","Central Midfield","19","Romania","Miroslava",NA,"Romania",NA,TRUE,"loan transfer","Summer",NA,NA,NA,NA
"ACSM Politehnica Iasi","Liga 2","Romania","2024","Departures","Diego Farcaș","https://www.transfermarkt.com/diego-farcas/profil/spieler/1143039","Central Midfield","18","Romania","Miroslava",NA,"Romania",NA,TRUE,"loan transfer","Summer",0,0,0,0
"ACSM Politehnica Iasi","Liga 2","Romania","2024","Departures","Alex Militaru","https://www.transfermarkt.com/alex-militaru/profil/spieler/914458","Central Midfield","21","Romania","CS Tunari",NA,"Romania",NA,TRUE,"loan transfer","Summer",NA,NA,NA,NA
"ACSM Politehnica Iasi","Liga 2","Romania","2024","Departures","Allanzinho","https://www.transfermarkt.com/allanzinho/profil/spieler/685768","Left Winger","24","Brazil","Without Club",NA,NA,NA,FALSE,"-","Summer",NA,NA,NA,NA
"ACSM Politehnica Iasi","Liga 2","Romania","2024","Departures","Rachid Bouhenna","https://www.transfermarkt.com/rachid-bouhenna/profil/spieler/194790","Centre-Back","33","Algeria","Without Club",NA,NA,NA,FALSE,"-","Summer",NA,NA,NA,NA
"ACSM Politehnica Iasi","Liga 2","Romania","2024","Departures","Hamza Saghiri","https://www.transfermarkt.com/hamza-saghiri/profil/spieler/268757","Central Midfield","27","Germany","Without Club",NA,NA,NA,FALSE,"-","Summer",NA,NA,NA,NA
"ACSM Politehnica Iasi","Liga 2","Romania","2024","Departures","Denis Ciaun","https://www.transfermarkt.com/denis-ciaun/profil/spieler/1041509","Left-Back","21","Romania","Without Club",NA,NA,NA,FALSE,"-","Summer",NA,NA,NA,NA
"ACSM Politehnica Iasi","Liga 2","Romania","2024","Departures","Ionuț Ailenei","https://www.transfermarkt.com/ionut-ailenei/profil/spieler/777443","Goalkeeper","23","Romania","SJ Vaslui",NA,"Romania",NA,TRUE,"End of loan Jun 30, 2024","Summer",32,5,0,450
"ACSM Politehnica Iasi","Liga 2","Romania","2024","Arrivals","Mihai Adăscăliței","https://www.transfermarkt.com/mihai-adascalitei/profil/spieler/280311","Right-Back","30","Romania","Otelul Galati","SuperLiga","Romania",0,FALSE,NA,"Winter",20,18,0,925
"ACSM Politehnica Iasi","Liga 2","Romania","2024","Arrivals","Adama Diakhaby","https://www.transfermarkt.com/adama-diakhaby/profil/spieler/453594","Attacking Midfield","28","France","Bandirmaspor","1.Lig","Türkiye",0,FALSE,NA,"Winter",14,11,0,581
"ACSM Politehnica Iasi","Liga 2","Romania","2024","Arrivals","Dudu Nardini","https://www.transfermarkt.com/dudu-nardini/profil/spieler/312682","Defensive Midfield","27","Brazil","Jablonec","Chance Liga","Czech Republic",0,FALSE,NA,"Winter",15,10,0,203
"ACSM Politehnica Iasi","Liga 2","Romania","2024","Arrivals","João Paulino","https://www.transfermarkt.com/joao-paulino/profil/spieler/629860","Left Winger","26","Cape Verde","Zimbru Chisinau","Super Liga (Phase 2)","Moldova",0,FALSE,NA,"Winter",NA,NA,NA,NA
"ACSM Politehnica Iasi","Liga 2","Romania","2024","Arrivals","Sekou Camara","https://www.transfermarkt.com/sekou-camara/profil/spieler/486537","Centre-Forward","27","Guinea","Unirea Slobozia","SuperLiga","Romania",0,FALSE,NA,"Winter",16,16,4,1241
"ACSM Politehnica Iasi","Liga 2","Romania","2024","Arrivals","Xhuliano Skuka","https://www.transfermarkt.com/xhuliano-skuka/profil/spieler/646131","Centre-Forward","26","Albania","Penafiel","Liga Portugal 2","Portugal",0,FALSE,NA,"Winter",15,15,3,743
"ACSM Politehnica Iasi","Liga 2","Romania","2024","Arrivals","Romario Moise","https://www.transfermarkt.com/romario-moise/profil/spieler/390844","Attacking Midfield","28","Romania","Ceahlaul","Liga 2","Romania",0,FALSE,NA,"Winter",5,1,0,90
"ACSM Politehnica Iasi","Liga 2","Romania","2024","Arrivals","Valentin Borcea","https://www.transfermarkt.com/valentin-borcea/profil/spieler/608464","Attacking Midfield","22","Romania","UTA Arad","SuperLiga","Romania",0,FALSE,NA,"Winter",1,1,0,30
"ACSM Politehnica Iasi","Liga 2","Romania","2024","Arrivals","Cătălin Creț","https://www.transfermarkt.com/catalin-cret/profil/spieler/730047","Left-Back","25","Romania","Sanatatea",NA,"Romania",0,FALSE,NA,"Winter",19,7,0,221
"ACSM Politehnica Iasi","Liga 2","Romania","2024","Arrivals","Matija Boben","https://www.transfermarkt.com/matija-boben/profil/spieler/149810","Centre-Back","30","Slovenia","CFR Cluj","SuperLiga","Romania",NA,TRUE,"loan transfer","Winter",10,8,0,720
"ACSM Politehnica Iasi","Liga 2","Romania","2024","Arrivals","Antonio Bordușanu","https://www.transfermarkt.com/antonio-bordusanu/profil/spieler/863556","Right Winger","20","Romania","FC Dinamo","SuperLiga","Romania",NA,TRUE,"loan transfer","Winter",10,2,0,11
"ACSM Politehnica Iasi","Liga 2","Romania","2024","Arrivals","João Amaral","https://www.transfermarkt.com/joao-amaral/profil/spieler/352898","Attacking Midfield","33","Portugal","Without Club",NA,NA,NA,FALSE,"-","Winter",7,7,0,172
"ACSM Politehnica Iasi","Liga 2","Romania","2024","Arrivals","Mohammed Umar","https://www.transfermarkt.com/mohammed-umar/profil/spieler/1004786","Centre-Back","21","Ghana","Without Club",NA,NA,NA,FALSE,"-","Winter",25,15,1,1278
"ACSM Politehnica Iasi","Liga 2","Romania","2024","Arrivals","Alexandru Core","https://www.transfermarkt.com/alexandru-core/profil/spieler/676835","Centre-Back","24","Romania","CS Mioveni","Liga 2","Romania",NA,TRUE,"End of loan Dec 31, 2024","Winter",NA,NA,NA,NA
"ACSM Politehnica Iasi","Liga 2","Romania","2024","Arrivals","Mursal Banse","https://www.transfermarkt.com/mursal-banse/profil/spieler/1196132","Left Midfield","18","Italy","Bassano","Serie D - C","Italy",NA,TRUE,"End of loan Jan 31, 2025","Winter",NA,NA,NA,NA
"ACSM Politehnica Iasi","Liga 2","Romania","2024","Departures","Andrei Gheorghiță","https://www.transfermarkt.com/andrei-gheorghita/profil/spieler/880840","Left Midfield","22","Romania","FCSB","SuperLiga","Romania",120000,TRUE,NA,"Winter",24,23,3,1490
"ACSM Politehnica Iasi","Liga 2","Romania","2024","Departures","Valentin Gheorghe","https://www.transfermarkt.com/valentin-gheorghe/profil/spieler/453810","Left Winger","27","Romania","Petrolul","SuperLiga","Romania",0,FALSE,NA,"Winter",27,24,0,1188
"ACSM Politehnica Iasi","Liga 2","Romania","2024","Departures","Gonçalo Teixeira","https://www.transfermarkt.com/goncalo-teixeira/profil/spieler/591354","Left Winger","25","Portugal","Zhenis ","Premier Liga","Kazakhstan",0,FALSE,NA,"Winter",26,13,3,595
"ACSM Politehnica Iasi","Liga 2","Romania","2024","Departures","Shayon Harrison","https://www.transfermarkt.com/shayon-harrison/profil/spieler/345739","Centre-Forward","27","England","UTA Arad","SuperLiga","Romania",0,FALSE,NA,"Winter",24,17,1,671
"ACSM Politehnica Iasi","Liga 2","Romania","2024","Departures","David Atanaskoski","https://www.transfermarkt.com/david-atanaskoski/profil/spieler/366809","Left-Back","28","North Macedonia","FK Partizani","Kategoria Superiore","Albania",0,FALSE,NA,"Winter",26,15,0,1086
"ACSM Politehnica Iasi","Liga 2","Romania","2024","Departures","Cătălin Itu","https://www.transfermarkt.com/catalin-itu/profil/spieler/464306","Central Midfield","25","Romania","Krumovgrad","efbet Liga","Bulgaria",0,FALSE,NA,"Winter",22,8,0,432
"ACSM Politehnica Iasi","Liga 2","Romania","2024","Departures","Robert Miskovic","https://www.transfermarkt.com/robert-miskovic/profil/spieler/581358","Central Midfield","25","Croatia","Slovacko","Chance Liga","Czech Republic",0,FALSE,NA,"Winter",25,14,1,619
"ACSM Politehnica Iasi","Liga 2","Romania","2024","Departures","Billel Omrani","https://www.transfermarkt.com/billel-omrani/profil/spieler/131589","Centre-Forward","31","Algeria","Without Club",NA,NA,0,FALSE,NA,"Winter",7,6,0,305
"ACSM Politehnica Iasi","Liga 2","Romania","2024","Departures","Alexandru Core","https://www.transfermarkt.com/alexandru-core/profil/spieler/676835","Centre-Back","24","Romania","ACS Tg. Mures",NA,"Romania",0,FALSE,NA,"Winter",NA,NA,NA,NA
"ACSM Politehnica Iasi","Liga 2","Romania","2024","Departures","Florin Ilie","https://www.transfermarkt.com/florin-ilie/profil/spieler/192866","Centre-Back","32","Romania","Unirea Alba I.",NA,"Romania",0,FALSE,NA,"Winter",28,16,0,1154
"ACSM Politehnica Iasi","Liga 2","Romania","2024","Departures","João Paulino","https://www.transfermarkt.com/joao-paulino/profil/spieler/629860","Left Winger","26","Cape Verde","Ordabasy","Premier Liga","Kazakhstan",NA,TRUE,"loan transfer","Winter",NA,NA,NA,NA
"ACSM Politehnica Iasi","Liga 2","Romania","2024","Departures","Alexandru Hrib","https://www.transfermarkt.com/alexandru-hrib/profil/spieler/1011651","Central Midfield","19","Romania","CSM Vaslui",NA,"Romania",NA,TRUE,"loan transfer","Winter",NA,NA,NA,NA
"ACSM Politehnica Iasi","Liga 2","Romania","2024","Departures","Alex Militaru","https://www.transfermarkt.com/alex-militaru/profil/spieler/914458","Central Midfield","21","Romania","SSU Poli",NA,"Romania",NA,TRUE,"loan transfer","Winter",NA,NA,NA,NA
"ACSM Politehnica Iasi","Liga 2","Romania","2024","Departures","Todor Todoroski","https://www.transfermarkt.com/todor-todoroski/profil/spieler/344960","Right-Back","25","North Macedonia","Without Club",NA,NA,NA,FALSE,"-","Winter",17,13,0,1046
"ACSM Politehnica Iasi","Liga 2","Romania","2024","Departures","Florian Kamberi","https://www.transfermarkt.com/florian-kamberi/profil/spieler/284020","Centre-Forward","29","Albania","Without Club",NA,NA,NA,FALSE,"-","Winter",17,16,2,1301
"ACSM Politehnica Iasi","Liga 2","Romania","2024","Departures","Luca Mihai","https://www.transfermarkt.com/luca-mihai/profil/spieler/608487","Central Midfield","21","Romania","CFR Cluj","SuperLiga","Romania",NA,TRUE,"End of loan Dec 31, 2024","Winter",7,3,0,42
"ACSM Politehnica Iasi","Liga 2","Romania","2024","Departures","David Popa","https://www.transfermarkt.com/david-popa/profil/spieler/992832","Right Winger","17","Romania","FCSB U18",NA,"Romania",NA,TRUE,"End of loan Feb 10, 2025","Winter",20,2,0,31
"ACSM Politehnica Iasi","Liga 2","Romania","2024","Departures","Mursal Banse","https://www.transfermarkt.com/mursal-banse/profil/spieler/1196132","Left Midfield","18","Italy","Bassano","Serie D - C","Italy",NA,TRUE,"End of loan Mar 18, 2025","Winter",NA,NA,NA,NA
"FC Buzău",NA,NA,"2024","Arrivals","Grigore Turda","https://www.transfermarkt.com/grigore-turda/profil/spieler/451328","Centre-Back","26","Romania","FC Voluntari","Liga 2","Romania",0,FALSE,NA,"Summer",39,33,0,2163
"FC Buzău",NA,NA,"2024","Arrivals","Ion Gheorghe","https://www.transfermarkt.com/ion-gheorghe/profil/spieler/436075","Left Winger","24","Romania","Sepsi OSK","SuperLiga","Romania",0,FALSE,NA,"Summer",22,21,0,1058
"FC Buzău",NA,NA,"2024","Arrivals","Dragan Lovric","https://www.transfermarkt.com/dragan-lovric/profil/spieler/308778","Centre-Back","28","Croatia","Otelul Galati","SuperLiga","Romania",0,FALSE,NA,"Summer",13,9,0,720
"FC Buzău",NA,NA,"2024","Arrivals","Dorian Railean","https://www.transfermarkt.com/dorian-railean/profil/spieler/208573","Goalkeeper","30","Moldova","FC Dinamo","SuperLiga","Romania",0,FALSE,NA,"Summer",36,6,0,570
"FC Buzău",NA,NA,"2024","Arrivals","Constantin Budescu","https://www.transfermarkt.com/constantin-budescu/profil/spieler/164233","Attacking Midfield","35","Romania","FCV Farul","SuperLiga","Romania",0,FALSE,NA,"Summer",24,24,5,1626
"FC Buzău",NA,NA,"2024","Arrivals","Dario Canadjija","https://www.transfermarkt.com/dario-canadjija/profil/spieler/193998","Defensive Midfield","30","Croatia","AE Kifisias","Super League 2","Greece",0,FALSE,NA,"Summer",18,16,1,935
"FC Buzău",NA,NA,"2024","Arrivals","Cheick Traoré","https://www.transfermarkt.com/cheick-traore/profil/spieler/378965","Right-Back","29","Mali","Dijon","Championnat National","France",0,FALSE,NA,"Summer",4,4,0,129
"FC Buzău",NA,NA,"2024","Arrivals","Ricardo Matos","https://www.transfermarkt.com/ricardo-matos/profil/spieler/535958","Centre-Forward","24","Portugal","Portimonense","Liga Portugal 2","Portugal",0,FALSE,NA,"Summer",22,22,6,1397
"FC Buzău",NA,NA,"2024","Arrivals","Moha Keita","https://www.transfermarkt.com/moha-keita/profil/spieler/611070","Right Winger","24","Senegal","Belenenses","Liga 3","Portugal",0,FALSE,NA,"Summer",4,4,0,179
"FC Buzău",NA,NA,"2024","Arrivals","Tudor Călin","https://www.transfermarkt.com/tudor-calin/profil/spieler/666460","Central Midfield","23","Romania","CSC Selimbar","Liga 2","Romania",0,FALSE,NA,"Summer",30,11,0,663
"FC Buzău",NA,NA,"2024","Arrivals","David Tavares","https://www.transfermarkt.com/david-tavares/profil/spieler/416089","Central Midfield","25","Cape Verde","Famalicão","Liga Portugal","Portugal",0,FALSE,NA,"Summer",31,28,1,2097
"FC Buzău",NA,NA,"2024","Arrivals","Mike Cestor","https://www.transfermarkt.com/mike-cestor/profil/spieler/136744","Centre-Back","32","DR Congo","Radomiak","Ekstraklasa","Poland",0,FALSE,NA,"Summer",24,19,1,1475
"FC Buzău",NA,NA,"2024","Arrivals","Dragoș Tescan","https://www.transfermarkt.com/dragos-tescan/profil/spieler/700772","Centre-Forward","24","Romania","U Cluj","SuperLiga","Romania",0,FALSE,NA,"Summer",18,11,1,486
"FC Buzău",NA,NA,"2024","Arrivals","Dragoș Grigore","https://www.transfermarkt.com/dragos-grigore/profil/spieler/95182","Centre-Back","37","Romania","FC Rapid 1923","SuperLiga","Romania",0,FALSE,NA,"Summer",5,3,0,186
"FC Buzău",NA,NA,"2024","Arrivals","Dragoș Albu","https://www.transfermarkt.com/dragos-albu/profil/spieler/547820","Defensive Midfield","23","Romania","FC U Craiova","Liga 2","Romania",NA,TRUE,"loan transfer","Summer",30,29,0,2389
"FC Buzău",NA,NA,"2024","Arrivals","Alexandru Jipa","https://www.transfermarkt.com/alexandru-jipa/profil/spieler/938289","Right Midfield","22","Romania","FC Hermannstadt","SuperLiga","Romania",NA,TRUE,"loan transfer","Summer",28,26,3,1458
"FC Buzău",NA,NA,"2024","Arrivals","Alexandru Ișfan","https://www.transfermarkt.com/alexandru-isfan/profil/spieler/672055","Right Winger","24","Romania","CS U Craiova","SuperLiga","Romania",NA,TRUE,"loan transfer","Summer",32,29,2,1683
"FC Buzău",NA,NA,"2024","Arrivals","David Lazar","https://www.transfermarkt.com/david-lazar/profil/spieler/168278","Goalkeeper","33","Romania","CS U Craiova","SuperLiga","Romania",NA,TRUE,"loan transfer","Summer",29,24,0,2160
"FC Buzău",NA,NA,"2024","Arrivals","Cosmin Gladun","https://www.transfermarkt.com/cosmin-gladun/profil/spieler/827742","Left-Back","22","Romania","FC Arges","Liga 2","Romania",NA,TRUE,"loan transfer","Summer",8,1,0,45
"FC Buzău",NA,NA,"2024","Arrivals","Darius Grosu","https://www.transfermarkt.com/darius-grosu/profil/spieler/568557","Right-Back","22","Romania","FCV Farul","SuperLiga","Romania",NA,TRUE,"loan transfer","Summer",5,1,0,62
"FC Buzău",NA,NA,"2024","Arrivals","Alexandru Stan","https://www.transfermarkt.com/alexandru-stan/profil/spieler/1088535","Centre-Forward","18","Romania","FC Rapid 1923","SuperLiga","Romania",NA,TRUE,"loan transfer","Summer",17,12,1,384
"FC Buzău",NA,NA,"2024","Arrivals","Alessandro Ciranni","https://www.transfermarkt.com/alessandro-ciranni/profil/spieler/338680","Right-Back","28","Belgium","Without Club",NA,NA,NA,FALSE,"-","Summer",27,27,0,2341
"FC Buzău",NA,NA,"2024","Arrivals","Vitó","https://www.transfermarkt.com/vito/profil/spieler/350310","Central Midfield","27","Portugal","Without Club",NA,NA,NA,FALSE,"-","Summer",20,11,0,378
"FC Buzău",NA,NA,"2024","Arrivals","Daniel Iordache","https://www.transfermarkt.com/daniel-iordache/profil/spieler/1404862","Attacking Midfield","18","Romania","FC Buzau U19",NA,"Romania",NA,FALSE,"-","Summer",2,2,0,45
"FC Buzău",NA,NA,"2024","Arrivals","Nicolas Aprodu","https://www.transfermarkt.com/nicolas-aprodu/profil/spieler/1406519","Centre-Forward","18","Romania","FC Buzau U19",NA,"Romania",NA,FALSE,"-","Summer",2,2,0,40
"FC Buzău",NA,NA,"2024","Arrivals","George Chircu","https://www.transfermarkt.com/george-chircu/profil/spieler/1408978","Central Midfield","18","Romania","FC Buzau U19",NA,"Romania",NA,FALSE,"-","Summer",1,1,0,1
"FC Buzău",NA,NA,"2024","Arrivals","Florin Buda","https://www.transfermarkt.com/florin-buda/profil/spieler/1394716","Centre-Forward","17","Romania","FC Buzau U19",NA,"Romania",NA,FALSE,"-","Summer",6,4,0,167
"FC Buzău",NA,NA,"2024","Arrivals","Alexandru Nazîru","https://www.transfermarkt.com/alexandru-naziru/profil/spieler/1404863","Right Winger","17","Romania","FC Buzau U19",NA,"Romania",NA,FALSE,"-","Summer",3,2,0,26
"FC Buzău",NA,NA,"2024","Arrivals","Gabriel Jalbă","https://www.transfermarkt.com/gabriel-jalba/profil/spieler/1406518","Central Midfield","16","Romania","FC Buzau U19",NA,"Romania",NA,FALSE,"-","Summer",1,0,0,0
"FC Buzău",NA,NA,"2024","Arrivals","Dragoș Lazăr","https://www.transfermarkt.com/dragos-lazar/profil/spieler/803428","Right Winger","20","Romania","Unirea Slobozia","Liga 2","Romania",NA,TRUE,"End of loan Jun 30, 2024","Summer",NA,NA,NA,NA
"FC Buzău",NA,NA,"2024","Arrivals","Dragoș Horeboiu","https://www.transfermarkt.com/dragos-horeboiu/profil/spieler/608460","Goalkeeper","21","Romania","Vointa Lanuri",NA,"Romania",NA,TRUE,"End of loan Jun 30, 2024","Summer",6,1,0,1
"FC Buzău",NA,NA,"2024","Departures","Vlad Prejmerean","https://www.transfermarkt.com/vlad-prejmerean/profil/spieler/435718","Central Midfield","26","Romania","Concordia","Liga 2","Romania",0,FALSE,NA,"Summer",7,4,0,281
"FC Buzău",NA,NA,"2024","Departures","Diego Ferraresso","https://www.transfermarkt.com/diego-ferraresso/profil/spieler/120104","Right-Back","33","Bulgaria","Slavia Sofia","efbet Liga","Bulgaria",0,FALSE,NA,"Summer",27,22,0,1655
"FC Buzău",NA,NA,"2024","Departures","Andreas Mihaiu","https://www.transfermarkt.com/andreas-mihaiu/profil/spieler/436080","Right Winger","26","Romania","Slatina","Liga 2","Romania",0,FALSE,NA,"Summer",7,3,0,158
"FC Buzău",NA,NA,"2024","Departures","Alexandru Dandea","https://www.transfermarkt.com/alexandru-dandea/profil/spieler/213287","Centre-Back","36","Romania","Rm. Valcea",NA,"Romania",0,FALSE,NA,"Summer",2,2,0,46
"FC Buzău",NA,NA,"2024","Departures","Radu Crișan","https://www.transfermarkt.com/radu-crisan/profil/spieler/339954","Centre-Back","28","Romania","FC Voluntari","Liga 2","Romania",0,FALSE,NA,"Summer",NA,NA,NA,NA
"FC Buzău",NA,NA,"2024","Departures","Ionuț Nadolu","https://www.transfermarkt.com/ionut-nadolu/profil/spieler/902304","Left-Back","21","Romania","CS Mioveni","Liga 2","Romania",0,FALSE,NA,"Summer",NA,NA,NA,NA
"FC Buzău",NA,NA,"2024","Departures","Dragoș Lazăr","https://www.transfermarkt.com/dragos-lazar/profil/spieler/803428","Right Winger","20","Romania","Metalul Buzau","Liga 2","Romania",NA,TRUE,"loan transfer","Summer",NA,NA,NA,NA
"FC Buzău",NA,NA,"2024","Departures","Nicușor Brîncoveanu","https://www.transfermarkt.com/nicusor-brincoveanu/profil/spieler/1101827","Central Midfield","18","Romania","Alexandria",NA,"Romania",NA,TRUE,"loan transfer","Summer",4,4,0,241
"FC Buzău",NA,NA,"2024","Departures","Cheick Traoré","https://www.transfermarkt.com/cheick-traore/profil/spieler/378965","Right-Back","29","Mali","Without Club",NA,NA,NA,FALSE,"-","Summer",4,4,0,129
"FC Buzău",NA,NA,"2024","Departures","Antonio Georgiev","https://www.transfermarkt.com/antonio-georgiev/profil/spieler/386759","Defensive Midfield","26","Bulgaria","Without Club",NA,NA,NA,FALSE,"-","Summer",NA,NA,NA,NA
"FC Buzău",NA,NA,"2024","Departures","Raul Steau","https://www.transfermarkt.com/raul-steau/profil/spieler/547818","Attacking Midfield","23","Romania","Without Club",NA,NA,NA,FALSE,"-","Summer",NA,NA,NA,NA
"FC Buzău",NA,NA,"2024","Departures","Norbert Haymamba","https://www.transfermarkt.com/norbert-haymamba/profil/spieler/829949","Goalkeeper","25","Cameroon","Without Club",NA,NA,NA,FALSE,"-","Summer",NA,NA,NA,NA
"FC Buzău",NA,NA,"2024","Departures","Idan Golan","https://www.transfermarkt.com/idan-golan/profil/spieler/355391","Second Striker","28","Israel","Without Club",NA,NA,NA,FALSE,"-","Summer",NA,NA,NA,NA
"FC Buzău",NA,NA,"2024","Departures","Daniel Benzar","https://www.transfermarkt.com/daniel-benzar/profil/spieler/382821","Left Winger","26","Romania","Without Club",NA,NA,NA,FALSE,"-","Summer",9,5,1,205
"FC Buzău",NA,NA,"2024","Departures","Dragoș Grigore","https://www.transfermarkt.com/dragos-grigore/profil/spieler/95182","Centre-Back","38","Romania","Without Club",NA,NA,NA,FALSE,"-","Summer",5,3,0,186
"FC Buzău",NA,NA,"2024","Departures","Matei Tănasă","https://www.transfermarkt.com/matei-tanasa/profil/spieler/892742","Left Winger","18","Romania","FCSB U18",NA,"Romania",NA,TRUE,"End of loan Jun 30, 2024","Summer",NA,NA,NA,NA
"FC Buzău",NA,NA,"2024","Departures","Alexandru Ișfan","https://www.transfermarkt.com/alexandru-isfan/profil/spieler/672055","Right Winger","25","Romania","CS U Craiova","SuperLiga","Romania",NA,TRUE,"End of loan Jun 30, 2025","Summer",32,29,2,1683
"FC Buzău",NA,NA,"2024","Departures","Adi Chică-Roșă","https://www.transfermarkt.com/adi-chica-rosa/profil/spieler/736722","Centre-Forward","25","Romania","FC Botosani","SuperLiga","Romania",NA,TRUE,"End of loan Jun 30, 2024","Summer",NA,NA,NA,NA
"FC Buzău",NA,NA,"2024","Departures","Valentin Dumitrache","https://www.transfermarkt.com/valentin-dumitrache/profil/spieler/909053","Centre-Forward","21","Romania","FCV Farul","SuperLiga","Romania",NA,TRUE,"End of loan Jun 30, 2024","Summer",NA,NA,NA,NA
"FC Buzău",NA,NA,"2024","Departures","Ovidiu Perianu","https://www.transfermarkt.com/ovidiu-perianu/profil/spieler/623425","Defensive Midfield","22","Romania","FCSB","SuperLiga","Romania",NA,TRUE,"End of loan Jun 30, 2024","Summer",NA,NA,NA,NA
"FC Buzău",NA,NA,"2024","Departures","Mihnea Rădulescu","https://www.transfermarkt.com/mihnea-radulescu/profil/spieler/1017320","Right Winger","18","Romania","Petrolul","SuperLiga","Romania",NA,TRUE,"End of loan Jun 30, 2024","Summer",NA,NA,NA,NA
"FC Buzău",NA,NA,"2024","Departures","Alexandru Fărăgău","https://www.transfermarkt.com/alexandru-faragau/profil/spieler/723829","Right-Back","19","Romania","U Cluj U18",NA,"Romania",NA,TRUE,"End of loan Jun 30, 2024","Summer",NA,NA,NA,NA
"FC Buzău",NA,NA,"2024","Departures","Alessandro Lăpădat","https://www.transfermarkt.com/alessandro-lapadat/profil/spieler/1120602","Goalkeeper","19","Romania","Ripensia U19",NA,"Romania",NA,TRUE,"End of loan Jun 30, 2024","Summer",NA,NA,NA,NA
"FC Buzău",NA,NA,"2024","Departures","Radu Zamfir","https://www.transfermarkt.com/radu-zamfir/profil/spieler/540849","Right-Back","22","Romania","FC Voluntari II",NA,"Romania",NA,TRUE,"End of loan Jun 30, 2024","Summer",NA,NA,NA,NA
"FC Buzău",NA,NA,"2024","Arrivals","Bradley de Nooijer","https://www.transfermarkt.com/bradley-de-nooijer/profil/spieler/313741","Left-Back","27","Netherlands","CSKA Sofia","efbet Liga","Bulgaria",0,FALSE,NA,"Winter",12,12,0,872
"FC Buzău",NA,NA,"2024","Arrivals","Kevin Brobbey","https://www.transfermarkt.com/kevin-brobbey/profil/spieler/187290","Centre-Forward","31","Netherlands","Al-Batin","Saudi First Division League","Saudi Arabia",0,FALSE,NA,"Winter",11,11,5,961
"FC Buzău",NA,NA,"2024","Arrivals","Aleksejs Saveljevs","https://www.transfermarkt.com/aleksejs-saveljevs/profil/spieler/372122","Central Midfield","25","Latvia","Auda","Virsliga","Latvia",0,FALSE,NA,"Winter",15,11,0,439
"FC Buzău",NA,NA,"2024","Arrivals","Cristian Benavente","https://www.transfermarkt.com/cristian-benavente/profil/spieler/232859","Attacking Midfield","30","Peru","César Vallejo","Liga 2","Peru",NA,FALSE,"?","Winter",12,9,0,443
"FC Buzău",NA,NA,"2024","Arrivals","Luca Mihai","https://www.transfermarkt.com/luca-mihai/profil/spieler/608487","Central Midfield","21","Romania","CFR Cluj","SuperLiga","Romania",NA,TRUE,"loan transfer","Winter",18,18,0,1233
"FC Buzău",NA,NA,"2024","Arrivals","James Léa Siliki","https://www.transfermarkt.com/james-lea-siliki/profil/spieler/346291","Central Midfield","28","Cameroon","Without Club",NA,NA,NA,FALSE,"-","Winter",4,4,0,78
"FC Buzău",NA,NA,"2024","Arrivals","Israel Puerto","https://www.transfermarkt.com/israel-puerto/profil/spieler/126748","Centre-Back","31","Spain","Without Club",NA,NA,NA,FALSE,"-","Winter",15,15,0,1258
"FC Buzău",NA,NA,"2024","Arrivals","Nicușor Brîncoveanu","https://www.transfermarkt.com/nicusor-brincoveanu/profil/spieler/1101827","Central Midfield","18","Romania","Alexandria",NA,"Romania",NA,TRUE,"End of loan Mar 17, 2025","Winter",4,4,0,241
"FC Buzău",NA,NA,"2024","Departures","Dario Canadjija","https://www.transfermarkt.com/dario-canadjija/profil/spieler/193998","Defensive Midfield","30","Croatia","Ordabasy","Premier Liga","Kazakhstan",0,FALSE,NA,"Winter",18,16,1,935
"FC Buzău",NA,NA,"2024","Departures","Rassambek Akhmatov","https://www.transfermarkt.com/rassambek-akhmatov/profil/spieler/605716","Defensive Midfield","28","France","Unirea Slobozia","SuperLiga","Romania",0,FALSE,NA,"Winter",18,17,0,1141
"FC Buzău",NA,NA,"2024","Departures","Ion Gheorghe","https://www.transfermarkt.com/ion-gheorghe/profil/spieler/436075","Left Winger","25","Romania","Without Club",NA,NA,NA,FALSE,"-","Winter",22,21,0,1058
"FC Buzău",NA,NA,"2024","Departures","Alexandru Stan","https://www.transfermarkt.com/alexandru-stan/profil/spieler/1088535","Centre-Forward","19","Romania","FC Rapid 1923","SuperLiga","Romania",NA,TRUE,"End of loan Jan 10, 2025","Winter",17,12,1,384
"FC Buzău",NA,NA,"2024","Departures","Cosmin Gladun","https://www.transfermarkt.com/cosmin-gladun/profil/spieler/827742","Left-Back","22","Romania","FC Arges","Liga 2","Romania",NA,TRUE,"End of loan Jan 2, 2025","Winter",8,1,0,45
"FC Buzău",NA,NA,"2024","Departures","Darius Grosu","https://www.transfermarkt.com/darius-grosu/profil/spieler/568557","Right-Back","22","Romania","FCV Farul","SuperLiga","Romania",NA,TRUE,"End of loan Dec 31, 2024","Winter",5,1,0,62
"AFC Unirea 04 Slobozia","SuperLiga","Romania","2024","Arrivals","Dmytro Yusov","https://www.transfermarkt.com/dmytro-yusov/profil/spieler/242854","Centre-Forward","31","Ukraine","Metalist 1925","Persha Liga","Ukraine",0,FALSE,NA,"Summer",25,22,1,785
"AFC Unirea 04 Slobozia","SuperLiga","Romania","2024","Arrivals","Ariel López","https://www.transfermarkt.com/ariel-lopez/profil/spieler/597554","Centre-Back","29","Uruguay","UTA Arad","SuperLiga","Romania",0,FALSE,NA,"Summer",8,8,0,713
"AFC Unirea 04 Slobozia","SuperLiga","Romania","2024","Arrivals","Daniel Șerbănică","https://www.transfermarkt.com/daniel-serbanica/profil/spieler/529149","Left-Back","28","Romania","CS Mioveni","Liga 2","Romania",0,FALSE,NA,"Summer",38,32,3,2284
"AFC Unirea 04 Slobozia","SuperLiga","Romania","2024","Arrivals","Adnan Aganovic","https://www.transfermarkt.com/adnan-aganovic/profil/spieler/50806","Central Midfield","36","Croatia","Sepsi OSK","SuperLiga","Romania",0,FALSE,NA,"Summer",36,34,1,1904
"AFC Unirea 04 Slobozia","SuperLiga","Romania","2024","Arrivals","Marius Antoche","https://www.transfermarkt.com/marius-antoche/profil/spieler/226545","Centre-Back","32","Romania","FC Hermannstadt","SuperLiga","Romania",0,FALSE,NA,"Summer",36,30,0,2616
"AFC Unirea 04 Slobozia","SuperLiga","Romania","2024","Arrivals","Sekou Camara","https://www.transfermarkt.com/sekou-camara/profil/spieler/486537","Centre-Forward","26","Guinea","FC Botosani","SuperLiga","Romania",0,FALSE,NA,"Summer",22,21,0,985
"AFC Unirea 04 Slobozia","SuperLiga","Romania","2024","Arrivals","Stefan Krell","https://www.transfermarkt.com/stefan-krell/profil/spieler/75919","Goalkeeper","32","Austria","Ceahlaul","Liga 2","Romania",0,FALSE,NA,"Summer",42,15,0,1350
"AFC Unirea 04 Slobozia","SuperLiga","Romania","2024","Arrivals","Filip Ilie","https://www.transfermarkt.com/filip-ilie/profil/spieler/608465","Centre-Forward","21","Romania","Sport Team",NA,"Romania",0,FALSE,NA,"Summer",39,21,1,373
"AFC Unirea 04 Slobozia","SuperLiga","Romania","2024","Arrivals","Jordan Gele","https://www.transfermarkt.com/jordan-gele/profil/spieler/531909","Centre-Forward","31","France","FC Wil 1900","Challenge League","Switzerland",0,FALSE,NA,"Summer",24,24,5,1763
"AFC Unirea 04 Slobozia","SuperLiga","Romania","2024","Arrivals","Cristian Bărbuţ","https://www.transfermarkt.com/cristian-barbut/profil/spieler/262108","Right Winger","29","Romania","SSU Poli",NA,"Romania",0,FALSE,NA,"Summer",30,20,0,791
"AFC Unirea 04 Slobozia","SuperLiga","Romania","2024","Arrivals","Paolo Medina","https://www.transfermarkt.com/paolo-medina/profil/spieler/370863","Right-Back","25","Mexico","FC Hermannstadt","SuperLiga","Romania",NA,FALSE,"?","Summer",33,24,0,1796
"AFC Unirea 04 Slobozia","SuperLiga","Romania","2024","Arrivals","Ovidiu Perianu","https://www.transfermarkt.com/ovidiu-perianu/profil/spieler/623425","Defensive Midfield","22","Romania","FCSB","SuperLiga","Romania",NA,TRUE,"loan transfer","Summer",37,37,2,2858
"AFC Unirea 04 Slobozia","SuperLiga","Romania","2024","Arrivals","Alexandru Eavaz","https://www.transfermarkt.com/alexandru-eavaz/profil/spieler/964170","Centre-Forward","19","Romania","Gheorghe Doja",NA,"Romania",NA,TRUE,"End of loan Jun 30, 2024","Summer",NA,NA,NA,NA
"AFC Unirea 04 Slobozia","SuperLiga","Romania","2024","Departures","Serafim Cojocari","https://www.transfermarkt.com/serafim-cojocari/profil/spieler/719205","Left Midfield","23","Moldova","Zimbru Chisinau","Super Liga (Phase 2)","Moldova",0,FALSE,NA,"Summer",NA,NA,NA,NA
"AFC Unirea 04 Slobozia","SuperLiga","Romania","2024","Departures","Serges Ekollo","https://www.transfermarkt.com/serges-ekollo/profil/spieler/709665","Central Midfield","25","Cameroon","Metaloglobus","Liga 2","Romania",0,FALSE,NA,"Summer",NA,NA,NA,NA
"AFC Unirea 04 Slobozia","SuperLiga","Romania","2024","Departures","Cosmin Atanase","https://www.transfermarkt.com/cosmin-atanase/profil/spieler/677160","Central Midfield","23","Romania","Chindia","Liga 2","Romania",0,FALSE,NA,"Summer",NA,NA,NA,NA
"AFC Unirea 04 Slobozia","SuperLiga","Romania","2024","Departures","Mihai Șandru","https://www.transfermarkt.com/mihai-sandru/profil/spieler/399690","Left-Back","27","Romania","Ceahlaul","Liga 2","Romania",0,FALSE,NA,"Summer",NA,NA,NA,NA
"AFC Unirea 04 Slobozia","SuperLiga","Romania","2024","Departures","Iliya Dimitrov","https://www.transfermarkt.com/iliya-dimitrov/profil/spieler/255991","Centre-Forward","27","Bulgaria","Marek Dupnitsa","Vtora Liga","Bulgaria",0,FALSE,NA,"Summer",NA,NA,NA,NA
"AFC Unirea 04 Slobozia","SuperLiga","Romania","2024","Departures","Denis Milotin","https://www.transfermarkt.com/denis-milotin/profil/spieler/1050312","Central Midfield","18","Romania","D. Calarasi",NA,"Romania",0,FALSE,NA,"Summer",NA,NA,NA,NA
"AFC Unirea 04 Slobozia","SuperLiga","Romania","2024","Departures","Alexandru Eavaz","https://www.transfermarkt.com/alexandru-eavaz/profil/spieler/964170","Centre-Forward","19","Romania","CSM Fetesti",NA,"Romania",NA,FALSE,"?","Summer",NA,NA,NA,NA
"AFC Unirea 04 Slobozia","SuperLiga","Romania","2024","Departures","Dorin Radu","https://www.transfermarkt.com/dorin-radu/profil/spieler/881078","Second Striker","21","Romania","Gheorghe Doja",NA,"Romania",NA,TRUE,"loan transfer","Summer",NA,NA,NA,NA
"AFC Unirea 04 Slobozia","SuperLiga","Romania","2024","Departures","Ștefan Ciupercă","https://www.transfermarkt.com/stefan-ciuperca/profil/spieler/871493","Goalkeeper","19","Romania","Gheorghe Doja",NA,"Romania",NA,TRUE,"loan transfer","Summer",NA,NA,NA,NA
"AFC Unirea 04 Slobozia","SuperLiga","Romania","2024","Departures","Raul Iancu","https://www.transfermarkt.com/raul-iancu/profil/spieler/1163170","Centre-Back","19","Romania","Gheorghe Doja",NA,"Romania",NA,TRUE,"loan transfer","Summer",NA,NA,NA,NA
"AFC Unirea 04 Slobozia","SuperLiga","Romania","2024","Departures","Viorel Gîrbăcea","https://www.transfermarkt.com/viorel-girbacea/profil/spieler/990897","Left Winger","18","Romania","Gheorghe Doja",NA,"Romania",NA,TRUE,"loan transfer","Summer",NA,NA,NA,NA
"AFC Unirea 04 Slobozia","SuperLiga","Romania","2024","Departures","Gabriel Lazăr","https://www.transfermarkt.com/gabriel-lazar/profil/spieler/246738","Centre-Back","33","Romania","Without Club",NA,NA,NA,FALSE,"-","Summer",8,3,0,169
"AFC Unirea 04 Slobozia","SuperLiga","Romania","2024","Departures","Ionuț Andreș","https://www.transfermarkt.com/ionut-andres/profil/spieler/902110","Centre-Back","24","Romania","FC Voluntari","Liga 2","Romania",NA,TRUE,"End of loan Jun 30, 2024","Summer",NA,NA,NA,NA
"AFC Unirea 04 Slobozia","SuperLiga","Romania","2024","Departures","Mario Aioanei","https://www.transfermarkt.com/mario-aioanei/profil/spieler/858489","Right-Back","19","Romania","FCV Farul U18",NA,"Romania",NA,TRUE,"End of loan Jun 30, 2024","Summer",NA,NA,NA,NA
"AFC Unirea 04 Slobozia","SuperLiga","Romania","2024","Departures","Dragoș Lazăr","https://www.transfermarkt.com/dragos-lazar/profil/spieler/803428","Right Winger","20","Romania","FC Buzău","SuperLiga","Romania",NA,TRUE,"End of loan Jun 30, 2024","Summer",NA,NA,NA,NA
"AFC Unirea 04 Slobozia","SuperLiga","Romania","2024","Departures","Denis Bujor","https://www.transfermarkt.com/denis-bujor/profil/spieler/731524","Right Winger","19","Romania","FCV Farul","SuperLiga","Romania",NA,TRUE,"End of loan Jun 30, 2024","Summer",NA,NA,NA,NA
"AFC Unirea 04 Slobozia","SuperLiga","Romania","2024","Arrivals","Marius Lupu","https://www.transfermarkt.com/marius-lupu/profil/spieler/1019018","Right Winger","25","Romania","Corvinul","Liga 2","Romania",0,FALSE,NA,"Winter",19,18,0,714
"AFC Unirea 04 Slobozia","SuperLiga","Romania","2024","Arrivals","Rassambek Akhmatov","https://www.transfermarkt.com/rassambek-akhmatov/profil/spieler/605716","Defensive Midfield","28","France","FC Buzău","SuperLiga","Romania",0,FALSE,NA,"Winter",12,12,0,911
"AFC Unirea 04 Slobozia","SuperLiga","Romania","2024","Arrivals","Bachana Arabuli","https://www.transfermarkt.com/bachana-arabuli/profil/spieler/178838","Centre-Forward","31","Georgia","Gyeongnam FC","K League 2","Korea, South",0,FALSE,NA,"Winter",9,8,3,328
"AFC Unirea 04 Slobozia","SuperLiga","Romania","2024","Arrivals","Filip Blazek","https://www.transfermarkt.com/filip-blazek/profil/spieler/405501","Centre-Back","26","Slovakia","FC Rapid 1923","SuperLiga","Romania",NA,TRUE,"loan transfer","Winter",15,13,1,955
"AFC Unirea 04 Slobozia","SuperLiga","Romania","2024","Arrivals","Petru Neagu","https://www.transfermarkt.com/petru-neagu/profil/spieler/549091","Left Winger","25","Moldova","FC Dinamo","SuperLiga","Romania",NA,TRUE,"loan transfer","Winter",10,7,0,258
"AFC Unirea 04 Slobozia","SuperLiga","Romania","2024","Arrivals","Jakub Vojtus","https://www.transfermarkt.com/jakub-vojtus/profil/spieler/104990","Centre-Forward","31","Slovakia","Without Club",NA,NA,NA,FALSE,"-","Winter",13,13,3,847
"AFC Unirea 04 Slobozia","SuperLiga","Romania","2024","Departures","Jordan Gele","https://www.transfermarkt.com/jordan-gele/profil/spieler/531909","Centre-Forward","32","France","FCSB","SuperLiga","Romania",3e+05,FALSE,NA,"Winter",24,24,5,1763
"AFC Unirea 04 Slobozia","SuperLiga","Romania","2024","Departures","Sekou Camara","https://www.transfermarkt.com/sekou-camara/profil/spieler/486537","Centre-Forward","27","Guinea","ACSM Poli Iasi","SuperLiga","Romania",0,FALSE,NA,"Winter",22,21,0,985
