"team_name","league","country","season","transfer_type","player_name","player_url","player_position","player_age","player_nationality","club_2","league_2","country_2","transfer_fee","is_loan","transfer_notes","window","in_squad","appearances","goals","minutes_played"
"FCSB","SuperLiga","Romania","2012","Arrivals","Mihai Pintilii","https://www.transfermarkt.com/mihai-pintilii/profil/spieler/48890","Defensive Midfield","27","Romania","Pandurii ","SuperLiga","Romania",850000,FALSE,NA,"Summer",43,43,5,2992
"FCSB","SuperLiga","Romania","2012","Arrivals","Stefan Nikolic","https://www.transfermarkt.com/stefan-nikolic/profil/spieler/64953","Centre-Forward","22","Montenegro","Poli. Timisoara",NA,"Romania",750000,FALSE,NA,"Summer",38,35,7,1724
"FCSB","SuperLiga","Romania","2012","Arrivals","Andrei Dumitraș","https://www.transfermarkt.com/andrei-dumitras/profil/spieler/143833","Right-Back","24","Romania","Ceahlaul","SuperLiga","Romania",5e+05,FALSE,NA,"Summer",14,8,1,612
"FCSB","SuperLiga","Romania","2012","Arrivals","Adrian Popa","https://www.transfermarkt.com/adrian-popa/profil/spieler/104062","Right Winger","24","Romania","Concordia","SuperLiga","Romania",5e+05,FALSE,NA,"Summer",44,43,2,3124
"FCSB","SuperLiga","Romania","2012","Arrivals","Lukasz Szukala","https://www.transfermarkt.com/lukasz-szukala/profil/spieler/19081","Centre-Back","28","Poland","Petrolul","SuperLiga","Romania",3e+05,FALSE,NA,"Summer",33,27,4,2286
"FCSB","SuperLiga","Romania","2012","Arrivals","Adi Rocha","https://www.transfermarkt.com/adi-rocha/profil/spieler/50571","Centre-Forward","26","Brazil","Concordia","SuperLiga","Romania",150000,FALSE,NA,"Summer",41,27,12,1528
"FCSB","SuperLiga","Romania","2012","Arrivals","Daniel Georgievski","https://www.transfermarkt.com/daniel-georgievski/profil/spieler/47615","Right-Back","24","North Macedonia","HNK Sibenik","Prva NL","Croatia",0,FALSE,NA,"Summer",28,24,0,1906
"FCSB","SuperLiga","Romania","2012","Arrivals","Doru Bratu","https://www.transfermarkt.com/doru-bratu/profil/spieler/81724","Centre-Back","23","Romania","Concordia","SuperLiga","Romania",0,FALSE,NA,"Summer",2,2,0,130
"FCSB","SuperLiga","Romania","2012","Arrivals","Cristian Pușcaș","https://www.transfermarkt.com/cristian-puscas/profil/spieler/211016","Defensive Midfield","18","Romania","FCSB U21",NA,"Romania",NA,FALSE,"-","Summer",3,1,0,34
"FCSB","SuperLiga","Romania","2012","Arrivals","Lucian Filip","https://www.transfermarkt.com/lucian-filip/profil/spieler/60880","Defensive Midfield","21","Romania","Concordia","SuperLiga","Romania",NA,TRUE,"End of loan Jun 30, 2012","Summer",44,24,0,1275
"FCSB","SuperLiga","Romania","2012","Departures","Erik Bicfalvi","https://www.transfermarkt.com/erik-bicfalvi/profil/spieler/46504","Centre-Forward","24","Romania","Volyn Lutsk","Premier Liga","Ukraine",0,FALSE,NA,"Summer",NA,NA,NA,NA
"FCSB","SuperLiga","Romania","2012","Departures","Valentin Iliev","https://www.transfermarkt.com/valentin-iliev/profil/spieler/35259","Centre-Back","31","Bulgaria","Volyn Lutsk","Premier Liga","Ukraine",0,FALSE,NA,"Summer",NA,NA,NA,NA
"FCSB","SuperLiga","Romania","2012","Departures","Geraldo","https://www.transfermarkt.com/geraldo/profil/spieler/14300","Centre-Back","31","Portugal","Petrolul","SuperLiga","Romania",0,FALSE,NA,"Summer",NA,NA,NA,NA
"FCSB","SuperLiga","Romania","2012","Departures","Mihai Răduț","https://www.transfermarkt.com/mihai-radut/profil/spieler/96850","Left Winger","22","Romania","Pandurii ","SuperLiga","Romania",NA,TRUE,"loan transfer","Summer",NA,NA,NA,NA
"FCSB","SuperLiga","Romania","2012","Departures","Valeriu Lupu","https://www.transfermarkt.com/valeriu-lupu/profil/spieler/147996","Left-Back","21","Romania","U Cluj","SuperLiga","Romania",NA,TRUE,"loan transfer","Summer",3,2,0,135
"FCSB","SuperLiga","Romania","2012","Departures","Ionuț Năstăsie","https://www.transfermarkt.com/ionut-nastasie/profil/spieler/148000","Left Winger","20","Romania","U Cluj","SuperLiga","Romania",NA,TRUE,"loan transfer","Summer",4,2,0,69
"FCSB","SuperLiga","Romania","2012","Departures","Florin Costea","https://www.transfermarkt.com/florin-costea/profil/spieler/47571","Left Winger","27","Romania","Without Club",NA,NA,NA,FALSE,"-","Summer",6,2,0,126
"FCSB","SuperLiga","Romania","2012","Departures","Leandro Tatu","https://www.transfermarkt.com/leandro-tatu/profil/spieler/45118","Second Striker","30","Brazil","Without Club",NA,NA,NA,FALSE,"-","Summer",13,13,2,652
"FCSB","SuperLiga","Romania","2012","Departures","Ovidiu Dănănae","https://www.transfermarkt.com/ovidiu-dananae/profil/spieler/47574","Centre-Back","26","Romania","Without Club",NA,NA,NA,FALSE,"-","Summer",NA,NA,NA,NA
"FCSB","SuperLiga","Romania","2012","Departures","Stefan Nikolic","https://www.transfermarkt.com/stefan-nikolic/profil/spieler/64953","Centre-Forward","22","Montenegro","Poli. Timisoara",NA,"Romania",NA,TRUE,"End of loan Jun 30, 2012","Summer",38,35,7,1724
"FCSB","SuperLiga","Romania","2012","Arrivals","Gabriel Iancu","https://www.transfermarkt.com/gabriel-iancu/profil/spieler/164254","Centre-Forward","18","Romania","FCV Farul","SuperLiga","Romania",5e+05,FALSE,NA,"Winter",16,10,2,443
"FCSB","SuperLiga","Romania","2012","Arrivals","Cornel Râpă","https://www.transfermarkt.com/cornel-rapa/profil/spieler/96290","Right-Back","23","Romania","Otelul Galati","SuperLiga","Romania",1e+05,FALSE,NA,"Winter",17,12,0,942
"FCSB","SuperLiga","Romania","2012","Arrivals","Leandro Tatu","https://www.transfermarkt.com/leandro-tatu/profil/spieler/45118","Second Striker","30","Brazil","Without Club",NA,NA,NA,FALSE,"-","Winter",13,13,2,652
"FCSB","SuperLiga","Romania","2012","Arrivals","Valeriu Lupu","https://www.transfermarkt.com/valeriu-lupu/profil/spieler/147996","Left-Back","21","Romania","U Cluj","SuperLiga","Romania",NA,TRUE,"End of loan Jan 1, 2013","Winter",3,2,0,135
"FCSB","SuperLiga","Romania","2012","Arrivals","Ionuț Năstăsie","https://www.transfermarkt.com/ionut-nastasie/profil/spieler/148000","Left Winger","20","Romania","U Cluj","SuperLiga","Romania",NA,TRUE,"End of loan Jan 1, 2013","Winter",4,2,0,69
"FCSB","SuperLiga","Romania","2012","Departures","Andrei Dumitraș","https://www.transfermarkt.com/andrei-dumitras/profil/spieler/143833","Right-Back","24","Romania","Ceahlaul","SuperLiga","Romania",1e+05,FALSE,NA,"Winter",14,8,1,612
"FCSB","SuperLiga","Romania","2012","Departures","Novak Martinovic","https://www.transfermarkt.com/novak-martinovic/profil/spieler/50302","Centre-Back","27","Serbia","WH Yangtze","Super League","China",0,FALSE,NA,"Winter",21,10,2,778
"FCSB","SuperLiga","Romania","2012","Departures","Gabriel Machado","https://www.transfermarkt.com/gabriel-machado/profil/spieler/55487","Centre-Forward","23","Brazil","Rayo Vallecano","LaLiga","Spain",0,FALSE,NA,"Winter",2,1,0,45
"FCSB","SuperLiga","Romania","2012","Departures","Tiberiu Bălan","https://www.transfermarkt.com/tiberiu-balan/profil/spieler/64101","Attacking Midfield","31","Romania","Without Club",NA,NA,NA,FALSE,"-","Winter",14,10,0,446
"CFR Cluj","SuperLiga","Romania","2012","Arrivals","Matías Aguirregaray","https://www.transfermarkt.com/matias-aguirregaray/profil/spieler/74232","Right-Back","23","Uruguay","Wanderers","Liga AUF Clausura","Uruguay",8e+05,FALSE,NA,"Summer",15,14,3,781
"CFR Cluj","SuperLiga","Romania","2012","Arrivals","Ciprian Deac","https://www.transfermarkt.com/ciprian-deac/profil/spieler/43300","Right Winger","26","Romania","FC Schalke 04","Bundesliga","Germany",7e+05,FALSE,NA,"Summer",26,24,3,1806
"CFR Cluj","SuperLiga","Romania","2012","Arrivals","Mário Felgueiras","https://www.transfermarkt.com/mario-felgueiras/profil/spieler/59000","Goalkeeper","25","Portugal","SC Braga","Liga Portugal","Portugal",5e+05,FALSE,NA,"Summer",50,45,0,4080
"CFR Cluj","SuperLiga","Romania","2012","Arrivals","Francesco Tomasello","https://www.transfermarkt.com/francesco-tomasello/profil/spieler/267059","Left Winger","19","Italy","Orosháza FC","NB II - East","Hungary",50000,FALSE,NA,"Summer",NA,NA,NA,NA
"CFR Cluj","SuperLiga","Romania","2012","Arrivals","Laszlo Sepsi","https://www.transfermarkt.com/laszlo-sepsi/profil/spieler/33622","Left-Back","25","Romania","ASA Tg. Mures","Liga II - Seria II","Romania",0,FALSE,NA,"Summer",41,27,0,2047
"CFR Cluj","SuperLiga","Romania","2012","Arrivals","Diogo Valente","https://www.transfermarkt.com/diogo-valente/profil/spieler/23270","Left Winger","27","Portugal","Coimbra","Liga Portugal","Portugal",0,FALSE,NA,"Summer",38,28,3,1487
"CFR Cluj","SuperLiga","Romania","2012","Arrivals","Ádám Vass","https://www.transfermarkt.com/adam-vass/profil/spieler/49031","Defensive Midfield","23","Hungary","Brescia","Serie B","Italy",0,FALSE,NA,"Summer",21,19,0,1002
"CFR Cluj","SuperLiga","Romania","2012","Arrivals","Sasa Bjelanovic","https://www.transfermarkt.com/sasa-bjelanovic/profil/spieler/22187","Centre-Forward","33","Croatia","Hellas Verona","Serie B","Italy",NA,FALSE,"?","Summer",30,20,5,819
"CFR Cluj","SuperLiga","Romania","2012","Arrivals","Jorge Martínez","https://www.transfermarkt.com/jorge-martinez/profil/spieler/55800","Right Winger","29","Uruguay","Juventus","Serie A","Italy",NA,TRUE,"loan transfer","Summer",NA,NA,NA,NA
"CFR Cluj","SuperLiga","Romania","2012","Arrivals","Luís Alberto","https://www.transfermarkt.com/luis-alberto/profil/spieler/58436","Defensive Midfield","28","Brazil","SC Braga","Liga Portugal","Portugal",NA,TRUE,"loan transfer","Summer",18,17,3,1201
"CFR Cluj","SuperLiga","Romania","2012","Arrivals","Ivo Pinto","https://www.transfermarkt.com/ivo-pinto/profil/spieler/82281","Right-Back","22","Portugal","Rio Ave","Liga Portugal","Portugal",NA,TRUE,"loan transfer","Summer",46,45,0,4025
"CFR Cluj","SuperLiga","Romania","2012","Arrivals","Godfred Adofo","https://www.transfermarkt.com/godfred-adofo/profil/spieler/163211","Defensive Midfield","19","Ghana","Parma U19","Primavera A","Italy",NA,TRUE,"loan transfer","Summer",NA,NA,NA,NA
"CFR Cluj","SuperLiga","Romania","2012","Arrivals","Matteo Lignani","https://www.transfermarkt.com/matteo-lignani/profil/spieler/133877","Defensive Midfield","20","Italy","Livorno","Serie B","Italy",NA,TRUE,"loan transfer","Summer",NA,NA,NA,NA
"CFR Cluj","SuperLiga","Romania","2012","Arrivals","Renan","https://www.transfermarkt.com/renan/profil/spieler/52999","Defensive Midfield","26","Brazil","Sampdoria","Serie B","Italy",NA,TRUE,"End of loan Jun 30, 2012","Summer",NA,NA,NA,NA
"CFR Cluj","SuperLiga","Romania","2012","Arrivals","Ionut Rada","https://www.transfermarkt.com/ionut-rada/profil/spieler/34506","Centre-Back","29","Romania","Karlsruher SC","2. Bundesliga","Germany",NA,TRUE,"End of loan Jun 30, 2012","Summer",44,29,2,2235
"CFR Cluj","SuperLiga","Romania","2012","Arrivals","Edimar","https://www.transfermarkt.com/edimar/profil/spieler/74314","Left-Back","26","Brazil","AO Xanthi","Super League 1","Greece",NA,TRUE,"End of loan Jun 30, 2012","Summer",5,4,0,187
"CFR Cluj","SuperLiga","Romania","2012","Arrivals","Paul Batin","https://www.transfermarkt.com/paul-batin/profil/spieler/121151","Centre-Forward","25","Romania","Pandurii ","SuperLiga","Romania",NA,TRUE,"End of loan Jun 30, 2012","Summer",NA,NA,NA,NA
"CFR Cluj","SuperLiga","Romania","2012","Arrivals","Sergiu Buș","https://www.transfermarkt.com/sergiu-bus/profil/spieler/123671","Centre-Forward","19","Romania","ASA Tg. Mures","SuperLiga","Romania",NA,TRUE,"End of loan Jun 30, 2012","Summer",9,6,2,170
"CFR Cluj","SuperLiga","Romania","2012","Arrivals","Dominique Kivuvu","https://www.transfermarkt.com/dominique-kivuvu/profil/spieler/41300","Defensive Midfield","24","Angola","Mjällby AIF","Allsvenskan","Sweden",NA,TRUE,"End of loan Aug 1, 2012","Summer",6,2,0,25
"CFR Cluj","SuperLiga","Romania","2012","Arrivals","Sergiu Buș","https://www.transfermarkt.com/sergiu-bus/profil/spieler/123671","Centre-Forward","19","Romania","Gaz Metan","SuperLiga","Romania",NA,TRUE,"End of loan Aug 28, 2012","Summer",9,6,2,170
"CFR Cluj","SuperLiga","Romania","2012","Departures","Renan","https://www.transfermarkt.com/renan/profil/spieler/52999","Defensive Midfield","26","Brazil","Sampdoria","Serie A","Italy",3200000,FALSE,NA,"Summer",NA,NA,NA,NA
"CFR Cluj","SuperLiga","Romania","2012","Departures","Sixto Peralta","https://www.transfermarkt.com/sixto-peralta/profil/spieler/55962","Central Midfield","33","Argentina","U. Católica","Torneo Clausura","Chile",0,FALSE,NA,"Summer",NA,NA,NA,NA
"CFR Cluj","SuperLiga","Romania","2012","Departures","Byong-oh Kim","https://www.transfermarkt.com/byong-oh-kim/profil/spieler/263825","Centre-Forward","23","Korea, South","Hyundai Mipo","Korea National League ('11-19')","Korea, South",NA,FALSE,"?","Summer",NA,NA,NA,NA
"CFR Cluj","SuperLiga","Romania","2012","Departures","Lionn","https://www.transfermarkt.com/lionn/profil/spieler/75116","Right-Back","23","Portugal","Rio Ave","Liga Portugal","Portugal",NA,TRUE,"loan transfer","Summer",NA,NA,NA,NA
"CFR Cluj","SuperLiga","Romania","2012","Departures","Edimar","https://www.transfermarkt.com/edimar/profil/spieler/74314","Left-Back","26","Brazil","Rio Ave","Liga Portugal","Portugal",NA,TRUE,"loan transfer","Summer",5,4,0,187
"CFR Cluj","SuperLiga","Romania","2012","Departures","Paul Batin","https://www.transfermarkt.com/paul-batin/profil/spieler/121151","Centre-Forward","25","Romania","FC Brasov","SuperLiga","Romania",NA,TRUE,"loan transfer","Summer",NA,NA,NA,NA
"CFR Cluj","SuperLiga","Romania","2012","Departures","Sergiu Buș","https://www.transfermarkt.com/sergiu-bus/profil/spieler/123671","Centre-Forward","19","Romania","Gaz Metan","SuperLiga","Romania",NA,TRUE,"loan transfer","Summer",9,6,2,170
"CFR Cluj","SuperLiga","Romania","2012","Departures","Calin Tiut","https://www.transfermarkt.com/calin-tiut/profil/spieler/161038","Goalkeeper","20","Romania","Alba Iulia","Liga II - Seria II","Romania",NA,TRUE,"loan transfer","Summer",NA,NA,NA,NA
"CFR Cluj","SuperLiga","Romania","2012","Departures","Tudor Mandrusca","https://www.transfermarkt.com/tudor-mandrusca/profil/spieler/241293","Centre-Forward","23","Romania","Alba Iulia","Liga II - Seria II","Romania",NA,TRUE,"loan transfer","Summer",NA,NA,NA,NA
"CFR Cluj","SuperLiga","Romania","2012","Departures","Cornel Ene","https://www.transfermarkt.com/cornel-ene/profil/spieler/224170","Centre-Back","18","Romania","UTA Arad","Liga II - Seria II","Romania",NA,TRUE,"loan transfer","Summer",NA,NA,NA,NA
"CFR Cluj","SuperLiga","Romania","2012","Departures","Roberto De Zerbi","https://www.transfermarkt.com/roberto-de-zerbi/profil/spieler/23194","Attacking Midfield","33","Italy","Without Club",NA,NA,NA,FALSE,"-","Summer",NA,NA,NA,NA
"CFR Cluj","SuperLiga","Romania","2012","Departures","Beto","https://www.transfermarkt.com/beto/profil/spieler/35242","Goalkeeper","30","Portugal","FC Porto","Liga Portugal","Portugal",NA,TRUE,"End of loan Jun 30, 2012","Summer",NA,NA,NA,NA
"CFR Cluj","SuperLiga","Romania","2012","Departures","Stojan Vranjes","https://www.transfermarkt.com/stojan-vranjes/profil/spieler/46346","Attacking Midfield","25","Bosnia-Herzegovina","Pandurii ","SuperLiga","Romania",NA,TRUE,"End of loan Jun 30, 2012","Summer",NA,NA,NA,NA
"CFR Cluj","SuperLiga","Romania","2012","Arrivals","Robert Maah","https://www.transfermarkt.com/robert-maah/profil/spieler/85485","Centre-Forward","27","France","Cittadella","Serie B","Italy",NA,FALSE,"?","Winter",18,17,5,1008
"CFR Cluj","SuperLiga","Romania","2012","Arrivals","Sulley Muniru","https://www.transfermarkt.com/sulley-muniru/profil/spieler/258371","Central Midfield","20","Ghana","Liberty Prof.","Premier League","Ghana",NA,FALSE,"?","Winter",16,9,0,589
"CFR Cluj","SuperLiga","Romania","2012","Arrivals","Nwankwo Obiora","https://www.transfermarkt.com/nwankwo-obiora/profil/spieler/127769","Defensive Midfield","21","Nigeria","Parma","Serie A","Italy",NA,TRUE,"loan transfer","Winter",7,7,0,450
"CFR Cluj","SuperLiga","Romania","2012","Arrivals","Anthony Carter","https://www.transfermarkt.com/anthony-carter/profil/spieler/303385","Centre-Forward","18","Australia","CFR Cluj U19",NA,"Romania",NA,FALSE,"-","Winter",NA,NA,NA,NA
"CFR Cluj","SuperLiga","Romania","2012","Arrivals","Weldon","https://www.transfermarkt.com/weldon/profil/spieler/37775","Centre-Forward","32","Brazil","CC Yatai","Super League","China",NA,TRUE,"End of loan Dec 31, 2012","Winter",15,14,2,731
"CFR Cluj","SuperLiga","Romania","2012","Arrivals","Cristian Bud","https://www.transfermarkt.com/cristian-bud/profil/spieler/104211","Centre-Forward","27","Romania","Gaz Metan","SuperLiga","Romania",NA,TRUE,"End of loan Dec 31, 2012","Winter",NA,NA,NA,NA
"CFR Cluj","SuperLiga","Romania","2012","Arrivals","Tudor Mandrusca","https://www.transfermarkt.com/tudor-mandrusca/profil/spieler/241293","Centre-Forward","23","Romania","Alba Iulia","Liga II - Seria II","Romania",NA,TRUE,"End of loan Dec 31, 2012","Winter",NA,NA,NA,NA
"CFR Cluj","SuperLiga","Romania","2012","Arrivals","Calin Tiut","https://www.transfermarkt.com/calin-tiut/profil/spieler/161038","Goalkeeper","20","Romania","Alba Iulia","Liga II - Seria II","Romania",NA,TRUE,"End of loan Dec 31, 2012","Winter",NA,NA,NA,NA
"CFR Cluj","SuperLiga","Romania","2012","Departures","Rafael Bastos","https://www.transfermarkt.com/rafael-bastos/profil/spieler/30946","Attacking Midfield","28","Brazil","Al-Nassr","Saudi Pro League","Saudi Arabia",3500000,FALSE,NA,"Winter",29,28,6,2141
"CFR Cluj","SuperLiga","Romania","2012","Departures","Modou Sougou","https://www.transfermarkt.com/modou-sougou/profil/spieler/33831","Right Winger","28","Senegal","Marseille","Ligue 1","France",3e+06,FALSE,NA,"Winter",23,22,5,1621
"CFR Cluj","SuperLiga","Romania","2012","Departures","Matías Aguirregaray","https://www.transfermarkt.com/matias-aguirregaray/profil/spieler/74232","Right-Back","23","Uruguay","Peñarol","Liga AUF Clausura","Uruguay",0,FALSE,NA,"Winter",15,14,3,781
"CFR Cluj","SuperLiga","Romania","2012","Departures","Viorel Nicoara","https://www.transfermarkt.com/viorel-nicoara/profil/spieler/157022","Left Midfield","25","Romania","Pandurii ","SuperLiga","Romania",NA,TRUE,"loan transfer","Winter",21,15,0,453
"CFR Cluj","SuperLiga","Romania","2012","Departures","Cristian Bud","https://www.transfermarkt.com/cristian-bud/profil/spieler/104211","Centre-Forward","27","Romania","Bihor Oradea","Liga II - Seria II","Romania",NA,TRUE,"loan transfer","Winter",NA,NA,NA,NA
"CFR Cluj","SuperLiga","Romania","2012","Departures","Tudor Mandrusca","https://www.transfermarkt.com/tudor-mandrusca/profil/spieler/241293","Centre-Forward","23","Romania","Fortuna PC",NA,"Romania",NA,TRUE,"loan transfer","Winter",NA,NA,NA,NA
"CFR Cluj","SuperLiga","Romania","2012","Departures","Calin Tiut","https://www.transfermarkt.com/calin-tiut/profil/spieler/161038","Goalkeeper","21","Romania","Fortuna PC",NA,"Romania",NA,TRUE,"loan transfer","Winter",NA,NA,NA,NA
"CFR Cluj","SuperLiga","Romania","2012","Departures","Luís Alberto","https://www.transfermarkt.com/luis-alberto/profil/spieler/58436","Defensive Midfield","29","Brazil","SC Braga","Liga Portugal","Portugal",NA,TRUE,"End of loan Jun 30, 2013","Winter",18,17,3,1201
"CFR Cluj","SuperLiga","Romania","2012","Departures","Jorge Martínez","https://www.transfermarkt.com/jorge-martinez/profil/spieler/55800","Right Winger","29","Uruguay","Juventus","Serie A","Italy",NA,TRUE,"End of loan Jan 14, 2013","Winter",NA,NA,NA,NA
"CFR Cluj","SuperLiga","Romania","2012","Departures","Godfred Adofo","https://www.transfermarkt.com/godfred-adofo/profil/spieler/163211","Defensive Midfield","19","Ghana","Parma","Serie A","Italy",NA,TRUE,"End of loan Feb 24, 2013","Winter",NA,NA,NA,NA
"CFR Cluj","SuperLiga","Romania","2012","Departures","Matteo Lignani","https://www.transfermarkt.com/matteo-lignani/profil/spieler/133877","Defensive Midfield","21","Italy","Livorno","Serie B","Italy",NA,TRUE,"End of loan Dec 30, 2012","Winter",NA,NA,NA,NA
"Petrolul Ploiesti","SuperLiga","Romania","2012","Arrivals","Lukasz Szukala","https://www.transfermarkt.com/lukasz-szukala/profil/spieler/19081","Centre-Back","28","Poland","U Cluj","SuperLiga","Romania",3e+05,FALSE,NA,"Summer",2,2,1,180
"Petrolul Ploiesti","SuperLiga","Romania","2012","Arrivals","Adrian Cristea","https://www.transfermarkt.com/adrian-cristea/profil/spieler/33440","Left Winger","28","Romania","U Cluj","SuperLiga","Romania",0,FALSE,NA,"Summer",20,18,3,1212
"Petrolul Ploiesti","SuperLiga","Romania","2012","Arrivals","Laurențiu Marinescu","https://www.transfermarkt.com/laurentiu-marinescu/profil/spieler/123854","Attacking Midfield","27","Romania","U Cluj","SuperLiga","Romania",0,FALSE,NA,"Summer",33,32,4,2128
"Petrolul Ploiesti","SuperLiga","Romania","2012","Arrivals","Marian Cristescu","https://www.transfermarkt.com/marian-cristescu/profil/spieler/64137","Attacking Midfield","27","Romania","U Cluj","SuperLiga","Romania",0,FALSE,NA,"Summer",35,27,2,1305
"Petrolul Ploiesti","SuperLiga","Romania","2012","Arrivals","Constantin Grecu","https://www.transfermarkt.com/constantin-grecu/profil/spieler/70037","Left-Back","24","Romania","U Cluj","SuperLiga","Romania",0,FALSE,NA,"Summer",13,3,0,232
"Petrolul Ploiesti","SuperLiga","Romania","2012","Arrivals","Jean Sony Alcénat","https://www.transfermarkt.com/jean-sony-alcenat/profil/spieler/64672","Right-Back","26","Haiti","Leixões","Liga Portugal 2","Portugal",0,FALSE,NA,"Summer",24,20,1,1675
"Petrolul Ploiesti","SuperLiga","Romania","2012","Arrivals","Geraldo","https://www.transfermarkt.com/geraldo/profil/spieler/14300","Centre-Back","31","Portugal","FCSB","SuperLiga","Romania",0,FALSE,NA,"Summer",23,21,1,1862
"Petrolul Ploiesti","SuperLiga","Romania","2012","Arrivals","Sebastian Cojocnean","https://www.transfermarkt.com/sebastian-cojocnean/profil/spieler/104063","Right Winger","24","Romania","U Cluj","SuperLiga","Romania",0,FALSE,NA,"Summer",5,3,0,104
"Petrolul Ploiesti","SuperLiga","Romania","2012","Arrivals","Sebastian Achim","https://www.transfermarkt.com/sebastian-achim/profil/spieler/69460","Right-Back","26","Romania","U Cluj","SuperLiga","Romania",0,FALSE,NA,"Summer",27,22,0,1891
"Petrolul Ploiesti","SuperLiga","Romania","2012","Arrivals","Césinha","https://www.transfermarkt.com/cesinha/profil/spieler/22945","Second Striker","32","Brazil","Moreirense ","Liga Portugal","Portugal",0,FALSE,NA,"Summer",5,3,0,38
"Petrolul Ploiesti","SuperLiga","Romania","2012","Arrivals","Guilherme","https://www.transfermarkt.com/guilherme/profil/spieler/217863","Left-Back","22","Brazil","Concordia","SuperLiga","Romania",0,FALSE,NA,"Summer",39,37,0,3279
"Petrolul Ploiesti","SuperLiga","Romania","2012","Arrivals","Manassé Enza-Yamissi","https://www.transfermarkt.com/manasse-enza-yamissi/profil/spieler/89584","Centre-Back","22","Central African Republic","Amiens SC","Championnat National","France",0,FALSE,NA,"Summer",38,34,0,2982
"Petrolul Ploiesti","SuperLiga","Romania","2012","Arrivals","Stefano Avogadri","https://www.transfermarkt.com/stefano-avogadri/profil/spieler/21892","Right-Back","27","Italy","Piacenza",NA,"Italy",0,FALSE,NA,"Summer",1,1,0,90
"Petrolul Ploiesti","SuperLiga","Romania","2012","Arrivals","Vlad Morar","https://www.transfermarkt.com/vlad-morar/profil/spieler/186031","Centre-Forward","18","Romania","U Cluj","SuperLiga","Romania",0,FALSE,NA,"Summer",21,13,3,458
"Petrolul Ploiesti","SuperLiga","Romania","2012","Arrivals","Ionuț Neag","https://www.transfermarkt.com/ionut-neag/profil/spieler/186736","Centre-Back","18","Romania","U Cluj","SuperLiga","Romania",0,FALSE,NA,"Summer",26,5,0,450
"Petrolul Ploiesti","SuperLiga","Romania","2012","Arrivals","Razvan Catana","https://www.transfermarkt.com/razvan-catana/profil/spieler/723631","Right-Back","22","Romania","CS Blejoi",NA,"Romania",0,FALSE,NA,"Summer",NA,NA,NA,NA
"Petrolul Ploiesti","SuperLiga","Romania","2012","Arrivals","George Galamaz","https://www.transfermarkt.com/george-galamaz/profil/spieler/26035","Centre-Back","31","Romania","U Cluj","SuperLiga","Romania",NA,FALSE,"?","Summer",18,18,0,1610
"Petrolul Ploiesti","SuperLiga","Romania","2012","Arrivals","Ovidiu Hoban","https://www.transfermarkt.com/ovidiu-hoban/profil/spieler/81484","Defensive Midfield","29","Romania","U Cluj","SuperLiga","Romania",NA,FALSE,"?","Summer",37,29,3,1991
"Petrolul Ploiesti","SuperLiga","Romania","2012","Arrivals","Anthony Nwakaeme","https://www.transfermarkt.com/anthony-nwakaeme/profil/spieler/175988","Left Winger","23","Nigeria","U Cluj","SuperLiga","Romania",NA,FALSE,"?","Summer",7,4,0,64
"Petrolul Ploiesti","SuperLiga","Romania","2012","Arrivals","Gheorghe Grozav","https://www.transfermarkt.com/gheorghe-grozav/profil/spieler/96844","Left Winger","21","Romania","Standard Liège","Jupiler Pro League","Belgium",NA,FALSE,"?","Summer",36,36,9,2344
"Petrolul Ploiesti","SuperLiga","Romania","2012","Arrivals","Mircea Bornescu","https://www.transfermarkt.com/mircea-bornescu/profil/spieler/47569","Goalkeeper","32","Romania","U Cluj","SuperLiga","Romania",NA,FALSE,"?","Summer",38,37,0,3293
"Petrolul Ploiesti","SuperLiga","Romania","2012","Arrivals","Gaston Mendy","https://www.transfermarkt.com/gaston-mendy/profil/spieler/35659","Left-Back","26","Senegal","U Cluj","SuperLiga","Romania",NA,FALSE,"?","Summer",4,1,0,90
"Petrolul Ploiesti","SuperLiga","Romania","2012","Arrivals","Jeremy Bokila","https://www.transfermarkt.com/jeremy-bokila/profil/spieler/56490","Centre-Forward","23","DR Congo","Zulte Waregem","Jupiler Pro League","Belgium",NA,TRUE,"loan transfer","Summer",37,37,22,2553
"Petrolul Ploiesti","SuperLiga","Romania","2012","Departures","Lukasz Szukala","https://www.transfermarkt.com/lukasz-szukala/profil/spieler/19081","Centre-Back","28","Poland","FCSB","SuperLiga","Romania",3e+05,FALSE,NA,"Summer",2,2,1,180
"Petrolul Ploiesti","SuperLiga","Romania","2012","Departures","Patrick Osiako","https://www.transfermarkt.com/patrick-osiako/profil/spieler/53225","Central Midfield","25","Kenya","H. Beer Sheva","Ligat ha'Al","Israel",0,FALSE,NA,"Summer",NA,NA,NA,NA
"Petrolul Ploiesti","SuperLiga","Romania","2012","Departures","Florin Maxim","https://www.transfermarkt.com/florin-maxim/profil/spieler/48768","Left-Back","31","Romania","Concordia","SuperLiga","Romania",0,FALSE,NA,"Summer",NA,NA,NA,NA
"Petrolul Ploiesti","SuperLiga","Romania","2012","Departures","Nikola Komazec","https://www.transfermarkt.com/nikola-komazec/profil/spieler/49790","Centre-Forward","24","Serbia","NK Maribor","Prva Liga","Slovenia",0,FALSE,NA,"Summer",NA,NA,NA,NA
"Petrolul Ploiesti","SuperLiga","Romania","2012","Departures","Mihai Dina","https://www.transfermarkt.com/mihai-dina/profil/spieler/47575","Centre-Forward","26","Romania","ETO FC Győr ","NB I.","Hungary",0,FALSE,NA,"Summer",NA,NA,NA,NA
"Petrolul Ploiesti","SuperLiga","Romania","2012","Departures","Alexandru Buhusi","https://www.transfermarkt.com/alexandru-buhusi/profil/spieler/126032","Attacking Midfield","22","Romania","Fortuna PC",NA,"Romania",0,FALSE,NA,"Summer",NA,NA,NA,NA
"Petrolul Ploiesti","SuperLiga","Romania","2012","Departures","Alin Buleică","https://www.transfermarkt.com/alin-buleica/profil/spieler/147286","Right-Back","20","Romania","Turnu-Severin","SuperLiga","Romania",0,FALSE,NA,"Summer",NA,NA,NA,NA
"Petrolul Ploiesti","SuperLiga","Romania","2012","Departures","Mihai Tudor","https://www.transfermarkt.com/mihai-tudor/profil/spieler/203094","Right-Back","29","Romania","Stefanesti",NA,"Romania",0,FALSE,NA,"Summer",NA,NA,NA,NA
"Petrolul Ploiesti","SuperLiga","Romania","2012","Departures","Valentin Bărbulescu","https://www.transfermarkt.com/valentin-barbulescu/profil/spieler/203084","Defensive Midfield","26","Romania","ACS Berceni",NA,"Romania",0,FALSE,NA,"Summer",NA,NA,NA,NA
"Petrolul Ploiesti","SuperLiga","Romania","2012","Departures","Claudiu Batranu","https://www.transfermarkt.com/claudiu-batranu/profil/spieler/885519","Central Midfield","31","Romania","Unknown",NA,NA,0,FALSE,NA,"Summer",NA,NA,NA,NA
"Petrolul Ploiesti","SuperLiga","Romania","2012","Departures","Razvan Catana","https://www.transfermarkt.com/razvan-catana/profil/spieler/723631","Right-Back","22","Romania","Conpet Ploiesti",NA,"Romania",0,FALSE,NA,"Summer",NA,NA,NA,NA
"Petrolul Ploiesti","SuperLiga","Romania","2012","Departures","Bogdan Straut","https://www.transfermarkt.com/bogdan-straut/profil/spieler/126124","Right-Back","26","Romania","FC Brasov","SuperLiga","Romania",NA,FALSE,"?","Summer",NA,NA,NA,NA
"Petrolul Ploiesti","SuperLiga","Romania","2012","Departures","Valentin Negru","https://www.transfermarkt.com/valentin-negru/profil/spieler/35439","Central Midfield","29","Romania","Gaz Metan","SuperLiga","Romania",NA,FALSE,"?","Summer",NA,NA,NA,NA
"Petrolul Ploiesti","SuperLiga","Romania","2012","Departures","Adrian Borza","https://www.transfermarkt.com/adrian-borza/profil/spieler/203085","Left Midfield","27","Romania","Unknown",NA,NA,NA,FALSE,"?","Summer",NA,NA,NA,NA
"Petrolul Ploiesti","SuperLiga","Romania","2012","Departures","Mihai Roman","https://www.transfermarkt.com/mihai-roman/profil/spieler/135566","Centre-Forward","20","Romania","U Cluj","SuperLiga","Romania",NA,TRUE,"loan transfer","Summer",NA,NA,NA,NA
"Petrolul Ploiesti","SuperLiga","Romania","2012","Departures","Monsef Zerka","https://www.transfermarkt.com/monsef-zerka/profil/spieler/28354","Right Midfield","30","Morocco","Without Club",NA,NA,NA,FALSE,"-","Summer",NA,NA,NA,NA
"Petrolul Ploiesti","SuperLiga","Romania","2012","Departures","Vincent Bikana","https://www.transfermarkt.com/vincent-bikana/profil/spieler/148655","Centre-Back","20","Cameroon","Without Club",NA,NA,NA,FALSE,"-","Summer",NA,NA,NA,NA
"Petrolul Ploiesti","SuperLiga","Romania","2012","Departures","Pompiliu Stoica","https://www.transfermarkt.com/pompiliu-stoica/profil/spieler/25660","Left-Back","35","Romania",NA,NA,NA,NA,FALSE,"-","Summer",NA,NA,NA,NA
"Petrolul Ploiesti","SuperLiga","Romania","2012","Departures","Eduard Zimmermann","https://www.transfermarkt.com/eduard-zimmermann/profil/spieler/33747","Goalkeeper","29","Romania","Without Club",NA,NA,NA,FALSE,"-","Summer",NA,NA,NA,NA
"Petrolul Ploiesti","SuperLiga","Romania","2012","Departures","Aleksandar Stojmirovic","https://www.transfermarkt.com/aleksandar-stojmirovic/profil/spieler/35936","Left Winger","29","Serbia","Without Club",NA,NA,NA,FALSE,"-","Summer",NA,NA,NA,NA
"Petrolul Ploiesti","SuperLiga","Romania","2012","Departures","Florentin Dumitru","https://www.transfermarkt.com/florentin-dumitru/profil/spieler/26495","Right-Back","35","Romania",NA,NA,NA,NA,FALSE,"-","Summer",NA,NA,NA,NA
"Petrolul Ploiesti","SuperLiga","Romania","2012","Departures","Olivian Surugiu","https://www.transfermarkt.com/olivian-surugiu/profil/spieler/184434","Right Midfield","22","Romania","Without Club",NA,NA,NA,FALSE,"-","Summer",NA,NA,NA,NA
"Petrolul Ploiesti","SuperLiga","Romania","2012","Departures","Denys Sytnik","https://www.transfermarkt.com/denys-sytnik/profil/spieler/149548","Centre-Forward","25","Ukraine","Without Club",NA,NA,NA,FALSE,"-","Summer",NA,NA,NA,NA
"Petrolul Ploiesti","SuperLiga","Romania","2012","Departures","Matteo Gritti","https://www.transfermarkt.com/matteo-gritti/profil/spieler/22244","Goalkeeper","32","Italy","Unknown",NA,NA,NA,FALSE,"-","Summer",NA,NA,NA,NA
"Petrolul Ploiesti","SuperLiga","Romania","2012","Departures","Cristian Melinte","https://www.transfermarkt.com/cristian-melinte/profil/spieler/63461","Centre-Back","24","Romania","Palermo","Serie A","Italy",NA,TRUE,"End of loan Jun 30, 2012","Summer",NA,NA,NA,NA
"Petrolul Ploiesti","SuperLiga","Romania","2012","Departures","Selim Ben Djemia","https://www.transfermarkt.com/selim-ben-djemia/profil/spieler/119261","Centre-Back","23","Tunisia","Genoa","Serie A","Italy",NA,TRUE,"End of loan Jun 30, 2012","Summer",NA,NA,NA,NA
"Petrolul Ploiesti","SuperLiga","Romania","2012","Departures","Álvaro Silva","https://www.transfermarkt.com/alvaro-silva/profil/spieler/29072","Centre-Back","28","Philippines","Xerez CD","LaLiga2","Spain",NA,TRUE,"End of loan Jun 30, 2012","Summer",NA,NA,NA,NA
"Petrolul Ploiesti","SuperLiga","Romania","2012","Departures","Razvan Neagu","https://www.transfermarkt.com/razvan-neagu/profil/spieler/46607","Centre-Forward","25","Romania","FC Vaslui","SuperLiga","Romania",NA,TRUE,"End of loan Jun 30, 2012","Summer",NA,NA,NA,NA
"Petrolul Ploiesti","SuperLiga","Romania","2012","Departures","Andrei Voican","https://www.transfermarkt.com/andrei-voican/profil/spieler/130344","Centre-Forward","21","Romania","U Cluj","SuperLiga","Romania",NA,TRUE,"End of loan Jun 30, 2012","Summer",NA,NA,NA,NA
"Petrolul Ploiesti","SuperLiga","Romania","2012","Arrivals","Césinha","https://www.transfermarkt.com/cesinha/profil/spieler/22945","Second Striker","32","Brazil","Moreirense ","Liga Portugal","Portugal",0,FALSE,NA,"Winter",5,3,0,38
"Petrolul Ploiesti","SuperLiga","Romania","2012","Arrivals","Romário Pires","https://www.transfermarkt.com/romario-pires/profil/spieler/148601","Central Midfield","23","Brazil","Gloria Bistrita","SuperLiga","Romania",0,FALSE,NA,"Winter",9,5,0,153
"Petrolul Ploiesti","SuperLiga","Romania","2012","Arrivals","Gualberto Mojica","https://www.transfermarkt.com/gualberto-mojica/profil/spieler/43343","Attacking Midfield","28","Bolivia","Oriente P.",NA,"Bolivia",0,FALSE,NA,"Winter",18,15,2,820
"Petrolul Ploiesti","SuperLiga","Romania","2012","Arrivals","Renan Silva","https://www.transfermarkt.com/renan-silva/profil/spieler/151665","Attacking Midfield","23","Brazil","FC Rapid 1923","SuperLiga","Romania",0,FALSE,NA,"Winter",17,13,0,501
"Petrolul Ploiesti","SuperLiga","Romania","2012","Arrivals","Stefano Avogadri","https://www.transfermarkt.com/stefano-avogadri/profil/spieler/21892","Right-Back","27","Italy","Piacenza",NA,"Italy",0,FALSE,NA,"Winter",1,1,0,90
"Petrolul Ploiesti","SuperLiga","Romania","2012","Arrivals","Elhad Naziri","https://www.transfermarkt.com/elhad-naziri/profil/spieler/251254","Centre-Back","20","Azerbaijan","Milsami","Divizia Nationala (-2017)","Moldova",NA,FALSE,"?","Winter",7,1,0,18
"Petrolul Ploiesti","SuperLiga","Romania","2012","Arrivals","Florent Sauvadet","https://www.transfermarkt.com/florent-sauvadet/profil/spieler/154300","Second Striker","23","France","Without Club",NA,NA,NA,FALSE,"-","Winter",9,9,3,492
"Petrolul Ploiesti","SuperLiga","Romania","2012","Arrivals","Mihai Roman","https://www.transfermarkt.com/mihai-roman/profil/spieler/135566","Centre-Forward","20","Romania","U Cluj","SuperLiga","Romania",NA,TRUE,"End of loan Dec 31, 2012","Winter",NA,NA,NA,NA
"Petrolul Ploiesti","SuperLiga","Romania","2012","Departures","Adrian Cristea","https://www.transfermarkt.com/adrian-cristea/profil/spieler/33440","Left Winger","29","Romania","Standard Liège","Jupiler Pro League","Belgium",150000,TRUE,NA,"Winter",20,18,3,1212
"Petrolul Ploiesti","SuperLiga","Romania","2012","Departures","George Galamaz","https://www.transfermarkt.com/george-galamaz/profil/spieler/26035","Centre-Back","31","Romania","Anorthosis","Cyprus League","Cyprus",0,FALSE,NA,"Winter",18,18,0,1610
"Petrolul Ploiesti","SuperLiga","Romania","2012","Departures","Daniel Oprița","https://www.transfermarkt.com/daniel-oprita/profil/spieler/26502","Left Winger","31","Romania","Mordovia","Premier Liga","Russia",0,FALSE,NA,"Winter",17,13,0,640
"Petrolul Ploiesti","SuperLiga","Romania","2012","Departures","Sebastian Cojocnean","https://www.transfermarkt.com/sebastian-cojocnean/profil/spieler/104063","Right Winger","24","Romania","Gaz Metan","SuperLiga","Romania",0,FALSE,NA,"Winter",5,3,0,104
"Petrolul Ploiesti","SuperLiga","Romania","2012","Departures","Anthony Nwakaeme","https://www.transfermarkt.com/anthony-nwakaeme/profil/spieler/175988","Left Winger","23","Nigeria","U Cluj","SuperLiga","Romania",0,FALSE,NA,"Winter",7,4,0,64
"Petrolul Ploiesti","SuperLiga","Romania","2012","Departures","Stefano Avogadri","https://www.transfermarkt.com/stefano-avogadri/profil/spieler/21892","Right-Back","27","Italy","Cremonese","Serie C - A","Italy",0,FALSE,NA,"Winter",1,1,0,90
"Petrolul Ploiesti","SuperLiga","Romania","2012","Departures","Mihai Roman","https://www.transfermarkt.com/mihai-roman/profil/spieler/135566","Centre-Forward","20","Romania","Turnu-Severin","SuperLiga","Romania",NA,TRUE,"loan transfer","Winter",NA,NA,NA,NA
"Petrolul Ploiesti","SuperLiga","Romania","2012","Departures","Gaston Mendy","https://www.transfermarkt.com/gaston-mendy/profil/spieler/35659","Left-Back","27","Senegal","Without Club",NA,NA,NA,FALSE,"-","Winter",4,1,0,90
"Petrolul Ploiesti","SuperLiga","Romania","2012","Departures","Césinha","https://www.transfermarkt.com/cesinha/profil/spieler/22945","Second Striker","32","Brazil","Without Club",NA,NA,NA,FALSE,"-","Winter",5,3,0,38
"FC Dinamo 1948","SuperLiga","Romania","2012","Arrivals","Boris Galchev","https://www.transfermarkt.com/boris-galchev/profil/spieler/134194","Defensive Midfield","28","Bulgaria","CSKA Sofia","efbet Liga","Bulgaria",150000,FALSE,NA,"Summer",14,7,0,538
"FC Dinamo 1948","SuperLiga","Romania","2012","Arrivals","Steliano Filip","https://www.transfermarkt.com/steliano-filip/profil/spieler/181501","Left-Back","18","Romania","Avicola Buzias",NA,"Romania",1e+05,FALSE,NA,"Summer",21,11,0,356
"FC Dinamo 1948","SuperLiga","Romania","2012","Arrivals","Mircea Axente","https://www.transfermarkt.com/mircea-axente/profil/spieler/69558","Centre-Forward","25","Romania","Poli. Timisoara",NA,"Romania",0,FALSE,NA,"Summer",32,16,4,528
"FC Dinamo 1948","SuperLiga","Romania","2012","Arrivals","Andrei Cristea","https://www.transfermarkt.com/andrei-cristea/profil/spieler/26491","Centre-Forward","28","Romania","Karlsruher SC","3. Liga","Germany",0,FALSE,NA,"Summer",29,19,1,484
"FC Dinamo 1948","SuperLiga","Romania","2012","Arrivals","Cristian Scutaru","https://www.transfermarkt.com/cristian-scutaru/profil/spieler/47181","Centre-Back","25","Romania","Poli. Timisoara",NA,"Romania",0,FALSE,NA,"Summer",24,7,0,490
"FC Dinamo 1948","SuperLiga","Romania","2012","Arrivals","Édgar Álvarez","https://www.transfermarkt.com/edgar-alvarez/profil/spieler/28006","Right Midfield","32","Honduras","Palermo","Serie A","Italy",0,FALSE,NA,"Summer",7,6,0,335
"FC Dinamo 1948","SuperLiga","Romania","2012","Arrivals","Boubacar Mansaly","https://www.transfermarkt.com/boubacar-mansaly/profil/spieler/68901","Defensive Midfield","24","Senegal","JA Drancy",NA,"France",0,FALSE,NA,"Summer",32,32,0,2712
"FC Dinamo 1948","SuperLiga","Romania","2012","Arrivals","Issa Ba","https://www.transfermarkt.com/issa-ba/profil/spieler/21160","Central Midfield","30","Senegal","Gaz Metan","SuperLiga","Romania",NA,FALSE,"?","Summer",12,11,1,651
"FC Dinamo 1948","SuperLiga","Romania","2012","Arrivals","Paul Koulibaly","https://www.transfermarkt.com/paul-koulibaly/profil/spieler/211398","Centre-Back","26","Burkina Faso","Olym. Charleroi",NA,"Belgium",NA,FALSE,"?","Summer",14,11,0,735
"FC Dinamo 1948","SuperLiga","Romania","2012","Arrivals","Alin Roman","https://www.transfermarkt.com/alin-roman/profil/spieler/186741","Attacking Midfield","18","Romania","Avicola Buzias",NA,"Romania",NA,TRUE,"loan transfer","Summer",2,1,0,18
"FC Dinamo 1948","SuperLiga","Romania","2012","Arrivals","Nicolae Musat","https://www.transfermarkt.com/nicolae-musat/profil/spieler/53196","Left-Back","25","Romania","Dinamo II","Liga 2","Romania",NA,FALSE,"-","Summer",20,16,1,1416
"FC Dinamo 1948","SuperLiga","Romania","2012","Arrivals","Andrei Manyur","https://www.transfermarkt.com/andrei-manyur/profil/spieler/228844","Goalkeeper","18","Romania","Dinamo II","Liga 2","Romania",NA,FALSE,"-","Summer",1,0,0,0
"FC Dinamo 1948","SuperLiga","Romania","2012","Arrivals","Elis Bakaj","https://www.transfermarkt.com/elis-bakaj/profil/spieler/58514","Attacking Midfield","25","Albania","Chornomorets","Premier Liga","Ukraine",NA,TRUE,"End of loan Jun 30, 2012","Summer",NA,NA,NA,NA
"FC Dinamo 1948","SuperLiga","Romania","2012","Arrivals","Georgian Păun","https://www.transfermarkt.com/georgian-paun/profil/spieler/74552","Left Winger","26","Romania","CSKA Sofia","efbet Liga","Bulgaria",NA,TRUE,"End of loan Jun 30, 2012","Summer",NA,NA,NA,NA
"FC Dinamo 1948","SuperLiga","Romania","2012","Arrivals","Sorin Ispir","https://www.transfermarkt.com/sorin-ispir/profil/spieler/156824","Central Midfield","23","Romania","CS Mioveni","SuperLiga","Romania",NA,TRUE,"End of loan Jun 30, 2012","Summer",NA,NA,NA,NA
"FC Dinamo 1948","SuperLiga","Romania","2012","Arrivals","George Curca","https://www.transfermarkt.com/george-curca/profil/spieler/46529","Goalkeeper","31","Romania","Farul Constanta","Liga 2","Romania",NA,TRUE,"End of loan Jun 30, 2012","Summer",NA,NA,NA,NA
"FC Dinamo 1948","SuperLiga","Romania","2012","Arrivals","Daniel Vadrariu","https://www.transfermarkt.com/daniel-vadrariu/profil/spieler/132218","Left Midfield","22","Romania","Astra Giurgiu","SuperLiga","Romania",NA,TRUE,"End of loan Jun 30, 2012","Summer",NA,NA,NA,NA
"FC Dinamo 1948","SuperLiga","Romania","2012","Arrivals","Adrian Popa","https://www.transfermarkt.com/adrian-popa/profil/spieler/214091","Centre-Back","22","Romania","Concordia","SuperLiga","Romania",NA,TRUE,"End of loan Jun 30, 2012","Summer",NA,NA,NA,NA
"FC Dinamo 1948","SuperLiga","Romania","2012","Arrivals","Sergiu Homei","https://www.transfermarkt.com/sergiu-homei/profil/spieler/48140","Right-Back","24","Romania","ASA Tg. Mures","SuperLiga","Romania",NA,TRUE,"End of loan Jun 30, 2012","Summer",4,1,0,120
"FC Dinamo 1948","SuperLiga","Romania","2012","Departures","Adrian Scarlatache","https://www.transfermarkt.com/adrian-scarlatache/profil/spieler/46644","Centre-Back","25","Romania","Khazar Lankaran","Premyer Liqa","Azerbaijan",5e+05,FALSE,NA,"Summer",NA,NA,NA,NA
"FC Dinamo 1948","SuperLiga","Romania","2012","Departures","Cosmin Moți","https://www.transfermarkt.com/cosmin-moti/profil/spieler/26675","Centre-Back","27","Romania","Ludogorets","efbet Liga","Bulgaria",4e+05,FALSE,NA,"Summer",NA,NA,NA,NA
"FC Dinamo 1948","SuperLiga","Romania","2012","Departures","Marius Niculae","https://www.transfermarkt.com/marius-niculae/profil/spieler/13831","Centre-Forward","31","Romania","FC Vaslui","SuperLiga","Romania",250000,FALSE,NA,"Summer",1,1,0,45
"FC Dinamo 1948","SuperLiga","Romania","2012","Departures","Djakaridja Koné","https://www.transfermarkt.com/djakaridja-kone/profil/spieler/123305","Defensive Midfield","26","Burkina Faso","Thonon Évian","Ligue 1","France",0,FALSE,NA,"Summer",NA,NA,NA,NA
"FC Dinamo 1948","SuperLiga","Romania","2012","Departures","Georgian Păun","https://www.transfermarkt.com/georgian-paun/profil/spieler/74552","Left Winger","26","Romania","FC Brasov","SuperLiga","Romania",0,FALSE,NA,"Summer",NA,NA,NA,NA
"FC Dinamo 1948","SuperLiga","Romania","2012","Departures","Dan Bucsa","https://www.transfermarkt.com/dan-bucsa/profil/spieler/213583","Defensive Midfield","24","Romania","B. Gladbach 09","Regionalliga West","Germany",0,FALSE,NA,"Summer",NA,NA,NA,NA
"FC Dinamo 1948","SuperLiga","Romania","2012","Departures","Sorin Ispir","https://www.transfermarkt.com/sorin-ispir/profil/spieler/156824","Central Midfield","23","Romania","Concordia","SuperLiga","Romania",0,FALSE,NA,"Summer",NA,NA,NA,NA
"FC Dinamo 1948","SuperLiga","Romania","2012","Departures","George Curca","https://www.transfermarkt.com/george-curca/profil/spieler/46529","Goalkeeper","31","Romania","Farul Constanta","Liga 2","Romania",0,FALSE,NA,"Summer",NA,NA,NA,NA
"FC Dinamo 1948","SuperLiga","Romania","2012","Departures","Elis Bakaj","https://www.transfermarkt.com/elis-bakaj/profil/spieler/58514","Attacking Midfield","25","Albania","Chornomorets","Premier Liga","Ukraine",NA,FALSE,"?","Summer",NA,NA,NA,NA
"FC Dinamo 1948","SuperLiga","Romania","2012","Departures","Michel Platini","https://www.transfermarkt.com/michel-platini/profil/spieler/80568","Centre-Forward","28","Brazil","CSKA Sofia","efbet Liga","Bulgaria",NA,FALSE,"?","Summer",NA,NA,NA,NA
"FC Dinamo 1948","SuperLiga","Romania","2012","Departures","Iulian Tameș","https://www.transfermarkt.com/iulian-tames/profil/spieler/26052","Central Midfield","33","Romania","FC Brasov","SuperLiga","Romania",NA,FALSE,"?","Summer",NA,NA,NA,NA
"FC Dinamo 1948","SuperLiga","Romania","2012","Departures","Dorel Stoica","https://www.transfermarkt.com/dorel-stoica/profil/spieler/47584","Defensive Midfield","33","Romania","Al-Shorta SC",NA,"Syria",NA,FALSE,"?","Summer",NA,NA,NA,NA
"FC Dinamo 1948","SuperLiga","Romania","2012","Departures","Daniel Vadrariu","https://www.transfermarkt.com/daniel-vadrariu/profil/spieler/132218","Left Midfield","22","Romania","Astra Giurgiu","SuperLiga","Romania",NA,FALSE,"?","Summer",NA,NA,NA,NA
"FC Dinamo 1948","SuperLiga","Romania","2012","Departures","Adrian Popa","https://www.transfermarkt.com/adrian-popa/profil/spieler/214091","Centre-Back","22","Romania","U Cluj","SuperLiga","Romania",NA,TRUE,"loan transfer","Summer",NA,NA,NA,NA
"FC Dinamo 1948","SuperLiga","Romania","2012","Arrivals","Alexandru Dandea","https://www.transfermarkt.com/alexandru-dandea/profil/spieler/213287","Centre-Back","24","Romania","Turnu-Severin","SuperLiga","Romania",0,FALSE,NA,"Winter",15,14,0,858
"FC Dinamo 1948","SuperLiga","Romania","2012","Arrivals","Alexandru Tudose","https://www.transfermarkt.com/alexandru-tudose/profil/spieler/34941","Centre-Back","25","Romania","Gloria Bistrita","SuperLiga","Romania",0,FALSE,NA,"Winter",10,5,0,348
"FC Dinamo 1948","SuperLiga","Romania","2012","Arrivals","Mihai Popescu","https://www.transfermarkt.com/mihai-popescu/profil/spieler/361537","Centre-Back","19","Romania","Dinamo II","Liga 2","Romania",NA,FALSE,"-","Winter",NA,NA,NA,NA
"FC Dinamo 1948","SuperLiga","Romania","2012","Arrivals","Dorin Rotariu","https://www.transfermarkt.com/dorin-rotariu/profil/spieler/250573","Right Winger","17","Romania","Dinamo II","Liga 2","Romania",NA,FALSE,"-","Winter",10,7,0,130
"FC Dinamo 1948","SuperLiga","Romania","2012","Departures","George Țucudean","https://www.transfermarkt.com/george-tucudean/profil/spieler/130345","Centre-Forward","21","Romania","Standard Liège","Jupiler Pro League","Belgium",1e+06,FALSE,NA,"Winter",24,24,8,1342
"FC Dinamo 1948","SuperLiga","Romania","2012","Departures","Cristian Pulhac","https://www.transfermarkt.com/cristian-pulhac/profil/spieler/34781","Left-Back","28","Romania","FK Gabala","Premyer Liqa","Azerbaijan",0,FALSE,NA,"Winter",22,21,0,1859
"FC Dinamo 1948","SuperLiga","Romania","2012","Departures","Boris Galchev","https://www.transfermarkt.com/boris-galchev/profil/spieler/134194","Defensive Midfield","29","Bulgaria","Botev Plovdiv","efbet Liga","Bulgaria",0,FALSE,NA,"Winter",14,7,0,538
"FC Dinamo 1948","SuperLiga","Romania","2012","Departures","Mihai Popescu","https://www.transfermarkt.com/mihai-popescu/profil/spieler/361537","Centre-Back","19","Romania","D. Calarasi",NA,"Romania",NA,TRUE,"loan transfer","Winter",NA,NA,NA,NA
"FC Dinamo 1948","SuperLiga","Romania","2012","Departures","Paul Koulibaly","https://www.transfermarkt.com/paul-koulibaly/profil/spieler/211398","Centre-Back","26","Burkina Faso","Without Club",NA,NA,NA,FALSE,"-","Winter",14,11,0,735
"FC Dinamo 1948","SuperLiga","Romania","2012","Departures","Édgar Álvarez","https://www.transfermarkt.com/edgar-alvarez/profil/spieler/28006","Right Midfield","32","Honduras","Without Club",NA,NA,NA,FALSE,"-","Winter",7,6,0,335
"Astra Giurgiu (- 2024)",NA,NA,"2012","Arrivals","Sadat Bukari","https://www.transfermarkt.com/sadat-bukari/profil/spieler/63470","Centre-Forward","23","Ghana","US Monastir","Ligue I Pro","Tunisia",350000,FALSE,NA,"Summer",24,18,5,568
"Astra Giurgiu (- 2024)",NA,NA,"2012","Arrivals","Gabriel Enache","https://www.transfermarkt.com/gabriel-enache/profil/spieler/197652","Right-Back","21","Romania","CS Mioveni","Liga II - Seria II","Romania",1e+05,FALSE,NA,"Summer",32,29,2,2051
"Astra Giurgiu (- 2024)",NA,NA,"2012","Arrivals","Andrei Muresan","https://www.transfermarkt.com/andrei-muresan/profil/spieler/57228","Centre-Back","26","Romania","Khazar Lankaran","Premyer Liqa","Azerbaijan",0,FALSE,NA,"Summer",36,31,2,2677
"Astra Giurgiu (- 2024)",NA,NA,"2012","Arrivals","Olivier Boumal","https://www.transfermarkt.com/olivier-boumal/profil/spieler/93670","Right Winger","23","Cameroon","Panetolikos","Football League","Greece",0,FALSE,NA,"Summer",2,0,0,0
"Astra Giurgiu (- 2024)",NA,NA,"2012","Arrivals","Omri Kende","https://www.transfermarkt.com/omri-kende/profil/spieler/96381","Right-Back","26","Israel","Hapoel Tel Aviv","Ligat ha'Al","Israel",0,FALSE,NA,"Summer",5,2,0,95
"Astra Giurgiu (- 2024)",NA,NA,"2012","Arrivals","Syam Ben Youssef","https://www.transfermarkt.com/syam-ben-youssef/profil/spieler/133078","Centre-Back","23","Tunisia","Leyton Orient","League One","England",0,FALSE,NA,"Summer",36,27,2,1927
"Astra Giurgiu (- 2024)",NA,NA,"2012","Arrivals","Fwayo Tembo","https://www.transfermarkt.com/fwayo-tembo/profil/spieler/66313","Right Winger","23","Zambia","FC Basel","Super League","Switzerland",0,FALSE,NA,"Summer",35,31,7,2100
"Astra Giurgiu (- 2024)",NA,NA,"2012","Arrivals","Mirko Ivanovski","https://www.transfermarkt.com/mirko-ivanovski/profil/spieler/66241","Centre-Forward","22","North Macedonia","Arka Gdynia","Betclic 1 Liga","Poland",0,FALSE,NA,"Summer",36,32,6,1481
"Astra Giurgiu (- 2024)",NA,NA,"2012","Arrivals","Sergiu Ungurean","https://www.transfermarkt.com/sergiu-ungurean/profil/spieler/278951","Second Striker","23","Romania","CS Zlatna",NA,"Romania",0,FALSE,NA,"Summer",NA,NA,NA,NA
"Astra Giurgiu (- 2024)",NA,NA,"2012","Arrivals","Seidu Yahaya","https://www.transfermarkt.com/seidu-yahaya/profil/spieler/68288","Defensive Midfield","22","Ghana","Maccabi Haifa","Ligat ha'Al","Israel",NA,FALSE,"?","Summer",34,29,2,2264
"Astra Giurgiu (- 2024)",NA,NA,"2012","Arrivals","Daniel Vadrariu","https://www.transfermarkt.com/daniel-vadrariu/profil/spieler/132218","Left Midfield","22","Romania","FC Dinamo","SuperLiga","Romania",NA,FALSE,"?","Summer",12,5,0,149
"Astra Giurgiu (- 2024)",NA,NA,"2012","Arrivals","Dinu Moldovan","https://www.transfermarkt.com/dinu-moldovan/profil/spieler/129501","Goalkeeper","22","Romania","RCD Espanyol B","2ª B - Grupo III","Spain",NA,FALSE,"?","Summer",8,0,0,0
"Astra Giurgiu (- 2024)",NA,NA,"2012","Arrivals","Cristian Melinte","https://www.transfermarkt.com/cristian-melinte/profil/spieler/63461","Centre-Back","24","Romania","Palermo","Serie A","Italy",NA,TRUE,"loan transfer","Summer",15,6,0,385
"Astra Giurgiu (- 2024)",NA,NA,"2012","Arrivals","Selim Ben Djemia","https://www.transfermarkt.com/selim-ben-djemia/profil/spieler/119261","Centre-Back","23","Tunisia","Genoa","Serie A","Italy",NA,TRUE,"loan transfer","Summer",16,6,0,307
"Astra Giurgiu (- 2024)",NA,NA,"2012","Arrivals","David Distéfano","https://www.transfermarkt.com/david-distefano/profil/spieler/134862","Left Winger","24","Argentina","San Felipe","Torneo Clausura","Chile",NA,TRUE,"loan transfer","Summer",35,32,4,2330
"Astra Giurgiu (- 2024)",NA,NA,"2012","Arrivals","Marian Kello","https://www.transfermarkt.com/marian-kello/profil/spieler/77639","Goalkeeper","30","Slovakia","Without Club",NA,NA,NA,FALSE,"-","Summer",2,2,0,92
"Astra Giurgiu (- 2024)",NA,NA,"2012","Arrivals","George Gavrilaș","https://www.transfermarkt.com/george-gavrilas/profil/spieler/203089","Goalkeeper","21","Romania","Astra II",NA,"Romania",NA,FALSE,"-","Summer",32,6,0,495
"Astra Giurgiu (- 2024)",NA,NA,"2012","Arrivals","Mihai Neagoe","https://www.transfermarkt.com/mihai-neagoe/profil/spieler/48787","Goalkeeper","25","Romania","Without Club",NA,NA,NA,FALSE,"-","Summer",1,0,0,0
"Astra Giurgiu (- 2024)",NA,NA,"2012","Arrivals","Cezar Lungu","https://www.transfermarkt.com/cezar-lungu/profil/spieler/102288","Goalkeeper","24","Romania","Sportul S.","SuperLiga","Romania",NA,TRUE,"End of loan Jun 30, 2012","Summer",NA,NA,NA,NA
"Astra Giurgiu (- 2024)",NA,NA,"2012","Departures","Juliano Spadacio","https://www.transfermarkt.com/juliano-spadacio/profil/spieler/16106","Attacking Midfield","31","Brazil","Anorthosis","Cyprus League","Cyprus",0,FALSE,NA,"Summer",NA,NA,NA,NA
"Astra Giurgiu (- 2024)",NA,NA,"2012","Departures","Liviu Bajenaru","https://www.transfermarkt.com/liviu-bajenaru/profil/spieler/97512","Attacking Midfield","29","Romania","Otelul Galati","SuperLiga","Romania",0,FALSE,NA,"Summer",NA,NA,NA,NA
"Astra Giurgiu (- 2024)",NA,NA,"2012","Departures","Bruno Miguel","https://www.transfermarkt.com/bruno-miguel/profil/spieler/34951","Centre-Back","29","Portugal","Estoril","Liga Portugal","Portugal",0,FALSE,NA,"Summer",NA,NA,NA,NA
"Astra Giurgiu (- 2024)",NA,NA,"2012","Departures","Diego Gaúcho","https://www.transfermarkt.com/diego-gaucho/profil/spieler/41932","Centre-Back","30","Brazil","Moreirense ","Liga Portugal","Portugal",0,FALSE,NA,"Summer",NA,NA,NA,NA
"Astra Giurgiu (- 2024)",NA,NA,"2012","Departures","Rui Miguel","https://www.transfermarkt.com/rui-miguel/profil/spieler/24709","Attacking Midfield","28","Portugal","AEL Limassol","Cyprus League","Cyprus",0,FALSE,NA,"Summer",NA,NA,NA,NA
"Astra Giurgiu (- 2024)",NA,NA,"2012","Departures","Marius Tigoianu","https://www.transfermarkt.com/marius-tigoianu/profil/spieler/124427","Left Winger","22","Romania","Sageata Navodar","Liga 2","Romania",0,FALSE,NA,"Summer",NA,NA,NA,NA
"Astra Giurgiu (- 2024)",NA,NA,"2012","Departures","Alexandru Stan","https://www.transfermarkt.com/alexandru-stan/profil/spieler/97517","Left Midfield","23","Romania","ACS Berceni",NA,"Romania",0,FALSE,NA,"Summer",NA,NA,NA,NA
"Astra Giurgiu (- 2024)",NA,NA,"2012","Departures","Ricardo Nascimento","https://www.transfermarkt.com/ricardo-nascimento/profil/spieler/126203","Centre-Back","25","Brazil","Portimonense","Liga Portugal 2","Portugal",0,FALSE,NA,"Summer",NA,NA,NA,NA
"Astra Giurgiu (- 2024)",NA,NA,"2012","Departures","Alexandru Ologu","https://www.transfermarkt.com/alexandru-ologu/profil/spieler/105682","Central Midfield","22","Romania","Turnu-Severin","SuperLiga","Romania",0,FALSE,NA,"Summer",NA,NA,NA,NA
"Astra Giurgiu (- 2024)",NA,NA,"2012","Departures","Cătălin Grigore","https://www.transfermarkt.com/catalin-grigore/profil/spieler/33743","Goalkeeper","34","Romania","Stefanesti",NA,"Romania",0,FALSE,NA,"Summer",NA,NA,NA,NA
"Astra Giurgiu (- 2024)",NA,NA,"2012","Departures","Bogdan Pătrașcu","https://www.transfermarkt.com/bogdan-patrascu/profil/spieler/21799","Defensive Midfield","33","Romania","U Cluj","SuperLiga","Romania",NA,FALSE,"?","Summer",NA,NA,NA,NA
"Astra Giurgiu (- 2024)",NA,NA,"2012","Departures","Florin Patrascu","https://www.transfermarkt.com/florin-patrascu/profil/spieler/56527","Defensive Midfield","26","Romania","Turnu-Severin","SuperLiga","Romania",NA,FALSE,"?","Summer",NA,NA,NA,NA
"Astra Giurgiu (- 2024)",NA,NA,"2012","Departures","Dimitrie Gafita","https://www.transfermarkt.com/dimitrie-gafita/profil/spieler/97553","Centre-Forward","28","Romania","U Cluj","SuperLiga","Romania",NA,FALSE,"?","Summer",NA,NA,NA,NA
"Astra Giurgiu (- 2024)",NA,NA,"2012","Departures","Alexandru Țigănașu","https://www.transfermarkt.com/alexandru-tiganasu/profil/spieler/177661","Left-Back","22","Romania","ACSM Poli Iasi","SuperLiga","Romania",NA,TRUE,"loan transfer","Summer",NA,NA,NA,NA
"Astra Giurgiu (- 2024)",NA,NA,"2012","Departures","Cezar Lungu","https://www.transfermarkt.com/cezar-lungu/profil/spieler/102288","Goalkeeper","24","Romania","ACSM Poli Iasi","SuperLiga","Romania",NA,TRUE,"loan transfer","Summer",NA,NA,NA,NA
"Astra Giurgiu (- 2024)",NA,NA,"2012","Departures","Bogdan Rusu","https://www.transfermarkt.com/bogdan-rusu/profil/spieler/180015","Centre-Forward","22","Romania","Dacia U. Braila","Liga 2","Romania",NA,TRUE,"loan transfer","Summer",NA,NA,NA,NA
"Astra Giurgiu (- 2024)",NA,NA,"2012","Departures","Radek Oprsal","https://www.transfermarkt.com/radek-oprsal/profil/spieler/48680","Left-Back","34","Czech Republic",NA,NA,NA,NA,FALSE,"-","Summer",NA,NA,NA,NA
"Astra Giurgiu (- 2024)",NA,NA,"2012","Departures","Ben Teekloh","https://www.transfermarkt.com/ben-teekloh/profil/spieler/48197","Defensive Midfield","28","Liberia",NA,NA,NA,NA,FALSE,"-","Summer",NA,NA,NA,NA
"Astra Giurgiu (- 2024)",NA,NA,"2012","Departures","Daniel Vadrariu","https://www.transfermarkt.com/daniel-vadrariu/profil/spieler/132218","Left Midfield","22","Romania","FC Dinamo","SuperLiga","Romania",NA,TRUE,"End of loan Jun 30, 2012","Summer",12,5,0,149
"Astra Giurgiu (- 2024)",NA,NA,"2012","Arrivals","George Florescu","https://www.transfermarkt.com/george-florescu/profil/spieler/45341","Defensive Midfield","28","Romania","Arsenal Kyiv","Premier Liga","Ukraine",0,FALSE,NA,"Winter",10,8,0,415
"Astra Giurgiu (- 2024)",NA,NA,"2012","Arrivals","Bruno","https://www.transfermarkt.com/bruno/profil/spieler/67589","Attacking Midfield","26","Brazil","Hapoel Tel Aviv","Ligat ha'Al","Israel",0,FALSE,NA,"Winter",1,0,0,0
"Astra Giurgiu (- 2024)",NA,NA,"2012","Arrivals","Olivier Boumal","https://www.transfermarkt.com/olivier-boumal/profil/spieler/93670","Right Winger","23","Cameroon","Panetolikos","Football League","Greece",0,FALSE,NA,"Winter",2,0,0,0
"Astra Giurgiu (- 2024)",NA,NA,"2012","Arrivals","Omri Kende","https://www.transfermarkt.com/omri-kende/profil/spieler/96381","Right-Back","26","Israel","Hapoel Tel Aviv","Ligat ha'Al","Israel",0,FALSE,NA,"Winter",5,2,0,95
"Astra Giurgiu (- 2024)",NA,NA,"2012","Arrivals","Alexandru Giurgiu","https://www.transfermarkt.com/alexandru-giurgiu/profil/spieler/212702","Left-Back","20","Romania","Turnu-Severin","SuperLiga","Romania",0,FALSE,NA,"Winter",3,1,0,2
"Astra Giurgiu (- 2024)",NA,NA,"2012","Arrivals","Marian Kello","https://www.transfermarkt.com/marian-kello/profil/spieler/77639","Goalkeeper","30","Slovakia","Without Club",NA,NA,NA,FALSE,"-","Winter",2,2,0,92
"Astra Giurgiu (- 2024)",NA,NA,"2012","Departures","Ovidiu Mihalache","https://www.transfermarkt.com/ovidiu-mihalache/profil/spieler/97556","Centre-Back","28","Romania","Bihor Oradea","Liga II - Seria II","Romania",0,FALSE,NA,"Winter",1,0,0,0
"Astra Giurgiu (- 2024)",NA,NA,"2012","Departures","Olivier Boumal","https://www.transfermarkt.com/olivier-boumal/profil/spieler/93670","Right Winger","23","Cameroon","APO Levadiakos","Super League 1","Greece",0,FALSE,NA,"Winter",2,0,0,0
"Astra Giurgiu (- 2024)",NA,NA,"2012","Departures","Dinu Moldovan","https://www.transfermarkt.com/dinu-moldovan/profil/spieler/129501","Goalkeeper","22","Romania","U Cluj","SuperLiga","Romania",0,FALSE,NA,"Winter",8,0,0,0
"Astra Giurgiu (- 2024)",NA,NA,"2012","Departures","Daniel Vadrariu","https://www.transfermarkt.com/daniel-vadrariu/profil/spieler/132218","Left Midfield","22","Romania","Bihor Oradea","Liga II - Seria II","Romania",NA,TRUE,"loan transfer","Winter",12,5,0,149
"Astra Giurgiu (- 2024)",NA,NA,"2012","Departures","Marian Kello","https://www.transfermarkt.com/marian-kello/profil/spieler/77639","Goalkeeper","30","Slovakia","Without Club",NA,NA,NA,FALSE,"-","Winter",2,2,0,92
"Astra Giurgiu (- 2024)",NA,NA,"2012","Departures","Omri Kende","https://www.transfermarkt.com/omri-kende/profil/spieler/96381","Right-Back","26","Israel","Without Club",NA,NA,NA,FALSE,"-","Winter",5,2,0,95
"Astra Giurgiu (- 2024)",NA,NA,"2012","Departures","Salif Nogo","https://www.transfermarkt.com/salif-nogo/profil/spieler/47450","Centre-Back","27","Burkina Faso","Astra II",NA,"Romania",NA,FALSE,"-","Winter",11,1,0,34
"FC Vaslui (- 2014)",NA,NA,"2012","Arrivals","Cauê Silva","https://www.transfermarkt.com/caue-silva/profil/spieler/76090","Defensive Midfield","23","Brazil","Olhanense","Liga Portugal","Portugal",7e+05,FALSE,NA,"Summer",35,34,1,2386
"FC Vaslui (- 2014)",NA,NA,"2012","Arrivals","Liviu Antal","https://www.transfermarkt.com/liviu-antal/profil/spieler/123256","Right Winger","23","Romania","Otelul Galati","SuperLiga","Romania",5e+05,FALSE,NA,"Summer",36,36,6,2499
"FC Vaslui (- 2014)",NA,NA,"2012","Arrivals","Jumisse","https://www.transfermarkt.com/jumisse/profil/spieler/156005","Defensive Midfield","28","Mozambique","Leixões","Liga Portugal 2","Portugal",4e+05,FALSE,NA,"Summer",23,18,2,1381
"FC Vaslui (- 2014)",NA,NA,"2012","Arrivals","Marius Niculae","https://www.transfermarkt.com/marius-niculae/profil/spieler/13831","Centre-Forward","31","Romania","FC Dinamo","SuperLiga","Romania",250000,FALSE,NA,"Summer",23,23,12,1955
"FC Vaslui (- 2014)",NA,NA,"2012","Arrivals","Adrian Sălăgeanu","https://www.transfermarkt.com/adrian-salageanu/profil/spieler/69518","Left-Back","29","Romania","Otelul Galati","SuperLiga","Romania",160000,FALSE,NA,"Summer",27,27,0,2334
"FC Vaslui (- 2014)",NA,NA,"2012","Arrivals","Dacian Varga","https://www.transfermarkt.com/dacian-varga/profil/spieler/64252","Left Midfield","27","Romania","Sportul S.","Liga 2","Romania",1e+05,TRUE,NA,"Summer",18,17,2,902
"FC Vaslui (- 2014)",NA,NA,"2012","Arrivals","Sabrin Sburlea","https://www.transfermarkt.com/sabrin-sburlea/profil/spieler/64235","Centre-Forward","23","Romania","FC Rapid 1923","SuperLiga","Romania",1e+05,FALSE,NA,"Summer",21,18,2,886
"FC Vaslui (- 2014)",NA,NA,"2012","Arrivals","Andrei Cordoș","https://www.transfermarkt.com/andrei-cordos/profil/spieler/54729","Centre-Back","24","Romania","ASA Tg. Mures","Liga II - Seria II","Romania",1e+05,FALSE,NA,"Summer",33,14,0,721
"FC Vaslui (- 2014)",NA,NA,"2012","Arrivals","Dănuț Coman","https://www.transfermarkt.com/danut-coman/profil/spieler/34501","Goalkeeper","33","Romania","FC Rapid 1923","SuperLiga","Romania",62000,FALSE,NA,"Summer",22,21,0,1890
"FC Vaslui (- 2014)",NA,NA,"2012","Arrivals","Valter Heil","https://www.transfermarkt.com/valter-heil/profil/spieler/235086","Centre-Back","22","Romania","Olimpia SM",NA,"Romania",10000,FALSE,NA,"Summer",3,1,0,66
"FC Vaslui (- 2014)",NA,NA,"2012","Arrivals","Piotr Celeban","https://www.transfermarkt.com/piotr-celeban/profil/spieler/29509","Centre-Back","27","Poland","Slask Wroclaw","Ekstraklasa","Poland",0,FALSE,NA,"Summer",38,31,7,2678
"FC Vaslui (- 2014)",NA,NA,"2012","Arrivals","Fernando Varela","https://www.transfermarkt.com/fernando-varela/profil/spieler/59084","Centre-Back","24","Cape Verde","Feirense","Liga Portugal 2","Portugal",0,FALSE,NA,"Summer",37,36,2,3240
"FC Vaslui (- 2014)",NA,NA,"2012","Arrivals","Davide","https://www.transfermarkt.com/davide/profil/spieler/13199","Right Winger","29","Portugal","FC Brasov","SuperLiga","Romania",0,FALSE,NA,"Summer",8,6,0,152
"FC Vaslui (- 2014)",NA,NA,"2012","Arrivals","Elias Charalambous","https://www.transfermarkt.com/elias-charalambous/profil/spieler/27244","Left-Back","31","Cyprus","Karlsruher SC","3. Liga","Germany",0,FALSE,NA,"Summer",37,21,1,1776
"FC Vaslui (- 2014)",NA,NA,"2012","Arrivals","Michael Tukura","https://www.transfermarkt.com/michael-tukura/profil/spieler/118518","Central Midfield","23","Nigeria","JFK Ventspils","Virsliga","Latvia",0,FALSE,NA,"Summer",10,6,0,284
"FC Vaslui (- 2014)",NA,NA,"2012","Arrivals","Bamba Drissa","https://www.transfermarkt.com/bamba-drissa/profil/spieler/127345","Defensive Midfield","27","Cote d'Ivoire","T. Beni Suef","Premier League","Egypt",0,FALSE,NA,"Summer",NA,NA,NA,NA
"FC Vaslui (- 2014)",NA,NA,"2012","Arrivals","Kenneth Asamoah","https://www.transfermarkt.com/kenneth-asamoah/profil/spieler/85643","Left Winger","23","Ghana","Young Africans",NA,"Tanzania",NA,FALSE,"?","Summer",NA,NA,NA,NA
"FC Vaslui (- 2014)",NA,NA,"2012","Arrivals","Kennedy Boateng","https://www.transfermarkt.com/kennedy-boateng/profil/spieler/262640","Centre-Forward","23","Ghana","Young Africans",NA,"Tanzania",NA,FALSE,"?","Summer",2,0,0,0
"FC Vaslui (- 2014)",NA,NA,"2012","Arrivals","Ionut Jitaru","https://www.transfermarkt.com/ionut-jitaru/profil/spieler/269797","Attacking Midfield","19","Romania","FC Vaslui II",NA,"Romania",NA,FALSE,"-","Summer",1,0,0,0
"FC Vaslui (- 2014)",NA,NA,"2012","Arrivals","Razvan Neagu","https://www.transfermarkt.com/razvan-neagu/profil/spieler/46607","Centre-Forward","25","Romania","Turnu-Severin","SuperLiga","Romania",NA,TRUE,"End of loan Jul 31, 2012","Summer",NA,NA,NA,NA
"FC Vaslui (- 2014)",NA,NA,"2012","Arrivals","Razvan Neagu","https://www.transfermarkt.com/razvan-neagu/profil/spieler/46607","Centre-Forward","25","Romania","Petrolul","SuperLiga","Romania",NA,TRUE,"End of loan Jun 30, 2012","Summer",NA,NA,NA,NA
"FC Vaslui (- 2014)",NA,NA,"2012","Departures","Wesley","https://www.transfermarkt.com/wesley/profil/spieler/22560","Second Striker","31","Brazil","Al-Hilal","Saudi Pro League","Saudi Arabia",3e+06,FALSE,NA,"Summer",1,1,2,90
"FC Vaslui (- 2014)",NA,NA,"2012","Departures","Paul Papp","https://www.transfermarkt.com/paul-papp/profil/spieler/112552","Centre-Back","22","Romania","Chievo Verona","Serie A","Italy",2500000,FALSE,NA,"Summer",NA,NA,NA,NA
"FC Vaslui (- 2014)",NA,NA,"2012","Departures","Marius Constantin","https://www.transfermarkt.com/marius-constantin/profil/spieler/34503","Centre-Back","27","Romania","FC Rapid 1923","SuperLiga","Romania",250000,FALSE,NA,"Summer",NA,NA,NA,NA
"FC Vaslui (- 2014)",NA,NA,"2012","Departures","Pavol Farkas","https://www.transfermarkt.com/pavol-farkas/profil/spieler/59529","Centre-Back","27","Slovakia","Chievo Verona","Serie A","Italy",0,FALSE,NA,"Summer",NA,NA,NA,NA
"FC Vaslui (- 2014)",NA,NA,"2012","Departures","Yero Bello","https://www.transfermarkt.com/yero-bello/profil/spieler/121417","Centre-Forward","24","Nigeria","Bnei Sakhnin","Ligat ha'Al","Israel",0,FALSE,NA,"Summer",NA,NA,NA,NA
"FC Vaslui (- 2014)",NA,NA,"2012","Departures","Anderson do Ó","https://www.transfermarkt.com/anderson-do-o/profil/spieler/38008","Centre-Back","31","Brazil","Simurq","Premyer Liqa","Azerbaijan",0,FALSE,NA,"Summer",NA,NA,NA,NA
"FC Vaslui (- 2014)",NA,NA,"2012","Departures","Nemanja Milisavljevic","https://www.transfermarkt.com/nemanja-milisavljevic/profil/spieler/36839","Attacking Midfield","27","Serbia","FC Rapid 1923","SuperLiga","Romania",0,FALSE,NA,"Summer",NA,NA,NA,NA
"FC Vaslui (- 2014)",NA,NA,"2012","Departures","Gladstone","https://www.transfermarkt.com/gladstone/profil/spieler/20386","Centre-Back","27","Brazil","Duque de Caxias",NA,"Brazil",0,FALSE,NA,"Summer",NA,NA,NA,NA
"FC Vaslui (- 2014)",NA,NA,"2012","Departures","Hugo Luz","https://www.transfermarkt.com/hugo-luz/profil/spieler/14301","Left-Back","30","Portugal","Farense",NA,"Portugal",0,FALSE,NA,"Summer",NA,NA,NA,NA
"FC Vaslui (- 2014)",NA,NA,"2012","Departures","Petar Jovanovic","https://www.transfermarkt.com/petar-jovanovic/profil/spieler/46576","Right-Back","29","Serbia","ACSM Poli Iasi","SuperLiga","Romania",0,FALSE,NA,"Summer",NA,NA,NA,NA
"FC Vaslui (- 2014)",NA,NA,"2012","Departures","Jaime Bragança","https://www.transfermarkt.com/jaime-braganca/profil/spieler/14126","Left Winger","29","Portugal","Gloria Bistrita","SuperLiga","Romania",0,FALSE,NA,"Summer",NA,NA,NA,NA
"FC Vaslui (- 2014)",NA,NA,"2012","Departures","Ervin Zsiga","https://www.transfermarkt.com/ervin-zsiga/profil/spieler/234196","Right Winger","21","Romania","Fortuna PC",NA,"Romania",0,FALSE,NA,"Summer",12,3,0,67
"FC Vaslui (- 2014)",NA,NA,"2012","Departures","Mihai Luca","https://www.transfermarkt.com/mihai-luca/profil/spieler/48784","Goalkeeper","24","Romania","CSM Pascani",NA,"Romania",0,FALSE,NA,"Summer",NA,NA,NA,NA
"FC Vaslui (- 2014)",NA,NA,"2012","Departures","Razvan Neagu","https://www.transfermarkt.com/razvan-neagu/profil/spieler/46607","Centre-Forward","25","Romania","Turnu-Severin","SuperLiga","Romania",NA,TRUE,"loan transfer","Summer",NA,NA,NA,NA
"FC Vaslui (- 2014)",NA,NA,"2012","Departures","Sergiu Popovici","https://www.transfermarkt.com/sergiu-popovici/profil/spieler/217750","Left-Back","19","Romania","Vointa Sibiu","Liga II - Seria II","Romania",NA,TRUE,"loan transfer","Summer",11,6,0,230
"FC Vaslui (- 2014)",NA,NA,"2012","Departures","Valter Heil","https://www.transfermarkt.com/valter-heil/profil/spieler/235086","Centre-Back","22","Romania","Vointa Sibiu","Liga II - Seria II","Romania",NA,TRUE,"loan transfer","Summer",3,1,0,66
"FC Vaslui (- 2014)",NA,NA,"2012","Departures","Paíto","https://www.transfermarkt.com/paito/profil/spieler/16118","Left-Back","29","Mozambique","Without Club",NA,NA,NA,FALSE,"-","Summer",NA,NA,NA,NA
"FC Vaslui (- 2014)",NA,NA,"2012","Departures","Adaílton","https://www.transfermarkt.com/adailton/profil/spieler/21853","Second Striker","35","Brazil","Without Club",NA,NA,NA,FALSE,"-","Summer",NA,NA,NA,NA
"FC Vaslui (- 2014)",NA,NA,"2012","Departures","Milan Borjan","https://www.transfermarkt.com/milan-borjan/profil/spieler/67797","Goalkeeper","24","Canada","Sivasspor","Süper Lig","Türkiye",NA,TRUE,"End of loan Jun 30, 2012","Summer",NA,NA,NA,NA
"FC Vaslui (- 2014)",NA,NA,"2012","Departures","Savio Nsereko","https://www.transfermarkt.com/savio-nsereko/profil/spieler/43100","Right Winger","22","Germany","Fiorentina","Serie A","Italy",NA,TRUE,"End of loan Jun 30, 2012","Summer",NA,NA,NA,NA
"FC Vaslui (- 2014)",NA,NA,"2012","Arrivals","Nderim Nedzipi","https://www.transfermarkt.com/nderim-nedzipi/profil/spieler/1258","Attacking Midfield","28","North Macedonia","Shkendija","Prva liga","North Macedonia",0,FALSE,NA,"Winter",14,7,0,155
"FC Vaslui (- 2014)",NA,NA,"2012","Arrivals","Alexandru Buziuc","https://www.transfermarkt.com/alexandru-buziuc/profil/spieler/269786","Centre-Forward","18","Romania","Sport. Suceava",NA,"Romania",0,FALSE,NA,"Winter",3,2,0,40
"FC Vaslui (- 2014)",NA,NA,"2012","Arrivals","Marius Mareș","https://www.transfermarkt.com/marius-mares/profil/spieler/314781","Left-Back","17","Romania","Jiul Petrosani",NA,"Romania",0,FALSE,NA,"Winter",NA,NA,NA,NA
"FC Vaslui (- 2014)",NA,NA,"2012","Arrivals","Emile Paul Tendeng","https://www.transfermarkt.com/emile-paul-tendeng/profil/spieler/208563","Attacking Midfield","20","Senegal","Casa Sports",NA,"Senegal",NA,TRUE,"loan transfer","Winter",6,6,0,196
"FC Vaslui (- 2014)",NA,NA,"2012","Arrivals","Sergiu Popovici","https://www.transfermarkt.com/sergiu-popovici/profil/spieler/217750","Left-Back","19","Romania","Vointa Sibiu","Liga II - Seria II","Romania",NA,TRUE,"End of loan Dec 31, 2012","Winter",11,6,0,230
"FC Vaslui (- 2014)",NA,NA,"2012","Arrivals","Valter Heil","https://www.transfermarkt.com/valter-heil/profil/spieler/235086","Centre-Back","22","Romania","Vointa Sibiu","Liga II - Seria II","Romania",NA,TRUE,"End of loan Dec 31, 2012","Winter",3,1,0,66
"FC Vaslui (- 2014)",NA,NA,"2012","Departures","Marius Niculae","https://www.transfermarkt.com/marius-niculae/profil/spieler/13831","Centre-Forward","31","Romania","SD Taishan","Super League","China",5e+05,FALSE,NA,"Winter",23,23,12,1955
"FC Vaslui (- 2014)",NA,NA,"2012","Departures","Davide","https://www.transfermarkt.com/davide/profil/spieler/13199","Right Winger","29","Portugal","FC Brasov","SuperLiga","Romania",0,FALSE,NA,"Winter",8,6,0,152
"FC Vaslui (- 2014)",NA,NA,"2012","Departures","Claudiu Puia","https://www.transfermarkt.com/claudiu-puia/profil/spieler/46632","Goalkeeper","25","Romania","Sageata Navodar","Liga 2","Romania",0,FALSE,NA,"Winter",NA,NA,NA,NA
"FC Vaslui (- 2014)",NA,NA,"2012","Departures","Adrian Gheorghiu","https://www.transfermarkt.com/adrian-gheorghiu/profil/spieler/46551","Right Midfield","31","Romania","Ceahlaul","SuperLiga","Romania",0,FALSE,NA,"Winter",7,2,0,81
"FC Vaslui (- 2014)",NA,NA,"2012","Departures","Richard Annang","https://www.transfermarkt.com/richard-annang/profil/spieler/112605","Left-Back","21","Ghana","Berekum Chelsea","Premier League","Ghana",0,FALSE,NA,"Winter",NA,NA,NA,NA
"FC Vaslui (- 2014)",NA,NA,"2012","Departures","Razvan Neagu","https://www.transfermarkt.com/razvan-neagu/profil/spieler/46607","Centre-Forward","25","Romania","Unknown",NA,NA,NA,FALSE,"-","Winter",NA,NA,NA,NA
"FC Vaslui (- 2014)",NA,NA,"2012","Departures","Dacian Varga","https://www.transfermarkt.com/dacian-varga/profil/spieler/64252","Left Midfield","28","Romania","Sportul S.","Liga 2","Romania",NA,TRUE,"End of loan Dec 31, 2012","Winter",18,17,2,902
"Pandurii Targu Jiu (- 2022)",NA,NA,"2012","Arrivals","Deivydas Matulevicius","https://www.transfermarkt.com/deivydas-matulevicius/profil/spieler/100482","Centre-Forward","23","Lithuania","Žalgiris","A Lyga","Lithuania",120000,FALSE,NA,"Summer",35,33,11,2173
"Pandurii Targu Jiu (- 2022)",NA,NA,"2012","Arrivals","Alin Ignea","https://www.transfermarkt.com/alin-ignea/profil/spieler/208800","Central Midfield","23","Romania","UTA Arad","Liga II - Seria II","Romania",0,FALSE,NA,"Summer",8,1,0,15
"Pandurii Targu Jiu (- 2022)",NA,NA,"2012","Arrivals","Alexandru Dan","https://www.transfermarkt.com/alexandru-dan/profil/spieler/212735","Defensive Midfield","18","Romania","CSM Deva",NA,"Romania",0,FALSE,NA,"Summer",8,3,0,118
"Pandurii Targu Jiu (- 2022)",NA,NA,"2012","Arrivals","Karim Boutadjine","https://www.transfermarkt.com/karim-boutadjine/profil/spieler/111525","Centre-Forward","23","France","Thonon Évian B",NA,"France",0,FALSE,NA,"Summer",23,20,6,594
"Pandurii Targu Jiu (- 2022)",NA,NA,"2012","Arrivals","Iulian Mamele","https://www.transfermarkt.com/iulian-mamele/profil/spieler/200472","Centre-Back","27","Romania","Concordia","SuperLiga","Romania",NA,FALSE,"?","Summer",30,29,1,2570
"Pandurii Targu Jiu (- 2022)",NA,NA,"2012","Arrivals","Konyeha Onyeka","https://www.transfermarkt.com/konyeha-onyeka/profil/spieler/221818","Attacking Midfield","20","Nigeria","Luceafarul","Liga II - Seria II","Romania",NA,FALSE,"?","Summer",3,1,0,32
"Pandurii Targu Jiu (- 2022)",NA,NA,"2012","Arrivals","Mihai Răduț","https://www.transfermarkt.com/mihai-radut/profil/spieler/96850","Left Winger","22","Romania","FCSB","SuperLiga","Romania",NA,TRUE,"loan transfer","Summer",32,31,6,2355
"Pandurii Targu Jiu (- 2022)",NA,NA,"2012","Arrivals","Daniel Unguru","https://www.transfermarkt.com/daniel-unguru/profil/spieler/203095","Central Midfield","18","Romania","Pandurii II",NA,"Romania",NA,FALSE,"-","Summer",1,0,0,0
"Pandurii Targu Jiu (- 2022)",NA,NA,"2012","Arrivals","Stojan Vranjes","https://www.transfermarkt.com/stojan-vranjes/profil/spieler/46346","Attacking Midfield","25","Bosnia-Herzegovina","CFR Cluj","SuperLiga","Romania",NA,TRUE,"End of loan Jun 30, 2012","Summer",NA,NA,NA,NA
"Pandurii Targu Jiu (- 2022)",NA,NA,"2012","Arrivals","Albert Voinea","https://www.transfermarkt.com/albert-voinea/profil/spieler/180871","Centre-Forward","19","Romania","Gloria Bistrita","Liga II - Seria II","Romania",NA,TRUE,"End of loan Jun 30, 2012","Summer",NA,NA,NA,NA
"Pandurii Targu Jiu (- 2022)",NA,NA,"2012","Arrivals","Andrei Antohi","https://www.transfermarkt.com/andrei-antohi/profil/spieler/64096","Second Striker","23","Romania","Vointa Sibiu","SuperLiga","Romania",NA,TRUE,"End of loan Jun 30, 2012","Summer",NA,NA,NA,NA
"Pandurii Targu Jiu (- 2022)",NA,NA,"2012","Arrivals","Bruno Gomis","https://www.transfermarkt.com/bruno-gomis/profil/spieler/225867","Left Midfield","21","Guinea-Bissau","Gloria Buzau","Liga 2","Romania",NA,TRUE,"End of loan Jun 30, 2012","Summer",NA,NA,NA,NA
"Pandurii Targu Jiu (- 2022)",NA,NA,"2012","Departures","Mihai Pintilii","https://www.transfermarkt.com/mihai-pintilii/profil/spieler/48890","Defensive Midfield","27","Romania","FCSB","SuperLiga","Romania",850000,FALSE,NA,"Summer",NA,NA,NA,NA
"Pandurii Targu Jiu (- 2022)",NA,NA,"2012","Departures","Cardoso","https://www.transfermarkt.com/cardoso/profil/spieler/56727","Centre-Back","27","Brazil","Spartak V.","Premier Liga","Russia",0,FALSE,NA,"Summer",NA,NA,NA,NA
"Pandurii Targu Jiu (- 2022)",NA,NA,"2012","Departures","Andrei Antohi","https://www.transfermarkt.com/andrei-antohi/profil/spieler/64096","Second Striker","23","Romania","Fortuna PC",NA,"Romania",0,FALSE,NA,"Summer",NA,NA,NA,NA
"Pandurii Targu Jiu (- 2022)",NA,NA,"2012","Departures","Daniel Mutu","https://www.transfermarkt.com/daniel-mutu/profil/spieler/173465","Goalkeeper","24","Romania","FC Brasov","SuperLiga","Romania",0,FALSE,NA,"Summer",NA,NA,NA,NA
"Pandurii Targu Jiu (- 2022)",NA,NA,"2012","Departures","Albert Voinea","https://www.transfermarkt.com/albert-voinea/profil/spieler/180871","Centre-Forward","19","Romania","Sportul Snagov","Liga II - Seria II","Romania",NA,TRUE,"loan transfer","Summer",NA,NA,NA,NA
"Pandurii Targu Jiu (- 2022)",NA,NA,"2012","Departures","Ciprian Brata","https://www.transfermarkt.com/ciprian-brata/profil/spieler/156616","Left Midfield","21","Romania","FC Brasov","SuperLiga","Romania",NA,TRUE,"loan transfer","Summer",NA,NA,NA,NA
"Pandurii Targu Jiu (- 2022)",NA,NA,"2012","Departures","Alexandru Dan","https://www.transfermarkt.com/alexandru-dan/profil/spieler/212735","Defensive Midfield","18","Romania","ASA Tg. Mures","Liga II - Seria II","Romania",NA,TRUE,"loan transfer","Summer",8,3,0,118
"Pandurii Targu Jiu (- 2022)",NA,NA,"2012","Departures","Alexandru Neagu","https://www.transfermarkt.com/alexandru-neagu/profil/spieler/220850","Attacking Midfield","19","Romania","UTA Arad","Liga II - Seria II","Romania",NA,TRUE,"loan transfer","Summer",NA,NA,NA,NA
"Pandurii Targu Jiu (- 2022)",NA,NA,"2012","Departures","Roberto Dumitru","https://www.transfermarkt.com/roberto-dumitru/profil/spieler/218300","Left Midfield","18","Romania","Sageata Navodar","Liga 2","Romania",NA,TRUE,"loan transfer","Summer",NA,NA,NA,NA
"Pandurii Targu Jiu (- 2022)",NA,NA,"2012","Departures","Emmanuel Mbella","https://www.transfermarkt.com/emmanuel-mbella/profil/spieler/224876","Right Winger","20","France","FC Botosani","Liga 2","Romania",NA,TRUE,"loan transfer","Summer",NA,NA,NA,NA
"Pandurii Targu Jiu (- 2022)",NA,NA,"2012","Departures","Paul Batin","https://www.transfermarkt.com/paul-batin/profil/spieler/121151","Centre-Forward","25","Romania","CFR Cluj","SuperLiga","Romania",NA,TRUE,"End of loan Jun 30, 2012","Summer",NA,NA,NA,NA
"Pandurii Targu Jiu (- 2022)",NA,NA,"2012","Arrivals","Cornel Predescu","https://www.transfermarkt.com/cornel-predescu/profil/spieler/44943","Attacking Midfield","25","Romania","Gloria Bistrita","SuperLiga","Romania",0,FALSE,NA,"Winter",9,5,1,149
"Pandurii Targu Jiu (- 2022)",NA,NA,"2012","Arrivals","Paul Anton","https://www.transfermarkt.com/paul-anton/profil/spieler/123286","Central Midfield","21","Romania","Gloria Bistrita","SuperLiga","Romania",0,FALSE,NA,"Winter",13,13,3,1121
"Pandurii Targu Jiu (- 2022)",NA,NA,"2012","Arrivals","Paraskevas Christou","https://www.transfermarkt.com/paraskevas-christou/profil/spieler/48933","Centre-Back","28","Cyprus","U Cluj","SuperLiga","Romania",0,FALSE,NA,"Winter",0,0,0,0
"Pandurii Targu Jiu (- 2022)",NA,NA,"2012","Arrivals","Sasa Popin","https://www.transfermarkt.com/sasa-popin/profil/spieler/85077","Centre-Forward","23","Serbia","Novi Pazar","Super liga Srbije","Serbia",0,FALSE,NA,"Winter",6,3,0,78
"Pandurii Targu Jiu (- 2022)",NA,NA,"2012","Arrivals","Alin Buleică","https://www.transfermarkt.com/alin-buleica/profil/spieler/147286","Right-Back","21","Romania","Turnu-Severin","SuperLiga","Romania",0,FALSE,NA,"Winter",NA,NA,NA,NA
"Pandurii Targu Jiu (- 2022)",NA,NA,"2012","Arrivals","Viorel Nicoara","https://www.transfermarkt.com/viorel-nicoara/profil/spieler/157022","Left Midfield","25","Romania","CFR Cluj","SuperLiga","Romania",NA,TRUE,"loan transfer","Winter",13,12,2,817
"Pandurii Targu Jiu (- 2022)",NA,NA,"2012","Arrivals","Alexandru Dan","https://www.transfermarkt.com/alexandru-dan/profil/spieler/212735","Defensive Midfield","18","Romania","ASA Tg. Mures","Liga II - Seria II","Romania",NA,TRUE,"End of loan Dec 31, 2012","Winter",8,3,0,118
"Pandurii Targu Jiu (- 2022)",NA,NA,"2012","Arrivals","Ciprian Brata","https://www.transfermarkt.com/ciprian-brata/profil/spieler/156616","Left Midfield","21","Romania","FC Brasov","SuperLiga","Romania",NA,TRUE,"End of loan Dec 31, 2012","Winter",NA,NA,NA,NA
"Pandurii Targu Jiu (- 2022)",NA,NA,"2012","Arrivals","Roberto Dumitru","https://www.transfermarkt.com/roberto-dumitru/profil/spieler/218300","Left Midfield","18","Romania","Sageata Navodar","Liga 2","Romania",NA,TRUE,"End of loan Dec 31, 2012","Winter",NA,NA,NA,NA
"Pandurii Targu Jiu (- 2022)",NA,NA,"2012","Departures","Alexandru Maxim","https://www.transfermarkt.com/alexandru-maxim/profil/spieler/129513","Attacking Midfield","22","Romania","VfB Stuttgart","Bundesliga","Germany",1500000,FALSE,NA,"Winter",20,20,5,1622
"Pandurii Targu Jiu (- 2022)",NA,NA,"2012","Departures","Stojan Vranjes","https://www.transfermarkt.com/stojan-vranjes/profil/spieler/46346","Attacking Midfield","26","Bosnia-Herzegovina","Vojvodina","Super liga Srbije","Serbia",0,FALSE,NA,"Winter",NA,NA,NA,NA
"Pandurii Targu Jiu (- 2022)",NA,NA,"2012","Departures","Alin Buleică","https://www.transfermarkt.com/alin-buleica/profil/spieler/147286","Right-Back","21","Romania","U Cluj","SuperLiga","Romania",NA,TRUE,"loan transfer","Winter",NA,NA,NA,NA
"Pandurii Targu Jiu (- 2022)",NA,NA,"2012","Departures","Ciprian Brata","https://www.transfermarkt.com/ciprian-brata/profil/spieler/156616","Left Midfield","21","Romania","Turnu-Severin","SuperLiga","Romania",NA,TRUE,"loan transfer","Winter",NA,NA,NA,NA
"Pandurii Targu Jiu (- 2022)",NA,NA,"2012","Departures","Alin Ignea","https://www.transfermarkt.com/alin-ignea/profil/spieler/208800","Central Midfield","23","Romania","FC Botosani","Liga 2","Romania",NA,TRUE,"loan transfer","Winter",8,1,0,15
"Pandurii Targu Jiu (- 2022)",NA,NA,"2012","Departures","Ionuț Tătaru","https://www.transfermarkt.com/ionut-tataru/profil/spieler/164203","Centre-Back","23","Romania","Turnu-Severin","SuperLiga","Romania",NA,TRUE,"loan transfer","Winter",6,0,0,0
"Pandurii Targu Jiu (- 2022)",NA,NA,"2012","Departures","Konyeha Onyeka","https://www.transfermarkt.com/konyeha-onyeka/profil/spieler/221818","Attacking Midfield","20","Nigeria","Ac. Clinceni","Liga 2","Romania",NA,TRUE,"loan transfer","Winter",3,1,0,32
"FC Rapid 1923","SuperLiga","Romania","2012","Arrivals","Marius Constantin","https://www.transfermarkt.com/marius-constantin/profil/spieler/34503","Centre-Back","27","Romania","FC Vaslui","SuperLiga","Romania",250000,FALSE,NA,"Summer",5,4,0,235
"FC Rapid 1923","SuperLiga","Romania","2012","Arrivals","Renan Silva","https://www.transfermarkt.com/renan-silva/profil/spieler/151665","Attacking Midfield","23","Brazil","Boavista",NA,"Brazil",250000,FALSE,NA,"Summer",12,5,3,188
"FC Rapid 1923","SuperLiga","Romania","2012","Arrivals","Peçanha","https://www.transfermarkt.com/pecanha/profil/spieler/33735","Goalkeeper","32","Brazil","Marítimo","Liga Portugal","Portugal",1e+05,FALSE,NA,"Summer",26,25,0,2250
"FC Rapid 1923","SuperLiga","Romania","2012","Arrivals","Walace","https://www.transfermarkt.com/walace/profil/spieler/209099","Centre-Back","22","Brazil","FC Arges","Liga II - Seria II","Romania",50000,FALSE,NA,"Summer",12,6,0,418
"FC Rapid 1923","SuperLiga","Romania","2012","Arrivals","Dorin Goga","https://www.transfermarkt.com/dorin-goga/profil/spieler/54735","Centre-Forward","27","Romania","Poli. Timisoara",NA,"Romania",0,FALSE,NA,"Summer",21,20,3,1034
"FC Rapid 1923","SuperLiga","Romania","2012","Arrivals","Blaze Ilijoski","https://www.transfermarkt.com/blaze-ilijoski/profil/spieler/57398","Centre-Forward","27","North Macedonia","FC Brasov","SuperLiga","Romania",0,FALSE,NA,"Summer",16,16,3,978
"FC Rapid 1923","SuperLiga","Romania","2012","Arrivals","Nemanja Milisavljevic","https://www.transfermarkt.com/nemanja-milisavljevic/profil/spieler/36839","Attacking Midfield","27","Serbia","FC Vaslui","SuperLiga","Romania",0,FALSE,NA,"Summer",25,23,0,1574
"FC Rapid 1923","SuperLiga","Romania","2012","Arrivals","Alexandru Ioniță I","https://www.transfermarkt.com/alexandru-ionita-i/profil/spieler/113865","Centre-Forward","23","Romania","1.FC Köln","2. Bundesliga","Germany",0,FALSE,NA,"Summer",23,19,6,1062
"FC Rapid 1923","SuperLiga","Romania","2012","Arrivals","Călin Albuț","https://www.transfermarkt.com/calin-albut/profil/spieler/46487","Goalkeeper","31","Romania","ASA Tg. Mures","Liga II - Seria II","Romania",0,FALSE,NA,"Summer",26,13,0,1200
"FC Rapid 1923","SuperLiga","Romania","2012","Arrivals","Ionuț Voicu","https://www.transfermarkt.com/ionut-voicu/profil/spieler/46677","Right-Back","27","Romania","CS Mioveni","Liga II - Seria II","Romania",0,FALSE,NA,"Summer",21,17,0,1389
"FC Rapid 1923","SuperLiga","Romania","2012","Arrivals","Octavian Abrudan","https://www.transfermarkt.com/octavian-abrudan/profil/spieler/46485","Centre-Back","28","Romania","U Cluj","SuperLiga","Romania",NA,FALSE,"?","Summer",27,23,0,2068
"FC Rapid 1923","SuperLiga","Romania","2012","Arrivals","Paul Codrea","https://www.transfermarkt.com/paul-codrea/profil/spieler/16138","Central Midfield","31","Romania","Siena","Serie A","Italy",NA,FALSE,"?","Summer",16,11,0,688
"FC Rapid 1923","SuperLiga","Romania","2012","Arrivals","Stefan Pereira","https://www.transfermarkt.com/stefan-pereira/profil/spieler/235083","Centre-Forward","24","Hongkong","Juazeiro-CE",NA,"Brazil",NA,FALSE,"?","Summer",7,2,0,135
"FC Rapid 1923","SuperLiga","Romania","2012","Arrivals","Marius Bilașco","https://www.transfermarkt.com/marius-bilasco/profil/spieler/46505","Centre-Forward","31","Romania","Without Club",NA,NA,NA,FALSE,"-","Summer",5,4,0,155
"FC Rapid 1923","SuperLiga","Romania","2012","Arrivals","Cássio","https://www.transfermarkt.com/cassio/profil/spieler/34953","Centre-Forward","28","Brazil","Beira-Mar","Liga Portugal","Portugal",NA,TRUE,"End of loan Jun 30, 2012","Summer",NA,NA,NA,NA
"FC Rapid 1923","SuperLiga","Romania","2012","Arrivals","Alexandru Coman","https://www.transfermarkt.com/alexandru-coman/profil/spieler/143229","Centre-Back","20","Romania","ALRO Slatina","Liga II - Seria II","Romania",NA,TRUE,"End of loan Jun 30, 2012","Summer",29,21,1,1294
"FC Rapid 1923","SuperLiga","Romania","2012","Arrivals","George Tene","https://www.transfermarkt.com/george-tene/profil/spieler/133859","Attacking Midfield","23","Romania","Daco-Getica","Liga II - Seria II","Romania",NA,TRUE,"End of loan Jun 30, 2012","Summer",NA,NA,NA,NA
"FC Rapid 1923","SuperLiga","Romania","2012","Arrivals","Andrei Ciolacu","https://www.transfermarkt.com/andrei-ciolacu/profil/spieler/186247","Centre-Forward","19","Romania","CS Otopeni","Liga 2","Romania",NA,TRUE,"End of loan Jun 30, 2012","Summer",21,17,3,761
"FC Rapid 1923","SuperLiga","Romania","2012","Departures","Sabrin Sburlea","https://www.transfermarkt.com/sabrin-sburlea/profil/spieler/64235","Centre-Forward","23","Romania","FC Vaslui","SuperLiga","Romania",1e+05,FALSE,NA,"Summer",NA,NA,NA,NA
"FC Rapid 1923","SuperLiga","Romania","2012","Departures","Dănuț Coman","https://www.transfermarkt.com/danut-coman/profil/spieler/34501","Goalkeeper","33","Romania","FC Vaslui","SuperLiga","Romania",62000,FALSE,NA,"Summer",NA,NA,NA,NA
"FC Rapid 1923","SuperLiga","Romania","2012","Departures","Dan Alexa","https://www.transfermarkt.com/dan-alexa/profil/spieler/47146","Defensive Midfield","32","Romania","Anorthosis","Cyprus League","Cyprus",50000,FALSE,NA,"Summer",NA,NA,NA,NA
"FC Rapid 1923","SuperLiga","Romania","2012","Departures","Marcos António","https://www.transfermarkt.com/marcos-antonio/profil/spieler/14334","Centre-Back","29","Brazil","1.FC Nuremberg","Bundesliga","Germany",0,FALSE,NA,"Summer",NA,NA,NA,NA
"FC Rapid 1923","SuperLiga","Romania","2012","Departures","Cássio","https://www.transfermarkt.com/cassio/profil/spieler/34953","Centre-Forward","28","Brazil","Al-Ettifaq","Saudi Pro League","Saudi Arabia",0,FALSE,NA,"Summer",NA,NA,NA,NA
"FC Rapid 1923","SuperLiga","Romania","2012","Departures","Cosmin Vâtcă","https://www.transfermarkt.com/cosmin-vatca/profil/spieler/47477","Goalkeeper","30","Romania","FCV Farul","SuperLiga","Romania",0,FALSE,NA,"Summer",NA,NA,NA,NA
"FC Rapid 1923","SuperLiga","Romania","2012","Departures","Juan Sánchez Sotelo","https://www.transfermarkt.com/juan-sanchez-sotelo/profil/spieler/82550","Centre-Forward","24","Argentina","Olimpo","Primera Nacional","Argentina",0,FALSE,NA,"Summer",NA,NA,NA,NA
"FC Rapid 1923","SuperLiga","Romania","2012","Departures","Lucian Raduta","https://www.transfermarkt.com/lucian-raduta/profil/spieler/53978","Centre-Forward","23","Romania","CS Mioveni","Liga II - Seria II","Romania",NA,FALSE,"?","Summer",NA,NA,NA,NA
"FC Rapid 1923","SuperLiga","Romania","2012","Departures","George Tene","https://www.transfermarkt.com/george-tene/profil/spieler/133859","Attacking Midfield","23","Romania","Daco-Getica",NA,"Romania",NA,FALSE,"?","Summer",NA,NA,NA,NA
"FC Rapid 1923","SuperLiga","Romania","2012","Departures","Ezequias Melo","https://www.transfermarkt.com/ezequias-melo/profil/spieler/14140","Left-Back","31","Brazil","Without Club",NA,NA,NA,FALSE,"-","Summer",NA,NA,NA,NA
"FC Rapid 1923","SuperLiga","Romania","2012","Departures","Iulian Apostol","https://www.transfermarkt.com/iulian-apostol/profil/spieler/46489","Central Midfield","31","Romania","Rapid 1923 II",NA,"Romania",NA,FALSE,"-","Summer",1,0,0,0
"FC Rapid 1923","SuperLiga","Romania","2012","Departures","Ciprian Deac","https://www.transfermarkt.com/ciprian-deac/profil/spieler/43300","Right Winger","26","Romania","FC Schalke 04","Bundesliga","Germany",NA,TRUE,"End of loan Jun 30, 2012","Summer",NA,NA,NA,NA
"FC Rapid 1923","SuperLiga","Romania","2012","Departures","Valentin Crețu","https://www.transfermarkt.com/valentin-cretu/profil/spieler/79507","Right-Back","23","Romania","Concordia","SuperLiga","Romania",NA,TRUE,"End of loan Jun 30, 2012","Summer",NA,NA,NA,NA
"FC Rapid 1923","SuperLiga","Romania","2012","Departures","Alexandru Ioniță I","https://www.transfermarkt.com/alexandru-ionita-i/profil/spieler/113865","Centre-Forward","22","Romania","1.FC Köln","2. Bundesliga","Germany",NA,TRUE,"End of loan Jun 30, 2012","Summer",23,19,6,1062
"FC Rapid 1923","SuperLiga","Romania","2012","Arrivals","Emil Dica","https://www.transfermarkt.com/emil-dica/profil/spieler/34509","Defensive Midfield","30","Romania","CS Mioveni","Liga II - Seria II","Romania",0,FALSE,NA,"Winter",14,14,1,1200
"FC Rapid 1923","SuperLiga","Romania","2012","Arrivals","Ștefan Mardare","https://www.transfermarkt.com/stefan-mardare/profil/spieler/46586","Centre-Back","25","Romania","Otelul Galati","SuperLiga","Romania",0,FALSE,NA,"Winter",14,7,0,481
"FC Rapid 1923","SuperLiga","Romania","2012","Arrivals","Catalin Paun","https://www.transfermarkt.com/catalin-paun/profil/spieler/53214","Centre-Back","24","Romania","Rapid 1923 II",NA,"Romania",NA,FALSE,"-","Winter",8,3,0,64
"FC Rapid 1923","SuperLiga","Romania","2012","Arrivals","Marian Stoica","https://www.transfermarkt.com/marian-stoica/profil/spieler/213128","Left Midfield","23","Romania","Rapid 1923 II",NA,"Romania",NA,FALSE,"-","Winter",13,4,0,197
"FC Rapid 1923","SuperLiga","Romania","2012","Arrivals","Adrian Grigore","https://www.transfermarkt.com/adrian-grigore/profil/spieler/236140","Midfielder","22","Romania","Rapid 1923 II",NA,"Romania",NA,FALSE,"-","Winter",3,1,0,6
"FC Rapid 1923","SuperLiga","Romania","2012","Arrivals","Nicolae Vasile","https://www.transfermarkt.com/nicolae-vasile/profil/spieler/260076","Left-Back","17","Romania","Rapid 1923 U18",NA,"Romania",NA,FALSE,"-","Winter",12,12,0,1035
"FC Rapid 1923","SuperLiga","Romania","2012","Arrivals","Andrei Matei","https://www.transfermarkt.com/andrei-matei/profil/spieler/260047","Attacking Midfield","22","Romania","Rapid 1923 II",NA,"Romania",NA,FALSE,"-","Winter",10,3,0,20
"FC Rapid 1923","SuperLiga","Romania","2012","Arrivals","Alexandru Dăescu","https://www.transfermarkt.com/alexandru-daescu/profil/spieler/236121","Defensive Midfield","21","Romania","Rapid 1923 II",NA,"Romania",NA,FALSE,"-","Winter",7,1,0,1
"FC Rapid 1923","SuperLiga","Romania","2012","Arrivals","Mădălin Martin","https://www.transfermarkt.com/madalin-martin/profil/spieler/260046","Centre-Forward","20","Romania","Rapid 1923 II",NA,"Romania",NA,FALSE,"-","Winter",8,7,0,325
"FC Rapid 1923","SuperLiga","Romania","2012","Arrivals","Florin Calin","https://www.transfermarkt.com/florin-calin/profil/spieler/210062","Midfielder","19","Romania","Rapid 1923 U18",NA,"Romania",NA,FALSE,"-","Winter",6,1,0,1
"FC Rapid 1923","SuperLiga","Romania","2012","Departures","Nemanja Milisavljevic","https://www.transfermarkt.com/nemanja-milisavljevic/profil/spieler/36839","Attacking Midfield","28","Serbia","Ludogorets","efbet Liga","Bulgaria",2e+05,FALSE,NA,"Winter",25,23,0,1574
"FC Rapid 1923","SuperLiga","Romania","2012","Departures","Filipe Teixeira","https://www.transfermarkt.com/filipe-teixeira/profil/spieler/5568","Right Winger","32","Portugal","Al-Shaab","UAE Pro League","United Arab Emirates",0,FALSE,NA,"Winter",22,21,3,1677
"FC Rapid 1923","SuperLiga","Romania","2012","Departures","Rui Duarte","https://www.transfermarkt.com/rui-duarte/profil/spieler/22434","Right-Back","32","Portugal","Anorthosis","Cyprus League","Cyprus",0,FALSE,NA,"Winter",12,11,0,854
"FC Rapid 1923","SuperLiga","Romania","2012","Departures","Dorin Goga","https://www.transfermarkt.com/dorin-goga/profil/spieler/54735","Centre-Forward","28","Romania","H. Ramat Gan","Ligat ha'Al","Israel",0,FALSE,NA,"Winter",21,20,3,1034
"FC Rapid 1923","SuperLiga","Romania","2012","Departures","Vladimir Bozovic","https://www.transfermarkt.com/vladimir-bozovic/profil/spieler/36821","Left-Back","31","Montenegro","Mordovia","Premier Liga","Russia",0,FALSE,NA,"Winter",19,19,0,1512
"FC Rapid 1923","SuperLiga","Romania","2012","Departures","Blaze Ilijoski","https://www.transfermarkt.com/blaze-ilijoski/profil/spieler/57398","Centre-Forward","28","North Macedonia","Rabotnicki","Prva liga","North Macedonia",0,FALSE,NA,"Winter",16,16,3,978
"FC Rapid 1923","SuperLiga","Romania","2012","Departures","Paul Codrea","https://www.transfermarkt.com/paul-codrea/profil/spieler/16138","Central Midfield","31","Romania","SSU Poli",NA,"Romania",0,FALSE,NA,"Winter",16,11,0,688
"FC Rapid 1923","SuperLiga","Romania","2012","Departures","Călin Albuț","https://www.transfermarkt.com/calin-albut/profil/spieler/46487","Goalkeeper","31","Romania","Gloria Bistrita","SuperLiga","Romania",0,FALSE,NA,"Winter",26,13,0,1200
"FC Rapid 1923","SuperLiga","Romania","2012","Departures","Gláuber","https://www.transfermarkt.com/glauber/profil/spieler/37537","Centre-Back","29","Brazil","Columbus","MLS","United States",0,FALSE,NA,"Winter",20,14,0,1170
"FC Rapid 1923","SuperLiga","Romania","2012","Departures","Romeo Surdu","https://www.transfermarkt.com/romeo-surdu/profil/spieler/43378","Left Winger","29","Romania","Apol. Limassol","Cyprus League","Cyprus",0,FALSE,NA,"Winter",17,14,1,731
"FC Rapid 1923","SuperLiga","Romania","2012","Departures","Renan Silva","https://www.transfermarkt.com/renan-silva/profil/spieler/151665","Attacking Midfield","23","Brazil","Petrolul","SuperLiga","Romania",0,FALSE,NA,"Winter",12,5,3,188
"FC Rapid 1923","SuperLiga","Romania","2012","Departures","Stefan Pereira","https://www.transfermarkt.com/stefan-pereira/profil/spieler/235083","Centre-Forward","24","Hongkong","Jacuipense-BA",NA,"Brazil",0,FALSE,NA,"Winter",7,2,0,135
"FC Rapid 1923","SuperLiga","Romania","2012","Departures","Marius Bilașco","https://www.transfermarkt.com/marius-bilasco/profil/spieler/46505","Centre-Forward","31","Romania",NA,NA,NA,NA,FALSE,"-","Winter",5,4,0,155
"FC Rapid 1923","SuperLiga","Romania","2012","Departures","Marius Constantin","https://www.transfermarkt.com/marius-constantin/profil/spieler/34503","Centre-Back","28","Romania","Without Club",NA,NA,NA,FALSE,"-","Winter",5,4,0,235
"FC Rapid 1923","SuperLiga","Romania","2012","Departures","Milos Pavlovic","https://www.transfermarkt.com/milos-pavlovic/profil/spieler/36044","Defensive Midfield","29","Serbia","Without Club",NA,NA,NA,FALSE,"-","Winter",12,11,0,990
"FC Rapid 1923","SuperLiga","Romania","2012","Departures","Ovidiu Burcă","https://www.transfermarkt.com/ovidiu-burca/profil/spieler/26028","Centre-Back","32","Romania",NA,NA,NA,NA,FALSE,"-","Winter",10,6,0,354
"SC Otelul Galati","SuperLiga","Romania","2012","Arrivals","Liviu Bajenaru","https://www.transfermarkt.com/liviu-bajenaru/profil/spieler/97512","Attacking Midfield","29","Romania","Astra Giurgiu","SuperLiga","Romania",0,FALSE,NA,"Summer",22,15,3,971
"SC Otelul Galati","SuperLiga","Romania","2012","Arrivals","Ștefan Mardare","https://www.transfermarkt.com/stefan-mardare/profil/spieler/46586","Centre-Back","24","Romania","Without Club",NA,NA,0,FALSE,NA,"Summer",NA,NA,NA,NA
"SC Otelul Galati","SuperLiga","Romania","2012","Arrivals","Alexandru Vlasie","https://www.transfermarkt.com/alexandru-vlasie/profil/spieler/330796","Goalkeeper","22","Romania","Dunarea Galati","Liga 2","Romania",0,FALSE,NA,"Summer",NA,NA,NA,NA
"SC Otelul Galati","SuperLiga","Romania","2012","Arrivals","Cenk Firat","https://www.transfermarkt.com/cenk-firat/profil/spieler/274223","Centre-Forward","20","Türkiye","Antalya Kemer","3.Lig Grup 1","Türkiye",0,FALSE,NA,"Summer",NA,NA,NA,NA
"SC Otelul Galati","SuperLiga","Romania","2012","Arrivals","Bruce Inkango","https://www.transfermarkt.com/bruce-inkango/profil/spieler/29298","Centre-Forward","28","France","KS Kastrioti","Kategoria Superiore","Albania",NA,FALSE,"?","Summer",13,13,5,843
"SC Otelul Galati","SuperLiga","Romania","2012","Arrivals","Robert Ciurea","https://www.transfermarkt.com/robert-ciurea/profil/spieler/394572","Left-Back","16","Romania","FCV Farul U18",NA,"Romania",NA,FALSE,"?","Summer",NA,NA,NA,NA
"SC Otelul Galati","SuperLiga","Romania","2012","Arrivals","Sorin Cucu","https://www.transfermarkt.com/sorin-cucu/profil/spieler/98323","Left-Back","22","Romania","Otelul II",NA,"Romania",NA,FALSE,"-","Summer",8,8,0,720
"SC Otelul Galati","SuperLiga","Romania","2012","Arrivals","Lucian Murgoci","https://www.transfermarkt.com/lucian-murgoci/profil/spieler/192867","Centre-Back","20","Romania","Otelul II",NA,"Romania",NA,FALSE,"-","Summer",16,12,0,823
"SC Otelul Galati","SuperLiga","Romania","2012","Arrivals","Enes Sipovic","https://www.transfermarkt.com/enes-sipovic/profil/spieler/104219","Centre-Back","21","Bosnia-Herzegovina","Farul Constanta","Liga 2","Romania",NA,TRUE,"End of loan Jun 30, 2012","Summer",17,7,0,630
"SC Otelul Galati","SuperLiga","Romania","2012","Arrivals","Constantin Miselaricu","https://www.transfermarkt.com/constantin-miselaricu/profil/spieler/175985","Centre-Back","22","Romania","Sageata Navodar","Liga 2","Romania",NA,TRUE,"End of loan Jun 30, 2012","Summer",NA,NA,NA,NA
"SC Otelul Galati","SuperLiga","Romania","2012","Arrivals","Razvan Ochirosii","https://www.transfermarkt.com/razvan-ochirosii/profil/spieler/43761","Left-Back","23","Romania","Fortuna PC",NA,"Romania",NA,TRUE,"End of loan Jun 30, 2012","Summer",NA,NA,NA,NA
"SC Otelul Galati","SuperLiga","Romania","2012","Arrivals","Marian Cârjă","https://www.transfermarkt.com/marian-carja/profil/spieler/48658","Right-Back","25","Romania","Delta Tulcea","Liga 2","Romania",NA,TRUE,"End of loan Jun 30, 2012","Summer",21,9,0,750
"SC Otelul Galati","SuperLiga","Romania","2012","Arrivals","Robert Elek","https://www.transfermarkt.com/robert-elek/profil/spieler/55279","Centre-Forward","24","Romania","FC Brasov-SR",NA,"Romania",NA,TRUE,"End of loan Jun 30, 2012","Summer",NA,NA,NA,NA
"SC Otelul Galati","SuperLiga","Romania","2012","Arrivals","Alexandru Avram","https://www.transfermarkt.com/alexandru-avram/profil/spieler/69405","Attacking Midfield","21","Romania","Dunarea Galati","Liga 2","Romania",NA,TRUE,"End of loan Jun 30, 2012","Summer",NA,NA,NA,NA
"SC Otelul Galati","SuperLiga","Romania","2012","Arrivals","Laurențiu Petean","https://www.transfermarkt.com/laurentiu-petean/profil/spieler/156644","Central Midfield","24","Romania","Fortuna PC",NA,"Romania",NA,TRUE,"End of loan Jun 30, 2012","Summer",NA,NA,NA,NA
"SC Otelul Galati","SuperLiga","Romania","2012","Arrivals","Sebastian Agache","https://www.transfermarkt.com/sebastian-agache/profil/spieler/69403","Left-Back","24","Romania","Unknown",NA,NA,NA,TRUE,"End of loan Jun 30, 2012","Summer",NA,NA,NA,NA
"SC Otelul Galati","SuperLiga","Romania","2012","Arrivals","Cosmin Gârleanu","https://www.transfermarkt.com/cosmin-garleanu/profil/spieler/107657","Right Midfield","23","Romania","Dunarea Galati","Liga 2","Romania",NA,TRUE,"End of loan Jun 30, 2012","Summer",NA,NA,NA,NA
"SC Otelul Galati","SuperLiga","Romania","2012","Arrivals","Iulian Ginghina","https://www.transfermarkt.com/iulian-ginghina/profil/spieler/241557","Striker","23","Romania","Poli Galati",NA,"Romania",NA,TRUE,"End of loan Jun 30, 2012","Summer",NA,NA,NA,NA
"SC Otelul Galati","SuperLiga","Romania","2012","Arrivals","William Arias","https://www.transfermarkt.com/william-arias/profil/spieler/142568","Goalkeeper","21","Colombia","Corvinul",NA,"Romania",NA,TRUE,"End of loan Jun 30, 2012","Summer",NA,NA,NA,NA
"SC Otelul Galati","SuperLiga","Romania","2012","Departures","Liviu Antal","https://www.transfermarkt.com/liviu-antal/profil/spieler/123256","Right Winger","23","Romania","FC Vaslui","SuperLiga","Romania",5e+05,FALSE,NA,"Summer",NA,NA,NA,NA
"SC Otelul Galati","SuperLiga","Romania","2012","Departures","Adrian Sălăgeanu","https://www.transfermarkt.com/adrian-salageanu/profil/spieler/69518","Left-Back","29","Romania","FC Vaslui","SuperLiga","Romania",160000,FALSE,NA,"Summer",NA,NA,NA,NA
"SC Otelul Galati","SuperLiga","Romania","2012","Departures","Sorin Frunză","https://www.transfermarkt.com/sorin-frunza/profil/spieler/26648","Left Midfield","34","Romania","Dacia U. Braila","Liga 2","Romania",0,FALSE,NA,"Summer",NA,NA,NA,NA
"SC Otelul Galati","SuperLiga","Romania","2012","Departures","Robert Elek","https://www.transfermarkt.com/robert-elek/profil/spieler/55279","Centre-Forward","24","Romania","Fortuna PC",NA,"Romania",0,FALSE,NA,"Summer",NA,NA,NA,NA
"SC Otelul Galati","SuperLiga","Romania","2012","Departures","William Arias","https://www.transfermarkt.com/william-arias/profil/spieler/142568","Goalkeeper","21","Colombia","Rionegro Águila","Liga DIMAYOR II","Colombia",0,FALSE,NA,"Summer",NA,NA,NA,NA
"SC Otelul Galati","SuperLiga","Romania","2012","Departures","Laurențiu Petean","https://www.transfermarkt.com/laurentiu-petean/profil/spieler/156644","Central Midfield","24","Romania","Fortuna PC",NA,"Romania",NA,FALSE,"?","Summer",NA,NA,NA,NA
"SC Otelul Galati","SuperLiga","Romania","2012","Departures","Sebastian Agache","https://www.transfermarkt.com/sebastian-agache/profil/spieler/69403","Left-Back","24","Romania","Gauss Bacau",NA,"Romania",NA,FALSE,"?","Summer",NA,NA,NA,NA
"SC Otelul Galati","SuperLiga","Romania","2012","Departures","Iulian Ginghina","https://www.transfermarkt.com/iulian-ginghina/profil/spieler/241557","Striker","23","Romania","Dunarea Galati","Liga 2","Romania",NA,FALSE,"?","Summer",NA,NA,NA,NA
"SC Otelul Galati","SuperLiga","Romania","2012","Departures","Constantin Miselaricu","https://www.transfermarkt.com/constantin-miselaricu/profil/spieler/175985","Centre-Back","22","Romania","Delta Tulcea","Liga 2","Romania",NA,TRUE,"loan transfer","Summer",NA,NA,NA,NA
"SC Otelul Galati","SuperLiga","Romania","2012","Departures","Razvan Ochirosii","https://www.transfermarkt.com/razvan-ochirosii/profil/spieler/43761","Left-Back","23","Romania","CF Fuenlabrada","2ª B - Grupo I","Spain",NA,TRUE,"loan transfer","Summer",NA,NA,NA,NA
"SC Otelul Galati","SuperLiga","Romania","2012","Departures","Georgian Butoi","https://www.transfermarkt.com/georgian-butoi/profil/spieler/289309","Centre-Forward","19","Romania","Fortuna PC",NA,"Romania",NA,TRUE,"loan transfer","Summer",NA,NA,NA,NA
"SC Otelul Galati","SuperLiga","Romania","2012","Departures","Alexandru Avram","https://www.transfermarkt.com/alexandru-avram/profil/spieler/69405","Attacking Midfield","21","Romania","Otelul II",NA,"Romania",NA,FALSE,"-","Summer",NA,NA,NA,NA
"SC Otelul Galati","SuperLiga","Romania","2012","Arrivals","Victoraș Astafei","https://www.transfermarkt.com/victoras-astafei/profil/spieler/119671","Left Winger","25","Romania","ASA Tg. Mures","Liga II - Seria II","Romania",220000,FALSE,NA,"Winter",16,16,2,1131
"SC Otelul Galati","SuperLiga","Romania","2012","Arrivals","Alexandru Zaharia","https://www.transfermarkt.com/alexandru-zaharia/profil/spieler/210679","Left Midfield","22","Romania","Turnu-Severin","SuperLiga","Romania",1e+05,FALSE,NA,"Winter",0,0,0,0
"SC Otelul Galati","SuperLiga","Romania","2012","Arrivals","Cosmin Vancea","https://www.transfermarkt.com/cosmin-vancea/profil/spieler/123226","Centre-Forward","28","Romania","Turnu-Severin","SuperLiga","Romania",0,FALSE,NA,"Winter",14,10,1,393
"SC Otelul Galati","SuperLiga","Romania","2012","Arrivals","Daniel Popescu","https://www.transfermarkt.com/daniel-popescu/profil/spieler/64224","Left-Back","25","Romania","Dunarea Galati","Liga 2","Romania",0,FALSE,NA,"Winter",7,5,0,403
"SC Otelul Galati","SuperLiga","Romania","2012","Arrivals","Marquinhos","https://www.transfermarkt.com/marquinhos/profil/spieler/179046","Attacking Midfield","20","Brazil","Paraná","Série B","Brazil",0,FALSE,NA,"Winter",13,11,0,404
"SC Otelul Galati","SuperLiga","Romania","2012","Arrivals","Daúd Gazale","https://www.transfermarkt.com/daud-gazale/profil/spieler/76390","Centre-Forward","28","Chile","U. Católica","Torneo Transición","Chile",NA,FALSE,"?","Winter",9,6,0,194
"SC Otelul Galati","SuperLiga","Romania","2012","Arrivals","João Felipe","https://www.transfermarkt.com/joao-felipe/profil/spieler/214317","Right-Back","20","Brazil","Flamengo B",NA,"Brazil",NA,FALSE,"?","Winter",9,4,0,55
"SC Otelul Galati","SuperLiga","Romania","2012","Arrivals","Alexandru Tudorie","https://www.transfermarkt.com/alexandru-tudorie/profil/spieler/260139","Centre-Forward","16","Romania","Otelul Galati U19",NA,"Romania",NA,FALSE,"-","Winter",4,4,0,68
"SC Otelul Galati","SuperLiga","Romania","2012","Arrivals","Georgian Butoi","https://www.transfermarkt.com/georgian-butoi/profil/spieler/289309","Centre-Forward","19","Romania","Fortuna PC",NA,"Romania",NA,TRUE,"End of loan Dec 31, 2012","Winter",NA,NA,NA,NA
"SC Otelul Galati","SuperLiga","Romania","2012","Departures","Milan Perendija","https://www.transfermarkt.com/milan-perendija/profil/spieler/46175","Centre-Back","27","Serbia","Mordovia","Premier Liga","Russia",5e+05,FALSE,NA,"Winter",19,14,0,1241
"SC Otelul Galati","SuperLiga","Romania","2012","Departures","Cornel Râpă","https://www.transfermarkt.com/cornel-rapa/profil/spieler/96290","Right-Back","23","Romania","FCSB","SuperLiga","Romania",1e+05,FALSE,NA,"Winter",17,16,0,1396
"SC Otelul Galati","SuperLiga","Romania","2012","Departures","Marius Pena","https://www.transfermarkt.com/marius-pena/profil/spieler/81495","Centre-Forward","27","Romania","FC Baku","Premyer Liqa","Azerbaijan",1e+05,FALSE,NA,"Winter",18,18,5,1347
"SC Otelul Galati","SuperLiga","Romania","2012","Departures","Laurențiu Buș","https://www.transfermarkt.com/laurentiu-bus/profil/spieler/54728","Central Midfield","25","Romania","Enisey","1.Division","Russia",0,FALSE,NA,"Winter",10,7,0,344
"SC Otelul Galati","SuperLiga","Romania","2012","Departures","Ștefan Mardare","https://www.transfermarkt.com/stefan-mardare/profil/spieler/46586","Centre-Back","25","Romania","FC Rapid 1923","SuperLiga","Romania",0,FALSE,NA,"Winter",NA,NA,NA,NA
"SC Otelul Galati","SuperLiga","Romania","2012","Departures","Bratislav Punosevac","https://www.transfermarkt.com/bratislav-punosevac/profil/spieler/46973","Centre-Forward","25","Serbia","ASA Tg. Mures","Liga II - Seria II","Romania",NA,TRUE,"loan transfer","Winter",14,13,1,401
"SC Otelul Galati","SuperLiga","Romania","2012","Departures","Sorin Cucu","https://www.transfermarkt.com/sorin-cucu/profil/spieler/98323","Left-Back","22","Romania","ASA Tg. Mures","Liga II - Seria II","Romania",NA,TRUE,"loan transfer","Winter",8,8,0,720
"SC Otelul Galati","SuperLiga","Romania","2012","Departures","Bogdan Chipirliu","https://www.transfermarkt.com/bogdan-chipirliu/profil/spieler/250134","Centre-Forward","20","Romania","Dunarea Galati","Liga 2","Romania",NA,TRUE,"loan transfer","Winter",3,2,0,11
"SC Otelul Galati","SuperLiga","Romania","2012","Departures","Cosmin Gârleanu","https://www.transfermarkt.com/cosmin-garleanu/profil/spieler/107657","Right Midfield","23","Romania","Delta Tulcea","Liga 2","Romania",NA,TRUE,"loan transfer","Winter",NA,NA,NA,NA
"SC Otelul Galati","SuperLiga","Romania","2012","Departures","Georgian Butoi","https://www.transfermarkt.com/georgian-butoi/profil/spieler/289309","Centre-Forward","20","Romania","Râmnicu Sarat",NA,"Romania",NA,TRUE,"loan transfer","Winter",NA,NA,NA,NA
"SC Otelul Galati","SuperLiga","Romania","2012","Departures","Cenk Firat","https://www.transfermarkt.com/cenk-firat/profil/spieler/274223","Centre-Forward","20","Türkiye","Dunarea Galati","Liga 2","Romania",NA,TRUE,"loan transfer","Winter",NA,NA,NA,NA
"SC Otelul Galati","SuperLiga","Romania","2012","Departures","Bruce Inkango","https://www.transfermarkt.com/bruce-inkango/profil/spieler/29298","Centre-Forward","28","France","Without Club",NA,NA,NA,FALSE,"-","Winter",13,13,5,843
"SC Otelul Galati","SuperLiga","Romania","2012","Departures","Danut Enescu","https://www.transfermarkt.com/danut-enescu/profil/spieler/203088","Defensive Midfield","25","Romania","Without Club",NA,NA,NA,FALSE,"-","Winter",2,0,0,0
"SC Otelul Galati","SuperLiga","Romania","2012","Departures","Gabriel Viglianti","https://www.transfermarkt.com/gabriel-viglianti/profil/spieler/69455","Attacking Midfield","33","Argentina",NA,NA,NA,NA,FALSE,"-","Winter",20,17,5,824
"Gaz Metan Medias (- 2022)",NA,NA,"2012","Arrivals","Eric","https://www.transfermarkt.com/eric/profil/spieler/81509","Attacking Midfield","26","Brazil","Karpaty","Premier Liga","Ukraine",0,FALSE,NA,"Summer",23,23,4,1923
"Gaz Metan Medias (- 2022)",NA,NA,"2012","Arrivals","Florin Dan","https://www.transfermarkt.com/florin-dan/profil/spieler/43298","Attacking Midfield","33","Romania","ASA Tg. Mures","Liga II - Seria II","Romania",0,FALSE,NA,"Summer",18,13,0,676
"Gaz Metan Medias (- 2022)",NA,NA,"2012","Arrivals","Ciprian Vasilache","https://www.transfermarkt.com/ciprian-vasilache/profil/spieler/34514","Attacking Midfield","28","Romania","ASA Tg. Mures","Liga II - Seria II","Romania",0,FALSE,NA,"Summer",11,7,1,330
"Gaz Metan Medias (- 2022)",NA,NA,"2012","Arrivals","Azdren Llullaku","https://www.transfermarkt.com/azdren-llullaku/profil/spieler/237389","Left Winger","24","Albania","US Città di Jesolo",NA,"Italy",0,FALSE,NA,"Summer",24,22,5,1456
"Gaz Metan Medias (- 2022)",NA,NA,"2012","Arrivals","Alexandru Greab","https://www.transfermarkt.com/alexandru-greab/profil/spieler/186027","Goalkeeper","20","Romania","Gloria Bistrita","SuperLiga","Romania",0,FALSE,NA,"Summer",25,4,0,360
"Gaz Metan Medias (- 2022)",NA,NA,"2012","Arrivals","Valentin Negru","https://www.transfermarkt.com/valentin-negru/profil/spieler/35439","Central Midfield","29","Romania","Petrolul","SuperLiga","Romania",NA,FALSE,"?","Summer",23,17,0,824
"Gaz Metan Medias (- 2022)",NA,NA,"2012","Arrivals","Victoraș Astafei","https://www.transfermarkt.com/victoras-astafei/profil/spieler/119671","Left Winger","25","Romania","ASA Tg. Mures","Liga II - Seria II","Romania",NA,TRUE,"loan transfer","Summer",16,16,8,1298
"Gaz Metan Medias (- 2022)",NA,NA,"2012","Arrivals","Sergiu Buș","https://www.transfermarkt.com/sergiu-bus/profil/spieler/123671","Centre-Forward","19","Romania","CFR Cluj","SuperLiga","Romania",NA,TRUE,"loan transfer","Summer",4,3,0,209
"Gaz Metan Medias (- 2022)",NA,NA,"2012","Arrivals","Filip Loncaric","https://www.transfermarkt.com/filip-loncaric/profil/spieler/34397","Goalkeeper","26","Croatia","Without Club",NA,NA,NA,FALSE,"-","Summer",6,3,0,270
"Gaz Metan Medias (- 2022)",NA,NA,"2012","Arrivals","Akaki Khubutia","https://www.transfermarkt.com/akaki-khubutia/profil/spieler/77640","Centre-Back","26","Georgia","Samsunspor","Süper Lig","Türkiye",NA,TRUE,"End of loan Jun 30, 2012","Summer",9,8,0,647
"Gaz Metan Medias (- 2022)",NA,NA,"2012","Arrivals","Romulus Miclea","https://www.transfermarkt.com/romulus-miclea/profil/spieler/47498","Right Midfield","32","Romania","Vointa Sibiu","SuperLiga","Romania",NA,TRUE,"End of loan Jun 30, 2012","Summer",NA,NA,NA,NA
"Gaz Metan Medias (- 2022)",NA,NA,"2012","Arrivals","Cătălin Savin","https://www.transfermarkt.com/catalin-savin/profil/spieler/81504","Defensive Midfield","21","Romania","FC Cisnadie",NA,"Romania",NA,TRUE,"End of loan Jun 30, 2012","Summer",NA,NA,NA,NA
"Gaz Metan Medias (- 2022)",NA,NA,"2012","Departures","Florin Bratu","https://www.transfermarkt.com/florin-bratu/profil/spieler/9710","Centre-Forward","32","Romania","Gloria Bistrita","SuperLiga","Romania",0,FALSE,NA,"Summer",NA,NA,NA,NA
"Gaz Metan Medias (- 2022)",NA,NA,"2012","Departures","Doru Dudita","https://www.transfermarkt.com/doru-dudita/profil/spieler/81478","Left Midfield","34","Romania","Vointa Sibiu","Liga II - Seria II","Romania",0,FALSE,NA,"Summer",NA,NA,NA,NA
"Gaz Metan Medias (- 2022)",NA,NA,"2012","Departures","Ionut Hlinca","https://www.transfermarkt.com/ionut-hlinca/profil/spieler/225825","Centre-Back","24","Romania","Sportul Snagov","Liga II - Seria II","Romania",0,FALSE,NA,"Summer",NA,NA,NA,NA
"Gaz Metan Medias (- 2022)",NA,NA,"2012","Departures","Issa Ba","https://www.transfermarkt.com/issa-ba/profil/spieler/21160","Central Midfield","30","Senegal","FC Dinamo","SuperLiga","Romania",NA,FALSE,"?","Summer",NA,NA,NA,NA
"Gaz Metan Medias (- 2022)",NA,NA,"2012","Departures","Florin Lazar","https://www.transfermarkt.com/florin-lazar/profil/spieler/48676","Centre-Back","32","Romania","FC Brasov","SuperLiga","Romania",NA,FALSE,"?","Summer",1,0,0,0
"Gaz Metan Medias (- 2022)",NA,NA,"2012","Departures","Romulus Miclea","https://www.transfermarkt.com/romulus-miclea/profil/spieler/47498","Right Midfield","32","Romania","Unknown",NA,NA,NA,FALSE,"?","Summer",NA,NA,NA,NA
"Gaz Metan Medias (- 2022)",NA,NA,"2012","Departures","Edgars Portnojs","https://www.transfermarkt.com/edgars-portnojs/profil/spieler/151850","Goalkeeper","22","Latvia","Unknown",NA,NA,NA,FALSE,"?","Summer",NA,NA,NA,NA
"Gaz Metan Medias (- 2022)",NA,NA,"2012","Departures","Cătălin Savin","https://www.transfermarkt.com/catalin-savin/profil/spieler/81504","Defensive Midfield","21","Romania","Chiajna II",NA,"Romania",NA,FALSE,"?","Summer",NA,NA,NA,NA
"Gaz Metan Medias (- 2022)",NA,NA,"2012","Departures","Adrian Gurincu","https://www.transfermarkt.com/adrian-gurincu/profil/spieler/225091","Goalkeeper","19","Romania","Unknown",NA,NA,NA,TRUE,"loan transfer","Summer",1,0,0,0
"Gaz Metan Medias (- 2022)",NA,NA,"2012","Departures","Ovidiu Covaciu","https://www.transfermarkt.com/ovidiu-covaciu/profil/spieler/227548","Central Midfield","21","Romania","Sticla A. Turda",NA,"Romania",NA,TRUE,"loan transfer","Summer",NA,NA,NA,NA
"Gaz Metan Medias (- 2022)",NA,NA,"2012","Departures","Raul Gaspar","https://www.transfermarkt.com/raul-gaspar/profil/spieler/281049","Attacking Midfield","19","Romania","FC Cisnadie",NA,"Romania",NA,TRUE,"loan transfer","Summer",1,0,0,0
"Gaz Metan Medias (- 2022)",NA,NA,"2012","Departures","Andrei Bozesan","https://www.transfermarkt.com/andrei-bozesan/profil/spieler/46512","Central Midfield","24","Romania","Without Club",NA,NA,NA,FALSE,"-","Summer",NA,NA,NA,NA
"Gaz Metan Medias (- 2022)",NA,NA,"2012","Departures","Alin Litu","https://www.transfermarkt.com/alin-litu/profil/spieler/34938","Centre-Forward","25","Romania","Without Club",NA,NA,NA,FALSE,"-","Summer",NA,NA,NA,NA
"Gaz Metan Medias (- 2022)",NA,NA,"2012","Departures","Sergiu Buș","https://www.transfermarkt.com/sergiu-bus/profil/spieler/123671","Centre-Forward","19","Romania","CFR Cluj","SuperLiga","Romania",NA,TRUE,"End of loan Aug 28, 2012","Summer",4,3,0,209
"Gaz Metan Medias (- 2022)",NA,NA,"2012","Arrivals","Sebastian Cojocnean","https://www.transfermarkt.com/sebastian-cojocnean/profil/spieler/104063","Right Winger","24","Romania","Petrolul","SuperLiga","Romania",0,FALSE,NA,"Winter",2,2,0,23
"Gaz Metan Medias (- 2022)",NA,NA,"2012","Arrivals","Octavian Draghici","https://www.transfermarkt.com/octavian-draghici/profil/spieler/88826","Centre-Forward","27","Romania","U Cluj","SuperLiga","Romania",0,FALSE,NA,"Winter",7,5,0,198
"Gaz Metan Medias (- 2022)",NA,NA,"2012","Arrivals","Aleksandar Radovic","https://www.transfermarkt.com/aleksandar-radovic/profil/spieler/52300","Right-Back","25","Montenegro","Dinamo Pancevo",NA,"Serbia",NA,FALSE,"?","Winter",13,9,0,605
"Gaz Metan Medias (- 2022)",NA,NA,"2012","Arrivals","Fabio Bravo","https://www.transfermarkt.com/fabio-bravo/profil/spieler/169132","Attacking Midfield","23","Italy","Sacilese","Serie D - C","Italy",NA,FALSE,"?","Winter",2,1,0,1
"Gaz Metan Medias (- 2022)",NA,NA,"2012","Arrivals","Filip Loncaric","https://www.transfermarkt.com/filip-loncaric/profil/spieler/34397","Goalkeeper","26","Croatia","Without Club",NA,NA,NA,FALSE,"-","Winter",6,3,0,270
"Gaz Metan Medias (- 2022)",NA,NA,"2012","Arrivals","Adrian Gurincu","https://www.transfermarkt.com/adrian-gurincu/profil/spieler/225091","Goalkeeper","19","Romania","Unknown",NA,NA,NA,TRUE,"End of loan Dec 31, 2012","Winter",1,0,0,0
"Gaz Metan Medias (- 2022)",NA,NA,"2012","Arrivals","Raul Gaspar","https://www.transfermarkt.com/raul-gaspar/profil/spieler/281049","Attacking Midfield","20","Romania","FC Cisnadie",NA,"Romania",NA,TRUE,"End of loan Dec 31, 2012","Winter",1,0,0,0
"Gaz Metan Medias (- 2022)",NA,NA,"2012","Departures","Akaki Khubutia","https://www.transfermarkt.com/akaki-khubutia/profil/spieler/77640","Centre-Back","26","Georgia","Mordovia","Premier Liga","Russia",0,FALSE,NA,"Winter",9,8,0,647
"Gaz Metan Medias (- 2022)",NA,NA,"2012","Departures","Ciprian Vasilache","https://www.transfermarkt.com/ciprian-vasilache/profil/spieler/34514","Attacking Midfield","29","Romania","Bihor Oradea","Liga II - Seria II","Romania",0,FALSE,NA,"Winter",11,7,1,330
"Gaz Metan Medias (- 2022)",NA,NA,"2012","Departures","Ivan Vukadinovic","https://www.transfermarkt.com/ivan-vukadinovic/profil/spieler/49816","Left-Back","28","Serbia","Without Club",NA,NA,NA,FALSE,"-","Winter",15,10,0,704
"Gaz Metan Medias (- 2022)",NA,NA,"2012","Departures","Filip Loncaric","https://www.transfermarkt.com/filip-loncaric/profil/spieler/34397","Goalkeeper","26","Croatia","Without Club",NA,NA,NA,FALSE,"-","Winter",6,3,0,270
"Gaz Metan Medias (- 2022)",NA,NA,"2012","Departures","Victoraș Astafei","https://www.transfermarkt.com/victoras-astafei/profil/spieler/119671","Left Winger","25","Romania","ASA Tg. Mures","Liga II - Seria II","Romania",NA,TRUE,"End of loan Dec 31, 2012","Winter",16,16,8,1298
"Gaz Metan Medias (- 2022)",NA,NA,"2012","Departures","Cristian Bud","https://www.transfermarkt.com/cristian-bud/profil/spieler/104211","Centre-Forward","27","Romania","CFR Cluj","SuperLiga","Romania",NA,TRUE,"End of loan Dec 31, 2012","Winter",13,10,0,395
"CS Turnu-Severin (- 2013)",NA,NA,"2012","Arrivals","Nicolae Zuluf","https://www.transfermarkt.com/nicolae-zuluf/profil/spieler/157031","Left Midfield","24","Romania","Dinamo II","Liga 2","Romania",0,FALSE,NA,"Summer",2,2,0,27
"CS Turnu-Severin (- 2013)",NA,NA,"2012","Arrivals","Alexandru Ologu","https://www.transfermarkt.com/alexandru-ologu/profil/spieler/105682","Central Midfield","22","Romania","Astra Giurgiu","SuperLiga","Romania",0,FALSE,NA,"Summer",3,3,0,178
"CS Turnu-Severin (- 2013)",NA,NA,"2012","Arrivals","Jovan Golic","https://www.transfermarkt.com/jovan-golic/profil/spieler/49914","Defensive Midfield","25","Serbia","Spartak Nalchik","1.Division","Russia",0,FALSE,NA,"Summer",14,13,0,989
"CS Turnu-Severin (- 2013)",NA,NA,"2012","Arrivals","Alin Buleică","https://www.transfermarkt.com/alin-buleica/profil/spieler/147286","Right-Back","20","Romania","Petrolul","SuperLiga","Romania",0,FALSE,NA,"Summer",19,15,0,988
"CS Turnu-Severin (- 2013)",NA,NA,"2012","Arrivals","Ducu Ninu","https://www.transfermarkt.com/ducu-ninu/profil/spieler/42788","Centre-Back","25","Romania","Daco-Getica",NA,"Romania",0,FALSE,NA,"Summer",6,3,0,213
"CS Turnu-Severin (- 2013)",NA,NA,"2012","Arrivals","Alexandre Durimel","https://www.transfermarkt.com/alexandre-durimel/profil/spieler/106229","Centre-Back","22","France","Amiens SC","Championnat National","France",0,FALSE,NA,"Summer",22,18,0,1515
"CS Turnu-Severin (- 2013)",NA,NA,"2012","Arrivals","Alexandru Iordan","https://www.transfermarkt.com/alexandru-iordan/profil/spieler/236147","Goalkeeper","23","Romania","Lapusata",NA,"Romania",0,FALSE,NA,"Summer",9,2,0,135
"CS Turnu-Severin (- 2013)",NA,NA,"2012","Arrivals","Florin Patrascu","https://www.transfermarkt.com/florin-patrascu/profil/spieler/56527","Defensive Midfield","26","Romania","Astra Giurgiu","SuperLiga","Romania",NA,FALSE,"?","Summer",17,11,0,399
"CS Turnu-Severin (- 2013)",NA,NA,"2012","Arrivals","Dragos Dragalina","https://www.transfermarkt.com/dragos-dragalina/profil/spieler/213214","Second Striker","24","Romania","FC Olt Slatina","Liga II - Seria II","Romania",NA,FALSE,"?","Summer",11,8,0,503
"CS Turnu-Severin (- 2013)",NA,NA,"2012","Arrivals","Bogdan Stoica","https://www.transfermarkt.com/bogdan-stoica/profil/spieler/210991","Centre-Back","31","Romania","CS Mioveni","Liga II - Seria II","Romania",NA,FALSE,"?","Summer",4,0,0,0
"CS Turnu-Severin (- 2013)",NA,NA,"2012","Arrivals","Sergiu Arnăutu","https://www.transfermarkt.com/sergiu-arnautu/profil/spieler/241230","Centre-Forward","22","Romania","CS Brazi",NA,"Romania",NA,FALSE,"?","Summer",12,10,1,541
"CS Turnu-Severin (- 2013)",NA,NA,"2012","Arrivals","Costinel Gugu","https://www.transfermarkt.com/costinel-gugu/profil/spieler/179792","Centre-Back","20","Romania","ASA Tg. Mures","Liga II - Seria II","Romania",NA,TRUE,"loan transfer","Summer",11,6,0,362
"CS Turnu-Severin (- 2013)",NA,NA,"2012","Arrivals","Razvan Neagu","https://www.transfermarkt.com/razvan-neagu/profil/spieler/46607","Centre-Forward","25","Romania","FC Vaslui","SuperLiga","Romania",NA,TRUE,"loan transfer","Summer",2,1,0,14
"CS Turnu-Severin (- 2013)",NA,NA,"2012","Arrivals","Barry Kader","https://www.transfermarkt.com/barry-kader/profil/spieler/41876","Left Midfield","26","Cote d'Ivoire","Without Club",NA,NA,NA,FALSE,"-","Summer",6,5,0,239
"CS Turnu-Severin (- 2013)",NA,NA,"2012","Arrivals","Andrei Marinescu","https://www.transfermarkt.com/andrei-marinescu/profil/spieler/45052","Goalkeeper","27","Romania","Without Club",NA,NA,NA,FALSE,"-","Summer",19,16,0,1395
"CS Turnu-Severin (- 2013)",NA,NA,"2012","Arrivals","Joël Thomas","https://www.transfermarkt.com/joel-thomas/profil/spieler/32701","Centre-Forward","25","France","Without Club",NA,NA,NA,FALSE,"-","Summer",29,27,6,1500
"CS Turnu-Severin (- 2013)",NA,NA,"2012","Arrivals","Gabriel Boștină","https://www.transfermarkt.com/gabriel-bostina/profil/spieler/26489","Left Midfield","35","Romania",NA,NA,NA,NA,FALSE,"-","Summer",0,0,0,0
"CS Turnu-Severin (- 2013)",NA,NA,"2012","Arrivals","Catalin Nita","https://www.transfermarkt.com/catalin-nita/profil/spieler/213207","Midfielder","26","Romania","FC Caransebes",NA,"Romania",NA,TRUE,"End of loan Jun 30, 2012","Summer",NA,NA,NA,NA
"CS Turnu-Severin (- 2013)",NA,NA,"2012","Arrivals","Mihnea Firoiu","https://www.transfermarkt.com/mihnea-firoiu/profil/spieler/298275","Right-Back","19","Romania","FC Caransebes",NA,"Romania",NA,TRUE,"End of loan Jun 30, 2012","Summer",NA,NA,NA,NA
"CS Turnu-Severin (- 2013)",NA,NA,"2012","Arrivals","Bogdan Chirea","https://www.transfermarkt.com/bogdan-chirea/profil/spieler/287414","Striker","22","Romania","FC Caransebes",NA,"Romania",NA,TRUE,"End of loan Jun 30, 2012","Summer",NA,NA,NA,NA
"CS Turnu-Severin (- 2013)",NA,NA,"2012","Departures","Nicolae Zuluf","https://www.transfermarkt.com/nicolae-zuluf/profil/spieler/157031","Left Midfield","24","Romania","Concordia","SuperLiga","Romania",0,FALSE,NA,"Summer",2,2,0,27
"CS Turnu-Severin (- 2013)",NA,NA,"2012","Departures","Alexandru Marin","https://www.transfermarkt.com/alexandru-marin/profil/spieler/213119","Centre-Forward","24","Romania","FC Olt Slatina","Liga II - Seria II","Romania",0,FALSE,NA,"Summer",NA,NA,NA,NA
"CS Turnu-Severin (- 2013)",NA,NA,"2012","Departures","Silviu Balace","https://www.transfermarkt.com/silviu-balace/profil/spieler/47867","Left-Back","33","Romania","ACS Poli","Liga II - Seria II","Romania",0,FALSE,NA,"Summer",5,4,0,314
"CS Turnu-Severin (- 2013)",NA,NA,"2012","Departures","Ionut Mitroi","https://www.transfermarkt.com/ionut-mitroi/profil/spieler/209650","Midfielder","25","Romania","FC Caracal",NA,"Romania",0,FALSE,NA,"Summer",NA,NA,NA,NA
"CS Turnu-Severin (- 2013)",NA,NA,"2012","Departures","Liviu Rusu","https://www.transfermarkt.com/liviu-rusu/profil/spieler/46640","Left-Back","31","Romania","Sageata Navodar","Liga 2","Romania",0,FALSE,NA,"Summer",NA,NA,NA,NA
"CS Turnu-Severin (- 2013)",NA,NA,"2012","Departures","Bozidar Cosic","https://www.transfermarkt.com/bozidar-cosic/profil/spieler/47102","Centre-Back","30","Serbia","FC Olt Slatina","Liga II - Seria II","Romania",0,FALSE,NA,"Summer",NA,NA,NA,NA
"CS Turnu-Severin (- 2013)",NA,NA,"2012","Departures","Patrian Trifu","https://www.transfermarkt.com/patrian-trifu/profil/spieler/209655","Centre-Forward","26","Romania","FC Caracal",NA,"Romania",0,FALSE,NA,"Summer",NA,NA,NA,NA
"CS Turnu-Severin (- 2013)",NA,NA,"2012","Departures","Dan Ignat","https://www.transfermarkt.com/dan-ignat/profil/spieler/213264","Centre-Back","25","Romania","Dacia U. Braila","Liga 2","Romania",0,FALSE,NA,"Summer",NA,NA,NA,NA
"CS Turnu-Severin (- 2013)",NA,NA,"2012","Departures","Alexandru Mitriță","https://www.transfermarkt.com/alexandru-mitrita/profil/spieler/209649","Left Winger","17","Romania","FCV Farul","SuperLiga","Romania",0,FALSE,NA,"Summer",NA,NA,NA,NA
"CS Turnu-Severin (- 2013)",NA,NA,"2012","Departures","Eugen Riosanu","https://www.transfermarkt.com/eugen-riosanu/profil/spieler/209654","Attacking Midfield","27","Romania","FC Caracal",NA,"Romania",0,FALSE,NA,"Summer",NA,NA,NA,NA
"CS Turnu-Severin (- 2013)",NA,NA,"2012","Departures","Mihnea Firoiu","https://www.transfermarkt.com/mihnea-firoiu/profil/spieler/298275","Right-Back","19","Romania","FC Caransebes",NA,"Romania",0,FALSE,NA,"Summer",NA,NA,NA,NA
"CS Turnu-Severin (- 2013)",NA,NA,"2012","Departures","Bogdan Stoica","https://www.transfermarkt.com/bogdan-stoica/profil/spieler/210991","Centre-Back","31","Romania","CS Mioveni","Liga II - Seria II","Romania",NA,FALSE,"?","Summer",4,0,0,0
"CS Turnu-Severin (- 2013)",NA,NA,"2012","Departures","Catalin Nita","https://www.transfermarkt.com/catalin-nita/profil/spieler/213207","Midfielder","26","Romania","Viitor. Craiova",NA,"Romania",NA,FALSE,"?","Summer",NA,NA,NA,NA
"CS Turnu-Severin (- 2013)",NA,NA,"2012","Departures","Alexandru Mirescu","https://www.transfermarkt.com/alexandru-mirescu/profil/spieler/209647","Right Midfield","21","Romania","Without Club",NA,NA,NA,FALSE,"-","Summer",NA,NA,NA,NA
"CS Turnu-Severin (- 2013)",NA,NA,"2012","Departures","Bogdan Mustata","https://www.transfermarkt.com/bogdan-mustata/profil/spieler/147999","Right-Back","21","Romania","Without Club",NA,NA,NA,FALSE,"-","Summer",NA,NA,NA,NA
"CS Turnu-Severin (- 2013)",NA,NA,"2012","Departures","Mihai Neagoe","https://www.transfermarkt.com/mihai-neagoe/profil/spieler/48787","Goalkeeper","24","Romania","Without Club",NA,NA,NA,FALSE,"-","Summer",NA,NA,NA,NA
"CS Turnu-Severin (- 2013)",NA,NA,"2012","Departures","Viorel Saim","https://www.transfermarkt.com/viorel-saim/profil/spieler/147810","Left Midfield","21","Romania","ASA Tg. Mures","Liga II - Seria II","Romania",NA,TRUE,"End of loan Jun 30, 2012","Summer",NA,NA,NA,NA
"CS Turnu-Severin (- 2013)",NA,NA,"2012","Departures","Razvan Neagu","https://www.transfermarkt.com/razvan-neagu/profil/spieler/46607","Centre-Forward","25","Romania","FC Vaslui","SuperLiga","Romania",NA,TRUE,"End of loan Jul 31, 2012","Summer",2,1,0,14
"CS Turnu-Severin (- 2013)",NA,NA,"2012","Arrivals","Dorel Stoica","https://www.transfermarkt.com/dorel-stoica/profil/spieler/47584","Defensive Midfield","34","Romania","Al-Shorta SC",NA,"Syria",0,FALSE,NA,"Winter",10,10,1,833
"CS Turnu-Severin (- 2013)",NA,NA,"2012","Arrivals","Gabriel Velcovici","https://www.transfermarkt.com/gabriel-velcovici/profil/spieler/47585","Left-Back","28","Romania","FC Olt Slatina","Liga II - Seria II","Romania",0,FALSE,NA,"Winter",8,4,0,207
"CS Turnu-Severin (- 2013)",NA,NA,"2012","Arrivals","Leonidas Panagopoulos","https://www.transfermarkt.com/leonidas-panagopoulos/profil/spieler/36303","Goalkeeper","25","Greece","Vyzas Megaron","Football League","Greece",0,FALSE,NA,"Winter",14,12,0,1080
"CS Turnu-Severin (- 2013)",NA,NA,"2012","Arrivals","Catalin Craciun","https://www.transfermarkt.com/catalin-craciun/profil/spieler/16210","Right Winger","21","Romania","FC Olt Slatina","Liga II - Seria II","Romania",0,FALSE,NA,"Winter",9,4,0,76
"CS Turnu-Severin (- 2013)",NA,NA,"2012","Arrivals","Dumitru Hotoboc","https://www.transfermarkt.com/dumitru-hotoboc/profil/spieler/46563","Goalkeeper","34","Romania","Jiul Petrosani",NA,"Romania",0,FALSE,NA,"Winter",14,3,0,269
"CS Turnu-Severin (- 2013)",NA,NA,"2012","Arrivals","Georgian Tobă","https://www.transfermarkt.com/georgian-toba/profil/spieler/156901","Right Winger","23","Romania","U Cluj","SuperLiga","Romania",0,FALSE,NA,"Winter",3,2,0,51
"CS Turnu-Severin (- 2013)",NA,NA,"2012","Arrivals","Filippos Papageridis","https://www.transfermarkt.com/filippos-papageridis/profil/spieler/96510","Centre-Back","28","Greece","AO Kavala","Football League","Greece",0,FALSE,NA,"Winter",2,0,0,0
"CS Turnu-Severin (- 2013)",NA,NA,"2012","Arrivals","Mirza Hasanovic","https://www.transfermarkt.com/mirza-hasanovic/profil/spieler/220835","Centre-Back","22","Bosnia-Herzegovina","Bosna Kalesija",NA,"Bosnia-Herzegovina",0,FALSE,NA,"Winter",14,11,1,744
"CS Turnu-Severin (- 2013)",NA,NA,"2012","Arrivals","Nikolaos Moustakis","https://www.transfermarkt.com/nikolaos-moustakis/profil/spieler/206568","Right-Back","22","Greece","AO Neas Ionias",NA,"Greece",0,FALSE,NA,"Winter",5,0,0,0
"CS Turnu-Severin (- 2013)",NA,NA,"2012","Arrivals","Cosmin Fruntelata","https://www.transfermarkt.com/cosmin-fruntelata/profil/spieler/48840","Left Winger","25","Romania","Unknown",NA,NA,0,FALSE,NA,"Winter",3,1,0,2
"CS Turnu-Severin (- 2013)",NA,NA,"2012","Arrivals","Antonio Stelitano","https://www.transfermarkt.com/antonio-stelitano/profil/spieler/295682","Right-Back","25","Italy","Cittanova",NA,"Italy",0,FALSE,NA,"Winter",NA,NA,NA,NA
"CS Turnu-Severin (- 2013)",NA,NA,"2012","Arrivals","Christos Tripsas","https://www.transfermarkt.com/christos-tripsas/profil/spieler/171759","Midfielder","22","Greece","Tilykratis",NA,"Greece",0,FALSE,NA,"Winter",NA,NA,NA,NA
"CS Turnu-Severin (- 2013)",NA,NA,"2012","Arrivals","Stavros Iosipou","https://www.transfermarkt.com/stavros-iosipou/profil/spieler/448138","Goalkeeper","21","Greece","Elpidoforos",NA,"Greece",0,FALSE,NA,"Winter",NA,NA,NA,NA
"CS Turnu-Severin (- 2013)",NA,NA,"2012","Arrivals","Antonio Asanovic","https://www.transfermarkt.com/antonio-asanovic/profil/spieler/177331","Centre-Back","21","Croatia","Hajduk Split","SuperSport HNL","Croatia",0,FALSE,NA,"Winter",15,13,0,1125
"CS Turnu-Severin (- 2013)",NA,NA,"2012","Arrivals","Vasil Vila","https://www.transfermarkt.com/vasil-vila/profil/spieler/1230682","Midfielder","18","Albania","Asteras (-2022)",NA,"Greece",0,FALSE,NA,"Winter",NA,NA,NA,NA
"CS Turnu-Severin (- 2013)",NA,NA,"2012","Arrivals","Vojislav Vranjkovic","https://www.transfermarkt.com/vojislav-vranjkovic/profil/spieler/36950","Defensive Midfield","30","Serbia","FK Celik Niksic",NA,"Montenegro",NA,FALSE,"?","Winter",13,13,2,1137
"CS Turnu-Severin (- 2013)",NA,NA,"2012","Arrivals","Cristian Poiană","https://www.transfermarkt.com/cristian-poiana/profil/spieler/212706","Attacking Midfield","24","Romania","ASA Tg. Mures","Liga II - Seria II","Romania",NA,FALSE,"?","Winter",12,4,0,106
"CS Turnu-Severin (- 2013)",NA,NA,"2012","Arrivals","Andrei Daruiala","https://www.transfermarkt.com/andrei-daruiala/profil/spieler/208711","Right-Back","20","Romania","Poli. Timisoara",NA,"Romania",NA,FALSE,"?","Winter",0,0,0,0
"CS Turnu-Severin (- 2013)",NA,NA,"2012","Arrivals","Filippo Cunsolo","https://www.transfermarkt.com/filippo-cunsolo/profil/spieler/242014","Striker","24","Italy","GC Biaschesi","1. Liga gr. 3","Switzerland",NA,FALSE,"?","Winter",NA,NA,NA,NA
"CS Turnu-Severin (- 2013)",NA,NA,"2012","Arrivals","Oliver Tole","https://www.transfermarkt.com/oliver-tole/profil/spieler/46432","Centre-Forward","22","Croatia","Austria XIII","Wiener Stadtliga","Austria",NA,FALSE,"?","Winter",9,5,0,271
"CS Turnu-Severin (- 2013)",NA,NA,"2012","Arrivals","Ciprian Brata","https://www.transfermarkt.com/ciprian-brata/profil/spieler/156616","Left Midfield","21","Romania","Pandurii ","SuperLiga","Romania",NA,TRUE,"loan transfer","Winter",11,10,0,717
"CS Turnu-Severin (- 2013)",NA,NA,"2012","Arrivals","Mihai Roman","https://www.transfermarkt.com/mihai-roman/profil/spieler/135566","Centre-Forward","20","Romania","Petrolul","SuperLiga","Romania",NA,TRUE,"loan transfer","Winter",14,12,3,562
"CS Turnu-Severin (- 2013)",NA,NA,"2012","Arrivals","Iskandar Dzhalilov","https://www.transfermarkt.com/iskandar-dzhalilov/profil/spieler/104837","Left-Back","20","Tajikistan","Rubin Kazan II","U19 M-Liga (- 2023)","Russia",NA,TRUE,"loan transfer","Winter",14,11,0,963
"CS Turnu-Severin (- 2013)",NA,NA,"2012","Arrivals","Ionuț Tătaru","https://www.transfermarkt.com/ionut-tataru/profil/spieler/164203","Centre-Back","23","Romania","Pandurii ","SuperLiga","Romania",NA,TRUE,"loan transfer","Winter",11,10,0,855
"CS Turnu-Severin (- 2013)",NA,NA,"2012","Arrivals","Ovidiu Dănănae","https://www.transfermarkt.com/ovidiu-dananae/profil/spieler/47574","Centre-Back","27","Romania","Without Club",NA,NA,NA,FALSE,"-","Winter",13,13,0,1170
"CS Turnu-Severin (- 2013)",NA,NA,"2012","Arrivals","Florin Costea","https://www.transfermarkt.com/florin-costea/profil/spieler/47571","Left Winger","27","Romania","Without Club",NA,NA,NA,FALSE,"-","Winter",14,14,8,1259
"CS Turnu-Severin (- 2013)",NA,NA,"2012","Arrivals","Marian Mecea","https://www.transfermarkt.com/marian-mecea/profil/spieler/129165","Goalkeeper","22","Romania","Without Club",NA,NA,NA,FALSE,"-","Winter",2,1,0,1
"CS Turnu-Severin (- 2013)",NA,NA,"2012","Arrivals","Alexandros Biris","https://www.transfermarkt.com/alexandros-biris/profil/spieler/272611","Centre-Back","26","Greece","Without Club",NA,NA,NA,FALSE,"-","Winter",1,1,0,10
"CS Turnu-Severin (- 2013)",NA,NA,"2012","Departures","Alexandru Zaharia","https://www.transfermarkt.com/alexandru-zaharia/profil/spieler/210679","Left Midfield","22","Romania","Otelul Galati","SuperLiga","Romania",1e+05,FALSE,NA,"Winter",20,20,2,1695
"CS Turnu-Severin (- 2013)",NA,NA,"2012","Departures","Alexandru Dandea","https://www.transfermarkt.com/alexandru-dandea/profil/spieler/213287","Centre-Back","24","Romania","FC Dinamo","SuperLiga","Romania",0,FALSE,NA,"Winter",19,17,2,1530
"CS Turnu-Severin (- 2013)",NA,NA,"2012","Departures","Cosmin Vancea","https://www.transfermarkt.com/cosmin-vancea/profil/spieler/123226","Centre-Forward","28","Romania","Otelul Galati","SuperLiga","Romania",0,FALSE,NA,"Winter",20,17,5,1289
"CS Turnu-Severin (- 2013)",NA,NA,"2012","Departures","Alexandru Giurgiu","https://www.transfermarkt.com/alexandru-giurgiu/profil/spieler/212702","Left-Back","20","Romania","Astra Giurgiu","SuperLiga","Romania",0,FALSE,NA,"Winter",19,16,0,1186
"CS Turnu-Severin (- 2013)",NA,NA,"2012","Departures","Milan Mitic","https://www.transfermarkt.com/milan-mitic/profil/spieler/209648","Defensive Midfield","29","Serbia","ACSM Poli Iasi","SuperLiga","Romania",0,FALSE,NA,"Winter",20,20,0,1800
"CS Turnu-Severin (- 2013)",NA,NA,"2012","Departures","Jovan Golic","https://www.transfermarkt.com/jovan-golic/profil/spieler/49914","Defensive Midfield","26","Serbia","Atyrau","Premier Liga","Kazakhstan",0,FALSE,NA,"Winter",14,13,0,989
"CS Turnu-Severin (- 2013)",NA,NA,"2012","Departures","Alin Buleică","https://www.transfermarkt.com/alin-buleica/profil/spieler/147286","Right-Back","21","Romania","Pandurii ","SuperLiga","Romania",0,FALSE,NA,"Winter",19,15,0,988
"CS Turnu-Severin (- 2013)",NA,NA,"2012","Departures","Mihai Stetca","https://www.transfermarkt.com/mihai-stetca/profil/spieler/81506","Goalkeeper","31","Romania","FCM Baia Mare","Liga II - Seria II","Romania",0,FALSE,NA,"Winter",14,4,0,360
"CS Turnu-Severin (- 2013)",NA,NA,"2012","Departures","Barry Kader","https://www.transfermarkt.com/barry-kader/profil/spieler/41876","Left Midfield","26","Cote d'Ivoire","Vard","OBOS-ligaen","Norway",0,FALSE,NA,"Winter",6,5,0,239
"CS Turnu-Severin (- 2013)",NA,NA,"2012","Departures","Ducu Ninu","https://www.transfermarkt.com/ducu-ninu/profil/spieler/42788","Centre-Back","26","Romania","U Cluj","SuperLiga","Romania",0,FALSE,NA,"Winter",6,3,0,213
"CS Turnu-Severin (- 2013)",NA,NA,"2012","Departures","Paul Abba","https://www.transfermarkt.com/paul-abba/profil/spieler/221702","Centre-Forward","22","Nigeria","Conpet Ploiesti",NA,"Romania",0,FALSE,NA,"Winter",15,9,2,309
"CS Turnu-Severin (- 2013)",NA,NA,"2012","Departures","Alexandru Ologu","https://www.transfermarkt.com/alexandru-ologu/profil/spieler/105682","Central Midfield","23","Romania","Sageata Navodar","Liga 2","Romania",0,FALSE,NA,"Winter",3,3,0,178
"CS Turnu-Severin (- 2013)",NA,NA,"2012","Departures","Dragos Dragalina","https://www.transfermarkt.com/dragos-dragalina/profil/spieler/213214","Second Striker","25","Romania","CS Mioveni","Liga II - Seria II","Romania",0,FALSE,NA,"Winter",11,8,0,503
"CS Turnu-Severin (- 2013)",NA,NA,"2012","Departures","Andrei Marinescu","https://www.transfermarkt.com/andrei-marinescu/profil/spieler/45052","Goalkeeper","27","Romania","FC Brasov","SuperLiga","Romania",NA,FALSE,"?","Winter",19,16,0,1395
"CS Turnu-Severin (- 2013)",NA,NA,"2012","Departures","Hugo Moutinho","https://www.transfermarkt.com/hugo-moutinho/profil/spieler/209651","Attacking Midfield","31","Portugal","ACSM Poli Iasi","SuperLiga","Romania",NA,FALSE,"?","Winter",20,20,1,1628
"CS Turnu-Severin (- 2013)",NA,NA,"2012","Departures","Sergiu Arnăutu","https://www.transfermarkt.com/sergiu-arnautu/profil/spieler/241230","Centre-Forward","22","Romania","CS Mioveni","Liga II - Seria II","Romania",NA,TRUE,"loan transfer","Winter",12,10,1,541
"CS Turnu-Severin (- 2013)",NA,NA,"2012","Departures","Florin Patrascu","https://www.transfermarkt.com/florin-patrascu/profil/spieler/56527","Defensive Midfield","26","Romania","Without Club",NA,NA,NA,FALSE,"-","Winter",17,11,0,399
"CS Turnu-Severin (- 2013)",NA,NA,"2012","Departures","Alexandru Iordan","https://www.transfermarkt.com/alexandru-iordan/profil/spieler/236147","Goalkeeper","24","Romania","Without Club",NA,NA,NA,FALSE,"-","Winter",9,2,0,135
"CS Turnu-Severin (- 2013)",NA,NA,"2012","Departures","Costinel Gugu","https://www.transfermarkt.com/costinel-gugu/profil/spieler/179792","Centre-Back","20","Romania","ASA Tg. Mures","Liga II - Seria II","Romania",NA,TRUE,"End of loan Jan 18, 2013","Winter",11,6,0,362
"FC Universitatea Cluj","SuperLiga","Romania","2012","Arrivals","Plamen Krumov","https://www.transfermarkt.com/plamen-krumov/profil/spieler/79859","Centre-Back","26","Bulgaria","Concordia","SuperLiga","Romania",0,FALSE,NA,"Summer",19,14,0,1015
"FC Universitatea Cluj","SuperLiga","Romania","2012","Arrivals","Paraskevas Christou","https://www.transfermarkt.com/paraskevas-christou/profil/spieler/48933","Centre-Back","28","Cyprus","Alki Larnaca","Cyprus League","Cyprus",0,FALSE,NA,"Summer",17,17,0,1447
"FC Universitatea Cluj","SuperLiga","Romania","2012","Arrivals","Paulinho","https://www.transfermarkt.com/paulinho/profil/spieler/37577","Attacking Midfield","27","Portugal","Concordia","SuperLiga","Romania",0,FALSE,NA,"Summer",17,17,3,1245
"FC Universitatea Cluj","SuperLiga","Romania","2012","Arrivals","Dragoş Firţulescu","https://www.transfermarkt.com/dragos-firtulescu/profil/spieler/48778","Left Winger","23","Romania","ASA Tg. Mures","Liga II - Seria II","Romania",0,FALSE,NA,"Summer",3,2,0,58
"FC Universitatea Cluj","SuperLiga","Romania","2012","Arrivals","Catalin Samoila","https://www.transfermarkt.com/catalin-samoila/profil/spieler/64075","Goalkeeper","22","Romania","Luceafarul","Liga II - Seria II","Romania",0,FALSE,NA,"Summer",4,1,0,90
"FC Universitatea Cluj","SuperLiga","Romania","2012","Arrivals","Alex Bráz","https://www.transfermarkt.com/alex-braz/profil/spieler/76066","Left-Back","27","Brazil","Taboão Serra",NA,"Brazil",0,FALSE,NA,"Summer",6,3,0,146
"FC Universitatea Cluj","SuperLiga","Romania","2012","Arrivals","Erico","https://www.transfermarkt.com/erico/profil/spieler/233917","Centre-Back","22","Brazil","Palmeiras U20",NA,"Brazil",0,FALSE,NA,"Summer",16,14,0,1147
"FC Universitatea Cluj","SuperLiga","Romania","2012","Arrivals","Bogdan Pătrașcu","https://www.transfermarkt.com/bogdan-patrascu/profil/spieler/21799","Defensive Midfield","33","Romania","Astra Giurgiu","SuperLiga","Romania",NA,FALSE,"?","Summer",15,14,1,1037
"FC Universitatea Cluj","SuperLiga","Romania","2012","Arrivals","Apostol Muzac","https://www.transfermarkt.com/apostol-muzac/profil/spieler/48655","Centre-Forward","24","Romania","Concordia","SuperLiga","Romania",NA,FALSE,"?","Summer",29,25,2,1575
"FC Universitatea Cluj","SuperLiga","Romania","2012","Arrivals","Raul Ciupe","https://www.transfermarkt.com/raul-ciupe/profil/spieler/64129","Right-Back","28","Romania","FC Brasov","SuperLiga","Romania",NA,FALSE,"?","Summer",28,24,0,2013
"FC Universitatea Cluj","SuperLiga","Romania","2012","Arrivals","Viorel Dinu","https://www.transfermarkt.com/viorel-dinu/profil/spieler/213710","Centre-Forward","32","Romania","Concordia","SuperLiga","Romania",NA,FALSE,"?","Summer",21,21,9,1531
"FC Universitatea Cluj","SuperLiga","Romania","2012","Arrivals","Roberto Iancu","https://www.transfermarkt.com/roberto-iancu/profil/spieler/25934","Defensive Midfield","30","Romania","Concordia","SuperLiga","Romania",NA,FALSE,"?","Summer",11,8,0,262
"FC Universitatea Cluj","SuperLiga","Romania","2012","Arrivals","Dimitrie Gafita","https://www.transfermarkt.com/dimitrie-gafita/profil/spieler/97553","Centre-Forward","28","Romania","Astra Giurgiu","SuperLiga","Romania",NA,FALSE,"?","Summer",1,0,0,0
"FC Universitatea Cluj","SuperLiga","Romania","2012","Arrivals","Alex Gonçalves","https://www.transfermarkt.com/alex-goncalves/profil/spieler/85312","Centre-Forward","22","Brazil","Fluminense U20",NA,"Brazil",NA,TRUE,"loan transfer","Summer",18,18,1,1362
"FC Universitatea Cluj","SuperLiga","Romania","2012","Arrivals","Valeriu Lupu","https://www.transfermarkt.com/valeriu-lupu/profil/spieler/147996","Left-Back","21","Romania","FCSB","SuperLiga","Romania",NA,TRUE,"loan transfer","Summer",13,9,0,650
"FC Universitatea Cluj","SuperLiga","Romania","2012","Arrivals","Dragoș Balauru","https://www.transfermarkt.com/dragos-balauru/profil/spieler/175972","Goalkeeper","22","Romania","ASA Tg. Mures","Liga II - Seria II","Romania",NA,TRUE,"loan transfer","Summer",17,17,0,1530
"FC Universitatea Cluj","SuperLiga","Romania","2012","Arrivals","Ionuț Năstăsie","https://www.transfermarkt.com/ionut-nastasie/profil/spieler/148000","Left Winger","20","Romania","FCSB","SuperLiga","Romania",NA,TRUE,"loan transfer","Summer",10,10,0,307
"FC Universitatea Cluj","SuperLiga","Romania","2012","Arrivals","Mihai Roman","https://www.transfermarkt.com/mihai-roman/profil/spieler/135566","Centre-Forward","20","Romania","Petrolul","SuperLiga","Romania",NA,TRUE,"loan transfer","Summer",4,2,0,121
"FC Universitatea Cluj","SuperLiga","Romania","2012","Arrivals","Adrian Popa","https://www.transfermarkt.com/adrian-popa/profil/spieler/214091","Centre-Back","22","Romania","FC Dinamo","SuperLiga","Romania",NA,TRUE,"loan transfer","Summer",23,18,0,1414
"FC Universitatea Cluj","SuperLiga","Romania","2012","Arrivals","Georgios Abaris","https://www.transfermarkt.com/georgios-abaris/profil/spieler/15427","Goalkeeper","30","Greece","Without Club",NA,NA,NA,FALSE,"-","Summer",1,0,0,0
"FC Universitatea Cluj","SuperLiga","Romania","2012","Arrivals","Gaston Mendy","https://www.transfermarkt.com/gaston-mendy/profil/spieler/35659","Left-Back","27","Senegal","Without Club",NA,NA,NA,FALSE,"-","Summer",10,7,0,544
"FC Universitatea Cluj","SuperLiga","Romania","2012","Arrivals","Cleyton Gladiador","https://www.transfermarkt.com/cleyton-gladiador/profil/spieler/186155","Centre-Forward","28","Brazil","Without Club",NA,NA,NA,FALSE,"-","Summer",17,16,3,1076
"FC Universitatea Cluj","SuperLiga","Romania","2012","Arrivals","Andreias Calcan","https://www.transfermarkt.com/andreias-calcan/profil/spieler/244548","Left Winger","18","Romania","U Cluj II",NA,"Romania",NA,FALSE,"-","Summer",3,1,0,4
"FC Universitatea Cluj","SuperLiga","Romania","2012","Arrivals","Hélder Castro","https://www.transfermarkt.com/helder-castro/profil/spieler/62634","Attacking Midfield","26","Portugal","Feirense","Liga Portugal","Portugal",NA,TRUE,"End of loan Jun 30, 2012","Summer",NA,NA,NA,NA
"FC Universitatea Cluj","SuperLiga","Romania","2012","Arrivals","Eduard Nicola","https://www.transfermarkt.com/eduard-nicola/profil/spieler/157023","Left-Back","29","Romania","Vointa Sibiu","SuperLiga","Romania",NA,TRUE,"End of loan Jun 30, 2012","Summer",33,26,2,1742
"FC Universitatea Cluj","SuperLiga","Romania","2012","Arrivals","Cristian Poiană","https://www.transfermarkt.com/cristian-poiana/profil/spieler/212706","Attacking Midfield","23","Romania","Chindia","Liga II - Seria II","Romania",NA,TRUE,"End of loan Jun 30, 2012","Summer",NA,NA,NA,NA
"FC Universitatea Cluj","SuperLiga","Romania","2012","Arrivals","Georgian Tobă","https://www.transfermarkt.com/georgian-toba/profil/spieler/156901","Right Winger","23","Romania","Delta Tulcea","Liga 2","Romania",NA,TRUE,"End of loan Jun 30, 2012","Summer",4,4,0,79
"FC Universitatea Cluj","SuperLiga","Romania","2012","Arrivals","Vasile Pop","https://www.transfermarkt.com/vasile-pop/profil/spieler/212691","Left Midfield","22","Romania","FCM Baia Mare","Liga II - Seria II","Romania",NA,TRUE,"End of loan Jun 30, 2012","Summer",NA,NA,NA,NA
"FC Universitatea Cluj","SuperLiga","Romania","2012","Arrivals","Adrian Ionescu","https://www.transfermarkt.com/adrian-ionescu/profil/spieler/46570","Defensive Midfield","26","Romania","Delta Tulcea","Liga 2","Romania",NA,TRUE,"End of loan Jun 30, 2012","Summer",NA,NA,NA,NA
"FC Universitatea Cluj","SuperLiga","Romania","2012","Arrivals","Andrei Voican","https://www.transfermarkt.com/andrei-voican/profil/spieler/130344","Centre-Forward","21","Romania","Petrolul","SuperLiga","Romania",NA,TRUE,"End of loan Jun 30, 2012","Summer",NA,NA,NA,NA
"FC Universitatea Cluj","SuperLiga","Romania","2012","Arrivals","Paul Tene","https://www.transfermarkt.com/paul-tene/profil/spieler/179660","Left Midfield","21","Romania","Delta Tulcea","Liga 2","Romania",NA,TRUE,"End of loan Jun 30, 2012","Summer",NA,NA,NA,NA
"FC Universitatea Cluj","SuperLiga","Romania","2012","Arrivals","Rareș Takacs","https://www.transfermarkt.com/rares-takacs/profil/spieler/272144","Right-Back","20","Romania","Stefanesti",NA,"Romania",NA,TRUE,"End of loan Jun 30, 2012","Summer",12,1,0,66
"FC Universitatea Cluj","SuperLiga","Romania","2012","Departures","Lukasz Szukala","https://www.transfermarkt.com/lukasz-szukala/profil/spieler/19081","Centre-Back","28","Poland","Petrolul","SuperLiga","Romania",3e+05,FALSE,NA,"Summer",NA,NA,NA,NA
"FC Universitatea Cluj","SuperLiga","Romania","2012","Departures","Adrian Cristea","https://www.transfermarkt.com/adrian-cristea/profil/spieler/33440","Left Winger","28","Romania","Petrolul","SuperLiga","Romania",0,FALSE,NA,"Summer",NA,NA,NA,NA
"FC Universitatea Cluj","SuperLiga","Romania","2012","Departures","Marian Cristescu","https://www.transfermarkt.com/marian-cristescu/profil/spieler/64137","Attacking Midfield","27","Romania","Petrolul","SuperLiga","Romania",0,FALSE,NA,"Summer",NA,NA,NA,NA
"FC Universitatea Cluj","SuperLiga","Romania","2012","Departures","Laurențiu Marinescu","https://www.transfermarkt.com/laurentiu-marinescu/profil/spieler/123854","Attacking Midfield","27","Romania","Petrolul","SuperLiga","Romania",0,FALSE,NA,"Summer",NA,NA,NA,NA
"FC Universitatea Cluj","SuperLiga","Romania","2012","Departures","Constantin Grecu","https://www.transfermarkt.com/constantin-grecu/profil/spieler/70037","Left-Back","24","Romania","Petrolul","SuperLiga","Romania",0,FALSE,NA,"Summer",NA,NA,NA,NA
"FC Universitatea Cluj","SuperLiga","Romania","2012","Departures","Sebastian Cojocnean","https://www.transfermarkt.com/sebastian-cojocnean/profil/spieler/104063","Right Winger","24","Romania","Petrolul","SuperLiga","Romania",0,FALSE,NA,"Summer",NA,NA,NA,NA
"FC Universitatea Cluj","SuperLiga","Romania","2012","Departures","Alexandru Păcurar","https://www.transfermarkt.com/alexandru-pacurar/profil/spieler/26043","Attacking Midfield","30","Romania","CSKA Sofia","efbet Liga","Bulgaria",0,FALSE,NA,"Summer",1,1,1,90
"FC Universitatea Cluj","SuperLiga","Romania","2012","Departures","Sebastian Achim","https://www.transfermarkt.com/sebastian-achim/profil/spieler/69460","Right-Back","26","Romania","Petrolul","SuperLiga","Romania",0,FALSE,NA,"Summer",NA,NA,NA,NA
"FC Universitatea Cluj","SuperLiga","Romania","2012","Departures","Hélder Castro","https://www.transfermarkt.com/helder-castro/profil/spieler/62634","Attacking Midfield","26","Portugal","Olympiakos N.","Cyprus League","Cyprus",0,FALSE,NA,"Summer",NA,NA,NA,NA
"FC Universitatea Cluj","SuperLiga","Romania","2012","Departures","Alex Santiago","https://www.transfermarkt.com/alex-santiago/profil/spieler/212822","Defensive Midfield","21","Brazil","Unknown",NA,NA,0,FALSE,NA,"Summer",NA,NA,NA,NA
"FC Universitatea Cluj","SuperLiga","Romania","2012","Departures","Nicola Ascoli","https://www.transfermarkt.com/nicola-ascoli/profil/spieler/24290","Left-Back","32","Italy",NA,NA,NA,0,FALSE,NA,"Summer",NA,NA,NA,NA
"FC Universitatea Cluj","SuperLiga","Romania","2012","Departures","Dimitrie Gafita","https://www.transfermarkt.com/dimitrie-gafita/profil/spieler/97553","Centre-Forward","28","Romania","Ac. Clinceni","Liga 2","Romania",0,FALSE,NA,"Summer",1,0,0,0
"FC Universitatea Cluj","SuperLiga","Romania","2012","Departures","Vasile Pop","https://www.transfermarkt.com/vasile-pop/profil/spieler/212691","Left Midfield","22","Romania","FCM Baia Mare","Liga II - Seria II","Romania",0,FALSE,NA,"Summer",NA,NA,NA,NA
"FC Universitatea Cluj","SuperLiga","Romania","2012","Departures","Vlad Morar","https://www.transfermarkt.com/vlad-morar/profil/spieler/186031","Centre-Forward","18","Romania","Petrolul","SuperLiga","Romania",0,FALSE,NA,"Summer",NA,NA,NA,NA
"FC Universitatea Cluj","SuperLiga","Romania","2012","Departures","Ionuț Neag","https://www.transfermarkt.com/ionut-neag/profil/spieler/186736","Centre-Back","18","Romania","Petrolul","SuperLiga","Romania",0,FALSE,NA,"Summer",NA,NA,NA,NA
"FC Universitatea Cluj","SuperLiga","Romania","2012","Departures","George Galamaz","https://www.transfermarkt.com/george-galamaz/profil/spieler/26035","Centre-Back","31","Romania","Petrolul","SuperLiga","Romania",NA,FALSE,"?","Summer",NA,NA,NA,NA
"FC Universitatea Cluj","SuperLiga","Romania","2012","Departures","Ovidiu Hoban","https://www.transfermarkt.com/ovidiu-hoban/profil/spieler/81484","Defensive Midfield","29","Romania","Petrolul","SuperLiga","Romania",NA,FALSE,"?","Summer",NA,NA,NA,NA
"FC Universitatea Cluj","SuperLiga","Romania","2012","Departures","Anthony Nwakaeme","https://www.transfermarkt.com/anthony-nwakaeme/profil/spieler/175988","Left Winger","23","Nigeria","Petrolul","SuperLiga","Romania",NA,FALSE,"?","Summer",10,10,2,576
"FC Universitatea Cluj","SuperLiga","Romania","2012","Departures","Mircea Bornescu","https://www.transfermarkt.com/mircea-bornescu/profil/spieler/47569","Goalkeeper","32","Romania","Petrolul","SuperLiga","Romania",NA,FALSE,"?","Summer",NA,NA,NA,NA
"FC Universitatea Cluj","SuperLiga","Romania","2012","Departures","Octavian Abrudan","https://www.transfermarkt.com/octavian-abrudan/profil/spieler/46485","Centre-Back","28","Romania","FC Rapid 1923","SuperLiga","Romania",NA,FALSE,"?","Summer",NA,NA,NA,NA
"FC Universitatea Cluj","SuperLiga","Romania","2012","Departures","Gaston Mendy","https://www.transfermarkt.com/gaston-mendy/profil/spieler/35659","Left-Back","26","Senegal","Petrolul","SuperLiga","Romania",NA,FALSE,"?","Summer",10,7,0,544
"FC Universitatea Cluj","SuperLiga","Romania","2012","Departures","Dorinel Popa","https://www.transfermarkt.com/dorinel-popa/profil/spieler/71578","Central Midfield","23","Romania","FC Brasov","SuperLiga","Romania",NA,FALSE,"?","Summer",NA,NA,NA,NA
"FC Universitatea Cluj","SuperLiga","Romania","2012","Departures","Cristian Poiană","https://www.transfermarkt.com/cristian-poiana/profil/spieler/212706","Attacking Midfield","23","Romania","ASA Tg. Mures","Liga II - Seria II","Romania",NA,FALSE,"?","Summer",NA,NA,NA,NA
"FC Universitatea Cluj","SuperLiga","Romania","2012","Departures","Adrian Ionescu","https://www.transfermarkt.com/adrian-ionescu/profil/spieler/46570","Defensive Midfield","26","Romania","Delta Tulcea","Liga 2","Romania",NA,FALSE,"?","Summer",NA,NA,NA,NA
"FC Universitatea Cluj","SuperLiga","Romania","2012","Departures","Túlio","https://www.transfermarkt.com/tulio/profil/spieler/223254","Left-Back","21","Brazil","Anápolis",NA,"Brazil",NA,FALSE,"?","Summer",NA,NA,NA,NA
"FC Universitatea Cluj","SuperLiga","Romania","2012","Departures","Georgian Busca","https://www.transfermarkt.com/georgian-busca/profil/spieler/176258","Right-Back","27","Romania","Unknown",NA,NA,NA,FALSE,"?","Summer",NA,NA,NA,NA
"FC Universitatea Cluj","SuperLiga","Romania","2012","Departures","Fabian Teusan","https://www.transfermarkt.com/fabian-teusan/profil/spieler/48910","Centre-Back","23","Romania","Korneuburg",NA,"Austria",NA,FALSE,"?","Summer",NA,NA,NA,NA
"FC Universitatea Cluj","SuperLiga","Romania","2012","Departures","Paulius Dauksa","https://www.transfermarkt.com/paulius-dauksa/profil/spieler/181340","Left-Back","18","Lithuania","Kauno Žalgiris",NA,"Lithuania",NA,FALSE,"?","Summer",NA,NA,NA,NA
"FC Universitatea Cluj","SuperLiga","Romania","2012","Departures","Rareș Takacs","https://www.transfermarkt.com/rares-takacs/profil/spieler/272144","Right-Back","20","Romania","ACSM Reșița",NA,"Romania",NA,TRUE,"loan transfer","Summer",12,1,0,66
"FC Universitatea Cluj","SuperLiga","Romania","2012","Departures","Steven Pelé","https://www.transfermarkt.com/steven-pele/profil/spieler/6277","Centre-Back","30","France","Without Club",NA,NA,NA,FALSE,"-","Summer",NA,NA,NA,NA
"FC Universitatea Cluj","SuperLiga","Romania","2012","Departures","Dragoş Firţulescu","https://www.transfermarkt.com/dragos-firtulescu/profil/spieler/48778","Left Winger","23","Romania","Without Club",NA,NA,NA,FALSE,"-","Summer",3,2,0,58
"FC Universitatea Cluj","SuperLiga","Romania","2012","Departures","Gabriel Boștină","https://www.transfermarkt.com/gabriel-bostina/profil/spieler/26489","Left Midfield","35","Romania",NA,NA,NA,NA,FALSE,"-","Summer",NA,NA,NA,NA
"FC Universitatea Cluj","SuperLiga","Romania","2012","Departures","Andrei Voican","https://www.transfermarkt.com/andrei-voican/profil/spieler/130344","Centre-Forward","21","Romania","Without Club",NA,NA,NA,FALSE,"-","Summer",NA,NA,NA,NA
"FC Universitatea Cluj","SuperLiga","Romania","2012","Departures","Claudiu Niculescu","https://www.transfermarkt.com/claudiu-niculescu/profil/spieler/26049","Centre-Forward","36","Romania",NA,NA,NA,NA,FALSE,"-","Summer",NA,NA,NA,NA
"FC Universitatea Cluj","SuperLiga","Romania","2012","Departures","Gheorghe Grozav","https://www.transfermarkt.com/gheorghe-grozav/profil/spieler/96844","Left Winger","21","Romania","Standard Liège","Jupiler Pro League","Belgium",NA,TRUE,"End of loan Jun 30, 2012","Summer",NA,NA,NA,NA
"FC Universitatea Cluj","SuperLiga","Romania","2012","Arrivals","János Székely","https://www.transfermarkt.com/janos-szekely/profil/spieler/48195","Attacking Midfield","29","Romania","Korona Kielce","Ekstraklasa","Poland",0,FALSE,NA,"Winter",10,8,3,434
"FC Universitatea Cluj","SuperLiga","Romania","2012","Arrivals","Anthony Nwakaeme","https://www.transfermarkt.com/anthony-nwakaeme/profil/spieler/175988","Left Winger","23","Nigeria","Petrolul","SuperLiga","Romania",0,FALSE,NA,"Winter",10,10,2,576
"FC Universitatea Cluj","SuperLiga","Romania","2012","Arrivals","Dan Bucsa","https://www.transfermarkt.com/dan-bucsa/profil/spieler/213583","Defensive Midfield","24","Romania","B. Gladbach 09","Regionalliga West","Germany",0,FALSE,NA,"Winter",14,14,0,1260
"FC Universitatea Cluj","SuperLiga","Romania","2012","Arrivals","Bogdan Apostu","https://www.transfermarkt.com/bogdan-apostu/profil/spieler/48812","Centre-Forward","30","Romania","ASA Tg. Mures","Liga II - Seria II","Romania",0,FALSE,NA,"Winter",15,13,3,465
"FC Universitatea Cluj","SuperLiga","Romania","2012","Arrivals","Ducu Ninu","https://www.transfermarkt.com/ducu-ninu/profil/spieler/42788","Centre-Back","26","Romania","Turnu-Severin","SuperLiga","Romania",0,FALSE,NA,"Winter",13,13,0,1125
"FC Universitatea Cluj","SuperLiga","Romania","2012","Arrivals","Dinu Moldovan","https://www.transfermarkt.com/dinu-moldovan/profil/spieler/129501","Goalkeeper","22","Romania","Astra Giurgiu","SuperLiga","Romania",0,FALSE,NA,"Winter",11,1,0,90
"FC Universitatea Cluj","SuperLiga","Romania","2012","Arrivals","Vladimir Niculescu","https://www.transfermarkt.com/vladimir-niculescu/profil/spieler/64207","Goalkeeper","25","Romania","Sportul Snagov","Liga II - Seria II","Romania",0,FALSE,NA,"Winter",10,8,0,675
"FC Universitatea Cluj","SuperLiga","Romania","2012","Arrivals","Alessandro Venezia","https://www.transfermarkt.com/alessandro-venezia/profil/spieler/286193","Defensive Midfield","23","Italy","Without Club",NA,NA,0,FALSE,NA,"Winter",NA,NA,NA,NA
"FC Universitatea Cluj","SuperLiga","Romania","2012","Arrivals","Razvan Zainescu","https://www.transfermarkt.com/razvan-zainescu/profil/spieler/298361","Striker","22","Romania","Gloria Buzau",NA,"Romania",0,FALSE,NA,"Winter",NA,NA,NA,NA
"FC Universitatea Cluj","SuperLiga","Romania","2012","Arrivals","Lucian Turcu","https://www.transfermarkt.com/lucian-turcu/profil/spieler/54497","Left-Back","26","Romania","FCV Farul","SuperLiga","Romania",NA,FALSE,"?","Winter",7,4,0,360
"FC Universitatea Cluj","SuperLiga","Romania","2012","Arrivals","Adrian Borza","https://www.transfermarkt.com/adrian-borza/profil/spieler/203085","Left Midfield","27","Romania","Unknown",NA,NA,NA,FALSE,"?","Winter",15,14,3,787
"FC Universitatea Cluj","SuperLiga","Romania","2012","Arrivals","Alin Ratiu","https://www.transfermarkt.com/alin-ratiu/profil/spieler/56041","Centre-Back","30","Romania","Stefanesti",NA,"Romania",NA,FALSE,"?","Winter",15,14,0,1096
"FC Universitatea Cluj","SuperLiga","Romania","2012","Arrivals","Alin Buleică","https://www.transfermarkt.com/alin-buleica/profil/spieler/147286","Right-Back","21","Romania","Pandurii ","SuperLiga","Romania",NA,TRUE,"loan transfer","Winter",14,14,4,1172
"FC Universitatea Cluj","SuperLiga","Romania","2012","Arrivals","Florin Hidisan","https://www.transfermarkt.com/florin-hidisan/profil/spieler/48850","Right Midfield","30","Romania","Without Club",NA,NA,NA,FALSE,"-","Winter",10,10,1,733
"FC Universitatea Cluj","SuperLiga","Romania","2012","Arrivals","Cătălin Dedu","https://www.transfermarkt.com/catalin-dedu/profil/spieler/64145","Centre-Forward","25","Romania","Without Club",NA,NA,NA,FALSE,"-","Winter",15,12,0,477
"FC Universitatea Cluj","SuperLiga","Romania","2012","Arrivals","Cristian Muresan","https://www.transfermarkt.com/cristian-muresan/profil/spieler/251378","Midfielder","19","Romania","U Cluj II",NA,"Romania",NA,FALSE,"-","Winter",4,0,0,0
"FC Universitatea Cluj","SuperLiga","Romania","2012","Arrivals","Lucian Baciu","https://www.transfermarkt.com/lucian-baciu/profil/spieler/244531","Striker","18","Romania","U Cluj II",NA,"Romania",NA,FALSE,"-","Winter",1,1,0,2
"FC Universitatea Cluj","SuperLiga","Romania","2012","Arrivals","Lóránt Kovács","https://www.transfermarkt.com/lorant-kovacs/profil/spieler/272527","Defensive Midfield","19","Romania","U Cluj II",NA,"Romania",NA,FALSE,"-","Winter",8,1,0,47
"FC Universitatea Cluj","SuperLiga","Romania","2012","Arrivals","Rareș Takacs","https://www.transfermarkt.com/rares-takacs/profil/spieler/272144","Right-Back","21","Romania","ACSM Reșița",NA,"Romania",NA,TRUE,"End of loan Dec 31, 2012","Winter",12,1,0,66
"FC Universitatea Cluj","SuperLiga","Romania","2012","Departures","Paraskevas Christou","https://www.transfermarkt.com/paraskevas-christou/profil/spieler/48933","Centre-Back","28","Cyprus","Pandurii ","SuperLiga","Romania",0,FALSE,NA,"Winter",17,17,0,1447
"FC Universitatea Cluj","SuperLiga","Romania","2012","Departures","Plamen Krumov","https://www.transfermarkt.com/plamen-krumov/profil/spieler/79859","Centre-Back","27","Bulgaria","Beroe","efbet Liga","Bulgaria",0,FALSE,NA,"Winter",19,14,0,1015
"FC Universitatea Cluj","SuperLiga","Romania","2012","Departures","Paulinho","https://www.transfermarkt.com/paulinho/profil/spieler/37577","Attacking Midfield","27","Portugal","Göztepe","1.Lig","Türkiye",0,FALSE,NA,"Winter",17,17,3,1245
"FC Universitatea Cluj","SuperLiga","Romania","2012","Departures","Octavian Draghici","https://www.transfermarkt.com/octavian-draghici/profil/spieler/88826","Centre-Forward","27","Romania","Gaz Metan","SuperLiga","Romania",0,FALSE,NA,"Winter",17,13,1,735
"FC Universitatea Cluj","SuperLiga","Romania","2012","Departures","Cleyton Gladiador","https://www.transfermarkt.com/cleyton-gladiador/profil/spieler/186155","Centre-Forward","28","Brazil","Guaratinguetá","Série B","Brazil",0,FALSE,NA,"Winter",17,16,3,1076
"FC Universitatea Cluj","SuperLiga","Romania","2012","Departures","Erico","https://www.transfermarkt.com/erico/profil/spieler/233917","Centre-Back","23","Brazil","Guaratinguetá","Série B","Brazil",0,FALSE,NA,"Winter",16,14,0,1147
"FC Universitatea Cluj","SuperLiga","Romania","2012","Departures","Florin Matache","https://www.transfermarkt.com/florin-matache/profil/spieler/26031","Goalkeeper","30","Romania","Sportul Snagov","Liga II - Seria II","Romania",0,FALSE,NA,"Winter",9,1,0,90
"FC Universitatea Cluj","SuperLiga","Romania","2012","Departures","Georgian Tobă","https://www.transfermarkt.com/georgian-toba/profil/spieler/156901","Right Winger","23","Romania","Turnu-Severin","SuperLiga","Romania",0,FALSE,NA,"Winter",4,4,0,79
"FC Universitatea Cluj","SuperLiga","Romania","2012","Departures","Bogdan Pătrașcu","https://www.transfermarkt.com/bogdan-patrascu/profil/spieler/21799","Defensive Midfield","33","Romania","Ac. Clinceni","Liga 2","Romania",NA,FALSE,"?","Winter",15,14,1,1037
"FC Universitatea Cluj","SuperLiga","Romania","2012","Departures","Rares Cucui","https://www.transfermarkt.com/rares-cucui/profil/spieler/186026","Centre-Back","19","Romania","Sportul Snagov","Liga II - Seria II","Romania",NA,TRUE,"loan transfer","Winter",9,2,0,180
"FC Universitatea Cluj","SuperLiga","Romania","2012","Departures","Georgios Abaris","https://www.transfermarkt.com/georgios-abaris/profil/spieler/15427","Goalkeeper","30","Greece","Without Club",NA,NA,NA,FALSE,"-","Winter",1,0,0,0
"FC Universitatea Cluj","SuperLiga","Romania","2012","Departures","Roberto Iancu","https://www.transfermarkt.com/roberto-iancu/profil/spieler/25934","Defensive Midfield","30","Romania",NA,NA,NA,NA,FALSE,"-","Winter",11,8,0,262
"FC Universitatea Cluj","SuperLiga","Romania","2012","Departures","Alex Bráz","https://www.transfermarkt.com/alex-braz/profil/spieler/76066","Left-Back","28","Brazil",NA,NA,NA,NA,FALSE,"-","Winter",6,3,0,146
"FC Universitatea Cluj","SuperLiga","Romania","2012","Departures","Dragoș Balauru","https://www.transfermarkt.com/dragos-balauru/profil/spieler/175972","Goalkeeper","23","Romania","ASA Tg. Mures","Liga II - Seria II","Romania",NA,TRUE,"End of loan Dec 31, 2012","Winter",17,17,0,1530
"FC Universitatea Cluj","SuperLiga","Romania","2012","Departures","Alex Gonçalves","https://www.transfermarkt.com/alex-goncalves/profil/spieler/85312","Centre-Forward","22","Brazil","Fluminense U20",NA,"Brazil",NA,TRUE,"End of loan Dec 31, 2012","Winter",18,18,1,1362
"FC Universitatea Cluj","SuperLiga","Romania","2012","Departures","Valeriu Lupu","https://www.transfermarkt.com/valeriu-lupu/profil/spieler/147996","Left-Back","21","Romania","FCSB","SuperLiga","Romania",NA,TRUE,"End of loan Jan 1, 2013","Winter",13,9,0,650
"FC Universitatea Cluj","SuperLiga","Romania","2012","Departures","Ionuț Năstăsie","https://www.transfermarkt.com/ionut-nastasie/profil/spieler/148000","Left Winger","20","Romania","FCSB","SuperLiga","Romania",NA,TRUE,"End of loan Jan 1, 2013","Winter",10,10,0,307
"FC Universitatea Cluj","SuperLiga","Romania","2012","Departures","Mihai Roman","https://www.transfermarkt.com/mihai-roman/profil/spieler/135566","Centre-Forward","20","Romania","Petrolul","SuperLiga","Romania",NA,TRUE,"End of loan Dec 31, 2012","Winter",4,2,0,121
"FCV Farul Constanta","SuperLiga","Romania","2012","Arrivals","Cosmin Vâtcă","https://www.transfermarkt.com/cosmin-vatca/profil/spieler/47477","Goalkeeper","30","Romania","FC Rapid 1923","SuperLiga","Romania",0,FALSE,NA,"Summer",34,17,0,1530
"FCV Farul Constanta","SuperLiga","Romania","2012","Arrivals","Alin Toșca","https://www.transfermarkt.com/alin-tosca/profil/spieler/148004","Centre-Back","20","Romania","Sageata Navodar","Liga 2","Romania",0,FALSE,NA,"Summer",30,25,0,2065
"FCV Farul Constanta","SuperLiga","Romania","2012","Arrivals","Alexandru Mitriță","https://www.transfermarkt.com/alexandru-mitrita/profil/spieler/209649","Left Winger","17","Romania","Turnu-Severin","SuperLiga","Romania",0,FALSE,NA,"Summer",10,7,0,225
"FCV Farul Constanta","SuperLiga","Romania","2012","Arrivals","Andrei Vaștag","https://www.transfermarkt.com/andrei-vastag/profil/spieler/186745","Defensive Midfield","18","Romania","Avicola Buzias",NA,"Romania",NA,TRUE,"loan transfer","Summer",25,20,0,1122
"FCV Farul Constanta","SuperLiga","Romania","2012","Arrivals","Sebastian Mladen","https://www.transfermarkt.com/sebastian-mladen/profil/spieler/96790","Centre-Back","20","Romania","AS Roma","Serie A","Italy",NA,TRUE,"loan transfer","Summer",25,20,0,1670
"FCV Farul Constanta","SuperLiga","Romania","2012","Arrivals","Alexandru Buzbuchi","https://www.transfermarkt.com/alexandru-buzbuchi/profil/spieler/216660","Goalkeeper","18","Romania","FCV Farul U18",NA,"Romania",NA,FALSE,"-","Summer",33,18,0,1650
"FCV Farul Constanta","SuperLiga","Romania","2012","Arrivals","Bogdan Țîru","https://www.transfermarkt.com/bogdan-tiru/profil/spieler/186744","Centre-Back","18","Romania","FCV Farul U18",NA,"Romania",NA,FALSE,"-","Summer",4,2,0,210
"FCV Farul Constanta","SuperLiga","Romania","2012","Arrivals","Mihai Bălașa","https://www.transfermarkt.com/mihai-balasa/profil/spieler/236940","Centre-Back","17","Romania","FCV Farul U18",NA,"Romania",NA,FALSE,"-","Summer",30,23,1,1910
"FCV Farul Constanta","SuperLiga","Romania","2012","Arrivals","Boban Nikolov","https://www.transfermarkt.com/boban-nikolov/profil/spieler/207625","Central Midfield","17","North Macedonia","Academia Hagi",NA,"Romania",NA,FALSE,"-","Summer",10,5,1,199
"FCV Farul Constanta","SuperLiga","Romania","2012","Arrivals","Catalin Popa","https://www.transfermarkt.com/catalin-popa/profil/spieler/208817","Goalkeeper","25","Romania","ACSM Poli Iasi","Liga 2","Romania",NA,TRUE,"End of loan Jun 30, 2012","Summer",NA,NA,NA,NA
"FCV Farul Constanta","SuperLiga","Romania","2012","Arrivals","Bogdan Evdochim","https://www.transfermarkt.com/bogdan-evdochim/profil/spieler/213686","Left-Back","22","Romania","Callatis","Liga 2","Romania",NA,TRUE,"End of loan Jun 30, 2012","Summer",NA,NA,NA,NA
"FCV Farul Constanta","SuperLiga","Romania","2012","Arrivals","Ionut Calin","https://www.transfermarkt.com/ionut-calin/profil/spieler/213638","Right-Back","21","Romania","Farul Constanta","Liga 2","Romania",NA,TRUE,"End of loan Jun 30, 2012","Summer",NA,NA,NA,NA
"FCV Farul Constanta","SuperLiga","Romania","2012","Arrivals","Nicolae Hertu","https://www.transfermarkt.com/nicolae-hertu/profil/spieler/164250","Centre-Forward","21","Romania","Callatis","Liga 2","Romania",NA,TRUE,"End of loan Jun 30, 2012","Summer",NA,NA,NA,NA
"FCV Farul Constanta","SuperLiga","Romania","2012","Arrivals","Andrei Sin","https://www.transfermarkt.com/andrei-sin/profil/spieler/213777","Left-Back","20","Romania","Callatis","Liga 2","Romania",NA,TRUE,"End of loan Jun 30, 2012","Summer",NA,NA,NA,NA
"FCV Farul Constanta","SuperLiga","Romania","2012","Arrivals","Robert Lupu","https://www.transfermarkt.com/robert-lupu/profil/spieler/164270","Centre-Forward","21","Romania","Callatis","Liga 2","Romania",NA,TRUE,"End of loan Jun 30, 2012","Summer",NA,NA,NA,NA
"FCV Farul Constanta","SuperLiga","Romania","2012","Arrivals","Radu Cureteu","https://www.transfermarkt.com/radu-cureteu/profil/spieler/208789","Right-Back","19","Romania","Callatis","Liga 2","Romania",NA,TRUE,"End of loan Jun 30, 2012","Summer",NA,NA,NA,NA
"FCV Farul Constanta","SuperLiga","Romania","2012","Arrivals","Stere Banoti","https://www.transfermarkt.com/stere-banoti/profil/spieler/164229","Attacking Midfield","28","Romania","Unknown",NA,NA,NA,TRUE,"End of loan Jun 30, 2012","Summer",NA,NA,NA,NA
"FCV Farul Constanta","SuperLiga","Romania","2012","Arrivals","Florin Naziru","https://www.transfermarkt.com/florin-naziru/profil/spieler/224397","Defender","19","Romania","Callatis","Liga 2","Romania",NA,TRUE,"End of loan Jun 30, 2012","Summer",NA,NA,NA,NA
"FCV Farul Constanta","SuperLiga","Romania","2012","Departures","Bogdan Evdochim","https://www.transfermarkt.com/bogdan-evdochim/profil/spieler/213686","Left-Back","22","Romania","Unknown",NA,NA,0,FALSE,NA,"Summer",NA,NA,NA,NA
"FCV Farul Constanta","SuperLiga","Romania","2012","Departures","Ionut Calin","https://www.transfermarkt.com/ionut-calin/profil/spieler/213638","Right-Back","21","Romania","Granit. Babadag",NA,"Romania",0,FALSE,NA,"Summer",NA,NA,NA,NA
"FCV Farul Constanta","SuperLiga","Romania","2012","Departures","Marius Jianu","https://www.transfermarkt.com/marius-jianu/profil/spieler/64277","Centre-Forward","23","Romania","Sageata Navodar","Liga 2","Romania",0,FALSE,NA,"Summer",NA,NA,NA,NA
"FCV Farul Constanta","SuperLiga","Romania","2012","Departures","Andrei Sin","https://www.transfermarkt.com/andrei-sin/profil/spieler/213777","Left-Back","20","Romania","Delta Tulcea","Liga 2","Romania",0,FALSE,NA,"Summer",NA,NA,NA,NA
"FCV Farul Constanta","SuperLiga","Romania","2012","Departures","Marius Șuta","https://www.transfermarkt.com/marius-suta/profil/spieler/164293","Goalkeeper","21","Romania","Unknown",NA,NA,0,FALSE,NA,"Summer",NA,NA,NA,NA
"FCV Farul Constanta","SuperLiga","Romania","2012","Departures","Stere Banoti","https://www.transfermarkt.com/stere-banoti/profil/spieler/164229","Attacking Midfield","28","Romania","Unknown",NA,NA,0,FALSE,NA,"Summer",NA,NA,NA,NA
"FCV Farul Constanta","SuperLiga","Romania","2012","Departures","Ferdi Ghenciu","https://www.transfermarkt.com/ferdi-ghenciu/profil/spieler/241555","Attacking Midfield","17","Romania","Farul Constanta","Liga 2","Romania",0,FALSE,NA,"Summer",NA,NA,NA,NA
"FCV Farul Constanta","SuperLiga","Romania","2012","Departures","Cristian Cristea","https://www.transfermarkt.com/cristian-cristea/profil/spieler/60698","Centre-Forward","24","Romania","ASA Tg. Mures","Liga II - Seria II","Romania",NA,FALSE,"?","Summer",4,4,1,285
"FCV Farul Constanta","SuperLiga","Romania","2012","Departures","Valentin Simion","https://www.transfermarkt.com/valentin-simion/profil/spieler/34760","Centre-Forward","25","Romania","Concordia","SuperLiga","Romania",NA,FALSE,"?","Summer",NA,NA,NA,NA
"FCV Farul Constanta","SuperLiga","Romania","2012","Departures","Alexandru Iacob","https://www.transfermarkt.com/alexandru-iacob/profil/spieler/53201","Centre-Back","23","Romania","Delta Tulcea","Liga 2","Romania",NA,FALSE,"?","Summer",1,1,0,45
"FCV Farul Constanta","SuperLiga","Romania","2012","Departures","Cristian Pantelie","https://www.transfermarkt.com/cristian-pantelie/profil/spieler/104552","Right Winger","27","Romania","Delta Tulcea","Liga 2","Romania",NA,FALSE,"?","Summer",NA,NA,NA,NA
"FCV Farul Constanta","SuperLiga","Romania","2012","Departures","Cosmin Costea","https://www.transfermarkt.com/cosmin-costea/profil/spieler/64438","Goalkeeper","25","Romania","CSM Roman",NA,"Romania",NA,FALSE,"?","Summer",NA,NA,NA,NA
"FCV Farul Constanta","SuperLiga","Romania","2012","Departures","Marius Rusu","https://www.transfermarkt.com/marius-rusu/profil/spieler/46641","Right-Back","22","Romania","Ceahlaul","SuperLiga","Romania",NA,FALSE,"?","Summer",NA,NA,NA,NA
"FCV Farul Constanta","SuperLiga","Romania","2012","Departures","Adrian Bica Badan","https://www.transfermarkt.com/adrian-bica-badan/profil/spieler/482084","Defender","23","Romania","Nissa FC","Serie D - I","Italy",NA,FALSE,"?","Summer",NA,NA,NA,NA
"FCV Farul Constanta","SuperLiga","Romania","2012","Departures","Vişan Creţu","https://www.transfermarkt.com/visan-cretu/profil/spieler/208788","Right-Back","24","Romania","Delta Tulcea","Liga 2","Romania",NA,TRUE,"loan transfer","Summer",NA,NA,NA,NA
"FCV Farul Constanta","SuperLiga","Romania","2012","Departures","Radu Cureteu","https://www.transfermarkt.com/radu-cureteu/profil/spieler/208789","Right-Back","19","Romania","Sticla A. Turda",NA,"Romania",NA,TRUE,"loan transfer","Summer",NA,NA,NA,NA
"FCV Farul Constanta","SuperLiga","Romania","2012","Departures","Florentin Tudorache","https://www.transfermarkt.com/florentin-tudorache/profil/spieler/243297","Centre-Back","20","Romania","Sageata Navodar","Liga 2","Romania",NA,TRUE,"loan transfer","Summer",NA,NA,NA,NA
"FCV Farul Constanta","SuperLiga","Romania","2012","Departures","Florin Naziru","https://www.transfermarkt.com/florin-naziru/profil/spieler/224397","Defender","19","Romania","Unknown",NA,NA,NA,TRUE,"loan transfer","Summer",NA,NA,NA,NA
"FCV Farul Constanta","SuperLiga","Romania","2012","Departures","Marco Musca","https://www.transfermarkt.com/marco-musca/profil/spieler/249043","Central Midfield","19","Romania","Sageata Navodar","Liga 2","Romania",NA,TRUE,"loan transfer","Summer",NA,NA,NA,NA
"FCV Farul Constanta","SuperLiga","Romania","2012","Departures","Bogdan Mitache","https://www.transfermarkt.com/bogdan-mitache/profil/spieler/186735","Left-Back","18","Romania","Delta Tulcea","Liga 2","Romania",NA,TRUE,"loan transfer","Summer",2,0,0,0
"FCV Farul Constanta","SuperLiga","Romania","2012","Departures","Liviu Ștefan","https://www.transfermarkt.com/liviu-stefan/profil/spieler/213721","Centre-Back","33","Romania",NA,NA,NA,NA,FALSE,"-","Summer",NA,NA,NA,NA
"FCV Farul Constanta","SuperLiga","Romania","2012","Departures","Catalin Popa","https://www.transfermarkt.com/catalin-popa/profil/spieler/208817","Goalkeeper","25","Romania",NA,NA,NA,NA,FALSE,"-","Summer",NA,NA,NA,NA
"FCV Farul Constanta","SuperLiga","Romania","2012","Departures","Nicolae Hertu","https://www.transfermarkt.com/nicolae-hertu/profil/spieler/164250","Centre-Forward","21","Romania",NA,NA,NA,NA,FALSE,"-","Summer",NA,NA,NA,NA
"FCV Farul Constanta","SuperLiga","Romania","2012","Departures","Robert Lupu","https://www.transfermarkt.com/robert-lupu/profil/spieler/164270","Centre-Forward","21","Romania",NA,NA,NA,NA,FALSE,"-","Summer",NA,NA,NA,NA
"FCV Farul Constanta","SuperLiga","Romania","2012","Arrivals","Leandro Barbosa","https://www.transfermarkt.com/leandro-barbosa/profil/spieler/562876","Centre-Back","24","Brazil","Caxias",NA,"Brazil",NA,FALSE,"?","Winter",NA,NA,NA,NA
"FCV Farul Constanta","SuperLiga","Romania","2012","Arrivals","Alexandru Tarnovan","https://www.transfermarkt.com/alexandru-tarnovan/profil/spieler/262028","Right Winger","17","Romania","FCV Farul U18",NA,"Romania",NA,FALSE,"-","Winter",11,6,0,341
"FCV Farul Constanta","SuperLiga","Romania","2012","Arrivals","Radu Cureteu","https://www.transfermarkt.com/radu-cureteu/profil/spieler/208789","Right-Back","20","Romania","Sticla A. Turda",NA,"Romania",NA,TRUE,"End of loan Dec 31, 2012","Winter",NA,NA,NA,NA
"FCV Farul Constanta","SuperLiga","Romania","2012","Arrivals","Florentin Tudorache","https://www.transfermarkt.com/florentin-tudorache/profil/spieler/243297","Centre-Back","20","Romania","Sageata Navodar","Liga 2","Romania",NA,TRUE,"End of loan Dec 31, 2012","Winter",NA,NA,NA,NA
"FCV Farul Constanta","SuperLiga","Romania","2012","Arrivals","Florin Naziru","https://www.transfermarkt.com/florin-naziru/profil/spieler/224397","Defender","19","Romania","Unknown",NA,NA,NA,TRUE,"End of loan Dec 31, 2012","Winter",NA,NA,NA,NA
"FCV Farul Constanta","SuperLiga","Romania","2012","Arrivals","Sascha Marinkovic","https://www.transfermarkt.com/sascha-marinkovic/profil/spieler/208808","Centre-Forward","20","Romania","Foresta Suceava","Liga 2","Romania",NA,TRUE,"End of loan Dec 31, 2012","Winter",NA,NA,NA,NA
"FCV Farul Constanta","SuperLiga","Romania","2012","Arrivals","Marco Musca","https://www.transfermarkt.com/marco-musca/profil/spieler/249043","Central Midfield","19","Romania","Sageata Navodar","Liga 2","Romania",NA,TRUE,"End of loan Dec 31, 2012","Winter",NA,NA,NA,NA
"FCV Farul Constanta","SuperLiga","Romania","2012","Arrivals","Bogdan Mitache","https://www.transfermarkt.com/bogdan-mitache/profil/spieler/186735","Left-Back","18","Romania","Delta Tulcea","Liga 2","Romania",NA,TRUE,"End of loan Dec 31, 2012","Winter",2,0,0,0
"FCV Farul Constanta","SuperLiga","Romania","2012","Departures","Gabriel Iancu","https://www.transfermarkt.com/gabriel-iancu/profil/spieler/164254","Centre-Forward","18","Romania","FCSB","SuperLiga","Romania",5e+05,FALSE,NA,"Winter",18,18,6,1421
"FCV Farul Constanta","SuperLiga","Romania","2012","Departures","Lucian Turcu","https://www.transfermarkt.com/lucian-turcu/profil/spieler/54497","Left-Back","26","Romania","U Cluj","SuperLiga","Romania",NA,FALSE,"?","Winter",13,8,0,507
"FCV Farul Constanta","SuperLiga","Romania","2012","Departures","Florin Naziru","https://www.transfermarkt.com/florin-naziru/profil/spieler/224397","Defender","19","Romania","Sageata Navodar","Liga 2","Romania",NA,FALSE,"?","Winter",NA,NA,NA,NA
"FCV Farul Constanta","SuperLiga","Romania","2012","Departures","Mirel Bolboașă","https://www.transfermarkt.com/mirel-bolboasa/profil/spieler/64114","Goalkeeper","23","Romania","Ac. Clinceni","Liga 2","Romania",NA,TRUE,"loan transfer","Winter",2,0,0,0
"FCV Farul Constanta","SuperLiga","Romania","2012","Departures","Marius Albu","https://www.transfermarkt.com/marius-albu/profil/spieler/130339","Centre-Forward","22","Romania","Ac. Clinceni","Liga 2","Romania",NA,TRUE,"loan transfer","Winter",13,11,0,312
"FCV Farul Constanta","SuperLiga","Romania","2012","Departures","George Călințaru","https://www.transfermarkt.com/george-calintaru/profil/spieler/181242","Left-Back","23","Romania","Farul Constanta","Liga 2","Romania",NA,TRUE,"loan transfer","Winter",1,1,0,17
"FCV Farul Constanta","SuperLiga","Romania","2012","Departures","Radu Cureteu","https://www.transfermarkt.com/radu-cureteu/profil/spieler/208789","Right-Back","20","Romania","Minerul Motru",NA,"Romania",NA,TRUE,"loan transfer","Winter",NA,NA,NA,NA
"FCV Farul Constanta","SuperLiga","Romania","2012","Departures","Florentin Tudorache","https://www.transfermarkt.com/florentin-tudorache/profil/spieler/243297","Centre-Back","20","Romania","Ac. Clinceni","Liga 2","Romania",NA,TRUE,"loan transfer","Winter",NA,NA,NA,NA
"FCV Farul Constanta","SuperLiga","Romania","2012","Departures","Sascha Marinkovic","https://www.transfermarkt.com/sascha-marinkovic/profil/spieler/208808","Centre-Forward","20","Romania","FC Voluntari",NA,"Romania",NA,TRUE,"loan transfer","Winter",NA,NA,NA,NA
"FCV Farul Constanta","SuperLiga","Romania","2012","Departures","Dumitru Bangheorghe","https://www.transfermarkt.com/dumitru-bangheorghe/profil/spieler/269785","Attacking Midfield","19","Romania","Sageata Navodar","Liga 2","Romania",NA,TRUE,"loan transfer","Winter",NA,NA,NA,NA
"FCV Farul Constanta","SuperLiga","Romania","2012","Departures","Marco Musca","https://www.transfermarkt.com/marco-musca/profil/spieler/249043","Central Midfield","19","Romania","Ac. Clinceni","Liga 2","Romania",NA,TRUE,"loan transfer","Winter",NA,NA,NA,NA
"FCV Farul Constanta","SuperLiga","Romania","2012","Departures","Vasile Păcuraru","https://www.transfermarkt.com/vasile-pacuraru/profil/spieler/46614","Centre-Back","25","Romania",NA,NA,NA,NA,FALSE,"-","Winter",1,0,0,0
"FC Brasov (- 2017)",NA,NA,"2012","Arrivals","Georgian Păun","https://www.transfermarkt.com/georgian-paun/profil/spieler/74552","Left Winger","26","Romania","FC Dinamo","SuperLiga","Romania",0,FALSE,NA,"Summer",26,25,5,1194
"FC Brasov (- 2017)",NA,NA,"2012","Arrivals","Alexandru David","https://www.transfermarkt.com/alexandru-david/profil/spieler/212904","Right-Back","21","Romania","Ariesul Turda",NA,"Romania",0,FALSE,NA,"Summer",19,10,0,649
"FC Brasov (- 2017)",NA,NA,"2012","Arrivals","Radu Barbu","https://www.transfermarkt.com/radu-barbu/profil/spieler/73797","Centre-Back","22","Romania","CS Mioveni","Liga II - Seria II","Romania",0,FALSE,NA,"Summer",15,1,0,28
"FC Brasov (- 2017)",NA,NA,"2012","Arrivals","Daniel Mutu","https://www.transfermarkt.com/daniel-mutu/profil/spieler/173465","Goalkeeper","24","Romania","Pandurii ","SuperLiga","Romania",0,FALSE,NA,"Summer",34,14,0,1171
"FC Brasov (- 2017)",NA,NA,"2012","Arrivals","Iulian Popa","https://www.transfermarkt.com/iulian-popa/profil/spieler/168281","Left Winger","27","Romania","Vointa Sibiu","Liga II - Seria II","Romania",NA,FALSE,"?","Summer",34,31,6,2131
"FC Brasov (- 2017)",NA,NA,"2012","Arrivals","Bogdan Straut","https://www.transfermarkt.com/bogdan-straut/profil/spieler/126124","Right-Back","26","Romania","Petrolul","SuperLiga","Romania",NA,FALSE,"?","Summer",11,5,0,417
"FC Brasov (- 2017)",NA,NA,"2012","Arrivals","Pedro Taborda","https://www.transfermarkt.com/pedro-taborda/profil/spieler/24175","Goalkeeper","34","Portugal","Naval 1893","Liga Portugal 2","Portugal",NA,FALSE,"?","Summer",18,18,0,1620
"FC Brasov (- 2017)",NA,NA,"2012","Arrivals","Iulian Tameș","https://www.transfermarkt.com/iulian-tames/profil/spieler/26052","Central Midfield","33","Romania","FC Dinamo","SuperLiga","Romania",NA,FALSE,"?","Summer",18,17,1,737
"FC Brasov (- 2017)",NA,NA,"2012","Arrivals","Dorinel Popa","https://www.transfermarkt.com/dorinel-popa/profil/spieler/71578","Central Midfield","23","Romania","U Cluj","SuperLiga","Romania",NA,FALSE,"?","Summer",3,2,0,100
"FC Brasov (- 2017)",NA,NA,"2012","Arrivals","Florin Lazar","https://www.transfermarkt.com/florin-lazar/profil/spieler/48676","Centre-Back","32","Romania","Gaz Metan","SuperLiga","Romania",NA,FALSE,"?","Summer",11,6,0,450
"FC Brasov (- 2017)",NA,NA,"2012","Arrivals","Alexandru Tutu","https://www.transfermarkt.com/alexandru-tutu/profil/spieler/234535","Central Midfield","18","Romania","Tarlungeni",NA,"Romania",NA,FALSE,"?","Summer",NA,NA,NA,NA
"FC Brasov (- 2017)",NA,NA,"2012","Arrivals","Paul Batin","https://www.transfermarkt.com/paul-batin/profil/spieler/121151","Centre-Forward","25","Romania","CFR Cluj","SuperLiga","Romania",NA,TRUE,"loan transfer","Summer",31,30,8,2240
"FC Brasov (- 2017)",NA,NA,"2012","Arrivals","Ciprian Brata","https://www.transfermarkt.com/ciprian-brata/profil/spieler/156616","Left Midfield","21","Romania","Pandurii ","SuperLiga","Romania",NA,TRUE,"loan transfer","Summer",12,10,0,275
"FC Brasov (- 2017)",NA,NA,"2012","Arrivals","Adrian Darabant","https://www.transfermarkt.com/adrian-darabant/profil/spieler/235101","Goalkeeper","25","Romania","Tarlungeni",NA,"Romania",NA,TRUE,"loan transfer","Summer",4,0,0,0
"FC Brasov (- 2017)",NA,NA,"2012","Arrivals","Nasser Menassel","https://www.transfermarkt.com/nasser-menassel/profil/spieler/81490","Defensive Midfield","29","France","Without Club",NA,NA,NA,FALSE,"-","Summer",7,6,0,490
"FC Brasov (- 2017)",NA,NA,"2012","Arrivals","Șerban Moraru","https://www.transfermarkt.com/serban-moraru/profil/spieler/48786","Right-Back","26","Romania","Without Club",NA,NA,NA,FALSE,"-","Summer",11,6,0,325
"FC Brasov (- 2017)",NA,NA,"2012","Arrivals","Vlad Potecu","https://www.transfermarkt.com/vlad-potecu/profil/spieler/234247","Centre-Back","19","Romania","FC Brasov-SR",NA,"Romania",NA,TRUE,"End of loan Jun 30, 2012","Summer",11,2,0,94
"FC Brasov (- 2017)",NA,NA,"2012","Departures","Davide","https://www.transfermarkt.com/davide/profil/spieler/13199","Right Winger","29","Portugal","FC Vaslui","SuperLiga","Romania",0,FALSE,NA,"Summer",15,14,0,1050
"FC Brasov (- 2017)",NA,NA,"2012","Departures","Blaze Ilijoski","https://www.transfermarkt.com/blaze-ilijoski/profil/spieler/57398","Centre-Forward","27","North Macedonia","FC Rapid 1923","SuperLiga","Romania",0,FALSE,NA,"Summer",NA,NA,NA,NA
"FC Brasov (- 2017)",NA,NA,"2012","Departures","Pedro Moutinho","https://www.transfermarkt.com/pedro-moutinho/profil/spieler/36640","Centre-Forward","32","Portugal","Atl. Baleares","2ª B - Grupo III","Spain",0,FALSE,NA,"Summer",NA,NA,NA,NA
"FC Brasov (- 2017)",NA,NA,"2012","Departures","Peter Majernik","https://www.transfermarkt.com/peter-majernik/profil/spieler/80907","Centre-Back","33","Slovakia","Spartak Myjava","Niké Liga","Slovakia",0,FALSE,NA,"Summer",NA,NA,NA,NA
"FC Brasov (- 2017)",NA,NA,"2012","Departures","Chigozie Udoji","https://www.transfermarkt.com/chigozie-udoji/profil/spieler/49038","Centre-Forward","26","Bulgaria","Platanias","Super League 1","Greece",0,FALSE,NA,"Summer",NA,NA,NA,NA
"FC Brasov (- 2017)",NA,NA,"2012","Departures","Florin Stîngă","https://www.transfermarkt.com/florin-stinga/profil/spieler/47891","Central Midfield","34","Romania","FC Brasov-SR","Liga II - Seria II","Romania",0,FALSE,NA,"Summer",NA,NA,NA,NA
"FC Brasov (- 2017)",NA,NA,"2012","Departures","Hélder Godinho","https://www.transfermarkt.com/helder-godinho/profil/spieler/24945","Goalkeeper","34","Portugal","Santa Clara","Liga Portugal 2","Portugal",0,FALSE,NA,"Summer",NA,NA,NA,NA
"FC Brasov (- 2017)",NA,NA,"2012","Departures","Raul Ciupe","https://www.transfermarkt.com/raul-ciupe/profil/spieler/64129","Right-Back","28","Romania","U Cluj","SuperLiga","Romania",NA,FALSE,"?","Summer",NA,NA,NA,NA
"FC Brasov (- 2017)",NA,NA,"2012","Departures","Diogo Silva","https://www.transfermarkt.com/diogo-silva/profil/spieler/45244","Centre-Back","29","Portugal","Naval 1893","Liga Portugal 2","Portugal",NA,FALSE,"?","Summer",NA,NA,NA,NA
"FC Brasov (- 2017)",NA,NA,"2012","Departures","Florin Iacob","https://www.transfermarkt.com/florin-iacob/profil/spieler/186028","Goalkeeper","18","Romania","Tarlungeni",NA,"Romania",NA,TRUE,"loan transfer","Summer",NA,NA,NA,NA
"FC Brasov (- 2017)",NA,NA,"2012","Departures","Horia Popa","https://www.transfermarkt.com/horia-popa/profil/spieler/247955","Defensive Midfield","18","Romania","FC Brasov-SR","Liga II - Seria II","Romania",NA,TRUE,"loan transfer","Summer",NA,NA,NA,NA
"FC Brasov (- 2017)",NA,NA,"2012","Departures","Nasser Menassel","https://www.transfermarkt.com/nasser-menassel/profil/spieler/81490","Defensive Midfield","29","France","Without Club",NA,NA,NA,FALSE,"-","Summer",7,6,0,490
"FC Brasov (- 2017)",NA,NA,"2012","Departures","Mauro Alonso","https://www.transfermarkt.com/mauro-alonso/profil/spieler/159959","Attacking Midfield","23","Brazil","Without Club",NA,NA,NA,FALSE,"-","Summer",NA,NA,NA,NA
"FC Brasov (- 2017)",NA,NA,"2012","Departures","Cătălin Dedu","https://www.transfermarkt.com/catalin-dedu/profil/spieler/64145","Centre-Forward","25","Romania","Without Club",NA,NA,NA,FALSE,"-","Summer",NA,NA,NA,NA
"FC Brasov (- 2017)",NA,NA,"2012","Departures","Mário Felgueiras","https://www.transfermarkt.com/mario-felgueiras/profil/spieler/59000","Goalkeeper","25","Portugal","SC Braga","Liga Portugal","Portugal",NA,TRUE,"End of loan Jun 30, 2012","Summer",NA,NA,NA,NA
"FC Brasov (- 2017)",NA,NA,"2012","Departures","David Distéfano","https://www.transfermarkt.com/david-distefano/profil/spieler/134862","Left Winger","24","Argentina","San Felipe","Torneo Clausura","Chile",NA,TRUE,"End of loan Jun 30, 2012","Summer",NA,NA,NA,NA
"FC Brasov (- 2017)",NA,NA,"2012","Arrivals","Davide","https://www.transfermarkt.com/davide/profil/spieler/13199","Right Winger","29","Portugal","FC Vaslui","SuperLiga","Romania",0,FALSE,NA,"Winter",15,14,0,1050
"FC Brasov (- 2017)",NA,NA,"2012","Arrivals","Alexandru Vagner","https://www.transfermarkt.com/alexandru-vagner/profil/spieler/48755","Right-Back","23","Romania","ASA Tg. Mures","Liga II - Seria II","Romania",0,FALSE,NA,"Winter",9,7,0,603
"FC Brasov (- 2017)",NA,NA,"2012","Arrivals","Sergiu Oltean","https://www.transfermarkt.com/sergiu-oltean/profil/spieler/208678","Centre-Back","25","Romania","Bihor Oradea","Liga II - Seria II","Romania",0,FALSE,NA,"Winter",14,11,1,890
"FC Brasov (- 2017)",NA,NA,"2012","Arrivals","Andrei Marinescu","https://www.transfermarkt.com/andrei-marinescu/profil/spieler/45052","Goalkeeper","27","Romania","Turnu-Severin","SuperLiga","Romania",NA,FALSE,"?","Winter",15,5,0,450
"FC Brasov (- 2017)",NA,NA,"2012","Arrivals","Daniel Tătar","https://www.transfermarkt.com/daniel-tatar/profil/spieler/168288","Left-Back","25","Romania","Vointa Sibiu","Liga II - Seria II","Romania",NA,FALSE,"?","Winter",15,12,2,566
"FC Brasov (- 2017)",NA,NA,"2012","Arrivals","Frank Wiafe","https://www.transfermarkt.com/frank-wiafe/profil/spieler/62097","Centre-Forward","23","Netherlands","Chabab","Derde Divisie B","Netherlands",NA,FALSE,"?","Winter",9,6,1,203
"FC Brasov (- 2017)",NA,NA,"2012","Arrivals","Ayhan Güclü","https://www.transfermarkt.com/ayhan-guclu/profil/spieler/85236","Centre-Forward","22","Türkiye","Thonon Évian B",NA,"France",NA,FALSE,"?","Winter",2,2,0,6
"FC Brasov (- 2017)",NA,NA,"2012","Arrivals","Șerban Moraru","https://www.transfermarkt.com/serban-moraru/profil/spieler/48786","Right-Back","26","Romania","Without Club",NA,NA,NA,FALSE,"-","Winter",11,6,0,325
"FC Brasov (- 2017)",NA,NA,"2012","Arrivals","Florin Dumbravă","https://www.transfermarkt.com/florin-dumbrava/profil/spieler/262115","Left-Back","17","Romania","FC Brasov U19",NA,"Romania",NA,FALSE,"-","Winter",9,1,0,14
"FC Brasov (- 2017)",NA,NA,"2012","Arrivals","Bogdan Cauca","https://www.transfermarkt.com/bogdan-cauca/profil/spieler/262114","Goalkeeper","16","Romania","FC Brasov U19",NA,"Romania",NA,FALSE,"-","Winter",0,0,0,0
"FC Brasov (- 2017)",NA,NA,"2012","Departures","Pedro Taborda","https://www.transfermarkt.com/pedro-taborda/profil/spieler/24175","Goalkeeper","34","Portugal","Naval 1893","Liga Portugal 2","Portugal",0,FALSE,NA,"Winter",18,18,0,1620
"FC Brasov (- 2017)",NA,NA,"2012","Departures","Attila Hadnagy","https://www.transfermarkt.com/attila-hadnagy/profil/spieler/64171","Centre-Forward","32","Romania","FC Botosani","Liga 2","Romania",0,FALSE,NA,"Winter",17,12,1,354
"FC Brasov (- 2017)",NA,NA,"2012","Departures","Florin Lazar","https://www.transfermarkt.com/florin-lazar/profil/spieler/48676","Centre-Back","33","Romania","Bihor Oradea","Liga II - Seria II","Romania",0,FALSE,NA,"Winter",11,6,0,450
"FC Brasov (- 2017)",NA,NA,"2012","Departures","Vlad Potecu","https://www.transfermarkt.com/vlad-potecu/profil/spieler/234247","Centre-Back","19","Romania","Tarlungeni",NA,"Romania",NA,TRUE,"loan transfer","Winter",11,2,0,94
"FC Brasov (- 2017)",NA,NA,"2012","Departures","Alin Damian","https://www.transfermarkt.com/alin-damian/profil/spieler/225671","Centre-Forward","18","Romania","Tarlungeni",NA,"Romania",NA,TRUE,"loan transfer","Winter",4,1,0,9
"FC Brasov (- 2017)",NA,NA,"2012","Departures","Alexandru Tutu","https://www.transfermarkt.com/alexandru-tutu/profil/spieler/234535","Central Midfield","18","Romania","FC Brasov-SR","Liga II - Seria II","Romania",NA,TRUE,"loan transfer","Winter",NA,NA,NA,NA
"FC Brasov (- 2017)",NA,NA,"2012","Departures","Nasser Menassel","https://www.transfermarkt.com/nasser-menassel/profil/spieler/81490","Defensive Midfield","29","France","Without Club",NA,NA,NA,FALSE,"-","Winter",7,6,0,490
"FC Brasov (- 2017)",NA,NA,"2012","Departures","Vasile Olariu","https://www.transfermarkt.com/vasile-olariu/profil/spieler/64280","Central Midfield","25","Romania","Without Club",NA,NA,NA,FALSE,"-","Winter",12,7,0,330
"FC Brasov (- 2017)",NA,NA,"2012","Departures","Iulian Tameș","https://www.transfermarkt.com/iulian-tames/profil/spieler/26052","Central Midfield","34","Romania","Without Club",NA,NA,NA,FALSE,"-","Winter",18,17,1,737
"FC Brasov (- 2017)",NA,NA,"2012","Departures","Dorinel Popa","https://www.transfermarkt.com/dorinel-popa/profil/spieler/71578","Central Midfield","24","Romania","Without Club",NA,NA,NA,FALSE,"-","Winter",3,2,0,100
"FC Brasov (- 2017)",NA,NA,"2012","Departures","Ciprian Brata","https://www.transfermarkt.com/ciprian-brata/profil/spieler/156616","Left Midfield","21","Romania","Pandurii ","SuperLiga","Romania",NA,TRUE,"End of loan Dec 31, 2012","Winter",12,10,0,275
"FC Brasov (- 2017)",NA,NA,"2012","Departures","Adrian Darabant","https://www.transfermarkt.com/adrian-darabant/profil/spieler/235101","Goalkeeper","26","Romania","Tarlungeni",NA,"Romania",NA,TRUE,"End of loan Dec 31, 2012","Winter",4,0,0,0
"Concordia Chiajna","Liga 2","Romania","2012","Arrivals","Rover Carstea","https://www.transfermarkt.com/rover-carstea/profil/spieler/64123","Centre-Forward","22","Romania","Poli. Timisoara",NA,"Romania",0,FALSE,NA,"Summer",1,1,0,27
"Concordia Chiajna","Liga 2","Romania","2012","Arrivals","Florin Maxim","https://www.transfermarkt.com/florin-maxim/profil/spieler/48768","Left-Back","31","Romania","Petrolul","SuperLiga","Romania",0,FALSE,NA,"Summer",6,6,0,488
"Concordia Chiajna","Liga 2","Romania","2012","Arrivals","Wellington","https://www.transfermarkt.com/wellington/profil/spieler/234279","Centre-Forward","24","Brazil","Sertãozinho",NA,"Brazil",0,FALSE,NA,"Summer",34,34,5,2444
"Concordia Chiajna","Liga 2","Romania","2012","Arrivals","Florin Ilie","https://www.transfermarkt.com/florin-ilie/profil/spieler/192866","Centre-Back","20","Romania","Poli. Timisoara",NA,"Romania",0,FALSE,NA,"Summer",30,16,2,1164
"Concordia Chiajna","Liga 2","Romania","2012","Arrivals","Florin Purece","https://www.transfermarkt.com/florin-purece/profil/spieler/203059","Attacking Midfield","20","Romania","UTA Arad","Liga II - Seria II","Romania",0,FALSE,NA,"Summer",29,28,3,1902
"Concordia Chiajna","Liga 2","Romania","2012","Arrivals","Nicolae Zuluf","https://www.transfermarkt.com/nicolae-zuluf/profil/spieler/157031","Left Midfield","24","Romania","Turnu-Severin","SuperLiga","Romania",0,FALSE,NA,"Summer",29,26,1,1488
"Concordia Chiajna","Liga 2","Romania","2012","Arrivals","Florin Sandu","https://www.transfermarkt.com/florin-sandu/profil/spieler/103528","Left-Back","24","Romania","Poli. Timisoara",NA,"Romania",0,FALSE,NA,"Summer",NA,NA,NA,NA
"Concordia Chiajna","Liga 2","Romania","2012","Arrivals","Sorin Ispir","https://www.transfermarkt.com/sorin-ispir/profil/spieler/156824","Central Midfield","23","Romania","FC Dinamo","SuperLiga","Romania",0,FALSE,NA,"Summer",21,21,1,1748
"Concordia Chiajna","Liga 2","Romania","2012","Arrivals","Alexandru Popovici","https://www.transfermarkt.com/alexandru-popovici/profil/spieler/69564","Right Winger","23","Romania","Poli. Timisoara",NA,"Romania",0,FALSE,NA,"Summer",34,34,1,2173
"Concordia Chiajna","Liga 2","Romania","2012","Arrivals","Tiberiu Serediuc","https://www.transfermarkt.com/tiberiu-serediuc/profil/spieler/192871","Right Midfield","19","Romania","CS Otopeni","Liga 2","Romania",0,FALSE,NA,"Summer",35,34,1,2486
"Concordia Chiajna","Liga 2","Romania","2012","Arrivals","Sorin Paraschiv","https://www.transfermarkt.com/sorin-paraschiv/profil/spieler/26503","Defensive Midfield","31","Romania","Farul Constanta","Liga 2","Romania",0,FALSE,NA,"Summer",18,18,0,1381
"Concordia Chiajna","Liga 2","Romania","2012","Arrivals","Alberto Cobrea","https://www.transfermarkt.com/alberto-cobrea/profil/spieler/96841","Goalkeeper","21","Romania","CS Mioveni","Liga II - Seria II","Romania",0,FALSE,NA,"Summer",31,10,0,900
"Concordia Chiajna","Liga 2","Romania","2012","Arrivals","Egzon Belica","https://www.transfermarkt.com/egzon-belica/profil/spieler/99044","Centre-Back","21","North Macedonia","Ohrid Lihnidos",NA,"North Macedonia",0,FALSE,NA,"Summer",26,12,0,936
"Concordia Chiajna","Liga 2","Romania","2012","Arrivals","Ariel Shtini","https://www.transfermarkt.com/ariel-shtini/profil/spieler/142362","Centre-Forward","20","Albania","Dinamo City",NA,"Albania",0,FALSE,NA,"Summer",NA,NA,NA,NA
"Concordia Chiajna","Liga 2","Romania","2012","Arrivals","Claudiu Belu","https://www.transfermarkt.com/claudiu-belu/profil/spieler/208716","Right-Back","18","Romania","Poli. Timisoara",NA,"Romania",0,FALSE,NA,"Summer",31,26,2,2053
"Concordia Chiajna","Liga 2","Romania","2012","Arrivals","Damir Ibric","https://www.transfermarkt.com/damir-ibric/profil/spieler/35025","Centre-Forward","28","Bosnia-Herzegovina","Kocaelispor","3.Lig Grup 3","Türkiye",0,FALSE,NA,"Summer",8,8,1,211
"Concordia Chiajna","Liga 2","Romania","2012","Arrivals","Andrei Damian","https://www.transfermarkt.com/andrei-damian/profil/spieler/241047","Left-Back","19","Romania","Unknown",NA,NA,0,FALSE,NA,"Summer",13,7,0,284
"Concordia Chiajna","Liga 2","Romania","2012","Arrivals","Irinel Dumitru","https://www.transfermarkt.com/irinel-dumitru/profil/spieler/324756","Centre-Forward","19","Romania","FCSB II",NA,"Romania",0,FALSE,NA,"Summer",NA,NA,NA,NA
"Concordia Chiajna","Liga 2","Romania","2012","Arrivals","Andrei Stan","https://www.transfermarkt.com/andrei-stan/profil/spieler/272614","Defensive Midfield","16","Romania","FCSB U18",NA,"Romania",0,FALSE,NA,"Summer",7,2,0,115
"Concordia Chiajna","Liga 2","Romania","2012","Arrivals","Sorin Ghionea","https://www.transfermarkt.com/sorin-ghionea/profil/spieler/26496","Centre-Back","33","Romania","ASA Tg. Mures","Liga II - Seria II","Romania",NA,FALSE,"?","Summer",29,29,3,2523
"Concordia Chiajna","Liga 2","Romania","2012","Arrivals","Sergei Lepmets","https://www.transfermarkt.com/sergei-lepmets/profil/spieler/42775","Goalkeeper","25","Estonia","Poli. Timisoara",NA,"Romania",NA,FALSE,"?","Summer",8,7,0,630
"Concordia Chiajna","Liga 2","Romania","2012","Arrivals","Valentin Simion","https://www.transfermarkt.com/valentin-simion/profil/spieler/34760","Centre-Forward","25","Romania","FCV Farul","SuperLiga","Romania",NA,FALSE,"?","Summer",16,13,1,539
"Concordia Chiajna","Liga 2","Romania","2012","Arrivals","Rafael Rocha","https://www.transfermarkt.com/rafael-rocha/profil/spieler/167871","Left-Back","23","Brazil","Poli. Timisoara",NA,"Romania",NA,FALSE,"?","Summer",3,3,0,160
"Concordia Chiajna","Liga 2","Romania","2012","Arrivals","Narcisse Bambara","https://www.transfermarkt.com/narcisse-bambara/profil/spieler/242878","Left-Back","23","Burkina Faso","EF Ouagadougou",NA,"Burkina Faso",NA,FALSE,"?","Summer",25,24,1,2092
"Concordia Chiajna","Liga 2","Romania","2012","Arrivals","Radu Ciupitu","https://www.transfermarkt.com/radu-ciupitu/profil/spieler/241133","Midfielder","22","Romania","Chiajna II",NA,"Romania",NA,FALSE,"-","Summer",3,2,0,35
"Concordia Chiajna","Liga 2","Romania","2012","Arrivals","Gabriel Iancu","https://www.transfermarkt.com/gabriel-iancu/profil/spieler/1012941","Goalkeeper","20","Romania","Chiajna II",NA,"Romania",NA,FALSE,"-","Summer",10,0,0,0
"Concordia Chiajna","Liga 2","Romania","2012","Arrivals","Mihai Leca","https://www.transfermarkt.com/mihai-leca/profil/spieler/234286","Centre-Back","20","Romania","Chiajna II",NA,"Romania",NA,FALSE,"-","Summer",36,31,1,2731
"Concordia Chiajna","Liga 2","Romania","2012","Arrivals","Valentin Crețu","https://www.transfermarkt.com/valentin-cretu/profil/spieler/79507","Right-Back","23","Romania","FC Rapid 1923","SuperLiga","Romania",NA,TRUE,"End of loan Jun 30, 2012","Summer",15,15,0,1094
"Concordia Chiajna","Liga 2","Romania","2012","Arrivals","Marian Neagu","https://www.transfermarkt.com/marian-neagu/profil/spieler/200474","Right Midfield","20","Romania","Metaloglobus",NA,"Romania",NA,TRUE,"End of loan Jun 30, 2012","Summer",NA,NA,NA,NA
"Concordia Chiajna","Liga 2","Romania","2012","Arrivals","Andrei Dufuor","https://www.transfermarkt.com/andrei-dufuor/profil/spieler/220990","Right Midfield","20","Romania","FC Snagov","Liga 2","Romania",NA,TRUE,"End of loan Jun 30, 2012","Summer",NA,NA,NA,NA
"Concordia Chiajna","Liga 2","Romania","2012","Departures","Adrian Popa","https://www.transfermarkt.com/adrian-popa/profil/spieler/104062","Right Winger","24","Romania","FCSB","SuperLiga","Romania",5e+05,FALSE,NA,"Summer",4,4,3,360
"Concordia Chiajna","Liga 2","Romania","2012","Departures","Adi Rocha","https://www.transfermarkt.com/adi-rocha/profil/spieler/50571","Centre-Forward","26","Brazil","FCSB","SuperLiga","Romania",150000,FALSE,NA,"Summer",NA,NA,NA,NA
"Concordia Chiajna","Liga 2","Romania","2012","Departures","Plamen Krumov","https://www.transfermarkt.com/plamen-krumov/profil/spieler/79859","Centre-Back","26","Bulgaria","U Cluj","SuperLiga","Romania",0,FALSE,NA,"Summer",NA,NA,NA,NA
"Concordia Chiajna","Liga 2","Romania","2012","Departures","Doru Bratu","https://www.transfermarkt.com/doru-bratu/profil/spieler/81724","Centre-Back","23","Romania","FCSB","SuperLiga","Romania",0,FALSE,NA,"Summer",NA,NA,NA,NA
"Concordia Chiajna","Liga 2","Romania","2012","Departures","Vlad Munteanu","https://www.transfermarkt.com/vlad-munteanu/profil/spieler/26041","Left Midfield","31","Romania","Erzgebirge Aue","2. Bundesliga","Germany",0,FALSE,NA,"Summer",NA,NA,NA,NA
"Concordia Chiajna","Liga 2","Romania","2012","Departures","Guilherme","https://www.transfermarkt.com/guilherme/profil/spieler/217863","Left-Back","22","Brazil","Petrolul","SuperLiga","Romania",0,FALSE,NA,"Summer",NA,NA,NA,NA
"Concordia Chiajna","Liga 2","Romania","2012","Departures","Victoras Iacob","https://www.transfermarkt.com/victoras-iacob/profil/spieler/34757","Centre-Forward","31","Romania","Niki Volou","Football League","Greece",0,FALSE,NA,"Summer",NA,NA,NA,NA
"Concordia Chiajna","Liga 2","Romania","2012","Departures","Paulinho","https://www.transfermarkt.com/paulinho/profil/spieler/37577","Attacking Midfield","27","Portugal","U Cluj","SuperLiga","Romania",0,FALSE,NA,"Summer",NA,NA,NA,NA
"Concordia Chiajna","Liga 2","Romania","2012","Departures","Milen Lahchev","https://www.transfermarkt.com/milen-lahchev/profil/spieler/156401","Centre-Back","25","Bulgaria","Montana","efbet Liga","Bulgaria",0,FALSE,NA,"Summer",NA,NA,NA,NA
"Concordia Chiajna","Liga 2","Romania","2012","Departures","Aleksandar Petrovic","https://www.transfermarkt.com/aleksandar-petrovic/profil/spieler/36051","Centre-Back","29","Serbia","ACS Poli","Liga II - Seria II","Romania",0,FALSE,NA,"Summer",NA,NA,NA,NA
"Concordia Chiajna","Liga 2","Romania","2012","Departures","Yordan Gospodinov","https://www.transfermarkt.com/yordan-gospodinov/profil/spieler/26341","Goalkeeper","34","Bulgaria","Loko Plovdiv","efbet Liga","Bulgaria",0,FALSE,NA,"Summer",NA,NA,NA,NA
"Concordia Chiajna","Liga 2","Romania","2012","Departures","Damir Ibric","https://www.transfermarkt.com/damir-ibric/profil/spieler/35025","Centre-Forward","29","Bosnia-Herzegovina","TFC II",NA,"Malaysia",0,FALSE,NA,"Summer",8,8,1,211
"Concordia Chiajna","Liga 2","Romania","2012","Departures","Ionuț Nae","https://www.transfermarkt.com/ionut-nae/profil/spieler/208058","Centre-Back","25","Romania","Dinamo II","Liga 2","Romania",0,FALSE,NA,"Summer",NA,NA,NA,NA
"Concordia Chiajna","Liga 2","Romania","2012","Departures","Apostol Muzac","https://www.transfermarkt.com/apostol-muzac/profil/spieler/48655","Centre-Forward","24","Romania","U Cluj","SuperLiga","Romania",NA,FALSE,"?","Summer",NA,NA,NA,NA
"Concordia Chiajna","Liga 2","Romania","2012","Departures","Iulian Mamele","https://www.transfermarkt.com/iulian-mamele/profil/spieler/200472","Centre-Back","27","Romania","Pandurii ","SuperLiga","Romania",NA,FALSE,"?","Summer",NA,NA,NA,NA
"Concordia Chiajna","Liga 2","Romania","2012","Departures","Viorel Dinu","https://www.transfermarkt.com/viorel-dinu/profil/spieler/213710","Centre-Forward","32","Romania","U Cluj","SuperLiga","Romania",NA,FALSE,"?","Summer",NA,NA,NA,NA
"Concordia Chiajna","Liga 2","Romania","2012","Departures","Roberto Iancu","https://www.transfermarkt.com/roberto-iancu/profil/spieler/25934","Defensive Midfield","30","Romania","U Cluj","SuperLiga","Romania",NA,FALSE,"?","Summer",NA,NA,NA,NA
"Concordia Chiajna","Liga 2","Romania","2012","Departures","Alexandru Radu","https://www.transfermarkt.com/alexandru-radu/profil/spieler/64284","Defensive Midfield","29","Romania","ACS Berceni",NA,"Romania",NA,FALSE,"?","Summer",NA,NA,NA,NA
"Concordia Chiajna","Liga 2","Romania","2012","Departures","Idan Baruch","https://www.transfermarkt.com/idan-baruch/profil/spieler/200302","Goalkeeper","22","Israel","Ac. Clinceni","Liga 2","Romania",NA,FALSE,"?","Summer",NA,NA,NA,NA
"Concordia Chiajna","Liga 2","Romania","2012","Departures","Valentin Dima","https://www.transfermarkt.com/valentin-dima/profil/spieler/200468","Right-Back","23","Romania","FC Olt Slatina","Liga II - Seria II","Romania",NA,FALSE,"?","Summer",NA,NA,NA,NA
"Concordia Chiajna","Liga 2","Romania","2012","Departures","Adrian Mihalcea","https://www.transfermarkt.com/adrian-mihalcea/profil/spieler/21869","Centre-Forward","36","Romania","Unirea Slobozia","Liga 2","Romania",NA,FALSE,"?","Summer",NA,NA,NA,NA
"Concordia Chiajna","Liga 2","Romania","2012","Departures","Teodor Meila","https://www.transfermarkt.com/teodor-meila/profil/spieler/200473","Goalkeeper","19","Romania","ACS Berceni",NA,"Romania",NA,TRUE,"loan transfer","Summer",NA,NA,NA,NA
"Concordia Chiajna","Liga 2","Romania","2012","Departures","Sergei Lepmets","https://www.transfermarkt.com/sergei-lepmets/profil/spieler/42775","Goalkeeper","25","Estonia","Without Club",NA,NA,NA,FALSE,"-","Summer",8,7,0,630
"Concordia Chiajna","Liga 2","Romania","2012","Departures","Ilie Iordache","https://www.transfermarkt.com/ilie-iordache/profil/spieler/47877","Left Winger","27","Romania","Without Club",NA,NA,NA,FALSE,"-","Summer",NA,NA,NA,NA
"Concordia Chiajna","Liga 2","Romania","2012","Departures","Rafael Rocha","https://www.transfermarkt.com/rafael-rocha/profil/spieler/167871","Left-Back","23","Brazil","Without Club",NA,NA,NA,FALSE,"-","Summer",3,3,0,160
"Concordia Chiajna","Liga 2","Romania","2012","Departures","Hristu Chiacu","https://www.transfermarkt.com/hristu-chiacu/profil/spieler/41623","Right Midfield","25","Romania","Without Club",NA,NA,NA,FALSE,"-","Summer",NA,NA,NA,NA
"Concordia Chiajna","Liga 2","Romania","2012","Departures","Marian Chitu","https://www.transfermarkt.com/marian-chitu/profil/spieler/103521","Left Winger","25","Romania","Chiajna II",NA,"Romania",NA,FALSE,"-","Summer",NA,NA,NA,NA
"Concordia Chiajna","Liga 2","Romania","2012","Departures","Alex Gonçalves","https://www.transfermarkt.com/alex-goncalves/profil/spieler/85312","Centre-Forward","22","Brazil","Fluminense U20",NA,"Brazil",NA,TRUE,"End of loan Jun 30, 2012","Summer",NA,NA,NA,NA
"Concordia Chiajna","Liga 2","Romania","2012","Departures","Lucian Filip","https://www.transfermarkt.com/lucian-filip/profil/spieler/60880","Defensive Midfield","21","Romania","FCSB","SuperLiga","Romania",NA,TRUE,"End of loan Jun 30, 2012","Summer",NA,NA,NA,NA
"Concordia Chiajna","Liga 2","Romania","2012","Departures","Adrian Popa","https://www.transfermarkt.com/adrian-popa/profil/spieler/214091","Centre-Back","22","Romania","FC Dinamo","SuperLiga","Romania",NA,TRUE,"End of loan Jun 30, 2012","Summer",4,4,3,360
"Concordia Chiajna","Liga 2","Romania","2012","Arrivals","Neluț Roșu","https://www.transfermarkt.com/nelut-rosu/profil/spieler/241310","Central Midfield","19","Romania","Luceafarul","Liga II - Seria II","Romania",5000,TRUE,NA,"Winter",8,3,0,169
"Concordia Chiajna","Liga 2","Romania","2012","Arrivals","Daniel Novac","https://www.transfermarkt.com/daniel-novac/profil/spieler/156372","Central Midfield","25","Romania","Sportul S.","Liga 2","Romania",0,FALSE,NA,"Winter",9,9,0,489
"Concordia Chiajna","Liga 2","Romania","2012","Arrivals","Bogdan Bucurică","https://www.transfermarkt.com/bogdan-bucurica/profil/spieler/43287","Left-Back","26","Romania","Alba Iulia","Liga II - Seria II","Romania",0,FALSE,NA,"Winter",13,5,0,374
"Concordia Chiajna","Liga 2","Romania","2012","Arrivals","Valentin Coșereanu","https://www.transfermarkt.com/valentin-cosereanu/profil/spieler/204181","Right Midfield","21","Romania","CS Mioveni","Liga II - Seria II","Romania",0,FALSE,NA,"Winter",13,13,0,913
"Concordia Chiajna","Liga 2","Romania","2012","Arrivals","Daniel Stan","https://www.transfermarkt.com/daniel-stan/profil/spieler/181245","Central Midfield","20","Romania","U Cluj II",NA,"Romania",0,FALSE,NA,"Winter",34,13,0,322
"Concordia Chiajna","Liga 2","Romania","2012","Arrivals","George Apostol","https://www.transfermarkt.com/george-apostol/profil/spieler/221529","Central Midfield","20","Romania","Dinamo II","Liga 2","Romania",0,FALSE,NA,"Winter",3,2,0,57
"Concordia Chiajna","Liga 2","Romania","2012","Arrivals","Alexandru Mărgărit","https://www.transfermarkt.com/alexandru-margarit/profil/spieler/241568","Right Winger","19","Romania","Sportul S.","Liga 2","Romania",0,FALSE,NA,"Winter",0,0,0,0
"Concordia Chiajna","Liga 2","Romania","2012","Arrivals","Cătălin Savin","https://www.transfermarkt.com/catalin-savin/profil/spieler/81504","Defensive Midfield","22","Romania","Chiajna II",NA,"Romania",NA,FALSE,"-","Winter",5,4,1,330
"Concordia Chiajna","Liga 2","Romania","2012","Departures","Valentin Crețu","https://www.transfermarkt.com/valentin-cretu/profil/spieler/79507","Right-Back","24","Romania","Beroe","efbet Liga","Bulgaria",0,FALSE,NA,"Winter",15,15,0,1094
"Concordia Chiajna","Liga 2","Romania","2012","Departures","Florin Maxim","https://www.transfermarkt.com/florin-maxim/profil/spieler/48768","Left-Back","31","Romania","FC Voluntari",NA,"Romania",0,FALSE,NA,"Winter",6,6,0,488
"Concordia Chiajna","Liga 2","Romania","2012","Departures","Rover Carstea","https://www.transfermarkt.com/rover-carstea/profil/spieler/64123","Centre-Forward","23","Romania","FC Arges","Liga II - Seria II","Romania",0,FALSE,NA,"Winter",1,1,0,27
"Concordia Chiajna","Liga 2","Romania","2012","Departures","Ionuț Nae","https://www.transfermarkt.com/ionut-nae/profil/spieler/208058","Centre-Back","25","Romania","Dinamo II","Liga 2","Romania",0,FALSE,NA,"Winter",NA,NA,NA,NA
"Concordia Chiajna","Liga 2","Romania","2012","Departures","Andrei Dufuor","https://www.transfermarkt.com/andrei-dufuor/profil/spieler/220990","Right Midfield","20","Romania","CS Otopeni","Liga 2","Romania",0,FALSE,NA,"Winter",NA,NA,NA,NA
"Concordia Chiajna","Liga 2","Romania","2012","Departures","Ariel Shtini","https://www.transfermarkt.com/ariel-shtini/profil/spieler/142362","Centre-Forward","20","Albania","Milsami","Divizia Nationala (-2017)","Moldova",NA,FALSE,"?","Winter",NA,NA,NA,NA
"Concordia Chiajna","Liga 2","Romania","2012","Departures","Florin Sandu","https://www.transfermarkt.com/florin-sandu/profil/spieler/103528","Left-Back","25","Romania","Without Club",NA,NA,NA,FALSE,"-","Winter",NA,NA,NA,NA
"Concordia Chiajna","Liga 2","Romania","2012","Departures","Valentin Simion","https://www.transfermarkt.com/valentin-simion/profil/spieler/34760","Centre-Forward","26","Romania",NA,NA,NA,NA,FALSE,"-","Winter",16,13,1,539
"CSM Ceahlaul Piatra Neamt","Liga 2","Romania","2012","Arrivals","Antonio Moreno","https://www.transfermarkt.com/antonio-moreno/profil/spieler/72252","Right-Back","29","Spain","CD Guadalajara","LaLiga2","Spain",0,FALSE,NA,"Summer",21,18,0,1555
"CSM Ceahlaul Piatra Neamt","Liga 2","Romania","2012","Arrivals","Daniel Barna","https://www.transfermarkt.com/daniel-barna/profil/spieler/55275","Left-Back","26","Romania","Rapid G.","Divizia Nationala (-2017)","Moldova",0,FALSE,NA,"Summer",24,17,0,1286
"CSM Ceahlaul Piatra Neamt","Liga 2","Romania","2012","Arrivals","Bogdan Miron","https://www.transfermarkt.com/bogdan-miron/profil/spieler/124621","Goalkeeper","30","Romania","Vointa Sibiu","Liga II - Seria II","Romania",0,FALSE,NA,"Summer",32,24,0,2160
"CSM Ceahlaul Piatra Neamt","Liga 2","Romania","2012","Arrivals","Nikola Tolimir","https://www.transfermarkt.com/nikola-tolimir/profil/spieler/80542","Defensive Midfield","23","Slovenia","Rudar Velenje","Prva Liga","Slovenia",0,FALSE,NA,"Summer",28,10,1,422
"CSM Ceahlaul Piatra Neamt","Liga 2","Romania","2012","Arrivals","Nicola Donazzan","https://www.transfermarkt.com/nicola-donazzan/profil/spieler/32084","Left-Back","27","Italy","Sassuolo","Serie B","Italy",0,FALSE,NA,"Summer",NA,NA,NA,NA
"CSM Ceahlaul Piatra Neamt","Liga 2","Romania","2012","Arrivals","Aloisio","https://www.transfermarkt.com/aloisio/profil/spieler/71925","Centre-Back","33","Spain","CD Alcoyano","2ª B - Grupo III","Spain",0,FALSE,NA,"Summer",14,13,2,1126
"CSM Ceahlaul Piatra Neamt","Liga 2","Romania","2012","Arrivals","Gelu Velici","https://www.transfermarkt.com/gelu-velici/profil/spieler/238515","Centre-Forward","20","Romania","Timisoara U19",NA,"Romania",0,FALSE,NA,"Summer",26,18,4,800
"CSM Ceahlaul Piatra Neamt","Liga 2","Romania","2012","Arrivals","Darko Lukanovic","https://www.transfermarkt.com/darko-lukanovic/profil/spieler/18784","Centre-Forward","28","Sweden","Vointa Sibiu","Liga II - Seria II","Romania",NA,FALSE,"?","Summer",30,26,4,829
"CSM Ceahlaul Piatra Neamt","Liga 2","Romania","2012","Arrivals","Catalin Chis","https://www.transfermarkt.com/catalin-chis/profil/spieler/207478","Right Midfield","24","Romania","Poli. Timisoara",NA,"Romania",NA,FALSE,"?","Summer",2,2,0,28
"CSM Ceahlaul Piatra Neamt","Liga 2","Romania","2012","Arrivals","Marius Rusu","https://www.transfermarkt.com/marius-rusu/profil/spieler/46641","Right-Back","22","Romania","FCV Farul","SuperLiga","Romania",NA,FALSE,"?","Summer",25,19,1,1384
"CSM Ceahlaul Piatra Neamt","Liga 2","Romania","2012","Arrivals","Mario Titone","https://www.transfermarkt.com/mario-titone/profil/spieler/67505","Right Winger","24","Italy","Without Club",NA,NA,NA,FALSE,"-","Summer",7,3,0,132
"CSM Ceahlaul Piatra Neamt","Liga 2","Romania","2012","Arrivals","Cătălin Ștefănescu","https://www.transfermarkt.com/catalin-stefanescu/profil/spieler/243762","Left Winger","17","Romania","CPN U19",NA,"Romania",NA,FALSE,"-","Summer",10,6,0,228
"CSM Ceahlaul Piatra Neamt","Liga 2","Romania","2012","Arrivals","Radu Miron","https://www.transfermarkt.com/radu-miron/profil/spieler/97526","Left Midfield","21","Romania","Callatis","Liga 2","Romania",NA,TRUE,"End of loan Jun 30, 2012","Summer",NA,NA,NA,NA
"CSM Ceahlaul Piatra Neamt","Liga 2","Romania","2012","Arrivals","Gabriel Tudosa","https://www.transfermarkt.com/gabriel-tudosa/profil/spieler/97533","Centre-Forward","24","Romania","Cetatea Tg. Nt.",NA,"Romania",NA,TRUE,"End of loan Jun 30, 2012","Summer",NA,NA,NA,NA
"CSM Ceahlaul Piatra Neamt","Liga 2","Romania","2012","Arrivals","Alexandru Hărăguță","https://www.transfermarkt.com/alexandru-haraguta/profil/spieler/97524","Goalkeeper","22","Romania","Cetatea Tg. Nt.",NA,"Romania",NA,TRUE,"End of loan Jun 30, 2012","Summer",NA,NA,NA,NA
"CSM Ceahlaul Piatra Neamt","Liga 2","Romania","2012","Departures","Andrei Dumitraș","https://www.transfermarkt.com/andrei-dumitras/profil/spieler/143833","Right-Back","24","Romania","FCSB","SuperLiga","Romania",5e+05,FALSE,NA,"Summer",13,13,0,1025
"CSM Ceahlaul Piatra Neamt","Liga 2","Romania","2012","Departures","Mădălin Popa","https://www.transfermarkt.com/madalin-popa/profil/spieler/58731","Centre-Back","29","Romania","CSM Roman",NA,"Romania",0,FALSE,NA,"Summer",NA,NA,NA,NA
"CSM Ceahlaul Piatra Neamt","Liga 2","Romania","2012","Departures","Thomas Villadsen","https://www.transfermarkt.com/thomas-villadsen/profil/spieler/41164","Goalkeeper","27","Denmark","Nordsjaelland","Superliga","Denmark",NA,FALSE,"?","Summer",NA,NA,NA,NA
"CSM Ceahlaul Piatra Neamt","Liga 2","Romania","2012","Departures","Eros Corradini","https://www.transfermarkt.com/eros-corradini/profil/spieler/54903","Goalkeeper","23","Italy","Colorno",NA,"Italy",NA,FALSE,"?","Summer",NA,NA,NA,NA
"CSM Ceahlaul Piatra Neamt","Liga 2","Romania","2012","Departures","Alexandru Hărăguță","https://www.transfermarkt.com/alexandru-haraguta/profil/spieler/97524","Goalkeeper","22","Romania","Cetatea Tg. Nt.",NA,"Romania",NA,FALSE,"?","Summer",NA,NA,NA,NA
"CSM Ceahlaul Piatra Neamt","Liga 2","Romania","2012","Departures","Madalin Staicu","https://www.transfermarkt.com/madalin-staicu/profil/spieler/97531","Defensive Midfield","21","Romania","Unknown",NA,NA,NA,FALSE,"?","Summer",NA,NA,NA,NA
"CSM Ceahlaul Piatra Neamt","Liga 2","Romania","2012","Arrivals","Andrei Dumitraș","https://www.transfermarkt.com/andrei-dumitras/profil/spieler/143833","Right-Back","24","Romania","FCSB","SuperLiga","Romania",1e+05,FALSE,NA,"Winter",13,13,0,1025
"CSM Ceahlaul Piatra Neamt","Liga 2","Romania","2012","Arrivals","Adrian Gheorghiu","https://www.transfermarkt.com/adrian-gheorghiu/profil/spieler/46551","Right Midfield","31","Romania","FC Vaslui","SuperLiga","Romania",0,FALSE,NA,"Winter",11,11,1,879
"CSM Ceahlaul Piatra Neamt","Liga 2","Romania","2012","Arrivals","Sergei Lepmets","https://www.transfermarkt.com/sergei-lepmets/profil/spieler/42775","Goalkeeper","25","Estonia","Without Club",NA,NA,NA,FALSE,"-","Winter",4,3,0,270
"CSM Ceahlaul Piatra Neamt","Liga 2","Romania","2012","Departures","Andrei Vitelaru","https://www.transfermarkt.com/andrei-vitelaru/profil/spieler/46675","Centre-Back","28","Romania","Ac. Clinceni","Liga 2","Romania",0,FALSE,NA,"Winter",18,9,0,551
"CSM Ceahlaul Piatra Neamt","Liga 2","Romania","2012","Departures","Radu Miron","https://www.transfermarkt.com/radu-miron/profil/spieler/97526","Left Midfield","22","Romania","ACSM Poli Iasi","SuperLiga","Romania",0,FALSE,NA,"Winter",NA,NA,NA,NA
"CSM Ceahlaul Piatra Neamt","Liga 2","Romania","2012","Departures","Gabriel Tudosa","https://www.transfermarkt.com/gabriel-tudosa/profil/spieler/97533","Centre-Forward","25","Romania","Cetatea Tg. Nt.",NA,"Romania",0,FALSE,NA,"Winter",NA,NA,NA,NA
"CSM Ceahlaul Piatra Neamt","Liga 2","Romania","2012","Departures","Cristinel Gafita","https://www.transfermarkt.com/cristinel-gafita/profil/spieler/69421","Centre-Forward","25","Romania","FC Botosani","Liga 2","Romania",NA,FALSE,"?","Winter",1,1,0,55
"CSM Ceahlaul Piatra Neamt","Liga 2","Romania","2012","Departures","Andrei Tepes","https://www.transfermarkt.com/andrei-tepes/profil/spieler/97532","Right-Back","21","Romania","FC Botosani","Liga 2","Romania",NA,TRUE,"loan transfer","Winter",7,6,0,540
"CSM Ceahlaul Piatra Neamt","Liga 2","Romania","2012","Departures","Dudu Drugă","https://www.transfermarkt.com/dudu-druga/profil/spieler/218298","Left-Back","22","Romania","Farul Constanta","Liga 2","Romania",NA,TRUE,"loan transfer","Winter",6,3,0,225
"CSM Ceahlaul Piatra Neamt","Liga 2","Romania","2012","Departures","Mihai Dobrescu","https://www.transfermarkt.com/mihai-dobrescu/profil/spieler/236127","Left-Back","20","Romania","CS Otopeni","Liga 2","Romania",NA,TRUE,"loan transfer","Winter",NA,NA,NA,NA
"CSM Ceahlaul Piatra Neamt","Liga 2","Romania","2012","Departures","Alexandru Forminte","https://www.transfermarkt.com/alexandru-forminte/profil/spieler/46545","Centre-Back","30","Romania","Without Club",NA,NA,NA,FALSE,"-","Winter",2,2,0,180
"CSM Ceahlaul Piatra Neamt","Liga 2","Romania","2012","Departures","Cristian Muscalu","https://www.transfermarkt.com/cristian-muscalu/profil/spieler/67145","Attacking Midfield","23","Romania","Without Club",NA,NA,NA,FALSE,"-","Winter",NA,NA,NA,NA
"CF Gloria Bistrita (- 2015)",NA,NA,"2012","Arrivals","Fousseni Bamba","https://www.transfermarkt.com/fousseni-bamba/profil/spieler/216639","Defensive Midfield","22","Guinea","Szeged","NB II - East","Hungary",150000,FALSE,NA,"Summer",0,0,0,0
"CF Gloria Bistrita (- 2015)",NA,NA,"2012","Arrivals","Emilian Dolha","https://www.transfermarkt.com/emilian-dolha/profil/spieler/35430","Goalkeeper","32","Romania","Fakel Voronezh","2. Division B Group 3 (-2023)","Russia",0,FALSE,NA,"Summer",26,26,0,2310
"CF Gloria Bistrita (- 2015)",NA,NA,"2012","Arrivals","Jaime Bragança","https://www.transfermarkt.com/jaime-braganca/profil/spieler/14126","Left Winger","29","Portugal","FC Vaslui","SuperLiga","Romania",0,FALSE,NA,"Summer",12,11,1,812
"CF Gloria Bistrita (- 2015)",NA,NA,"2012","Arrivals","Florin Bratu","https://www.transfermarkt.com/florin-bratu/profil/spieler/9710","Centre-Forward","32","Romania","Gaz Metan","SuperLiga","Romania",0,FALSE,NA,"Summer",12,10,1,442
"CF Gloria Bistrita (- 2015)",NA,NA,"2012","Arrivals","Andrei Enescu","https://www.transfermarkt.com/andrei-enescu/profil/spieler/34936","Central Midfield","24","Romania","Mezőkövesd","NB II - East","Hungary",0,FALSE,NA,"Summer",26,23,1,1630
"CF Gloria Bistrita (- 2015)",NA,NA,"2012","Arrivals","Yedi Zahiri","https://www.transfermarkt.com/yedi-zahiri/profil/spieler/74862","Left Midfield","26","France","Union SG",NA,"Belgium",0,FALSE,NA,"Summer",13,10,1,657
"CF Gloria Bistrita (- 2015)",NA,NA,"2012","Arrivals","Marian Gut","https://www.transfermarkt.com/marian-gut/profil/spieler/272612","Left-Back","18","Romania","Ocna Mures",NA,"Romania",0,FALSE,NA,"Summer",1,1,0,65
"CF Gloria Bistrita (- 2015)",NA,NA,"2012","Arrivals","Roberto Ayza","https://www.transfermarkt.com/roberto-ayza/profil/spieler/55274","Centre-Forward","31","Brazil","CS Mioveni","Liga II - Seria II","Romania",NA,FALSE,"?","Summer",17,14,0,948
"CF Gloria Bistrita (- 2015)",NA,NA,"2012","Arrivals","Octavian Ionescu","https://www.transfermarkt.com/octavian-ionescu/profil/spieler/209073","Centre-Back","22","Romania","Unknown",NA,NA,NA,FALSE,"?","Summer",18,9,0,585
"CF Gloria Bistrita (- 2015)",NA,NA,"2012","Arrivals","Wilfried Kanon","https://www.transfermarkt.com/wilfried-kanon/profil/spieler/163663","Centre-Back","18","Cote d'Ivoire","Empoli U20","Primavera A","Italy",NA,FALSE,"?","Summer",26,25,0,2089
"CF Gloria Bistrita (- 2015)",NA,NA,"2012","Arrivals","Laio","https://www.transfermarkt.com/laio/profil/spieler/99547","Centre-Forward","23","Brazil","Duque de Caxias",NA,"Brazil",NA,FALSE,"?","Summer",19,15,1,602
"CF Gloria Bistrita (- 2015)",NA,NA,"2012","Arrivals","Romário Pires","https://www.transfermarkt.com/romario-pires/profil/spieler/148601","Central Midfield","23","Brazil","Duque de Caxias",NA,"Brazil",NA,FALSE,"?","Summer",18,18,0,1479
"CF Gloria Bistrita (- 2015)",NA,NA,"2012","Arrivals","Dhonatan","https://www.transfermarkt.com/dhonatan/profil/spieler/412854","Centre-Forward","22","Brazil","Marília-SP",NA,"Brazil",NA,FALSE,"?","Summer",NA,NA,NA,NA
"CF Gloria Bistrita (- 2015)",NA,NA,"2012","Arrivals","Valentin Trestenicu","https://www.transfermarkt.com/valentin-trestenicu/profil/spieler/235671","Central Midfield","19","Romania","Comprest Gim",NA,"Romania",NA,FALSE,"?","Summer",15,8,0,460
"CF Gloria Bistrita (- 2015)",NA,NA,"2012","Arrivals","Markinhos Moraes","https://www.transfermarkt.com/markinhos-moraes/profil/spieler/234939","Attacking Midfield","21","Brazil","Vasco U20",NA,"Brazil",NA,TRUE,"loan transfer","Summer",9,9,1,618
"CF Gloria Bistrita (- 2015)",NA,NA,"2012","Arrivals","Valentin Ciofu","https://www.transfermarkt.com/valentin-ciofu/profil/spieler/212700","Defensive Midfield","26","Romania","Without Club",NA,NA,NA,FALSE,"-","Summer",6,2,0,50
"CF Gloria Bistrita (- 2015)",NA,NA,"2012","Arrivals","Vlad Peica","https://www.transfermarkt.com/vlad-peica/profil/spieler/222479","Centre-Back","17","Romania","Gloria Bistrita U19",NA,"Romania",NA,FALSE,"-","Summer",7,4,0,73
"CF Gloria Bistrita (- 2015)",NA,NA,"2012","Departures","Diogo Ramos","https://www.transfermarkt.com/diogo-ramos/profil/spieler/58260","Centre-Forward","25","Portugal","Freamunde","Liga Portugal 2","Portugal",0,FALSE,NA,"Summer",NA,NA,NA,NA
"CF Gloria Bistrita (- 2015)",NA,NA,"2012","Departures","Souleymane Keita","https://www.transfermarkt.com/souleymane-keita/profil/spieler/105584","Right Midfield","24","Senegal","ACSM Poli Iasi","SuperLiga","Romania",0,FALSE,NA,"Summer",NA,NA,NA,NA
"CF Gloria Bistrita (- 2015)",NA,NA,"2012","Departures","Cristian Silvasan","https://www.transfermarkt.com/cristian-silvasan/profil/spieler/33745","Centre-Forward","30","Romania","UTA Arad","Liga II - Seria II","Romania",0,FALSE,NA,"Summer",NA,NA,NA,NA
"CF Gloria Bistrita (- 2015)",NA,NA,"2012","Departures","Radu Marginean","https://www.transfermarkt.com/radu-marginean/profil/spieler/46587","Defensive Midfield","29","Romania","UTA Arad","Liga II - Seria II","Romania",0,FALSE,NA,"Summer",NA,NA,NA,NA
"CF Gloria Bistrita (- 2015)",NA,NA,"2012","Departures","Stelian Isac","https://www.transfermarkt.com/stelian-isac/profil/spieler/164669","Left-Back","30","Romania","FC Voluntari",NA,"Romania",0,FALSE,NA,"Summer",NA,NA,NA,NA
"CF Gloria Bistrita (- 2015)",NA,NA,"2012","Departures","Vladimir Niculescu","https://www.transfermarkt.com/vladimir-niculescu/profil/spieler/64207","Goalkeeper","24","Romania","Sportul Snagov","Liga II - Seria II","Romania",0,FALSE,NA,"Summer",NA,NA,NA,NA
"CF Gloria Bistrita (- 2015)",NA,NA,"2012","Departures","Ciprian Botoser","https://www.transfermarkt.com/ciprian-botoser/profil/spieler/46511","Goalkeeper","25","Romania","ASA Tg. Mures","Liga II - Seria II","Romania",0,FALSE,NA,"Summer",NA,NA,NA,NA
"CF Gloria Bistrita (- 2015)",NA,NA,"2012","Departures","Alexandru Greab","https://www.transfermarkt.com/alexandru-greab/profil/spieler/186027","Goalkeeper","20","Romania","Gaz Metan","SuperLiga","Romania",0,FALSE,NA,"Summer",NA,NA,NA,NA
"CF Gloria Bistrita (- 2015)",NA,NA,"2012","Departures","Bogdan Dobrea","https://www.transfermarkt.com/bogdan-dobrea/profil/spieler/226769","Left Midfield","20","Romania","Tarlungeni",NA,"Romania",0,FALSE,NA,"Summer",NA,NA,NA,NA
"CF Gloria Bistrita (- 2015)",NA,NA,"2012","Departures","Kinho","https://www.transfermarkt.com/kinho/profil/spieler/208807","Right Midfield","21","Brazil","Unknown",NA,NA,NA,FALSE,"?","Summer",NA,NA,NA,NA
"CF Gloria Bistrita (- 2015)",NA,NA,"2012","Departures","Alin Padurariu","https://www.transfermarkt.com/alin-padurariu/profil/spieler/186032","Right Midfield","19","Romania","Unknown",NA,NA,NA,FALSE,"?","Summer",NA,NA,NA,NA
"CF Gloria Bistrita (- 2015)",NA,NA,"2012","Departures","Mihaita Roman","https://www.transfermarkt.com/mihaita-roman/profil/spieler/147809","Right-Back","21","Romania","Sportul Snagov","Liga II - Seria II","Romania",NA,FALSE,"?","Summer",NA,NA,NA,NA
"CF Gloria Bistrita (- 2015)",NA,NA,"2012","Departures","Victor Pasenciuc","https://www.transfermarkt.com/victor-pasenciuc/profil/spieler/180009","Striker","24","Romania","Unknown",NA,NA,NA,FALSE,"?","Summer",NA,NA,NA,NA
"CF Gloria Bistrita (- 2015)",NA,NA,"2012","Departures","Claudiu Rogozan","https://www.transfermarkt.com/claudiu-rogozan/profil/spieler/186034","Midfielder","20","Romania","Sportul Snagov","Liga II - Seria II","Romania",NA,FALSE,"?","Summer",NA,NA,NA,NA
"CF Gloria Bistrita (- 2015)",NA,NA,"2012","Departures","Florin Daniel Pop","https://www.transfermarkt.com/florin-daniel-pop/profil/spieler/226909","Defender","18","Romania","Unknown",NA,NA,NA,FALSE,"?","Summer",NA,NA,NA,NA
"CF Gloria Bistrita (- 2015)",NA,NA,"2012","Departures","Florin Fizesan","https://www.transfermarkt.com/florin-fizesan/profil/spieler/213259","Left-Back","20","Romania","FC Brasov-SR","Liga II - Seria II","Romania",NA,TRUE,"loan transfer","Summer",NA,NA,NA,NA
"CF Gloria Bistrita (- 2015)",NA,NA,"2012","Departures","Ionut Costache","https://www.transfermarkt.com/ionut-costache/profil/spieler/123232","Left-Back","28","Romania","Without Club",NA,NA,NA,FALSE,"-","Summer",NA,NA,NA,NA
"CF Gloria Bistrita (- 2015)",NA,NA,"2012","Departures","Radu Somodi","https://www.transfermarkt.com/radu-somodi/profil/spieler/208825","Left Midfield","26","Romania","Without Club",NA,NA,NA,FALSE,"-","Summer",NA,NA,NA,NA
"CF Gloria Bistrita (- 2015)",NA,NA,"2012","Departures","Albert Voinea","https://www.transfermarkt.com/albert-voinea/profil/spieler/180871","Centre-Forward","19","Romania","Pandurii ","SuperLiga","Romania",NA,TRUE,"End of loan Jun 30, 2012","Summer",NA,NA,NA,NA
"CF Gloria Bistrita (- 2015)",NA,NA,"2012","Arrivals","Călin Albuț","https://www.transfermarkt.com/calin-albut/profil/spieler/46487","Goalkeeper","31","Romania","FC Rapid 1923","SuperLiga","Romania",0,FALSE,NA,"Winter",5,2,0,119
"CF Gloria Bistrita (- 2015)",NA,NA,"2012","Arrivals","Bogdan Oprea","https://www.transfermarkt.com/bogdan-oprea/profil/spieler/156843","Centre-Forward","30","Romania","Sageata Navodar","Liga 2","Romania",0,FALSE,NA,"Winter",12,10,0,614
"CF Gloria Bistrita (- 2015)",NA,NA,"2012","Arrivals","Răzvan Radu","https://www.transfermarkt.com/razvan-radu/profil/spieler/208818","Right Winger","28","Romania","Delta Tulcea","Liga 2","Romania",0,FALSE,NA,"Winter",13,13,2,1016
"CF Gloria Bistrita (- 2015)",NA,NA,"2012","Arrivals","Vasile Pop","https://www.transfermarkt.com/vasile-pop/profil/spieler/212691","Left Midfield","23","Romania","FCM Baia Mare","Liga II - Seria II","Romania",0,FALSE,NA,"Winter",11,4,0,243
"CF Gloria Bistrita (- 2015)",NA,NA,"2012","Arrivals","Cătălin Bucur","https://www.transfermarkt.com/catalin-bucur/profil/spieler/212897","Second Striker","29","Romania","UTA Arad","Liga II - Seria II","Romania",0,FALSE,NA,"Winter",8,7,1,416
"CF Gloria Bistrita (- 2015)",NA,NA,"2012","Arrivals","Marian Chitu","https://www.transfermarkt.com/marian-chitu/profil/spieler/103521","Left Winger","26","Romania","Chiajna II",NA,"Romania",0,FALSE,NA,"Winter",10,10,0,833
"CF Gloria Bistrita (- 2015)",NA,NA,"2012","Arrivals","Ionut Hlinca","https://www.transfermarkt.com/ionut-hlinca/profil/spieler/225825","Centre-Back","24","Romania","Sportul Snagov","Liga II - Seria II","Romania",0,FALSE,NA,"Winter",14,14,0,1229
"CF Gloria Bistrita (- 2015)",NA,NA,"2012","Arrivals","Wálter Cubilla","https://www.transfermarkt.com/walter-cubilla/profil/spieler/105898","Attacking Midfield","23","Argentina","CD La Equidad","Liga DIMAYOR II","Colombia",0,FALSE,NA,"Winter",12,10,1,583
"CF Gloria Bistrita (- 2015)",NA,NA,"2012","Arrivals","Otniel Sighiartau","https://www.transfermarkt.com/otniel-sighiartau/profil/spieler/265402","Centre-Forward","27","Romania","V. Livezile",NA,"Romania",0,FALSE,NA,"Winter",6,4,0,114
"CF Gloria Bistrita (- 2015)",NA,NA,"2012","Arrivals","Andrei Berceanu","https://www.transfermarkt.com/andrei-berceanu/profil/spieler/97518","Centre-Back","23","Romania","Gloria Buzau",NA,"Romania",NA,FALSE,"?","Winter",14,7,0,270
"CF Gloria Bistrita (- 2015)",NA,NA,"2012","Arrivals","Lucian Stroe","https://www.transfermarkt.com/lucian-stroe/profil/spieler/220790","Left Midfield","24","Romania","CS Otopeni","Liga 2","Romania",NA,FALSE,"?","Winter",8,6,0,386
"CF Gloria Bistrita (- 2015)",NA,NA,"2012","Arrivals","Madalin Stancu","https://www.transfermarkt.com/madalin-stancu/profil/spieler/259879","Central Midfield","20","Romania","Poli. Timisoara",NA,"Romania",NA,FALSE,"?","Winter",10,6,0,369
"CF Gloria Bistrita (- 2015)",NA,NA,"2012","Arrivals","Adrian Iordache","https://www.transfermarkt.com/adrian-iordache/profil/spieler/26038","Centre-Back","32","Romania","Without Club",NA,NA,NA,FALSE,"-","Winter",14,11,0,892
"CF Gloria Bistrita (- 2015)",NA,NA,"2012","Arrivals","Mor Pouye","https://www.transfermarkt.com/mor-pouye/profil/spieler/246429","Defensive Midfield","18","Senegal","Without Club",NA,NA,NA,FALSE,"-","Winter",12,8,0,625
"CF Gloria Bistrita (- 2015)",NA,NA,"2012","Arrivals","Traian Jarda","https://www.transfermarkt.com/traian-jarda/profil/spieler/228606","Left-Back","18","Romania","Gloria Bistrita U19",NA,"Romania",NA,FALSE,"-","Winter",2,2,0,135
"CF Gloria Bistrita (- 2015)",NA,NA,"2012","Arrivals","Paul Colta","https://www.transfermarkt.com/paul-colta/profil/spieler/228603","Left Midfield","18","Romania","Gloria Bistrita U19",NA,"Romania",NA,FALSE,"-","Winter",1,1,0,11
"CF Gloria Bistrita (- 2015)",NA,NA,"2012","Departures","Cornel Predescu","https://www.transfermarkt.com/cornel-predescu/profil/spieler/44943","Attacking Midfield","25","Romania","Pandurii ","SuperLiga","Romania",0,FALSE,NA,"Winter",19,19,6,1587
"CF Gloria Bistrita (- 2015)",NA,NA,"2012","Departures","Paul Anton","https://www.transfermarkt.com/paul-anton/profil/spieler/123286","Central Midfield","21","Romania","Pandurii ","SuperLiga","Romania",0,FALSE,NA,"Winter",19,18,1,1479
"CF Gloria Bistrita (- 2015)",NA,NA,"2012","Departures","Andrei Peteleu","https://www.transfermarkt.com/andrei-peteleu/profil/spieler/192870","Right-Back","20","Romania","ASA Tg. Mures","Liga II - Seria II","Romania",0,FALSE,NA,"Winter",17,16,0,1369
"CF Gloria Bistrita (- 2015)",NA,NA,"2012","Departures","Romário Pires","https://www.transfermarkt.com/romario-pires/profil/spieler/148601","Central Midfield","23","Brazil","Petrolul","SuperLiga","Romania",0,FALSE,NA,"Winter",18,18,0,1479
"CF Gloria Bistrita (- 2015)",NA,NA,"2012","Departures","Alexandru Tudose","https://www.transfermarkt.com/alexandru-tudose/profil/spieler/34941","Centre-Back","25","Romania","FC Dinamo","SuperLiga","Romania",0,FALSE,NA,"Winter",13,12,0,1054
"CF Gloria Bistrita (- 2015)",NA,NA,"2012","Departures","Jaime Bragança","https://www.transfermarkt.com/jaime-braganca/profil/spieler/14126","Left Winger","29","Portugal","Al-Riffa SC",NA,"Bahrain",0,FALSE,NA,"Winter",12,11,1,812
"CF Gloria Bistrita (- 2015)",NA,NA,"2012","Departures","Roberto Ayza","https://www.transfermarkt.com/roberto-ayza/profil/spieler/55274","Centre-Forward","31","Brazil","CS Mioveni","Liga II - Seria II","Romania",0,FALSE,NA,"Winter",17,14,0,948
"CF Gloria Bistrita (- 2015)",NA,NA,"2012","Departures","David Reano","https://www.transfermarkt.com/david-reano/profil/spieler/208819","Centre-Back","28","Argentina","Veria 1960","Super League 1","Greece",0,FALSE,NA,"Winter",14,13,0,992
"CF Gloria Bistrita (- 2015)",NA,NA,"2012","Departures","Yedi Zahiri","https://www.transfermarkt.com/yedi-zahiri/profil/spieler/74862","Left Midfield","27","France","Cherno More","efbet Liga","Bulgaria",0,FALSE,NA,"Winter",13,10,1,657
"CF Gloria Bistrita (- 2015)",NA,NA,"2012","Departures","Laio","https://www.transfermarkt.com/laio/profil/spieler/99547","Centre-Forward","23","Brazil","Goytacaz-RJ",NA,"Brazil",0,FALSE,NA,"Winter",19,15,1,602
"CF Gloria Bistrita (- 2015)",NA,NA,"2012","Departures","Voicu Nicoară","https://www.transfermarkt.com/voicu-nicoara/profil/spieler/212828","Central Midfield","21","Romania","Tarlungeni",NA,"Romania",0,FALSE,NA,"Winter",NA,NA,NA,NA
"CF Gloria Bistrita (- 2015)",NA,NA,"2012","Departures","Claudiu Trașcă","https://www.transfermarkt.com/claudiu-trasca/profil/spieler/220791","Left-Back","27","Romania","Unknown",NA,NA,0,FALSE,NA,"Winter",7,3,0,257
"CF Gloria Bistrita (- 2015)",NA,NA,"2012","Departures","Fernando Cafasso","https://www.transfermarkt.com/fernando-cafasso/profil/spieler/99149","Left-Back","29","Argentina","Tiro Federal (Bahia Blanca)",NA,"Argentina",NA,FALSE,"?","Winter",13,12,0,956
"CF Gloria Bistrita (- 2015)",NA,NA,"2012","Departures","Florin Bratu","https://www.transfermarkt.com/florin-bratu/profil/spieler/9710","Centre-Forward","32","Romania",NA,NA,NA,NA,FALSE,"-","Winter",12,10,1,442
"CF Gloria Bistrita (- 2015)",NA,NA,"2012","Departures","Daniel Stan","https://www.transfermarkt.com/daniel-stan/profil/spieler/47469","Left Winger","34","Romania","Without Club",NA,NA,NA,FALSE,"-","Winter",3,3,0,122
"CF Gloria Bistrita (- 2015)",NA,NA,"2012","Departures","Valentin Năstase","https://www.transfermarkt.com/valentin-nastase/profil/spieler/28024","Centre-Back","38","Romania",NA,NA,NA,NA,FALSE,"-","Winter",9,5,0,332
"ACSM Politehnica Iasi","Liga 2","Romania","2012","Arrivals","Petar Jovanovic","https://www.transfermarkt.com/petar-jovanovic/profil/spieler/46576","Right-Back","29","Serbia","FC Vaslui","SuperLiga","Romania",0,FALSE,NA,"Summer",12,11,0,909
"ACSM Politehnica Iasi","Liga 2","Romania","2012","Arrivals","Adrian Patulea","https://www.transfermarkt.com/adrian-patulea/profil/spieler/119390","Centre-Forward","27","Romania","Farul Constanta","Liga 2","Romania",0,FALSE,NA,"Summer",31,29,6,1881
"ACSM Politehnica Iasi","Liga 2","Romania","2012","Arrivals","Souleymane Keita","https://www.transfermarkt.com/souleymane-keita/profil/spieler/105584","Right Midfield","24","Senegal","Gloria Bistrita","SuperLiga","Romania",0,FALSE,NA,"Summer",25,18,1,910
"ACSM Politehnica Iasi","Liga 2","Romania","2012","Arrivals","Artem Semenenko","https://www.transfermarkt.com/artem-semenenko/profil/spieler/59968","Defensive Midfield","23","Ukraine","Zorya Lugansk","Premier Liga","Ukraine",0,FALSE,NA,"Summer",18,11,0,546
"ACSM Politehnica Iasi","Liga 2","Romania","2012","Arrivals","Claudiu Ionescu","https://www.transfermarkt.com/claudiu-ionescu/profil/spieler/60360","Attacking Midfield","27","Romania","CS Mioveni","Liga II - Seria II","Romania",0,FALSE,NA,"Summer",23,20,1,824
"ACSM Politehnica Iasi","Liga 2","Romania","2012","Arrivals","Alexandru Țigănașu","https://www.transfermarkt.com/alexandru-tiganasu/profil/spieler/177661","Left-Back","22","Romania","Astra Giurgiu","SuperLiga","Romania",NA,TRUE,"loan transfer","Summer",30,25,2,1983
"ACSM Politehnica Iasi","Liga 2","Romania","2012","Arrivals","Cezar Lungu","https://www.transfermarkt.com/cezar-lungu/profil/spieler/102288","Goalkeeper","24","Romania","Astra Giurgiu","SuperLiga","Romania",NA,TRUE,"loan transfer","Summer",26,8,0,720
"ACSM Politehnica Iasi","Liga 2","Romania","2012","Arrivals","Ionut Mihalachioae","https://www.transfermarkt.com/ionut-mihalachioae/profil/spieler/130342","Right-Back","21","Romania","FCM Bacau",NA,"Romania",NA,TRUE,"loan transfer","Summer",18,8,1,544
"ACSM Politehnica Iasi","Liga 2","Romania","2012","Arrivals","Ciprian Milea","https://www.transfermarkt.com/ciprian-milea/profil/spieler/55547","Central Midfield","28","Romania","Fortuna PC",NA,"Romania",NA,TRUE,"loan transfer","Summer",30,30,4,2496
"ACSM Politehnica Iasi","Liga 2","Romania","2012","Arrivals","Catalin Curiliuc","https://www.transfermarkt.com/catalin-curiliuc/profil/spieler/209147","Striker","22","Romania","FCM Bacau",NA,"Romania",NA,TRUE,"loan transfer","Summer",2,1,0,6
"ACSM Politehnica Iasi","Liga 2","Romania","2012","Departures","Cristian Haisan","https://www.transfermarkt.com/cristian-haisan/profil/spieler/46558","Goalkeeper","31","Romania","Ac. Clinceni","Liga 2","Romania",0,FALSE,NA,"Summer",NA,NA,NA,NA
"ACSM Politehnica Iasi","Liga 2","Romania","2012","Departures","Rodoljub Marjanovic","https://www.transfermarkt.com/rodoljub-marjanovic/profil/spieler/47070","Centre-Forward","24","Serbia","Radnicki Sombor",NA,"Serbia",0,FALSE,NA,"Summer",NA,NA,NA,NA
"ACSM Politehnica Iasi","Liga 2","Romania","2012","Departures","George Cotigă","https://www.transfermarkt.com/george-cotiga/profil/spieler/220915","Centre-Back","22","Romania","CS Mioveni","Liga II - Seria II","Romania",0,FALSE,NA,"Summer",NA,NA,NA,NA
"ACSM Politehnica Iasi","Liga 2","Romania","2012","Departures","Laurentiu Florea","https://www.transfermarkt.com/laurentiu-florea/profil/spieler/46544","Left-Back","31","Romania","Unknown",NA,NA,NA,FALSE,"?","Summer",NA,NA,NA,NA
"ACSM Politehnica Iasi","Liga 2","Romania","2012","Departures","Yamoudou Camara","https://www.transfermarkt.com/yamoudou-camara/profil/spieler/56776","Centre-Back","24","France",NA,NA,NA,NA,FALSE,"-","Summer",NA,NA,NA,NA
"ACSM Politehnica Iasi","Liga 2","Romania","2012","Departures","George Codrea","https://www.transfermarkt.com/george-codrea/profil/spieler/223037","Central Midfield","20","Romania","Without Club",NA,NA,NA,FALSE,"-","Summer",NA,NA,NA,NA
"ACSM Politehnica Iasi","Liga 2","Romania","2012","Departures","Catalin Popa","https://www.transfermarkt.com/catalin-popa/profil/spieler/208817","Goalkeeper","25","Romania","FCV Farul","SuperLiga","Romania",NA,TRUE,"End of loan Jun 30, 2012","Summer",NA,NA,NA,NA
"ACSM Politehnica Iasi","Liga 2","Romania","2012","Departures","Ciprian Milea","https://www.transfermarkt.com/ciprian-milea/profil/spieler/55547","Central Midfield","27","Romania","CS Brazi",NA,"Romania",NA,TRUE,"End of loan Jun 30, 2012","Summer",30,30,4,2496
"ACSM Politehnica Iasi","Liga 2","Romania","2012","Arrivals","Milan Mitic","https://www.transfermarkt.com/milan-mitic/profil/spieler/209648","Defensive Midfield","29","Serbia","Turnu-Severin","SuperLiga","Romania",0,FALSE,NA,"Winter",10,10,0,856
"ACSM Politehnica Iasi","Liga 2","Romania","2012","Arrivals","Radu Miron","https://www.transfermarkt.com/radu-miron/profil/spieler/97526","Left Midfield","22","Romania","Ceahlaul","SuperLiga","Romania",0,FALSE,NA,"Winter",2,0,0,0
"ACSM Politehnica Iasi","Liga 2","Romania","2012","Arrivals","Hugo Moutinho","https://www.transfermarkt.com/hugo-moutinho/profil/spieler/209651","Attacking Midfield","31","Portugal","Turnu-Severin","SuperLiga","Romania",NA,FALSE,"?","Winter",13,13,1,908
"ACSM Politehnica Iasi","Liga 2","Romania","2012","Departures","Petar Jovanovic","https://www.transfermarkt.com/petar-jovanovic/profil/spieler/46576","Right-Back","30","Serbia","Jedinstvo Uzice","Prva liga Srbije","Serbia",0,FALSE,NA,"Winter",12,11,0,909
