"team_name","league","country","season","transfer_type","player_name","player_url","player_position","player_age","player_nationality","club_2","league_2","country_2","transfer_fee","is_loan","transfer_notes","window","in_squad","appearances","goals","minutes_played"
"FCSB","SuperLiga","Romania","2018","Arrivals","Olimpiu Moruțan","https://www.transfermarkt.com/olimpiu-morutan/profil/spieler/429551","Attacking Midfield","19","Romania","FC Botosani","SuperLiga","Romania",1200000,FALSE,NA,"Summer",39,34,3,1455
"FCSB","SuperLiga","Romania","2018","Arrivals","Kamer Qaka","https://www.transfermarkt.com/kamer-qaka/profil/spieler/167821","Central Midfield","23","Albania","ACSM Poli Iasi","SuperLiga","Romania",4e+05,FALSE,NA,"Summer",9,7,0,382
"FCSB","SuperLiga","Romania","2018","Arrivals","Mihai Roman","https://www.transfermarkt.com/mihai-roman/profil/spieler/64229","Right Winger","33","Romania","FC Botosani","SuperLiga","Romania",4e+05,FALSE,NA,"Summer",33,20,2,1261
"FCSB","SuperLiga","Romania","2018","Arrivals","Alexandru Stan","https://www.transfermarkt.com/alexandru-stan/profil/spieler/97517","Left Midfield","29","Romania","Astra Giurgiu","SuperLiga","Romania",3e+05,FALSE,NA,"Summer",16,13,0,1026
"FCSB","SuperLiga","Romania","2018","Arrivals","Hristo Zlatinski","https://www.transfermarkt.com/hristo-zlatinski/profil/spieler/34679","Defensive Midfield","33","Bulgaria","CS U Craiova","SuperLiga","Romania",0,FALSE,NA,"Summer",11,5,0,309
"FCSB","SuperLiga","Romania","2018","Arrivals","Raul Rusescu","https://www.transfermarkt.com/raul-rusescu/profil/spieler/81433","Centre-Forward","30","Romania","SB Ankaraspor","1.Lig","Türkiye",0,FALSE,NA,"Summer",36,24,5,875
"FCSB","SuperLiga","Romania","2018","Arrivals","Răzvan Ducan","https://www.transfermarkt.com/razvan-ducan/profil/spieler/547853","Goalkeeper","17","Romania","FCSB U18",NA,"Romania",NA,FALSE,"-","Summer",2,0,0,0
"FCSB","SuperLiga","Romania","2018","Arrivals","Antonio Jakolis","https://www.transfermarkt.com/antonio-jakolis/profil/spieler/81349","Right Winger","26","Croatia","Apol. Limassol","Cyprus League","Cyprus",NA,TRUE,"End of loan Jun 30, 2018","Summer",24,13,0,720
"FCSB","SuperLiga","Romania","2018","Arrivals","Vlad Achim","https://www.transfermarkt.com/vlad-achim/profil/spieler/69402","Defensive Midfield","29","Romania","FC Botosani","SuperLiga","Romania",NA,TRUE,"End of loan Jun 30, 2018","Summer",NA,NA,NA,NA
"FCSB","SuperLiga","Romania","2018","Arrivals","William Amorim","https://www.transfermarkt.com/william-amorim/profil/spieler/203087","Left Winger","26","Brazil","Kayserispor","Süper Lig","Türkiye",NA,TRUE,"End of loan Jun 30, 2018","Summer",NA,NA,NA,NA
"FCSB","SuperLiga","Romania","2018","Arrivals","Daniel Benzar","https://www.transfermarkt.com/daniel-benzar/profil/spieler/382821","Left Winger","20","Romania","FC Voluntari","SuperLiga","Romania",NA,TRUE,"End of loan Jun 30, 2018","Summer",8,4,2,210
"FCSB","SuperLiga","Romania","2018","Arrivals","Marian Pleasca","https://www.transfermarkt.com/marian-pleasca/profil/spieler/148206","Right-Back","28","Romania","FC Voluntari","SuperLiga","Romania",NA,TRUE,"End of loan Jun 30, 2018","Summer",NA,NA,NA,NA
"FCSB","SuperLiga","Romania","2018","Arrivals","Vlad Mihalcea","https://www.transfermarkt.com/vlad-mihalcea/profil/spieler/341143","Attacking Midfield","19","Romania","Ac. Clinceni","Liga 2","Romania",NA,TRUE,"End of loan Jun 30, 2018","Summer",NA,NA,NA,NA
"FCSB","SuperLiga","Romania","2018","Arrivals","Toma Niga","https://www.transfermarkt.com/toma-niga/profil/spieler/276907","Goalkeeper","20","Romania","FC Hermannstadt","Liga 2","Romania",NA,TRUE,"End of loan Jun 30, 2018","Summer",0,0,0,0
"FCSB","SuperLiga","Romania","2018","Arrivals","Gabriel Simion","https://www.transfermarkt.com/gabriel-simion/profil/spieler/447557","Defensive Midfield","20","Romania","Daco-Getica","SuperLiga","Romania",NA,TRUE,"End of loan Jun 30, 2018","Summer",0,0,0,0
"FCSB","SuperLiga","Romania","2018","Arrivals","Mario Mihai","https://www.transfermarkt.com/mario-mihai/profil/spieler/449697","Left-Back","19","Romania","Ac. Clinceni","Liga 2","Romania",NA,TRUE,"End of loan Jun 30, 2018","Summer",0,0,0,0
"FCSB","SuperLiga","Romania","2018","Arrivals","Ionuț Poiană","https://www.transfermarkt.com/ionut-poiana/profil/spieler/300872","Goalkeeper","20","Romania","National Sebis",NA,"Romania",NA,TRUE,"End of loan Jun 30, 2018","Summer",0,0,0,0
"FCSB","SuperLiga","Romania","2018","Arrivals","Theodor Bota","https://www.transfermarkt.com/theodor-bota/profil/spieler/364704","Centre-Forward","21","Romania","Ac. Clinceni","Liga 2","Romania",NA,TRUE,"End of loan Jun 30, 2018","Summer",NA,NA,NA,NA
"FCSB","SuperLiga","Romania","2018","Departures","Constantin Budescu","https://www.transfermarkt.com/constantin-budescu/profil/spieler/164233","Attacking Midfield","29","Romania","Al-Shabab","Saudi Pro League","Saudi Arabia",2500000,FALSE,NA,"Summer",NA,NA,NA,NA
"FCSB","SuperLiga","Romania","2018","Departures","Denis Alibec","https://www.transfermarkt.com/denis-alibec/profil/spieler/81396","Centre-Forward","27","Romania","Astra Giurgiu","SuperLiga","Romania",1400000,FALSE,NA,"Summer",NA,NA,NA,NA
"FCSB","SuperLiga","Romania","2018","Departures","Kamer Qaka","https://www.transfermarkt.com/kamer-qaka/profil/spieler/167821","Central Midfield","23","Albania","ACSM Poli Iasi","SuperLiga","Romania",2e+05,FALSE,NA,"Summer",9,7,0,382
"FCSB","SuperLiga","Romania","2018","Departures","Valerică Găman","https://www.transfermarkt.com/valerica-gaman/profil/spieler/47576","Centre-Back","29","Romania","Al-Shabab","Saudi Pro League","Saudi Arabia",75000,FALSE,NA,"Summer",NA,NA,NA,NA
"FCSB","SuperLiga","Romania","2018","Departures","Ionuț Larie","https://www.transfermarkt.com/ionut-larie/profil/spieler/46582","Centre-Back","31","Romania","Tobol Kostanay","Premier Liga","Kazakhstan",0,FALSE,NA,"Summer",NA,NA,NA,NA
"FCSB","SuperLiga","Romania","2018","Departures","Vlad Achim","https://www.transfermarkt.com/vlad-achim/profil/spieler/69402","Defensive Midfield","29","Romania","FCV Farul","SuperLiga","Romania",0,FALSE,NA,"Summer",NA,NA,NA,NA
"FCSB","SuperLiga","Romania","2018","Departures","Cristian Tănase","https://www.transfermarkt.com/cristian-tanase/profil/spieler/46662","Left Winger","31","Romania","Eskisehirspor","1.Lig","Türkiye",0,FALSE,NA,"Summer",NA,NA,NA,NA
"FCSB","SuperLiga","Romania","2018","Departures","Vlad Mihalcea","https://www.transfermarkt.com/vlad-mihalcea/profil/spieler/341143","Attacking Midfield","19","Romania","Ac. Clinceni","Liga 2","Romania",0,FALSE,NA,"Summer",NA,NA,NA,NA
"FCSB","SuperLiga","Romania","2018","Departures","Eduard Stăncioiu","https://www.transfermarkt.com/eduard-stancioiu/profil/spieler/48659","Goalkeeper","37","Romania","CS U Craiova","SuperLiga","Romania",0,FALSE,NA,"Summer",NA,NA,NA,NA
"FCSB","SuperLiga","Romania","2018","Departures","Alexandru Aldea","https://www.transfermarkt.com/alexandru-aldea/profil/spieler/289231","Centre-Back","23","Romania","CSA Steaua",NA,"Romania",0,FALSE,NA,"Summer",NA,NA,NA,NA
"FCSB","SuperLiga","Romania","2018","Departures","Toma Niga","https://www.transfermarkt.com/toma-niga/profil/spieler/276907","Goalkeeper","20","Romania","FC Hermannstadt","SuperLiga","Romania",NA,TRUE,"loan transfer","Summer",0,0,0,0
"FCSB","SuperLiga","Romania","2018","Departures","Gabriel Simion","https://www.transfermarkt.com/gabriel-simion/profil/spieler/447557","Defensive Midfield","20","Romania","D. Calarasi","SuperLiga","Romania",NA,TRUE,"loan transfer","Summer",0,0,0,0
"FCSB","SuperLiga","Romania","2018","Departures","Mario Mihai","https://www.transfermarkt.com/mario-mihai/profil/spieler/449697","Left-Back","19","Romania","AFC Turris",NA,"Romania",NA,TRUE,"loan transfer","Summer",0,0,0,0
"FCSB","SuperLiga","Romania","2018","Departures","Ionuț Poiană","https://www.transfermarkt.com/ionut-poiana/profil/spieler/300872","Goalkeeper","20","Romania","AFC Turris",NA,"Romania",NA,TRUE,"loan transfer","Summer",0,0,0,0
"FCSB","SuperLiga","Romania","2018","Departures","Artur Jorge","https://www.transfermarkt.com/artur-jorge/profil/spieler/276030","Centre-Back","23","Portugal","SC Braga","Liga Portugal","Portugal",NA,TRUE,"End of loan Jun 30, 2018","Summer",NA,NA,NA,NA
"FCSB","SuperLiga","Romania","2018","Arrivals","Iulian Cristea","https://www.transfermarkt.com/iulian-cristea/profil/spieler/331971","Centre-Back","24","Romania","Gaz Metan","SuperLiga","Romania",150000,FALSE,NA,"Winter",10,10,1,900
"FCSB","SuperLiga","Romania","2018","Arrivals","Adrian Stoian","https://www.transfermarkt.com/adrian-stoian/profil/spieler/96853","Left Winger","27","Romania","Crotone","Serie B","Italy",0,FALSE,NA,"Winter",7,2,0,100
"FCSB","SuperLiga","Romania","2018","Arrivals","Florentin Matei","https://www.transfermarkt.com/florentin-matei/profil/spieler/147998","Attacking Midfield","25","Romania","Kalba FC","UAE Pro League","United Arab Emirates",0,FALSE,NA,"Winter",12,6,0,274
"FCSB","SuperLiga","Romania","2018","Arrivals","Ioan Hora","https://www.transfermarkt.com/ioan-hora/profil/spieler/54528","Centre-Forward","30","Romania","Akhisarspor","Süper Lig","Türkiye",0,FALSE,NA,"Winter",15,14,6,832
"FCSB","SuperLiga","Romania","2018","Departures","William Amorim","https://www.transfermarkt.com/william-amorim/profil/spieler/203087","Left Winger","27","Brazil","AO Xanthi","Super League 1","Greece",150000,TRUE,NA,"Winter",NA,NA,NA,NA
"FCSB","SuperLiga","Romania","2018","Departures","Antonio Jakolis","https://www.transfermarkt.com/antonio-jakolis/profil/spieler/81349","Right Winger","26","Croatia","APOEL Nicosia","Cyprus League","Cyprus",75000,FALSE,NA,"Winter",24,13,0,720
"FCSB","SuperLiga","Romania","2018","Departures","Marian Pleasca","https://www.transfermarkt.com/marian-pleasca/profil/spieler/148206","Right-Back","28","Romania","Gaz Metan","SuperLiga","Romania",0,FALSE,NA,"Winter",NA,NA,NA,NA
"FCSB","SuperLiga","Romania","2018","Departures","Daniel Benzar","https://www.transfermarkt.com/daniel-benzar/profil/spieler/382821","Left Winger","21","Romania","D. Calarasi","SuperLiga","Romania",NA,TRUE,"loan transfer","Winter",8,4,2,210
"FCSB","SuperLiga","Romania","2018","Departures","Hristo Zlatinski","https://www.transfermarkt.com/hristo-zlatinski/profil/spieler/34679","Defensive Midfield","34","Bulgaria","Without Club",NA,NA,NA,FALSE,"-","Winter",11,5,0,309
"FCV Farul Constanta","SuperLiga","Romania","2018","Arrivals","Andrei Artean","https://www.transfermarkt.com/andrei-artean/profil/spieler/241254","Defensive Midfield","24","Romania","ACS Poli","Liga 2","Romania",1e+05,FALSE,NA,"Summer",34,28,0,1850
"FCV Farul Constanta","SuperLiga","Romania","2018","Arrivals","Vlad Achim","https://www.transfermarkt.com/vlad-achim/profil/spieler/69402","Defensive Midfield","29","Romania","FCSB","SuperLiga","Romania",0,FALSE,NA,"Summer",42,36,2,2154
"FCV Farul Constanta","SuperLiga","Romania","2018","Arrivals","Constantin Dima","https://www.transfermarkt.com/constantin-dima/profil/spieler/335820","Centre-Back","19","Romania","FC Dinamo","SuperLiga","Romania",0,FALSE,NA,"Summer",2,1,0,52
"FCV Farul Constanta","SuperLiga","Romania","2018","Arrivals","Lyes Houri","https://www.transfermarkt.com/lyes-houri/profil/spieler/229007","Attacking Midfield","22","France","RC Lens B","National 2 - Grp. D","France",0,FALSE,NA,"Summer",40,34,4,1824
"FCV Farul Constanta","SuperLiga","Romania","2018","Arrivals","Robert Bajan","https://www.transfermarkt.com/robert-bajan/profil/spieler/226903","Right-Back","22","Romania","Pandurii ","Liga 2","Romania",0,FALSE,NA,"Summer",NA,NA,NA,NA
"FCV Farul Constanta","SuperLiga","Romania","2018","Arrivals","Eduard Florescu","https://www.transfermarkt.com/eduard-florescu/profil/spieler/379194","Attacking Midfield","21","Romania","CS Mioveni","Liga 2","Romania",0,FALSE,NA,"Summer",NA,NA,NA,NA
"FCV Farul Constanta","SuperLiga","Romania","2018","Arrivals","Srdjan Luchin","https://www.transfermarkt.com/srdjan-luchin/profil/spieler/58720","Centre-Back","32","Romania","CFR Cluj","SuperLiga","Romania",0,FALSE,NA,"Summer",24,16,1,1121
"FCV Farul Constanta","SuperLiga","Romania","2018","Arrivals","Cătălin Țîră","https://www.transfermarkt.com/catalin-tira/profil/spieler/168257","Centre-Forward","24","Romania","Viitorul Tg.Jiu","Liga 2","Romania",0,FALSE,NA,"Summer",1,0,0,0
"FCV Farul Constanta","SuperLiga","Romania","2018","Arrivals","Amir Natcho","https://www.transfermarkt.com/amir-natcho/profil/spieler/330059","Central Midfield","22","Russia","Loko Moscow II","U19 M-Liga (- 2023)","Russia",0,FALSE,NA,"Summer",4,2,0,135
"FCV Farul Constanta","SuperLiga","Romania","2018","Arrivals","Radu Boboc","https://www.transfermarkt.com/radu-boboc/profil/spieler/319202","Right-Back","19","Romania","FCV Farul U18",NA,"Romania",NA,FALSE,"-","Summer",43,28,0,1843
"FCV Farul Constanta","SuperLiga","Romania","2018","Arrivals","Robert Neciu","https://www.transfermarkt.com/robert-neciu/profil/spieler/319240","Left-Back","19","Romania","FCV Farul U18",NA,"Romania",NA,FALSE,"-","Summer",1,1,0,17
"FCV Farul Constanta","SuperLiga","Romania","2018","Arrivals","Răzvan Prodan","https://www.transfermarkt.com/razvan-prodan/profil/spieler/533267","Centre-Back","18","Romania","FCV Farul U18",NA,"Romania",NA,FALSE,"-","Summer",NA,NA,NA,NA
"FCV Farul Constanta","SuperLiga","Romania","2018","Arrivals","Răzvan Horj","https://www.transfermarkt.com/razvan-horj/profil/spieler/422587","Centre-Back","22","Romania","FC Voluntari","SuperLiga","Romania",NA,TRUE,"End of loan Jun 30, 2018","Summer",NA,NA,NA,NA
"FCV Farul Constanta","SuperLiga","Romania","2018","Arrivals","Cosmin Dur-Bozoancă","https://www.transfermarkt.com/cosmin-dur-bozoanca/profil/spieler/340976","Goalkeeper","20","Romania","SSU Poli","Liga 2","Romania",NA,TRUE,"End of loan Jun 30, 2018","Summer",NA,NA,NA,NA
"FCV Farul Constanta","SuperLiga","Romania","2018","Arrivals","Paul Iacob","https://www.transfermarkt.com/paul-iacob/profil/spieler/303359","Centre-Back","22","Romania","D. Calarasi","Liga 2","Romania",NA,TRUE,"End of loan Jun 30, 2018","Summer",20,14,0,974
"FCV Farul Constanta","SuperLiga","Romania","2018","Arrivals","Robert Grecu","https://www.transfermarkt.com/robert-grecu/profil/spieler/295824","Right Winger","20","Romania","FC Arges","Liga 2","Romania",NA,TRUE,"End of loan Jun 30, 2018","Summer",0,0,0,0
"FCV Farul Constanta","SuperLiga","Romania","2018","Arrivals","Alexandru Iulian Stoica","https://www.transfermarkt.com/alexandru-iulian-stoica/profil/spieler/271291","Right Winger","21","Romania","D. Calarasi","Liga 2","Romania",NA,TRUE,"End of loan Jun 30, 2018","Summer",3,1,0,77
"FCV Farul Constanta","SuperLiga","Romania","2018","Arrivals","Antonio Cruceru","https://www.transfermarkt.com/antonio-cruceru/profil/spieler/315448","Attacking Midfield","21","Romania","AFC Turris",NA,"Romania",NA,TRUE,"End of loan Jun 30, 2018","Summer",NA,NA,NA,NA
"FCV Farul Constanta","SuperLiga","Romania","2018","Arrivals","Mircea Manole","https://www.transfermarkt.com/mircea-manole/profil/spieler/405499","Left Winger","19","Romania","CS Afumati","Liga 2","Romania",NA,TRUE,"End of loan Jun 30, 2018","Summer",NA,NA,NA,NA
"FCV Farul Constanta","SuperLiga","Romania","2018","Departures","Alexandru Cicâldău","https://www.transfermarkt.com/alexandru-cicaldau/profil/spieler/295810","Attacking Midfield","20","Romania","CS U Craiova","SuperLiga","Romania",2300000,FALSE,NA,"Summer",NA,NA,NA,NA
"FCV Farul Constanta","SuperLiga","Romania","2018","Departures","Cristian Ganea","https://www.transfermarkt.com/cristian-ganea/profil/spieler/262117","Left-Back","26","Romania","Athletic","LaLiga","Spain",1e+06,FALSE,NA,"Summer",NA,NA,NA,NA
"FCV Farul Constanta","SuperLiga","Romania","2018","Departures","Cristian Gavra","https://www.transfermarkt.com/cristian-gavra/profil/spieler/192865","Centre-Forward","25","Romania","U Cluj","Liga 2","Romania",0,FALSE,NA,"Summer",NA,NA,NA,NA
"FCV Farul Constanta","SuperLiga","Romania","2018","Departures","Eduard Florescu","https://www.transfermarkt.com/eduard-florescu/profil/spieler/379194","Attacking Midfield","21","Romania","FC Botosani","SuperLiga","Romania",0,FALSE,NA,"Summer",NA,NA,NA,NA
"FCV Farul Constanta","SuperLiga","Romania","2018","Departures","Cătălin Țîră","https://www.transfermarkt.com/catalin-tira/profil/spieler/168257","Centre-Forward","24","Romania","Luceafarul","Liga 2","Romania",0,FALSE,NA,"Summer",1,0,0,0
"FCV Farul Constanta","SuperLiga","Romania","2018","Departures","Răzvan Horj","https://www.transfermarkt.com/razvan-horj/profil/spieler/422587","Centre-Back","22","Romania","Újpest FC","NB I.","Hungary",NA,FALSE,"?","Summer",NA,NA,NA,NA
"FCV Farul Constanta","SuperLiga","Romania","2018","Departures","Robert Hodorogea","https://www.transfermarkt.com/robert-hodorogea/profil/spieler/289403","Centre-Back","23","Romania","FC Voluntari","SuperLiga","Romania",NA,TRUE,"loan transfer","Summer",6,3,0,110
"FCV Farul Constanta","SuperLiga","Romania","2018","Departures","Árpád Tordai","https://www.transfermarkt.com/arpad-tordai/profil/spieler/271294","Goalkeeper","21","Romania","Petrolul","Liga 2","Romania",NA,TRUE,"loan transfer","Summer",19,6,0,525
"FCV Farul Constanta","SuperLiga","Romania","2018","Departures","Doru Dumitrescu","https://www.transfermarkt.com/doru-dumitrescu/profil/spieler/415890","Central Midfield","20","Romania","U Cluj","Liga 2","Romania",NA,TRUE,"loan transfer","Summer",0,0,0,0
"FCV Farul Constanta","SuperLiga","Romania","2018","Departures","Cosmin Dur-Bozoancă","https://www.transfermarkt.com/cosmin-dur-bozoanca/profil/spieler/340976","Goalkeeper","20","Romania","U Cluj","Liga 2","Romania",NA,TRUE,"loan transfer","Summer",NA,NA,NA,NA
"FCV Farul Constanta","SuperLiga","Romania","2018","Departures","Tiberiu Căpușă","https://www.transfermarkt.com/tiberiu-capusa/profil/spieler/340978","Centre-Back","20","Romania","U Cluj","Liga 2","Romania",NA,TRUE,"loan transfer","Summer",0,0,0,0
"FCV Farul Constanta","SuperLiga","Romania","2018","Departures","Robert Grecu","https://www.transfermarkt.com/robert-grecu/profil/spieler/295824","Right Winger","20","Romania","Petrolul","Liga 2","Romania",NA,TRUE,"loan transfer","Summer",0,0,0,0
"FCV Farul Constanta","SuperLiga","Romania","2018","Departures","Szabolcs Kilyén","https://www.transfermarkt.com/szabolcs-kilyen/profil/spieler/340979","Right-Back","20","Romania","CS Mioveni","Liga 2","Romania",NA,TRUE,"loan transfer","Summer",0,0,0,0
"FCV Farul Constanta","SuperLiga","Romania","2018","Departures","Cristian Ene","https://www.transfermarkt.com/cristian-ene/profil/spieler/364706","Centre-Forward","20","Romania","U Cluj","Liga 2","Romania",NA,TRUE,"loan transfer","Summer",0,0,0,0
"FCV Farul Constanta","SuperLiga","Romania","2018","Departures","Antonio Cruceru","https://www.transfermarkt.com/antonio-cruceru/profil/spieler/315448","Attacking Midfield","21","Romania","Petrolul","Liga 2","Romania",NA,TRUE,"loan transfer","Summer",NA,NA,NA,NA
"FCV Farul Constanta","SuperLiga","Romania","2018","Departures","Kofi Twumasi","https://www.transfermarkt.com/kofi-twumasi/profil/spieler/503934","Defensive Midfield","21","United States","U Cluj","Liga 2","Romania",NA,TRUE,"loan transfer","Summer",0,0,0,0
"FCV Farul Constanta","SuperLiga","Romania","2018","Departures","Mircea Manole","https://www.transfermarkt.com/mircea-manole/profil/spieler/405499","Left Winger","19","Romania","FC Rapid 1923",NA,"Romania",NA,TRUE,"loan transfer","Summer",NA,NA,NA,NA
"FCV Farul Constanta","SuperLiga","Romania","2018","Departures","Romeo Bănică","https://www.transfermarkt.com/romeo-banica/profil/spieler/464314","Centre-Forward","19","Romania","SSU Poli","Liga 2","Romania",NA,TRUE,"loan transfer","Summer",0,0,0,0
"FCV Farul Constanta","SuperLiga","Romania","2018","Departures","Răzvan Prodan","https://www.transfermarkt.com/razvan-prodan/profil/spieler/533267","Centre-Back","19","Romania","U. Constanta","Liga 2","Romania",NA,TRUE,"loan transfer","Summer",NA,NA,NA,NA
"FCV Farul Constanta","SuperLiga","Romania","2018","Departures","Sorin Rădoi","https://www.transfermarkt.com/sorin-radoi/profil/spieler/47180","Right-Back","33","Romania",NA,NA,NA,NA,FALSE,"-","Summer",NA,NA,NA,NA
"FCV Farul Constanta","SuperLiga","Romania","2018","Arrivals","Andreias Calcan","https://www.transfermarkt.com/andreias-calcan/profil/spieler/244548","Left Winger","24","Romania","Almere City","Keuken Kampioen Divisie","Netherlands",50000,FALSE,NA,"Winter",15,12,4,681
"FCV Farul Constanta","SuperLiga","Romania","2018","Arrivals","Eric","https://www.transfermarkt.com/eric/profil/spieler/81509","Attacking Midfield","33","Brazil","Al-Markhiya SC",NA,"Qatar",0,FALSE,NA,"Winter",15,8,5,417
"FCV Farul Constanta","SuperLiga","Romania","2018","Arrivals","Bas Kuipers","https://www.transfermarkt.com/bas-kuipers/profil/spieler/187188","Left-Back","24","Netherlands","ADO Den Haag","Eredivisie","Netherlands",0,FALSE,NA,"Winter",8,7,0,538
"FCV Farul Constanta","SuperLiga","Romania","2018","Arrivals","Andrei Tîrcoveanu","https://www.transfermarkt.com/andrei-tircoveanu/profil/spieler/271293","Attacking Midfield","21","Romania","FC Dinamo","SuperLiga","Romania",0,FALSE,NA,"Winter",7,5,0,203
"FCV Farul Constanta","SuperLiga","Romania","2018","Arrivals","George Ganea","https://www.transfermarkt.com/george-ganea/profil/spieler/335821","Left Winger","19","Romania","CFR Cluj","SuperLiga","Romania",0,FALSE,NA,"Winter",10,8,2,401
"FCV Farul Constanta","SuperLiga","Romania","2018","Arrivals","Tudor Băluță","https://www.transfermarkt.com/tudor-baluta/profil/spieler/433976","Defensive Midfield","19","Romania","Brighton","Premier League","England",NA,TRUE,"loan transfer","Winter",35,34,2,2950
"FCV Farul Constanta","SuperLiga","Romania","2018","Arrivals","Rivaldinho","https://www.transfermarkt.com/rivaldinho/profil/spieler/313968","Centre-Forward","23","Brazil","Levski Sofia","efbet Liga","Bulgaria",NA,TRUE,"loan transfer","Winter",16,15,4,670
"FCV Farul Constanta","SuperLiga","Romania","2018","Arrivals","Árpád Tordai","https://www.transfermarkt.com/arpad-tordai/profil/spieler/271294","Goalkeeper","21","Romania","Petrolul","Liga 2","Romania",NA,TRUE,"End of loan Dec 31, 2018","Winter",19,6,0,525
"FCV Farul Constanta","SuperLiga","Romania","2018","Arrivals","Dan Panait","https://www.transfermarkt.com/dan-panait/profil/spieler/295878","Left-Back","21","Romania","Concordia","SuperLiga","Romania",NA,TRUE,"End of loan Feb 14, 2019","Winter",NA,NA,NA,NA
"FCV Farul Constanta","SuperLiga","Romania","2018","Arrivals","Robert Grecu","https://www.transfermarkt.com/robert-grecu/profil/spieler/295824","Right Winger","20","Romania","Petrolul","Liga 2","Romania",NA,TRUE,"End of loan Dec 31, 2018","Winter",0,0,0,0
"FCV Farul Constanta","SuperLiga","Romania","2018","Arrivals","Cristian Ene","https://www.transfermarkt.com/cristian-ene/profil/spieler/364706","Centre-Forward","21","Romania","U Cluj","Liga 2","Romania",NA,TRUE,"End of loan Jan 1, 2019","Winter",0,0,0,0
"FCV Farul Constanta","SuperLiga","Romania","2018","Arrivals","Antonio Cruceru","https://www.transfermarkt.com/antonio-cruceru/profil/spieler/315448","Attacking Midfield","22","Romania","Petrolul","Liga 2","Romania",NA,TRUE,"End of loan Jan 8, 2019","Winter",NA,NA,NA,NA
"FCV Farul Constanta","SuperLiga","Romania","2018","Arrivals","Romeo Bănică","https://www.transfermarkt.com/romeo-banica/profil/spieler/464314","Centre-Forward","19","Romania","SSU Poli","Liga 2","Romania",NA,TRUE,"End of loan Dec 31, 2018","Winter",0,0,0,0
"FCV Farul Constanta","SuperLiga","Romania","2018","Arrivals","Răzvan Prodan","https://www.transfermarkt.com/razvan-prodan/profil/spieler/533267","Centre-Back","19","Romania","U. Constanta","Liga 2","Romania",NA,TRUE,"End of loan Dec 31, 2018","Winter",NA,NA,NA,NA
"FCV Farul Constanta","SuperLiga","Romania","2018","Arrivals","Răzvan Prodan","https://www.transfermarkt.com/razvan-prodan/profil/spieler/533267","Centre-Back","19","Romania","U Cluj","Liga 2","Romania",NA,TRUE,"End of loan Feb 14, 2019","Winter",NA,NA,NA,NA
"FCV Farul Constanta","SuperLiga","Romania","2018","Departures","Tudor Băluță","https://www.transfermarkt.com/tudor-baluta/profil/spieler/433976","Defensive Midfield","19","Romania","Brighton","Premier League","England",2900000,FALSE,NA,"Winter",35,34,2,2950
"FCV Farul Constanta","SuperLiga","Romania","2018","Departures","Mihai Voduț","https://www.transfermarkt.com/mihai-vodut/profil/spieler/223042","Centre-Forward","24","Romania","B. Jerusalem","Ligat ha'Al","Israel",0,FALSE,NA,"Winter",26,20,2,1086
"FCV Farul Constanta","SuperLiga","Romania","2018","Departures","Srdjan Luchin","https://www.transfermarkt.com/srdjan-luchin/profil/spieler/58720","Centre-Back","32","Romania","D. Calarasi","SuperLiga","Romania",0,FALSE,NA,"Winter",24,16,1,1121
"FCV Farul Constanta","SuperLiga","Romania","2018","Departures","Dan Panait","https://www.transfermarkt.com/dan-panait/profil/spieler/295878","Left-Back","21","Romania","Chindia","Liga 2","Romania",0,FALSE,NA,"Winter",NA,NA,NA,NA
"FCV Farul Constanta","SuperLiga","Romania","2018","Departures","Robert Bajan","https://www.transfermarkt.com/robert-bajan/profil/spieler/226903","Right-Back","23","Romania","FC Rapid 1923",NA,"Romania",0,FALSE,NA,"Winter",NA,NA,NA,NA
"FCV Farul Constanta","SuperLiga","Romania","2018","Departures","Amir Natcho","https://www.transfermarkt.com/amir-natcho/profil/spieler/330059","Central Midfield","22","Russia","BATE Borisov","Vysheyshaya Liga","Belarus",0,FALSE,NA,"Winter",4,2,0,135
"FCV Farul Constanta","SuperLiga","Romania","2018","Departures","Constantin Dima","https://www.transfermarkt.com/constantin-dima/profil/spieler/335820","Centre-Back","19","Romania","Astra Giurgiu","SuperLiga","Romania",0,FALSE,NA,"Winter",2,1,0,52
"FCV Farul Constanta","SuperLiga","Romania","2018","Departures","Antonio Cruceru","https://www.transfermarkt.com/antonio-cruceru/profil/spieler/315448","Attacking Midfield","22","Romania","AFC Turris",NA,"Romania",0,FALSE,NA,"Winter",NA,NA,NA,NA
"FCV Farul Constanta","SuperLiga","Romania","2018","Departures","Robert Răducanu","https://www.transfermarkt.com/robert-raducanu/profil/spieler/371969","Left Winger","22","Romania","FC U Craiova",NA,"Romania",0,FALSE,NA,"Winter",NA,NA,NA,NA
"FCV Farul Constanta","SuperLiga","Romania","2018","Departures","Răzvan Prodan","https://www.transfermarkt.com/razvan-prodan/profil/spieler/533267","Centre-Back","19","Romania","Daco-Getica","Liga 2","Romania",0,FALSE,NA,"Winter",NA,NA,NA,NA
"FCV Farul Constanta","SuperLiga","Romania","2018","Departures","Mailson Lima","https://www.transfermarkt.com/mailson-lima/profil/spieler/283151","Left Winger","24","Cape Verde","Ararat-Armenia","Premier League","Armenia",NA,FALSE,"?","Winter",15,13,0,875
"FCV Farul Constanta","SuperLiga","Romania","2018","Departures","Alexandru Iulian Stoica","https://www.transfermarkt.com/alexandru-iulian-stoica/profil/spieler/271291","Right Winger","21","Romania","Petrolul","Liga 2","Romania",NA,TRUE,"loan transfer","Winter",3,1,0,77
"FCV Farul Constanta","SuperLiga","Romania","2018","Departures","Robert Grecu","https://www.transfermarkt.com/robert-grecu/profil/spieler/295824","Right Winger","20","Romania","Daco-Getica","Liga 2","Romania",NA,TRUE,"loan transfer","Winter",0,0,0,0
"FCV Farul Constanta","SuperLiga","Romania","2018","Departures","Cristian Ene","https://www.transfermarkt.com/cristian-ene/profil/spieler/364706","Centre-Forward","21","Romania","SSU Poli","Liga 2","Romania",NA,TRUE,"loan transfer","Winter",0,0,0,0
"FCV Farul Constanta","SuperLiga","Romania","2018","Departures","Răzvan Prodan","https://www.transfermarkt.com/razvan-prodan/profil/spieler/533267","Centre-Back","19","Romania","U Cluj","Liga 2","Romania",NA,TRUE,"loan transfer","Winter",NA,NA,NA,NA
"FCV Farul Constanta","SuperLiga","Romania","2018","Departures","Robert Neciu","https://www.transfermarkt.com/robert-neciu/profil/spieler/319240","Left-Back","20","Romania","U. Constanta","Liga 2","Romania",NA,TRUE,"loan transfer","Winter",1,1,0,17
"CS Universitatea Craiova","SuperLiga","Romania","2018","Arrivals","Alexandru Cicâldău","https://www.transfermarkt.com/alexandru-cicaldau/profil/spieler/295810","Attacking Midfield","20","Romania","FCV Farul","SuperLiga","Romania",2300000,FALSE,NA,"Summer",43,43,5,3652
"CS Universitatea Craiova","SuperLiga","Romania","2018","Arrivals","Elvir Koljic","https://www.transfermarkt.com/elvir-koljic/profil/spieler/296695","Centre-Forward","23","Bosnia-Herzegovina","FK Krupa","Premijer Liga BiH","Bosnia-Herzegovina",450000,FALSE,NA,"Summer",21,21,14,1684
"CS Universitatea Craiova","SuperLiga","Romania","2018","Arrivals","Florin Gardoș","https://www.transfermarkt.com/florin-gardos/profil/spieler/57423","Centre-Back","29","Romania","Southampton","Premier League","England",0,FALSE,NA,"Summer",13,6,1,497
"CS Universitatea Craiova","SuperLiga","Romania","2018","Arrivals","Nuno Rocha","https://www.transfermarkt.com/nuno-rocha/profil/spieler/237355","Attacking Midfield","26","Cape Verde","Tosno",NA,"Russia",0,FALSE,NA,"Summer",25,20,2,897
"CS Universitatea Craiova","SuperLiga","Romania","2018","Arrivals","Isaac Donkor","https://www.transfermarkt.com/isaac-donkor/profil/spieler/240197","Centre-Back","22","Ghana","Cesena","Serie D - F","Italy",0,FALSE,NA,"Summer",38,34,1,2703
"CS Universitatea Craiova","SuperLiga","Romania","2018","Arrivals","César Meza Colli","https://www.transfermarkt.com/cesar-meza-colli/profil/spieler/163443","Attacking Midfield","26","Paraguay","Shamakhi","Premyer Liqa","Azerbaijan",0,FALSE,NA,"Summer",18,17,0,581
"CS Universitatea Craiova","SuperLiga","Romania","2018","Arrivals","Eduard Stăncioiu","https://www.transfermarkt.com/eduard-stancioiu/profil/spieler/48659","Goalkeeper","37","Romania","FCSB","SuperLiga","Romania",0,FALSE,NA,"Summer",2,0,0,0
"CS Universitatea Craiova","SuperLiga","Romania","2018","Arrivals","Mirko Pigliacelli","https://www.transfermarkt.com/mirko-pigliacelli/profil/spieler/165893","Goalkeeper","25","Italy","Pro Vercelli","Serie C - A","Italy",NA,TRUE,"loan transfer","Summer",42,42,1,3780
"CS Universitatea Craiova","SuperLiga","Romania","2018","Arrivals","Matteo Fedele","https://www.transfermarkt.com/matteo-fedele/profil/spieler/111438","Central Midfield","26","Switzerland","Foggia","Serie B","Italy",NA,TRUE,"loan transfer","Summer",35,31,2,1848
"CS Universitatea Craiova","SuperLiga","Romania","2018","Arrivals","Florin Borța","https://www.transfermarkt.com/florin-borta/profil/spieler/603327","Right-Back","19","Romania","CSU Craiova U19",NA,"Romania",NA,FALSE,"-","Summer",6,3,0,247
"CS Universitatea Craiova","SuperLiga","Romania","2018","Arrivals","Valentin Mihăilă","https://www.transfermarkt.com/valentin-mihaila/profil/spieler/535469","Left Winger","18","Romania","CSU Craiova U19",NA,"Romania",NA,FALSE,"-","Summer",35,32,1,2042
"CS Universitatea Craiova","SuperLiga","Romania","2018","Arrivals","Mihai Roman","https://www.transfermarkt.com/mihai-roman/profil/spieler/135566","Centre-Forward","26","Romania","ACS Poli","SuperLiga","Romania",NA,TRUE,"End of loan Jun 30, 2018","Summer",0,0,0,0
"CS Universitatea Craiova","SuperLiga","Romania","2018","Arrivals","Alexandru Popescu","https://www.transfermarkt.com/alexandru-popescu/profil/spieler/504909","Centre-Forward","20","Romania","Ac. Clinceni","Liga 2","Romania",NA,TRUE,"End of loan Jun 30, 2018","Summer",0,0,0,0
"CS Universitatea Craiova","SuperLiga","Romania","2018","Arrivals","Alin Manea","https://www.transfermarkt.com/alin-manea/profil/spieler/271283","Attacking Midfield","21","Romania","Dacia U. Braila","Liga 2","Romania",NA,TRUE,"End of loan Jun 30, 2018","Summer",NA,NA,NA,NA
"CS Universitatea Craiova","SuperLiga","Romania","2018","Arrivals","Raul Hreniuc","https://www.transfermarkt.com/raul-hreniuc/profil/spieler/405964","Centre-Back","21","Romania","Ac. Clinceni","Liga 2","Romania",NA,TRUE,"End of loan Jun 30, 2018","Summer",NA,NA,NA,NA
"CS Universitatea Craiova","SuperLiga","Romania","2018","Arrivals","Stephan Drăghici","https://www.transfermarkt.com/stephan-draghici/profil/spieler/435706","Right Midfield","20","Romania","Daco-Getica","SuperLiga","Romania",NA,TRUE,"End of loan Jun 30, 2018","Summer",13,8,0,380
"CS Universitatea Craiova","SuperLiga","Romania","2018","Departures","Alexandru Băluță","https://www.transfermarkt.com/alexandru-baluta/profil/spieler/212746","Right Winger","24","Romania","Slavia Prague","Chance Liga","Czech Republic",2650000,FALSE,NA,"Summer",NA,NA,NA,NA
"CS Universitatea Craiova","SuperLiga","Romania","2018","Departures","Vladimir Screciu","https://www.transfermarkt.com/vladimir-screciu/profil/spieler/418219","Defensive Midfield","18","Romania","KRC Genk","Jupiler Pro League","Belgium",2e+06,FALSE,NA,"Summer",NA,NA,NA,NA
"CS Universitatea Craiova","SuperLiga","Romania","2018","Departures","Gustavo Vagenin","https://www.transfermarkt.com/gustavo-vagenin/profil/spieler/268223","Attacking Midfield","26","Brazil","Liaoning FC","League One","China",850000,FALSE,NA,"Summer",NA,NA,NA,NA
"CS Universitatea Craiova","SuperLiga","Romania","2018","Departures","Hristo Zlatinski","https://www.transfermarkt.com/hristo-zlatinski/profil/spieler/34679","Defensive Midfield","33","Bulgaria","FCSB","SuperLiga","Romania",0,FALSE,NA,"Summer",3,2,0,126
"CS Universitatea Craiova","SuperLiga","Romania","2018","Departures","Miodrag Mitrović","https://www.transfermarkt.com/miodrag-mitrovic/profil/spieler/64629","Goalkeeper","27","Switzerland","FC Lugano II","2. Liga Inter - Gr. 4","Switzerland",0,FALSE,NA,"Summer",NA,NA,NA,NA
"CS Universitatea Craiova","SuperLiga","Romania","2018","Departures","Simon Mazarache","https://www.transfermarkt.com/simon-mazarache/profil/spieler/220924","Centre-Forward","25","Romania","Concordia","SuperLiga","Romania",0,FALSE,NA,"Summer",NA,NA,NA,NA
"CS Universitatea Craiova","SuperLiga","Romania","2018","Departures","Apostol Popov","https://www.transfermarkt.com/apostol-popov/profil/spieler/87565","Centre-Back","35","Bulgaria","CSKA 1948","Vtora Liga","Bulgaria",0,FALSE,NA,"Summer",NA,NA,NA,NA
"CS Universitatea Craiova","SuperLiga","Romania","2018","Departures","Mihai Roman","https://www.transfermarkt.com/mihai-roman/profil/spieler/135566","Centre-Forward","26","Romania","FC Botosani","SuperLiga","Romania",NA,TRUE,"loan transfer","Summer",0,0,0,0
"CS Universitatea Craiova","SuperLiga","Romania","2018","Departures","Alexandru Popescu","https://www.transfermarkt.com/alexandru-popescu/profil/spieler/504909","Centre-Forward","20","Romania","CS Mioveni","Liga 2","Romania",NA,TRUE,"loan transfer","Summer",0,0,0,0
"CS Universitatea Craiova","SuperLiga","Romania","2018","Departures","Alin Manea","https://www.transfermarkt.com/alin-manea/profil/spieler/271283","Attacking Midfield","21","Romania","Chindia","Liga 2","Romania",NA,TRUE,"loan transfer","Summer",NA,NA,NA,NA
"CS Universitatea Craiova","SuperLiga","Romania","2018","Departures","Raul Hreniuc","https://www.transfermarkt.com/raul-hreniuc/profil/spieler/405964","Centre-Back","21","Romania","FC Arges","Liga 2","Romania",NA,TRUE,"loan transfer","Summer",NA,NA,NA,NA
"CS Universitatea Craiova","SuperLiga","Romania","2018","Departures","Stephan Drăghici","https://www.transfermarkt.com/stephan-draghici/profil/spieler/435706","Right Midfield","20","Romania","Sepsi OSK","SuperLiga","Romania",NA,TRUE,"loan transfer","Summer",13,8,0,380
"CS Universitatea Craiova","SuperLiga","Romania","2018","Departures","Lucian Buzan","https://www.transfermarkt.com/lucian-buzan/profil/spieler/540113","Right Midfield","19","Romania","D. Calarasi","SuperLiga","Romania",NA,TRUE,"loan transfer","Summer",0,0,0,0
"CS Universitatea Craiova","SuperLiga","Romania","2018","Departures","André Santos","https://www.transfermarkt.com/andre-santos/profil/spieler/61743","Defensive Midfield","29","Portugal","Without Club",NA,NA,NA,FALSE,"-","Summer",NA,NA,NA,NA
"CS Universitatea Craiova","SuperLiga","Romania","2018","Departures","Fausto Rossi","https://www.transfermarkt.com/fausto-rossi/profil/spieler/81743","Central Midfield","27","Italy","Without Club",NA,NA,NA,FALSE,"-","Summer",NA,NA,NA,NA
"CS Universitatea Craiova","SuperLiga","Romania","2018","Departures","Cosmin Ciocoteala","https://www.transfermarkt.com/cosmin-ciocoteala/profil/spieler/403423","Defensive Midfield","20","Romania","Without Club",NA,NA,NA,FALSE,"-","Summer",NA,NA,NA,NA
"CS Universitatea Craiova","SuperLiga","Romania","2018","Departures","Florin Gardoș","https://www.transfermarkt.com/florin-gardos/profil/spieler/57423","Centre-Back","29","Romania","Southampton","Premier League","England",NA,TRUE,"End of loan Jun 30, 2018","Summer",13,6,1,497
"CS Universitatea Craiova","SuperLiga","Romania","2018","Arrivals","Mirko Pigliacelli","https://www.transfermarkt.com/mirko-pigliacelli/profil/spieler/165893","Goalkeeper","25","Italy","Pro Vercelli","Serie C - A","Italy",3e+05,FALSE,NA,"Winter",42,42,1,3780
"CS Universitatea Craiova","SuperLiga","Romania","2018","Arrivals","Carlos Fortes","https://www.transfermarkt.com/carlos-fortes/profil/spieler/297467","Centre-Forward","24","Cape Verde","Gaz Metan","SuperLiga","Romania",2e+05,FALSE,NA,"Winter",15,14,0,752
"CS Universitatea Craiova","SuperLiga","Romania","2018","Arrivals","Andrei Cristea","https://www.transfermarkt.com/andrei-cristea/profil/spieler/26491","Centre-Forward","34","Romania","ACSM Poli Iasi","SuperLiga","Romania",1e+05,FALSE,NA,"Winter",14,10,1,532
"CS Universitatea Craiova","SuperLiga","Romania","2018","Arrivals","Stephane Acka","https://www.transfermarkt.com/stephane-acka/profil/spieler/287203","Centre-Back","28","Cote d'Ivoire","Erzurumspor FK","Süper Lig","Türkiye",0,FALSE,NA,"Winter",7,5,0,287
"CS Universitatea Craiova","SuperLiga","Romania","2018","Arrivals","Hrvoje Spahija","https://www.transfermarkt.com/hrvoje-spahija/profil/spieler/80814","Centre-Back","30","Croatia","Ordabasy","Premier Liga","Kazakhstan",NA,TRUE,"End of loan Dec 1, 2018","Winter",0,0,0,0
"CS Universitatea Craiova","SuperLiga","Romania","2018","Arrivals","Stephan Drăghici","https://www.transfermarkt.com/stephan-draghici/profil/spieler/435706","Right Midfield","21","Romania","Sepsi OSK","SuperLiga","Romania",NA,TRUE,"End of loan Feb 20, 2019","Winter",13,8,0,380
"CS Universitatea Craiova","SuperLiga","Romania","2018","Arrivals","Ștefan Vlădoiu","https://www.transfermarkt.com/stefan-vladoiu/profil/spieler/451603","Right-Back","20","Romania","Sportul Snagov","Liga 2","Romania",NA,TRUE,"End of loan Jan 1, 2019","Winter",0,0,0,0
"CS Universitatea Craiova","SuperLiga","Romania","2018","Arrivals","Alexandru Popescu","https://www.transfermarkt.com/alexandru-popescu/profil/spieler/504909","Centre-Forward","20","Romania","CS Mioveni","Liga 2","Romania",NA,TRUE,"End of loan Dec 31, 2018","Winter",0,0,0,0
"CS Universitatea Craiova","SuperLiga","Romania","2018","Arrivals","Alin Manea","https://www.transfermarkt.com/alin-manea/profil/spieler/271283","Attacking Midfield","21","Romania","Chindia","Liga 2","Romania",NA,TRUE,"End of loan Dec 31, 2018","Winter",NA,NA,NA,NA
"CS Universitatea Craiova","SuperLiga","Romania","2018","Arrivals","Lucian Buzan","https://www.transfermarkt.com/lucian-buzan/profil/spieler/540113","Right Midfield","19","Romania","D. Calarasi","SuperLiga","Romania",NA,TRUE,"End of loan Dec 31, 2018","Winter",0,0,0,0
"CS Universitatea Craiova","SuperLiga","Romania","2018","Departures","Alexandru Mitriță","https://www.transfermarkt.com/alexandru-mitrita/profil/spieler/209649","Left Winger","23","Romania","New York City","MLS","United States",8e+06,FALSE,NA,"Winter",22,22,13,1885
"CS Universitatea Craiova","SuperLiga","Romania","2018","Departures","Nicolae Calancea","https://www.transfermarkt.com/nicolae-calancea/profil/spieler/44264","Goalkeeper","32","Moldova","D. Calarasi","SuperLiga","Romania",0,FALSE,NA,"Winter",NA,NA,NA,NA
"CS Universitatea Craiova","SuperLiga","Romania","2018","Departures","Dominik Glavina","https://www.transfermarkt.com/dominik-glavina/profil/spieler/148397","Second Striker","26","Croatia","EN Paralimniou","Cyprus League","Cyprus",0,FALSE,NA,"Winter",6,5,0,209
"CS Universitatea Craiova","SuperLiga","Romania","2018","Departures","Sergiu Jurj","https://www.transfermarkt.com/sergiu-jurj/profil/spieler/422573","Centre-Forward","21","Romania","Kazincbarcika","NB II.","Hungary",0,FALSE,NA,"Winter",NA,NA,NA,NA
"CS Universitatea Craiova","SuperLiga","Romania","2018","Departures","Florin Gardoș","https://www.transfermarkt.com/florin-gardos/profil/spieler/57423","Centre-Back","30","Romania","ACSM Poli Iasi","SuperLiga","Romania",NA,TRUE,"loan transfer","Winter",13,6,1,497
"CS Universitatea Craiova","SuperLiga","Romania","2018","Departures","Andrei Burlacu","https://www.transfermarkt.com/andrei-burlacu/profil/spieler/415457","Left Winger","21","Romania","ACSM Poli Iasi","SuperLiga","Romania",NA,TRUE,"loan transfer","Winter",20,16,2,703
"CS Universitatea Craiova","SuperLiga","Romania","2018","Departures","Ștefan Vlădoiu","https://www.transfermarkt.com/stefan-vladoiu/profil/spieler/451603","Right-Back","20","Romania","D. Calarasi","SuperLiga","Romania",NA,TRUE,"loan transfer","Winter",0,0,0,0
"CS Universitatea Craiova","SuperLiga","Romania","2018","Departures","Alexandru Popescu","https://www.transfermarkt.com/alexandru-popescu/profil/spieler/504909","Centre-Forward","21","Romania","Viitorul Tg.Jiu","Liga 2","Romania",NA,TRUE,"loan transfer","Winter",0,0,0,0
"CS Universitatea Craiova","SuperLiga","Romania","2018","Departures","Florin Borța","https://www.transfermarkt.com/florin-borta/profil/spieler/603327","Right-Back","19","Romania","Petrolul","Liga 2","Romania",NA,TRUE,"loan transfer","Winter",6,3,0,247
"CS Universitatea Craiova","SuperLiga","Romania","2018","Departures","Alin Manea","https://www.transfermarkt.com/alin-manea/profil/spieler/271283","Attacking Midfield","22","Romania","SSU Poli","Liga 2","Romania",NA,TRUE,"loan transfer","Winter",NA,NA,NA,NA
"CS Universitatea Craiova","SuperLiga","Romania","2018","Departures","Lucian Buzan","https://www.transfermarkt.com/lucian-buzan/profil/spieler/540113","Right Midfield","19","Romania","ACS Poli","Liga 2","Romania",NA,TRUE,"loan transfer","Winter",0,0,0,0
"CS Universitatea Craiova","SuperLiga","Romania","2018","Departures","Adrian Juncu","https://www.transfermarkt.com/adrian-juncu/profil/spieler/671629","Left-Back","19","Romania","U. Constanta","Liga 2","Romania",NA,TRUE,"loan transfer","Winter",1,0,0,0
"CS Universitatea Craiova","SuperLiga","Romania","2018","Departures","Fausto Rossi","https://www.transfermarkt.com/fausto-rossi/profil/spieler/81743","Central Midfield","27","Italy","Without Club",NA,NA,NA,FALSE,"-","Winter",NA,NA,NA,NA
"CS Universitatea Craiova","SuperLiga","Romania","2018","Departures","Mirko Pigliacelli","https://www.transfermarkt.com/mirko-pigliacelli/profil/spieler/165893","Goalkeeper","25","Italy","Pro Vercelli","Serie C - A","Italy",NA,TRUE,"End of loan Dec 31, 2018","Winter",42,42,1,3780
"CFR Cluj","SuperLiga","Romania","2018","Arrivals","Ádám Lang","https://www.transfermarkt.com/adam-lang/profil/spieler/168088","Centre-Back","25","Hungary","Dijon","Ligue 1","France",0,FALSE,NA,"Summer",39,24,0,1765
"CFR Cluj","SuperLiga","Romania","2018","Arrivals","Mate Males","https://www.transfermarkt.com/mate-males/profil/spieler/44230","Defensive Midfield","29","Croatia","HNK Rijeka","SuperSport HNL","Croatia",0,FALSE,NA,"Summer",22,13,0,966
"CFR Cluj","SuperLiga","Romania","2018","Arrivals","Jesús Fernández","https://www.transfermarkt.com/jesus-fernandez/profil/spieler/91885","Goalkeeper","30","Spain","CyD Leonesa","2ª B - Grupo I","Spain",0,FALSE,NA,"Summer",39,9,0,810
"CFR Cluj","SuperLiga","Romania","2018","Arrivals","Robert Tambe","https://www.transfermarkt.com/robert-tambe/profil/spieler/424058","Centre-Forward","24","Cameroon","Adana Demirspor","1.Lig","Türkiye",0,FALSE,NA,"Summer",17,10,2,333
"CFR Cluj","SuperLiga","Romania","2018","Arrivals","Andrei Radu","https://www.transfermarkt.com/andrei-radu/profil/spieler/243293","Left-Back","22","Romania","Aris Limassol",NA,"Cyprus",0,FALSE,NA,"Summer",4,2,0,180
"CFR Cluj","SuperLiga","Romania","2018","Arrivals","George Ganea","https://www.transfermarkt.com/george-ganea/profil/spieler/335821","Left Winger","19","Romania","Roma U20","Primavera 1","Italy",0,FALSE,NA,"Summer",3,1,0,59
"CFR Cluj","SuperLiga","Romania","2018","Arrivals","Giuseppe De Luca","https://www.transfermarkt.com/giuseppe-de-luca/profil/spieler/62751","Centre-Forward","26","Italy","Virtus Entella","Serie C - A","Italy",NA,TRUE,"loan transfer","Summer",5,5,0,118
"CFR Cluj","SuperLiga","Romania","2018","Arrivals","Júlio Baptista","https://www.transfermarkt.com/julio-baptista/profil/spieler/15952","Attacking Midfield","36","Brazil","Without Club",NA,NA,NA,FALSE,"-","Summer",4,3,0,43
"CFR Cluj","SuperLiga","Romania","2018","Arrivals","Cătălin Itu","https://www.transfermarkt.com/catalin-itu/profil/spieler/464306","Central Midfield","19","Romania","CFR Cluj U19",NA,"Romania",NA,FALSE,"-","Summer",4,1,0,13
"CFR Cluj","SuperLiga","Romania","2018","Arrivals","Rareș Ispas","https://www.transfermarkt.com/rares-ispas/profil/spieler/634317","Left-Back","17","Romania","CFR Cluj U19",NA,"Romania",NA,FALSE,"-","Summer",1,0,0,0
"CFR Cluj","SuperLiga","Romania","2018","Arrivals","Urko Vera","https://www.transfermarkt.com/urko-vera/profil/spieler/92975","Centre-Forward","31","Spain","Astra Giurgiu","SuperLiga","Romania",NA,TRUE,"End of loan Jun 30, 2018","Summer",2,2,0,23
"CFR Cluj","SuperLiga","Romania","2018","Arrivals","Thierry Moutinho","https://www.transfermarkt.com/thierry-moutinho/profil/spieler/64804","Right Winger","27","Portugal","CyD Leonesa","LaLiga2","Spain",NA,TRUE,"End of loan Jun 30, 2018","Summer",23,20,1,866
"CFR Cluj","SuperLiga","Romania","2018","Arrivals","Jeremy Bokila","https://www.transfermarkt.com/jeremy-bokila/profil/spieler/56490","Centre-Forward","29","DR Congo","FC Dinamo","SuperLiga","Romania",NA,TRUE,"End of loan Jun 29, 2018","Summer",NA,NA,NA,NA
"CFR Cluj","SuperLiga","Romania","2018","Arrivals","Dino Spehar","https://www.transfermarkt.com/dino-spehar/profil/spieler/160381","Centre-Forward","24","Croatia","D. Calarasi","Liga 2","Romania",NA,TRUE,"End of loan Jun 30, 2018","Summer",NA,NA,NA,NA
"CFR Cluj","SuperLiga","Romania","2018","Arrivals","Szilard Veres","https://www.transfermarkt.com/szilard-veres/profil/spieler/315471","Central Midfield","22","Romania","National Sebis",NA,"Romania",NA,TRUE,"End of loan Jun 30, 2018","Summer",NA,NA,NA,NA
"CFR Cluj","SuperLiga","Romania","2018","Departures","Kevin Boli","https://www.transfermarkt.com/kevin-boli/profil/spieler/186593","Centre-Back","27","Cote d'Ivoire","GuiZ FC","Super League","China",2500000,FALSE,NA,"Summer",11,10,0,811
"CFR Cluj","SuperLiga","Romania","2018","Departures","Ibrahima Balde","https://www.transfermarkt.com/ibrahima-balde/profil/spieler/134497","Centre-Forward","29","Senegal","Real Oviedo","LaLiga2","Spain",0,FALSE,NA,"Summer",NA,NA,NA,NA
"CFR Cluj","SuperLiga","Romania","2018","Departures","Laurențiu Rus","https://www.transfermarkt.com/laurentiu-rus/profil/spieler/123289","Defensive Midfield","33","Romania","ACSM Poli Iasi","SuperLiga","Romania",0,FALSE,NA,"Summer",NA,NA,NA,NA
"CFR Cluj","SuperLiga","Romania","2018","Departures","Alexandru Vlad","https://www.transfermarkt.com/alexandru-vlad/profil/spieler/204040","Left-Back","28","Romania","FC Voluntari","SuperLiga","Romania",0,FALSE,NA,"Summer",NA,NA,NA,NA
"CFR Cluj","SuperLiga","Romania","2018","Departures","Tomislav Duka","https://www.transfermarkt.com/tomislav-duka/profil/spieler/332209","Goalkeeper","25","Croatia","Hajduk Split","SuperSport HNL","Croatia",0,FALSE,NA,"Summer",NA,NA,NA,NA
"CFR Cluj","SuperLiga","Romania","2018","Departures","Cosmin Vâtcă","https://www.transfermarkt.com/cosmin-vatca/profil/spieler/47477","Goalkeeper","36","Romania","FC Voluntari","SuperLiga","Romania",0,FALSE,NA,"Summer",10,3,0,270
"CFR Cluj","SuperLiga","Romania","2018","Departures","Srdjan Luchin","https://www.transfermarkt.com/srdjan-luchin/profil/spieler/58720","Centre-Back","32","Romania","FCV Farul","SuperLiga","Romania",0,FALSE,NA,"Summer",NA,NA,NA,NA
"CFR Cluj","SuperLiga","Romania","2018","Departures","Gilvan","https://www.transfermarkt.com/gilvan/profil/spieler/347079","Centre-Back","28","Brazil","Atlético-GO","Série B","Brazil",0,FALSE,NA,"Summer",NA,NA,NA,NA
"CFR Cluj","SuperLiga","Romania","2018","Departures","Marius Coman","https://www.transfermarkt.com/marius-coman/profil/spieler/394475","Centre-Forward","21","Romania","U Cluj","Liga 2","Romania",0,FALSE,NA,"Summer",NA,NA,NA,NA
"CFR Cluj","SuperLiga","Romania","2018","Departures","Dino Spehar","https://www.transfermarkt.com/dino-spehar/profil/spieler/160381","Centre-Forward","24","Croatia","FK Kukësi","Kategoria Superiore","Albania",0,FALSE,NA,"Summer",NA,NA,NA,NA
"CFR Cluj","SuperLiga","Romania","2018","Departures","Szilard Veres","https://www.transfermarkt.com/szilard-veres/profil/spieler/315471","Central Midfield","22","Romania","FK Csikszereda",NA,"Romania",0,FALSE,NA,"Summer",NA,NA,NA,NA
"CFR Cluj","SuperLiga","Romania","2018","Departures","Bryan Nouvier","https://www.transfermarkt.com/bryan-nouvier/profil/spieler/344889","Central Midfield","23","France","Sepsi OSK","SuperLiga","Romania",NA,TRUE,"loan transfer","Summer",0,0,0,0
"CFR Cluj","SuperLiga","Romania","2018","Departures","Horațiu Moldovan","https://www.transfermarkt.com/horatiu-moldovan/profil/spieler/525438","Goalkeeper","20","Romania","Viitorul Tg.Jiu","Liga 2","Romania",NA,TRUE,"loan transfer","Summer",NA,NA,NA,NA
"CFR Cluj","SuperLiga","Romania","2018","Departures","Gabriel Dodoi","https://www.transfermarkt.com/gabriel-dodoi/profil/spieler/476496","Centre-Forward","19","Romania","Sepsi OSK","SuperLiga","Romania",NA,TRUE,"loan transfer","Summer",NA,NA,NA,NA
"CFR Cluj","SuperLiga","Romania","2018","Departures","Cosmin Sîrbu","https://www.transfermarkt.com/cosmin-sirbu/profil/spieler/395816","Attacking Midfield","22","Romania","CFR Cluj II",NA,"Romania",NA,FALSE,"-","Summer",NA,NA,NA,NA
"CFR Cluj","SuperLiga","Romania","2018","Departures","Jeremy Bokila","https://www.transfermarkt.com/jeremy-bokila/profil/spieler/56490","Centre-Forward","29","DR Congo","Akhisarspor","Süper Lig","Türkiye",NA,TRUE,"End of loan Jun 30, 2018","Summer",NA,NA,NA,NA
"CFR Cluj","SuperLiga","Romania","2018","Arrivals","Cristian Bud","https://www.transfermarkt.com/cristian-bud/profil/spieler/104211","Centre-Forward","33","Romania","FC Hermannstadt","SuperLiga","Romania",20000,FALSE,NA,"Winter",6,5,1,231
"CFR Cluj","SuperLiga","Romania","2018","Arrivals","Răzvan Horj","https://www.transfermarkt.com/razvan-horj/profil/spieler/422587","Centre-Back","23","Romania","Újpest FC","NB I.","Hungary",0,FALSE,NA,"Winter",1,0,0,0
"CFR Cluj","SuperLiga","Romania","2018","Arrivals","Ionuț Rus","https://www.transfermarkt.com/ionut-rus/profil/spieler/418208","Goalkeeper","18","Romania","Lazio U20","Primavera 2 - B","Italy",0,FALSE,NA,"Winter",0,0,0,0
"CFR Cluj","SuperLiga","Romania","2018","Arrivals","Kevin Boli","https://www.transfermarkt.com/kevin-boli/profil/spieler/186593","Centre-Back","27","Cote d'Ivoire","GuiZ FC","League One","China",NA,TRUE,"loan transfer","Winter",11,10,0,811
"CFR Cluj","SuperLiga","Romania","2018","Arrivals","Claudiu Petrila","https://www.transfermarkt.com/claudiu-petrila/profil/spieler/623424","Left Winger","17","Romania","CFR Cluj U19",NA,"Romania",NA,FALSE,"-","Winter",13,6,0,142
"CFR Cluj","SuperLiga","Romania","2018","Arrivals","Horațiu Moldovan","https://www.transfermarkt.com/horatiu-moldovan/profil/spieler/525438","Goalkeeper","20","Romania","Viitorul Tg.Jiu","Liga 2","Romania",NA,TRUE,"End of loan Dec 31, 2018","Winter",NA,NA,NA,NA
"CFR Cluj","SuperLiga","Romania","2018","Arrivals","Rares Pintea","https://www.transfermarkt.com/rares-pintea/profil/spieler/333378","Central Midfield","23","Romania","National Sebis",NA,"Romania",NA,TRUE,"End of loan Dec 31, 2018","Winter",NA,NA,NA,NA
"CFR Cluj","SuperLiga","Romania","2018","Departures","Urko Vera","https://www.transfermarkt.com/urko-vera/profil/spieler/92975","Centre-Forward","31","Spain","Oldham Athletic","League Two","England",0,FALSE,NA,"Winter",2,2,0,23
"CFR Cluj","SuperLiga","Romania","2018","Departures","Horațiu Moldovan","https://www.transfermarkt.com/horatiu-moldovan/profil/spieler/525438","Goalkeeper","21","Romania","Ripensia","Liga 2","Romania",0,FALSE,NA,"Winter",NA,NA,NA,NA
"CFR Cluj","SuperLiga","Romania","2018","Departures","Rares Pintea","https://www.transfermarkt.com/rares-pintea/profil/spieler/333378","Central Midfield","23","Romania","Unirea Dej",NA,"Romania",0,FALSE,NA,"Winter",NA,NA,NA,NA
"CFR Cluj","SuperLiga","Romania","2018","Departures","Gabriel Dodoi","https://www.transfermarkt.com/gabriel-dodoi/profil/spieler/476496","Centre-Forward","20","Romania","Pandurii ","Liga 2","Romania",0,FALSE,NA,"Winter",NA,NA,NA,NA
"CFR Cluj","SuperLiga","Romania","2018","Departures","George Ganea","https://www.transfermarkt.com/george-ganea/profil/spieler/335821","Left Winger","19","Romania","FCV Farul","SuperLiga","Romania",0,FALSE,NA,"Winter",3,1,0,59
"CFR Cluj","SuperLiga","Romania","2018","Departures","Sebastian Mailat","https://www.transfermarkt.com/sebastian-mailat/profil/spieler/364697","Left Winger","21","Romania","Gaz Metan","SuperLiga","Romania",NA,TRUE,"loan transfer","Winter",18,17,1,665
"CFR Cluj","SuperLiga","Romania","2018","Departures","Robert Tambe","https://www.transfermarkt.com/robert-tambe/profil/spieler/424058","Centre-Forward","24","Cameroon","FC Sheriff","Super Liga","Moldova",NA,TRUE,"loan transfer","Winter",17,10,2,333
"CFR Cluj","SuperLiga","Romania","2018","Departures","Andrei Radu","https://www.transfermarkt.com/andrei-radu/profil/spieler/243293","Left-Back","22","Romania","Concordia","SuperLiga","Romania",NA,TRUE,"loan transfer","Winter",4,2,0,180
"CFR Cluj","SuperLiga","Romania","2018","Departures","Ionuț Rus","https://www.transfermarkt.com/ionut-rus/profil/spieler/418208","Goalkeeper","19","Romania","Luceafarul","Liga 2","Romania",NA,TRUE,"loan transfer","Winter",0,0,0,0
"CFR Cluj","SuperLiga","Romania","2018","Departures","Júlio Baptista","https://www.transfermarkt.com/julio-baptista/profil/spieler/15952","Attacking Midfield","37","Brazil","Without Club",NA,NA,NA,FALSE,"-","Winter",4,3,0,43
"CFR Cluj","SuperLiga","Romania","2018","Departures","Giuseppe De Luca","https://www.transfermarkt.com/giuseppe-de-luca/profil/spieler/62751","Centre-Forward","27","Italy","Virtus Entella","Serie C - A","Italy",NA,TRUE,"End of loan Jan 31, 2019","Winter",5,5,0,118
"FC Dinamo 1948","SuperLiga","Romania","2018","Arrivals","Mircea Axente","https://www.transfermarkt.com/mircea-axente/profil/spieler/69558","Centre-Forward","31","Romania","FC Botosani","SuperLiga","Romania",0,FALSE,NA,"Summer",11,10,1,300
"FC Dinamo 1948","SuperLiga","Romania","2018","Arrivals","Armando Cooper","https://www.transfermarkt.com/armando-cooper/profil/spieler/122016","Central Midfield","30","Panama","U. de Chile","Liga Primera","Chile",0,FALSE,NA,"Summer",12,11,0,825
"FC Dinamo 1948","SuperLiga","Romania","2018","Arrivals","Sergiu Popovici","https://www.transfermarkt.com/sergiu-popovici/profil/spieler/217750","Left-Back","25","Romania","Gaz Metan","SuperLiga","Romania",0,FALSE,NA,"Summer",14,13,0,1098
"FC Dinamo 1948","SuperLiga","Romania","2018","Arrivals","Deian Sorescu","https://www.transfermarkt.com/deian-sorescu/profil/spieler/379209","Right Winger","20","Romania","SSU Poli","Liga 2","Romania",0,FALSE,NA,"Summer",37,35,2,2692
"FC Dinamo 1948","SuperLiga","Romania","2018","Arrivals","Tomislav Gomelt","https://www.transfermarkt.com/tomislav-gomelt/profil/spieler/210983","Central Midfield","23","Croatia","HNK Rijeka","SuperSport HNL","Croatia",0,FALSE,NA,"Summer",16,13,0,929
"FC Dinamo 1948","SuperLiga","Romania","2018","Arrivals","Elvis Kabashi","https://www.transfermarkt.com/elvis-kabashi/profil/spieler/200057","Central Midfield","25","Albania","Without Club",NA,NA,0,FALSE,NA,"Summer",9,3,0,151
"FC Dinamo 1948","SuperLiga","Romania","2018","Arrivals","Kino Delorge","https://www.transfermarkt.com/kino-delorge/profil/spieler/289538","Right-Back","20","Belgium","Jong Genk",NA,"Belgium",0,FALSE,NA,"Summer",10,4,0,320
"FC Dinamo 1948","SuperLiga","Romania","2018","Arrivals","Gheorghe Grozav","https://www.transfermarkt.com/gheorghe-grozav/profil/spieler/96844","Left Winger","28","Romania","Without Club",NA,NA,NA,FALSE,"-","Summer",4,4,0,295
"FC Dinamo 1948","SuperLiga","Romania","2018","Arrivals","Danijel Subotic","https://www.transfermarkt.com/danijel-subotic/profil/spieler/65297","Centre-Forward","29","Switzerland","Without Club",NA,NA,NA,FALSE,"-","Summer",5,5,1,231
"FC Dinamo 1948","SuperLiga","Romania","2018","Arrivals","Teddy Mezague","https://www.transfermarkt.com/teddy-mezague/profil/spieler/127143","Centre-Back","28","France","Without Club",NA,NA,NA,FALSE,"-","Summer",4,4,0,360
"FC Dinamo 1948","SuperLiga","Romania","2018","Arrivals","Facundo Mallo","https://www.transfermarkt.com/facundo-mallo/profil/spieler/347193","Centre-Back","24","Uruguay","Mvd City Torque","Segunda División","Uruguay",NA,FALSE,"-","Summer",10,3,0,203
"FC Dinamo 1948","SuperLiga","Romania","2018","Arrivals","Constantin Dima","https://www.transfermarkt.com/constantin-dima/profil/spieler/335820","Centre-Back","18","Romania","Dinamo II",NA,"Romania",NA,FALSE,"-","Summer",NA,NA,NA,NA
"FC Dinamo 1948","SuperLiga","Romania","2018","Arrivals","Mihai Eșanu","https://www.transfermarkt.com/mihai-esanu/profil/spieler/436072","Goalkeeper","19","Romania","Dinamo II",NA,"Romania",NA,FALSE,"-","Summer",12,0,0,0
"FC Dinamo 1948","SuperLiga","Romania","2018","Arrivals","Patrick Petre","https://www.transfermarkt.com/patrick-petre/profil/spieler/295885","Right Midfield","21","Romania","Sepsi OSK","SuperLiga","Romania",NA,TRUE,"End of loan Jun 30, 2018","Summer",NA,NA,NA,NA
"FC Dinamo 1948","SuperLiga","Romania","2018","Arrivals","Denis Ciobotariu","https://www.transfermarkt.com/denis-ciobotariu/profil/spieler/428593","Centre-Back","20","Romania","Chindia","Liga 2","Romania",NA,TRUE,"End of loan Jun 30, 2018","Summer",38,17,0,1549
"FC Dinamo 1948","SuperLiga","Romania","2018","Arrivals","Iustin Popescu","https://www.transfermarkt.com/iustin-popescu/profil/spieler/289186","Goalkeeper","24","Romania","Chindia","Liga 2","Romania",NA,TRUE,"End of loan Jun 30, 2018","Summer",NA,NA,NA,NA
"FC Dinamo 1948","SuperLiga","Romania","2018","Arrivals","Mihai Neicuțescu","https://www.transfermarkt.com/mihai-neicutescu/profil/spieler/436079","Centre-Forward","19","Romania","Chindia","Liga 2","Romania",NA,TRUE,"End of loan Jun 30, 2018","Summer",10,8,1,242
"FC Dinamo 1948","SuperLiga","Romania","2018","Arrivals","Laurentiu Manole","https://www.transfermarkt.com/laurentiu-manole/profil/spieler/398803","Left Winger","21","Romania","Gaz Metan","SuperLiga","Romania",NA,TRUE,"End of loan Jun 30, 2018","Summer",NA,NA,NA,NA
"FC Dinamo 1948","SuperLiga","Romania","2018","Arrivals","Andrei Tîrcoveanu","https://www.transfermarkt.com/andrei-tircoveanu/profil/spieler/271293","Attacking Midfield","21","Romania","Gaz Metan","SuperLiga","Romania",NA,TRUE,"End of loan Jun 30, 2018","Summer",4,1,0,4
"FC Dinamo 1948","SuperLiga","Romania","2018","Departures","May Mahlangu","https://www.transfermarkt.com/may-mahlangu/profil/spieler/123639","Central Midfield","29","South Africa","Ludogorets","efbet Liga","Bulgaria",5e+05,FALSE,NA,"Summer",5,5,1,450
"FC Dinamo 1948","SuperLiga","Romania","2018","Departures","Adam Nemec","https://www.transfermarkt.com/adam-nemec/profil/spieler/55210","Centre-Forward","32","Slovakia","Pafos FC","Cyprus League","Cyprus",0,FALSE,NA,"Summer",NA,NA,NA,NA
"FC Dinamo 1948","SuperLiga","Romania","2018","Departures","Antun Palic","https://www.transfermarkt.com/antun-palic/profil/spieler/68205","Attacking Midfield","30","Croatia","FC Sheriff","Super Liga","Moldova",0,FALSE,NA,"Summer",NA,NA,NA,NA
"FC Dinamo 1948","SuperLiga","Romania","2018","Departures","José Romera","https://www.transfermarkt.com/jose-romera/profil/spieler/72288","Right-Back","30","Spain","UD Almería","LaLiga2","Spain",0,FALSE,NA,"Summer",NA,NA,NA,NA
"FC Dinamo 1948","SuperLiga","Romania","2018","Departures","Luka Maric","https://www.transfermarkt.com/luka-maric/profil/spieler/190722","Centre-Back","31","Croatia","Arka Gdynia","Ekstraklasa","Poland",0,FALSE,NA,"Summer",NA,NA,NA,NA
"FC Dinamo 1948","SuperLiga","Romania","2018","Departures","Patrick Petre","https://www.transfermarkt.com/patrick-petre/profil/spieler/295885","Right Midfield","21","Romania","ACSM Poli Iasi","SuperLiga","Romania",0,FALSE,NA,"Summer",NA,NA,NA,NA
"FC Dinamo 1948","SuperLiga","Romania","2018","Departures","Constantin Dima","https://www.transfermarkt.com/constantin-dima/profil/spieler/335820","Centre-Back","19","Romania","FCV Farul","SuperLiga","Romania",0,FALSE,NA,"Summer",NA,NA,NA,NA
"FC Dinamo 1948","SuperLiga","Romania","2018","Departures","Aitor Monroy","https://www.transfermarkt.com/aitor-monroy/profil/spieler/71986","Central Midfield","30","Spain","D. Calarasi","SuperLiga","Romania",0,FALSE,NA,"Summer",NA,NA,NA,NA
"FC Dinamo 1948","SuperLiga","Romania","2018","Departures","Iustin Popescu","https://www.transfermarkt.com/iustin-popescu/profil/spieler/289186","Goalkeeper","24","Romania","Chindia","Liga 2","Romania",0,FALSE,NA,"Summer",NA,NA,NA,NA
"FC Dinamo 1948","SuperLiga","Romania","2018","Departures","Laurentiu Manole","https://www.transfermarkt.com/laurentiu-manole/profil/spieler/398803","Left Winger","21","Romania","FC Voluntari","SuperLiga","Romania",0,FALSE,NA,"Summer",NA,NA,NA,NA
"FC Dinamo 1948","SuperLiga","Romania","2018","Departures","Ion Gheorghe","https://www.transfermarkt.com/ion-gheorghe/profil/spieler/436075","Left Winger","18","Romania","FC Voluntari","SuperLiga","Romania",0,FALSE,NA,"Summer",NA,NA,NA,NA
"FC Dinamo 1948","SuperLiga","Romania","2018","Departures","Alin Dudea","https://www.transfermarkt.com/alin-dudea/profil/spieler/328517","Defensive Midfield","21","Romania","Chindia","Liga 2","Romania",NA,TRUE,"loan transfer","Summer",NA,NA,NA,NA
"FC Dinamo 1948","SuperLiga","Romania","2018","Departures","Liviu Gheorghe","https://www.transfermarkt.com/liviu-gheorghe/profil/spieler/335822","Central Midfield","18","Romania","Dacia U. Braila","Liga 2","Romania",NA,TRUE,"loan transfer","Summer",0,0,0,0
"FC Dinamo 1948","SuperLiga","Romania","2018","Departures","Danijel Subotic","https://www.transfermarkt.com/danijel-subotic/profil/spieler/65297","Centre-Forward","29","Switzerland","Without Club",NA,NA,NA,FALSE,"-","Summer",5,5,1,231
"FC Dinamo 1948","SuperLiga","Romania","2018","Departures","Gabriel Torje","https://www.transfermarkt.com/gabriel-torje/profil/spieler/47184","Right Winger","28","Romania","Akhmat Grozny","Premier Liga","Russia",NA,TRUE,"End of loan Jun 30, 2018","Summer",NA,NA,NA,NA
"FC Dinamo 1948","SuperLiga","Romania","2018","Departures","Laurențiu Brănescu","https://www.transfermarkt.com/laurentiu-branescu/profil/spieler/156521","Goalkeeper","24","Romania","Juventus","Serie A","Italy",NA,TRUE,"End of loan Jun 30, 2018","Summer",NA,NA,NA,NA
"FC Dinamo 1948","SuperLiga","Romania","2018","Departures","Constantin Nica","https://www.transfermarkt.com/constantin-nica/profil/spieler/221815","Right-Back","25","Romania","Atalanta BC","Serie A","Italy",NA,TRUE,"End of loan Jun 30, 2018","Summer",NA,NA,NA,NA
"FC Dinamo 1948","SuperLiga","Romania","2018","Departures","Jeremy Bokila","https://www.transfermarkt.com/jeremy-bokila/profil/spieler/56490","Centre-Forward","29","DR Congo","CFR Cluj","SuperLiga","Romania",NA,TRUE,"End of loan Jun 29, 2018","Summer",NA,NA,NA,NA
"FC Dinamo 1948","SuperLiga","Romania","2018","Arrivals","Reda Jaadi","https://www.transfermarkt.com/reda-jaadi/profil/spieler/194433","Central Midfield","23","Morocco","Royal Antwerp","Jupiler Pro League","Belgium",50000,FALSE,NA,"Winter",15,14,1,957
"FC Dinamo 1948","SuperLiga","Romania","2018","Arrivals","Sean McDermott","https://www.transfermarkt.com/sean-mcdermott/profil/spieler/126194","Goalkeeper","25","Ireland","Kristiansund","Eliteserien","Norway",0,FALSE,NA,"Winter",4,3,0,270
"FC Dinamo 1948","SuperLiga","Romania","2018","Arrivals","Damien Dussaut","https://www.transfermarkt.com/damien-dussaut/profil/spieler/205533","Right-Back","24","Martinique","Sint-Truiden","Jupiler Pro League","Belgium",0,FALSE,NA,"Winter",10,10,0,822
"FC Dinamo 1948","SuperLiga","Romania","2018","Arrivals","Athanasios Papazoglou","https://www.transfermarkt.com/athanasios-papazoglou/profil/spieler/42938","Centre-Forward","30","Greece","Hapoel Haifa","Ligat ha'Al","Israel",0,FALSE,NA,"Winter",15,14,4,944
"FC Dinamo 1948","SuperLiga","Romania","2018","Arrivals","Naser Aliji","https://www.transfermarkt.com/naser-aliji/profil/spieler/172982","Centre-Back","24","Albania","Virtus Entella","Serie C - A","Italy",0,FALSE,NA,"Winter",16,16,0,1395
"FC Dinamo 1948","SuperLiga","Romania","2018","Arrivals","Linas Klimavičius","https://www.transfermarkt.com/linas-klimavicius/profil/spieler/57418","Centre-Back","29","Lithuania","Žalgiris","A Lyga","Lithuania",0,FALSE,NA,"Winter",17,17,1,1452
"FC Dinamo 1948","SuperLiga","Romania","2018","Arrivals","Ioan Filip","https://www.transfermarkt.com/ioan-filip/profil/spieler/169272","Defensive Midfield","29","Romania","Debrecen","NB I.","Hungary",0,FALSE,NA,"Winter",14,14,0,1146
"FC Dinamo 1948","SuperLiga","Romania","2018","Arrivals","Jordan Mustoe","https://www.transfermarkt.com/jordan-mustoe/profil/spieler/61715","Left-Back","27","England","SJK Seinäjoki","Veikkausliiga","Finland",0,FALSE,NA,"Winter",7,3,0,184
"FC Dinamo 1948","SuperLiga","Romania","2018","Arrivals","Alexander Christovao","https://www.transfermarkt.com/alexander-christovao/profil/spieler/253751","Centre-Forward","25","Angola","Z. Sosnowiec","Ekstraklasa","Poland",0,FALSE,NA,"Winter",9,9,0,400
"FC Dinamo 1948","SuperLiga","Romania","2018","Arrivals","Parfait Mandanda","https://www.transfermarkt.com/parfait-mandanda/profil/spieler/86055","Goalkeeper","29","DR Congo","R Charleroi SC","Jupiler Pro League","Belgium",NA,TRUE,"loan transfer","Winter",15,12,0,1080
"FC Dinamo 1948","SuperLiga","Romania","2018","Arrivals","Gheorghe Grozav","https://www.transfermarkt.com/gheorghe-grozav/profil/spieler/96844","Left Winger","28","Romania","Without Club",NA,NA,NA,FALSE,"-","Winter",4,4,0,295
"FC Dinamo 1948","SuperLiga","Romania","2018","Arrivals","Rachid Aït-Atmane","https://www.transfermarkt.com/rachid-ait-atmane/profil/spieler/246877","Central Midfield","25","Algeria","Without Club",NA,NA,NA,FALSE,"-","Winter",13,12,0,818
"FC Dinamo 1948","SuperLiga","Romania","2018","Arrivals","Grégory Tadé","https://www.transfermarkt.com/gregory-tade/profil/spieler/45931","Centre-Forward","32","France","Without Club",NA,NA,NA,FALSE,"-","Winter",NA,NA,NA,NA
"FC Dinamo 1948","SuperLiga","Romania","2018","Arrivals","Simon Zenke","https://www.transfermarkt.com/simon-zenke/profil/spieler/51285","Right Winger","29","Nigeria","Without Club",NA,NA,NA,FALSE,"-","Winter",25,22,1,1120
"FC Dinamo 1948","SuperLiga","Romania","2018","Arrivals","Mamoutou N'Diaye","https://www.transfermarkt.com/mamoutou-ndiaye/profil/spieler/94298","Central Midfield","28","Mali","Without Club",NA,NA,NA,FALSE,"-","Winter",19,18,1,915
"FC Dinamo 1948","SuperLiga","Romania","2018","Arrivals","Mattia Montini","https://www.transfermarkt.com/mattia-montini/profil/spieler/130368","Centre-Forward","26","Italy","Bari","Serie D - I","Italy",NA,FALSE,"-","Winter",23,23,13,1768
"FC Dinamo 1948","SuperLiga","Romania","2018","Arrivals","Nabil Jaadi","https://www.transfermarkt.com/nabil-jaadi/profil/spieler/200790","Right Winger","22","Morocco","Without Club",NA,NA,NA,FALSE,"-","Winter",8,8,0,253
"FC Dinamo 1948","SuperLiga","Romania","2018","Arrivals","Cătălin Măgureanu","https://www.transfermarkt.com/catalin-magureanu/profil/spieler/491962","Second Striker","18","Romania","Dinamo U18",NA,"Romania",NA,FALSE,"-","Winter",4,0,0,0
"FC Dinamo 1948","SuperLiga","Romania","2018","Arrivals","Aleksandru Longher","https://www.transfermarkt.com/aleksandru-longher/profil/spieler/540921","Right Winger","18","Romania","Dinamo U18",NA,"Romania",NA,FALSE,"-","Winter",NA,NA,NA,NA
"FC Dinamo 1948","SuperLiga","Romania","2018","Arrivals","Geani Crețu","https://www.transfermarkt.com/geani-cretu/profil/spieler/540920","Attacking Midfield","18","Romania","Dinamo U18",NA,"Romania",NA,FALSE,"-","Winter",4,1,0,1
"FC Dinamo 1948","SuperLiga","Romania","2018","Arrivals","Ștefan Fara","https://www.transfermarkt.com/stefan-fara/profil/spieler/540839","Goalkeeper","17","Romania","Dinamo U18",NA,"Romania",NA,FALSE,"-","Winter",0,0,0,0
"FC Dinamo 1948","SuperLiga","Romania","2018","Arrivals","Liviu Gheorghe","https://www.transfermarkt.com/liviu-gheorghe/profil/spieler/335822","Central Midfield","19","Romania","Dacia U. Braila","Liga 2","Romania",NA,TRUE,"End of loan Dec 31, 2018","Winter",0,0,0,0
"FC Dinamo 1948","SuperLiga","Romania","2018","Departures","Sergiu Hanca","https://www.transfermarkt.com/sergiu-hanca/profil/spieler/212806","Right Midfield","26","Romania","Cracovia","Ekstraklasa","Poland",60000,FALSE,NA,"Winter",20,19,2,1422
"FC Dinamo 1948","SuperLiga","Romania","2018","Departures","Diogo Salomão","https://www.transfermarkt.com/diogo-salomao/profil/spieler/145918","Right Winger","30","Portugal","Al-Hazem","Saudi Pro League","Saudi Arabia",0,FALSE,NA,"Winter",21,21,6,1735
"FC Dinamo 1948","SuperLiga","Romania","2018","Departures","Georgios Katsikas","https://www.transfermarkt.com/georgios-katsikas/profil/spieler/96778","Centre-Back","28","Greece","Dynamo Brest","Vysheyshaya Liga","Belarus",0,FALSE,NA,"Winter",17,15,0,1380
"FC Dinamo 1948","SuperLiga","Romania","2018","Departures","Sean McDermott","https://www.transfermarkt.com/sean-mcdermott/profil/spieler/126194","Goalkeeper","25","Ireland","Kristiansund","Eliteserien","Norway",0,FALSE,NA,"Winter",4,3,0,270
"FC Dinamo 1948","SuperLiga","Romania","2018","Departures","Mircea Axente","https://www.transfermarkt.com/mircea-axente/profil/spieler/69558","Centre-Forward","31","Romania","U Cluj","Liga 2","Romania",0,FALSE,NA,"Winter",11,10,1,300
"FC Dinamo 1948","SuperLiga","Romania","2018","Departures","Sergiu Popovici","https://www.transfermarkt.com/sergiu-popovici/profil/spieler/217750","Left-Back","25","Romania","FC Hermannstadt","SuperLiga","Romania",0,FALSE,NA,"Winter",14,13,0,1098
"FC Dinamo 1948","SuperLiga","Romania","2018","Departures","Armando Cooper","https://www.transfermarkt.com/armando-cooper/profil/spieler/122016","Central Midfield","31","Panama","M. Petah Tikva","Ligat ha'Al","Israel",0,FALSE,NA,"Winter",12,11,0,825
"FC Dinamo 1948","SuperLiga","Romania","2018","Departures","Tomislav Gomelt","https://www.transfermarkt.com/tomislav-gomelt/profil/spieler/210983","Central Midfield","24","Croatia","Crotone","Serie B","Italy",0,FALSE,NA,"Winter",16,13,0,929
"FC Dinamo 1948","SuperLiga","Romania","2018","Departures","Andrei Tîrcoveanu","https://www.transfermarkt.com/andrei-tircoveanu/profil/spieler/271293","Attacking Midfield","21","Romania","FCV Farul","SuperLiga","Romania",0,FALSE,NA,"Winter",4,1,0,4
"FC Dinamo 1948","SuperLiga","Romania","2018","Departures","Ivan Pesic","https://www.transfermarkt.com/ivan-pesic/profil/spieler/115133","Left Winger","26","Croatia","Shakhter K.","Premier Liga","Kazakhstan",NA,TRUE,"loan transfer","Winter",12,10,1,411
"FC Dinamo 1948","SuperLiga","Romania","2018","Departures","Mihai Popescu","https://www.transfermarkt.com/mihai-popescu/profil/spieler/361537","Centre-Back","25","Romania","St. Mirren","Premiership","Scotland",NA,TRUE,"loan transfer","Winter",20,16,2,1437
"FC Dinamo 1948","SuperLiga","Romania","2018","Departures","Laurențiu Corbu","https://www.transfermarkt.com/laurentiu-corbu/profil/spieler/378746","Right-Back","24","Romania","St. Mirren","Premiership","Scotland",NA,TRUE,"loan transfer","Winter",13,13,0,1134
"FC Dinamo 1948","SuperLiga","Romania","2018","Departures","Vlad Olteanu","https://www.transfermarkt.com/vlad-olteanu/profil/spieler/339960","Left-Back","22","Romania","ACS Poli","Liga 2","Romania",NA,TRUE,"loan transfer","Winter",15,7,0,525
"FC Dinamo 1948","SuperLiga","Romania","2018","Departures","Robert Moldoveanu","https://www.transfermarkt.com/robert-moldoveanu/profil/spieler/319235","Right Winger","19","Romania","Petrolul","Liga 2","Romania",NA,TRUE,"loan transfer","Winter",18,16,1,563
"FC Dinamo 1948","SuperLiga","Romania","2018","Departures","Mihai Neicuțescu","https://www.transfermarkt.com/mihai-neicutescu/profil/spieler/436079","Centre-Forward","20","Romania","Chindia","Liga 2","Romania",NA,TRUE,"loan transfer","Winter",10,8,1,242
"FC Dinamo 1948","SuperLiga","Romania","2018","Departures","Liviu Gheorghe","https://www.transfermarkt.com/liviu-gheorghe/profil/spieler/335822","Central Midfield","19","Romania","Sportul Snagov","Liga 2","Romania",NA,TRUE,"loan transfer","Winter",0,0,0,0
"FC Dinamo 1948","SuperLiga","Romania","2018","Departures","Mihai Eșanu","https://www.transfermarkt.com/mihai-esanu/profil/spieler/436072","Goalkeeper","20","Romania","Daco-Getica","Liga 2","Romania",NA,TRUE,"loan transfer","Winter",12,0,0,0
"FC Dinamo 1948","SuperLiga","Romania","2018","Departures","Marco Ehmann","https://www.transfermarkt.com/marco-ehmann/profil/spieler/336310","Centre-Back","18","Romania","U. Constanta","Liga 2","Romania",NA,TRUE,"loan transfer","Winter",2,0,0,0
"FC Dinamo 1948","SuperLiga","Romania","2018","Departures","Dragos Petrisor","https://www.transfermarkt.com/dragos-petrisor/profil/spieler/747336","Goalkeeper","19","Romania","CS Tunari",NA,"Romania",NA,TRUE,"loan transfer","Winter",NA,NA,NA,NA
"FC Dinamo 1948","SuperLiga","Romania","2018","Departures","Danijel Subotic","https://www.transfermarkt.com/danijel-subotic/profil/spieler/65297","Centre-Forward","29","Switzerland","Without Club",NA,NA,NA,FALSE,"-","Winter",5,5,1,231
"FC Dinamo 1948","SuperLiga","Romania","2018","Departures","Gheorghe Grozav","https://www.transfermarkt.com/gheorghe-grozav/profil/spieler/96844","Left Winger","28","Romania","Without Club",NA,NA,NA,FALSE,"-","Winter",4,4,0,295
"FC Dinamo 1948","SuperLiga","Romania","2018","Departures","Teddy Mezague","https://www.transfermarkt.com/teddy-mezague/profil/spieler/127143","Centre-Back","28","France","Hapoel Raanana","Ligat ha'Al","Israel",NA,FALSE,"-","Winter",4,4,0,360
"FC Dinamo 1948","SuperLiga","Romania","2018","Departures","Jaime Penedo","https://www.transfermarkt.com/jaime-penedo/profil/spieler/43851","Goalkeeper","37","Panama",NA,NA,NA,NA,FALSE,"-","Winter",18,18,0,1620
"FC Dinamo 1948","SuperLiga","Romania","2018","Departures","Jordan Mustoe","https://www.transfermarkt.com/jordan-mustoe/profil/spieler/61715","Left-Back","28","England","Without Club",NA,NA,NA,FALSE,"-","Winter",7,3,0,184
"FC Dinamo 1948","SuperLiga","Romania","2018","Departures","Kino Delorge","https://www.transfermarkt.com/kino-delorge/profil/spieler/289538","Right-Back","20","Belgium","Without Club",NA,NA,NA,FALSE,"-","Winter",10,4,0,320
"FC Dinamo 1948","SuperLiga","Romania","2018","Departures","Grégory Tadé","https://www.transfermarkt.com/gregory-tade/profil/spieler/45931","Centre-Forward","32","France",NA,NA,NA,NA,FALSE,"-","Winter",NA,NA,NA,NA
"Astra Giurgiu (- 2024)",NA,NA,"2018","Arrivals","Denis Alibec","https://www.transfermarkt.com/denis-alibec/profil/spieler/81396","Centre-Forward","27","Romania","FCSB","SuperLiga","Romania",1400000,FALSE,NA,"Summer",30,30,7,2408
"Astra Giurgiu (- 2024)",NA,NA,"2018","Arrivals","Neluț Roșu","https://www.transfermarkt.com/nelut-rosu/profil/spieler/241310","Central Midfield","24","Romania","Levski Sofia","efbet Liga","Bulgaria",0,FALSE,NA,"Summer",40,36,5,2329
"Astra Giurgiu (- 2024)",NA,NA,"2018","Arrivals","Julien Begue","https://www.transfermarkt.com/julien-begue/profil/spieler/301841","Centre-Forward","24","France","Bourg-en-Bresse","Championnat National","France",0,FALSE,NA,"Summer",39,37,6,2229
"Astra Giurgiu (- 2024)",NA,NA,"2018","Arrivals","Dylan Bahamboula","https://www.transfermarkt.com/dylan-bahamboula/profil/spieler/290928","Attacking Midfield","23","Congo","Dijon","Ligue 1","France",0,FALSE,NA,"Summer",10,6,1,140
"Astra Giurgiu (- 2024)",NA,NA,"2018","Arrivals","Azdren Llullaku","https://www.transfermarkt.com/azdren-llullaku/profil/spieler/237389","Left Winger","30","Albania","Virtus Entella","Serie C - A","Italy",0,FALSE,NA,"Summer",40,39,9,3026
"Astra Giurgiu (- 2024)",NA,NA,"2018","Arrivals","Justin Mengolo","https://www.transfermarkt.com/justin-mengolo/profil/spieler/211127","Centre-Forward","25","Cameroon","Karabükspor","1.Lig","Türkiye",0,FALSE,NA,"Summer",1,1,0,31
"Astra Giurgiu (- 2024)",NA,NA,"2018","Arrivals","Miguel Santos","https://www.transfermarkt.com/miguel-santos/profil/spieler/243555","Goalkeeper","23","Portugal","Fortuna Sittard","Eredivisie","Netherlands",0,FALSE,NA,"Summer",31,4,0,360
"Astra Giurgiu (- 2024)",NA,NA,"2018","Arrivals","Mike Cestor","https://www.transfermarkt.com/mike-cestor/profil/spieler/136744","Centre-Back","26","DR Congo","SAS Epinal","National 2 - Grp. D","France",0,FALSE,NA,"Summer",36,34,1,3021
"Astra Giurgiu (- 2024)",NA,NA,"2018","Arrivals","Andrei Trușescu","https://www.transfermarkt.com/andrei-trusescu/profil/spieler/466718","Left-Back","19","Romania","FC D. Coman",NA,"Romania",0,FALSE,NA,"Summer",13,2,0,96
"Astra Giurgiu (- 2024)",NA,NA,"2018","Arrivals","Yaya Zoua","https://www.transfermarkt.com/yaya-zoua/profil/spieler/849535","Defensive Midfield","22","Cameroon","Without Club",NA,NA,0,FALSE,NA,"Summer",NA,NA,NA,NA
"Astra Giurgiu (- 2024)",NA,NA,"2018","Arrivals","Victor Stina","https://www.transfermarkt.com/victor-stina/profil/spieler/438311","Attacking Midfield","20","Moldova","Zimbru Chisinau","Super Liga","Moldova",NA,FALSE,"?","Summer",NA,NA,NA,NA
"Astra Giurgiu (- 2024)",NA,NA,"2018","Arrivals","Djiman Koukou","https://www.transfermarkt.com/djiman-koukou/profil/spieler/65911","Defensive Midfield","27","Benin","Without Club",NA,NA,NA,FALSE,"-","Summer",9,5,0,270
"Astra Giurgiu (- 2024)",NA,NA,"2018","Arrivals","Jacques Zoua","https://www.transfermarkt.com/jacques-zoua/profil/spieler/106181","Centre-Forward","27","Cameroon","Beerschot VA","Challenger Pro League","Belgium",NA,FALSE,"-","Summer",28,24,2,1430
"Astra Giurgiu (- 2024)",NA,NA,"2018","Arrivals","Raul Gavîrliță","https://www.transfermarkt.com/raul-gavirlita/profil/spieler/617708","Centre-Forward","18","Romania","Astra Giur. U19",NA,"Romania",NA,FALSE,"-","Summer",1,1,0,3
"Astra Giurgiu (- 2024)",NA,NA,"2018","Arrivals","Dragoș Gheorghe","https://www.transfermarkt.com/dragos-gheorghe/profil/spieler/728142","Left Winger","19","Romania","Astra II",NA,"Romania",NA,FALSE,"-","Summer",NA,NA,NA,NA
"Astra Giurgiu (- 2024)",NA,NA,"2018","Arrivals","Radu Crișan","https://www.transfermarkt.com/radu-crisan/profil/spieler/339954","Centre-Back","22","Romania","FC Hermannstadt","Liga 2","Romania",NA,TRUE,"End of loan Jun 30, 2018","Summer",26,10,0,562
"Astra Giurgiu (- 2024)",NA,NA,"2018","Arrivals","Andrei Pițian","https://www.transfermarkt.com/andrei-pitian/profil/spieler/301258","Centre-Back","22","Romania","Apol. Limassol","Cyprus League","Cyprus",NA,TRUE,"End of loan Jun 30, 2018","Summer",NA,NA,NA,NA
"Astra Giurgiu (- 2024)",NA,NA,"2018","Arrivals","Robert Boboc","https://www.transfermarkt.com/robert-boboc/profil/spieler/244542","Defensive Midfield","23","Romania","FC Hermannstadt","Liga 2","Romania",NA,TRUE,"End of loan Jun 30, 2018","Summer",8,2,0,25
"Astra Giurgiu (- 2024)",NA,NA,"2018","Arrivals","Mădălin Răileanu","https://www.transfermarkt.com/madalin-raileanu/profil/spieler/309432","Defensive Midfield","21","Romania","Metaloglobus","Liga 2","Romania",NA,TRUE,"End of loan Jun 30, 2018","Summer",0,0,0,0
"Astra Giurgiu (- 2024)",NA,NA,"2018","Departures","Alexandru Stan","https://www.transfermarkt.com/alexandru-stan/profil/spieler/97517","Left Midfield","29","Romania","FCSB","SuperLiga","Romania",3e+05,FALSE,NA,"Summer",4,4,0,360
"Astra Giurgiu (- 2024)",NA,NA,"2018","Departures","Takayuki Seto","https://www.transfermarkt.com/takayuki-seto/profil/spieler/97562","Defensive Midfield","32","Japan","Ventforet Kofu","J2 League","Japan",0,FALSE,NA,"Summer",NA,NA,NA,NA
"Astra Giurgiu (- 2024)",NA,NA,"2018","Departures","Alexandru Dandea","https://www.transfermarkt.com/alexandru-dandea/profil/spieler/213287","Centre-Back","30","Romania","FC Hermannstadt","SuperLiga","Romania",0,FALSE,NA,"Summer",NA,NA,NA,NA
"Astra Giurgiu (- 2024)",NA,NA,"2018","Departures","Piotr Polczak","https://www.transfermarkt.com/piotr-polczak/profil/spieler/29745","Centre-Back","31","Poland","Z. Sosnowiec","Ekstraklasa","Poland",0,FALSE,NA,"Summer",NA,NA,NA,NA
"Astra Giurgiu (- 2024)",NA,NA,"2018","Departures","Andrei Pițian","https://www.transfermarkt.com/andrei-pitian/profil/spieler/301258","Centre-Back","22","Romania","FC Botosani","SuperLiga","Romania",0,FALSE,NA,"Summer",NA,NA,NA,NA
"Astra Giurgiu (- 2024)",NA,NA,"2018","Departures","Vlad Barbulescu","https://www.transfermarkt.com/vlad-barbulescu/profil/spieler/621680","Right Winger","21","Romania","Ac. Clinceni","Liga 2","Romania",0,FALSE,NA,"Summer",NA,NA,NA,NA
"Astra Giurgiu (- 2024)",NA,NA,"2018","Departures","Mădălin Răileanu","https://www.transfermarkt.com/madalin-raileanu/profil/spieler/309432","Defensive Midfield","21","Romania","Metalul Buzau",NA,"Romania",NA,TRUE,"loan transfer","Summer",0,0,0,0
"Astra Giurgiu (- 2024)",NA,NA,"2018","Departures","Ionuț Boșneag","https://www.transfermarkt.com/ionut-bosneag/profil/spieler/46509","Goalkeeper","36","Romania",NA,NA,NA,NA,FALSE,"-","Summer",NA,NA,NA,NA
"Astra Giurgiu (- 2024)",NA,NA,"2018","Departures","Florentin Matei","https://www.transfermarkt.com/florentin-matei/profil/spieler/147998","Attacking Midfield","25","Romania","HNK Rijeka","SuperSport HNL","Croatia",NA,TRUE,"End of loan Jun 30, 2018","Summer",NA,NA,NA,NA
"Astra Giurgiu (- 2024)",NA,NA,"2018","Departures","Anatole Abang","https://www.transfermarkt.com/anatole-abang/profil/spieler/363264","Centre-Forward","21","Cameroon","New York","MLS","United States",NA,TRUE,"End of loan Jun 30, 2018","Summer",NA,NA,NA,NA
"Astra Giurgiu (- 2024)",NA,NA,"2018","Departures","Urko Vera","https://www.transfermarkt.com/urko-vera/profil/spieler/92975","Centre-Forward","31","Spain","CFR Cluj","SuperLiga","Romania",NA,TRUE,"End of loan Jun 30, 2018","Summer",NA,NA,NA,NA
"Astra Giurgiu (- 2024)",NA,NA,"2018","Arrivals","Romário Pires","https://www.transfermarkt.com/romario-pires/profil/spieler/148601","Central Midfield","30","Brazil","M. Petah Tikva","Ligat ha'Al","Israel",0,FALSE,NA,"Winter",16,14,0,1078
"Astra Giurgiu (- 2024)",NA,NA,"2018","Arrivals","Vahid Hambo","https://www.transfermarkt.com/vahid-hambo/profil/spieler/190427","Centre-Forward","24","Finland","RoPS","Veikkausliiga","Finland",0,FALSE,NA,"Winter",14,7,2,196
"Astra Giurgiu (- 2024)",NA,NA,"2018","Arrivals","Constantin Dima","https://www.transfermarkt.com/constantin-dima/profil/spieler/335820","Centre-Back","19","Romania","FCV Farul","SuperLiga","Romania",0,FALSE,NA,"Winter",10,4,0,215
"Astra Giurgiu (- 2024)",NA,NA,"2018","Departures","Plamen Iliev","https://www.transfermarkt.com/plamen-iliev/profil/spieler/156566","Goalkeeper","27","Bulgaria","Ludogorets","efbet Liga","Bulgaria",150000,FALSE,NA,"Winter",9,8,0,720
"Astra Giurgiu (- 2024)",NA,NA,"2018","Departures","Laurențiu Buș","https://www.transfermarkt.com/laurentiu-bus/profil/spieler/54728","Central Midfield","31","Romania","FC Botosani","SuperLiga","Romania",0,FALSE,NA,"Winter",18,13,2,566
"Astra Giurgiu (- 2024)",NA,NA,"2018","Departures","Dylan Bahamboula","https://www.transfermarkt.com/dylan-bahamboula/profil/spieler/290928","Attacking Midfield","23","Congo","CS Constantine","Ligue Professionnelle 1","Algeria",0,FALSE,NA,"Winter",10,6,1,140
"Astra Giurgiu (- 2024)",NA,NA,"2018","Departures","Bogdan Chipirliu","https://www.transfermarkt.com/bogdan-chipirliu/profil/spieler/250134","Centre-Forward","26","Romania","FC Buzău",NA,"Romania",0,FALSE,NA,"Winter",NA,NA,NA,NA
"Astra Giurgiu (- 2024)",NA,NA,"2018","Departures","Robert Vîlceanu","https://www.transfermarkt.com/robert-vilceanu/profil/spieler/289295","Attacking Midfield","21","Romania","Metaloglobus","Liga 2","Romania",0,FALSE,NA,"Winter",NA,NA,NA,NA
"Astra Giurgiu (- 2024)",NA,NA,"2018","Departures","Justin Mengolo","https://www.transfermarkt.com/justin-mengolo/profil/spieler/211127","Centre-Forward","25","Cameroon","Gzira Utd.","Premier League","Malta",NA,FALSE,"?","Winter",1,1,0,31
"Astra Giurgiu (- 2024)",NA,NA,"2018","Departures","Robert Boboc","https://www.transfermarkt.com/robert-boboc/profil/spieler/244542","Defensive Midfield","23","Romania","CS Mioveni","Liga 2","Romania",NA,TRUE,"loan transfer","Winter",8,2,0,25
"Astra Giurgiu (- 2024)",NA,NA,"2018","Departures","Victor Stina","https://www.transfermarkt.com/victor-stina/profil/spieler/438311","Attacking Midfield","20","Moldova","Milsami","Super Liga","Moldova",NA,TRUE,"loan transfer","Winter",NA,NA,NA,NA
"Astra Giurgiu (- 2024)",NA,NA,"2018","Departures","Daniel Barbir","https://www.transfermarkt.com/daniel-barbir/profil/spieler/330186","Centre-Back","20","United States","Sandhausen II","VL Baden","Germany",NA,TRUE,"loan transfer","Winter",0,0,0,0
"Astra Giurgiu (- 2024)",NA,NA,"2018","Departures","Djiman Koukou","https://www.transfermarkt.com/djiman-koukou/profil/spieler/65911","Defensive Midfield","28","Benin","Without Club",NA,NA,NA,FALSE,"-","Winter",9,5,0,270
"ACSM Politehnica Iasi","Liga 2","Romania","2018","Arrivals","Kamer Qaka","https://www.transfermarkt.com/kamer-qaka/profil/spieler/167821","Central Midfield","23","Albania","FCSB","SuperLiga","Romania",2e+05,FALSE,NA,"Summer",26,25,0,1888
"ACSM Politehnica Iasi","Liga 2","Romania","2018","Arrivals","Alberto Cobrea","https://www.transfermarkt.com/alberto-cobrea/profil/spieler/96841","Goalkeeper","27","Romania","FC Botosani","SuperLiga","Romania",0,FALSE,NA,"Summer",18,5,0,450
"ACSM Politehnica Iasi","Liga 2","Romania","2018","Arrivals","Platini","https://www.transfermarkt.com/platini/profil/spieler/130930","Left Winger","32","Cape Verde","Sanat Naft","Persian Gulf Pro League","Iran",0,FALSE,NA,"Summer",30,30,6,2361
"ACSM Politehnica Iasi","Liga 2","Romania","2018","Arrivals","Daudet N'Dongala","https://www.transfermarkt.com/daudet-ndongala/profil/spieler/315532","Right Winger","23","France","Botev Plovdiv","efbet Liga","Bulgaria",0,FALSE,NA,"Summer",6,6,0,122
"ACSM Politehnica Iasi","Liga 2","Romania","2018","Arrivals","Patrick Petre","https://www.transfermarkt.com/patrick-petre/profil/spieler/295885","Right Midfield","21","Romania","FC Dinamo","SuperLiga","Romania",0,FALSE,NA,"Summer",35,25,1,1357
"ACSM Politehnica Iasi","Liga 2","Romania","2018","Arrivals","Martin Mimoun","https://www.transfermarkt.com/martin-mimoun/profil/spieler/221618","Attacking Midfield","26","France","Paris FC","Ligue 2","France",0,FALSE,NA,"Summer",8,5,0,156
"ACSM Politehnica Iasi","Liga 2","Romania","2018","Arrivals","Dylan Flores","https://www.transfermarkt.com/dylan-flores/profil/spieler/131250","Attacking Midfield","25","Costa Rica","LD Alajuelense","Primera División Clausura","Costa Rica",0,FALSE,NA,"Summer",22,22,7,1765
"ACSM Politehnica Iasi","Liga 2","Romania","2018","Arrivals","Laurențiu Rus","https://www.transfermarkt.com/laurentiu-rus/profil/spieler/123289","Defensive Midfield","33","Romania","CFR Cluj","SuperLiga","Romania",0,FALSE,NA,"Summer",28,22,0,1657
"ACSM Politehnica Iasi","Liga 2","Romania","2018","Arrivals","Lewis Enoh","https://www.transfermarkt.com/lewis-enoh/profil/spieler/301815","Right Winger","25","Cameroon","KSC Lokeren","Jupiler Pro League","Belgium",0,FALSE,NA,"Summer",23,19,2,823
"ACSM Politehnica Iasi","Liga 2","Romania","2018","Arrivals","Aguinaldo","https://www.transfermarkt.com/aguinaldo/profil/spieler/221494","Centre-Forward","29","Angola","Ubon United","Thai League","Thailand",0,FALSE,NA,"Summer",5,3,0,64
"ACSM Politehnica Iasi","Liga 2","Romania","2018","Arrivals","Paul Pârvulescu","https://www.transfermarkt.com/paul-parvulescu/profil/spieler/81494","Left-Back","29","Romania","Gaz Metan","SuperLiga","Romania",0,FALSE,NA,"Summer",7,4,0,209
"ACSM Politehnica Iasi","Liga 2","Romania","2018","Arrivals","Adrià Gallego","https://www.transfermarkt.com/adria-gallego/profil/spieler/176422","Right-Back","28","Spain","At. Saguntino",NA,"Spain",0,FALSE,NA,"Summer",26,21,0,1830
"ACSM Politehnica Iasi","Liga 2","Romania","2018","Arrivals","Moussa Sanoh","https://www.transfermarkt.com/moussa-sanoh/profil/spieler/203928","Right Winger","22","Liberia","Crawley Town","League Two","England",0,FALSE,NA,"Summer",29,27,5,1766
"ACSM Politehnica Iasi","Liga 2","Romania","2018","Arrivals","Iulian Roșu","https://www.transfermarkt.com/iulian-rosu/profil/spieler/186742","Central Midfield","24","Romania","Metaloglobus","Liga 2","Romania",0,FALSE,NA,"Summer",1,0,0,0
"ACSM Politehnica Iasi","Liga 2","Romania","2018","Arrivals","Jacob Samnik","https://www.transfermarkt.com/jacob-samnik/profil/spieler/646122","Goalkeeper","18","United States","Kalonji SA",NA,"United States",NA,FALSE,"?","Summer",2,0,0,0
"ACSM Politehnica Iasi","Liga 2","Romania","2018","Arrivals","George Dwubeng","https://www.transfermarkt.com/george-dwubeng/profil/spieler/579635","Right-Back","18","Ghana","Dreams FC","Premier League","Ghana",NA,TRUE,"loan transfer","Summer",NA,NA,NA,NA
"ACSM Politehnica Iasi","Liga 2","Romania","2018","Arrivals","Lawson Bekui","https://www.transfermarkt.com/lawson-bekui/profil/spieler/432504","Right Winger","23","Ghana","Dhofar Club",NA,"Oman",NA,TRUE,"loan transfer","Summer",12,8,1,278
"ACSM Politehnica Iasi","Liga 2","Romania","2018","Arrivals","Cédric Mongongu","https://www.transfermarkt.com/cedric-mongongu/profil/spieler/44417","Centre-Back","29","DR Congo","Without Club",NA,NA,NA,FALSE,"-","Summer",NA,NA,NA,NA
"ACSM Politehnica Iasi","Liga 2","Romania","2018","Arrivals","Lucian Dumea","https://www.transfermarkt.com/lucian-dumea/profil/spieler/836570","Right-Back","15","Romania","Poli Iași U18",NA,"Romania",NA,FALSE,"-","Summer",NA,NA,NA,NA
"ACSM Politehnica Iasi","Liga 2","Romania","2018","Arrivals","Alexandru Taciuc","https://www.transfermarkt.com/alexandru-taciuc/profil/spieler/350998","Right Winger","22","Romania","Miroslava","Liga 2","Romania",NA,TRUE,"End of loan Jun 30, 2018","Summer",NA,NA,NA,NA
"ACSM Politehnica Iasi","Liga 2","Romania","2018","Arrivals","Ștefan Târnovanu","https://www.transfermarkt.com/stefan-tarnovanu/profil/spieler/568544","Goalkeeper","18","Romania","Miroslava","Liga 2","Romania",NA,TRUE,"End of loan Jun 30, 2018","Summer",4,2,0,180
"ACSM Politehnica Iasi","Liga 2","Romania","2018","Arrivals","Silviu Cerneuteanu","https://www.transfermarkt.com/silviu-cerneuteanu/profil/spieler/524143","Right-Back","21","Romania","CSM Pascani",NA,"Romania",NA,TRUE,"End of loan Jun 30, 2018","Summer",NA,NA,NA,NA
"ACSM Politehnica Iasi","Liga 2","Romania","2018","Arrivals","Adrian Moldovan","https://www.transfermarkt.com/adrian-moldovan/profil/spieler/476152","Centre-Forward","19","Romania","Ac. Clinceni","Liga 2","Romania",NA,TRUE,"End of loan Jun 30, 2018","Summer",1,0,0,0
"ACSM Politehnica Iasi","Liga 2","Romania","2018","Departures","Kamer Qaka","https://www.transfermarkt.com/kamer-qaka/profil/spieler/167821","Central Midfield","23","Albania","FCSB","SuperLiga","Romania",4e+05,FALSE,NA,"Summer",26,25,0,1888
"ACSM Politehnica Iasi","Liga 2","Romania","2018","Departures","Platini","https://www.transfermarkt.com/platini/profil/spieler/130930","Left Winger","32","Cape Verde","Sanat Naft","Persian Gulf Pro League","Iran",50000,FALSE,NA,"Summer",30,30,6,2361
"ACSM Politehnica Iasi","Liga 2","Romania","2018","Departures","Luwagga William Kizito","https://www.transfermarkt.com/luwagga-william-kizito/profil/spieler/222119","Centre-Forward","24","Uganda","BATE Borisov","Vysheyshaya Liga","Belarus",50000,TRUE,NA,"Summer",4,4,0,302
"ACSM Politehnica Iasi","Liga 2","Romania","2018","Departures","Pedro Mendes","https://www.transfermarkt.com/pedro-mendes/profil/spieler/352851","Attacking Midfield","24","Portugal","JFK Ventspils","Virsliga","Latvia",0,FALSE,NA,"Summer",NA,NA,NA,NA
"ACSM Politehnica Iasi","Liga 2","Romania","2018","Departures","Ivan Kelava","https://www.transfermarkt.com/ivan-kelava/profil/spieler/44227","Goalkeeper","30","Croatia","Inker","SuperSport HNL","Croatia",0,FALSE,NA,"Summer",NA,NA,NA,NA
"ACSM Politehnica Iasi","Liga 2","Romania","2018","Departures","Vitalijs Jagodinskis","https://www.transfermarkt.com/vitalijs-jagodinskis/profil/spieler/150284","Centre-Back","26","Latvia","JFK Ventspils","Virsliga","Latvia",0,FALSE,NA,"Summer",NA,NA,NA,NA
"ACSM Politehnica Iasi","Liga 2","Romania","2018","Departures","Alexei Koselev","https://www.transfermarkt.com/alexei-koselev/profil/spieler/136109","Goalkeeper","24","Moldova","Fortuna Sittard","Eredivisie","Netherlands",0,FALSE,NA,"Summer",NA,NA,NA,NA
"ACSM Politehnica Iasi","Liga 2","Romania","2018","Departures","Alexandru Taciuc","https://www.transfermarkt.com/alexandru-taciuc/profil/spieler/350998","Right Winger","22","Romania","ACSM Reșița",NA,"Romania",0,FALSE,NA,"Summer",NA,NA,NA,NA
"ACSM Politehnica Iasi","Liga 2","Romania","2018","Departures","Andu Moisi","https://www.transfermarkt.com/andu-moisi/profil/spieler/348732","Centre-Back","21","Romania","National Sebis",NA,"Romania",0,FALSE,NA,"Summer",NA,NA,NA,NA
"ACSM Politehnica Iasi","Liga 2","Romania","2018","Departures","Aguinaldo","https://www.transfermarkt.com/aguinaldo/profil/spieler/221494","Centre-Forward","30","Angola","Sabah",NA,"Malaysia",0,FALSE,NA,"Summer",5,3,0,64
"ACSM Politehnica Iasi","Liga 2","Romania","2018","Departures","Bogdan Gavrilă","https://www.transfermarkt.com/bogdan-gavrila/profil/spieler/212752","Right Winger","26","Romania","Valletta","Premier League","Malta",0,FALSE,NA,"Summer",NA,NA,NA,NA
"ACSM Politehnica Iasi","Liga 2","Romania","2018","Departures","Silviu Cerneuteanu","https://www.transfermarkt.com/silviu-cerneuteanu/profil/spieler/524143","Right-Back","21","Romania","Miroslava",NA,"Romania",0,FALSE,NA,"Summer",NA,NA,NA,NA
"ACSM Politehnica Iasi","Liga 2","Romania","2018","Departures","Cătălin Ștefănescu","https://www.transfermarkt.com/catalin-stefanescu/profil/spieler/243762","Left Winger","23","Romania","Petrolul","Liga 2","Romania",NA,TRUE,"loan transfer","Summer",4,3,0,134
"ACSM Politehnica Iasi","Liga 2","Romania","2018","Departures","Vasilica Vladeanu","https://www.transfermarkt.com/vasilica-vladeanu/profil/spieler/582925","Right-Back","18","Romania","Miroslava",NA,"Romania",NA,TRUE,"loan transfer","Summer",NA,NA,NA,NA
"ACSM Politehnica Iasi","Liga 2","Romania","2018","Departures","Robert Adrian Dodan","https://www.transfermarkt.com/robert-adrian-dodan/profil/spieler/534439","Central Midfield","18","Romania","Miroslava",NA,"Romania",NA,TRUE,"loan transfer","Summer",NA,NA,NA,NA
"ACSM Politehnica Iasi","Liga 2","Romania","2018","Departures","Salim Cissé","https://www.transfermarkt.com/salim-cisse/profil/spieler/236541","Centre-Forward","25","Guinea","Without Club",NA,NA,NA,FALSE,"-","Summer",NA,NA,NA,NA
"ACSM Politehnica Iasi","Liga 2","Romania","2018","Departures","Jô Santos","https://www.transfermarkt.com/jo-santos/profil/spieler/237058","Right Winger","27","Brazil","FC Sheriff","Super Liga","Moldova",NA,TRUE,"End of loan Jun 30, 2018","Summer",NA,NA,NA,NA
"ACSM Politehnica Iasi","Liga 2","Romania","2018","Arrivals","Willy Semedo","https://www.transfermarkt.com/willy-semedo/profil/spieler/531450","Left Winger","24","Cape Verde","R Charleroi SC","Jupiler Pro League","Belgium",0,FALSE,NA,"Winter",12,10,0,505
"ACSM Politehnica Iasi","Liga 2","Romania","2018","Arrivals","Boris Garrós","https://www.transfermarkt.com/boris-garros/profil/spieler/274521","Centre-Forward","30","Spain","Apollon Smyrnis","Super League 1","Greece",0,FALSE,NA,"Winter",10,9,1,637
"ACSM Politehnica Iasi","Liga 2","Romania","2018","Arrivals","Ștefan Popescu","https://www.transfermarkt.com/stefan-popescu/profil/spieler/129248","Left-Back","25","Romania","Without Club",NA,NA,0,FALSE,NA,"Winter",1,0,0,0
"ACSM Politehnica Iasi","Liga 2","Romania","2018","Arrivals","João Teixeira","https://www.transfermarkt.com/joao-teixeira/profil/spieler/344893","Central Midfield","22","Portugal","Zimbru Chisinau","Super Liga","Moldova",0,FALSE,NA,"Winter",12,10,3,662
"ACSM Politehnica Iasi","Liga 2","Romania","2018","Arrivals","Filipe Nascimento","https://www.transfermarkt.com/filipe-nascimento/profil/spieler/197999","Central Midfield","24","Portugal","Levski Sofia","efbet Liga","Bulgaria",NA,TRUE,"loan transfer","Winter",12,12,1,851
"ACSM Politehnica Iasi","Liga 2","Romania","2018","Arrivals","Florin Gardoș","https://www.transfermarkt.com/florin-gardos/profil/spieler/57423","Centre-Back","30","Romania","CS U Craiova","SuperLiga","Romania",NA,TRUE,"loan transfer","Winter",15,14,1,1102
"ACSM Politehnica Iasi","Liga 2","Romania","2018","Arrivals","Andrei Burlacu","https://www.transfermarkt.com/andrei-burlacu/profil/spieler/415457","Left Winger","21","Romania","CS U Craiova","SuperLiga","Romania",NA,TRUE,"loan transfer","Winter",11,9,0,449
"ACSM Politehnica Iasi","Liga 2","Romania","2018","Arrivals","Rubén Miño","https://www.transfermarkt.com/ruben-mino/profil/spieler/65266","Goalkeeper","29","Spain","Without Club",NA,NA,NA,FALSE,"-","Winter",17,10,0,900
"ACSM Politehnica Iasi","Liga 2","Romania","2018","Arrivals","Teodor Axinte","https://www.transfermarkt.com/teodor-axinte/profil/spieler/470143","Goalkeeper","18","Romania","Poli Iași U18",NA,"Romania",NA,FALSE,"-","Winter",0,0,0,0
"ACSM Politehnica Iasi","Liga 2","Romania","2018","Arrivals","Luwagga William Kizito","https://www.transfermarkt.com/luwagga-william-kizito/profil/spieler/222119","Centre-Forward","25","Uganda","BATE Borisov","Vysheyshaya Liga","Belarus",NA,TRUE,"End of loan Dec 31, 2018","Winter",4,4,0,302
"ACSM Politehnica Iasi","Liga 2","Romania","2018","Departures","Andrei Cristea","https://www.transfermarkt.com/andrei-cristea/profil/spieler/26491","Centre-Forward","34","Romania","CS U Craiova","SuperLiga","Romania",1e+05,FALSE,NA,"Winter",20,20,6,1571
"ACSM Politehnica Iasi","Liga 2","Romania","2018","Departures","Dylan Flores","https://www.transfermarkt.com/dylan-flores/profil/spieler/131250","Attacking Midfield","25","Costa Rica","Sepsi OSK","SuperLiga","Romania",90000,FALSE,NA,"Winter",22,22,7,1765
"ACSM Politehnica Iasi","Liga 2","Romania","2018","Departures","Paul Pârvulescu","https://www.transfermarkt.com/paul-parvulescu/profil/spieler/81494","Left-Back","30","Romania","Ac. Clinceni","Liga 2","Romania",0,FALSE,NA,"Winter",7,4,0,209
"ACSM Politehnica Iasi","Liga 2","Romania","2018","Departures","Martin Mimoun","https://www.transfermarkt.com/martin-mimoun/profil/spieler/221618","Attacking Midfield","26","France","RE Virton","1ste Nationale","Belgium",0,FALSE,NA,"Winter",8,5,0,156
"ACSM Politehnica Iasi","Liga 2","Romania","2018","Departures","Luwagga William Kizito","https://www.transfermarkt.com/luwagga-william-kizito/profil/spieler/222119","Centre-Forward","25","Uganda","Shakhter K.","Premier Liga","Kazakhstan",NA,TRUE,"loan transfer","Winter",4,4,0,302
"ACSM Politehnica Iasi","Liga 2","Romania","2018","Departures","Ștefan Târnovanu","https://www.transfermarkt.com/stefan-tarnovanu/profil/spieler/568544","Goalkeeper","18","Romania","Sportul Snagov","Liga 2","Romania",NA,TRUE,"loan transfer","Winter",4,2,0,180
"ACSM Politehnica Iasi","Liga 2","Romania","2018","Departures","Vlad Danale","https://www.transfermarkt.com/vlad-danale/profil/spieler/476153","Right Winger","20","Romania","Sportul Snagov","Liga 2","Romania",NA,TRUE,"loan transfer","Winter",6,1,0,1
"ACSM Politehnica Iasi","Liga 2","Romania","2018","Departures","Teodor Axinte","https://www.transfermarkt.com/teodor-axinte/profil/spieler/470143","Goalkeeper","18","Romania","Viitorul Tg.Jiu","Liga 2","Romania",NA,TRUE,"loan transfer","Winter",0,0,0,0
"ACSM Politehnica Iasi","Liga 2","Romania","2018","Departures","Cédric Mongongu","https://www.transfermarkt.com/cedric-mongongu/profil/spieler/44417","Centre-Back","29","DR Congo",NA,NA,NA,NA,FALSE,"-","Winter",NA,NA,NA,NA
"ACSM Politehnica Iasi","Liga 2","Romania","2018","Departures","Daudet N'Dongala","https://www.transfermarkt.com/daudet-ndongala/profil/spieler/315532","Right Winger","24","France","Without Club",NA,NA,NA,FALSE,"-","Winter",6,6,0,122
"ACSM Politehnica Iasi","Liga 2","Romania","2018","Departures","Iulian Roșu","https://www.transfermarkt.com/iulian-rosu/profil/spieler/186742","Central Midfield","24","Romania","Without Club",NA,NA,NA,FALSE,"-","Winter",1,0,0,0
"ACSM Politehnica Iasi","Liga 2","Romania","2018","Departures","Lawson Bekui","https://www.transfermarkt.com/lawson-bekui/profil/spieler/432504","Right Winger","24","Ghana","Dhofar Club",NA,"Oman",NA,TRUE,"End of loan Dec 31, 2018","Winter",12,8,1,278
"ACSM Politehnica Iasi","Liga 2","Romania","2018","Departures","George Dwubeng","https://www.transfermarkt.com/george-dwubeng/profil/spieler/579635","Right-Back","19","Ghana","Dreams FC",NA,"Ghana",NA,TRUE,"End of loan Jan 30, 2019","Winter",NA,NA,NA,NA
"FC Botosani","SuperLiga","Romania","2018","Arrivals","Diego Fabbrini","https://www.transfermarkt.com/diego-fabbrini/profil/spieler/56903","Left Winger","28","Italy","Birmingham","Championship","England",0,FALSE,NA,"Summer",32,32,5,2513
"FC Botosani","SuperLiga","Romania","2018","Arrivals","Lossémy Karaboué","https://www.transfermarkt.com/lossemy-karaboue/profil/spieler/60551","Central Midfield","30","Cote d'Ivoire","Valenciennes FC","Ligue 2","France",0,FALSE,NA,"Summer",31,24,0,1503
"FC Botosani","SuperLiga","Romania","2018","Arrivals","Marko Brekalo","https://www.transfermarkt.com/marko-brekalo/profil/spieler/216757","Centre-Forward","25","Croatia","HNK Sibenik","Prva NL","Croatia",0,FALSE,NA,"Summer",10,5,0,100
"FC Botosani","SuperLiga","Romania","2018","Arrivals","Andrei Pițian","https://www.transfermarkt.com/andrei-pitian/profil/spieler/301258","Centre-Back","22","Romania","Astra Giurgiu","SuperLiga","Romania",0,FALSE,NA,"Summer",14,7,0,538
"FC Botosani","SuperLiga","Romania","2018","Arrivals","Enriko Papa","https://www.transfermarkt.com/enriko-papa/profil/spieler/241221","Central Midfield","25","Albania","KS Lushnja",NA,"Albania",0,FALSE,NA,"Summer",39,34,1,1809
"FC Botosani","SuperLiga","Romania","2018","Arrivals","Eduard Florescu","https://www.transfermarkt.com/eduard-florescu/profil/spieler/379194","Attacking Midfield","21","Romania","FCV Farul","SuperLiga","Romania",0,FALSE,NA,"Summer",10,3,0,84
"FC Botosani","SuperLiga","Romania","2018","Arrivals","Martin Fraisl","https://www.transfermarkt.com/martin-fraisl/profil/spieler/277607","Goalkeeper","25","Austria","FAC","2. Liga","Austria",0,FALSE,NA,"Summer",38,16,0,1440
"FC Botosani","SuperLiga","Romania","2018","Arrivals","Andrei Patache","https://www.transfermarkt.com/andrei-patache/profil/spieler/64216","Right-Back","30","Romania","Concordia","SuperLiga","Romania",0,FALSE,NA,"Summer",38,30,0,2541
"FC Botosani","SuperLiga","Romania","2018","Arrivals","Hervin Ongenda","https://www.transfermarkt.com/hervin-ongenda/profil/spieler/182910","Attacking Midfield","23","France","Real Murcia","2ª B - Grupo IV","Spain",NA,FALSE,"?","Summer",39,37,3,2222
"FC Botosani","SuperLiga","Romania","2018","Arrivals","Răzvan Andronic","https://www.transfermarkt.com/razvan-andronic/profil/spieler/568539","Centre-Forward","18","Romania","FC Ardealul",NA,"Romania",NA,FALSE,"?","Summer",1,0,0,0
"FC Botosani","SuperLiga","Romania","2018","Arrivals","Mihai Roman","https://www.transfermarkt.com/mihai-roman/profil/spieler/135566","Centre-Forward","26","Romania","CS U Craiova","SuperLiga","Romania",NA,TRUE,"loan transfer","Summer",38,37,9,2480
"FC Botosani","SuperLiga","Romania","2018","Arrivals","Mihai Roman","https://www.transfermarkt.com/mihai-roman/profil/spieler/135566","Centre-Forward","26","Romania","CS U Craiova","SuperLiga","Romania",NA,TRUE,"loan transfer","Summer",4,4,0,300
"FC Botosani","SuperLiga","Romania","2018","Arrivals","Nikola Trujic","https://www.transfermarkt.com/nikola-trujic/profil/spieler/94348","Centre-Forward","26","Serbia","Without Club",NA,NA,NA,FALSE,"-","Summer",9,7,1,233
"FC Botosani","SuperLiga","Romania","2018","Arrivals","Aristidis Soiledis","https://www.transfermarkt.com/aristidis-soiledis/profil/spieler/63490","Left-Back","27","Greece","Without Club",NA,NA,NA,FALSE,"-","Summer",26,21,0,1808
"FC Botosani","SuperLiga","Romania","2018","Arrivals","Andrei Chindriș","https://www.transfermarkt.com/andrei-chindris/profil/spieler/435731","Centre-Back","19","Romania","Miroslava","Liga 2","Romania",NA,TRUE,"End of loan Jun 30, 2018","Summer",37,12,0,611
"FC Botosani","SuperLiga","Romania","2018","Arrivals","Marian Târșă","https://www.transfermarkt.com/marian-tarsa/profil/spieler/412738","Central Midfield","20","Romania","Ac. Clinceni","Liga 2","Romania",NA,TRUE,"End of loan Jun 30, 2018","Summer",26,10,0,200
"FC Botosani","SuperLiga","Romania","2018","Arrivals","Alexandru Corban","https://www.transfermarkt.com/alexandru-corban/profil/spieler/394539","Right Midfield","20","Romania","Miroslava","Liga 2","Romania",NA,TRUE,"End of loan Jun 30, 2018","Summer",10,3,0,80
"FC Botosani","SuperLiga","Romania","2018","Arrivals","Claudiu Juncănaru","https://www.transfermarkt.com/claudiu-juncanaru/profil/spieler/319736","Right-Back","22","Romania","CSM Roman",NA,"Romania",NA,TRUE,"End of loan Jun 30, 2018","Summer",NA,NA,NA,NA
"FC Botosani","SuperLiga","Romania","2018","Departures","Olimpiu Moruțan","https://www.transfermarkt.com/olimpiu-morutan/profil/spieler/429551","Attacking Midfield","19","Romania","FCSB","SuperLiga","Romania",1200000,FALSE,NA,"Summer",NA,NA,NA,NA
"FC Botosani","SuperLiga","Romania","2018","Departures","Mihai Roman","https://www.transfermarkt.com/mihai-roman/profil/spieler/64229","Right Winger","33","Romania","FCSB","SuperLiga","Romania",4e+05,FALSE,NA,"Summer",38,37,9,2480
"FC Botosani","SuperLiga","Romania","2018","Departures","Mihai Roman","https://www.transfermarkt.com/mihai-roman/profil/spieler/64229","Right Winger","33","Romania","FCSB","SuperLiga","Romania",4e+05,FALSE,NA,"Summer",4,4,0,300
"FC Botosani","SuperLiga","Romania","2018","Departures","Mircea Axente","https://www.transfermarkt.com/mircea-axente/profil/spieler/69558","Centre-Forward","31","Romania","FC Dinamo","SuperLiga","Romania",0,FALSE,NA,"Summer",NA,NA,NA,NA
"FC Botosani","SuperLiga","Romania","2018","Departures","Alberto Cobrea","https://www.transfermarkt.com/alberto-cobrea/profil/spieler/96841","Goalkeeper","27","Romania","ACSM Poli Iasi","SuperLiga","Romania",0,FALSE,NA,"Summer",NA,NA,NA,NA
"FC Botosani","SuperLiga","Romania","2018","Departures","Răzvan Tincu","https://www.transfermarkt.com/razvan-tincu/profil/spieler/48685","Centre-Back","30","Romania","Doxa Katokopias","Cyprus League","Cyprus",0,FALSE,NA,"Summer",NA,NA,NA,NA
"FC Botosani","SuperLiga","Romania","2018","Departures","Lossémy Karaboué","https://www.transfermarkt.com/lossemy-karaboue/profil/spieler/60551","Central Midfield","31","Cote d'Ivoire","Ratchaburi FC","Thai League","Thailand",0,FALSE,NA,"Summer",31,24,0,1503
"FC Botosani","SuperLiga","Romania","2018","Departures","Nicolae Musat","https://www.transfermarkt.com/nicolae-musat/profil/spieler/53196","Left-Back","31","Romania","Daco-Getica","Liga 2","Romania",0,FALSE,NA,"Summer",NA,NA,NA,NA
"FC Botosani","SuperLiga","Romania","2018","Departures","Stelian Cucu","https://www.transfermarkt.com/stelian-cucu/profil/spieler/64140","Defensive Midfield","28","Romania","D. Calarasi","SuperLiga","Romania",0,FALSE,NA,"Summer",NA,NA,NA,NA
"FC Botosani","SuperLiga","Romania","2018","Departures","Tiberiu Serediuc","https://www.transfermarkt.com/tiberiu-serediuc/profil/spieler/192871","Right Midfield","26","Romania","FC Hermannstadt","SuperLiga","Romania",0,FALSE,NA,"Summer",NA,NA,NA,NA
"FC Botosani","SuperLiga","Romania","2018","Departures","Florin Plămadă","https://www.transfermarkt.com/florin-plamada/profil/spieler/241574","Centre-Back","26","Romania","Petrolul","Liga 2","Romania",0,FALSE,NA,"Summer",NA,NA,NA,NA
"FC Botosani","SuperLiga","Romania","2018","Departures","Bojan Golubovic","https://www.transfermarkt.com/bojan-golubovic/profil/spieler/37290","Centre-Forward","34","Serbia","FK Krupa","Premijer Liga BiH","Bosnia-Herzegovina",0,FALSE,NA,"Summer",NA,NA,NA,NA
"FC Botosani","SuperLiga","Romania","2018","Departures","Naif Ahmed Taib Hazazi","https://www.transfermarkt.com/naif-ahmed-taib-hazazi/profil/spieler/93468","Centre-Forward","30","Saudi Arabia","Ohod Club","Saudi Pro League","Saudi Arabia",0,FALSE,NA,"Summer",NA,NA,NA,NA
"FC Botosani","SuperLiga","Romania","2018","Departures","Bogdan Ungurușan","https://www.transfermarkt.com/bogdan-ungurusan/profil/spieler/54751","Right-Back","35","Romania","Sanatatea",NA,"Romania",0,FALSE,NA,"Summer",NA,NA,NA,NA
"FC Botosani","SuperLiga","Romania","2018","Departures","Claudiu Juncănaru","https://www.transfermarkt.com/claudiu-juncanaru/profil/spieler/319736","Right-Back","22","Romania","CSM Roman",NA,"Romania",0,FALSE,NA,"Summer",NA,NA,NA,NA
"FC Botosani","SuperLiga","Romania","2018","Departures","Florin Acsinte","https://www.transfermarkt.com/florin-acsinte/profil/spieler/64090","Left-Back","31","Romania","Without Club",NA,NA,NA,FALSE,"-","Summer",NA,NA,NA,NA
"FC Botosani","SuperLiga","Romania","2018","Departures","Vlad Achim","https://www.transfermarkt.com/vlad-achim/profil/spieler/69402","Defensive Midfield","29","Romania","FCSB","SuperLiga","Romania",NA,TRUE,"End of loan Jun 30, 2018","Summer",NA,NA,NA,NA
"FC Botosani","SuperLiga","Romania","2018","Arrivals","Laurențiu Buș","https://www.transfermarkt.com/laurentiu-bus/profil/spieler/54728","Central Midfield","31","Romania","Astra Giurgiu","SuperLiga","Romania",0,FALSE,NA,"Winter",18,12,1,261
"FC Botosani","SuperLiga","Romania","2018","Arrivals","Iulian Anca-Trip","https://www.transfermarkt.com/iulian-anca-trip/profil/spieler/289400","Goalkeeper","23","Romania","Metaloglobus","Liga 2","Romania",0,FALSE,NA,"Winter",3,0,0,0
"FC Botosani","SuperLiga","Romania","2018","Arrivals","Moussa Diakité","https://www.transfermarkt.com/moussa-diakite/profil/spieler/401994","Central Midfield","20","Mali","Shirak Gyumri","Premier League","Armenia",0,FALSE,NA,"Winter",2,1,0,9
"FC Botosani","SuperLiga","Romania","2018","Arrivals","Adi Chică-Roșă","https://www.transfermarkt.com/adi-chica-rosa/profil/spieler/736722","Centre-Forward","20","Romania","Unknown",NA,NA,0,FALSE,NA,"Winter",NA,NA,NA,NA
"FC Botosani","SuperLiga","Romania","2018","Arrivals","Nikola Trujic","https://www.transfermarkt.com/nikola-trujic/profil/spieler/94348","Centre-Forward","26","Serbia","Without Club",NA,NA,NA,FALSE,"-","Winter",9,7,1,233
"FC Botosani","SuperLiga","Romania","2018","Arrivals","Marcel Holzmann","https://www.transfermarkt.com/marcel-holzmann/profil/spieler/54847","Left-Back","28","Austria","Without Club",NA,NA,NA,FALSE,"-","Winter",11,8,1,550
"FC Botosani","SuperLiga","Romania","2018","Arrivals","Dragos Penescu","https://www.transfermarkt.com/dragos-penescu/profil/spieler/676831","Central Midfield","19","Romania","FC Botosani U18",NA,"Romania",NA,FALSE,"-","Winter",1,1,0,15
"FC Botosani","SuperLiga","Romania","2018","Departures","Nikola Trujic","https://www.transfermarkt.com/nikola-trujic/profil/spieler/94348","Centre-Forward","26","Serbia","Vozdovac","Super liga Srbije","Serbia",0,FALSE,NA,"Winter",9,7,1,233
"FC Botosani","SuperLiga","Romania","2018","Departures","Sebastian Chitosca","https://www.transfermarkt.com/sebastian-chitosca/profil/spieler/192864","Left Midfield","26","Romania","U Cluj","Liga 2","Romania",0,FALSE,NA,"Winter",19,17,2,860
"FC Botosani","SuperLiga","Romania","2018","Departures","Eduard Florescu","https://www.transfermarkt.com/eduard-florescu/profil/spieler/379194","Attacking Midfield","21","Romania","FC Arges","Liga 2","Romania",NA,TRUE,"loan transfer","Winter",10,3,0,84
"FC Botosani","SuperLiga","Romania","2018","Departures","Ianos Brinza","https://www.transfermarkt.com/ianos-brinza/profil/spieler/556245","Goalkeeper","20","Moldova","Petrolul","Liga 2","Romania",NA,TRUE,"loan transfer","Winter",5,2,0,180
"FC Botosani","SuperLiga","Romania","2018","Departures","Marko Brekalo","https://www.transfermarkt.com/marko-brekalo/profil/spieler/216757","Centre-Forward","26","Croatia","Without Club",NA,NA,NA,FALSE,"-","Winter",10,5,0,100
"Gaz Metan Medias (- 2022)",NA,NA,"2018","Arrivals","André Micael","https://www.transfermarkt.com/andre-micael/profil/spieler/158397","Centre-Back","29","Portugal","Moreirense ","Liga Portugal","Portugal",0,FALSE,NA,"Summer",20,12,0,909
"Gaz Metan Medias (- 2022)",NA,NA,"2018","Arrivals","Luís Aurélio","https://www.transfermarkt.com/luis-aurelio/profil/spieler/236748","Central Midfield","29","Portugal","Feirense","Liga Portugal","Portugal",0,FALSE,NA,"Summer",36,36,1,2910
"Gaz Metan Medias (- 2022)",NA,NA,"2018","Arrivals","Boubacar Fofana","https://www.transfermarkt.com/boubacar-fofana/profil/spieler/130964","Defensive Midfield","28","Guinea","Moreirense ","Liga Portugal","Portugal",0,FALSE,NA,"Summer",35,33,2,2873
"Gaz Metan Medias (- 2022)",NA,NA,"2018","Arrivals","Ricardo Batista","https://www.transfermarkt.com/ricardo-batista/profil/spieler/24846","Goalkeeper","31","Angola","C.R.D. Libolo",NA,"Angola",0,FALSE,NA,"Summer",33,2,0,180
"Gaz Metan Medias (- 2022)",NA,NA,"2018","Arrivals","Yazalde","https://www.transfermarkt.com/yazalde/profil/spieler/56014","Centre-Forward","29","Portugal","Belenenses",NA,"Portugal",0,FALSE,NA,"Summer",29,25,6,783
"Gaz Metan Medias (- 2022)",NA,NA,"2018","Arrivals","Antoni Ivanov","https://www.transfermarkt.com/antoni-ivanov/profil/spieler/283287","Central Midfield","22","Bulgaria","Septemvri Sofia","efbet Liga","Bulgaria",0,FALSE,NA,"Summer",34,32,1,2330
"Gaz Metan Medias (- 2022)",NA,NA,"2018","Arrivals","Carlos Fortes","https://www.transfermarkt.com/carlos-fortes/profil/spieler/297467","Centre-Forward","23","Cape Verde","Vizela",NA,"Portugal",0,FALSE,NA,"Summer",20,20,5,1576
"Gaz Metan Medias (- 2022)",NA,NA,"2018","Arrivals","Albert Popa","https://www.transfermarkt.com/albert-popa/profil/spieler/494593","Goalkeeper","20","Romania","FC Brasov",NA,"Romania",NA,FALSE,"?","Summer",0,0,0,0
"Gaz Metan Medias (- 2022)",NA,NA,"2018","Arrivals","Bradley Diallo","https://www.transfermarkt.com/bradley-diallo/profil/spieler/127129","Centre-Back","27","France","Without Club",NA,NA,NA,FALSE,"-","Summer",29,17,0,1276
"Gaz Metan Medias (- 2022)",NA,NA,"2018","Arrivals","Paul Costea","https://www.transfermarkt.com/paul-costea/profil/spieler/599465","Left Midfield","19","Romania","Gaz Metan U19",NA,"Romania",NA,FALSE,"-","Summer",15,6,0,66
"Gaz Metan Medias (- 2022)",NA,NA,"2018","Arrivals","Bogdan Jica","https://www.transfermarkt.com/bogdan-jica/profil/spieler/675045","Centre-Back","18","Romania","Gaz Metan U19",NA,"Romania",NA,FALSE,"-","Summer",2,1,0,120
"Gaz Metan Medias (- 2022)",NA,NA,"2018","Arrivals","Răzvan Trif","https://www.transfermarkt.com/razvan-trif/profil/spieler/395799","Left-Back","20","Romania","Luceafarul","Liga 2","Romania",NA,TRUE,"End of loan Jun 30, 2018","Summer",24,18,1,1021
"Gaz Metan Medias (- 2022)",NA,NA,"2018","Arrivals","Sabin Lupu","https://www.transfermarkt.com/sabin-lupu/profil/spieler/236164","Right Midfield","25","Romania","FC Hermannstadt","Liga 2","Romania",NA,TRUE,"End of loan Jun 30, 2018","Summer",NA,NA,NA,NA
"Gaz Metan Medias (- 2022)",NA,NA,"2018","Arrivals","Mihai Stancu","https://www.transfermarkt.com/mihai-stancu/profil/spieler/252191","Defensive Midfield","22","Romania","FC Hermannstadt","Liga 2","Romania",NA,TRUE,"End of loan Jun 30, 2018","Summer",17,4,0,146
"Gaz Metan Medias (- 2022)",NA,NA,"2018","Departures","Mario Rondón","https://www.transfermarkt.com/mario-rondon/profil/spieler/119272","Centre-Forward","32","Venezuela","CZ Mighty Lions","League One","China",0,FALSE,NA,"Summer",18,18,10,1398
"Gaz Metan Medias (- 2022)",NA,NA,"2018","Departures","Sergiu Popovici","https://www.transfermarkt.com/sergiu-popovici/profil/spieler/217750","Left-Back","25","Romania","FC Dinamo","SuperLiga","Romania",0,FALSE,NA,"Summer",NA,NA,NA,NA
"Gaz Metan Medias (- 2022)",NA,NA,"2018","Departures","Alexandru Greab","https://www.transfermarkt.com/alexandru-greab/profil/spieler/186027","Goalkeeper","26","Romania","Concordia","SuperLiga","Romania",0,FALSE,NA,"Summer",NA,NA,NA,NA
"Gaz Metan Medias (- 2022)",NA,NA,"2018","Departures","Cristian Sîrghi","https://www.transfermarkt.com/cristian-sirghi/profil/spieler/48687","Centre-Back","31","Romania","Flamurtari FC","Kategoria Superiore","Albania",0,FALSE,NA,"Summer",NA,NA,NA,NA
"Gaz Metan Medias (- 2022)",NA,NA,"2018","Departures","Paul Pârvulescu","https://www.transfermarkt.com/paul-parvulescu/profil/spieler/81494","Left-Back","29","Romania","ACSM Poli Iasi","SuperLiga","Romania",0,FALSE,NA,"Summer",NA,NA,NA,NA
"Gaz Metan Medias (- 2022)",NA,NA,"2018","Departures","Sabin Lupu","https://www.transfermarkt.com/sabin-lupu/profil/spieler/236164","Right Midfield","25","Romania","FC U Craiova",NA,"Romania",0,FALSE,NA,"Summer",NA,NA,NA,NA
"Gaz Metan Medias (- 2022)",NA,NA,"2018","Departures","Milan Mitic","https://www.transfermarkt.com/milan-mitic/profil/spieler/209648","Defensive Midfield","34","Serbia","Without Club",NA,NA,0,FALSE,NA,"Summer",NA,NA,NA,NA
"Gaz Metan Medias (- 2022)",NA,NA,"2018","Departures","Edinho Júnior","https://www.transfermarkt.com/edinho-junior/profil/spieler/131140","Centre-Forward","24","Portugal","Ferreiras",NA,"Portugal",0,FALSE,NA,"Summer",NA,NA,NA,NA
"Gaz Metan Medias (- 2022)",NA,NA,"2018","Departures","Alexandros Fioretos","https://www.transfermarkt.com/alexandros-fioretos/profil/spieler/298587","Central Midfield","23","Greece","Torns IF","Ettan Södra","Sweden",0,FALSE,NA,"Summer",NA,NA,NA,NA
"Gaz Metan Medias (- 2022)",NA,NA,"2018","Departures","Raul Ignat","https://www.transfermarkt.com/raul-ignat/profil/spieler/395798","Central Midfield","20","Romania","Unirea Ungheni",NA,"Romania",0,FALSE,NA,"Summer",NA,NA,NA,NA
"Gaz Metan Medias (- 2022)",NA,NA,"2018","Departures","João Diogo","https://www.transfermarkt.com/joao-diogo/profil/spieler/71420","Right-Back","30","Portugal","Without Club",NA,NA,NA,FALSE,"-","Summer",NA,NA,NA,NA
"Gaz Metan Medias (- 2022)",NA,NA,"2018","Departures","Diogo Rosado","https://www.transfermarkt.com/diogo-rosado/profil/spieler/61760","Attacking Midfield","28","Portugal","Without Club",NA,NA,NA,FALSE,"-","Summer",NA,NA,NA,NA
"Gaz Metan Medias (- 2022)",NA,NA,"2018","Departures","Ionuț Neagu","https://www.transfermarkt.com/ionut-neagu/profil/spieler/112942","Defensive Midfield","28","Romania","Without Club",NA,NA,NA,FALSE,"-","Summer",NA,NA,NA,NA
"Gaz Metan Medias (- 2022)",NA,NA,"2018","Departures","Sokratis Fytanidis","https://www.transfermarkt.com/sokratis-fytanidis/profil/spieler/18927","Centre-Back","34","Greece","Without Club",NA,NA,NA,FALSE,"-","Summer",NA,NA,NA,NA
"Gaz Metan Medias (- 2022)",NA,NA,"2018","Departures","Andrei Tîrcoveanu","https://www.transfermarkt.com/andrei-tircoveanu/profil/spieler/271293","Attacking Midfield","21","Romania","FC Dinamo","SuperLiga","Romania",NA,TRUE,"End of loan Jun 30, 2018","Summer",NA,NA,NA,NA
"Gaz Metan Medias (- 2022)",NA,NA,"2018","Departures","Laurentiu Manole","https://www.transfermarkt.com/laurentiu-manole/profil/spieler/398803","Left Winger","21","Romania","FC Dinamo","SuperLiga","Romania",NA,TRUE,"End of loan Jun 30, 2018","Summer",NA,NA,NA,NA
"Gaz Metan Medias (- 2022)",NA,NA,"2018","Arrivals","Ionuț Larie","https://www.transfermarkt.com/ionut-larie/profil/spieler/46582","Centre-Back","32","Romania","Tobol Kostanay","Premier Liga","Kazakhstan",0,FALSE,NA,"Winter",15,13,3,1170
"Gaz Metan Medias (- 2022)",NA,NA,"2018","Arrivals","Mario Rondón","https://www.transfermarkt.com/mario-rondon/profil/spieler/119272","Centre-Forward","32","Venezuela","CZ Mighty Lions","League One","China",0,FALSE,NA,"Winter",18,18,10,1398
"Gaz Metan Medias (- 2022)",NA,NA,"2018","Arrivals","Mite Cikarski","https://www.transfermarkt.com/mite-cikarski/profil/spieler/204642","Left-Back","26","North Macedonia","PAS Giannina","Super League 1","Greece",0,FALSE,NA,"Winter",9,3,0,270
"Gaz Metan Medias (- 2022)",NA,NA,"2018","Arrivals","Pedro Mendes","https://www.transfermarkt.com/pedro-mendes/profil/spieler/352851","Attacking Midfield","25","Portugal","JFK Ventspils","Virsliga","Latvia",0,FALSE,NA,"Winter",5,2,0,27
"Gaz Metan Medias (- 2022)",NA,NA,"2018","Arrivals","Marian Pleasca","https://www.transfermarkt.com/marian-pleasca/profil/spieler/148206","Right-Back","28","Romania","FCSB","SuperLiga","Romania",0,FALSE,NA,"Winter",13,5,0,197
"Gaz Metan Medias (- 2022)",NA,NA,"2018","Arrivals","Sebastian Mailat","https://www.transfermarkt.com/sebastian-mailat/profil/spieler/364697","Left Winger","21","Romania","CFR Cluj","SuperLiga","Romania",NA,TRUE,"loan transfer","Winter",19,18,0,752
"Gaz Metan Medias (- 2022)",NA,NA,"2018","Departures","Carlos Fortes","https://www.transfermarkt.com/carlos-fortes/profil/spieler/297467","Centre-Forward","24","Cape Verde","CS U Craiova","SuperLiga","Romania",2e+05,FALSE,NA,"Winter",20,20,5,1576
"Gaz Metan Medias (- 2022)",NA,NA,"2018","Departures","Iulian Cristea","https://www.transfermarkt.com/iulian-cristea/profil/spieler/331971","Centre-Back","24","Romania","FCSB","SuperLiga","Romania",150000,FALSE,NA,"Winter",24,24,3,2160
"Gaz Metan Medias (- 2022)",NA,NA,"2018","Departures","Alexandru Buziuc","https://www.transfermarkt.com/alexandru-buziuc/profil/spieler/269786","Centre-Forward","24","Romania","Ac. Clinceni","Liga 2","Romania",0,FALSE,NA,"Winter",21,13,0,312
"Gaz Metan Medias (- 2022)",NA,NA,"2018","Departures","Mihai Stancu","https://www.transfermarkt.com/mihai-stancu/profil/spieler/252191","Defensive Midfield","22","Romania","Daco-Getica","Liga 2","Romania",0,FALSE,NA,"Winter",17,4,0,146
"Sepsi OSK Sf. Gheorghe","Liga 2","Romania","2018","Arrivals","Marius Ștefănescu","https://www.transfermarkt.com/marius-stefanescu/profil/spieler/685795","Right Winger","19","Romania","Viitorul Cluj",NA,"Romania",3e+05,FALSE,NA,"Summer",NA,NA,NA,NA
"Sepsi OSK Sf. Gheorghe","Liga 2","Romania","2018","Arrivals","Aleksandr Karnitskiy","https://www.transfermarkt.com/aleksandr-karnitskiy/profil/spieler/253371","Defensive Midfield","29","Belarus","Tosno",NA,"Russia",0,FALSE,NA,"Summer",35,25,1,1607
"Sepsi OSK Sf. Gheorghe","Liga 2","Romania","2018","Arrivals","Gabriel Vașvari","https://www.transfermarkt.com/gabriel-vasvari/profil/spieler/177660","Defensive Midfield","31","Romania","ACS Poli","Liga 2","Romania",0,FALSE,NA,"Summer",35,33,3,2604
"Sepsi OSK Sf. Gheorghe","Liga 2","Romania","2018","Arrivals","Stefan Velev","https://www.transfermarkt.com/stefan-velev/profil/spieler/146179","Defensive Midfield","29","Bulgaria","Slavia Sofia","efbet Liga","Bulgaria",0,FALSE,NA,"Summer",37,36,1,2891
"Sepsi OSK Sf. Gheorghe","Liga 2","Romania","2018","Arrivals","Ivan Covic","https://www.transfermarkt.com/ivan-covic/profil/spieler/76254","Goalkeeper","27","Croatia","Apollon Smyrnis","Super League 1","Greece",0,FALSE,NA,"Summer",NA,NA,NA,NA
"Sepsi OSK Sf. Gheorghe","Liga 2","Romania","2018","Arrivals","Florin Ștefan","https://www.transfermarkt.com/florin-stefan/profil/spieler/320637","Left-Back","22","Romania","Daco-Getica","Liga 2","Romania",0,FALSE,NA,"Summer",37,29,4,1999
"Sepsi OSK Sf. Gheorghe","Liga 2","Romania","2018","Arrivals","Relu Stoian","https://www.transfermarkt.com/relu-stoian/profil/spieler/315468","Goalkeeper","22","Romania","Daco-Getica","Liga 2","Romania",0,FALSE,NA,"Summer",3,0,0,0
"Sepsi OSK Sf. Gheorghe","Liga 2","Romania","2018","Arrivals","Gabriel Moura","https://www.transfermarkt.com/gabriel-moura/profil/spieler/210088","Right-Back","30","Brazil","Gil Vicente",NA,"Portugal",0,FALSE,NA,"Summer",35,35,0,3048
"Sepsi OSK Sf. Gheorghe","Liga 2","Romania","2018","Arrivals","Igor Jovanovic","https://www.transfermarkt.com/igor-jovanovic/profil/spieler/50366","Centre-Back","29","Croatia","FC Lahti","Veikkausliiga","Finland",0,FALSE,NA,"Summer",35,35,1,2967
"Sepsi OSK Sf. Gheorghe","Liga 2","Romania","2018","Arrivals","István Fülöp","https://www.transfermarkt.com/istvan-fulop/profil/spieler/242113","Attacking Midfield","28","Romania","Diósgyőr","NB I.","Hungary",NA,FALSE,"?","Summer",16,15,0,973
"Sepsi OSK Sf. Gheorghe","Liga 2","Romania","2018","Arrivals","Bryan Nouvier","https://www.transfermarkt.com/bryan-nouvier/profil/spieler/344889","Central Midfield","23","France","CFR Cluj","SuperLiga","Romania",NA,TRUE,"loan transfer","Summer",24,22,4,1577
"Sepsi OSK Sf. Gheorghe","Liga 2","Romania","2018","Arrivals","Adrian Rus","https://www.transfermarkt.com/adrian-rus/profil/spieler/421927","Centre-Back","22","Romania","Puskás AFC","NB I.","Hungary",NA,TRUE,"loan transfer","Summer",29,16,1,1294
"Sepsi OSK Sf. Gheorghe","Liga 2","Romania","2018","Arrivals","Dániel Prosser","https://www.transfermarkt.com/daniel-prosser/profil/spieler/148826","Centre-Forward","24","Hungary","Puskás AFC","NB I.","Hungary",NA,TRUE,"loan transfer","Summer",12,3,1,199
"Sepsi OSK Sf. Gheorghe","Liga 2","Romania","2018","Arrivals","Stephan Drăghici","https://www.transfermarkt.com/stephan-draghici/profil/spieler/435706","Right Midfield","20","Romania","CS U Craiova","SuperLiga","Romania",NA,TRUE,"loan transfer","Summer",23,21,0,1309
"Sepsi OSK Sf. Gheorghe","Liga 2","Romania","2018","Arrivals","Gabriel Dodoi","https://www.transfermarkt.com/gabriel-dodoi/profil/spieler/476496","Centre-Forward","19","Romania","CFR Cluj","SuperLiga","Romania",NA,TRUE,"loan transfer","Summer",4,2,0,88
"Sepsi OSK Sf. Gheorghe","Liga 2","Romania","2018","Arrivals","Joseph Mensah","https://www.transfermarkt.com/joseph-mensah/profil/spieler/286000","Right Winger","23","Ghana","Without Club",NA,NA,NA,FALSE,"-","Summer",29,28,3,958
"Sepsi OSK Sf. Gheorghe","Liga 2","Romania","2018","Departures","Daisuke Sato","https://www.transfermarkt.com/daisuke-sato/profil/spieler/316596","Left-Back","24","Philippines","Muangthong Utd.","Thai League","Thailand",0,FALSE,NA,"Summer",32,29,0,2186
"Sepsi OSK Sf. Gheorghe","Liga 2","Romania","2018","Departures","Jure Obsivac","https://www.transfermarkt.com/jure-obsivac/profil/spieler/60062","Centre-Back","28","Croatia","Atyrau","Premier Liga","Kazakhstan",0,FALSE,NA,"Summer",NA,NA,NA,NA
"Sepsi OSK Sf. Gheorghe","Liga 2","Romania","2018","Departures","Sebastian Ghinga","https://www.transfermarkt.com/sebastian-ghinga/profil/spieler/64166","Centre-Back","31","Romania","Petrolul","Liga 2","Romania",0,FALSE,NA,"Summer",NA,NA,NA,NA
"Sepsi OSK Sf. Gheorghe","Liga 2","Romania","2018","Departures","Albert Dalmau","https://www.transfermarkt.com/albert-dalmau/profil/spieler/85309","Right-Back","26","Spain","Lleida CF","2ª B - Grupo III","Spain",0,FALSE,NA,"Summer",NA,NA,NA,NA
"Sepsi OSK Sf. Gheorghe","Liga 2","Romania","2018","Departures","Alex Gorrin","https://www.transfermarkt.com/alex-gorrin/profil/spieler/197825","Central Midfield","24","Spain","Motherwell FC","Premiership","Scotland",0,FALSE,NA,"Summer",NA,NA,NA,NA
"Sepsi OSK Sf. Gheorghe","Liga 2","Romania","2018","Departures","Benjamin Kuku","https://www.transfermarkt.com/benjamin-kuku/profil/spieler/389291","Centre-Forward","23","Nigeria","H. Kfar Saba","Liga Leumit","Israel",0,FALSE,NA,"Summer",NA,NA,NA,NA
"Sepsi OSK Sf. Gheorghe","Liga 2","Romania","2018","Departures","Marius Burlacu","https://www.transfermarkt.com/marius-burlacu/profil/spieler/97523","Right-Back","32","Romania","SR Brasov",NA,"Romania",0,FALSE,NA,"Summer",NA,NA,NA,NA
"Sepsi OSK Sf. Gheorghe","Liga 2","Romania","2018","Departures","Florin Dumbravă","https://www.transfermarkt.com/florin-dumbrava/profil/spieler/262115","Left-Back","23","Romania","ACS Poli","Liga 2","Romania",0,FALSE,NA,"Summer",NA,NA,NA,NA
"Sepsi OSK Sf. Gheorghe","Liga 2","Romania","2018","Departures","Marko Jovanovski","https://www.transfermarkt.com/marko-jovanovski/profil/spieler/69229","Goalkeeper","29","North Macedonia","Makedonija","Prva liga","North Macedonia",0,FALSE,NA,"Summer",NA,NA,NA,NA
"Sepsi OSK Sf. Gheorghe","Liga 2","Romania","2018","Departures","Nick Ross","https://www.transfermarkt.com/nick-ross/profil/spieler/95949","Defensive Midfield","26","Scotland","Without Club",NA,NA,NA,FALSE,"-","Summer",NA,NA,NA,NA
"Sepsi OSK Sf. Gheorghe","Liga 2","Romania","2018","Departures","Alexandru Chirita","https://www.transfermarkt.com/alexandru-chirita/profil/spieler/315446","Attacking Midfield","22","Romania","Without Club",NA,NA,NA,FALSE,"-","Summer",NA,NA,NA,NA
"Sepsi OSK Sf. Gheorghe","Liga 2","Romania","2018","Departures","Filipe Oliveira","https://www.transfermarkt.com/filipe-oliveira/profil/spieler/3178","Right Winger","34","Portugal",NA,NA,NA,NA,FALSE,"-","Summer",NA,NA,NA,NA
"Sepsi OSK Sf. Gheorghe","Liga 2","Romania","2018","Departures","István Fülöp","https://www.transfermarkt.com/istvan-fulop/profil/spieler/242113","Attacking Midfield","28","Romania","Diósgyőr","NB I.","Hungary",NA,TRUE,"End of loan Jun 30, 2018","Summer",16,15,0,973
"Sepsi OSK Sf. Gheorghe","Liga 2","Romania","2018","Departures","Milovan Petrovikj","https://www.transfermarkt.com/milovan-petrovikj/profil/spieler/130455","Defensive Midfield","28","North Macedonia","NK Osijek","SuperSport HNL","Croatia",NA,TRUE,"End of loan Jun 30, 2018","Summer",NA,NA,NA,NA
"Sepsi OSK Sf. Gheorghe","Liga 2","Romania","2018","Departures","Patrick Petre","https://www.transfermarkt.com/patrick-petre/profil/spieler/295885","Right Midfield","21","Romania","FC Dinamo","SuperLiga","Romania",NA,TRUE,"End of loan Jun 30, 2018","Summer",NA,NA,NA,NA
"Sepsi OSK Sf. Gheorghe","Liga 2","Romania","2018","Departures","Constantin Dima","https://www.transfermarkt.com/constantin-dima/profil/spieler/335820","Centre-Back","18","Romania","Dinamo II",NA,"Romania",NA,TRUE,"End of loan Jun 30, 2018","Summer",NA,NA,NA,NA
"Sepsi OSK Sf. Gheorghe","Liga 2","Romania","2018","Arrivals","Dylan Flores","https://www.transfermarkt.com/dylan-flores/profil/spieler/131250","Attacking Midfield","25","Costa Rica","ACSM Poli Iasi","SuperLiga","Romania",90000,FALSE,NA,"Winter",10,10,0,776
"Sepsi OSK Sf. Gheorghe","Liga 2","Romania","2018","Arrivals","Abud Omar","https://www.transfermarkt.com/abud-omar/profil/spieler/272920","Left-Back","26","Kenya","Cercle Brugge","Jupiler Pro League","Belgium",0,FALSE,NA,"Winter",12,9,0,711
"Sepsi OSK Sf. Gheorghe","Liga 2","Romania","2018","Arrivals","Sebastian Rudol","https://www.transfermarkt.com/sebastian-rudol/profil/spieler/220974","Centre-Back","23","Poland","Pogon Szczecin","Ekstraklasa","Poland",0,FALSE,NA,"Winter",16,7,0,477
"Sepsi OSK Sf. Gheorghe","Liga 2","Romania","2018","Arrivals","Nicolae Carnat","https://www.transfermarkt.com/nicolae-carnat/profil/spieler/341140","Right Winger","20","Romania","D. Calarasi","SuperLiga","Romania",0,FALSE,NA,"Winter",9,4,0,154
"Sepsi OSK Sf. Gheorghe","Liga 2","Romania","2018","Arrivals","Călin Popescu","https://www.transfermarkt.com/calin-popescu/profil/spieler/509936","Left Winger","17","Romania","SSU Poli","Liga 2","Romania",0,FALSE,NA,"Winter",8,3,0,35
"Sepsi OSK Sf. Gheorghe","Liga 2","Romania","2018","Arrivals","Andrei Sîntean","https://www.transfermarkt.com/andrei-sintean/profil/spieler/319229","Attacking Midfield","19","Romania","Slavia Prague B","Juniorska liga","Czech Republic",NA,TRUE,"loan transfer","Winter",8,2,0,75
"Sepsi OSK Sf. Gheorghe","Liga 2","Romania","2018","Arrivals","Tudor Călin","https://www.transfermarkt.com/tudor-calin/profil/spieler/666460","Central Midfield","18","Romania","Regensburg U19",NA,"Germany",NA,TRUE,"loan transfer","Winter",NA,NA,NA,NA
"Sepsi OSK Sf. Gheorghe","Liga 2","Romania","2018","Departures","Ivan Covic","https://www.transfermarkt.com/ivan-covic/profil/spieler/76254","Goalkeeper","28","Croatia","HNK Gorica","SuperSport HNL","Croatia",0,FALSE,NA,"Winter",NA,NA,NA,NA
"Sepsi OSK Sf. Gheorghe","Liga 2","Romania","2018","Departures","Ionut Ursu","https://www.transfermarkt.com/ionut-ursu/profil/spieler/209150","Centre-Back","29","Romania","U Cluj","Liga 2","Romania",NA,TRUE,"loan transfer","Winter",13,4,0,188
"Sepsi OSK Sf. Gheorghe","Liga 2","Romania","2018","Departures","Zsombor Veress","https://www.transfermarkt.com/zsombor-veress/profil/spieler/451326","Centre-Forward","19","Romania","KSE Tg.Secuiesc",NA,"Romania",NA,TRUE,"loan transfer","Winter",0,0,0,0
"Sepsi OSK Sf. Gheorghe","Liga 2","Romania","2018","Departures","Tudor Călin","https://www.transfermarkt.com/tudor-calin/profil/spieler/666460","Central Midfield","18","Romania","Luceafarul","Liga 2","Romania",NA,TRUE,"loan transfer","Winter",NA,NA,NA,NA
"Sepsi OSK Sf. Gheorghe","Liga 2","Romania","2018","Departures","Stephan Drăghici","https://www.transfermarkt.com/stephan-draghici/profil/spieler/435706","Right Midfield","21","Romania","CS U Craiova","SuperLiga","Romania",NA,TRUE,"End of loan Feb 20, 2019","Winter",23,21,0,1309
"Sepsi OSK Sf. Gheorghe","Liga 2","Romania","2018","Departures","Dániel Prosser","https://www.transfermarkt.com/daniel-prosser/profil/spieler/148826","Centre-Forward","24","Hungary","Puskás AFC","NB I.","Hungary",NA,TRUE,"End of loan Dec 31, 2018","Winter",12,3,1,199
"FC Voluntari","Liga 2","Romania","2018","Arrivals","Igor Armaş","https://www.transfermarkt.com/igor-armas/profil/spieler/64667","Centre-Back","31","Moldova","Anzhi","Premier Liga","Russia",0,FALSE,NA,"Summer",28,26,3,2269
"FC Voluntari","Liga 2","Romania","2018","Arrivals","Geoffrey Malfleury","https://www.transfermarkt.com/geoffrey-malfleury/profil/spieler/114264","Right Winger","30","Martinique","Alki Oroklini","Cyprus League","Cyprus",0,FALSE,NA,"Summer",13,13,2,583
"FC Voluntari","Liga 2","Romania","2018","Arrivals","Ionuț Balaur","https://www.transfermarkt.com/ionut-balaur/profil/spieler/64103","Centre-Back","29","Romania","D. Calarasi","SuperLiga","Romania",0,FALSE,NA,"Summer",35,33,2,2757
"FC Voluntari","Liga 2","Romania","2018","Arrivals","Alfonso Artabe","https://www.transfermarkt.com/alfonso-artabe/profil/spieler/212595","Centre-Back","29","Spain","Ermis Aradippou","Cyprus League","Cyprus",0,FALSE,NA,"Summer",5,4,0,296
"FC Voluntari","Liga 2","Romania","2018","Arrivals","Gabriel Iancu","https://www.transfermarkt.com/gabriel-iancu/profil/spieler/164254","Centre-Forward","24","Romania","Nieciecza","Betclic 1 Liga","Poland",0,FALSE,NA,"Summer",4,1,0,13
"FC Voluntari","Liga 2","Romania","2018","Arrivals","Alexandru Ciucur","https://www.transfermarkt.com/alexandru-ciucur/profil/spieler/123302","Left Winger","28","Romania","ACS Poli","Liga 2","Romania",0,FALSE,NA,"Summer",17,17,0,730
"FC Voluntari","Liga 2","Romania","2018","Arrivals","Ricardinho","https://www.transfermarkt.com/ricardinho/profil/spieler/337537","Right-Back","24","Portugal","Gil Vicente",NA,"Portugal",0,FALSE,NA,"Summer",33,29,5,2379
"FC Voluntari","Liga 2","Romania","2018","Arrivals","Ivan Zgrablic","https://www.transfermarkt.com/ivan-zgrablic/profil/spieler/113703","Centre-Back","27","Croatia","NK Istra","SuperSport HNL","Croatia",0,FALSE,NA,"Summer",14,10,0,680
"FC Voluntari","Liga 2","Romania","2018","Arrivals","Virgil Drăghia","https://www.transfermarkt.com/virgil-draghia/profil/spieler/122652","Goalkeeper","27","Romania","Daco-Getica","Liga 2","Romania",0,FALSE,NA,"Summer",5,5,0,411
"FC Voluntari","Liga 2","Romania","2018","Arrivals","Walace","https://www.transfermarkt.com/walace/profil/spieler/209099","Centre-Back","28","Brazil","Daco-Getica","Liga 2","Romania",0,FALSE,NA,"Summer",6,6,0,492
"FC Voluntari","Liga 2","Romania","2018","Arrivals","Alexandru Vlad","https://www.transfermarkt.com/alexandru-vlad/profil/spieler/204040","Left-Back","28","Romania","CFR Cluj","SuperLiga","Romania",0,FALSE,NA,"Summer",37,30,1,2589
"FC Voluntari","Liga 2","Romania","2018","Arrivals","Richard Gadze","https://www.transfermarkt.com/richard-gadze/profil/spieler/269128","Centre-Forward","23","Ghana","Zira FC","Premyer Liqa","Azerbaijan",0,FALSE,NA,"Summer",30,29,6,2075
"FC Voluntari","Liga 2","Romania","2018","Arrivals","Cosmin Vâtcă","https://www.transfermarkt.com/cosmin-vatca/profil/spieler/47477","Goalkeeper","36","Romania","CFR Cluj","SuperLiga","Romania",0,FALSE,NA,"Summer",35,28,0,2520
"FC Voluntari","Liga 2","Romania","2018","Arrivals","Abdelhak Belahmeur","https://www.transfermarkt.com/abdelhak-belahmeur/profil/spieler/314868","Left Winger","26","France","US Avranches","Championnat National","France",0,FALSE,NA,"Summer",19,17,2,1087
"FC Voluntari","Liga 2","Romania","2018","Arrivals","Laurentiu Manole","https://www.transfermarkt.com/laurentiu-manole/profil/spieler/398803","Left Winger","21","Romania","FC Dinamo","SuperLiga","Romania",0,FALSE,NA,"Summer",0,0,0,0
"FC Voluntari","Liga 2","Romania","2018","Arrivals","Ion Gheorghe","https://www.transfermarkt.com/ion-gheorghe/profil/spieler/436075","Left Winger","18","Romania","FC Dinamo","SuperLiga","Romania",0,FALSE,NA,"Summer",36,34,0,2844
"FC Voluntari","Liga 2","Romania","2018","Arrivals","Eduard Călin","https://www.transfermarkt.com/eduard-calin/profil/spieler/428591","Central Midfield","21","Romania","Tarxien","Premier League","Malta",0,FALSE,NA,"Summer",NA,NA,NA,NA
"FC Voluntari","Liga 2","Romania","2018","Arrivals","Bogdan Szijj","https://www.transfermarkt.com/bogdan-szijj/profil/spieler/361551","Right Midfield","19","Romania","ACSM Reșița",NA,"Romania",0,FALSE,NA,"Summer",5,3,0,160
"FC Voluntari","Liga 2","Romania","2018","Arrivals","Alexandru Marin","https://www.transfermarkt.com/alexandru-marin/profil/spieler/1012940","Centre-Forward","19","Romania","Unknown",NA,NA,0,FALSE,NA,"Summer",3,0,0,0
"FC Voluntari","Liga 2","Romania","2018","Arrivals","Ivan Sesar","https://www.transfermarkt.com/ivan-sesar/profil/spieler/69445","Defensive Midfield","28","Bosnia-Herzegovina","FC Inter","Veikkausliiga","Finland",NA,FALSE,"?","Summer",10,7,0,477
"FC Voluntari","Liga 2","Romania","2018","Arrivals","Aïssa Laïdouni","https://www.transfermarkt.com/aissa-laidouni/profil/spieler/233782","Central Midfield","21","Tunisia","Angers SCO B","National 3 - Grp. B","France",NA,FALSE,"?","Summer",32,31,6,2622
"FC Voluntari","Liga 2","Romania","2018","Arrivals","Robert Hodorogea","https://www.transfermarkt.com/robert-hodorogea/profil/spieler/289403","Centre-Back","23","Romania","FCV Farul","SuperLiga","Romania",NA,TRUE,"loan transfer","Summer",32,17,1,1247
"FC Voluntari","Liga 2","Romania","2018","Arrivals","Nathan Kabasele","https://www.transfermarkt.com/nathan-kabasele/profil/spieler/110812","Centre-Forward","24","Belgium","Without Club",NA,NA,NA,FALSE,"-","Summer",10,9,1,232
"FC Voluntari","Liga 2","Romania","2018","Arrivals","Dinu Moldovan","https://www.transfermarkt.com/dinu-moldovan/profil/spieler/129501","Goalkeeper","28","Romania","Without Club",NA,NA,NA,FALSE,"-","Summer",6,1,0,90
"FC Voluntari","Liga 2","Romania","2018","Arrivals","Andrei Ionescu","https://www.transfermarkt.com/andrei-ionescu/profil/spieler/48780","Central Midfield","30","Romania","Without Club",NA,NA,NA,FALSE,"-","Summer",1,0,0,0
"FC Voluntari","Liga 2","Romania","2018","Arrivals","George Buliga","https://www.transfermarkt.com/george-buliga/profil/spieler/649787","Centre-Back","20","Romania","Modelu",NA,"Romania",NA,FALSE,"-","Summer",1,0,0,0
"FC Voluntari","Liga 2","Romania","2018","Arrivals","Alexandru Ionuț Stoica","https://www.transfermarkt.com/alexandru-ionut-stoica/profil/spieler/568537","Centre-Forward","18","Romania","Voluntari U18",NA,"Romania",NA,FALSE,"-","Summer",3,1,0,90
"FC Voluntari","Liga 2","Romania","2018","Arrivals","George Gavrilaș","https://www.transfermarkt.com/george-gavrilas/profil/spieler/203089","Goalkeeper","27","Romania","Daco-Getica","SuperLiga","Romania",NA,TRUE,"End of loan Jun 30, 2018","Summer",NA,NA,NA,NA
"FC Voluntari","Liga 2","Romania","2018","Arrivals","Vasile Mihai","https://www.transfermarkt.com/vasile-mihai/profil/spieler/349089","Attacking Midfield","22","Romania","SSU Poli","Liga 2","Romania",NA,TRUE,"End of loan Jun 30, 2018","Summer",0,0,0,0
"FC Voluntari","Liga 2","Romania","2018","Departures","Petre Ivanovici","https://www.transfermarkt.com/petre-ivanovici/profil/spieler/150205","Right Midfield","28","Romania","Concordia","SuperLiga","Romania",0,FALSE,NA,"Summer",NA,NA,NA,NA
"FC Voluntari","Liga 2","Romania","2018","Departures","Daniel Novac","https://www.transfermarkt.com/daniel-novac/profil/spieler/156372","Central Midfield","30","Romania","Chindia","Liga 2","Romania",0,FALSE,NA,"Summer",NA,NA,NA,NA
"FC Voluntari","Liga 2","Romania","2018","Departures","Ionuț Balaur","https://www.transfermarkt.com/ionut-balaur/profil/spieler/64103","Centre-Back","29","Romania","D. Calarasi","SuperLiga","Romania",0,FALSE,NA,"Summer",35,33,2,2757
"FC Voluntari","Liga 2","Romania","2018","Departures","Virgil Drăghia","https://www.transfermarkt.com/virgil-draghia/profil/spieler/122652","Goalkeeper","28","Romania","FC Rapid 1923",NA,"Romania",0,FALSE,NA,"Summer",5,5,0,411
"FC Voluntari","Liga 2","Romania","2018","Departures","Dragoș Balauru","https://www.transfermarkt.com/dragos-balauru/profil/spieler/175972","Goalkeeper","28","Romania","Daco-Getica","Liga 2","Romania",0,FALSE,NA,"Summer",NA,NA,NA,NA
"FC Voluntari","Liga 2","Romania","2018","Departures","Mihai Mincă","https://www.transfermarkt.com/mihai-minca/profil/spieler/35431","Goalkeeper","33","Romania","Kisvárda","NB I.","Hungary",0,FALSE,NA,"Summer",NA,NA,NA,NA
"FC Voluntari","Liga 2","Romania","2018","Departures","Laurențiu Marinescu","https://www.transfermarkt.com/laurentiu-marinescu/profil/spieler/123854","Attacking Midfield","33","Romania","D. Calarasi","SuperLiga","Romania",0,FALSE,NA,"Summer",NA,NA,NA,NA
"FC Voluntari","Liga 2","Romania","2018","Departures","Walace","https://www.transfermarkt.com/walace/profil/spieler/209099","Centre-Back","28","Brazil","D. Calarasi","SuperLiga","Romania",0,FALSE,NA,"Summer",6,6,0,492
"FC Voluntari","Liga 2","Romania","2018","Departures","Lucian Cazan","https://www.transfermarkt.com/lucian-cazan/profil/spieler/64125","Centre-Back","28","Romania","Petrolul","Liga 2","Romania",0,FALSE,NA,"Summer",NA,NA,NA,NA
"FC Voluntari","Liga 2","Romania","2018","Departures","Adrian Voicu","https://www.transfermarkt.com/adrian-voicu/profil/spieler/343948","Left Winger","25","Romania","Daco-Getica","Liga 2","Romania",0,FALSE,NA,"Summer",NA,NA,NA,NA
"FC Voluntari","Liga 2","Romania","2018","Departures","George Gavrilaș","https://www.transfermarkt.com/george-gavrilas/profil/spieler/203089","Goalkeeper","27","Romania","Daco-Getica","Liga 2","Romania",0,FALSE,NA,"Summer",NA,NA,NA,NA
"FC Voluntari","Liga 2","Romania","2018","Departures","Eduard Călin","https://www.transfermarkt.com/eduard-calin/profil/spieler/428591","Central Midfield","21","Romania","Villanovense","2ª B - Grupo IV","Spain",0,FALSE,NA,"Summer",NA,NA,NA,NA
"FC Voluntari","Liga 2","Romania","2018","Departures","Marius Bîrsan","https://www.transfermarkt.com/marius-birsan/profil/spieler/604364","Defender","20","Romania","Metaloglobus","Liga 2","Romania",0,FALSE,NA,"Summer",NA,NA,NA,NA
"FC Voluntari","Liga 2","Romania","2018","Departures","Marius Grigore","https://www.transfermarkt.com/marius-grigore/profil/spieler/608500","Central Midfield","18","Romania","Daco-Getica","Liga 2","Romania",0,FALSE,NA,"Summer",NA,NA,NA,NA
"FC Voluntari","Liga 2","Romania","2018","Departures","Cosmin Achim","https://www.transfermarkt.com/cosmin-achim/profil/spieler/312471","Centre-Back","22","Romania","Viitorul Tg.Jiu","Liga 2","Romania",NA,TRUE,"loan transfer","Summer",3,1,0,21
"FC Voluntari","Liga 2","Romania","2018","Departures","Laurentiu Manole","https://www.transfermarkt.com/laurentiu-manole/profil/spieler/398803","Left Winger","21","Romania","Viitorul Tg.Jiu","Liga 2","Romania",NA,TRUE,"loan transfer","Summer",0,0,0,0
"FC Voluntari","Liga 2","Romania","2018","Departures","Mircea Leasă","https://www.transfermarkt.com/mircea-leasa/profil/spieler/379091","Right-Back","19","Romania","Viitorul Tg.Jiu","Liga 2","Romania",NA,TRUE,"loan transfer","Summer",14,3,0,225
"FC Voluntari","Liga 2","Romania","2018","Departures","Vasile Mihai","https://www.transfermarkt.com/vasile-mihai/profil/spieler/349089","Attacking Midfield","22","Romania","CS Balotesti","Liga 2","Romania",NA,TRUE,"loan transfer","Summer",0,0,0,0
"FC Voluntari","Liga 2","Romania","2018","Departures","Bogdan Szijj","https://www.transfermarkt.com/bogdan-szijj/profil/spieler/361551","Right Midfield","19","Romania","ACSM Reșița",NA,"Romania",NA,TRUE,"loan transfer","Summer",5,3,0,160
"FC Voluntari","Liga 2","Romania","2018","Departures","Alphousseyni Sané","https://www.transfermarkt.com/alphousseyni-sane/profil/spieler/289194","Left-Back","22","France","Metaloglobus","Liga 2","Romania",NA,TRUE,"loan transfer","Summer",NA,NA,NA,NA
"FC Voluntari","Liga 2","Romania","2018","Departures","Alexandru Ionuț Stoica","https://www.transfermarkt.com/alexandru-ionut-stoica/profil/spieler/568537","Centre-Forward","18","Romania","CS Balotesti","Liga 2","Romania",NA,TRUE,"loan transfer","Summer",3,1,0,90
"FC Voluntari","Liga 2","Romania","2018","Departures","Alfonso Artabe","https://www.transfermarkt.com/alfonso-artabe/profil/spieler/212595","Centre-Back","30","Spain","Without Club",NA,NA,NA,FALSE,"-","Summer",5,4,0,296
"FC Voluntari","Liga 2","Romania","2018","Departures","Florin Cernat","https://www.transfermarkt.com/florin-cernat/profil/spieler/3132","Attacking Midfield","38","Romania",NA,NA,NA,NA,FALSE,"-","Summer",NA,NA,NA,NA
"FC Voluntari","Liga 2","Romania","2018","Departures","Lucian Sânmărtean","https://www.transfermarkt.com/lucian-sanmartean/profil/spieler/9733","Central Midfield","38","Romania",NA,NA,NA,NA,FALSE,"-","Summer",NA,NA,NA,NA
"FC Voluntari","Liga 2","Romania","2018","Departures","Daniel Benzar","https://www.transfermarkt.com/daniel-benzar/profil/spieler/382821","Left Winger","20","Romania","FCSB","SuperLiga","Romania",NA,TRUE,"End of loan Jun 30, 2018","Summer",NA,NA,NA,NA
"FC Voluntari","Liga 2","Romania","2018","Departures","Răzvan Horj","https://www.transfermarkt.com/razvan-horj/profil/spieler/422587","Centre-Back","22","Romania","FCV Farul","SuperLiga","Romania",NA,TRUE,"End of loan Jun 30, 2018","Summer",NA,NA,NA,NA
"FC Voluntari","Liga 2","Romania","2018","Departures","Marian Pleasca","https://www.transfermarkt.com/marian-pleasca/profil/spieler/148206","Right-Back","28","Romania","FCSB","SuperLiga","Romania",NA,TRUE,"End of loan Jun 30, 2018","Summer",NA,NA,NA,NA
"FC Voluntari","Liga 2","Romania","2018","Arrivals","Bozhidar Mitrev","https://www.transfermarkt.com/bozhidar-mitrev/profil/spieler/44756","Goalkeeper","31","Bulgaria","Levski Sofia","efbet Liga","Bulgaria",0,FALSE,NA,"Winter",14,7,0,630
"FC Voluntari","Liga 2","Romania","2018","Arrivals","Jetmir Krasniqi","https://www.transfermarkt.com/jetmir-krasniqi/profil/spieler/284691","Right-Back","24","Kosovo","FC Lugano","Super League","Switzerland",NA,TRUE,"loan transfer","Winter",5,2,0,174
"FC Voluntari","Liga 2","Romania","2018","Arrivals","Franco Signorelli","https://www.transfermarkt.com/franco-signorelli/profil/spieler/163690","Defensive Midfield","28","Venezuela","Salernitana","Serie B","Italy",NA,TRUE,"loan transfer","Winter",11,10,0,709
"FC Voluntari","Liga 2","Romania","2018","Arrivals","Adriano Russo","https://www.transfermarkt.com/adriano-russo/profil/spieler/44281","Centre-Back","31","Italy","Without Club",NA,NA,NA,FALSE,"-","Winter",13,6,0,506
"FC Voluntari","Liga 2","Romania","2018","Arrivals","Doru Popadiuc","https://www.transfermarkt.com/doru-popadiuc/profil/spieler/279927","Attacking Midfield","23","Romania","Irtysh","Premier Liga","Kazakhstan",NA,TRUE,"End of loan Dec 31, 2018","Winter",9,7,1,307
"FC Voluntari","Liga 2","Romania","2018","Arrivals","Cosmin Achim","https://www.transfermarkt.com/cosmin-achim/profil/spieler/312471","Centre-Back","23","Romania","Viitorul Tg.Jiu","Liga 2","Romania",NA,TRUE,"End of loan Dec 31, 2018","Winter",3,1,0,21
"FC Voluntari","Liga 2","Romania","2018","Arrivals","Mircea Leasă","https://www.transfermarkt.com/mircea-leasa/profil/spieler/379091","Right-Back","19","Romania","Viitorul Tg.Jiu","Liga 2","Romania",NA,TRUE,"End of loan Dec 31, 2018","Winter",14,3,0,225
"FC Voluntari","Liga 2","Romania","2018","Arrivals","Alphousseyni Sané","https://www.transfermarkt.com/alphousseyni-sane/profil/spieler/289194","Left-Back","22","France","Metaloglobus","Liga 2","Romania",NA,TRUE,"End of loan Dec 30, 2018","Winter",NA,NA,NA,NA
"FC Voluntari","Liga 2","Romania","2018","Arrivals","Laurentiu Manole","https://www.transfermarkt.com/laurentiu-manole/profil/spieler/398803","Left Winger","21","Romania","Viitorul Tg.Jiu","Liga 2","Romania",NA,TRUE,"End of loan Dec 31, 2018","Winter",0,0,0,0
"FC Voluntari","Liga 2","Romania","2018","Arrivals","Vlad Gîsă","https://www.transfermarkt.com/vlad-gisa/profil/spieler/341142","Centre-Back","20","Romania","Chindia","Liga 2","Romania",NA,TRUE,"End of loan Dec 31, 2018","Winter",1,0,0,0
"FC Voluntari","Liga 2","Romania","2018","Departures","Alexandru Ciucur","https://www.transfermarkt.com/alexandru-ciucur/profil/spieler/123302","Left Winger","28","Romania","UTA Arad","Liga 2","Romania",0,FALSE,NA,"Winter",17,17,0,730
"FC Voluntari","Liga 2","Romania","2018","Departures","Gabriel Iancu","https://www.transfermarkt.com/gabriel-iancu/profil/spieler/164254","Centre-Forward","24","Romania","D. Calarasi","SuperLiga","Romania",0,FALSE,NA,"Winter",4,1,0,13
"FC Voluntari","Liga 2","Romania","2018","Departures","Ivan Zgrablic","https://www.transfermarkt.com/ivan-zgrablic/profil/spieler/113703","Centre-Back","27","Croatia","FC Nitra","Niké Liga","Slovakia",0,FALSE,NA,"Winter",14,10,0,680
"FC Voluntari","Liga 2","Romania","2018","Departures","Dinu Moldovan","https://www.transfermarkt.com/dinu-moldovan/profil/spieler/129501","Goalkeeper","28","Romania","ACS Poli","Liga 2","Romania",0,FALSE,NA,"Winter",6,1,0,90
"FC Voluntari","Liga 2","Romania","2018","Departures","Alphousseyni Sané","https://www.transfermarkt.com/alphousseyni-sane/profil/spieler/289194","Left-Back","22","France","Without Club",NA,NA,0,FALSE,NA,"Winter",NA,NA,NA,NA
"FC Voluntari","Liga 2","Romania","2018","Departures","Andrei Ionescu","https://www.transfermarkt.com/andrei-ionescu/profil/spieler/48780","Central Midfield","30","Romania","Metaloglobus","Liga 2","Romania",0,FALSE,NA,"Winter",1,0,0,0
"FC Voluntari","Liga 2","Romania","2018","Departures","Alexandru Marin","https://www.transfermarkt.com/alexandru-marin/profil/spieler/1012940","Centre-Forward","19","Romania","Unknown",NA,NA,0,FALSE,NA,"Winter",3,0,0,0
"FC Voluntari","Liga 2","Romania","2018","Departures","Laurentiu Manole","https://www.transfermarkt.com/laurentiu-manole/profil/spieler/398803","Left Winger","22","Romania","Sportul Snagov","Liga 2","Romania",NA,TRUE,"loan transfer","Winter",0,0,0,0
"FC Voluntari","Liga 2","Romania","2018","Departures","Nathan Kabasele","https://www.transfermarkt.com/nathan-kabasele/profil/spieler/110812","Centre-Forward","24","Belgium","Without Club",NA,NA,NA,FALSE,"-","Winter",10,9,1,232
"FC Voluntari","Liga 2","Romania","2018","Departures","Geoffrey Malfleury","https://www.transfermarkt.com/geoffrey-malfleury/profil/spieler/114264","Right Winger","30","Martinique","Without Club",NA,NA,NA,FALSE,"-","Winter",13,13,2,583
"FC Voluntari","Liga 2","Romania","2018","Departures","Ivan Sesar","https://www.transfermarkt.com/ivan-sesar/profil/spieler/69445","Defensive Midfield","29","Bosnia-Herzegovina","Without Club",NA,NA,NA,FALSE,"-","Winter",10,7,0,477
"FC Voluntari","Liga 2","Romania","2018","Departures","Vlad Gîsă","https://www.transfermarkt.com/vlad-gisa/profil/spieler/341142","Centre-Back","20","Romania","FC Voluntari II",NA,"Romania",NA,FALSE,"-","Winter",1,0,0,0
"Dunarea Calarasi",NA,NA,"2018","Arrivals","Alexandru Munteanu","https://www.transfermarkt.com/alexandru-munteanu/profil/spieler/123307","Right Winger","30","Romania","ACS Poli","Liga 2","Romania",0,FALSE,NA,"Summer",14,13,0,633
"Dunarea Calarasi",NA,NA,"2018","Arrivals","Ionuț Balaur","https://www.transfermarkt.com/ionut-balaur/profil/spieler/64103","Centre-Back","29","Romania","FC Voluntari","SuperLiga","Romania",0,FALSE,NA,"Summer",2,2,0,136
"Dunarea Calarasi",NA,NA,"2018","Arrivals","Cătălin Straton","https://www.transfermarkt.com/catalin-straton/profil/spieler/123251","Goalkeeper","28","Romania","ACS Poli","Liga 2","Romania",0,FALSE,NA,"Summer",35,29,0,2543
"Dunarea Calarasi",NA,NA,"2018","Arrivals","Alexandru Bourceanu","https://www.transfermarkt.com/alexandru-bourceanu/profil/spieler/64118","Defensive Midfield","33","Romania","Arsenal Tula","Premier Liga","Russia",0,FALSE,NA,"Summer",27,24,0,1737
"Dunarea Calarasi",NA,NA,"2018","Arrivals","Laurențiu Marinescu","https://www.transfermarkt.com/laurentiu-marinescu/profil/spieler/123854","Attacking Midfield","33","Romania","FC Voluntari","SuperLiga","Romania",0,FALSE,NA,"Summer",2,1,0,33
"Dunarea Calarasi",NA,NA,"2018","Arrivals","Stelian Cucu","https://www.transfermarkt.com/stelian-cucu/profil/spieler/64140","Defensive Midfield","28","Romania","FC Botosani","SuperLiga","Romania",0,FALSE,NA,"Summer",20,14,0,666
"Dunarea Calarasi",NA,NA,"2018","Arrivals","Walace","https://www.transfermarkt.com/walace/profil/spieler/209099","Centre-Back","28","Brazil","FC Voluntari","SuperLiga","Romania",0,FALSE,NA,"Summer",11,9,0,810
"Dunarea Calarasi",NA,NA,"2018","Arrivals","Filip Gligorov","https://www.transfermarkt.com/filip-gligorov/profil/spieler/193214","Right-Back","24","North Macedonia","Sileks","Prva liga","North Macedonia",0,FALSE,NA,"Summer",28,26,0,2246
"Dunarea Calarasi",NA,NA,"2018","Arrivals","Alin Șeroni","https://www.transfermarkt.com/alin-seroni/profil/spieler/243846","Centre-Back","31","Romania","ACS Poli","Liga 2","Romania",0,FALSE,NA,"Summer",14,9,1,653
"Dunarea Calarasi",NA,NA,"2018","Arrivals","Aitor Monroy","https://www.transfermarkt.com/aitor-monroy/profil/spieler/71986","Central Midfield","30","Spain","FC Dinamo","SuperLiga","Romania",0,FALSE,NA,"Summer",5,4,0,268
"Dunarea Calarasi",NA,NA,"2018","Arrivals","Georgian Honciu","https://www.transfermarkt.com/georgian-honciu/profil/spieler/212754","Central Midfield","29","Romania","Viitorul Tg.Jiu","Liga 2","Romania",0,FALSE,NA,"Summer",36,31,2,2016
"Dunarea Calarasi",NA,NA,"2018","Arrivals","Denis Ispas","https://www.transfermarkt.com/denis-ispas/profil/spieler/228074","Centre-Back","24","Romania","Viitorul Tg.Jiu","Liga 2","Romania",0,FALSE,NA,"Summer",13,13,0,1042
"Dunarea Calarasi",NA,NA,"2018","Arrivals","Hamidou Keyta","https://www.transfermarkt.com/hamidou-keyta/profil/spieler/419293","Left Winger","23","France","FC Chambly Oise","Championnat National","France",0,FALSE,NA,"Summer",27,22,1,863
"Dunarea Calarasi",NA,NA,"2018","Arrivals","Nicolae Carnat","https://www.transfermarkt.com/nicolae-carnat/profil/spieler/341140","Right Winger","20","Romania","Wolves U21","Premier League 2","England",0,FALSE,NA,"Summer",15,10,0,677
"Dunarea Calarasi",NA,NA,"2018","Arrivals","Marc Khalil","https://www.transfermarkt.com/marc-khalil/profil/spieler/787716","Centre-Forward","21","Romania","Astra II",NA,"Romania",0,FALSE,NA,"Summer",3,0,0,0
"Dunarea Calarasi",NA,NA,"2018","Arrivals","Alin Babei","https://www.transfermarkt.com/alin-babei/profil/spieler/604058","Right Winger","20","Romania","KSE Tg.Secuiesc",NA,"Romania",0,FALSE,NA,"Summer",2,1,0,68
"Dunarea Calarasi",NA,NA,"2018","Arrivals","Mediop Ndiaye","https://www.transfermarkt.com/mediop-ndiaye/profil/spieler/515941","Centre-Forward","27","Senegal","Ripensia","Liga 2","Romania",NA,FALSE,"?","Summer",34,31,6,2282
"Dunarea Calarasi",NA,NA,"2018","Arrivals","Gabriel Simion","https://www.transfermarkt.com/gabriel-simion/profil/spieler/447557","Defensive Midfield","20","Romania","FCSB","SuperLiga","Romania",NA,TRUE,"loan transfer","Summer",38,29,0,2097
"Dunarea Calarasi",NA,NA,"2018","Arrivals","Lucian Buzan","https://www.transfermarkt.com/lucian-buzan/profil/spieler/540113","Right Midfield","19","Romania","CS U Craiova","SuperLiga","Romania",NA,TRUE,"loan transfer","Summer",4,3,0,93
"Dunarea Calarasi",NA,NA,"2018","Arrivals","Sacha Clémence","https://www.transfermarkt.com/sacha-clemence/profil/spieler/93681","Centre-Forward","30","France","Without Club",NA,NA,NA,FALSE,"-","Summer",12,9,0,392
"Dunarea Calarasi",NA,NA,"2018","Arrivals","Bogdan Danciu","https://www.transfermarkt.com/bogdan-danciu/profil/spieler/339958","Defensive Midfield","21","Romania","Otelul Galati",NA,"Romania",NA,TRUE,"End of loan Jun 30, 2018","Summer",NA,NA,NA,NA
"Dunarea Calarasi",NA,NA,"2018","Arrivals","Victor Petre","https://www.transfermarkt.com/victor-petre/profil/spieler/394513","Central Midfield","28","Romania","Unknown",NA,NA,NA,TRUE,"End of loan Jun 30, 2018","Summer",NA,NA,NA,NA
"Dunarea Calarasi",NA,NA,"2018","Arrivals","Alexandru Dinca","https://www.transfermarkt.com/alexandru-dinca/profil/spieler/409741","Centre-Forward","19","Romania","Metaloglobus","Liga 2","Romania",NA,TRUE,"End of loan Jun 30, 2018","Summer",0,0,0,0
"Dunarea Calarasi",NA,NA,"2018","Departures","Ionuț Balaur","https://www.transfermarkt.com/ionut-balaur/profil/spieler/64103","Centre-Back","29","Romania","FC Voluntari","SuperLiga","Romania",0,FALSE,NA,"Summer",2,2,0,136
"Dunarea Calarasi",NA,NA,"2018","Departures","Laurențiu Marinescu","https://www.transfermarkt.com/laurentiu-marinescu/profil/spieler/123854","Attacking Midfield","34","Romania","Petrolul","Liga 2","Romania",0,FALSE,NA,"Summer",2,1,0,33
"Dunarea Calarasi",NA,NA,"2018","Departures","Marius Tomozei","https://www.transfermarkt.com/marius-tomozei/profil/spieler/213243","Right-Back","27","Romania","Viitorul Tg.Jiu","Liga 2","Romania",0,FALSE,NA,"Summer",NA,NA,NA,NA
"Dunarea Calarasi",NA,NA,"2018","Departures","Calin Cristea","https://www.transfermarkt.com/calin-cristea/profil/spieler/123284","Central Midfield","30","Romania","Viitorul Tg.Jiu","Liga 2","Romania",0,FALSE,NA,"Summer",NA,NA,NA,NA
"Dunarea Calarasi",NA,NA,"2018","Departures","Ciprian Rus","https://www.transfermarkt.com/ciprian-rus/profil/spieler/397474","Centre-Forward","27","Romania","UTA Arad","Liga 2","Romania",0,FALSE,NA,"Summer",NA,NA,NA,NA
"Dunarea Calarasi",NA,NA,"2018","Departures","Bogdan Danciu","https://www.transfermarkt.com/bogdan-danciu/profil/spieler/339958","Defensive Midfield","21","Romania","FC Buzău",NA,"Romania",0,FALSE,NA,"Summer",NA,NA,NA,NA
"Dunarea Calarasi",NA,NA,"2018","Departures","Florin Muntean","https://www.transfermarkt.com/florin-muntean/profil/spieler/530691","Goalkeeper","21","Romania","Aerostar","Liga 2","Romania",0,FALSE,NA,"Summer",NA,NA,NA,NA
"Dunarea Calarasi",NA,NA,"2018","Departures","Ștefan Mardare","https://www.transfermarkt.com/stefan-mardare/profil/spieler/46586","Centre-Back","30","Romania","ACSM Reșița",NA,"Romania",0,FALSE,NA,"Summer",NA,NA,NA,NA
"Dunarea Calarasi",NA,NA,"2018","Departures","Andrei Puscasu","https://www.transfermarkt.com/andrei-puscasu/profil/spieler/220931","Central Midfield","28","Romania","CS Faurei",NA,"Romania",0,FALSE,NA,"Summer",NA,NA,NA,NA
"Dunarea Calarasi",NA,NA,"2018","Departures","Bogdan Vasile","https://www.transfermarkt.com/bogdan-vasile/profil/spieler/289774","Defensive Midfield","23","Romania","Chindia","Liga 2","Romania",0,FALSE,NA,"Summer",NA,NA,NA,NA
"Dunarea Calarasi",NA,NA,"2018","Departures","Victor Petre","https://www.transfermarkt.com/victor-petre/profil/spieler/394513","Central Midfield","28","Romania","Unknown",NA,NA,0,FALSE,NA,"Summer",NA,NA,NA,NA
"Dunarea Calarasi",NA,NA,"2018","Departures","Alexandru Avram","https://www.transfermarkt.com/alexandru-avram/profil/spieler/69405","Attacking Midfield","27","Romania","SR Brasov",NA,"Romania",0,FALSE,NA,"Summer",NA,NA,NA,NA
"Dunarea Calarasi",NA,NA,"2018","Departures","Aboubacar Gassama","https://www.transfermarkt.com/aboubacar-gassama/profil/spieler/462697","Centre-Back","24","France","Ekenäs IF","Ykkösliiga","Finland",0,FALSE,NA,"Summer",NA,NA,NA,NA
"Dunarea Calarasi",NA,NA,"2018","Departures","Gabriel Toma","https://www.transfermarkt.com/gabriel-toma/profil/spieler/478054","Right Winger","17","Romania","FC Rapid 1923",NA,"Romania",0,FALSE,NA,"Summer",NA,NA,NA,NA
"Dunarea Calarasi",NA,NA,"2018","Departures","Daniel Mihai","https://www.transfermarkt.com/daniel-mihai/profil/spieler/777203","Left-Back","17","Romania","Metalul Buzau",NA,"Romania",0,FALSE,NA,"Summer",NA,NA,NA,NA
"Dunarea Calarasi",NA,NA,"2018","Departures","Gabriel Preoteasa","https://www.transfermarkt.com/gabriel-preoteasa/profil/spieler/394505","Central Midfield","21","Romania","Luceafarul","Liga 2","Romania",NA,TRUE,"loan transfer","Summer",NA,NA,NA,NA
"Dunarea Calarasi",NA,NA,"2018","Departures","Alexandru Dinca","https://www.transfermarkt.com/alexandru-dinca/profil/spieler/409741","Centre-Forward","19","Romania","AFC Turris",NA,"Romania",NA,TRUE,"loan transfer","Summer",0,0,0,0
"Dunarea Calarasi",NA,NA,"2018","Departures","Silviu Matei","https://www.transfermarkt.com/silviu-matei/profil/spieler/394501","Defensive Midfield","23","Romania","Unknown",NA,NA,NA,FALSE,"-","Summer",NA,NA,NA,NA
"Dunarea Calarasi",NA,NA,"2018","Departures","Bogdan Manole","https://www.transfermarkt.com/bogdan-manole/profil/spieler/394494","Centre-Back","21","Romania","Sp. Pitesti",NA,"Romania",NA,TRUE,"End of loan Jun 30, 2018","Summer",NA,NA,NA,NA
"Dunarea Calarasi",NA,NA,"2018","Departures","Paul Iacob","https://www.transfermarkt.com/paul-iacob/profil/spieler/303359","Centre-Back","22","Romania","FCV Farul","SuperLiga","Romania",NA,TRUE,"End of loan Jun 30, 2018","Summer",NA,NA,NA,NA
"Dunarea Calarasi",NA,NA,"2018","Departures","Alexandru Iulian Stoica","https://www.transfermarkt.com/alexandru-iulian-stoica/profil/spieler/271291","Right Winger","21","Romania","FCV Farul","SuperLiga","Romania",NA,TRUE,"End of loan Jun 30, 2018","Summer",NA,NA,NA,NA
"Dunarea Calarasi",NA,NA,"2018","Departures","Cătălin Doman","https://www.transfermarkt.com/catalin-doman/profil/spieler/46536","Attacking Midfield","30","Romania","ACS Poli","Liga 2","Romania",NA,TRUE,"End of loan Jun 30, 2018","Summer",NA,NA,NA,NA
"Dunarea Calarasi",NA,NA,"2018","Departures","Dino Spehar","https://www.transfermarkt.com/dino-spehar/profil/spieler/160381","Centre-Forward","24","Croatia","CFR Cluj","SuperLiga","Romania",NA,TRUE,"End of loan Jun 30, 2018","Summer",NA,NA,NA,NA
"Dunarea Calarasi",NA,NA,"2018","Arrivals","Steliano Filip","https://www.transfermarkt.com/steliano-filip/profil/spieler/181501","Left-Back","24","Romania","Hajduk Split","SuperSport HNL","Croatia",0,FALSE,NA,"Winter",13,8,1,515
"Dunarea Calarasi",NA,NA,"2018","Arrivals","Nicolae Calancea","https://www.transfermarkt.com/nicolae-calancea/profil/spieler/44264","Goalkeeper","32","Moldova","CS U Craiova","SuperLiga","Romania",0,FALSE,NA,"Winter",19,7,0,630
"Dunarea Calarasi",NA,NA,"2018","Arrivals","Najib Ammari","https://www.transfermarkt.com/najib-ammari/profil/spieler/131908","Attacking Midfield","25","Algeria","Spezia Calcio","Serie B","Italy",0,FALSE,NA,"Winter",18,18,4,1581
"Dunarea Calarasi",NA,NA,"2018","Arrivals","Srdjan Luchin","https://www.transfermarkt.com/srdjan-luchin/profil/spieler/58720","Centre-Back","32","Romania","FCV Farul","SuperLiga","Romania",0,FALSE,NA,"Winter",19,19,1,1650
"Dunarea Calarasi",NA,NA,"2018","Arrivals","Gabriel Iancu","https://www.transfermarkt.com/gabriel-iancu/profil/spieler/164254","Centre-Forward","24","Romania","FC Voluntari","SuperLiga","Romania",0,FALSE,NA,"Winter",16,13,2,1047
"Dunarea Calarasi",NA,NA,"2018","Arrivals","Cristian Sîrghi","https://www.transfermarkt.com/cristian-sirghi/profil/spieler/48687","Centre-Back","32","Romania","Flamurtari FC","Kategoria Superiore","Albania",0,FALSE,NA,"Winter",8,5,0,289
"Dunarea Calarasi",NA,NA,"2018","Arrivals","Selim Ben Djemia","https://www.transfermarkt.com/selim-ben-djemia/profil/spieler/119261","Centre-Back","29","Tunisia","Without Club",NA,NA,0,FALSE,NA,"Winter",17,10,0,562
"Dunarea Calarasi",NA,NA,"2018","Arrivals","Junior Mapuku","https://www.transfermarkt.com/junior-mapuku/profil/spieler/213834","Centre-Forward","29","DR Congo","CZ Mighty Lions","League One","China",0,FALSE,NA,"Winter",7,5,0,164
"Dunarea Calarasi",NA,NA,"2018","Arrivals","Abdelhakim Omrani","https://www.transfermarkt.com/abdelhakim-omrani/profil/spieler/105075","Attacking Midfield","27","France","RE Virton","1ste Nationale","Belgium",0,FALSE,NA,"Winter",4,1,0,25
"Dunarea Calarasi",NA,NA,"2018","Arrivals","Aymen Souda","https://www.transfermarkt.com/aymen-souda/profil/spieler/216263","Attacking Midfield","25","France","Karabükspor","1.Lig","Türkiye",0,FALSE,NA,"Winter",20,18,0,1175
"Dunarea Calarasi",NA,NA,"2018","Arrivals","Pelé","https://www.transfermarkt.com/pele/profil/spieler/48930","Central Midfield","31","Portugal","AFC Eskilstuna","Allsvenskan","Sweden",0,FALSE,NA,"Winter",0,0,0,0
"Dunarea Calarasi",NA,NA,"2018","Arrivals","Gabriel Enache","https://www.transfermarkt.com/gabriel-enache/profil/spieler/197652","Right-Back","28","Romania","Partizan","Super liga Srbije","Serbia",NA,TRUE,"loan transfer","Winter",12,12,0,1032
"Dunarea Calarasi",NA,NA,"2018","Arrivals","Daniel Benzar","https://www.transfermarkt.com/daniel-benzar/profil/spieler/382821","Left Winger","21","Romania","FCSB","SuperLiga","Romania",NA,TRUE,"loan transfer","Winter",18,14,1,924
"Dunarea Calarasi",NA,NA,"2018","Arrivals","Ștefan Vlădoiu","https://www.transfermarkt.com/stefan-vladoiu/profil/spieler/451603","Right-Back","20","Romania","CS U Craiova","SuperLiga","Romania",NA,TRUE,"loan transfer","Winter",7,6,0,485
"Dunarea Calarasi",NA,NA,"2018","Arrivals","Ianis Stoica","https://www.transfermarkt.com/ianis-stoica/profil/spieler/547754","Left Winger","16","Romania","FCSB II",NA,"Romania",NA,TRUE,"loan transfer","Winter",10,3,0,122
"Dunarea Calarasi",NA,NA,"2018","Arrivals","Conor Henderson","https://www.transfermarkt.com/conor-henderson/profil/spieler/91330","Central Midfield","27","Ireland","Without Club",NA,NA,NA,FALSE,"-","Winter",17,12,0,562
"Dunarea Calarasi",NA,NA,"2018","Arrivals","Constantin Nica","https://www.transfermarkt.com/constantin-nica/profil/spieler/221815","Right-Back","25","Romania","Atalanta BC","Serie A","Italy",NA,FALSE,"-","Winter",1,0,0,0
"Dunarea Calarasi",NA,NA,"2018","Departures","Baudouin Kanda","https://www.transfermarkt.com/baudouin-kanda/profil/spieler/213592","Centre-Forward","25","Romania","UTA Arad","Liga 2","Romania",0,FALSE,NA,"Winter",19,15,2,1065
"Dunarea Calarasi",NA,NA,"2018","Departures","Cristian Pușcaș","https://www.transfermarkt.com/cristian-puscas/profil/spieler/211016","Defensive Midfield","24","Romania","Petrolul","Liga 2","Romania",0,FALSE,NA,"Winter",13,12,0,980
"Dunarea Calarasi",NA,NA,"2018","Departures","Walace","https://www.transfermarkt.com/walace/profil/spieler/209099","Centre-Back","29","Brazil","Ittihad Alex","Premier League","Egypt",0,FALSE,NA,"Winter",11,9,0,810
"Dunarea Calarasi",NA,NA,"2018","Departures","Denis Ispas","https://www.transfermarkt.com/denis-ispas/profil/spieler/228074","Centre-Back","25","Romania","U. Constanta","Liga 2","Romania",0,FALSE,NA,"Winter",13,13,0,1042
"Dunarea Calarasi",NA,NA,"2018","Departures","Bogdan Șandru","https://www.transfermarkt.com/bogdan-sandru/profil/spieler/337753","Centre-Back","29","Romania","Chindia","Liga 2","Romania",0,FALSE,NA,"Winter",12,8,0,637
"Dunarea Calarasi",NA,NA,"2018","Departures","Alin Șeroni","https://www.transfermarkt.com/alin-seroni/profil/spieler/243846","Centre-Back","31","Romania","UTA Arad","Liga 2","Romania",0,FALSE,NA,"Winter",14,9,1,653
"Dunarea Calarasi",NA,NA,"2018","Departures","Cezar Lungu","https://www.transfermarkt.com/cezar-lungu/profil/spieler/102288","Goalkeeper","30","Romania","Petrolul","Liga 2","Romania",0,FALSE,NA,"Winter",22,7,0,607
"Dunarea Calarasi",NA,NA,"2018","Departures","Nicolae Carnat","https://www.transfermarkt.com/nicolae-carnat/profil/spieler/341140","Right Winger","20","Romania","Sepsi OSK","SuperLiga","Romania",0,FALSE,NA,"Winter",15,10,0,677
"Dunarea Calarasi",NA,NA,"2018","Departures","Aitor Monroy","https://www.transfermarkt.com/aitor-monroy/profil/spieler/71986","Central Midfield","31","Spain","Inter de Madrid","2ª B - Grupo I","Spain",0,FALSE,NA,"Winter",5,4,0,268
"Dunarea Calarasi",NA,NA,"2018","Departures","Gaëtan Missi Mezu","https://www.transfermarkt.com/gaetan-missi-mezu/profil/spieler/407014","Centre-Forward","22","Gabon","Arsenal Kyiv","Premier Liga","Ukraine",0,FALSE,NA,"Winter",6,6,0,334
"Dunarea Calarasi",NA,NA,"2018","Departures","Marian Drăghiceanu","https://www.transfermarkt.com/marian-draghiceanu/profil/spieler/319212","Attacking Midfield","19","Romania","FC Rapid 1923",NA,"Romania",0,FALSE,NA,"Winter",3,3,0,155
"Dunarea Calarasi",NA,NA,"2018","Departures","Alin Babei","https://www.transfermarkt.com/alin-babei/profil/spieler/604058","Right Winger","21","Romania","ACSM Reșița",NA,"Romania",0,FALSE,NA,"Winter",2,1,0,68
"Dunarea Calarasi",NA,NA,"2018","Departures","Valentin Alexandru","https://www.transfermarkt.com/valentin-alexandru/profil/spieler/156800","Centre-Forward","27","Romania","Chindia","Liga 2","Romania",NA,TRUE,"loan transfer","Winter",18,10,2,580
"Dunarea Calarasi",NA,NA,"2018","Departures","Ionut Tenea","https://www.transfermarkt.com/ionut-tenea/profil/spieler/396862","Right-Back","22","Romania","Aerostar","Liga 2","Romania",NA,TRUE,"loan transfer","Winter",5,5,0,450
"Dunarea Calarasi",NA,NA,"2018","Departures","Alexandru Dinca","https://www.transfermarkt.com/alexandru-dinca/profil/spieler/409741","Centre-Forward","20","Romania","FC Buzău",NA,"Romania",NA,TRUE,"loan transfer","Winter",0,0,0,0
"Dunarea Calarasi",NA,NA,"2018","Departures","Sacha Clémence","https://www.transfermarkt.com/sacha-clemence/profil/spieler/93681","Centre-Forward","30","France","Without Club",NA,NA,NA,FALSE,"-","Winter",12,9,0,392
"Dunarea Calarasi",NA,NA,"2018","Departures","Silviu Pană","https://www.transfermarkt.com/silviu-pana/profil/spieler/199686","Central Midfield","27","Romania","Without Club",NA,NA,NA,FALSE,"-","Winter",13,11,1,833
"Dunarea Calarasi",NA,NA,"2018","Departures","Pelé","https://www.transfermarkt.com/pele/profil/spieler/48930","Central Midfield","31","Portugal",NA,NA,NA,NA,FALSE,"-","Winter",0,0,0,0
"Dunarea Calarasi",NA,NA,"2018","Departures","Lucian Buzan","https://www.transfermarkt.com/lucian-buzan/profil/spieler/540113","Right Midfield","19","Romania","CS U Craiova","SuperLiga","Romania",NA,TRUE,"End of loan Dec 31, 2018","Winter",4,3,0,93
"FC Hermannstadt","SuperLiga","Romania","2018","Arrivals","Bruno Chalkiadakis","https://www.transfermarkt.com/bruno-chalkiadakis/profil/spieler/191257","Attacking Midfield","25","Greece","PAS Giannina","Super League 1","Greece",0,FALSE,NA,"Summer",9,8,0,566
"FC Hermannstadt","SuperLiga","Romania","2018","Arrivals","Jordan N'Kololo","https://www.transfermarkt.com/jordan-nkololo/profil/spieler/228434","Second Striker","25","DR Congo","SM Caen","Ligue 1","France",0,FALSE,NA,"Summer",18,17,2,883
"FC Hermannstadt","SuperLiga","Romania","2018","Arrivals","Alexandru Dandea","https://www.transfermarkt.com/alexandru-dandea/profil/spieler/213287","Centre-Back","30","Romania","Astra Giurgiu","SuperLiga","Romania",0,FALSE,NA,"Summer",38,36,1,3233
"FC Hermannstadt","SuperLiga","Romania","2018","Arrivals","Nemanja Mijuskovic","https://www.transfermarkt.com/nemanja-mijuskovic/profil/spieler/144695","Centre-Back","26","Montenegro","Tosno",NA,"Russia",0,FALSE,NA,"Summer",33,32,0,2319
"FC Hermannstadt","SuperLiga","Romania","2018","Arrivals","Juvhel Tsoumou","https://www.transfermarkt.com/juvhel-tsoumou/profil/spieler/42485","Centre-Forward","27","Congo","Ermis Aradippou","Cyprus League","Cyprus",0,FALSE,NA,"Summer",42,41,9,2620
"FC Hermannstadt","SuperLiga","Romania","2018","Arrivals","Biel Company","https://www.transfermarkt.com/biel-company/profil/spieler/210140","Right-Back","26","Spain","Pafos FC","Cyprus League","Cyprus",0,FALSE,NA,"Summer",17,15,0,1170
"FC Hermannstadt","SuperLiga","Romania","2018","Arrivals","Tiberiu Serediuc","https://www.transfermarkt.com/tiberiu-serediuc/profil/spieler/192871","Right Midfield","26","Romania","FC Botosani","SuperLiga","Romania",0,FALSE,NA,"Summer",24,19,0,1233
"FC Hermannstadt","SuperLiga","Romania","2018","Arrivals","Răzvan Began","https://www.transfermarkt.com/razvan-began/profil/spieler/333376","Goalkeeper","21","Romania","Foresta Suceava",NA,"Romania",0,FALSE,NA,"Summer",7,0,0,0
"FC Hermannstadt","SuperLiga","Romania","2018","Arrivals","Luis Alí","https://www.transfermarkt.com/luis-ali/profil/spieler/248939","Right Winger","24","Bolivia","Ponte Preta","Série B","Brazil",0,FALSE,NA,"Summer",7,5,0,97
"FC Hermannstadt","SuperLiga","Romania","2018","Arrivals","Andrei Stanciu","https://www.transfermarkt.com/andrei-stanciu/profil/spieler/1005261","Right-Back","17","Romania","FC Avrig",NA,"Romania",0,FALSE,NA,"Summer",NA,NA,NA,NA
"FC Hermannstadt","SuperLiga","Romania","2018","Arrivals","Ilja Antonov","https://www.transfermarkt.com/ilja-antonov/profil/spieler/147172","Defensive Midfield","25","Estonia","Rudar Velenje","Prva Liga","Slovenia",NA,FALSE,"?","Summer",32,20,0,1426
"FC Hermannstadt","SuperLiga","Romania","2018","Arrivals","Toma Niga","https://www.transfermarkt.com/toma-niga/profil/spieler/276907","Goalkeeper","20","Romania","FCSB","SuperLiga","Romania",NA,TRUE,"loan transfer","Summer",36,4,0,360
"FC Hermannstadt","SuperLiga","Romania","2018","Arrivals","Kuca","https://www.transfermarkt.com/kuca/profil/spieler/167216","Left Winger","29","Cape Verde","Without Club",NA,NA,NA,FALSE,"-","Summer",4,1,1,8
"FC Hermannstadt","SuperLiga","Romania","2018","Arrivals","Pedro Moreira","https://www.transfermarkt.com/pedro-moreira/profil/spieler/64371","Central Midfield","29","Portugal","Without Club",NA,NA,NA,FALSE,"-","Summer",14,12,0,484
"FC Hermannstadt","SuperLiga","Romania","2018","Arrivals","Florin Acsinte","https://www.transfermarkt.com/florin-acsinte/profil/spieler/64090","Left-Back","31","Romania","Without Club",NA,NA,NA,FALSE,"-","Summer",21,9,0,269
"FC Hermannstadt","SuperLiga","Romania","2018","Arrivals","Besart Abdurahimi","https://www.transfermarkt.com/besart-abdurahimi/profil/spieler/69401","Right Winger","28","North Macedonia","Without Club",NA,NA,NA,FALSE,"-","Summer",7,5,0,167
"FC Hermannstadt","SuperLiga","Romania","2018","Arrivals","Daniel Unguru","https://www.transfermarkt.com/daniel-unguru/profil/spieler/203095","Central Midfield","24","Romania","Ighiu ",NA,"Romania",NA,TRUE,"End of loan Jun 30, 2018","Summer",NA,NA,NA,NA
"FC Hermannstadt","SuperLiga","Romania","2018","Arrivals","Radu Necsulescu","https://www.transfermarkt.com/radu-necsulescu/profil/spieler/524155","Attacking Midfield","27","Romania","Otelul Galati",NA,"Romania",NA,TRUE,"End of loan Jun 30, 2018","Summer",NA,NA,NA,NA
"FC Hermannstadt","SuperLiga","Romania","2018","Arrivals","Andrei Marginean","https://www.transfermarkt.com/andrei-marginean/profil/spieler/524153","Left-Back","25","Romania","Ighiu ",NA,"Romania",NA,TRUE,"End of loan Jun 30, 2018","Summer",NA,NA,NA,NA
"FC Hermannstadt","SuperLiga","Romania","2018","Arrivals","Marius Zavoi","https://www.transfermarkt.com/marius-zavoi/profil/spieler/168291","Goalkeeper","32","Romania","Ighiu ",NA,"Romania",NA,TRUE,"End of loan Jun 30, 2018","Summer",NA,NA,NA,NA
"FC Hermannstadt","SuperLiga","Romania","2018","Arrivals","Paul Medesan","https://www.transfermarkt.com/paul-medesan/profil/spieler/524152","Left-Back","24","Romania","Ighiu ",NA,"Romania",NA,TRUE,"End of loan Feb 1, 2018","Summer",NA,NA,NA,NA
"FC Hermannstadt","SuperLiga","Romania","2018","Departures","Cosmin Neagu","https://www.transfermarkt.com/cosmin-neagu/profil/spieler/208812","Centre-Forward","26","Romania","Viitorul Tg.Jiu","Liga 2","Romania",0,FALSE,NA,"Summer",NA,NA,NA,NA
"FC Hermannstadt","SuperLiga","Romania","2018","Departures","Cristian Danci","https://www.transfermarkt.com/cristian-danci/profil/spieler/208684","Central Midfield","29","Romania","Petrolul","Liga 2","Romania",0,FALSE,NA,"Summer",NA,NA,NA,NA
"FC Hermannstadt","SuperLiga","Romania","2018","Departures","Daniel Unguru","https://www.transfermarkt.com/daniel-unguru/profil/spieler/203095","Central Midfield","24","Romania","ACSO Filiasi",NA,"Romania",0,FALSE,NA,"Summer",NA,NA,NA,NA
"FC Hermannstadt","SuperLiga","Romania","2018","Departures","Alexandru Coman","https://www.transfermarkt.com/alexandru-coman/profil/spieler/143229","Centre-Back","26","Romania","U Cluj","Liga 2","Romania",0,FALSE,NA,"Summer",7,7,0,630
"FC Hermannstadt","SuperLiga","Romania","2018","Departures","Olivian Surugiu","https://www.transfermarkt.com/olivian-surugiu/profil/spieler/184434","Right Midfield","28","Romania","FC U Craiova",NA,"Romania",0,FALSE,NA,"Summer",NA,NA,NA,NA
"FC Hermannstadt","SuperLiga","Romania","2018","Departures","George Monea","https://www.transfermarkt.com/george-monea/profil/spieler/397493","Right-Back","21","Romania","Ripensia","Liga 2","Romania",0,FALSE,NA,"Summer",NA,NA,NA,NA
"FC Hermannstadt","SuperLiga","Romania","2018","Departures","Marius Zavoi","https://www.transfermarkt.com/marius-zavoi/profil/spieler/168291","Goalkeeper","32","Romania","Magura Cisnadie",NA,"Romania",0,FALSE,NA,"Summer",NA,NA,NA,NA
"FC Hermannstadt","SuperLiga","Romania","2018","Departures","Marius Cătinean","https://www.transfermarkt.com/marius-catinean/profil/spieler/842355","Defensive Midfield","21","Romania","Unirea Dej",NA,"Romania",0,FALSE,NA,"Summer",NA,NA,NA,NA
"FC Hermannstadt","SuperLiga","Romania","2018","Departures","Catalin Tarcea","https://www.transfermarkt.com/catalin-tarcea/profil/spieler/396877","Central Midfield","21","Romania","Without Club",NA,NA,NA,FALSE,"-","Summer",NA,NA,NA,NA
"FC Hermannstadt","SuperLiga","Romania","2018","Departures","Andrei Marginean","https://www.transfermarkt.com/andrei-marginean/profil/spieler/524153","Left-Back","26","Romania","Hermannstadt II",NA,"Romania",NA,FALSE,"-","Summer",NA,NA,NA,NA
"FC Hermannstadt","SuperLiga","Romania","2018","Departures","Iulian Popa","https://www.transfermarkt.com/iulian-popa/profil/spieler/168281","Left Winger","33","Romania",NA,NA,NA,NA,FALSE,"-","Summer",NA,NA,NA,NA
"FC Hermannstadt","SuperLiga","Romania","2018","Departures","Radu Crișan","https://www.transfermarkt.com/radu-crisan/profil/spieler/339954","Centre-Back","22","Romania","Astra Giurgiu","SuperLiga","Romania",NA,TRUE,"End of loan Jun 30, 2018","Summer",NA,NA,NA,NA
"FC Hermannstadt","SuperLiga","Romania","2018","Departures","Robert Boboc","https://www.transfermarkt.com/robert-boboc/profil/spieler/244542","Defensive Midfield","23","Romania","Astra Giurgiu","SuperLiga","Romania",NA,TRUE,"End of loan Jun 30, 2018","Summer",NA,NA,NA,NA
"FC Hermannstadt","SuperLiga","Romania","2018","Departures","Toma Niga","https://www.transfermarkt.com/toma-niga/profil/spieler/276907","Goalkeeper","20","Romania","FCSB","SuperLiga","Romania",NA,TRUE,"End of loan Jun 30, 2018","Summer",36,4,0,360
"FC Hermannstadt","SuperLiga","Romania","2018","Departures","Sabin Lupu","https://www.transfermarkt.com/sabin-lupu/profil/spieler/236164","Right Midfield","25","Romania","Gaz Metan","SuperLiga","Romania",NA,TRUE,"End of loan Jun 30, 2018","Summer",NA,NA,NA,NA
"FC Hermannstadt","SuperLiga","Romania","2018","Departures","Mihai Stancu","https://www.transfermarkt.com/mihai-stancu/profil/spieler/252191","Defensive Midfield","22","Romania","Gaz Metan","SuperLiga","Romania",NA,TRUE,"End of loan Jun 30, 2018","Summer",NA,NA,NA,NA
"FC Hermannstadt","SuperLiga","Romania","2018","Arrivals","Daniel Offenbacher","https://www.transfermarkt.com/daniel-offenbacher/profil/spieler/83505","Central Midfield","26","Austria","Sūduva","A Lyga","Lithuania",25000,FALSE,NA,"Winter",19,14,0,863
"FC Hermannstadt","SuperLiga","Romania","2018","Arrivals","Ivan Lendric","https://www.transfermarkt.com/ivan-lendric/profil/spieler/133822","Centre-Forward","27","Croatia","NK Olimpija","Prva Liga","Slovenia",0,FALSE,NA,"Winter",18,13,2,581
"FC Hermannstadt","SuperLiga","Romania","2018","Arrivals","Alexandru Mățel","https://www.transfermarkt.com/alexandru-matel/profil/spieler/48767","Right-Back","29","Romania","Dinamo Zagreb","SuperSport HNL","Croatia",0,FALSE,NA,"Winter",19,18,0,1550
"FC Hermannstadt","SuperLiga","Romania","2018","Arrivals","Matias Roskopf","https://www.transfermarkt.com/matias-roskopf/profil/spieler/401570","Centre-Forward","21","Argentina","Boca Juniors II",NA,"Argentina",0,FALSE,NA,"Winter",0,0,0,0
"FC Hermannstadt","SuperLiga","Romania","2018","Arrivals","Sergiu Popovici","https://www.transfermarkt.com/sergiu-popovici/profil/spieler/217750","Left-Back","25","Romania","FC Dinamo","SuperLiga","Romania",0,FALSE,NA,"Winter",15,15,1,805
"FC Hermannstadt","SuperLiga","Romania","2018","Arrivals","Cristian Bud","https://www.transfermarkt.com/cristian-bud/profil/spieler/104211","Centre-Forward","33","Romania","Yverdon Sport","Promotion League","Switzerland",0,FALSE,NA,"Winter",NA,NA,NA,NA
"FC Hermannstadt","SuperLiga","Romania","2018","Arrivals","Filip Jazvic","https://www.transfermarkt.com/filip-jazvic/profil/spieler/145249","Centre-Forward","28","Croatia","Zeljeznicar","Premijer Liga BiH","Bosnia-Herzegovina",0,FALSE,NA,"Winter",21,18,2,1121
"FC Hermannstadt","SuperLiga","Romania","2018","Arrivals","Ruben Sumanariu","https://www.transfermarkt.com/ruben-sumanariu/profil/spieler/568613","Attacking Midfield","19","Romania","Without Club",NA,NA,0,FALSE,NA,"Winter",4,0,0,0
"FC Hermannstadt","SuperLiga","Romania","2018","Arrivals","Loren Nita","https://www.transfermarkt.com/loren-nita/profil/spieler/547808","Central Midfield","17","Romania","Interstar Sibiu",NA,"Romania",0,FALSE,NA,"Winter",8,0,0,0
"FC Hermannstadt","SuperLiga","Romania","2018","Arrivals","Kuca","https://www.transfermarkt.com/kuca/profil/spieler/167216","Left Winger","29","Cape Verde","Without Club",NA,NA,NA,FALSE,"-","Winter",4,1,1,8
"FC Hermannstadt","SuperLiga","Romania","2018","Arrivals","Pedro Moreira","https://www.transfermarkt.com/pedro-moreira/profil/spieler/64371","Central Midfield","29","Portugal","Without Club",NA,NA,NA,FALSE,"-","Winter",14,12,0,484
"FC Hermannstadt","SuperLiga","Romania","2018","Arrivals","Florin Acsinte","https://www.transfermarkt.com/florin-acsinte/profil/spieler/64090","Left-Back","31","Romania","Without Club",NA,NA,NA,FALSE,"-","Winter",21,9,0,269
"FC Hermannstadt","SuperLiga","Romania","2018","Departures","Cristian Bud","https://www.transfermarkt.com/cristian-bud/profil/spieler/104211","Centre-Forward","33","Romania","CFR Cluj","SuperLiga","Romania",20000,FALSE,NA,"Winter",NA,NA,NA,NA
"FC Hermannstadt","SuperLiga","Romania","2018","Departures","Jordan N'Kololo","https://www.transfermarkt.com/jordan-nkololo/profil/spieler/228434","Second Striker","26","DR Congo","NK Istra","SuperSport HNL","Croatia",0,FALSE,NA,"Winter",18,17,2,883
"FC Hermannstadt","SuperLiga","Romania","2018","Departures","Andrei Hergheligiu","https://www.transfermarkt.com/andrei-hergheligiu/profil/spieler/208799","Left Winger","26","Romania","CS Mioveni","Liga 2","Romania",0,FALSE,NA,"Winter",14,6,0,246
"FC Hermannstadt","SuperLiga","Romania","2018","Departures","Răzvan Began","https://www.transfermarkt.com/razvan-began/profil/spieler/333376","Goalkeeper","22","Romania","ACS Poli","Liga 2","Romania",0,FALSE,NA,"Winter",7,0,0,0
"FC Hermannstadt","SuperLiga","Romania","2018","Departures","Luis Alí","https://www.transfermarkt.com/luis-ali/profil/spieler/248939","Right Winger","24","Bolivia","Bolívar","División Profesional","Bolivia",0,FALSE,NA,"Winter",7,5,0,97
"FC Hermannstadt","SuperLiga","Romania","2018","Departures","Robert Bratu","https://www.transfermarkt.com/robert-bratu/profil/spieler/397466","Centre-Back","21","Romania","Pandurii ","Liga 2","Romania",0,FALSE,NA,"Winter",NA,NA,NA,NA
"FC Hermannstadt","SuperLiga","Romania","2018","Departures","Daniel Chifu","https://www.transfermarkt.com/daniel-chifu/profil/spieler/412643","Right Midfield","19","Romania","Kazincbarcika","NB II.","Hungary",0,FALSE,NA,"Winter",NA,NA,NA,NA
"FC Hermannstadt","SuperLiga","Romania","2018","Departures","Andrei Pop","https://www.transfermarkt.com/andrei-pop/profil/spieler/842363","Centre-Forward","21","Romania","Unirea Dej",NA,"Romania",0,FALSE,NA,"Winter",NA,NA,NA,NA
"FC Hermannstadt","SuperLiga","Romania","2018","Departures","Kuca","https://www.transfermarkt.com/kuca/profil/spieler/167216","Left Winger","29","Cape Verde","Feirense","Liga Portugal","Portugal",NA,FALSE,"?","Winter",4,1,1,8
"FC Hermannstadt","SuperLiga","Romania","2018","Departures","Bogdan Rusu","https://www.transfermarkt.com/bogdan-rusu/profil/spieler/180015","Centre-Forward","28","Romania","Petrolul","Liga 2","Romania",NA,TRUE,"loan transfer","Winter",19,17,0,709
"FC Hermannstadt","SuperLiga","Romania","2018","Departures","Radu Criștiu","https://www.transfermarkt.com/radu-cristiu/profil/spieler/524154","Left-Back","20","Romania","FC U Craiova",NA,"Romania",NA,TRUE,"loan transfer","Winter",0,0,0,0
"FC Hermannstadt","SuperLiga","Romania","2018","Departures","Bruno Chalkiadakis","https://www.transfermarkt.com/bruno-chalkiadakis/profil/spieler/191257","Attacking Midfield","25","Greece","Without Club",NA,NA,NA,FALSE,"-","Winter",9,8,0,566
"Concordia Chiajna","Liga 2","Romania","2018","Arrivals","Adrian Ropotan","https://www.transfermarkt.com/adrian-ropotan/profil/spieler/44432","Central Midfield","32","Romania","Hatta Club",NA,"United Arab Emirates",0,FALSE,NA,"Summer",22,19,2,1456
"Concordia Chiajna","Liga 2","Romania","2018","Arrivals","Petre Ivanovici","https://www.transfermarkt.com/petre-ivanovici/profil/spieler/150205","Right Midfield","28","Romania","FC Voluntari","SuperLiga","Romania",0,FALSE,NA,"Summer",38,31,1,1948
"Concordia Chiajna","Liga 2","Romania","2018","Arrivals","Gabriel Matei","https://www.transfermarkt.com/gabriel-matei/profil/spieler/131882","Right-Back","28","Romania","Nieciecza","Betclic 1 Liga","Poland",0,FALSE,NA,"Summer",15,15,0,1236
"Concordia Chiajna","Liga 2","Romania","2018","Arrivals","Alexandru Greab","https://www.transfermarkt.com/alexandru-greab/profil/spieler/186027","Goalkeeper","26","Romania","Gaz Metan","SuperLiga","Romania",0,FALSE,NA,"Summer",20,12,0,1035
"Concordia Chiajna","Liga 2","Romania","2018","Arrivals","Nicolás Gorobsov","https://www.transfermarkt.com/nicolas-gorobsov/profil/spieler/75611","Defensive Midfield","28","Argentina","Miami United",NA,"United States",0,FALSE,NA,"Summer",38,36,4,3117
"Concordia Chiajna","Liga 2","Romania","2018","Arrivals","Mihai Leca","https://www.transfermarkt.com/mihai-leca/profil/spieler/234286","Centre-Back","26","Romania","Daco-Getica","Liga 2","Romania",0,FALSE,NA,"Summer",21,16,1,1310
"Concordia Chiajna","Liga 2","Romania","2018","Arrivals","Simon Mazarache","https://www.transfermarkt.com/simon-mazarache/profil/spieler/220924","Centre-Forward","25","Romania","CS U Craiova","SuperLiga","Romania",0,FALSE,NA,"Summer",15,13,0,499
"Concordia Chiajna","Liga 2","Romania","2018","Arrivals","Cristian Balgiu","https://www.transfermarkt.com/cristian-balgiu/profil/spieler/262983","Central Midfield","23","Romania","Daco-Getica","Liga 2","Romania",0,FALSE,NA,"Summer",1,1,0,13
"Concordia Chiajna","Liga 2","Romania","2018","Arrivals","Ghislain Guessan","https://www.transfermarkt.com/ghislain-guessan/profil/spieler/191922","Centre-Forward","25","Cote d'Ivoire","Without Club",NA,NA,0,FALSE,NA,"Summer",28,23,3,1241
"Concordia Chiajna","Liga 2","Romania","2018","Arrivals","Bogdan Dascălu","https://www.transfermarkt.com/bogdan-dascalu/profil/spieler/506113","Goalkeeper","21","Romania","SSU Poli","Liga 2","Romania",0,FALSE,NA,"Summer",1,0,0,0
"Concordia Chiajna","Liga 2","Romania","2018","Arrivals","Constantin Clatinici","https://www.transfermarkt.com/constantin-clatinici/profil/spieler/611054","Centre-Forward","23","Romania","Modelu",NA,"Romania",0,FALSE,NA,"Summer",NA,NA,NA,NA
"Concordia Chiajna","Liga 2","Romania","2018","Arrivals","Ionut Constantin","https://www.transfermarkt.com/ionut-constantin/profil/spieler/871488","Centre-Forward","16","Romania","Unknown",NA,NA,0,FALSE,NA,"Summer",1,1,0,1
"Concordia Chiajna","Liga 2","Romania","2018","Arrivals","Mihai Leca","https://www.transfermarkt.com/mihai-leca/profil/spieler/234286","Centre-Back","27","Romania","Chindia","Liga 2","Romania",NA,TRUE,"End of loan Jun 30, 2019","Summer",21,16,1,1310
"Concordia Chiajna","Liga 2","Romania","2018","Arrivals","Cristian Ciobanu","https://www.transfermarkt.com/cristian-ciobanu/profil/spieler/244002","Right Winger","23","Romania","Daco-Getica","SuperLiga","Romania",NA,TRUE,"End of loan Jun 30, 2018","Summer",NA,NA,NA,NA
"Concordia Chiajna","Liga 2","Romania","2018","Arrivals","Daniel Rogoveanu","https://www.transfermarkt.com/daniel-rogoveanu/profil/spieler/337754","Attacking Midfield","22","Romania","Chindia","Liga 2","Romania",NA,TRUE,"End of loan Jun 30, 2018","Summer",NA,NA,NA,NA
"Concordia Chiajna","Liga 2","Romania","2018","Arrivals","Lucian Asanache","https://www.transfermarkt.com/lucian-asanache/profil/spieler/264841","Centre-Back","23","Romania","Metaloglobus","Liga 2","Romania",NA,TRUE,"End of loan Jun 30, 2018","Summer",0,0,0,0
"Concordia Chiajna","Liga 2","Romania","2018","Arrivals","Vasile Gheorghe","https://www.transfermarkt.com/vasile-gheorghe/profil/spieler/123316","Central Midfield","32","Romania","Daco-Getica","SuperLiga","Romania",NA,TRUE,"End of loan Jun 30, 2018","Summer",NA,NA,NA,NA
"Concordia Chiajna","Liga 2","Romania","2018","Departures","Claudiu Bumba","https://www.transfermarkt.com/claudiu-bumba/profil/spieler/186731","Attacking Midfield","24","Romania","Adanaspor","1.Lig","Türkiye",0,FALSE,NA,"Summer",NA,NA,NA,NA
"Concordia Chiajna","Liga 2","Romania","2018","Departures","Cristian Bud","https://www.transfermarkt.com/cristian-bud/profil/spieler/104211","Centre-Forward","33","Romania","Yverdon Sport","Promotion League","Switzerland",0,FALSE,NA,"Summer",NA,NA,NA,NA
"Concordia Chiajna","Liga 2","Romania","2018","Departures","Manassé Enza-Yamissi","https://www.transfermarkt.com/manasse-enza-yamissi/profil/spieler/89584","Centre-Back","28","Central African Republic","FC Annecy","National 2 - Grp. A","France",0,FALSE,NA,"Summer",NA,NA,NA,NA
"Concordia Chiajna","Liga 2","Romania","2018","Departures","Andrei Patache","https://www.transfermarkt.com/andrei-patache/profil/spieler/64216","Right-Back","30","Romania","FC Botosani","SuperLiga","Romania",0,FALSE,NA,"Summer",NA,NA,NA,NA
"Concordia Chiajna","Liga 2","Romania","2018","Departures","Armantas Vitkauskas","https://www.transfermarkt.com/armantas-vitkauskas/profil/spieler/82654","Goalkeeper","29","Lithuania","Žalgiris","A Lyga","Lithuania",0,FALSE,NA,"Summer",NA,NA,NA,NA
"Concordia Chiajna","Liga 2","Romania","2018","Departures","Daniel Rogoveanu","https://www.transfermarkt.com/daniel-rogoveanu/profil/spieler/337754","Attacking Midfield","22","Romania","Chindia","Liga 2","Romania",0,FALSE,NA,"Summer",NA,NA,NA,NA
"Concordia Chiajna","Liga 2","Romania","2018","Departures","Vasile Gheorghe","https://www.transfermarkt.com/vasile-gheorghe/profil/spieler/123316","Central Midfield","32","Romania","FC Arges","Liga 2","Romania",0,FALSE,NA,"Summer",NA,NA,NA,NA
"Concordia Chiajna","Liga 2","Romania","2018","Departures","Florin Cioablă","https://www.transfermarkt.com/florin-cioabla/profil/spieler/330794","Attacking Midfield","22","Romania","Flacara Horezu",NA,"Romania",0,FALSE,NA,"Summer",NA,NA,NA,NA
"Concordia Chiajna","Liga 2","Romania","2018","Departures","Cristian Balgiu","https://www.transfermarkt.com/cristian-balgiu/profil/spieler/262983","Central Midfield","24","Romania","AFC Turris",NA,"Romania",NA,TRUE,"loan transfer","Summer",1,1,0,13
"Concordia Chiajna","Liga 2","Romania","2018","Departures","Ovidiu Marin","https://www.transfermarkt.com/ovidiu-marin/profil/spieler/470610","Centre-Forward","20","Romania","CS Balotesti","Liga 2","Romania",NA,TRUE,"loan transfer","Summer",0,0,0,0
"Concordia Chiajna","Liga 2","Romania","2018","Departures","George Isvoranu","https://www.transfermarkt.com/george-isvoranu/profil/spieler/549698","Goalkeeper","19","Romania","Petrolul","Liga 2","Romania",NA,TRUE,"loan transfer","Summer",NA,NA,NA,NA
"Concordia Chiajna","Liga 2","Romania","2018","Departures","Constantin Clatinici","https://www.transfermarkt.com/constantin-clatinici/profil/spieler/611054","Centre-Forward","24","Romania","CS Balotesti","Liga 2","Romania",NA,TRUE,"loan transfer","Summer",NA,NA,NA,NA
"Concordia Chiajna","Liga 2","Romania","2018","Departures","Marian Ghiță","https://www.transfermarkt.com/marian-ghita/profil/spieler/605537","Defensive Midfield","21","Romania","CS Balotesti","Liga 2","Romania",NA,TRUE,"loan transfer","Summer",0,0,0,0
"Concordia Chiajna","Liga 2","Romania","2018","Departures","Robert Riza","https://www.transfermarkt.com/robert-riza/profil/spieler/623411","Left-Back","19","Romania","Metaloglobus","Liga 2","Romania",NA,TRUE,"loan transfer","Summer",0,0,0,0
"Concordia Chiajna","Liga 2","Romania","2018","Departures","Marius Pena","https://www.transfermarkt.com/marius-pena/profil/spieler/81495","Centre-Forward","33","Romania",NA,NA,NA,NA,FALSE,"-","Summer",NA,NA,NA,NA
"Concordia Chiajna","Liga 2","Romania","2018","Arrivals","Liassine Cadamuro","https://www.transfermarkt.com/liassine-cadamuro/profil/spieler/89325","Centre-Back","30","Algeria","Gimnàstic","LaLiga2","Spain",0,FALSE,NA,"Winter",15,14,1,1250
"Concordia Chiajna","Liga 2","Romania","2018","Arrivals","Sofiane Moussa","https://www.transfermarkt.com/sofiane-moussa/profil/spieler/159553","Centre-Forward","31","Tunisia","Dundee FC","Premiership","Scotland",0,FALSE,NA,"Winter",13,13,3,1033
"Concordia Chiajna","Liga 2","Romania","2018","Arrivals","Marius Alexe","https://www.transfermarkt.com/marius-alexe/profil/spieler/48678","Centre-Forward","28","Romania","Karabükspor","1.Lig","Türkiye",0,FALSE,NA,"Winter",9,8,0,548
"Concordia Chiajna","Liga 2","Romania","2018","Arrivals","Andrei Radu","https://www.transfermarkt.com/andrei-radu/profil/spieler/243293","Left-Back","22","Romania","CFR Cluj","SuperLiga","Romania",NA,TRUE,"loan transfer","Winter",14,11,0,694
"Concordia Chiajna","Liga 2","Romania","2018","Arrivals","Jules Iloki","https://www.transfermarkt.com/jules-iloki/profil/spieler/227240","Right Midfield","27","France","Without Club",NA,NA,NA,FALSE,"-","Winter",8,7,0,161
"Concordia Chiajna","Liga 2","Romania","2018","Arrivals","Victor Rîmniceanu","https://www.transfermarkt.com/victor-rimniceanu/profil/spieler/213699","Goalkeeper","28","Romania","Without Club",NA,NA,NA,FALSE,"-","Winter",13,13,0,1084
"Concordia Chiajna","Liga 2","Romania","2018","Arrivals","João Meira","https://www.transfermarkt.com/joao-meira/profil/spieler/172143","Centre-Back","31","Portugal","Without Club",NA,NA,NA,FALSE,"-","Winter",18,13,0,1075
"Concordia Chiajna","Liga 2","Romania","2018","Arrivals","Robert Ivan","https://www.transfermarkt.com/robert-ivan/profil/spieler/677342","Central Midfield","18","Romania","Chiajna II",NA,"Romania",NA,FALSE,"-","Winter",1,1,0,90
"Concordia Chiajna","Liga 2","Romania","2018","Arrivals","Marian Obedeanu","https://www.transfermarkt.com/marian-obedeanu/profil/spieler/677343","Centre-Forward","18","Romania","Chiajna II",NA,"Romania",NA,FALSE,"-","Winter",1,1,0,6
"Concordia Chiajna","Liga 2","Romania","2018","Arrivals","Ionel Mișu","https://www.transfermarkt.com/ionel-misu/profil/spieler/677335","Goalkeeper","17","Romania","Chiajna II",NA,"Romania",NA,FALSE,"-","Winter",1,1,0,90
"Concordia Chiajna","Liga 2","Romania","2018","Arrivals","George Isvoranu","https://www.transfermarkt.com/george-isvoranu/profil/spieler/549698","Goalkeeper","19","Romania","Petrolul","Liga 2","Romania",NA,TRUE,"End of loan Dec 31, 2018","Winter",NA,NA,NA,NA
"Concordia Chiajna","Liga 2","Romania","2018","Departures","Ronaldo Deaconu","https://www.transfermarkt.com/ronaldo-deaconu/profil/spieler/271281","Attacking Midfield","21","Romania","HNK Gorica","SuperSport HNL","Croatia",50000,FALSE,NA,"Winter",20,17,0,1199
"Concordia Chiajna","Liga 2","Romania","2018","Departures","Paul Batin","https://www.transfermarkt.com/paul-batin/profil/spieler/121151","Centre-Forward","31","Romania","Doxa Katokopias","Cyprus League","Cyprus",0,FALSE,NA,"Winter",21,21,4,1202
"Concordia Chiajna","Liga 2","Romania","2018","Departures","Dan Bucsa","https://www.transfermarkt.com/dan-bucsa/profil/spieler/213583","Defensive Midfield","30","Romania","Petrolul","Liga 2","Romania",0,FALSE,NA,"Winter",13,6,0,467
"Concordia Chiajna","Liga 2","Romania","2018","Departures","Simon Mazarache","https://www.transfermarkt.com/simon-mazarache/profil/spieler/220924","Centre-Forward","26","Romania","CS Mioveni","Liga 2","Romania",0,FALSE,NA,"Winter",15,13,0,499
"Concordia Chiajna","Liga 2","Romania","2018","Departures","Cristian Ciobanu","https://www.transfermarkt.com/cristian-ciobanu/profil/spieler/244002","Right Winger","24","Romania","AFC Turris",NA,"Romania",0,FALSE,NA,"Winter",NA,NA,NA,NA
"Concordia Chiajna","Liga 2","Romania","2018","Departures","Bogdan Dascălu","https://www.transfermarkt.com/bogdan-dascalu/profil/spieler/506113","Goalkeeper","22","Romania","Melbo IL","Norsk Tipping-Ligaen avd. 6","Norway",0,FALSE,NA,"Winter",1,0,0,0
"Concordia Chiajna","Liga 2","Romania","2018","Departures","Stjepan Babic","https://www.transfermarkt.com/stjepan-babic/profil/spieler/46494","Defensive Midfield","30","Croatia","NK Varazdin","Prva NL","Croatia",NA,FALSE,"?","Winter",NA,NA,NA,NA
"Concordia Chiajna","Liga 2","Romania","2018","Departures","Mihai Leca","https://www.transfermarkt.com/mihai-leca/profil/spieler/234286","Centre-Back","26","Romania","Chindia","Liga 2","Romania",NA,TRUE,"loan transfer","Winter",21,16,1,1310
"Concordia Chiajna","Liga 2","Romania","2018","Departures","Alexandru Costache","https://www.transfermarkt.com/alexandru-costache/profil/spieler/466716","Goalkeeper","19","Romania","Pandurii ","Liga 2","Romania",NA,TRUE,"loan transfer","Winter",19,2,0,180
"Concordia Chiajna","Liga 2","Romania","2018","Departures","Andrei Prepeliță","https://www.transfermarkt.com/andrei-prepelita/profil/spieler/37933","Central Midfield","33","Romania","Without Club",NA,NA,NA,FALSE,"-","Winter",22,20,1,1611
"Concordia Chiajna","Liga 2","Romania","2018","Departures","George Buliga","https://www.transfermarkt.com/george-buliga/profil/spieler/649787","Centre-Back","19","Romania","Modelu",NA,"Romania",NA,FALSE,"-","Winter",NA,NA,NA,NA
"Concordia Chiajna","Liga 2","Romania","2018","Departures","Dan Panait","https://www.transfermarkt.com/dan-panait/profil/spieler/295878","Left-Back","21","Romania","FCV Farul","SuperLiga","Romania",NA,TRUE,"End of loan Feb 14, 2019","Winter",12,8,1,506
