"team_name","league","country","season","transfer_type","player_name","player_url","player_position","player_age","player_nationality","club_2","league_2","country_2","transfer_fee","is_loan","transfer_notes","window","in_squad","appearances","goals","minutes_played"
"FCSB","SuperLiga","Romania","2004","Arrivals","Andrei Cristea","https://www.transfermarkt.com/andrei-cristea/profil/spieler/26491","Centre-Forward","20","Romania","FCM Bacau","SuperLiga","Romania",8e+05,FALSE,NA,"Summer",38,36,9,1929
"FCSB","SuperLiga","Romania","2004","Arrivals","Petre Marin","https://www.transfermarkt.com/petre-marin/profil/spieler/26498","Left-Back","30","Romania","Progresul","SuperLiga","Romania",6e+05,FALSE,NA,"Summer",36,36,0,3256
"FCSB","SuperLiga","Romania","2004","Arrivals","Eugen Baciu","https://www.transfermarkt.com/eugen-baciu/profil/spieler/26487","Centre-Back","24","Romania","FCM Bacau","SuperLiga","Romania",4e+05,FALSE,NA,"Summer",25,23,1,1509
"FCSB","SuperLiga","Romania","2004","Arrivals","Cristian Ciocoiu","https://www.transfermarkt.com/cristian-ciocoiu/profil/spieler/26490","Centre-Forward","28","Romania","FCM Bacau","SuperLiga","Romania",150000,FALSE,NA,"Summer",12,10,1,207
"FCSB","SuperLiga","Romania","2004","Arrivals","Florin Dobre","https://www.transfermarkt.com/florin-dobre/profil/spieler/26494","Goalkeeper","18","Romania","FCSB U21",NA,"Romania",NA,FALSE,"-","Summer",1,0,0,0
"FCSB","SuperLiga","Romania","2004","Arrivals","Alin Litu","https://www.transfermarkt.com/alin-litu/profil/spieler/34938","Centre-Forward","17","Romania","FCSB U21",NA,"Romania",NA,FALSE,"-","Summer",5,5,0,324
"FCSB","SuperLiga","Romania","2004","Arrivals","Sorin Ghionea","https://www.transfermarkt.com/sorin-ghionea/profil/spieler/26496","Centre-Back","25","Romania","Otelul Galati","SuperLiga","Romania",NA,TRUE,"End of loan Jun 30, 2004","Summer",38,38,0,3438
"FCSB","SuperLiga","Romania","2004","Departures","Valeriu Răchită","https://www.transfermarkt.com/valeriu-rachita/profil/spieler/26505","Centre-Back","34","Romania","FC U Craiova","SuperLiga","Romania",0,FALSE,NA,"Summer",2,2,1,180
"FCSB","SuperLiga","Romania","2004","Departures","Dorel Mutica","https://www.transfermarkt.com/dorel-mutica/profil/spieler/169028","Centre-Back","31","Romania","FC U Craiova","SuperLiga","Romania",0,FALSE,NA,"Summer",NA,NA,NA,NA
"FCSB","SuperLiga","Romania","2004","Departures","Marian Aliuta","https://www.transfermarkt.com/marian-aliuta/profil/spieler/28532","Attacking Midfield","26","Romania","FC Rapid 1923","SuperLiga","Romania",0,FALSE,NA,"Summer",2,2,0,68
"FCSB","SuperLiga","Romania","2004","Departures","Alexandru Pițurcă","https://www.transfermarkt.com/alexandru-piturca/profil/spieler/7260","Centre-Forward","20","Romania","FC Caracal",NA,"Romania",0,FALSE,NA,"Summer",NA,NA,NA,NA
"FCSB","SuperLiga","Romania","2004","Departures","Eugen Nae","https://www.transfermarkt.com/eugen-nae/profil/spieler/25937","Goalkeeper","29","Romania","Progresul","SuperLiga","Romania",NA,FALSE,"?","Summer",NA,NA,NA,NA
"FCSB","SuperLiga","Romania","2004","Departures","Romeo Paduret","https://www.transfermarkt.com/romeo-paduret/profil/spieler/282861","Central Midfield","29","Romania","FC U Craiova","SuperLiga","Romania",NA,FALSE,"?","Summer",NA,NA,NA,NA
"FCSB","SuperLiga","Romania","2004","Departures","Radu Niculescu","https://www.transfermarkt.com/radu-niculescu/profil/spieler/7094","Centre-Forward","29","Romania","CQ Liangjiang","Super League","China",NA,FALSE,"?","Summer",NA,NA,NA,NA
"FCSB","SuperLiga","Romania","2004","Arrivals","Florin Lovin","https://www.transfermarkt.com/florin-lovin/profil/spieler/26497","Central Midfield","22","Romania","FCM Bacau","SuperLiga","Romania",5e+05,FALSE,NA,"Winter",21,19,1,714
"FCSB","SuperLiga","Romania","2004","Arrivals","Bănel Nicoliță","https://www.transfermarkt.com/banel-nicolita/profil/spieler/34758","Right Winger","19","Romania","Poli. Timisoara","SuperLiga","Romania",350000,FALSE,NA,"Winter",17,15,2,987
"FCSB","SuperLiga","Romania","2004","Arrivals","Boris Keca","https://www.transfermarkt.com/boris-keca/profil/spieler/282246","Centre-Back","26","Bosnia-Herzegovina","FC Brasov","SuperLiga","Romania",NA,FALSE,"?","Winter",4,1,0,64
"FCSB","SuperLiga","Romania","2004","Departures","Adrian Neaga","https://www.transfermarkt.com/adrian-neaga/profil/spieler/26499","Centre-Forward","25","Romania","Jeonnam Dragons","K League - 2nd Stage","Korea, South",750000,FALSE,NA,"Winter",23,23,11,1912
"FCSB","SuperLiga","Romania","2004","Departures","Pompiliu Stoica","https://www.transfermarkt.com/pompiliu-stoica/profil/spieler/25660","Left-Back","28","Romania","FC Moscow","Premier Liga","Russia",325000,FALSE,NA,"Winter",1,1,0,90
"FCSB","SuperLiga","Romania","2004","Departures","Nana Falemi","https://www.transfermarkt.com/nana-falemi/profil/spieler/26060","Centre-Back","30","Cameroon","Ergotelis","Super League 1","Greece",0,FALSE,NA,"Winter",10,9,0,535
"FC Dinamo 1948","SuperLiga","Romania","2004","Arrivals","Ionuț Bălan","https://www.transfermarkt.com/ionut-balan/profil/spieler/26034","Right-Back","26","Romania","Farul Constanta","SuperLiga","Romania",120000,FALSE,NA,"Summer",20,19,1,1100
"FC Dinamo 1948","SuperLiga","Romania","2004","Arrivals","Adrian Mihalcea","https://www.transfermarkt.com/adrian-mihalcea/profil/spieler/21869","Centre-Forward","28","Romania","Hellas Verona","Serie B","Italy",0,FALSE,NA,"Summer",18,18,1,1018
"FC Dinamo 1948","SuperLiga","Romania","2004","Arrivals","Andrei Mărgăritescu","https://www.transfermarkt.com/andrei-margaritescu/profil/spieler/26040","Defensive Midfield","24","Romania","CSM Focsani",NA,"Romania",0,FALSE,NA,"Summer",36,36,2,2869
"FC Dinamo 1948","SuperLiga","Romania","2004","Arrivals","Florin Matache","https://www.transfermarkt.com/florin-matache/profil/spieler/26031","Goalkeeper","21","Romania","CSO Plopeni",NA,"Romania",0,FALSE,NA,"Summer",1,0,0,0
"FC Dinamo 1948","SuperLiga","Romania","2004","Arrivals","Bogdan Stelea","https://www.transfermarkt.com/bogdan-stelea/profil/spieler/32185","Goalkeeper","36","Romania","UD Salamanca","LaLiga2","Spain",0,FALSE,NA,"Summer",14,14,0,1210
"FC Dinamo 1948","SuperLiga","Romania","2004","Arrivals","Dennis Șerban","https://www.transfermarkt.com/dennis-serban/profil/spieler/7581","Central Midfield","28","Romania","Petrolul",NA,"Romania",0,FALSE,NA,"Summer",6,5,0,104
"FC Dinamo 1948","SuperLiga","Romania","2004","Arrivals","Cristian Irimia","https://www.transfermarkt.com/cristian-irimia/profil/spieler/26039","Right-Back","22","Romania","FC Rapid 1923","SuperLiga","Romania",0,FALSE,NA,"Summer",16,14,0,897
"FC Dinamo 1948","SuperLiga","Romania","2004","Arrivals","Lucian Goian","https://www.transfermarkt.com/lucian-goian/profil/spieler/26036","Centre-Back","21","Romania","Ceahlaul",NA,"Romania",0,FALSE,NA,"Summer",8,7,0,331
"FC Dinamo 1948","SuperLiga","Romania","2004","Arrivals","Liviu Ciobotariu","https://www.transfermarkt.com/liviu-ciobotariu/profil/spieler/103212","Centre-Back","33","Romania","Royal Antwerp","Challenger Pro League","Belgium",NA,FALSE,"?","Summer",14,13,0,822
"FC Dinamo 1948","SuperLiga","Romania","2004","Arrivals","George Galamaz","https://www.transfermarkt.com/george-galamaz/profil/spieler/26035","Centre-Back","23","Romania","FC Rapid 1923","SuperLiga","Romania",NA,FALSE,"?","Summer",29,27,0,2359
"FC Dinamo 1948","SuperLiga","Romania","2004","Arrivals","Alexandru Păcurar","https://www.transfermarkt.com/alexandru-pacurar/profil/spieler/26043","Attacking Midfield","22","Romania","U Cluj",NA,"Romania",NA,FALSE,"?","Summer",19,15,1,591
"FC Dinamo 1948","SuperLiga","Romania","2004","Arrivals","Alexandru Baltoi","https://www.transfermarkt.com/alexandru-baltoi/profil/spieler/26045","Centre-Forward","22","Romania","Farul Constanta","SuperLiga","Romania",NA,TRUE,"End of loan Jun 30, 2004","Summer",23,21,3,548
"FC Dinamo 1948","SuperLiga","Romania","2004","Arrivals","Marian Vătavu","https://www.transfermarkt.com/marian-vatavu/profil/spieler/47896","Centre-Back","22","Romania","U Cluj",NA,"Romania",NA,TRUE,"End of loan Jun 30, 2004","Summer",NA,NA,NA,NA
"FC Dinamo 1948","SuperLiga","Romania","2004","Arrivals","Cristian Pulhac","https://www.transfermarkt.com/cristian-pulhac/profil/spieler/34781","Left-Back","19","Romania","Sportul S.",NA,"Romania",NA,TRUE,"End of loan Jun 30, 2004","Summer",12,12,2,904
"FC Dinamo 1948","SuperLiga","Romania","2004","Departures","Cosmin Barcauan","https://www.transfermarkt.com/cosmin-barcauan/profil/spieler/22099","Centre-Back","25","Romania","Shakhtar D.","Premier Liga","Ukraine",770000,FALSE,NA,"Summer",NA,NA,NA,NA
"FC Dinamo 1948","SuperLiga","Romania","2004","Departures","Dan Alexa","https://www.transfermarkt.com/dan-alexa/profil/spieler/47146","Defensive Midfield","24","Romania","BJ Guoan","Super League","China",6e+05,FALSE,NA,"Summer",NA,NA,NA,NA
"FC Dinamo 1948","SuperLiga","Romania","2004","Departures","Pape Seydou Diop","https://www.transfermarkt.com/pape-seydou-diop/profil/spieler/171920","Midfielder","25","Senegal","Levallois SC",NA,"France",0,FALSE,NA,"Summer",NA,NA,NA,NA
"FC Dinamo 1948","SuperLiga","Romania","2004","Departures","Samuel Okunowo","https://www.transfermarkt.com/samuel-okunowo/profil/spieler/3517","Right-Back","25","Nigeria","KF Tirana",NA,"Albania",0,FALSE,NA,"Summer",NA,NA,NA,NA
"FC Dinamo 1948","SuperLiga","Romania","2004","Departures","Cristian Ciubotariu","https://www.transfermarkt.com/cristian-ciubotariu/profil/spieler/46519","Left Winger","23","Romania","Poli Iasi","SuperLiga","Romania",NA,FALSE,"?","Summer",NA,NA,NA,NA
"FC Dinamo 1948","SuperLiga","Romania","2004","Departures","Ștefan Preda","https://www.transfermarkt.com/stefan-preda/profil/spieler/102024","Goalkeeper","34","Romania","FC Arges","SuperLiga","Romania",NA,FALSE,"?","Summer",NA,NA,NA,NA
"FC Dinamo 1948","SuperLiga","Romania","2004","Departures","Szabolcs Mihály Perényi","https://www.transfermarkt.com/szabolcs-mihaly-perenyi/profil/spieler/46622","Right-Back","21","Romania","Poli Iasi","SuperLiga","Romania",NA,FALSE,"?","Summer",NA,NA,NA,NA
"FC Dinamo 1948","SuperLiga","Romania","2004","Arrivals","Adrian Cristea","https://www.transfermarkt.com/adrian-cristea/profil/spieler/33440","Left Winger","21","Romania","Poli Iasi","SuperLiga","Romania",1200000,FALSE,NA,"Winter",11,10,0,442
"FC Dinamo 1948","SuperLiga","Romania","2004","Arrivals","Ianis Zicu","https://www.transfermarkt.com/ianis-zicu/profil/spieler/16909","Attacking Midfield","21","Romania","Inter","Serie A","Italy",2e+05,TRUE,NA,"Winter",14,14,3,785
"FC Dinamo 1948","SuperLiga","Romania","2004","Arrivals","Tibor Moldovan","https://www.transfermarkt.com/tibor-moldovan/profil/spieler/46598","Centre-Forward","22","Romania","Alba Iulia","SuperLiga","Romania",NA,FALSE,"?","Winter",6,5,1,73
"FC Dinamo 1948","SuperLiga","Romania","2004","Arrivals","Gabriel Tamaș","https://www.transfermarkt.com/gabriel-tamas/profil/spieler/6893","Centre-Back","21","Romania","Spartak Moscow","Premier Liga","Russia",NA,TRUE,"loan transfer","Winter",14,14,0,1171
"FC Dinamo 1948","SuperLiga","Romania","2004","Arrivals","Răzvan Pădurețu","https://www.transfermarkt.com/razvan-paduretu/profil/spieler/46615","Attacking Midfield","23","Romania","CSM Focsani",NA,"Romania",NA,TRUE,"End of loan Dec 31, 2004","Winter",NA,NA,NA,NA
"FC Dinamo 1948","SuperLiga","Romania","2004","Departures","Cristian Irimia","https://www.transfermarkt.com/cristian-irimia/profil/spieler/26039","Right-Back","23","Romania","Dynamo Kyiv","Premier Liga","Ukraine",550000,FALSE,NA,"Winter",16,14,0,897
"FC Dinamo 1948","SuperLiga","Romania","2004","Departures","Dennis Șerban","https://www.transfermarkt.com/dennis-serban/profil/spieler/7581","Central Midfield","28","Romania","AE Larisa","Football League","Greece",0,FALSE,NA,"Winter",6,5,0,104
"FC Dinamo 1948","SuperLiga","Romania","2004","Departures","Claudiu Drăgan","https://www.transfermarkt.com/claudiu-dragan/profil/spieler/26048","Centre-Forward","25","Romania","FC U Craiova","SuperLiga","Romania",0,FALSE,NA,"Winter",2,2,0,37
"FC Dinamo 1948","SuperLiga","Romania","2004","Departures","Iulian Tameș","https://www.transfermarkt.com/iulian-tames/profil/spieler/26052","Central Midfield","26","Romania","Spartak V.","Premier Liga","Russia",0,FALSE,NA,"Winter",16,16,0,1190
"FC Dinamo 1948","SuperLiga","Romania","2004","Departures","Leonard Naidin","https://www.transfermarkt.com/leonard-naidin/profil/spieler/26042","Attacking Midfield","25","Romania","Poli. Timisoara","SuperLiga","Romania",NA,FALSE,"?","Winter",4,3,0,173
"FC Dinamo 1948","SuperLiga","Romania","2004","Departures","Cristian Cigan","https://www.transfermarkt.com/cristian-cigan/profil/spieler/26046","Centre-Forward","17","Romania","Liberty Salonta",NA,"Romania",NA,FALSE,"?","Winter",NA,NA,NA,NA
"FC Dinamo 1948","SuperLiga","Romania","2004","Departures","Cristian Munteanu","https://www.transfermarkt.com/cristian-munteanu/profil/spieler/26032","Goalkeeper","30","Romania","Progresul","SuperLiga","Romania",NA,TRUE,"loan transfer","Winter",11,9,0,720
"FC Dinamo 1948","SuperLiga","Romania","2004","Departures","Vlad Munteanu","https://www.transfermarkt.com/vlad-munteanu/profil/spieler/26041","Left Midfield","23","Romania","Progresul","SuperLiga","Romania",NA,TRUE,"loan transfer","Winter",8,5,0,179
"FC Dinamo 1948","SuperLiga","Romania","2004","Departures","Ionel Dănciulescu","https://www.transfermarkt.com/ionel-danciulescu/profil/spieler/19405","Centre-Forward","28","Romania","SD Taishan","Super League","China",NA,TRUE,"loan transfer","Winter",21,21,14,1884
"Progresul Bucharest (- 2009)",NA,NA,"2004","Arrivals","Alin Stoica","https://www.transfermarkt.com/alin-stoica/profil/spieler/9669","Attacking Midfield","25","Romania","Siena","Serie A","Italy",0,FALSE,NA,"Summer",6,6,0,274
"Progresul Bucharest (- 2009)",NA,NA,"2004","Arrivals","Abiodun Agunbiade","https://www.transfermarkt.com/abiodun-agunbiade/profil/spieler/25926","Right Winger","21","Nigeria","Naval 1893","Liga Portugal 2","Portugal",0,FALSE,NA,"Summer",17,17,1,1446
"Progresul Bucharest (- 2009)",NA,NA,"2004","Arrivals","Rabiu Baita","https://www.transfermarkt.com/rabiu-baita/profil/spieler/8061","Centre-Forward","19","Nigeria","Paris SG","Ligue 1","France",0,FALSE,NA,"Summer",NA,NA,NA,NA
"Progresul Bucharest (- 2009)",NA,NA,"2004","Arrivals","Marian Savu","https://www.transfermarkt.com/marian-savu/profil/spieler/42799","Centre-Forward","31","Romania","Fehérvár","NB I.","Hungary",NA,FALSE,"?","Summer",9,9,0,273
"Progresul Bucharest (- 2009)",NA,NA,"2004","Arrivals","Catalin Lita","https://www.transfermarkt.com/catalin-lita/profil/spieler/208626","Attacking Midfield","29","Romania","Petrolul",NA,"Romania",NA,FALSE,"?","Summer",26,26,2,1993
"Progresul Bucharest (- 2009)",NA,NA,"2004","Arrivals","Eugen Nae","https://www.transfermarkt.com/eugen-nae/profil/spieler/25937","Goalkeeper","29","Romania","FCSB","SuperLiga","Romania",NA,FALSE,"?","Summer",2,2,0,110
"Progresul Bucharest (- 2009)",NA,NA,"2004","Arrivals","Slavisa Mitrovic","https://www.transfermarkt.com/slavisa-mitrovic/profil/spieler/300277","Striker","26","Bosnia-Herzegovina","Al-Ahli (UAE)",NA,"United Arab Emirates",NA,FALSE,"?","Summer",9,9,4,364
"Progresul Bucharest (- 2009)",NA,NA,"2004","Arrivals","Ryan Griffiths","https://www.transfermarkt.com/ryan-griffiths/profil/spieler/42766","Centre-Forward","22","Australia","Newcastle",NA,"Australia",NA,FALSE,"?","Summer",8,8,0,242
"Progresul Bucharest (- 2009)",NA,NA,"2004","Arrivals","Wayne Srhoj","https://www.transfermarkt.com/wayne-srhoj/profil/spieler/42801","Attacking Midfield","22","Australia","Perth Glory",NA,"Australia",NA,FALSE,"?","Summer",27,27,0,1930
"Progresul Bucharest (- 2009)",NA,NA,"2004","Arrivals","Michael Thwaite","https://www.transfermarkt.com/michael-thwaite/profil/spieler/25944","Centre-Back","21","Australia","Marc. Stallions",NA,"Australia",NA,FALSE,"?","Summer",25,25,0,1984
"Progresul Bucharest (- 2009)",NA,NA,"2004","Arrivals","Hristu Chiacu","https://www.transfermarkt.com/hristu-chiacu/profil/spieler/41623","Right Midfield","17","Romania","Rapid 1923 II",NA,"Romania",NA,FALSE,"?","Summer",8,8,1,455
"Progresul Bucharest (- 2009)",NA,NA,"2004","Arrivals","George Negura","https://www.transfermarkt.com/george-negura/profil/spieler/64069","Right Midfield","16","Romania","Alba Iulia","SuperLiga","Romania",NA,FALSE,"?","Summer",NA,NA,NA,NA
"Progresul Bucharest (- 2009)",NA,NA,"2004","Arrivals","Gabriel Popescu","https://www.transfermarkt.com/gabriel-popescu/profil/spieler/103222","Attacking Midfield","30","Romania","Suwon Bluewings","K League - 2nd Stage","Korea, South",NA,TRUE,"loan transfer","Summer",11,11,1,865
"Progresul Bucharest (- 2009)",NA,NA,"2004","Departures","Petre Marin","https://www.transfermarkt.com/petre-marin/profil/spieler/26498","Left-Back","30","Romania","FCSB","SuperLiga","Romania",6e+05,FALSE,NA,"Summer",NA,NA,NA,NA
"Progresul Bucharest (- 2009)",NA,NA,"2004","Departures","Mbemba Sylla","https://www.transfermarkt.com/mbemba-sylla/profil/spieler/112836","Centre-Back","22","Guinea","FC Vaslui",NA,"Romania",0,FALSE,NA,"Summer",1,1,0,27
"Progresul Bucharest (- 2009)",NA,NA,"2004","Departures","Adrian Baldovin","https://www.transfermarkt.com/adrian-baldovin/profil/spieler/300242","Right-Back","32","Romania","Poli Iasi","SuperLiga","Romania",NA,FALSE,"?","Summer",NA,NA,NA,NA
"Progresul Bucharest (- 2009)",NA,NA,"2004","Departures","Albert Duro","https://www.transfermarkt.com/albert-duro/profil/spieler/54672","Centre-Back","26","Albania","KF Tirana",NA,"Albania",NA,FALSE,"?","Summer",NA,NA,NA,NA
"Progresul Bucharest (- 2009)",NA,NA,"2004","Departures","Marius Sava","https://www.transfermarkt.com/marius-sava/profil/spieler/69153","Right Midfield","25","Romania","FC Arges","SuperLiga","Romania",NA,FALSE,"?","Summer",NA,NA,NA,NA
"Progresul Bucharest (- 2009)",NA,NA,"2004","Departures","Marius Nae","https://www.transfermarkt.com/marius-nae/profil/spieler/48770","Attacking Midfield","23","Romania","Sportul S.","SuperLiga","Romania",NA,FALSE,"?","Summer",NA,NA,NA,NA
"Progresul Bucharest (- 2009)",NA,NA,"2004","Departures","Radisa Ilic","https://www.transfermarkt.com/radisa-ilic/profil/spieler/35999","Goalkeeper","26","Serbia","Borac Cacak","Super liga Srbije","Serbia",NA,FALSE,"?","Summer",NA,NA,NA,NA
"Progresul Bucharest (- 2009)",NA,NA,"2004","Departures","Wisdom Onyekwere","https://www.transfermarkt.com/wisdom-onyekwere/profil/spieler/886017","Centre-Forward","22","Nigeria","Unknown",NA,NA,NA,FALSE,"?","Summer",NA,NA,NA,NA
"Progresul Bucharest (- 2009)",NA,NA,"2004","Arrivals","Sergiu Radu","https://www.transfermarkt.com/sergiu-radu/profil/spieler/6161","Centre-Forward","27","Romania","Le Mans FC","Ligue 2","France",0,FALSE,NA,"Winter",15,15,7,1301
"Progresul Bucharest (- 2009)",NA,NA,"2004","Arrivals","Radostin Stanev","https://www.transfermarkt.com/radostin-stanev/profil/spieler/25813","Goalkeeper","29","Bulgaria","Shinnik","Premier Liga","Russia",0,FALSE,NA,"Winter",2,2,0,135
"Progresul Bucharest (- 2009)",NA,NA,"2004","Arrivals","Elías Bazzi","https://www.transfermarkt.com/elias-bazzi/profil/spieler/46502","Left-Back","23","Argentina","Godoy Cruz",NA,"Argentina",NA,FALSE,"?","Winter",13,13,2,1080
"Progresul Bucharest (- 2009)",NA,NA,"2004","Arrivals","Cristian Munteanu","https://www.transfermarkt.com/cristian-munteanu/profil/spieler/26032","Goalkeeper","30","Romania","FC Dinamo","SuperLiga","Romania",NA,TRUE,"loan transfer","Winter",14,14,0,1215
"Progresul Bucharest (- 2009)",NA,NA,"2004","Arrivals","Vlad Munteanu","https://www.transfermarkt.com/vlad-munteanu/profil/spieler/26041","Left Midfield","23","Romania","FC Dinamo","SuperLiga","Romania",NA,TRUE,"loan transfer","Winter",14,14,1,903
"Progresul Bucharest (- 2009)",NA,NA,"2004","Arrivals","Ionut Rada","https://www.transfermarkt.com/ionut-rada/profil/spieler/34506","Centre-Back","22","Romania","FC Rapid 1923","SuperLiga","Romania",NA,TRUE,"loan transfer","Winter",14,14,2,1260
"Progresul Bucharest (- 2009)",NA,NA,"2004","Departures","Marius Popa","https://www.transfermarkt.com/marius-popa/profil/spieler/25941","Goalkeeper","26","Romania","Poli. Timisoara","SuperLiga","Romania",450000,FALSE,NA,"Winter",14,14,0,1240
"Progresul Bucharest (- 2009)",NA,NA,"2004","Departures","Gabriel Caramarin","https://www.transfermarkt.com/gabriel-caramarin/profil/spieler/25928","Left Midfield","27","Romania","Poli. Timisoara","SuperLiga","Romania",3e+05,FALSE,NA,"Winter",15,15,9,1350
"Progresul Bucharest (- 2009)",NA,NA,"2004","Departures","Gabriel Canu","https://www.transfermarkt.com/gabriel-canu/profil/spieler/25927","Centre-Back","23","Romania","Poli. Timisoara","SuperLiga","Romania",3e+05,FALSE,NA,"Winter",3,3,0,120
"Progresul Bucharest (- 2009)",NA,NA,"2004","Departures","Gigel Coman","https://www.transfermarkt.com/gigel-coman/profil/spieler/25930","Left Midfield","26","Romania","Poli. Timisoara","SuperLiga","Romania",2e+05,FALSE,NA,"Winter",12,12,3,940
"Progresul Bucharest (- 2009)",NA,NA,"2004","Departures","Slavisa Mitrovic","https://www.transfermarkt.com/slavisa-mitrovic/profil/spieler/300277","Striker","27","Bosnia-Herzegovina","Al-Wahda",NA,"United Arab Emirates",NA,FALSE,"?","Winter",9,9,4,364
"Progresul Bucharest (- 2009)",NA,NA,"2004","Departures","Mihai Dumitru","https://www.transfermarkt.com/mihai-dumitru/profil/spieler/25931","Attacking Midfield","19","Romania","Rapid 1923 II",NA,"Romania",NA,FALSE,"?","Winter",NA,NA,NA,NA
"Progresul Bucharest (- 2009)",NA,NA,"2004","Departures","Gabriel Popescu","https://www.transfermarkt.com/gabriel-popescu/profil/spieler/103222","Attacking Midfield","31","Romania","Suwon Bluewings","K League - 2nd Stage","Korea, South",NA,TRUE,"End of loan Dec 31, 2004","Winter",11,11,1,865
"Politehnica Timisoara (- 2012)",NA,NA,"2004","Arrivals","Bănel Nicoliță","https://www.transfermarkt.com/banel-nicolita/profil/spieler/34758","Right Winger","19","Romania","Dacia U. Braila",NA,"Romania",1e+05,FALSE,NA,"Summer",15,15,3,1350
"Politehnica Timisoara (- 2012)",NA,NA,"2004","Arrivals","Gheorghe Stoianov","https://www.transfermarkt.com/gheorghe-stoianov/profil/spieler/885565","Goalkeeper","25","Romania","Electr. Craiova",NA,"Romania",0,FALSE,NA,"Summer",NA,NA,NA,NA
"Politehnica Timisoara (- 2012)",NA,NA,"2004","Arrivals","Mansour Gueye","https://www.transfermarkt.com/mansour-gueye/profil/spieler/33744","Left Winger","18","Senegal","Servette FC","Super League","Switzerland",0,FALSE,NA,"Summer",18,18,7,1501
"Politehnica Timisoara (- 2012)",NA,NA,"2004","Arrivals","Valentin Velcea","https://www.transfermarkt.com/valentin-velcea/profil/spieler/300302","Defensive Midfield","30","Romania","Gloria Bistrita","SuperLiga","Romania",NA,FALSE,"?","Summer",9,9,0,358
"Politehnica Timisoara (- 2012)",NA,NA,"2004","Arrivals","Romulus Ciobanu","https://www.transfermarkt.com/romulus-ciobanu/profil/spieler/300414","Midfielder","27","Romania","CSO Plopeni",NA,"Romania",NA,FALSE,"?","Summer",8,8,0,373
"Politehnica Timisoara (- 2012)",NA,NA,"2004","Arrivals","Ionut Angheluta","https://www.transfermarkt.com/ionut-angheluta/profil/spieler/299836","Defender","27","Romania","Unknown",NA,NA,NA,FALSE,"?","Summer",9,9,0,674
"Politehnica Timisoara (- 2012)",NA,NA,"2004","Arrivals","Mircea Rus","https://www.transfermarkt.com/mircea-rus/profil/spieler/48185","Defender","27","Romania","CFR Cluj","SuperLiga","Romania",NA,FALSE,"?","Summer",20,20,0,1311
"Politehnica Timisoara (- 2012)",NA,NA,"2004","Arrivals","Andrian Bogdan","https://www.transfermarkt.com/andrian-bogdan/profil/spieler/168997","Goalkeeper","27","Moldova","FC Rapid 1923","SuperLiga","Romania",NA,FALSE,"?","Summer",NA,NA,NA,NA
"Politehnica Timisoara (- 2012)",NA,NA,"2004","Arrivals","Marian Constantinescu","https://www.transfermarkt.com/marian-constantinescu/profil/spieler/46520","Attacking Midfield","22","Romania","Unknown",NA,NA,NA,FALSE,"?","Summer",23,23,1,1205
"Politehnica Timisoara (- 2012)",NA,NA,"2004","Departures","Zoran Belosevic","https://www.transfermarkt.com/zoran-belosevic/profil/spieler/46356","Left-Back","21","Serbia","Sloboda Uzice",NA,"Serbia",0,FALSE,NA,"Summer",NA,NA,NA,NA
"Politehnica Timisoara (- 2012)",NA,NA,"2004","Departures","Robert Vancea","https://www.transfermarkt.com/robert-vancea/profil/spieler/47895","Right Midfield","27","Romania","Pandurii ",NA,"Romania",NA,FALSE,"?","Summer",NA,NA,NA,NA
"Politehnica Timisoara (- 2012)",NA,NA,"2004","Departures","Mihai Dobre","https://www.transfermarkt.com/mihai-dobre/profil/spieler/885567","Midfielder","29","Romania","Unknown",NA,NA,NA,FALSE,"?","Summer",NA,NA,NA,NA
"Politehnica Timisoara (- 2012)",NA,NA,"2004","Departures","Aurelian Dumitru","https://www.transfermarkt.com/aurelian-dumitru/profil/spieler/299850","Defender","28","Romania","Apulum Alba Iulia",NA,"Romania",NA,FALSE,"?","Summer",2,2,0,91
"Politehnica Timisoara (- 2012)",NA,NA,"2004","Departures","Ciprian Prodan","https://www.transfermarkt.com/ciprian-prodan/profil/spieler/81500","Centre-Forward","25","Romania","Ethn. Piraeus",NA,"Greece",NA,FALSE,"?","Summer",NA,NA,NA,NA
"Politehnica Timisoara (- 2012)",NA,NA,"2004","Departures","Andrei Militaru","https://www.transfermarkt.com/andrei-militaru/profil/spieler/885566","Defender","24","Romania","Inter Gaz",NA,"Romania",NA,FALSE,"?","Summer",NA,NA,NA,NA
"Politehnica Timisoara (- 2012)",NA,NA,"2004","Departures","Dan Balauru","https://www.transfermarkt.com/dan-balauru/profil/spieler/55297","Right Midfield","23","Romania","Alba Iulia","SuperLiga","Romania",NA,FALSE,"?","Summer",1,1,0,1
"Politehnica Timisoara (- 2012)",NA,NA,"2004","Departures","Milan Dzuric","https://www.transfermarkt.com/milan-dzuric/profil/spieler/885581","Central Midfield","22","Serbia","Unknown",NA,NA,NA,FALSE,"?","Summer",NA,NA,NA,NA
"Politehnica Timisoara (- 2012)",NA,NA,"2004","Departures","Bogdan Mihai","https://www.transfermarkt.com/bogdan-mihai/profil/spieler/885569","Midfielder","20","Romania","Unknown",NA,NA,NA,FALSE,"?","Summer",NA,NA,NA,NA
"Politehnica Timisoara (- 2012)",NA,NA,"2004","Arrivals","Marius Popa","https://www.transfermarkt.com/marius-popa/profil/spieler/25941","Goalkeeper","26","Romania","Progresul","SuperLiga","Romania",450000,FALSE,NA,"Winter",15,15,0,1350
"Politehnica Timisoara (- 2012)",NA,NA,"2004","Arrivals","Gabriel Caramarin","https://www.transfermarkt.com/gabriel-caramarin/profil/spieler/25928","Left Midfield","27","Romania","Progresul","SuperLiga","Romania",3e+05,FALSE,NA,"Winter",8,8,3,720
"Politehnica Timisoara (- 2012)",NA,NA,"2004","Arrivals","Gabriel Canu","https://www.transfermarkt.com/gabriel-canu/profil/spieler/25927","Centre-Back","23","Romania","Progresul","SuperLiga","Romania",3e+05,FALSE,NA,"Winter",15,15,0,1350
"Politehnica Timisoara (- 2012)",NA,NA,"2004","Arrivals","Ovidiu Petre","https://www.transfermarkt.com/ovidiu-petre/profil/spieler/9762","Defensive Midfield","22","Romania","Galatasaray","Süper Lig","Türkiye",2e+05,FALSE,NA,"Winter",12,12,2,714
"Politehnica Timisoara (- 2012)",NA,NA,"2004","Arrivals","Gigel Coman","https://www.transfermarkt.com/gigel-coman/profil/spieler/25930","Left Midfield","26","Romania","Progresul","SuperLiga","Romania",2e+05,FALSE,NA,"Winter",14,14,5,1238
"Politehnica Timisoara (- 2012)",NA,NA,"2004","Arrivals","Viorel Moldovan","https://www.transfermarkt.com/viorel-moldovan/profil/spieler/5519","Centre-Forward","32","Romania","Servette FC","Super League","Switzerland",0,FALSE,NA,"Winter",11,11,2,872
"Politehnica Timisoara (- 2012)",NA,NA,"2004","Arrivals","Ersin Mehmedovic","https://www.transfermarkt.com/ersin-mehmedovic/profil/spieler/15539","Centre-Back","23","Serbia","KAA Gent","Jupiler Pro League","Belgium",0,FALSE,NA,"Winter",1,1,0,90
"Politehnica Timisoara (- 2012)",NA,NA,"2004","Arrivals","Alin Paleacu","https://www.transfermarkt.com/alin-paleacu/profil/spieler/46616","Central Midfield","29","Romania","Apulum Alba Iulia",NA,"Romania",NA,FALSE,"?","Winter",13,13,1,820
"Politehnica Timisoara (- 2012)",NA,NA,"2004","Arrivals","Leonard Naidin","https://www.transfermarkt.com/leonard-naidin/profil/spieler/26042","Attacking Midfield","25","Romania","FC Dinamo","SuperLiga","Romania",NA,FALSE,"?","Winter",8,8,0,415
"Politehnica Timisoara (- 2012)",NA,NA,"2004","Arrivals","Cosmin Contra","https://www.transfermarkt.com/cosmin-contra/profil/spieler/5808","Right-Back","29","Romania","Atlético Madrid","LaLiga","Spain",NA,TRUE,"loan transfer","Winter",14,14,0,1248
"Politehnica Timisoara (- 2012)",NA,NA,"2004","Departures","Bănel Nicoliță","https://www.transfermarkt.com/banel-nicolita/profil/spieler/34758","Right Winger","19","Romania","FCSB","SuperLiga","Romania",350000,FALSE,NA,"Winter",15,15,3,1350
"Politehnica Timisoara (- 2012)",NA,NA,"2004","Departures","Adnan Sarac","https://www.transfermarkt.com/adnan-sarac/profil/spieler/29959","Defender","19","Bosnia-Herzegovina","Yurdumspor Köln","Oberliga Nordrhein","Germany",0,FALSE,NA,"Winter",NA,NA,NA,NA
"Politehnica Timisoara (- 2012)",NA,NA,"2004","Departures","Gheorghe Stoianov","https://www.transfermarkt.com/gheorghe-stoianov/profil/spieler/885565","Goalkeeper","26","Romania","CFR Timisoara",NA,"Romania",0,FALSE,NA,"Winter",NA,NA,NA,NA
"Politehnica Timisoara (- 2012)",NA,NA,"2004","Departures","Romulus Ciobanu","https://www.transfermarkt.com/romulus-ciobanu/profil/spieler/300414","Midfielder","27","Romania","FC Vaslui",NA,"Romania",NA,FALSE,"?","Winter",8,8,0,373
"Politehnica Timisoara (- 2012)",NA,NA,"2004","Departures","Romulus Buia","https://www.transfermarkt.com/romulus-buia/profil/spieler/232034","Attacking Midfield","34","Romania","Pandurii ",NA,"Romania",NA,FALSE,"?","Winter",9,9,0,423
"Politehnica Timisoara (- 2012)",NA,NA,"2004","Departures","Andrian Bogdan","https://www.transfermarkt.com/andrian-bogdan/profil/spieler/168997","Goalkeeper","28","Moldova","Unisport-Auto",NA,"Moldova",NA,FALSE,"?","Winter",NA,NA,NA,NA
"Politehnica Timisoara (- 2012)",NA,NA,"2004","Departures","Marius Suleap","https://www.transfermarkt.com/marius-suleap/profil/spieler/48906","Attacking Midfield","25","Romania","FC Baku",NA,"Azerbaijan",NA,FALSE,"?","Winter",12,12,0,824
"FC U Craiova 1948",NA,NA,"2004","Arrivals","Bogdan Buhus","https://www.transfermarkt.com/bogdan-buhus/profil/spieler/26641","Right-Back","24","Romania","Jiul Petrosani",NA,"Romania",80000,FALSE,NA,"Summer",26,26,1,1950
"FC U Craiova 1948",NA,NA,"2004","Arrivals","Ovidiu Dănănae","https://www.transfermarkt.com/ovidiu-dananae/profil/spieler/47574","Centre-Back","18","Romania","ACSM Reșița",NA,"Romania",70000,FALSE,NA,"Summer",5,5,0,326
"FC U Craiova 1948",NA,NA,"2004","Arrivals","Ionel Gane","https://www.transfermarkt.com/ionel-gane/profil/spieler/9933","Centre-Forward","32","Romania","Grasshoppers","Super League","Switzerland",0,FALSE,NA,"Summer",5,5,0,337
"FC U Craiova 1948",NA,NA,"2004","Arrivals","Milan Jovanovic","https://www.transfermarkt.com/milan-jovanovic/profil/spieler/26668","Centre-Back","20","Montenegro","FC Vaslui",NA,"Romania",0,FALSE,NA,"Summer",5,5,0,222
"FC U Craiova 1948",NA,NA,"2004","Arrivals","Valeriu Răchită","https://www.transfermarkt.com/valeriu-rachita/profil/spieler/26505","Centre-Back","34","Romania","FCSB","SuperLiga","Romania",0,FALSE,NA,"Summer",1,1,0,90
"FC U Craiova 1948",NA,NA,"2004","Arrivals","Dorel Mutica","https://www.transfermarkt.com/dorel-mutica/profil/spieler/169028","Centre-Back","31","Romania","FCSB","SuperLiga","Romania",0,FALSE,NA,"Summer",5,5,0,362
"FC U Craiova 1948",NA,NA,"2004","Arrivals","Rubenilson","https://www.transfermarkt.com/rubenilson/profil/spieler/26689","Attacking Midfield","31","Belgium","M. Petah Tikva","Ligat ha'Al","Israel",0,FALSE,NA,"Summer",8,8,1,516
"FC U Craiova 1948",NA,NA,"2004","Arrivals","Mihnea Ivan","https://www.transfermarkt.com/mihnea-ivan/profil/spieler/16521","Left Midfield","20","Romania","BSC Young Boys","Super League","Switzerland",0,FALSE,NA,"Summer",NA,NA,NA,NA
"FC U Craiova 1948",NA,NA,"2004","Arrivals","Eugen Bastina","https://www.transfermarkt.com/eugen-bastina/profil/spieler/26635","Central Midfield","31","Romania","Zimbru Chisinau",NA,"Moldova",NA,FALSE,"?","Summer",2,2,0,135
"FC U Craiova 1948",NA,NA,"2004","Arrivals","Romeo Paduret","https://www.transfermarkt.com/romeo-paduret/profil/spieler/282861","Central Midfield","29","Romania","FCSB","SuperLiga","Romania",NA,FALSE,"?","Summer",1,1,0,21
"FC U Craiova 1948",NA,NA,"2004","Arrivals","Ionut Lutu","https://www.transfermarkt.com/ionut-lutu/profil/spieler/26671","Attacking Midfield","28","Romania","Apol. Limassol","Cyprus League","Cyprus",NA,FALSE,"?","Summer",22,21,0,1300
"FC U Craiova 1948",NA,NA,"2004","Arrivals","Lucian Dobre","https://www.transfermarkt.com/lucian-dobre/profil/spieler/26645","Right-Back","25","Romania","Petrolul",NA,"Romania",NA,FALSE,"?","Summer",14,14,0,1027
"FC U Craiova 1948",NA,NA,"2004","Arrivals","Mircea Ilie","https://www.transfermarkt.com/mircea-ilie/profil/spieler/26663","Centre-Forward","27","Romania","Otelul Galati","SuperLiga","Romania",NA,FALSE,"?","Summer",8,8,0,252
"FC U Craiova 1948",NA,NA,"2004","Arrivals","Filston","https://www.transfermarkt.com/filston/profil/spieler/199417","Left-Back","22","DR Congo","Exc. Mouscron","Jupiler Pro League","Belgium",NA,FALSE,"?","Summer",2,2,0,90
"FC U Craiova 1948",NA,NA,"2004","Arrivals","George Feleagă","https://www.transfermarkt.com/george-feleaga/profil/spieler/301067","Centre-Back","21","Romania","ACSM Reșița",NA,"Romania",NA,FALSE,"?","Summer",8,8,0,641
"FC U Craiova 1948",NA,NA,"2004","Arrivals","Ovidiu Hoban","https://www.transfermarkt.com/ovidiu-hoban/profil/spieler/81484","Defensive Midfield","21","Romania","FK Clausen",NA,"Germany",NA,FALSE,"?","Summer",1,1,0,45
"FC U Craiova 1948",NA,NA,"2004","Arrivals","Paul Curteanu","https://www.transfermarkt.com/paul-curteanu/profil/spieler/47573","Left-Back","20","Romania","Electr. Craiova",NA,"Romania",NA,FALSE,"?","Summer",2,2,0,161
"FC U Craiova 1948",NA,NA,"2004","Arrivals","Ilie Iordache","https://www.transfermarkt.com/ilie-iordache/profil/spieler/47877","Left Winger","19","Romania","ACSM Reșița",NA,"Romania",NA,FALSE,"?","Summer",13,13,0,358
"FC U Craiova 1948",NA,NA,"2004","Arrivals","Sorin Frunză","https://www.transfermarkt.com/sorin-frunza/profil/spieler/26648","Left Midfield","26","Romania","FC Vaslui",NA,"Romania",NA,TRUE,"loan transfer","Summer",15,15,1,935
"FC U Craiova 1948",NA,NA,"2004","Departures","Romulus Miclea","https://www.transfermarkt.com/romulus-miclea/profil/spieler/47498","Right Midfield","24","Romania","Poli Iasi","SuperLiga","Romania",30000,FALSE,NA,"Summer",NA,NA,NA,NA
"FC U Craiova 1948",NA,NA,"2004","Departures","Daniel McBreen","https://www.transfermarkt.com/daniel-mcbreen/profil/spieler/31912","Centre-Forward","27","Australia","Falkirk","Championship","Scotland",0,FALSE,NA,"Summer",NA,NA,NA,NA
"FC U Craiova 1948",NA,NA,"2004","Departures","Patrick Bengondo","https://www.transfermarkt.com/patrick-bengondo/profil/spieler/46917","Centre-Forward","22","Cameroon","GC Biaschesi","1. Liga Gr. 3 (- 11/12)","Switzerland",0,FALSE,NA,"Summer",NA,NA,NA,NA
"FC U Craiova 1948",NA,NA,"2004","Departures","Mugur Bolohan","https://www.transfermarkt.com/mugur-bolohan/profil/spieler/54726","Defensive Midfield","28","Romania","Nea Salamis","Cyprus League","Cyprus",NA,FALSE,"?","Summer",NA,NA,NA,NA
"FC U Craiova 1948",NA,NA,"2004","Departures","Predrag Randjelovic","https://www.transfermarkt.com/predrag-randjelovic/profil/spieler/44119","Centre-Forward","27","Serbia","FK Obilic","Super liga Srbije","Serbia",NA,FALSE,"?","Summer",NA,NA,NA,NA
"FC U Craiova 1948",NA,NA,"2004","Departures","Catalin Petre Craciunescu","https://www.transfermarkt.com/catalin-petre-craciunescu/profil/spieler/48776","Centre-Back","26","Romania","Pandurii ",NA,"Romania",NA,FALSE,"?","Summer",NA,NA,NA,NA
"FC U Craiova 1948",NA,NA,"2004","Departures","Gabriel Velcovici","https://www.transfermarkt.com/gabriel-velcovici/profil/spieler/47585","Left-Back","19","Romania","FC Caracal",NA,"Romania",NA,FALSE,"?","Summer",NA,NA,NA,NA
"FC U Craiova 1948",NA,NA,"2004","Departures","Ovidiu Stîngă","https://www.transfermarkt.com/ovidiu-stinga/profil/spieler/103223","Right Midfield","31","Romania","Helmond Sport","Keuken Kampioen Divisie","Netherlands",NA,FALSE,"?","Summer",NA,NA,NA,NA
"FC U Craiova 1948",NA,NA,"2004","Departures","Corneliu Papură","https://www.transfermarkt.com/corneliu-papura/profil/spieler/48180","Centre-Back","30","Romania","AEL Limassol","Cyprus League","Cyprus",NA,FALSE,"?","Summer",15,15,0,1286
"FC U Craiova 1948",NA,NA,"2004","Departures","Andrei Urai","https://www.transfermarkt.com/andrei-urai/profil/spieler/233350","Goalkeeper","29","Romania","Diósgyőr","NB I.","Hungary",NA,FALSE,"?","Summer",NA,NA,NA,NA
"FC U Craiova 1948",NA,NA,"2004","Departures","Eric Bieme","https://www.transfermarkt.com/eric-bieme/profil/spieler/583944","Right-Back","24","Cameroon","Stade Briochin",NA,"France",NA,FALSE,"?","Summer",NA,NA,NA,NA
"FC U Craiova 1948",NA,NA,"2004","Departures","Claudiu Tudor","https://www.transfermarkt.com/claudiu-tudor/profil/spieler/26705","Attacking Midfield","19","Romania","FC Sheriff",NA,"Moldova",NA,TRUE,"loan transfer","Summer",3,3,0,225
"FC U Craiova 1948",NA,NA,"2004","Departures","Frédéric Pierre","https://www.transfermarkt.com/frederic-pierre/profil/spieler/132588","Centre-Forward","30","Belgium","Without Club",NA,NA,NA,FALSE,"-","Summer",NA,NA,NA,NA
"FC U Craiova 1948",NA,NA,"2004","Departures","Pavel Badea","https://www.transfermarkt.com/pavel-badea/profil/spieler/214355","Central Midfield","37","Romania",NA,NA,NA,NA,FALSE,"-","Summer",NA,NA,NA,NA
"FC U Craiova 1948",NA,NA,"2004","Arrivals","Valeriu Bordeanu","https://www.transfermarkt.com/valeriu-bordeanu/profil/spieler/25848","Left-Back","27","Romania","Kuban Krasnodar","1.Division","Russia",50000,FALSE,NA,"Winter",7,7,0,602
"FC U Craiova 1948",NA,NA,"2004","Arrivals","Florin Pîrvu","https://www.transfermarkt.com/florin-pirvu/profil/spieler/81501","Defensive Midfield","29","Romania","FC Brasov","SuperLiga","Romania",15000,FALSE,NA,"Winter",8,8,1,633
"FC U Craiova 1948",NA,NA,"2004","Arrivals","Claudiu Drăgan","https://www.transfermarkt.com/claudiu-dragan/profil/spieler/26048","Centre-Forward","25","Romania","FC Dinamo","SuperLiga","Romania",0,FALSE,NA,"Winter",12,11,1,747
"FC U Craiova 1948",NA,NA,"2004","Arrivals","Jane Gavalovski","https://www.transfermarkt.com/jane-gavalovski/profil/spieler/28581","Centre-Forward","24","North Macedonia","FK Obilic","Super liga Srbije","Serbia",0,FALSE,NA,"Winter",1,1,0,36
"FC U Craiova 1948",NA,NA,"2004","Arrivals","Alexandre Negri","https://www.transfermarkt.com/alexandre-negri/profil/spieler/19260","Goalkeeper","23","Cyprus","AC Ajaccio B",NA,"France",NA,FALSE,"?","Winter",NA,NA,NA,NA
"FC U Craiova 1948",NA,NA,"2004","Arrivals","Corneliu Papură","https://www.transfermarkt.com/corneliu-papura/profil/spieler/48180","Centre-Back","31","Romania","AEL Limassol","Cyprus League","Cyprus",NA,FALSE,"?","Winter",15,15,0,1286
"FC U Craiova 1948",NA,NA,"2004","Arrivals","Constantin Gângioveanu","https://www.transfermarkt.com/constantin-gangioveanu/profil/spieler/48779","Left Winger","15","Romania","FCU Craiova U19",NA,"Romania",NA,FALSE,"-","Winter",1,1,0,19
"FC U Craiova 1948",NA,NA,"2004","Departures","Ionel Gane","https://www.transfermarkt.com/ionel-gane/profil/spieler/9933","Centre-Forward","33","Romania","TJ Jinmen Tiger","Super League","China",0,FALSE,NA,"Winter",5,5,0,337
"FC U Craiova 1948",NA,NA,"2004","Departures","Jeremie Njock","https://www.transfermarkt.com/jeremie-njock/profil/spieler/26679","Centre-Forward","24","Cameroon","RAEC Mons","Jupiler Pro League","Belgium",0,FALSE,NA,"Winter",8,8,4,674
"FC U Craiova 1948",NA,NA,"2004","Departures","Rubenilson","https://www.transfermarkt.com/rubenilson/profil/spieler/26689","Attacking Midfield","32","Belgium","RFC Lüttich",NA,"Belgium",0,FALSE,NA,"Winter",8,8,1,516
"FC U Craiova 1948",NA,NA,"2004","Departures","Dorel Mutica","https://www.transfermarkt.com/dorel-mutica/profil/spieler/169028","Centre-Back","31","Romania","Pápai PFC","NB I.","Hungary",0,FALSE,NA,"Winter",5,5,0,362
"FC U Craiova 1948",NA,NA,"2004","Departures","Mihai Tataru","https://www.transfermarkt.com/mihai-tataru/profil/spieler/26702","Goalkeeper","25","Romania","FC Vaslui",NA,"Romania",0,FALSE,NA,"Winter",NA,NA,NA,NA
"FC U Craiova 1948",NA,NA,"2004","Departures","Romeo Paduret","https://www.transfermarkt.com/romeo-paduret/profil/spieler/282861","Central Midfield","30","Romania","FC Caracal",NA,"Romania",NA,FALSE,"?","Winter",1,1,0,21
"FC U Craiova 1948",NA,NA,"2004","Departures","Csaba Borbely","https://www.transfermarkt.com/csaba-borbely/profil/spieler/26639","Centre-Forward","24","Romania","Bihor Oradea",NA,"Romania",NA,FALSE,"?","Winter",10,10,0,532
"FC U Craiova 1948",NA,NA,"2004","Departures","Mircea Ilie","https://www.transfermarkt.com/mircea-ilie/profil/spieler/26663","Centre-Forward","27","Romania","Pandurii ",NA,"Romania",NA,FALSE,"?","Winter",8,8,0,252
"FC U Craiova 1948",NA,NA,"2004","Departures","Filston","https://www.transfermarkt.com/filston/profil/spieler/199417","Left-Back","23","DR Congo","KV Kortrijk","Challenger Pro League","Belgium",NA,FALSE,"?","Winter",2,2,0,90
"FC U Craiova 1948",NA,NA,"2004","Departures","Ovidiu Hoban","https://www.transfermarkt.com/ovidiu-hoban/profil/spieler/81484","Defensive Midfield","22","Romania","Bihor Oradea",NA,"Romania",NA,FALSE,"?","Winter",1,1,0,45
"FC U Craiova 1948",NA,NA,"2004","Departures","Sorin Frunză","https://www.transfermarkt.com/sorin-frunza/profil/spieler/26648","Left Midfield","26","Romania","FC Vaslui",NA,"Romania",NA,TRUE,"End of loan Dec 31, 2004","Winter",15,15,1,935
"FC Rapid 1923","SuperLiga","Romania","2004","Arrivals","Artavazd Karamyan","https://www.transfermarkt.com/artavazd-karamyan/profil/spieler/34504","Left Midfield","24","Armenia","Pyunik Yerevan",NA,"Armenia",6e+05,FALSE,NA,"Summer",15,15,0,1199
"FC Rapid 1923","SuperLiga","Romania","2004","Arrivals","Marius Constantin","https://www.transfermarkt.com/marius-constantin/profil/spieler/34503","Centre-Back","19","Romania","FC Brasov","SuperLiga","Romania",5e+05,FALSE,NA,"Summer",19,19,0,1537
"FC Rapid 1923","SuperLiga","Romania","2004","Arrivals","Rogério","https://www.transfermarkt.com/rogerio/profil/spieler/160201","Left Winger","29","Brazil","Campinense-PB",NA,"Brazil",0,FALSE,NA,"Summer",1,1,0,7
"FC Rapid 1923","SuperLiga","Romania","2004","Arrivals","Marian Aliuta","https://www.transfermarkt.com/marian-aliuta/profil/spieler/28532","Attacking Midfield","26","Romania","FCSB","SuperLiga","Romania",0,FALSE,NA,"Summer",10,10,1,689
"FC Rapid 1923","SuperLiga","Romania","2004","Arrivals","Lucian Burdujan","https://www.transfermarkt.com/lucian-burdujan/profil/spieler/35435","Centre-Forward","20","Romania","Ceahlaul",NA,"Romania",0,FALSE,NA,"Summer",22,22,8,1351
"FC Rapid 1923","SuperLiga","Romania","2004","Arrivals","Valentin Negru","https://www.transfermarkt.com/valentin-negru/profil/spieler/35439","Central Midfield","21","Romania","Sportul S.","SuperLiga","Romania",NA,FALSE,"?","Summer",25,25,2,1355
"FC Rapid 1923","SuperLiga","Romania","2004","Arrivals","Anton Petrea","https://www.transfermarkt.com/anton-petrea/profil/spieler/324777","Midfielder","29","Romania","Daco-Getica",NA,"Romania",NA,FALSE,"?","Summer",NA,NA,NA,NA
"FC Rapid 1923","SuperLiga","Romania","2004","Arrivals","Júnior","https://www.transfermarkt.com/junior/profil/spieler/7022","Defensive Midfield","25","Brazil","Bursaspor","1.Lig","Türkiye",NA,FALSE,"?","Summer",6,6,0,385
"FC Rapid 1923","SuperLiga","Romania","2004","Arrivals","Arman Karamyan","https://www.transfermarkt.com/arman-karamyan/profil/spieler/44091","Left Winger","24","Armenia","Arsenal Kyiv","Premier Liga","Ukraine",NA,FALSE,"?","Summer",5,5,0,43
"FC Rapid 1923","SuperLiga","Romania","2004","Arrivals","Nicolae Grigore","https://www.transfermarkt.com/nicolae-grigore/profil/spieler/35437","Central Midfield","20","Romania","FC Brasov","SuperLiga","Romania",NA,TRUE,"End of loan Jun 30, 2004","Summer",15,15,2,566
"FC Rapid 1923","SuperLiga","Romania","2004","Departures","Valeriu Bordeanu","https://www.transfermarkt.com/valeriu-bordeanu/profil/spieler/25848","Left-Back","27","Romania","Kuban Krasnodar","Premier Liga","Russia",150000,FALSE,NA,"Summer",NA,NA,NA,NA
"FC Rapid 1923","SuperLiga","Romania","2004","Departures","Victoras Iacob","https://www.transfermarkt.com/victoras-iacob/profil/spieler/34757","Centre-Forward","23","Romania","Otelul Galati","SuperLiga","Romania",25000,FALSE,NA,"Summer",NA,NA,NA,NA
"FC Rapid 1923","SuperLiga","Romania","2004","Departures","Cristian Irimia","https://www.transfermarkt.com/cristian-irimia/profil/spieler/26039","Right-Back","22","Romania","FC Dinamo","SuperLiga","Romania",0,FALSE,NA,"Summer",NA,NA,NA,NA
"FC Rapid 1923","SuperLiga","Romania","2004","Departures","Sergiu Brujan","https://www.transfermarkt.com/sergiu-brujan/profil/spieler/47404","Right-Back","28","Romania","FC Brasov","SuperLiga","Romania",NA,FALSE,"?","Summer",NA,NA,NA,NA
"FC Rapid 1923","SuperLiga","Romania","2004","Departures","George Galamaz","https://www.transfermarkt.com/george-galamaz/profil/spieler/26035","Centre-Back","23","Romania","FC Dinamo","SuperLiga","Romania",NA,FALSE,"?","Summer",NA,NA,NA,NA
"FC Rapid 1923","SuperLiga","Romania","2004","Departures","Ovidiu Sabău","https://www.transfermarkt.com/ovidiu-sabau/profil/spieler/104071","Central Midfield","36","Romania","Gaz Metan",NA,"Romania",NA,FALSE,"?","Summer",NA,NA,NA,NA
"FC Rapid 1923","SuperLiga","Romania","2004","Departures","Noureddine Ziyati","https://www.transfermarkt.com/noureddine-ziyati/profil/spieler/25925","Attacking Midfield","29","Morocco","Amkar Perm","Premier Liga","Russia",NA,FALSE,"?","Summer",NA,NA,NA,NA
"FC Rapid 1923","SuperLiga","Romania","2004","Departures","Robert Nita","https://www.transfermarkt.com/robert-nita/profil/spieler/232434","Striker","27","Romania","H. Beer Sheva","Ligat ha'Al","Israel",NA,FALSE,"?","Summer",NA,NA,NA,NA
"FC Rapid 1923","SuperLiga","Romania","2004","Departures","Andrian Bogdan","https://www.transfermarkt.com/andrian-bogdan/profil/spieler/168997","Goalkeeper","27","Moldova","Poli. Timisoara","SuperLiga","Romania",NA,FALSE,"?","Summer",NA,NA,NA,NA
"FC Rapid 1923","SuperLiga","Romania","2004","Departures","Ciprian Vasilache","https://www.transfermarkt.com/ciprian-vasilache/profil/spieler/34514","Attacking Midfield","20","Romania","Gloria Bistrita","SuperLiga","Romania",NA,TRUE,"loan transfer","Summer",12,12,1,372
"FC Rapid 1923","SuperLiga","Romania","2004","Departures","Adrian Patulea","https://www.transfermarkt.com/adrian-patulea/profil/spieler/119390","Centre-Forward","19","Romania","FCM Targoviste",NA,"Romania",NA,TRUE,"loan transfer","Summer",NA,NA,NA,NA
"FC Rapid 1923","SuperLiga","Romania","2004","Arrivals","Dănuț Coman","https://www.transfermarkt.com/danut-coman/profil/spieler/34501","Goalkeeper","25","Romania","FC Arges","SuperLiga","Romania",0,FALSE,NA,"Winter",14,14,0,1255
"FC Rapid 1923","SuperLiga","Romania","2004","Arrivals","Mugurel Buga","https://www.transfermarkt.com/mugurel-buga/profil/spieler/35434","Centre-Forward","27","Romania","FC Brasov","SuperLiga","Romania",0,FALSE,NA,"Winter",15,15,4,1322
"FC Rapid 1923","SuperLiga","Romania","2004","Arrivals","Adrian Rusu","https://www.transfermarkt.com/adrian-rusu/profil/spieler/35440","Right-Back","20","Romania","UTA Arad",NA,"Romania",0,FALSE,NA,"Winter",1,1,0,90
"FC Rapid 1923","SuperLiga","Romania","2004","Arrivals","Marius Postolache","https://www.transfermarkt.com/marius-postolache/profil/spieler/35433","Right Midfield","20","Romania","Unirea SM",NA,"Romania",NA,FALSE,"?","Winter",NA,NA,NA,NA
"FC Rapid 1923","SuperLiga","Romania","2004","Arrivals","Cristian Ionescu","https://www.transfermarkt.com/cristian-ionescu/profil/spieler/64175","Left-Back","26","Romania","Rapid 1923 II",NA,"Romania",NA,FALSE,"-","Winter",14,14,0,1021
"FC Rapid 1923","SuperLiga","Romania","2004","Arrivals","Ciprian Vasilache","https://www.transfermarkt.com/ciprian-vasilache/profil/spieler/34514","Attacking Midfield","21","Romania","Gloria Bistrita","SuperLiga","Romania",NA,TRUE,"End of loan Dec 31, 2004","Winter",12,12,1,372
"FC Rapid 1923","SuperLiga","Romania","2004","Departures","Marian Aliuta","https://www.transfermarkt.com/marian-aliuta/profil/spieler/28532","Attacking Midfield","26","Romania","Jeonnam Dragons","K League - 2nd Stage","Korea, South",0,FALSE,NA,"Winter",10,10,1,689
"FC Rapid 1923","SuperLiga","Romania","2004","Departures","Sabin Ilie","https://www.transfermarkt.com/sabin-ilie/profil/spieler/717","Centre-Forward","29","Romania","CC Yatai",NA,"China",0,FALSE,NA,"Winter",12,12,5,922
"FC Rapid 1923","SuperLiga","Romania","2004","Departures","Rogério","https://www.transfermarkt.com/rogerio/profil/spieler/160201","Left Winger","30","Brazil","Treze",NA,"Brazil",0,FALSE,NA,"Winter",1,1,0,7
"FC Rapid 1923","SuperLiga","Romania","2004","Departures","Emmanuel Godfroid","https://www.transfermarkt.com/emmanuel-godfroid/profil/spieler/143594","Left Midfield","32","Belgium","RFC Lüttich",NA,"Belgium",NA,FALSE,"?","Winter",3,3,0,59
"FC Rapid 1923","SuperLiga","Romania","2004","Departures","Arman Karamyan","https://www.transfermarkt.com/arman-karamyan/profil/spieler/44091","Left Winger","25","Armenia","FC Brasov","SuperLiga","Romania",NA,TRUE,"loan transfer","Winter",5,5,0,43
"FC Rapid 1923","SuperLiga","Romania","2004","Departures","Ionut Rada","https://www.transfermarkt.com/ionut-rada/profil/spieler/34506","Centre-Back","22","Romania","Progresul","SuperLiga","Romania",NA,TRUE,"loan transfer","Winter",2,2,0,72
"FC Arges Pitesti (- 2013)",NA,NA,"2004","Arrivals","Bogdan Vintilă","https://www.transfermarkt.com/bogdan-vintila/profil/spieler/10124","Goalkeeper","32","Romania","Bursaspor","1.Lig","Türkiye",0,FALSE,NA,"Summer",12,12,0,1080
"FC Arges Pitesti (- 2013)",NA,NA,"2004","Arrivals","Ioan Daniel Petroesc","https://www.transfermarkt.com/ioan-daniel-petroesc/profil/spieler/301407","Right-Back","28","Romania","Petrolul",NA,"Romania",NA,FALSE,"?","Summer",2,2,0,135
"FC Arges Pitesti (- 2013)",NA,NA,"2004","Arrivals","Marius Sava","https://www.transfermarkt.com/marius-sava/profil/spieler/69153","Right Midfield","25","Romania","Progresul","SuperLiga","Romania",NA,FALSE,"?","Summer",21,21,4,1576
"FC Arges Pitesti (- 2013)",NA,NA,"2004","Arrivals","Ștefan Preda","https://www.transfermarkt.com/stefan-preda/profil/spieler/102024","Goalkeeper","34","Romania","FC Dinamo","SuperLiga","Romania",NA,FALSE,"?","Summer",3,3,0,270
"FC Arges Pitesti (- 2013)",NA,NA,"2004","Arrivals","Viorel Domocoş","https://www.transfermarkt.com/viorel-domocos/profil/spieler/304708","Central Midfield","29","Romania","CQ Liangjiang","Super League","China",NA,FALSE,"?","Summer",4,4,0,117
"FC Arges Pitesti (- 2013)",NA,NA,"2004","Arrivals","Cornel Dobre","https://www.transfermarkt.com/cornel-dobre/profil/spieler/48831","Right-Back","28","Romania","Otelul Galati","SuperLiga","Romania",NA,FALSE,"?","Summer",21,21,1,1461
"FC Arges Pitesti (- 2013)",NA,NA,"2004","Arrivals","Liviu Negoiță","https://www.transfermarkt.com/liviu-negoita/profil/spieler/48882","Left Midfield","27","Romania","Petrolul",NA,"Romania",NA,FALSE,"?","Summer",14,14,0,1044
"FC Arges Pitesti (- 2013)",NA,NA,"2004","Arrivals","Bogdan Vrăjitoarea","https://www.transfermarkt.com/bogdan-vrajitoarea/profil/spieler/46680","Centre-Forward","26","Romania","Bihor Oradea",NA,"Romania",NA,FALSE,"?","Summer",10,10,1,493
"FC Arges Pitesti (- 2013)",NA,NA,"2004","Arrivals","Bobi Verdeș","https://www.transfermarkt.com/bobi-verdes/profil/spieler/64084","Centre-Forward","23","Romania","Otelul Galati","SuperLiga","Romania",NA,FALSE,"?","Summer",2,2,0,74
"FC Arges Pitesti (- 2013)",NA,NA,"2004","Departures","Remus Ganea","https://www.transfermarkt.com/remus-ganea/profil/spieler/374350","Left-Back","31","Romania","Unknown",NA,NA,0,FALSE,NA,"Summer",NA,NA,NA,NA
"FC Arges Pitesti (- 2013)",NA,NA,"2004","Departures","Lukasz Kubik","https://www.transfermarkt.com/lukasz-kubik/profil/spieler/26546","Right Midfield","26","Poland","APO Levadiakos","Football League","Greece",0,FALSE,NA,"Summer",NA,NA,NA,NA
"FC Arges Pitesti (- 2013)",NA,NA,"2004","Departures","Stefan Savulescu","https://www.transfermarkt.com/stefan-savulescu/profil/spieler/885443","Central Midfield","19","Romania","Unknown",NA,NA,0,FALSE,NA,"Summer",NA,NA,NA,NA
"FC Arges Pitesti (- 2013)",NA,NA,"2004","Departures","Viorel Tănase","https://www.transfermarkt.com/viorel-tanase/profil/spieler/47473","Left Midfield","33","Romania","Otelul Galati","SuperLiga","Romania",NA,FALSE,"?","Summer",NA,NA,NA,NA
"FC Arges Pitesti (- 2013)",NA,NA,"2004","Departures","Remus Marta","https://www.transfermarkt.com/remus-marta/profil/spieler/885442","Central Midfield","28","Romania","Al-Ittihad",NA,"Libya",NA,FALSE,"?","Summer",NA,NA,NA,NA
"FC Arges Pitesti (- 2013)",NA,NA,"2004","Departures","Florentin Rădulescu","https://www.transfermarkt.com/florentin-radulescu/profil/spieler/885440","Goalkeeper","27","Romania","Petrolul",NA,"Romania",NA,FALSE,"?","Summer",NA,NA,NA,NA
"FC Arges Pitesti (- 2013)",NA,NA,"2004","Departures","Mihai Antal","https://www.transfermarkt.com/mihai-antal/profil/spieler/874643","Centre-Forward","27","Romania","CS Mioveni",NA,"Romania",NA,FALSE,"?","Summer",NA,NA,NA,NA
"FC Arges Pitesti (- 2013)",NA,NA,"2004","Departures","Mircea Stan","https://www.transfermarkt.com/mircea-stan/profil/spieler/48752","Right-Back","26","Romania","Zimbru Chisinau",NA,"Moldova",NA,FALSE,"?","Summer",13,13,1,1016
"FC Arges Pitesti (- 2013)",NA,NA,"2004","Departures","Gabriel Crăciun","https://www.transfermarkt.com/gabriel-craciun/profil/spieler/81476","Right-Back","22","Romania","Gaz Metan",NA,"Romania",NA,FALSE,"?","Summer",NA,NA,NA,NA
"FC Arges Pitesti (- 2013)",NA,NA,"2004","Departures","Florin Hidisan","https://www.transfermarkt.com/florin-hidisan/profil/spieler/48850","Right Midfield","22","Romania","CS Otopeni",NA,"Romania",NA,FALSE,"?","Summer",NA,NA,NA,NA
"FC Arges Pitesti (- 2013)",NA,NA,"2004","Departures","Nemanja Jovanovic","https://www.transfermarkt.com/nemanja-jovanovic/profil/spieler/47878","Centre-Forward","20","Serbia","Unirea Urziceni",NA,"Romania",NA,TRUE,"End of loan Jun 30, 2004","Summer",NA,NA,NA,NA
"FC Arges Pitesti (- 2013)",NA,NA,"2004","Arrivals","Daniel Costescu","https://www.transfermarkt.com/daniel-costescu/profil/spieler/48825","Centre-Forward","28","Romania","Petrolul",NA,"Romania",NA,FALSE,"?","Winter",8,8,0,149
"FC Arges Pitesti (- 2013)",NA,NA,"2004","Arrivals","Ciprian Danciu","https://www.transfermarkt.com/ciprian-danciu/profil/spieler/62453","Attacking Midfield","27","Romania","Otelul Galati","SuperLiga","Romania",NA,FALSE,"?","Winter",11,11,0,928
"FC Arges Pitesti (- 2013)",NA,NA,"2004","Arrivals","Robert Neagoe","https://www.transfermarkt.com/robert-neagoe/profil/spieler/33902","Left Midfield","22","Romania","CS Mioveni",NA,"Romania",NA,FALSE,"?","Winter",9,9,0,157
"FC Arges Pitesti (- 2013)",NA,NA,"2004","Departures","Dănuț Coman","https://www.transfermarkt.com/danut-coman/profil/spieler/34501","Goalkeeper","25","Romania","FC Rapid 1923","SuperLiga","Romania",0,FALSE,NA,"Winter",15,15,0,1350
"FC Arges Pitesti (- 2013)",NA,NA,"2004","Departures","Emil Dica","https://www.transfermarkt.com/emil-dica/profil/spieler/34509","Defensive Midfield","22","Romania","CS Mioveni",NA,"Romania",NA,FALSE,"?","Winter",24,24,1,1929
"FC Arges Pitesti (- 2013)",NA,NA,"2004","Departures","Ilie Baicu","https://www.transfermarkt.com/ilie-baicu/profil/spieler/46498","Left-Back","30","Romania","CS Mioveni",NA,"Romania",NA,FALSE,"?","Winter",24,24,1,1887
"FC Arges Pitesti (- 2013)",NA,NA,"2004","Departures","Ioan Daniel Petroesc","https://www.transfermarkt.com/ioan-daniel-petroesc/profil/spieler/301407","Right-Back","29","Romania","FC Brasov","SuperLiga","Romania",NA,FALSE,"?","Winter",2,2,0,135
"FC Arges Pitesti (- 2013)",NA,NA,"2004","Departures","Bobi Verdeș","https://www.transfermarkt.com/bobi-verdes/profil/spieler/64084","Centre-Forward","24","Romania","CS Mioveni",NA,"Romania",NA,FALSE,"?","Winter",2,2,0,74
"FC Arges Pitesti (- 2013)",NA,NA,"2004","Departures","Cosmin Nastasie","https://www.transfermarkt.com/cosmin-nastasie/profil/spieler/46604","Centre-Forward","21","Romania","CS Mioveni",NA,"Romania",NA,TRUE,"loan transfer","Winter",17,17,2,674
"FCM Bacau (- 2014)",NA,NA,"2004","Arrivals","Florin Petcu","https://www.transfermarkt.com/florin-petcu/profil/spieler/282862","Striker","28","Romania","FC Vaslui",NA,"Romania",NA,FALSE,"?","Summer",26,26,0,592
"FCM Bacau (- 2014)",NA,NA,"2004","Arrivals","Georgian Bordeanu","https://www.transfermarkt.com/georgian-bordeanu/profil/spieler/102401","Goalkeeper","21","Romania","Unknown",NA,NA,NA,FALSE,"?","Summer",NA,NA,NA,NA
"FCM Bacau (- 2014)",NA,NA,"2004","Departures","Andrei Cristea","https://www.transfermarkt.com/andrei-cristea/profil/spieler/26491","Centre-Forward","20","Romania","FCSB","SuperLiga","Romania",8e+05,FALSE,NA,"Summer",NA,NA,NA,NA
"FCM Bacau (- 2014)",NA,NA,"2004","Departures","Eugen Baciu","https://www.transfermarkt.com/eugen-baciu/profil/spieler/26487","Centre-Back","24","Romania","FCSB","SuperLiga","Romania",4e+05,FALSE,NA,"Summer",5,5,1,450
"FCM Bacau (- 2014)",NA,NA,"2004","Departures","Cristian Ciocoiu","https://www.transfermarkt.com/cristian-ciocoiu/profil/spieler/26490","Centre-Forward","28","Romania","FCSB","SuperLiga","Romania",150000,FALSE,NA,"Summer",NA,NA,NA,NA
"FCM Bacau (- 2014)",NA,NA,"2004","Departures","Florin Prunea","https://www.transfermarkt.com/florin-prunea/profil/spieler/20658","Goalkeeper","35","Romania","AO Xanthi","Super League 1","Greece",0,FALSE,NA,"Summer",NA,NA,NA,NA
"FCM Bacau (- 2014)",NA,NA,"2004","Departures","Giani Gorga","https://www.transfermarkt.com/giani-gorga/profil/spieler/885881","Attacking Midfield","31","Romania","CSM Focsani",NA,"Romania",0,FALSE,NA,"Summer",NA,NA,NA,NA
"FCM Bacau (- 2014)",NA,NA,"2004","Departures","Vasile Ardeleanu","https://www.transfermarkt.com/vasile-ardeleanu/profil/spieler/885861","Centre-Back","30","Romania","FC Vaslui",NA,"Romania",0,FALSE,NA,"Summer",NA,NA,NA,NA
"FCM Bacau (- 2014)",NA,NA,"2004","Departures","Dorin Cristache","https://www.transfermarkt.com/dorin-cristache/profil/spieler/885863","Centre-Forward","23","Romania","Dinamo II",NA,"Romania",0,FALSE,NA,"Summer",NA,NA,NA,NA
"FCM Bacau (- 2014)",NA,NA,"2004","Departures","Nivaldo","https://www.transfermarkt.com/nivaldo/profil/spieler/277222","Right Midfield","26","Brazil","FC Vaslui",NA,"Romania",NA,FALSE,"?","Summer",NA,NA,NA,NA
"FCM Bacau (- 2014)",NA,NA,"2004","Departures","Gheorghe Ciurlea","https://www.transfermarkt.com/gheorghe-ciurlea/profil/spieler/885862","Defensive Midfield","25","Romania","CSM Roman",NA,"Romania",NA,FALSE,"?","Summer",NA,NA,NA,NA
"FCM Bacau (- 2014)",NA,NA,"2004","Departures","Eduard Radu Ciobanu","https://www.transfermarkt.com/eduard-radu-ciobanu/profil/spieler/47495","Centre-Back","28","Romania","Without Club",NA,NA,NA,FALSE,"-","Summer",NA,NA,NA,NA
"FCM Bacau (- 2014)",NA,NA,"2004","Arrivals","Valentin Geaman","https://www.transfermarkt.com/valentin-geaman/profil/spieler/64047","Centre-Back","25","Romania","CSM Moinesti",NA,"Romania",NA,FALSE,"?","Winter",12,12,1,1052
"FCM Bacau (- 2014)",NA,NA,"2004","Arrivals","Ciprian Manea","https://www.transfermarkt.com/ciprian-manea/profil/spieler/64061","Goalkeeper","24","Romania","CSM Roman",NA,"Romania",NA,FALSE,"?","Winter",4,4,0,307
"FCM Bacau (- 2014)",NA,NA,"2004","Arrivals","Gabriel Catalin Doltea","https://www.transfermarkt.com/gabriel-catalin-doltea/profil/spieler/64039","Striker","24","Romania","Unknown",NA,NA,NA,FALSE,"?","Winter",14,14,1,791
"FCM Bacau (- 2014)",NA,NA,"2004","Departures","Florin Lovin","https://www.transfermarkt.com/florin-lovin/profil/spieler/26497","Central Midfield","22","Romania","FCSB","SuperLiga","Romania",5e+05,FALSE,NA,"Winter",5,5,1,441
"FC Sportul Studențesc Bucharest",NA,NA,"2004","Arrivals","Andrei Stanga","https://www.transfermarkt.com/andrei-stanga/profil/spieler/64241","Centre-Back","19","Romania","Unknown",NA,NA,0,FALSE,NA,"Summer",NA,NA,NA,NA
"FC Sportul Studențesc Bucharest",NA,NA,"2004","Arrivals","Viorel Ferfelea","https://www.transfermarkt.com/viorel-ferfelea/profil/spieler/64159","Attacking Midfield","19","Romania","Dinamo U18",NA,"Romania",0,FALSE,NA,"Summer",14,14,0,519
"FC Sportul Studențesc Bucharest",NA,NA,"2004","Arrivals","Marius Nae","https://www.transfermarkt.com/marius-nae/profil/spieler/48770","Attacking Midfield","23","Romania","Progresul","SuperLiga","Romania",NA,FALSE,"?","Summer",20,20,1,1105
"FC Sportul Studențesc Bucharest",NA,NA,"2004","Arrivals","Raul Ciupe","https://www.transfermarkt.com/raul-ciupe/profil/spieler/64129","Right-Back","20","Romania","Gaz Metan",NA,"Romania",NA,FALSE,"?","Summer",15,15,0,1084
"FC Sportul Studențesc Bucharest",NA,NA,"2004","Arrivals","Marian Dedu","https://www.transfermarkt.com/marian-dedu/profil/spieler/64146","Centre-Back","20","Romania","Unknown",NA,NA,NA,FALSE,"?","Summer",19,19,0,1372
"FC Sportul Studențesc Bucharest",NA,NA,"2004","Arrivals","Lucian Turcu","https://www.transfermarkt.com/lucian-turcu/profil/spieler/54497","Left-Back","17","Romania","U Cluj",NA,"Romania",NA,FALSE,"?","Summer",1,1,0,62
"FC Sportul Studențesc Bucharest",NA,NA,"2004","Arrivals","Costin Curelea","https://www.transfermarkt.com/costin-curelea/profil/spieler/64141","Centre-Forward","19","Romania","S. Stud. II",NA,"Romania",NA,FALSE,"-","Summer",23,23,2,586
"FC Sportul Studențesc Bucharest",NA,NA,"2004","Arrivals","Dacian Varga","https://www.transfermarkt.com/dacian-varga/profil/spieler/64252","Left Midfield","19","Romania","S. Stud. II",NA,"Romania",NA,FALSE,"-","Summer",8,8,0,80
"FC Sportul Studențesc Bucharest",NA,NA,"2004","Arrivals","Răzvan Patriche","https://www.transfermarkt.com/razvan-patriche/profil/spieler/64218","Centre-Back","18","Romania","S. Student. U19",NA,"Romania",NA,FALSE,"-","Summer",NA,NA,NA,NA
"FC Sportul Studențesc Bucharest",NA,NA,"2004","Departures","Valentin Negru","https://www.transfermarkt.com/valentin-negru/profil/spieler/35439","Central Midfield","21","Romania","FC Rapid 1923","SuperLiga","Romania",NA,FALSE,"?","Summer",NA,NA,NA,NA
"FC Sportul Studențesc Bucharest",NA,NA,"2004","Departures","Valentin Ioviţă","https://www.transfermarkt.com/valentin-iovita/profil/spieler/54739","Left Midfield","20","Romania","Dunarea Galati",NA,"Romania",NA,FALSE,"?","Summer",NA,NA,NA,NA
"FC Sportul Studențesc Bucharest",NA,NA,"2004","Departures","Cristian Pulhac","https://www.transfermarkt.com/cristian-pulhac/profil/spieler/34781","Left-Back","19","Romania","FC Dinamo","SuperLiga","Romania",NA,TRUE,"End of loan Jun 30, 2004","Summer",NA,NA,NA,NA
"Farul Constanta (- 2016)",NA,NA,"2004","Arrivals","Claudiu Voiculet","https://www.transfermarkt.com/claudiu-voiculet/profil/spieler/46679","Central Midfield","18","Romania","FCM Targoviste",NA,"Romania",0,FALSE,NA,"Summer",9,9,1,468
"Farul Constanta (- 2016)",NA,NA,"2004","Arrivals","Dinu Todoran","https://www.transfermarkt.com/dinu-todoran/profil/spieler/46666","Attacking Midfield","25","Romania","Petrolul",NA,"Romania",NA,FALSE,"?","Summer",25,25,3,1824
"Farul Constanta (- 2016)",NA,NA,"2004","Arrivals","Mihai Baicu","https://www.transfermarkt.com/mihai-baicu/profil/spieler/282230","Striker","28","Romania","V. Ghimbav",NA,"Romania",NA,FALSE,"?","Summer",21,21,2,1051
"Farul Constanta (- 2016)",NA,NA,"2004","Arrivals","Iulian Apostol","https://www.transfermarkt.com/iulian-apostol/profil/spieler/46489","Central Midfield","23","Romania","Otelul Galati","SuperLiga","Romania",NA,FALSE,"?","Summer",18,18,0,1154
"Farul Constanta (- 2016)",NA,NA,"2004","Arrivals","Adrian Vlas","https://www.transfermarkt.com/adrian-vlas/profil/spieler/46676","Goalkeeper","22","Romania","Unknown",NA,NA,NA,TRUE,"End of loan Jun 30, 2004","Summer",5,4,0,342
"Farul Constanta (- 2016)",NA,NA,"2004","Departures","Ionuț Bălan","https://www.transfermarkt.com/ionut-balan/profil/spieler/26034","Right-Back","26","Romania","FC Dinamo","SuperLiga","Romania",120000,FALSE,NA,"Summer",NA,NA,NA,NA
"Farul Constanta (- 2016)",NA,NA,"2004","Departures","Bogdan Onut","https://www.transfermarkt.com/bogdan-onut/profil/spieler/47491","Centre-Back","27","Romania","Poli Iasi","SuperLiga","Romania",NA,FALSE,"?","Summer",NA,NA,NA,NA
"Farul Constanta (- 2016)",NA,NA,"2004","Departures","Marian Sandru","https://www.transfermarkt.com/marian-sandru/profil/spieler/64231","Left-Back","22","Romania","Poli Iasi","SuperLiga","Romania",NA,FALSE,"?","Summer",NA,NA,NA,NA
"Farul Constanta (- 2016)",NA,NA,"2004","Departures","William Amamoo","https://www.transfermarkt.com/william-amamoo/profil/spieler/104357","Goalkeeper","19","Ghana","Syrianska FC",NA,"Sweden",NA,FALSE,"?","Summer",NA,NA,NA,NA
"Farul Constanta (- 2016)",NA,NA,"2004","Departures","Mircea Gheorghiu","https://www.transfermarkt.com/mircea-gheorghiu/profil/spieler/886025","Centre-Forward","18","Romania","Callatis",NA,"Romania",NA,TRUE,"loan transfer","Summer",NA,NA,NA,NA
"Farul Constanta (- 2016)",NA,NA,"2004","Departures","Alexandru Baltoi","https://www.transfermarkt.com/alexandru-baltoi/profil/spieler/26045","Centre-Forward","22","Romania","FC Dinamo","SuperLiga","Romania",NA,TRUE,"End of loan Jun 30, 2004","Summer",NA,NA,NA,NA
"Farul Constanta (- 2016)",NA,NA,"2004","Arrivals","Vasile Păcuraru","https://www.transfermarkt.com/vasile-pacuraru/profil/spieler/46614","Centre-Back","17","Romania","Farul U19",NA,"Romania",NA,FALSE,"-","Winter",1,1,0,34
"Farul Constanta (- 2016)",NA,NA,"2004","Departures","Radu Oprea","https://www.transfermarkt.com/radu-oprea/profil/spieler/886002","Centre-Back","21","Romania","Unknown",NA,NA,0,FALSE,NA,"Winter",NA,NA,NA,NA
"FC Brasov (- 2017)",NA,NA,"2004","Arrivals","Márcio Santos","https://www.transfermarkt.com/marcio-santos/profil/spieler/45364","Goalkeeper","25","Portugal","Estrela Amadora","Liga Portugal 2","Portugal",180000,FALSE,NA,"Summer",NA,NA,NA,NA
"FC Brasov (- 2017)",NA,NA,"2004","Arrivals","Florin Pîrvu","https://www.transfermarkt.com/florin-pirvu/profil/spieler/81501","Defensive Midfield","29","Romania","HN FC",NA,"China",5000,FALSE,NA,"Summer",14,14,0,988
"FC Brasov (- 2017)",NA,NA,"2004","Arrivals","Darko Maric","https://www.transfermarkt.com/darko-maric/profil/spieler/27039","Centre-Forward","28","Serbia","Anagen.Derynias",NA,"Cyprus",0,FALSE,NA,"Summer",3,3,0,76
"FC Brasov (- 2017)",NA,NA,"2004","Arrivals","Marian Manole","https://www.transfermarkt.com/marian-manole/profil/spieler/43874","Left Winger","26","Romania","Unknown",NA,NA,0,FALSE,NA,"Summer",12,12,0,712
"FC Brasov (- 2017)",NA,NA,"2004","Arrivals","Mihai Colnic","https://www.transfermarkt.com/mihai-colnic/profil/spieler/302159","Striker","20","Romania","Fiorenzuola",NA,"Italy",0,FALSE,NA,"Summer",6,6,0,190
"FC Brasov (- 2017)",NA,NA,"2004","Arrivals","Sergiu Brujan","https://www.transfermarkt.com/sergiu-brujan/profil/spieler/47404","Right-Back","28","Romania","FC Rapid 1923","SuperLiga","Romania",NA,FALSE,"?","Summer",24,24,1,2006
"FC Brasov (- 2017)",NA,NA,"2004","Arrivals","Vasile Ghindaru","https://www.transfermarkt.com/vasile-ghindaru/profil/spieler/54734","Defensive Midfield","26","Romania","Petrolul",NA,"Romania",NA,FALSE,"?","Summer",13,13,4,1032
"FC Brasov (- 2017)",NA,NA,"2004","Arrivals","Miroslav Giuchici","https://www.transfermarkt.com/miroslav-giuchici/profil/spieler/292931","Striker","24","Romania","Gloria Bistrita","SuperLiga","Romania",NA,FALSE,"?","Summer",9,9,1,420
"FC Brasov (- 2017)",NA,NA,"2004","Arrivals","Lavi Hrib","https://www.transfermarkt.com/lavi-hrib/profil/spieler/301418","Centre-Forward","32","Romania","Cosenza",NA,"Italy",NA,FALSE,"?","Summer",2,2,0,69
"FC Brasov (- 2017)",NA,NA,"2004","Arrivals","Mihai Dăscălescu","https://www.transfermarkt.com/mihai-dascalescu/profil/spieler/300254","Centre-Forward","27","Romania","Petrolul",NA,"Romania",NA,FALSE,"?","Summer",16,16,1,601
"FC Brasov (- 2017)",NA,NA,"2004","Arrivals","Iulian Popa","https://www.transfermarkt.com/iulian-popa/profil/spieler/168281","Left Winger","19","Romania","Forex Brasov",NA,"Romania",NA,FALSE,"?","Summer",8,8,0,307
"FC Brasov (- 2017)",NA,NA,"2004","Arrivals","Cătălin Dedu","https://www.transfermarkt.com/catalin-dedu/profil/spieler/64145","Centre-Forward","17","Romania","FC Brasov U19",NA,"Romania",NA,FALSE,"-","Summer",2,2,1,45
"FC Brasov (- 2017)",NA,NA,"2004","Departures","Marius Constantin","https://www.transfermarkt.com/marius-constantin/profil/spieler/34503","Centre-Back","19","Romania","FC Rapid 1923","SuperLiga","Romania",5e+05,FALSE,NA,"Summer",NA,NA,NA,NA
"FC Brasov (- 2017)",NA,NA,"2004","Departures","Florin Stîngă","https://www.transfermarkt.com/florin-stinga/profil/spieler/47891","Central Midfield","26","Romania","Unknown",NA,NA,0,FALSE,NA,"Summer",4,4,0,95
"FC Brasov (- 2017)",NA,NA,"2004","Departures","Marius Onofraș","https://www.transfermarkt.com/marius-onofras/profil/spieler/47500","Right Winger","23","Romania","Poli Iasi","SuperLiga","Romania",NA,FALSE,"?","Summer",NA,NA,NA,NA
"FC Brasov (- 2017)",NA,NA,"2004","Departures","Mihai Stere","https://www.transfermarkt.com/mihai-stere/profil/spieler/123738","Attacking Midfield","28","Romania","Nea Salamis","Cyprus League","Cyprus",NA,FALSE,"?","Summer",NA,NA,NA,NA
"FC Brasov (- 2017)",NA,NA,"2004","Departures","Ciprian Mozacu","https://www.transfermarkt.com/ciprian-mozacu/profil/spieler/42784","Central Midfield","27","Romania","Otelul Galati","SuperLiga","Romania",NA,FALSE,"?","Summer",NA,NA,NA,NA
"FC Brasov (- 2017)",NA,NA,"2004","Departures","Cătălin Dedu","https://www.transfermarkt.com/catalin-dedu/profil/spieler/64145","Centre-Forward","17","Romania","Unknown",NA,NA,NA,TRUE,"loan transfer","Summer",2,2,1,45
"FC Brasov (- 2017)",NA,NA,"2004","Departures","Nicolae Grigore","https://www.transfermarkt.com/nicolae-grigore/profil/spieler/35437","Central Midfield","20","Romania","FC Rapid 1923","SuperLiga","Romania",NA,TRUE,"End of loan Jun 30, 2004","Summer",NA,NA,NA,NA
"FC Brasov (- 2017)",NA,NA,"2004","Arrivals","Ioan Daniel Petroesc","https://www.transfermarkt.com/ioan-daniel-petroesc/profil/spieler/301407","Right-Back","29","Romania","FC Arges","SuperLiga","Romania",NA,FALSE,"?","Winter",9,9,0,581
"FC Brasov (- 2017)",NA,NA,"2004","Arrivals","Dejan Pesic","https://www.transfermarkt.com/dejan-pesic/profil/spieler/66681","Goalkeeper","28","Serbia","Radnicki Nis",NA,"Serbia",NA,FALSE,"?","Winter",12,12,0,1080
"FC Brasov (- 2017)",NA,NA,"2004","Arrivals","Attila Vajda","https://www.transfermarkt.com/attila-vajda/profil/spieler/47894","Right-Back","23","Romania","Unknown",NA,NA,NA,FALSE,"?","Winter",3,3,0,118
"FC Brasov (- 2017)",NA,NA,"2004","Arrivals","Arman Karamyan","https://www.transfermarkt.com/arman-karamyan/profil/spieler/44091","Left Winger","25","Armenia","FC Rapid 1923","SuperLiga","Romania",NA,TRUE,"loan transfer","Winter",9,9,2,659
"FC Brasov (- 2017)",NA,NA,"2004","Departures","Florin Pîrvu","https://www.transfermarkt.com/florin-pirvu/profil/spieler/81501","Defensive Midfield","29","Romania","FC U Craiova","SuperLiga","Romania",15000,FALSE,NA,"Winter",14,14,0,988
"FC Brasov (- 2017)",NA,NA,"2004","Departures","Mugurel Buga","https://www.transfermarkt.com/mugurel-buga/profil/spieler/35434","Centre-Forward","27","Romania","FC Rapid 1923","SuperLiga","Romania",0,FALSE,NA,"Winter",14,14,4,1171
"FC Brasov (- 2017)",NA,NA,"2004","Departures","Vasile Ghindaru","https://www.transfermarkt.com/vasile-ghindaru/profil/spieler/54734","Defensive Midfield","26","Romania","Unknown",NA,NA,NA,FALSE,"?","Winter",13,13,4,1032
"FC Brasov (- 2017)",NA,NA,"2004","Departures","Boris Keca","https://www.transfermarkt.com/boris-keca/profil/spieler/282246","Centre-Back","26","Bosnia-Herzegovina","FCSB","SuperLiga","Romania",NA,FALSE,"?","Winter",3,3,0,138
"FC Brasov (- 2017)",NA,NA,"2004","Departures","Miroslav Giuchici","https://www.transfermarkt.com/miroslav-giuchici/profil/spieler/292931","Striker","24","Romania","Alba Iulia","SuperLiga","Romania",NA,FALSE,"?","Winter",9,9,1,420
"FC Brasov (- 2017)",NA,NA,"2004","Departures","Robert Dani","https://www.transfermarkt.com/robert-dani/profil/spieler/232428","Central Midfield","30","Romania","Daco-Getica",NA,"Romania",NA,FALSE,"?","Winter",10,10,0,525
"FC Brasov (- 2017)",NA,NA,"2004","Departures","Cornel Coman","https://www.transfermarkt.com/cornel-coman/profil/spieler/156367","Centre-Forward","23","Romania","Forex Brasov",NA,"Romania",NA,TRUE,"loan transfer","Winter",NA,NA,NA,NA
"CF Gloria Bistrita (- 2015)",NA,NA,"2004","Arrivals","Călin Albuț","https://www.transfermarkt.com/calin-albut/profil/spieler/46487","Goalkeeper","23","Romania","Minaur",NA,"Romania",0,FALSE,NA,"Summer",2,2,0,180
"CF Gloria Bistrita (- 2015)",NA,NA,"2004","Arrivals","Alin Chibulcutean","https://www.transfermarkt.com/alin-chibulcutean/profil/spieler/47871","Centre-Back","25","Romania","Armătura Zalău",NA,"Romania",NA,FALSE,"?","Summer",9,9,0,608
"CF Gloria Bistrita (- 2015)",NA,NA,"2004","Arrivals","Marius Drule","https://www.transfermarkt.com/marius-drule/profil/spieler/301402","Centre-Back","22","Romania","Minaur",NA,"Romania",NA,FALSE,"?","Summer",9,9,0,612
"CF Gloria Bistrita (- 2015)",NA,NA,"2004","Arrivals","Vasile Popa","https://www.transfermarkt.com/vasile-popa/profil/spieler/170806","Centre-Back","35","Romania","CS Mioveni",NA,"Romania",NA,FALSE,"?","Summer",25,25,0,2250
"CF Gloria Bistrita (- 2015)",NA,NA,"2004","Arrivals","Emil Dăncuș","https://www.transfermarkt.com/emil-dancus/profil/spieler/291820","Left Midfield","30","Romania","Stal Alchevsk","Persha Liga","Ukraine",NA,FALSE,"?","Summer",8,8,0,565
"CF Gloria Bistrita (- 2015)",NA,NA,"2004","Arrivals","Marius Dita","https://www.transfermarkt.com/marius-dita/profil/spieler/301459","Right-Back","28","Romania","CS Mioveni",NA,"Romania",NA,FALSE,"?","Summer",7,7,0,501
"CF Gloria Bistrita (- 2015)",NA,NA,"2004","Arrivals","Adrian Nalati","https://www.transfermarkt.com/adrian-nalati/profil/spieler/46603","Central Midfield","21","Romania","Arezzo","Serie B","Italy",NA,FALSE,"?","Summer",4,4,0,210
"CF Gloria Bistrita (- 2015)",NA,NA,"2004","Arrivals","Szabolcs Szekely","https://www.transfermarkt.com/szabolcs-szekely/profil/spieler/48908","Centre-Forward","19","Romania","Unknown",NA,NA,NA,FALSE,"?","Summer",5,5,0,83
"CF Gloria Bistrita (- 2015)",NA,NA,"2004","Arrivals","Ciprian Vasilache","https://www.transfermarkt.com/ciprian-vasilache/profil/spieler/34514","Attacking Midfield","20","Romania","FC Rapid 1923","SuperLiga","Romania",NA,TRUE,"loan transfer","Summer",7,7,0,332
"CF Gloria Bistrita (- 2015)",NA,NA,"2004","Arrivals","Sandu Bors","https://www.transfermarkt.com/sandu-bors/profil/spieler/202013","Defender","24","Romania","Gaz Metan",NA,"Romania",NA,TRUE,"End of loan Jun 30, 2004","Summer",4,4,0,66
"CF Gloria Bistrita (- 2015)",NA,NA,"2004","Arrivals","Dinu Sânmărtean","https://www.transfermarkt.com/dinu-sanmartean/profil/spieler/46642","Left-Back","22","Romania","FC Vaslui",NA,"Romania",NA,TRUE,"End of loan Jun 30, 2004","Summer",23,23,0,1755
"CF Gloria Bistrita (- 2015)",NA,NA,"2004","Departures","Vasile Jula","https://www.transfermarkt.com/vasile-jula/profil/spieler/43319","Centre-Back","29","Romania","CFR Cluj","SuperLiga","Romania",0,FALSE,NA,"Summer",NA,NA,NA,NA
"CF Gloria Bistrita (- 2015)",NA,NA,"2004","Departures","Emilian Hulubei","https://www.transfermarkt.com/emilian-hulubei/profil/spieler/885865","Defender","25","Romania","Inter Gaz",NA,"Romania",0,FALSE,NA,"Summer",NA,NA,NA,NA
"CF Gloria Bistrita (- 2015)",NA,NA,"2004","Departures","Valentin Velcea","https://www.transfermarkt.com/valentin-velcea/profil/spieler/300302","Defensive Midfield","30","Romania","Poli. Timisoara","SuperLiga","Romania",NA,FALSE,"?","Summer",NA,NA,NA,NA
"CF Gloria Bistrita (- 2015)",NA,NA,"2004","Departures","Miroslav Giuchici","https://www.transfermarkt.com/miroslav-giuchici/profil/spieler/292931","Striker","24","Romania","FC Brasov","SuperLiga","Romania",NA,FALSE,"?","Summer",2,2,0,52
"CF Gloria Bistrita (- 2015)",NA,NA,"2004","Departures","Alin Minteuan","https://www.transfermarkt.com/alin-minteuan/profil/spieler/43341","Right Midfield","27","Romania","H. Beer Sheva","Ligat ha'Al","Israel",NA,FALSE,"?","Summer",1,1,0,90
"CF Gloria Bistrita (- 2015)",NA,NA,"2004","Departures","Marian Alexandru","https://www.transfermarkt.com/marian-alexandru/profil/spieler/46488","Striker","26","Romania","Otelul Galati","SuperLiga","Romania",NA,FALSE,"?","Summer",NA,NA,NA,NA
"CF Gloria Bistrita (- 2015)",NA,NA,"2004","Departures","Dan Matei","https://www.transfermarkt.com/dan-matei/profil/spieler/46589","Centre-Back","23","Romania","Campia-Turzii",NA,"Romania",NA,FALSE,"?","Summer",NA,NA,NA,NA
"CF Gloria Bistrita (- 2015)",NA,NA,"2004","Departures","Danut Sabou","https://www.transfermarkt.com/danut-sabou/profil/spieler/48792","Defensive Midfield","24","Romania","Oasul Negresti",NA,"Romania",NA,TRUE,"loan transfer","Summer",1,1,0,9
"CF Gloria Bistrita (- 2015)",NA,NA,"2004","Departures","Otniel Sighiartau","https://www.transfermarkt.com/otniel-sighiartau/profil/spieler/265402","Centre-Forward","19","Romania","Ceahlaul",NA,"Romania",NA,TRUE,"loan transfer","Summer",NA,NA,NA,NA
"CF Gloria Bistrita (- 2015)",NA,NA,"2004","Departures","Ioan Pap-Deac","https://www.transfermarkt.com/ioan-pap-deac/profil/spieler/374349","Goalkeeper","34","Romania",NA,NA,NA,NA,FALSE,"-","Summer",NA,NA,NA,NA
"CF Gloria Bistrita (- 2015)",NA,NA,"2004","Departures","Sebastian Moga","https://www.transfermarkt.com/sebastian-moga/profil/spieler/182018","Right Midfield","32","Romania",NA,NA,NA,NA,FALSE,"-","Summer",NA,NA,NA,NA
"CF Gloria Bistrita (- 2015)",NA,NA,"2004","Departures","Catalin Necula","https://www.transfermarkt.com/catalin-necula/profil/spieler/359190","Centre-Back","34","Romania",NA,NA,NA,NA,FALSE,"-","Summer",NA,NA,NA,NA
"CF Gloria Bistrita (- 2015)",NA,NA,"2004","Arrivals","Eusebiu Tudor","https://www.transfermarkt.com/eusebiu-tudor/profil/spieler/752903","Right Winger","30","Romania","Inter Gaz",NA,"Romania",0,FALSE,NA,"Winter",1,1,0,90
"CF Gloria Bistrita (- 2015)",NA,NA,"2004","Arrivals","Adrian Sălăgeanu","https://www.transfermarkt.com/adrian-salageanu/profil/spieler/69518","Left-Back","21","Romania","Olimpia SM",NA,"Romania",0,FALSE,NA,"Winter",8,8,0,515
"CF Gloria Bistrita (- 2015)",NA,NA,"2004","Arrivals","Marius Șumudică","https://www.transfermarkt.com/marius-sumudica/profil/spieler/215547","Centre-Forward","33","Romania","UTA Arad",NA,"Romania",NA,FALSE,"?","Winter",NA,NA,NA,NA
"CF Gloria Bistrita (- 2015)",NA,NA,"2004","Arrivals","Dionisiu Bumb","https://www.transfermarkt.com/dionisiu-bumb/profil/spieler/132582","Centre-Back","31","Romania","Apulum Alba Iulia",NA,"Romania",NA,FALSE,"?","Winter",7,7,0,506
"CF Gloria Bistrita (- 2015)",NA,NA,"2004","Arrivals","Robert Nita","https://www.transfermarkt.com/robert-nita/profil/spieler/232434","Striker","27","Romania","H. Beer Sheva","Ligat ha'Al","Israel",NA,FALSE,"?","Winter",7,7,0,495
"CF Gloria Bistrita (- 2015)",NA,NA,"2004","Arrivals","Răzvan Radu","https://www.transfermarkt.com/razvan-radu/profil/spieler/208818","Right Winger","20","Romania","CS Mioveni",NA,"Romania",NA,FALSE,"?","Winter",NA,NA,NA,NA
"CF Gloria Bistrita (- 2015)",NA,NA,"2004","Arrivals","Danut Sabou","https://www.transfermarkt.com/danut-sabou/profil/spieler/48792","Defensive Midfield","25","Romania","Oasul Negresti",NA,"Romania",NA,TRUE,"End of loan Dec 31, 2004","Winter",1,1,0,9
"CF Gloria Bistrita (- 2015)",NA,NA,"2004","Arrivals","Otniel Sighiartau","https://www.transfermarkt.com/otniel-sighiartau/profil/spieler/265402","Centre-Forward","19","Romania","Ceahlaul",NA,"Romania",NA,TRUE,"End of loan Dec 31, 2004","Winter",NA,NA,NA,NA
"CF Gloria Bistrita (- 2015)",NA,NA,"2004","Departures","Emil Dăncuș","https://www.transfermarkt.com/emil-dancus/profil/spieler/291820","Left Midfield","30","Romania","Gaz Metan",NA,"Romania",NA,FALSE,"?","Winter",8,8,0,565
"CF Gloria Bistrita (- 2015)",NA,NA,"2004","Departures","Marius Dita","https://www.transfermarkt.com/marius-dita/profil/spieler/301459","Right-Back","29","Romania","FC Olt Slatina",NA,"Romania",NA,FALSE,"?","Winter",7,7,0,501
"CF Gloria Bistrita (- 2015)",NA,NA,"2004","Departures","Cristian Vlad","https://www.transfermarkt.com/cristian-vlad/profil/spieler/97566","Right Midfield","27","Romania","Ceahlaul",NA,"Romania",NA,FALSE,"?","Winter",13,13,0,928
"CF Gloria Bistrita (- 2015)",NA,NA,"2004","Departures","Danut Sabou","https://www.transfermarkt.com/danut-sabou/profil/spieler/48792","Defensive Midfield","25","Romania","Unirea Dej",NA,"Romania",NA,TRUE,"loan transfer","Winter",1,1,0,9
"CF Gloria Bistrita (- 2015)",NA,NA,"2004","Departures","Ciprian Vasilache","https://www.transfermarkt.com/ciprian-vasilache/profil/spieler/34514","Attacking Midfield","21","Romania","FC Rapid 1923","SuperLiga","Romania",NA,TRUE,"End of loan Dec 31, 2004","Winter",7,7,0,332
"Politehnica Iasi (1945 - 2010)",NA,NA,"2004","Arrivals","Romulus Miclea","https://www.transfermarkt.com/romulus-miclea/profil/spieler/47498","Right Midfield","24","Romania","FC U Craiova","SuperLiga","Romania",30000,FALSE,NA,"Summer",27,27,7,1960
"Politehnica Iasi (1945 - 2010)",NA,NA,"2004","Arrivals","Adrian Toma","https://www.transfermarkt.com/adrian-toma/profil/spieler/47492","Right-Back","28","Romania","Otelul Galati","SuperLiga","Romania",0,FALSE,NA,"Summer",25,25,1,2006
"Politehnica Iasi (1945 - 2010)",NA,NA,"2004","Arrivals","Sandu Cernat","https://www.transfermarkt.com/sandu-cernat/profil/spieler/885399","Right Midfield","22","Romania","Otelul Galati","SuperLiga","Romania",0,FALSE,NA,"Summer",NA,NA,NA,NA
"Politehnica Iasi (1945 - 2010)",NA,NA,"2004","Arrivals","Claudiu Ionescu","https://www.transfermarkt.com/claudiu-ionescu/profil/spieler/54770","Attacking Midfield","21","Romania","Cimentul Fieni",NA,"Romania",0,FALSE,NA,"Summer",8,8,0,147
"Politehnica Iasi (1945 - 2010)",NA,NA,"2004","Arrivals","Marius Onofraș","https://www.transfermarkt.com/marius-onofras/profil/spieler/47500","Right Winger","23","Romania","FC Brasov","SuperLiga","Romania",NA,FALSE,"?","Summer",21,21,3,1327
"Politehnica Iasi (1945 - 2010)",NA,NA,"2004","Arrivals","Adrian Baldovin","https://www.transfermarkt.com/adrian-baldovin/profil/spieler/300242","Right-Back","32","Romania","Progresul","SuperLiga","Romania",NA,FALSE,"?","Summer",13,13,0,855
"Politehnica Iasi (1945 - 2010)",NA,NA,"2004","Arrivals","Bogdan Onut","https://www.transfermarkt.com/bogdan-onut/profil/spieler/47491","Centre-Back","27","Romania","Farul Constanta","SuperLiga","Romania",NA,FALSE,"?","Summer",25,25,1,2190
"Politehnica Iasi (1945 - 2010)",NA,NA,"2004","Arrivals","Milos Bogdanovic","https://www.transfermarkt.com/milos-bogdanovic/profil/spieler/72437","Midfielder","26","Serbia","Ceahlaul",NA,"Romania",NA,FALSE,"?","Summer",13,13,0,653
"Politehnica Iasi (1945 - 2010)",NA,NA,"2004","Arrivals","Cristian Ciubotariu","https://www.transfermarkt.com/cristian-ciubotariu/profil/spieler/46519","Left Winger","23","Romania","FC Dinamo","SuperLiga","Romania",NA,FALSE,"?","Summer",8,8,0,591
"Politehnica Iasi (1945 - 2010)",NA,NA,"2004","Arrivals","Marian Sandru","https://www.transfermarkt.com/marian-sandru/profil/spieler/64231","Left-Back","22","Romania","Farul Constanta","SuperLiga","Romania",NA,FALSE,"?","Summer",NA,NA,NA,NA
"Politehnica Iasi (1945 - 2010)",NA,NA,"2004","Arrivals","Tiberiu Beceru","https://www.transfermarkt.com/tiberiu-beceru/profil/spieler/64020","Right-Back","22","Romania","CSM Roman",NA,"Romania",NA,FALSE,"?","Summer",11,11,0,709
"Politehnica Iasi (1945 - 2010)",NA,NA,"2004","Arrivals","Dorin Arcanu","https://www.transfermarkt.com/dorin-arcanu/profil/spieler/300240","Goalkeeper","34","Romania","Unknown",NA,NA,NA,FALSE,"?","Summer",14,14,0,1260
"Politehnica Iasi (1945 - 2010)",NA,NA,"2004","Arrivals","Iulian Arhire","https://www.transfermarkt.com/iulian-arhire/profil/spieler/48813","Defensive Midfield","28","Romania","Metalurg D.","Premier Liga","Ukraine",NA,FALSE,"?","Summer",18,18,0,1227
"Politehnica Iasi (1945 - 2010)",NA,NA,"2004","Arrivals","Szabolcs Mihály Perényi","https://www.transfermarkt.com/szabolcs-mihaly-perenyi/profil/spieler/46622","Right-Back","21","Romania","FC Dinamo","SuperLiga","Romania",NA,FALSE,"?","Summer",11,11,0,796
"Politehnica Iasi (1945 - 2010)",NA,NA,"2004","Departures","Marius Vintila","https://www.transfermarkt.com/marius-vintila/profil/spieler/98778","Attacking Midfield","22","Romania","CFR Cluj","SuperLiga","Romania",NA,FALSE,"?","Summer",NA,NA,NA,NA
"Politehnica Iasi (1945 - 2010)",NA,NA,"2004","Departures","Mihai Alexa","https://www.transfermarkt.com/mihai-alexa/profil/spieler/325936","Defender","29","Romania","Diplomatic Focsani",NA,"Romania",NA,FALSE,"?","Summer",NA,NA,NA,NA
"Politehnica Iasi (1945 - 2010)",NA,NA,"2004","Departures","Ovidiu Mihalache","https://www.transfermarkt.com/ovidiu-mihalache/profil/spieler/97556","Centre-Back","19","Romania","Unknown",NA,NA,NA,FALSE,"?","Summer",NA,NA,NA,NA
"Politehnica Iasi (1945 - 2010)",NA,NA,"2004","Arrivals","Alejandro Gavatorta","https://www.transfermarkt.com/alejandro-gavatorta/profil/spieler/30719","Central Midfield","24","Argentina","Colon","Torneo Clausura","Argentina",0,FALSE,NA,"Winter",15,15,1,1279
"Politehnica Iasi (1945 - 2010)",NA,NA,"2004","Arrivals","Tudorel Stanciu","https://www.transfermarkt.com/tudorel-stanciu/profil/spieler/46657","Defensive Midfield","24","Romania","CSM Focsani",NA,"Romania",NA,FALSE,"?","Winter",4,4,0,88
"Politehnica Iasi (1945 - 2010)",NA,NA,"2004","Arrivals","Ionel Pârvu","https://www.transfermarkt.com/ionel-parvu/profil/spieler/99769","Central Midfield","34","Romania","SK Tavriya","Premier Liga","Ukraine",NA,FALSE,"?","Winter",9,9,1,810
"Politehnica Iasi (1945 - 2010)",NA,NA,"2004","Arrivals","Daniel Rednic","https://www.transfermarkt.com/daniel-rednic/profil/spieler/46637","Left Midfield","26","Romania","MTK Budapest","NB I.","Hungary",NA,FALSE,"?","Winter",10,10,1,756
"Politehnica Iasi (1945 - 2010)",NA,NA,"2004","Arrivals","Paul Tincu","https://www.transfermarkt.com/paul-tincu/profil/spieler/47503","Attacking Midfield","18","Romania","Poli Iasi II",NA,"Romania",NA,FALSE,"-","Winter",1,1,0,2
"Politehnica Iasi (1945 - 2010)",NA,NA,"2004","Departures","Adrian Cristea","https://www.transfermarkt.com/adrian-cristea/profil/spieler/33440","Left Winger","21","Romania","FC Dinamo","SuperLiga","Romania",1200000,FALSE,NA,"Winter",15,15,2,1339
"Politehnica Iasi (1945 - 2010)",NA,NA,"2004","Departures","Cristian Ciubotariu","https://www.transfermarkt.com/cristian-ciubotariu/profil/spieler/46519","Left Winger","24","Romania","FC Vaslui",NA,"Romania",NA,FALSE,"?","Winter",8,8,0,591
"Politehnica Iasi (1945 - 2010)",NA,NA,"2004","Departures","Florin Croitoru","https://www.transfermarkt.com/florin-croitoru/profil/spieler/302222","Midfielder","26","Romania","FC Vaslui",NA,"Romania",NA,FALSE,"?","Winter",6,6,0,167
"Politehnica Iasi (1945 - 2010)",NA,NA,"2004","Departures","Szabolcs Mihály Perényi","https://www.transfermarkt.com/szabolcs-mihaly-perenyi/profil/spieler/46622","Right-Back","22","Romania","Jiul Petrosani",NA,"Romania",NA,FALSE,"?","Winter",11,11,0,796
"SC Otelul Galati","SuperLiga","Romania","2004","Arrivals","Victoras Iacob","https://www.transfermarkt.com/victoras-iacob/profil/spieler/34757","Centre-Forward","23","Romania","FC Rapid 1923","SuperLiga","Romania",25000,FALSE,NA,"Summer",32,32,14,2743
"SC Otelul Galati","SuperLiga","Romania","2004","Arrivals","Georgel Toporan","https://www.transfermarkt.com/georgel-toporan/profil/spieler/304714","Left-Back","25","Romania","Petrolul",NA,"Romania",0,FALSE,NA,"Summer",7,5,0,278
"SC Otelul Galati","SuperLiga","Romania","2004","Arrivals","Leonard Nemtanu","https://www.transfermarkt.com/leonard-nemtanu/profil/spieler/173051","Defender","30","Romania","Ceahlaul",NA,"Romania",NA,FALSE,"?","Summer",1,1,0,6
"SC Otelul Galati","SuperLiga","Romania","2004","Arrivals","Marian Zeciu","https://www.transfermarkt.com/marian-zeciu/profil/spieler/46683","Centre-Back","27","Armenia","Pyunik Yerevan",NA,"Armenia",NA,FALSE,"?","Summer",14,14,0,1238
"SC Otelul Galati","SuperLiga","Romania","2004","Arrivals","Viorel Tănase","https://www.transfermarkt.com/viorel-tanase/profil/spieler/47473","Left Midfield","33","Romania","FC Arges","SuperLiga","Romania",NA,FALSE,"?","Summer",32,32,1,2612
"SC Otelul Galati","SuperLiga","Romania","2004","Arrivals","Cristian Craciun","https://www.transfermarkt.com/cristian-craciun/profil/spieler/47410","Right Midfield","31","Romania","Petrolul",NA,"Romania",NA,FALSE,"?","Summer",23,23,1,1690
"SC Otelul Galati","SuperLiga","Romania","2004","Arrivals","Aurel Călin","https://www.transfermarkt.com/aurel-calin/profil/spieler/173048","Attacking Midfield","30","Romania","Unknown",NA,NA,NA,FALSE,"?","Summer",10,10,0,342
"SC Otelul Galati","SuperLiga","Romania","2004","Arrivals","Ciprian Mozacu","https://www.transfermarkt.com/ciprian-mozacu/profil/spieler/42784","Central Midfield","27","Romania","FC Brasov","SuperLiga","Romania",NA,FALSE,"?","Summer",23,23,0,1026
"SC Otelul Galati","SuperLiga","Romania","2004","Arrivals","Marian Alexandru","https://www.transfermarkt.com/marian-alexandru/profil/spieler/46488","Striker","26","Romania","Gloria Bistrita","SuperLiga","Romania",NA,FALSE,"?","Summer",3,3,1,128
"SC Otelul Galati","SuperLiga","Romania","2004","Departures","Marlin Piana","https://www.transfermarkt.com/marlin-piana/profil/spieler/18388","Centre-Forward","21","DR Congo","Sint-Truiden","Jupiler Pro League","Belgium",15000,FALSE,NA,"Summer",NA,NA,NA,NA
"SC Otelul Galati","SuperLiga","Romania","2004","Departures","Tudorel Pelin","https://www.transfermarkt.com/tudorel-pelin/profil/spieler/885382","Centre-Back","35","Romania","Dacia U. Braila",NA,"Romania",0,FALSE,NA,"Summer",NA,NA,NA,NA
"SC Otelul Galati","SuperLiga","Romania","2004","Departures","Adrian Toma","https://www.transfermarkt.com/adrian-toma/profil/spieler/47492","Right-Back","28","Romania","Poli Iasi","SuperLiga","Romania",0,FALSE,NA,"Summer",NA,NA,NA,NA
"SC Otelul Galati","SuperLiga","Romania","2004","Departures","Sandu Cernat","https://www.transfermarkt.com/sandu-cernat/profil/spieler/885399","Right Midfield","22","Romania","Poli Iasi","SuperLiga","Romania",0,FALSE,NA,"Summer",NA,NA,NA,NA
"SC Otelul Galati","SuperLiga","Romania","2004","Departures","Bogdan Apostu","https://www.transfermarkt.com/bogdan-apostu/profil/spieler/48812","Centre-Forward","22","Romania","UTA Arad",NA,"Romania",NA,FALSE,"?","Summer",NA,NA,NA,NA
"SC Otelul Galati","SuperLiga","Romania","2004","Departures","Daniel Orac","https://www.transfermarkt.com/daniel-orac/profil/spieler/47882","Central Midfield","21","Romania","FC Caracal",NA,"Romania",NA,FALSE,"?","Summer",NA,NA,NA,NA
"SC Otelul Galati","SuperLiga","Romania","2004","Departures","Cornel Dobre","https://www.transfermarkt.com/cornel-dobre/profil/spieler/48831","Right-Back","28","Romania","FC Arges","SuperLiga","Romania",NA,FALSE,"?","Summer",2,2,0,135
"SC Otelul Galati","SuperLiga","Romania","2004","Departures","Mircea Ilie","https://www.transfermarkt.com/mircea-ilie/profil/spieler/26663","Centre-Forward","27","Romania","FC U Craiova","SuperLiga","Romania",NA,FALSE,"?","Summer",NA,NA,NA,NA
"SC Otelul Galati","SuperLiga","Romania","2004","Departures","Bobi Verdeș","https://www.transfermarkt.com/bobi-verdes/profil/spieler/64084","Centre-Forward","23","Romania","FC Arges","SuperLiga","Romania",NA,FALSE,"?","Summer",NA,NA,NA,NA
"SC Otelul Galati","SuperLiga","Romania","2004","Departures","Iulian Apostol","https://www.transfermarkt.com/iulian-apostol/profil/spieler/46489","Central Midfield","23","Romania","Farul Constanta","SuperLiga","Romania",NA,FALSE,"?","Summer",1,1,1,90
"SC Otelul Galati","SuperLiga","Romania","2004","Departures","Sorin Ghionea","https://www.transfermarkt.com/sorin-ghionea/profil/spieler/26496","Centre-Back","25","Romania","FCSB","SuperLiga","Romania",NA,TRUE,"End of loan Jun 30, 2004","Summer",NA,NA,NA,NA
"SC Otelul Galati","SuperLiga","Romania","2004","Arrivals","Sergiu Ghidarcea","https://www.transfermarkt.com/sergiu-ghidarcea/profil/spieler/282238","Centre-Back","26","Romania","CSM Roman",NA,"Romania",NA,FALSE,"?","Winter",6,6,0,402
"SC Otelul Galati","SuperLiga","Romania","2004","Arrivals","Ionuț Bădescu","https://www.transfermarkt.com/ionut-badescu/profil/spieler/48656","Attacking Midfield","26","Romania","Neftochimic","efbet Liga","Bulgaria",NA,FALSE,"?","Winter",15,15,3,1125
"SC Otelul Galati","SuperLiga","Romania","2004","Arrivals","Dan Balauru","https://www.transfermarkt.com/dan-balauru/profil/spieler/55297","Right Midfield","24","Romania","Alba Iulia","SuperLiga","Romania",NA,FALSE,"?","Winter",11,11,0,493
"SC Otelul Galati","SuperLiga","Romania","2004","Departures","Ciprian Danciu","https://www.transfermarkt.com/ciprian-danciu/profil/spieler/62453","Attacking Midfield","27","Romania","FC Arges","SuperLiga","Romania",NA,FALSE,"?","Winter",15,15,2,1248
"CFR Cluj","SuperLiga","Romania","2004","Arrivals","Sead Bruncevic","https://www.transfermarkt.com/sead-bruncevic/profil/spieler/46513","Centre-Forward","27","Serbia","Borac Cacak","Super liga Srbije","Serbia",1e+05,FALSE,NA,"Summer",27,27,3,1596
"CFR Cluj","SuperLiga","Romania","2004","Arrivals","Vasile Jula","https://www.transfermarkt.com/vasile-jula/profil/spieler/43319","Centre-Back","29","Romania","Gloria Bistrita","SuperLiga","Romania",0,FALSE,NA,"Summer",28,28,3,2473
"CFR Cluj","SuperLiga","Romania","2004","Arrivals","Fahrudin Alickovic","https://www.transfermarkt.com/fahrudin-alickovic/profil/spieler/300236","Defender","24","Bosnia-Herzegovina","VSS Kosice",NA,"Slovakia",0,FALSE,NA,"Summer",11,11,0,711
"CFR Cluj","SuperLiga","Romania","2004","Arrivals","Marius Vintila","https://www.transfermarkt.com/marius-vintila/profil/spieler/98778","Attacking Midfield","22","Romania","Poli Iasi","SuperLiga","Romania",NA,FALSE,"?","Summer",9,9,1,121
"CFR Cluj","SuperLiga","Romania","2004","Arrivals","Sead Kolasinac","https://www.transfermarkt.com/sead-kolasinac/profil/spieler/317738","Striker","33","Serbia","Unknown",NA,NA,NA,FALSE,"?","Summer",4,4,0,149
"CFR Cluj","SuperLiga","Romania","2004","Arrivals","Daniel Baston","https://www.transfermarkt.com/daniel-baston/profil/spieler/944499","Striker","31","Romania","Gloria Buzau",NA,"Romania",NA,FALSE,"?","Summer",NA,NA,NA,NA
"CFR Cluj","SuperLiga","Romania","2004","Arrivals","Cristian Panin","https://www.transfermarkt.com/cristian-panin/profil/spieler/43350","Right-Back","26","Romania","UTA Arad",NA,"Romania",NA,FALSE,"?","Summer",17,17,0,1358
"CFR Cluj","SuperLiga","Romania","2004","Arrivals","Gheorghe Goșa","https://www.transfermarkt.com/gheorghe-gosa/profil/spieler/172785","Centre-Back","23","Romania","Olimpia SM",NA,"Romania",NA,FALSE,"?","Summer",13,13,0,816
"CFR Cluj","SuperLiga","Romania","2004","Arrivals","Radu Marginean","https://www.transfermarkt.com/radu-marginean/profil/spieler/46587","Defensive Midfield","21","Romania","Bihor Oradea",NA,"Romania",NA,FALSE,"?","Summer",26,26,1,2281
"CFR Cluj","SuperLiga","Romania","2004","Arrivals","Róbert Roszel","https://www.transfermarkt.com/robert-roszel/profil/spieler/46639","Centre-Forward","21","Romania","Olimpia SM",NA,"Romania",NA,FALSE,"?","Summer",3,3,0,93
"CFR Cluj","SuperLiga","Romania","2004","Arrivals","Andrei Boroștean","https://www.transfermarkt.com/andrei-borostean/profil/spieler/131246","Left Midfield","17","Romania","Unirea Dej",NA,"Romania",NA,FALSE,"?","Summer",2,2,0,17
"CFR Cluj","SuperLiga","Romania","2004","Departures","Mircea Rus","https://www.transfermarkt.com/mircea-rus/profil/spieler/48185","Defender","27","Romania","Poli. Timisoara","SuperLiga","Romania",NA,FALSE,"?","Summer",NA,NA,NA,NA
"CFR Cluj","SuperLiga","Romania","2004","Departures","Paul Ghenti","https://www.transfermarkt.com/paul-ghenti/profil/spieler/317734","Midfielder","27","Romania","Apulum Alba Iulia",NA,"Romania",NA,FALSE,"?","Summer",NA,NA,NA,NA
"CFR Cluj","SuperLiga","Romania","2004","Departures","Dorin Tuturas","https://www.transfermarkt.com/dorin-tuturas/profil/spieler/369390","Left Midfield","22","Romania","Olimpia SM",NA,"Romania",NA,TRUE,"loan transfer","Summer",NA,NA,NA,NA
"CFR Cluj","SuperLiga","Romania","2004","Arrivals","Zoran Milosevic","https://www.transfermarkt.com/zoran-milosevic/profil/spieler/43340","Centre-Back","29","Serbia","AEK Larnaca","Cyprus League","Cyprus",0,FALSE,NA,"Winter",10,10,0,900
"CFR Cluj","SuperLiga","Romania","2004","Arrivals","Petru Turcas","https://www.transfermarkt.com/petru-turcas/profil/spieler/43386","Goalkeeper","28","Romania","Alba Iulia","SuperLiga","Romania",NA,FALSE,"?","Winter",6,6,0,540
"CFR Cluj","SuperLiga","Romania","2004","Arrivals","Djordje Vlajic","https://www.transfermarkt.com/djordje-vlajic/profil/spieler/49992","Attacking Midfield","27","Serbia","ETO FC Győr ","NB I.","Hungary",NA,FALSE,"?","Winter",9,9,0,467
"CFR Cluj","SuperLiga","Romania","2004","Arrivals","Vitaliy Balytskyi","https://www.transfermarkt.com/vitaliy-balytskyi/profil/spieler/228630","Centre-Back","26","Ukraine","Nyva Vinnytsya","Persha Liga","Ukraine",NA,FALSE,"?","Winter",2,2,0,100
"CFR Cluj","SuperLiga","Romania","2004","Arrivals","Slavco Georgievski","https://www.transfermarkt.com/slavco-georgievski/profil/spieler/62368","Central Midfield","24","North Macedonia","FK Sloga",NA,"North Macedonia",NA,FALSE,"?","Winter",8,8,0,308
"CFR Cluj","SuperLiga","Romania","2004","Departures","Ionut Cazan","https://www.transfermarkt.com/ionut-cazan/profil/spieler/88511","Centre-Back","23","Romania","Gaz Metan",NA,"Romania",NA,FALSE,"?","Winter",NA,NA,NA,NA
"CFR Cluj","SuperLiga","Romania","2004","Departures","Sead Kolasinac","https://www.transfermarkt.com/sead-kolasinac/profil/spieler/317738","Striker","34","Serbia",NA,NA,NA,NA,FALSE,"-","Winter",4,4,0,149
"AFC Unirea 1924 (- 2022)",NA,NA,"2004","Arrivals","Mihai Lasc","https://www.transfermarkt.com/mihai-lasc/profil/spieler/150061","Goalkeeper","16","Romania","Unknown",NA,NA,0,FALSE,NA,"Summer",1,1,0,2
"AFC Unirea 1924 (- 2022)",NA,NA,"2004","Arrivals","Remus Chivescu","https://www.transfermarkt.com/remus-chivescu/profil/spieler/300250","Midfielder","23","Romania","CSM Deva",NA,"Romania",NA,FALSE,"?","Summer",21,21,0,1864
"AFC Unirea 1924 (- 2022)",NA,NA,"2004","Arrivals","Dan Balauru","https://www.transfermarkt.com/dan-balauru/profil/spieler/55297","Right Midfield","23","Romania","Poli. Timisoara","SuperLiga","Romania",NA,FALSE,"?","Summer",10,10,2,690
"AFC Unirea 1924 (- 2022)",NA,NA,"2004","Arrivals","Casian Maghici","https://www.transfermarkt.com/casian-maghici/profil/spieler/57481","Defender","20","Romania","ACU Arad",NA,"Romania",NA,FALSE,"?","Summer",9,9,1,479
"AFC Unirea 1924 (- 2022)",NA,NA,"2004","Arrivals","Ion Voicu","https://www.transfermarkt.com/ion-voicu/profil/spieler/207902","Left-Back","28","Romania","Fehérvár","NB I.","Hungary",NA,TRUE,"loan transfer","Summer",7,7,0,573
"AFC Unirea 1924 (- 2022)",NA,NA,"2004","Arrivals","Calin Cristea","https://www.transfermarkt.com/calin-cristea/profil/spieler/123284","Central Midfield","16","Romania","Unirea U19",NA,"Romania",NA,FALSE,"-","Summer",1,1,0,90
"AFC Unirea 1924 (- 2022)",NA,NA,"2004","Departures","Nicolae Grigore","https://www.transfermarkt.com/nicolae-grigore/profil/spieler/50282","Centre-Back","29","Romania","SKA Khabarovsk","1.Division","Russia",0,FALSE,NA,"Summer",NA,NA,NA,NA
"AFC Unirea 1924 (- 2022)",NA,NA,"2004","Departures","Emeric Vascko","https://www.transfermarkt.com/emeric-vascko/profil/spieler/318480","Striker","32","Romania","Unknown",NA,NA,NA,FALSE,"?","Summer",NA,NA,NA,NA
"AFC Unirea 1924 (- 2022)",NA,NA,"2004","Departures","Adorian Himcinschi","https://www.transfermarkt.com/adorian-himcinschi/profil/spieler/885577","Centre-Back","33","Romania","Unknown",NA,NA,NA,FALSE,"?","Summer",NA,NA,NA,NA
"AFC Unirea 1924 (- 2022)",NA,NA,"2004","Departures","Fabiano Ramos Coelho","https://www.transfermarkt.com/fabiano-ramos-coelho/profil/spieler/885575","Defender","28","Brazil","Unknown",NA,NA,NA,FALSE,"?","Summer",NA,NA,NA,NA
"AFC Unirea 1924 (- 2022)",NA,NA,"2004","Departures","Doru Dudita","https://www.transfermarkt.com/doru-dudita/profil/spieler/81478","Left Midfield","26","Romania","FC Sibiu",NA,"Romania",NA,FALSE,"?","Summer",NA,NA,NA,NA
"AFC Unirea 1924 (- 2022)",NA,NA,"2004","Departures","George Negura","https://www.transfermarkt.com/george-negura/profil/spieler/64069","Right Midfield","16","Romania","Progresul","SuperLiga","Romania",NA,FALSE,"?","Summer",NA,NA,NA,NA
"AFC Unirea 1924 (- 2022)",NA,NA,"2004","Departures","Calin Cristea","https://www.transfermarkt.com/calin-cristea/profil/spieler/123284","Central Midfield","16","Romania","CS Zlatna",NA,"Romania",NA,TRUE,"loan transfer","Summer",1,1,0,90
"AFC Unirea 1924 (- 2022)",NA,NA,"2004","Arrivals","Miroslav Giuchici","https://www.transfermarkt.com/miroslav-giuchici/profil/spieler/292931","Striker","24","Romania","FC Brasov","SuperLiga","Romania",NA,FALSE,"?","Winter",13,13,3,1122
"AFC Unirea 1924 (- 2022)",NA,NA,"2004","Arrivals","Daniel Lupascu","https://www.transfermarkt.com/daniel-lupascu/profil/spieler/54686","Centre-Forward","23","Romania","Bihor Oradea",NA,"Romania",NA,FALSE,"?","Winter",12,12,1,735
"AFC Unirea 1924 (- 2022)",NA,NA,"2004","Arrivals","Andrei Zagrean","https://www.transfermarkt.com/andrei-zagrean/profil/spieler/132435","Centre-Forward","18","Romania","Unknown",NA,NA,NA,FALSE,"?","Winter",1,1,0,26
"AFC Unirea 1924 (- 2022)",NA,NA,"2004","Arrivals","Calin Cristea","https://www.transfermarkt.com/calin-cristea/profil/spieler/123284","Central Midfield","16","Romania","CS Zlatna",NA,"Romania",NA,TRUE,"End of loan Dec 31, 2004","Winter",1,1,0,90
"AFC Unirea 1924 (- 2022)",NA,NA,"2004","Departures","Petru Turcas","https://www.transfermarkt.com/petru-turcas/profil/spieler/43386","Goalkeeper","28","Romania","CFR Cluj","SuperLiga","Romania",NA,FALSE,"?","Winter",8,8,0,720
"AFC Unirea 1924 (- 2022)",NA,NA,"2004","Departures","Tibor Moldovan","https://www.transfermarkt.com/tibor-moldovan/profil/spieler/46598","Centre-Forward","22","Romania","FC Dinamo","SuperLiga","Romania",NA,FALSE,"?","Winter",4,4,2,135
"AFC Unirea 1924 (- 2022)",NA,NA,"2004","Departures","Dan Balauru","https://www.transfermarkt.com/dan-balauru/profil/spieler/55297","Right Midfield","24","Romania","Otelul Galati","SuperLiga","Romania",NA,FALSE,"?","Winter",10,10,2,690
"AFC Unirea 1924 (- 2022)",NA,NA,"2004","Departures","Laurentiu Lica","https://www.transfermarkt.com/laurentiu-lica/profil/spieler/149326","Centre-Forward","29","Romania",NA,NA,NA,NA,FALSE,"-","Winter",NA,NA,NA,NA
"AFC Unirea 1924 (- 2022)",NA,NA,"2004","Departures","Ion Voicu","https://www.transfermarkt.com/ion-voicu/profil/spieler/207902","Left-Back","29","Romania","Fehérvár","NB I.","Hungary",NA,TRUE,"End of loan Jan 1, 2005","Winter",7,7,0,573
