"team_name","league","country","season","transfer_type","player_name","player_url","player_position","player_age","player_nationality","club_2","league_2","country_2","transfer_fee","is_loan","transfer_notes","window","in_squad","appearances","goals","minutes_played"
"FCSB","SuperLiga","Romania","2011","Arrivals","Mihai Costea","https://www.transfermarkt.com/mihai-costea/profil/spieler/47572","Centre-Forward","23","Romania","FC U Craiova",NA,"Romania",1400000,FALSE,NA,"Summer",38,32,8,1946
"FCSB","SuperLiga","Romania","2011","Arrivals","Alexandru Bourceanu","https://www.transfermarkt.com/alexandru-bourceanu/profil/spieler/64118","Defensive Midfield","26","Romania","Poli. Timisoara","Liga II - Seria II","Romania",750000,FALSE,NA,"Summer",42,42,0,3717
"FCSB","SuperLiga","Romania","2011","Arrivals","Gabriel Matei","https://www.transfermarkt.com/gabriel-matei/profil/spieler/131882","Right-Back","21","Romania","Pandurii ","SuperLiga","Romania",6e+05,FALSE,NA,"Summer",4,4,0,119
"FCSB","SuperLiga","Romania","2011","Arrivals","Stefan Nikolic","https://www.transfermarkt.com/stefan-nikolic/profil/spieler/64953","Centre-Forward","21","Montenegro","Poli. Timisoara","Liga II - Seria II","Romania",250000,TRUE,NA,"Summer",38,31,5,1462
"FCSB","SuperLiga","Romania","2011","Arrivals","Raul Rusescu","https://www.transfermarkt.com/raul-rusescu/profil/spieler/81433","Centre-Forward","22","Romania","Unirea Urziceni",NA,"Romania",2e+05,FALSE,NA,"Summer",44,43,15,2501
"FCSB","SuperLiga","Romania","2011","Arrivals","Dorinel Popa","https://www.transfermarkt.com/dorinel-popa/profil/spieler/71578","Central Midfield","22","Romania","Vic. Branesti","Liga 2","Romania",2e+05,FALSE,NA,"Summer",3,2,1,109
"FCSB","SuperLiga","Romania","2011","Arrivals","Florin Costea","https://www.transfermarkt.com/florin-costea/profil/spieler/47571","Left Winger","26","Romania","FC U Craiova",NA,"Romania",0,FALSE,NA,"Summer",30,26,2,1031
"FCSB","SuperLiga","Romania","2011","Arrivals","Andrei Prepeliță","https://www.transfermarkt.com/andrei-prepelita/profil/spieler/37933","Central Midfield","25","Romania","FC U Craiova",NA,"Romania",0,FALSE,NA,"Summer",22,19,1,1130
"FCSB","SuperLiga","Romania","2011","Arrivals","Tiberiu Bălan","https://www.transfermarkt.com/tiberiu-balan/profil/spieler/64101","Attacking Midfield","30","Romania","Sportul S.","SuperLiga","Romania",0,FALSE,NA,"Summer",21,17,2,820
"FCSB","SuperLiga","Romania","2011","Arrivals","Leandro Tatu","https://www.transfermarkt.com/leandro-tatu/profil/spieler/45118","Second Striker","29","Brazil","Beira-Mar","Liga Portugal","Portugal",0,FALSE,NA,"Summer",39,38,5,2995
"FCSB","SuperLiga","Romania","2011","Arrivals","Liviu Bajenaru","https://www.transfermarkt.com/liviu-bajenaru/profil/spieler/97512","Attacking Midfield","28","Romania","Gloria Bistrita","Liga II - Seria II","Romania",0,FALSE,NA,"Summer",2,2,0,151
"FCSB","SuperLiga","Romania","2011","Arrivals","Bogdan Mustata","https://www.transfermarkt.com/bogdan-mustata/profil/spieler/147999","Right-Back","21","Romania","FCSB II",NA,"Romania",NA,FALSE,"-","Summer",3,2,0,113
"FCSB","SuperLiga","Romania","2011","Arrivals","Ionuț Năstăsie","https://www.transfermarkt.com/ionut-nastasie/profil/spieler/148000","Left Winger","19","Romania","FCSB II",NA,"Romania",NA,FALSE,"-","Summer",10,6,0,127
"FCSB","SuperLiga","Romania","2011","Arrivals","Iulian Roșu","https://www.transfermarkt.com/iulian-rosu/profil/spieler/186742","Central Midfield","17","Romania","FCSB U21",NA,"Romania",NA,FALSE,"-","Summer",7,4,0,36
"FCSB","SuperLiga","Romania","2011","Arrivals","Valentin Cojocaru","https://www.transfermarkt.com/valentin-cojocaru/profil/spieler/200616","Goalkeeper","15","Romania","FCSB U21",NA,"Romania",NA,FALSE,"-","Summer",4,0,0,0
"FCSB","SuperLiga","Romania","2011","Arrivals","Mihai Onicas","https://www.transfermarkt.com/mihai-onicas/profil/spieler/115242","Defensive Midfield","21","Romania","Unirea Urziceni","SuperLiga","Romania",NA,TRUE,"End of loan Jun 30, 2011","Summer",NA,NA,NA,NA
"FCSB","SuperLiga","Romania","2011","Arrivals","Alexandru Iacob","https://www.transfermarkt.com/alexandru-iacob/profil/spieler/53201","Centre-Back","22","Romania","Vic. Branesti","SuperLiga","Romania",NA,TRUE,"End of loan Jun 30, 2011","Summer",NA,NA,NA,NA
"FCSB","SuperLiga","Romania","2011","Arrivals","Valeriu Lupu","https://www.transfermarkt.com/valeriu-lupu/profil/spieler/147996","Left-Back","20","Romania","Unirea Urziceni","SuperLiga","Romania",NA,TRUE,"End of loan Jun 30, 2011","Summer",10,3,0,194
"FCSB","SuperLiga","Romania","2011","Arrivals","Cristian Pazon","https://www.transfermarkt.com/cristian-pazon/profil/spieler/287439","Left-Back","18","Romania","Unirea Urziceni","SuperLiga","Romania",NA,TRUE,"End of loan Jun 30, 2011","Summer",NA,NA,NA,NA
"FCSB","SuperLiga","Romania","2011","Departures","Bănel Nicoliță","https://www.transfermarkt.com/banel-nicolita/profil/spieler/34758","Right Winger","26","Romania","Saint-Étienne","Ligue 1","France",7e+05,FALSE,NA,"Summer",8,8,0,720
"FCSB","SuperLiga","Romania","2011","Departures","Cosmin Matei","https://www.transfermarkt.com/cosmin-matei/profil/spieler/81421","Attacking Midfield","19","Romania","Astra Giurgiu","SuperLiga","Romania",2e+05,FALSE,NA,"Summer",NA,NA,NA,NA
"FCSB","SuperLiga","Romania","2011","Departures","Liviu Bajenaru","https://www.transfermarkt.com/liviu-bajenaru/profil/spieler/97512","Attacking Midfield","28","Romania","Astra Giurgiu","SuperLiga","Romania",150000,FALSE,NA,"Summer",2,2,0,151
"FCSB","SuperLiga","Romania","2011","Departures","János Székely","https://www.transfermarkt.com/janos-szekely/profil/spieler/48195","Attacking Midfield","28","Romania","Volga NN",NA,"Russia",0,FALSE,NA,"Summer",NA,NA,NA,NA
"FCSB","SuperLiga","Romania","2011","Departures","Romeo Surdu","https://www.transfermarkt.com/romeo-surdu/profil/spieler/43378","Left Winger","27","Romania","FC Rapid 1923","SuperLiga","Romania",0,FALSE,NA,"Summer",NA,NA,NA,NA
"FCSB","SuperLiga","Romania","2011","Departures","Éder Bonfim","https://www.transfermarkt.com/eder-bonfim/profil/spieler/13975","Right-Back","30","Brazil","Khazar Lankaran","Premyer Liqa","Azerbaijan",0,FALSE,NA,"Summer",NA,NA,NA,NA
"FCSB","SuperLiga","Romania","2011","Departures","Marius Onofraș","https://www.transfermarkt.com/marius-onofras/profil/spieler/47500","Right Winger","30","Romania","Khazar Lankaran","Premyer Liqa","Azerbaijan",0,FALSE,NA,"Summer",NA,NA,NA,NA
"FCSB","SuperLiga","Romania","2011","Departures","Laurențiu Marinescu","https://www.transfermarkt.com/laurentiu-marinescu/profil/spieler/123854","Attacking Midfield","26","Romania","U Cluj","SuperLiga","Romania",0,FALSE,NA,"Summer",NA,NA,NA,NA
"FCSB","SuperLiga","Romania","2011","Departures","Eugen Baciu","https://www.transfermarkt.com/eugen-baciu/profil/spieler/26487","Centre-Back","31","Romania","FCM Bacau","Liga 2","Romania",0,FALSE,NA,"Summer",NA,NA,NA,NA
"FCSB","SuperLiga","Romania","2011","Departures","Alexandru Iacob","https://www.transfermarkt.com/alexandru-iacob/profil/spieler/53201","Centre-Back","22","Romania","Otelul Galati","SuperLiga","Romania",0,FALSE,NA,"Summer",NA,NA,NA,NA
"FCSB","SuperLiga","Romania","2011","Departures","Cristian Pazon","https://www.transfermarkt.com/cristian-pazon/profil/spieler/287439","Left-Back","18","Romania","ACS Berceni",NA,"Romania",0,FALSE,NA,"Summer",NA,NA,NA,NA
"FCSB","SuperLiga","Romania","2011","Departures","Marius Bilașco","https://www.transfermarkt.com/marius-bilasco/profil/spieler/46505","Centre-Forward","29","Romania","TJ Jinmen Tiger","Super League","China",NA,FALSE,"?","Summer",NA,NA,NA,NA
"FCSB","SuperLiga","Romania","2011","Departures","Lucian Burdujan","https://www.transfermarkt.com/lucian-burdujan/profil/spieler/35435","Centre-Forward","27","Romania","Chornomorets","Premier Liga","Ukraine",NA,FALSE,"?","Summer",NA,NA,NA,NA
"FCSB","SuperLiga","Romania","2011","Departures","Cezar Lungu","https://www.transfermarkt.com/cezar-lungu/profil/spieler/102288","Goalkeeper","23","Romania","Astra Giurgiu","SuperLiga","Romania",NA,FALSE,"?","Summer",NA,NA,NA,NA
"FCSB","SuperLiga","Romania","2011","Departures","Mihai Onicas","https://www.transfermarkt.com/mihai-onicas/profil/spieler/115242","Defensive Midfield","21","Romania","FCV Farul","Liga 2","Romania",NA,TRUE,"loan transfer","Summer",NA,NA,NA,NA
"FCSB","SuperLiga","Romania","2011","Departures","Lucian Filip","https://www.transfermarkt.com/lucian-filip/profil/spieler/60880","Defensive Midfield","20","Romania","FC Snagov","Liga 2","Romania",NA,TRUE,"loan transfer","Summer",NA,NA,NA,NA
"FCSB","SuperLiga","Romania","2011","Departures","Nicolae Dică","https://www.transfermarkt.com/nicolae-dica/profil/spieler/15004","Second Striker","31","Romania","Catania","Serie A","Italy",NA,TRUE,"End of loan Jun 30, 2011","Summer",NA,NA,NA,NA
"FCSB","SuperLiga","Romania","2011","Departures","Maicon Oliveira","https://www.transfermarkt.com/maicon-oliveira/profil/spieler/127349","Centre-Forward","23","Brazil","Volyn Lutsk","Premier Liga","Ukraine",NA,TRUE,"End of loan Jun 30, 2011","Summer",NA,NA,NA,NA
"FCSB","SuperLiga","Romania","2011","Arrivals","Alexandru Chipciu","https://www.transfermarkt.com/alexandru-chipciu/profil/spieler/64126","Left-Back","22","Romania","FC Brasov","SuperLiga","Romania",1950000,FALSE,NA,"Winter",14,14,2,1135
"FCSB","SuperLiga","Romania","2011","Arrivals","Vlad Chiricheș","https://www.transfermarkt.com/vlad-chiriches/profil/spieler/123261","Defensive Midfield","22","Romania","Pandurii ","SuperLiga","Romania",1300000,FALSE,NA,"Winter",16,16,0,1423
"FCSB","SuperLiga","Romania","2011","Arrivals","Paul Pârvulescu","https://www.transfermarkt.com/paul-parvulescu/profil/spieler/81494","Left-Back","23","Romania","Gaz Metan","SuperLiga","Romania",1e+06,FALSE,NA,"Winter",15,13,1,964
"FCSB","SuperLiga","Romania","2011","Arrivals","Gabriel Machado","https://www.transfermarkt.com/gabriel-machado/profil/spieler/55487","Centre-Forward","21","Brazil","U Cluj","SuperLiga","Romania",2e+05,FALSE,NA,"Winter",5,3,0,125
"FCSB","SuperLiga","Romania","2011","Arrivals","Ovidiu Dănănae","https://www.transfermarkt.com/ovidiu-dananae/profil/spieler/47574","Centre-Back","26","Romania","Tom Tomsk",NA,"Russia",0,FALSE,NA,"Winter",7,2,0,136
"FCSB","SuperLiga","Romania","2011","Arrivals","Lucian Filip","https://www.transfermarkt.com/lucian-filip/profil/spieler/60880","Defensive Midfield","21","Romania","FC Snagov","Liga 2","Romania",NA,TRUE,"End of loan Dec 30, 2011","Winter",NA,NA,NA,NA
"FCSB","SuperLiga","Romania","2011","Departures","Pablo Brandán","https://www.transfermarkt.com/pablo-brandan/profil/spieler/51711","Central Midfield","28","Argentina","Liaoning FC","Super League","China",7e+05,FALSE,NA,"Winter",28,27,0,2362
"FCSB","SuperLiga","Romania","2011","Departures","George Galamaz","https://www.transfermarkt.com/george-galamaz/profil/spieler/26035","Centre-Back","30","Romania","U Cluj","SuperLiga","Romania",0,FALSE,NA,"Winter",17,13,1,1089
"FCSB","SuperLiga","Romania","2011","Departures","Ifeanyi Emeghara","https://www.transfermarkt.com/ifeanyi-emeghara/profil/spieler/24552","Left-Back","28","Nigeria","FK Gabala","Premyer Liqa","Azerbaijan",0,FALSE,NA,"Winter",12,11,0,745
"FCSB","SuperLiga","Romania","2011","Departures","Bogdan Mustata","https://www.transfermarkt.com/bogdan-mustata/profil/spieler/147999","Right-Back","21","Romania","Turnu-Severin","Liga II - Seria II","Romania",0,FALSE,NA,"Winter",3,2,0,113
"FCSB","SuperLiga","Romania","2011","Departures","Dragos Macelaru","https://www.transfermarkt.com/dragos-macelaru/profil/spieler/223040","Goalkeeper","21","Romania","FC Snagov","Liga 2","Romania",0,FALSE,NA,"Winter",NA,NA,NA,NA
"FCSB","SuperLiga","Romania","2011","Departures","Dorinel Popa","https://www.transfermarkt.com/dorinel-popa/profil/spieler/71578","Central Midfield","23","Romania","U Cluj","SuperLiga","Romania",NA,FALSE,"?","Winter",3,2,1,109
"FCSB","SuperLiga","Romania","2011","Departures","Lucian Filip","https://www.transfermarkt.com/lucian-filip/profil/spieler/60880","Defensive Midfield","21","Romania","Concordia","SuperLiga","Romania",NA,TRUE,"loan transfer","Winter",NA,NA,NA,NA
"CFR Cluj","SuperLiga","Romania","2011","Arrivals","Modou Sougou","https://www.transfermarkt.com/modou-sougou/profil/spieler/33831","Right Winger","26","Senegal","Coimbra","Liga Portugal","Portugal",3e+05,FALSE,NA,"Summer",33,33,10,2895
"CFR Cluj","SuperLiga","Romania","2011","Arrivals","Lionn","https://www.transfermarkt.com/lionn/profil/spieler/75116","Right-Back","22","Portugal","Vit. Guimarães","Liga Portugal","Portugal",80000,FALSE,NA,"Summer",18,15,1,1103
"CFR Cluj","SuperLiga","Romania","2011","Arrivals","Weldon","https://www.transfermarkt.com/weldon/profil/spieler/37775","Centre-Forward","30","Brazil","Benfica","Liga Portugal","Portugal",0,FALSE,NA,"Summer",13,12,7,796
"CFR Cluj","SuperLiga","Romania","2011","Arrivals","Daniel Fernandes","https://www.transfermarkt.com/daniel-fernandes/profil/spieler/10254","Goalkeeper","27","Portugal","VfL Bochum","2. Bundesliga","Germany",0,FALSE,NA,"Summer",3,2,0,180
"CFR Cluj","SuperLiga","Romania","2011","Arrivals","Mário Camora","https://www.transfermarkt.com/mario-camora/profil/spieler/44698","Left-Back","24","Romania","Naval 1893","Liga Portugal 2","Portugal",0,FALSE,NA,"Summer",28,28,1,2436
"CFR Cluj","SuperLiga","Romania","2011","Arrivals","Rui Pedro","https://www.transfermarkt.com/rui-pedro/profil/spieler/58268","Attacking Midfield","23","Portugal","FC Porto","Liga Portugal","Portugal",0,FALSE,NA,"Summer",16,14,0,627
"CFR Cluj","SuperLiga","Romania","2011","Arrivals","Renan","https://www.transfermarkt.com/renan/profil/spieler/52999","Defensive Midfield","25","Brazil","Vit. Guimarães","Liga Portugal","Portugal",NA,FALSE,"?","Summer",19,18,3,1620
"CFR Cluj","SuperLiga","Romania","2011","Arrivals","Ronny","https://www.transfermarkt.com/ronny/profil/spieler/34097","Centre-Forward","28","Brazil","SX Wuzhou","League One","China",NA,FALSE,"?","Summer",28,27,5,1631
"CFR Cluj","SuperLiga","Romania","2011","Arrivals","Beto","https://www.transfermarkt.com/beto/profil/spieler/35242","Goalkeeper","29","Portugal","FC Porto","Liga Portugal","Portugal",NA,TRUE,"loan transfer","Summer",28,27,0,2363
"CFR Cluj","SuperLiga","Romania","2011","Arrivals","Cristian Sánchez Prette","https://www.transfermarkt.com/cristian-sanchez-prette/profil/spieler/56585","Attacking Midfield","26","Argentina","Argentinos Jrs.","Torneo Clausura","Argentina",NA,TRUE,"End of loan Jun 30, 2011","Summer",NA,NA,NA,NA
"CFR Cluj","SuperLiga","Romania","2011","Arrivals","Rade Veljovic","https://www.transfermarkt.com/rade-veljovic/profil/spieler/47000","Centre-Forward","24","Serbia","B. Banja Luka","Premijer Liga BiH","Bosnia-Herzegovina",NA,TRUE,"End of loan Jun 1, 2011","Summer",NA,NA,NA,NA
"CFR Cluj","SuperLiga","Romania","2011","Arrivals","Darío Flores","https://www.transfermarkt.com/dario-flores/profil/spieler/74250","Centre-Back","27","Uruguay","Racing Club","Liga AUF Clausura","Uruguay",NA,TRUE,"End of loan Jun 30, 2011","Summer",NA,NA,NA,NA
"CFR Cluj","SuperLiga","Romania","2011","Arrivals","Leoh Digbeu","https://www.transfermarkt.com/leoh-digbeu/profil/spieler/208790","Centre-Forward","21","Cote d'Ivoire","UTA Arad","Liga II - Seria II","Romania",NA,TRUE,"End of loan Jun 30, 2011","Summer",NA,NA,NA,NA
"CFR Cluj","SuperLiga","Romania","2011","Departures","Emil Dica","https://www.transfermarkt.com/emil-dica/profil/spieler/34509","Defensive Midfield","28","Romania","AO Xanthi","Super League 1","Greece",0,FALSE,NA,"Summer",NA,NA,NA,NA
"CFR Cluj","SuperLiga","Romania","2011","Departures","Darío Flores","https://www.transfermarkt.com/dario-flores/profil/spieler/74250","Centre-Back","27","Uruguay","Palestino","Torneo Clausura","Chile",0,FALSE,NA,"Summer",NA,NA,NA,NA
"CFR Cluj","SuperLiga","Romania","2011","Departures","Leoh Digbeu","https://www.transfermarkt.com/leoh-digbeu/profil/spieler/208790","Centre-Forward","21","Cote d'Ivoire","Africa Sports",NA,"Cote d'Ivoire",0,FALSE,NA,"Summer",NA,NA,NA,NA
"CFR Cluj","SuperLiga","Romania","2011","Departures","Cristian Sánchez Prette","https://www.transfermarkt.com/cristian-sanchez-prette/profil/spieler/56585","Attacking Midfield","26","Argentina","Huracán","Primera Nacional","Argentina",NA,FALSE,"?","Summer",NA,NA,NA,NA
"CFR Cluj","SuperLiga","Romania","2011","Departures","Rade Veljovic","https://www.transfermarkt.com/rade-veljovic/profil/spieler/47000","Centre-Forward","24","Serbia","Javor-Matis","Super liga Srbije","Serbia",NA,FALSE,"?","Summer",NA,NA,NA,NA
"CFR Cluj","SuperLiga","Romania","2011","Departures","Cristian Bud","https://www.transfermarkt.com/cristian-bud/profil/spieler/104211","Centre-Forward","26","Romania","Gaz Metan","SuperLiga","Romania",NA,TRUE,"loan transfer","Summer",3,3,0,109
"CFR Cluj","SuperLiga","Romania","2011","Departures","Edimar","https://www.transfermarkt.com/edimar/profil/spieler/74314","Left-Back","25","Brazil","AO Xanthi","Super League 1","Greece",NA,TRUE,"loan transfer","Summer",NA,NA,NA,NA
"CFR Cluj","SuperLiga","Romania","2011","Departures","Paul Batin","https://www.transfermarkt.com/paul-batin/profil/spieler/121151","Centre-Forward","24","Romania","Pandurii ","SuperLiga","Romania",NA,TRUE,"loan transfer","Summer",NA,NA,NA,NA
"CFR Cluj","SuperLiga","Romania","2011","Departures","Sergiu Buș","https://www.transfermarkt.com/sergiu-bus/profil/spieler/123671","Centre-Forward","18","Romania","ASA Tg. Mures","SuperLiga","Romania",NA,TRUE,"loan transfer","Summer",NA,NA,NA,NA
"CFR Cluj","SuperLiga","Romania","2011","Departures","Remo Amadio","https://www.transfermarkt.com/remo-amadio/profil/spieler/42836","Goalkeeper","23","Italy","UTA Arad","Liga II - Seria II","Romania",NA,TRUE,"loan transfer","Summer",NA,NA,NA,NA
"CFR Cluj","SuperLiga","Romania","2011","Departures","Thiandoum Daouda","https://www.transfermarkt.com/thiandoum-daouda/profil/spieler/212903","Defensive Midfield","19","Senegal","Ariesul Turda","Liga II - Seria II","Romania",NA,TRUE,"loan transfer","Summer",NA,NA,NA,NA
"CFR Cluj","SuperLiga","Romania","2011","Departures","Léo Veloso","https://www.transfermarkt.com/leo-veloso/profil/spieler/64360","Left-Back","24","Brazil","Without Club",NA,NA,NA,FALSE,"-","Summer",NA,NA,NA,NA
"CFR Cluj","SuperLiga","Romania","2011","Departures","Sergiu Negruț","https://www.transfermarkt.com/sergiu-negrut/profil/spieler/161022","Attacking Midfield","18","Romania","CFR Cluj U19",NA,"Romania",NA,FALSE,"-","Summer",NA,NA,NA,NA
"CFR Cluj","SuperLiga","Romania","2011","Arrivals","Liviu Ganea","https://www.transfermarkt.com/liviu-ganea/profil/spieler/45267","Centre-Forward","23","Romania","FC Dinamo","SuperLiga","Romania",150000,FALSE,NA,"Winter",10,5,0,192
"CFR Cluj","SuperLiga","Romania","2011","Arrivals","Byong-oh Kim","https://www.transfermarkt.com/byong-oh-kim/profil/spieler/263825","Centre-Forward","22","Korea, South","Sungkyunkwan U.",NA,"Korea, South",0,FALSE,NA,"Winter",NA,NA,NA,NA
"CFR Cluj","SuperLiga","Romania","2011","Arrivals","Celestino","https://www.transfermarkt.com/celestino/profil/spieler/45371","Defensive Midfield","24","Portugal","Belenenses","Liga Portugal 2","Portugal",NA,FALSE,"?","Winter",11,9,1,502
"CFR Cluj","SuperLiga","Romania","2011","Arrivals","Stojan Vranjes","https://www.transfermarkt.com/stojan-vranjes/profil/spieler/46346","Attacking Midfield","25","Bosnia-Herzegovina","Pandurii ","SuperLiga","Romania",NA,TRUE,"loan transfer","Winter",16,14,2,749
"CFR Cluj","SuperLiga","Romania","2011","Arrivals","Nicolas Godemèche","https://www.transfermarkt.com/nicolas-godemeche/profil/spieler/14954","Defensive Midfield","27","France","Without Club",NA,NA,NA,FALSE,"-","Winter",9,6,0,296
"CFR Cluj","SuperLiga","Romania","2011","Arrivals","Thiandoum Daouda","https://www.transfermarkt.com/thiandoum-daouda/profil/spieler/212903","Defensive Midfield","19","Senegal","Ariesul Turda","Liga II - Seria II","Romania",NA,TRUE,"End of loan Dec 1, 2011","Winter",NA,NA,NA,NA
"CFR Cluj","SuperLiga","Romania","2011","Departures","Renan","https://www.transfermarkt.com/renan/profil/spieler/52999","Defensive Midfield","25","Brazil","Sampdoria","Serie B","Italy",1e+06,TRUE,NA,"Winter",19,18,3,1620
"CFR Cluj","SuperLiga","Romania","2011","Departures","Weldon","https://www.transfermarkt.com/weldon/profil/spieler/37775","Centre-Forward","31","Brazil","CC Yatai","Super League","China",1e+06,TRUE,NA,"Winter",13,12,7,796
"CFR Cluj","SuperLiga","Romania","2011","Departures","Daniel Fernandes","https://www.transfermarkt.com/daniel-fernandes/profil/spieler/10254","Goalkeeper","28","Portugal","Twente FC","Eredivisie","Netherlands",0,FALSE,NA,"Winter",3,2,0,180
"CFR Cluj","SuperLiga","Romania","2011","Departures","Emmanuel Koné","https://www.transfermarkt.com/emmanuel-kone/profil/spieler/39190","Central Midfield","25","Cote d'Ivoire","CS Sedan","Ligue 2","France",0,FALSE,NA,"Winter",2,2,0,85
"CFR Cluj","SuperLiga","Romania","2011","Departures","Thiandoum Daouda","https://www.transfermarkt.com/thiandoum-daouda/profil/spieler/212903","Defensive Midfield","19","Senegal","Rm. Valcea","Liga II - Seria II","Romania",0,FALSE,NA,"Winter",NA,NA,NA,NA
"CFR Cluj","SuperLiga","Romania","2011","Departures","Ionut Rada","https://www.transfermarkt.com/ionut-rada/profil/spieler/34506","Centre-Back","29","Romania","Karlsruher SC","2. Bundesliga","Germany",NA,TRUE,"loan transfer","Winter",9,5,0,399
"CFR Cluj","SuperLiga","Romania","2011","Departures","Dominique Kivuvu","https://www.transfermarkt.com/dominique-kivuvu/profil/spieler/41300","Defensive Midfield","24","Angola","Mjällby AIF","Allsvenskan","Sweden",NA,TRUE,"loan transfer","Winter",7,4,0,184
"FC Dinamo 1948","SuperLiga","Romania","2011","Arrivals","Srdjan Luchin","https://www.transfermarkt.com/srdjan-luchin/profil/spieler/58720","Centre-Back","25","Romania","Poli. Timisoara","Liga II - Seria II","Romania",5e+05,FALSE,NA,"Summer",31,30,2,2561
"FC Dinamo 1948","SuperLiga","Romania","2011","Arrivals","Dorel Stoica","https://www.transfermarkt.com/dorel-stoica/profil/spieler/47584","Defensive Midfield","32","Romania","FC U Craiova",NA,"Romania",NA,FALSE,"?","Summer",18,14,2,867
"FC Dinamo 1948","SuperLiga","Romania","2011","Arrivals","Constantin Nica","https://www.transfermarkt.com/constantin-nica/profil/spieler/221815","Right-Back","19","Romania","Dinamo II","Liga 2","Romania",NA,FALSE,"-","Summer",3,3,0,242
"FC Dinamo 1948","SuperLiga","Romania","2011","Arrivals","Marius Niculae","https://www.transfermarkt.com/marius-niculae/profil/spieler/13831","Centre-Forward","30","Romania","AO Kavala","Super League 1","Greece",NA,TRUE,"End of loan Jun 30, 2011","Summer",37,36,20,3154
"FC Dinamo 1948","SuperLiga","Romania","2011","Arrivals","Cristian Pulhac","https://www.transfermarkt.com/cristian-pulhac/profil/spieler/34781","Left-Back","26","Romania","Hércules CF","LaLiga","Spain",NA,TRUE,"End of loan Jun 30, 2011","Summer",21,18,0,1323
"FC Dinamo 1948","SuperLiga","Romania","2011","Arrivals","Daniel Vadrariu","https://www.transfermarkt.com/daniel-vadrariu/profil/spieler/132218","Left Midfield","21","Romania","Ceahlaul","Liga 2","Romania",NA,TRUE,"End of loan Jun 30, 2011","Summer",NA,NA,NA,NA
"FC Dinamo 1948","SuperLiga","Romania","2011","Arrivals","Laurențiu Rus","https://www.transfermarkt.com/laurentiu-rus/profil/spieler/123289","Defensive Midfield","26","Romania","ASA Tg. Mures","SuperLiga","Romania",NA,TRUE,"End of loan Jun 30, 2011","Summer",41,39,2,3161
"FC Dinamo 1948","SuperLiga","Romania","2011","Arrivals","Hristu Chiacu","https://www.transfermarkt.com/hristu-chiacu/profil/spieler/41623","Right Midfield","24","Romania","Khazar Lankaran","Premyer Liqa","Azerbaijan",NA,TRUE,"End of loan Jun 30, 2011","Summer",NA,NA,NA,NA
"FC Dinamo 1948","SuperLiga","Romania","2011","Arrivals","Adrian Scarlatache","https://www.transfermarkt.com/adrian-scarlatache/profil/spieler/46644","Centre-Back","24","Romania","Khazar Lankaran","Premyer Liqa","Azerbaijan",NA,TRUE,"End of loan Jun 30, 2011","Summer",32,30,1,2410
"FC Dinamo 1948","SuperLiga","Romania","2011","Arrivals","Sergiu Homei","https://www.transfermarkt.com/sergiu-homei/profil/spieler/48140","Right-Back","23","Romania","Unirea Urziceni","SuperLiga","Romania",NA,TRUE,"End of loan Jun 30, 2011","Summer",NA,NA,NA,NA
"FC Dinamo 1948","SuperLiga","Romania","2011","Arrivals","George Curca","https://www.transfermarkt.com/george-curca/profil/spieler/46529","Goalkeeper","30","Romania","Unirea Urziceni","SuperLiga","Romania",NA,TRUE,"End of loan Jun 30, 2011","Summer",7,0,0,0
"FC Dinamo 1948","SuperLiga","Romania","2011","Arrivals","Nicolae Musat","https://www.transfermarkt.com/nicolae-musat/profil/spieler/53196","Left-Back","24","Romania","Khazar Lankaran","Premyer Liqa","Azerbaijan",NA,TRUE,"End of loan Jun 30, 2011","Summer",15,8,0,407
"FC Dinamo 1948","SuperLiga","Romania","2011","Departures","Gabriel Torje","https://www.transfermarkt.com/gabriel-torje/profil/spieler/47184","Right Winger","21","Romania","Udinese","Serie A","Italy",5e+06,FALSE,NA,"Summer",9,9,2,720
"FC Dinamo 1948","SuperLiga","Romania","2011","Departures","Valerică Găman","https://www.transfermarkt.com/valerica-gaman/profil/spieler/47576","Centre-Back","22","Romania","Astra Giurgiu","SuperLiga","Romania",0,FALSE,NA,"Summer",NA,NA,NA,NA
"FC Dinamo 1948","SuperLiga","Romania","2011","Departures","Ștefan Bărboianu","https://www.transfermarkt.com/stefan-barboianu/profil/spieler/47568","Right-Back","23","Romania","Astra Giurgiu","SuperLiga","Romania",0,FALSE,NA,"Summer",NA,NA,NA,NA
"FC Dinamo 1948","SuperLiga","Romania","2011","Departures","Emilian Dolha","https://www.transfermarkt.com/emilian-dolha/profil/spieler/35430","Goalkeeper","31","Romania","Fakel Voronezh","1.Division","Russia",0,FALSE,NA,"Summer",NA,NA,NA,NA
"FC Dinamo 1948","SuperLiga","Romania","2011","Departures","Óscar Rubio","https://www.transfermarkt.com/oscar-rubio/profil/spieler/57999","Right-Back","27","Spain","Alavés","2ª B - Grupo II","Spain",0,FALSE,NA,"Summer",NA,NA,NA,NA
"FC Dinamo 1948","SuperLiga","Romania","2011","Departures","Valeriu Bordeanu","https://www.transfermarkt.com/valeriu-bordeanu/profil/spieler/25848","Left-Back","34","Romania","FC Botosani","Liga 2","Romania",0,FALSE,NA,"Summer",NA,NA,NA,NA
"FC Dinamo 1948","SuperLiga","Romania","2011","Departures","Vlad Munteanu","https://www.transfermarkt.com/vlad-munteanu/profil/spieler/26041","Left Midfield","30","Romania","Concordia","SuperLiga","Romania",0,FALSE,NA,"Summer",NA,NA,NA,NA
"FC Dinamo 1948","SuperLiga","Romania","2011","Departures","Alexandru Man","https://www.transfermarkt.com/alexandru-man/profil/spieler/250561","Defender","18","Romania","Alba Iulia","Liga II - Seria II","Romania",0,FALSE,NA,"Summer",NA,NA,NA,NA
"FC Dinamo 1948","SuperLiga","Romania","2011","Departures","Andrei Mărgăritescu","https://www.transfermarkt.com/andrei-margaritescu/profil/spieler/26040","Defensive Midfield","31","Romania","CS Mioveni","SuperLiga","Romania",NA,FALSE,"?","Summer",NA,NA,NA,NA
"FC Dinamo 1948","SuperLiga","Romania","2011","Departures","Daniel Vadrariu","https://www.transfermarkt.com/daniel-vadrariu/profil/spieler/132218","Left Midfield","21","Romania","Astra Giurgiu","SuperLiga","Romania",NA,TRUE,"loan transfer","Summer",NA,NA,NA,NA
"FC Dinamo 1948","SuperLiga","Romania","2011","Departures","Hristu Chiacu","https://www.transfermarkt.com/hristu-chiacu/profil/spieler/41623","Right Midfield","24","Romania","Ceahlaul","SuperLiga","Romania",NA,TRUE,"loan transfer","Summer",NA,NA,NA,NA
"FC Dinamo 1948","SuperLiga","Romania","2011","Departures","Eugen Craciun","https://www.transfermarkt.com/eugen-craciun/profil/spieler/48666","Right-Back","25","Romania","CS Mioveni","SuperLiga","Romania",NA,TRUE,"loan transfer","Summer",NA,NA,NA,NA
"FC Dinamo 1948","SuperLiga","Romania","2011","Arrivals","Alexandru Curtean","https://www.transfermarkt.com/alexandru-curtean/profil/spieler/81477","Left Winger","24","Romania","Poli. Timisoara","Liga II - Seria II","Romania",7e+05,FALSE,NA,"Winter",16,14,2,917
"FC Dinamo 1948","SuperLiga","Romania","2011","Arrivals","Michel Platini","https://www.transfermarkt.com/michel-platini/profil/spieler/80568","Centre-Forward","28","Brazil","CSKA Sofia","efbet Liga","Bulgaria",6e+05,FALSE,NA,"Winter",10,9,0,410
"FC Dinamo 1948","SuperLiga","Romania","2011","Arrivals","Sorin Stratila","https://www.transfermarkt.com/sorin-stratila/profil/spieler/123319","Right Midfield","25","Romania","Astra Giurgiu","SuperLiga","Romania",250000,FALSE,NA,"Winter",15,11,0,414
"FC Dinamo 1948","SuperLiga","Romania","2011","Arrivals","Cosmin Matei","https://www.transfermarkt.com/cosmin-matei/profil/spieler/81421","Attacking Midfield","20","Romania","Astra Giurgiu","SuperLiga","Romania",0,FALSE,NA,"Winter",10,8,2,308
"FC Dinamo 1948","SuperLiga","Romania","2011","Arrivals","Iulian Tameș","https://www.transfermarkt.com/iulian-tames/profil/spieler/26052","Central Midfield","33","Romania","Poli. Timisoara","Liga II - Seria II","Romania",0,FALSE,NA,"Winter",14,8,1,491
"FC Dinamo 1948","SuperLiga","Romania","2011","Arrivals","Sorin Ispir","https://www.transfermarkt.com/sorin-ispir/profil/spieler/156824","Central Midfield","23","Romania","Vic. Branesti","Liga 2","Romania",0,FALSE,NA,"Winter",NA,NA,NA,NA
"FC Dinamo 1948","SuperLiga","Romania","2011","Arrivals","Hristu Chiacu","https://www.transfermarkt.com/hristu-chiacu/profil/spieler/41623","Right Midfield","25","Romania","Ceahlaul","SuperLiga","Romania",NA,TRUE,"End of loan Dec 1, 2011","Winter",NA,NA,NA,NA
"FC Dinamo 1948","SuperLiga","Romania","2011","Arrivals","Adrian Popa","https://www.transfermarkt.com/adrian-popa/profil/spieler/214091","Centre-Back","21","Romania","FC Snagov","Liga 2","Romania",NA,TRUE,"End of loan Dec 31, 2011","Winter",NA,NA,NA,NA
"FC Dinamo 1948","SuperLiga","Romania","2011","Departures","Zié Diabaté","https://www.transfermarkt.com/zie-diabate/profil/spieler/73980","Left-Back","22","Cote d'Ivoire","Dijon","Ligue 1","France",5e+05,FALSE,NA,"Winter",25,24,0,2084
"FC Dinamo 1948","SuperLiga","Romania","2011","Departures","Liviu Ganea","https://www.transfermarkt.com/liviu-ganea/profil/spieler/45267","Centre-Forward","23","Romania","CFR Cluj","SuperLiga","Romania",150000,FALSE,NA,"Winter",15,13,4,458
"FC Dinamo 1948","SuperLiga","Romania","2011","Departures","Elis Bakaj","https://www.transfermarkt.com/elis-bakaj/profil/spieler/58514","Attacking Midfield","24","Albania","Chornomorets","Premier Liga","Ukraine",85000,TRUE,NA,"Winter",15,14,1,391
"FC Dinamo 1948","SuperLiga","Romania","2011","Departures","Ersin Mehmedovic","https://www.transfermarkt.com/ersin-mehmedovic/profil/spieler/15539","Centre-Back","30","Serbia","Taraz","Premier Liga","Kazakhstan",0,FALSE,NA,"Winter",1,0,0,0
"FC Dinamo 1948","SuperLiga","Romania","2011","Departures","Bogdan Pătrașcu","https://www.transfermarkt.com/bogdan-patrascu/profil/spieler/21799","Defensive Midfield","32","Romania","Astra Giurgiu","SuperLiga","Romania",NA,FALSE,"?","Winter",19,12,0,489
"FC Dinamo 1948","SuperLiga","Romania","2011","Departures","Hristu Chiacu","https://www.transfermarkt.com/hristu-chiacu/profil/spieler/41623","Right Midfield","25","Romania","Concordia","SuperLiga","Romania",NA,FALSE,"?","Winter",NA,NA,NA,NA
"FC Dinamo 1948","SuperLiga","Romania","2011","Departures","Georgian Păun","https://www.transfermarkt.com/georgian-paun/profil/spieler/74552","Left Winger","26","Romania","CSKA Sofia","efbet Liga","Bulgaria",NA,TRUE,"loan transfer","Winter",11,6,1,193
"FC Dinamo 1948","SuperLiga","Romania","2011","Departures","George Curca","https://www.transfermarkt.com/george-curca/profil/spieler/46529","Goalkeeper","30","Romania","Farul Constanta","Liga 2","Romania",NA,TRUE,"loan transfer","Winter",7,0,0,0
"FC Dinamo 1948","SuperLiga","Romania","2011","Departures","Sorin Ispir","https://www.transfermarkt.com/sorin-ispir/profil/spieler/156824","Central Midfield","23","Romania","CS Mioveni","SuperLiga","Romania",NA,TRUE,"loan transfer","Winter",NA,NA,NA,NA
"FC Dinamo 1948","SuperLiga","Romania","2011","Departures","Sergiu Homei","https://www.transfermarkt.com/sergiu-homei/profil/spieler/48140","Right-Back","24","Romania","ASA Tg. Mures","SuperLiga","Romania",NA,TRUE,"loan transfer","Winter",NA,NA,NA,NA
"FC Dinamo 1948","SuperLiga","Romania","2011","Departures","Adrian Popa","https://www.transfermarkt.com/adrian-popa/profil/spieler/214091","Centre-Back","21","Romania","Concordia","SuperLiga","Romania",NA,TRUE,"loan transfer","Winter",NA,NA,NA,NA
"FC Dinamo 1948","SuperLiga","Romania","2011","Departures","Nicolae Musat","https://www.transfermarkt.com/nicolae-musat/profil/spieler/53196","Left-Back","25","Romania","Dinamo II","Liga 2","Romania",NA,FALSE,"-","Winter",15,8,0,407
"FC Vaslui (- 2014)",NA,NA,"2011","Arrivals","Nicolae Stanciu","https://www.transfermarkt.com/nicolae-stanciu/profil/spieler/148372","Attacking Midfield","18","Romania","Alba Iulia","Liga II - Seria II","Romania",240000,FALSE,NA,"Summer",19,19,1,927
"FC Vaslui (- 2014)",NA,NA,"2011","Arrivals","Ervin Zsiga","https://www.transfermarkt.com/ervin-zsiga/profil/spieler/234196","Right Winger","20","Romania","Olimpia SM",NA,"Romania",15000,FALSE,NA,"Summer",NA,NA,NA,NA
"FC Vaslui (- 2014)",NA,NA,"2011","Arrivals","Marius Constantin","https://www.transfermarkt.com/marius-constantin/profil/spieler/34503","Centre-Back","26","Romania","Rapid 1923 II",NA,"Romania",0,FALSE,NA,"Summer",17,17,1,1463
"FC Vaslui (- 2014)",NA,NA,"2011","Arrivals","Massimo Zappino","https://www.transfermarkt.com/massimo-zappino/profil/spieler/43237","Goalkeeper","30","Italy","Varese","Serie B","Italy",0,FALSE,NA,"Summer",NA,NA,NA,NA
"FC Vaslui (- 2014)",NA,NA,"2011","Arrivals","Vasile Buhaescu","https://www.transfermarkt.com/vasile-buhaescu/profil/spieler/48775","Centre-Forward","23","Romania","Petrolul","Liga II - Seria II","Romania",NA,TRUE,"End of loan Jun 30, 2011","Summer",30,21,3,716
"FC Vaslui (- 2014)",NA,NA,"2011","Departures","Dusan Kuciak","https://www.transfermarkt.com/dusan-kuciak/profil/spieler/31886","Goalkeeper","26","Slovakia","Legia Warszawa","Ekstraklasa","Poland",0,FALSE,NA,"Summer",NA,NA,NA,NA
"FC Vaslui (- 2014)",NA,NA,"2011","Departures","Stanislav Genchev","https://www.transfermarkt.com/stanislav-genchev/profil/spieler/24470","Defensive Midfield","30","Bulgaria","Ludogorets","efbet Liga","Bulgaria",0,FALSE,NA,"Summer",NA,NA,NA,NA
"FC Vaslui (- 2014)",NA,NA,"2011","Departures","Alejandro Campano","https://www.transfermarkt.com/alejandro-campano/profil/spieler/7680","Right Midfield","32","Spain","Xerez CD","LaLiga2","Spain",0,FALSE,NA,"Summer",NA,NA,NA,NA
"FC Vaslui (- 2014)",NA,NA,"2011","Departures","David Rivas","https://www.transfermarkt.com/david-rivas/profil/spieler/7650","Centre-Back","32","Spain","SD Huesca","LaLiga2","Spain",0,FALSE,NA,"Summer",NA,NA,NA,NA
"FC Vaslui (- 2014)",NA,NA,"2011","Departures","Willian","https://www.transfermarkt.com/willian/profil/spieler/48772","Attacking Midfield","27","Brazil","EC Vitória","Série B","Brazil",0,FALSE,NA,"Summer",11,7,1,392
"FC Vaslui (- 2014)",NA,NA,"2011","Departures","Dorian Andronic","https://www.transfermarkt.com/dorian-andronic/profil/spieler/48773","Centre-Back","21","Romania","Sport. Suceava",NA,"Romania",0,FALSE,NA,"Summer",NA,NA,NA,NA
"FC Vaslui (- 2014)",NA,NA,"2011","Departures","Christian Pouga","https://www.transfermarkt.com/christian-pouga/profil/spieler/41208","Centre-Forward","25","Cameroon","Marítimo","Liga Portugal","Portugal",NA,FALSE,"?","Summer",NA,NA,NA,NA
"FC Vaslui (- 2014)",NA,NA,"2011","Departures","Marius Stefoi","https://www.transfermarkt.com/marius-stefoi/profil/spieler/64242","Right Midfield","21","Romania","Farul Constanta","Liga 2","Romania",NA,TRUE,"loan transfer","Summer",NA,NA,NA,NA
"FC Vaslui (- 2014)",NA,NA,"2011","Arrivals","Ousmane N'Doye","https://www.transfermarkt.com/ousmane-ndoye/profil/spieler/6973","Defensive Midfield","33","Senegal","Astra Giurgiu","SuperLiga","Romania",0,FALSE,NA,"Winter",14,14,2,1049
"FC Vaslui (- 2014)",NA,NA,"2011","Arrivals","Paíto","https://www.transfermarkt.com/paito/profil/spieler/16118","Left-Back","29","Mozambique","Neuchâtel Xamax","Super League","Switzerland",0,FALSE,NA,"Winter",17,16,1,1397
"FC Vaslui (- 2014)",NA,NA,"2011","Arrivals","Anderson do Ó","https://www.transfermarkt.com/anderson-do-o/profil/spieler/38008","Centre-Back","31","Brazil","Vitória Setúbal","Liga Portugal","Portugal",0,FALSE,NA,"Winter",18,17,0,1267
"FC Vaslui (- 2014)",NA,NA,"2011","Arrivals","Jaime Bragança","https://www.transfermarkt.com/jaime-braganca/profil/spieler/14126","Left Winger","28","Portugal","Jakarta FC",NA,"Indonesia",0,FALSE,NA,"Winter",2,2,0,81
"FC Vaslui (- 2014)",NA,NA,"2011","Arrivals","Cătălin Straton","https://www.transfermarkt.com/catalin-straton/profil/spieler/123251","Goalkeeper","22","Romania","FC Rapid 1923","SuperLiga","Romania",0,FALSE,NA,"Winter",14,0,0,0
"FC Vaslui (- 2014)",NA,NA,"2011","Arrivals","Sergiu Popovici","https://www.transfermarkt.com/sergiu-popovici/profil/spieler/217750","Left-Back","18","Romania","Flacara Faget",NA,"Romania",0,FALSE,NA,"Winter",3,0,0,0
"FC Vaslui (- 2014)",NA,NA,"2011","Arrivals","Milan Borjan","https://www.transfermarkt.com/milan-borjan/profil/spieler/67797","Goalkeeper","24","Canada","Sivasspor","Süper Lig","Türkiye",NA,TRUE,"loan transfer","Winter",19,19,0,1710
"FC Vaslui (- 2014)",NA,NA,"2011","Arrivals","Savio Nsereko","https://www.transfermarkt.com/savio-nsereko/profil/spieler/43100","Right Winger","22","Germany","Fiorentina","Serie A","Italy",NA,TRUE,"loan transfer","Winter",3,2,0,29
"FC Vaslui (- 2014)",NA,NA,"2011","Arrivals","Marius Stefoi","https://www.transfermarkt.com/marius-stefoi/profil/spieler/64242","Right Midfield","21","Romania","Farul Constanta","Liga 2","Romania",NA,TRUE,"End of loan Dec 31, 2011","Winter",NA,NA,NA,NA
"FC Vaslui (- 2014)",NA,NA,"2011","Departures","Silviu Balace","https://www.transfermarkt.com/silviu-balace/profil/spieler/47867","Left-Back","33","Romania","Turnu-Severin","Liga II - Seria II","Romania",0,FALSE,NA,"Winter",8,7,1,546
"FC Vaslui (- 2014)",NA,NA,"2011","Departures","Milos Pavlovic","https://www.transfermarkt.com/milos-pavlovic/profil/spieler/36044","Defensive Midfield","28","Serbia","FC Rapid 1923","SuperLiga","Romania",NA,FALSE,"?","Winter",23,22,0,1800
"FC Vaslui (- 2014)",NA,NA,"2011","Departures","Massimo Zappino","https://www.transfermarkt.com/massimo-zappino/profil/spieler/43237","Goalkeeper","30","Italy","Frosinone","Serie C - B","Italy",NA,FALSE,"?","Winter",NA,NA,NA,NA
"FC Vaslui (- 2014)",NA,NA,"2011","Departures","Razvan Neagu","https://www.transfermarkt.com/razvan-neagu/profil/spieler/46607","Centre-Forward","24","Romania","Petrolul","SuperLiga","Romania",NA,TRUE,"loan transfer","Winter",12,7,1,346
"FC Vaslui (- 2014)",NA,NA,"2011","Departures","Marius Stefoi","https://www.transfermarkt.com/marius-stefoi/profil/spieler/64242","Right Midfield","21","Romania","Unknown",NA,NA,NA,FALSE,"-","Winter",NA,NA,NA,NA
"FC Rapid 1923","SuperLiga","Romania","2011","Arrivals","Ciprian Deac","https://www.transfermarkt.com/ciprian-deac/profil/spieler/43300","Right Winger","25","Romania","FC Schalke 04","Bundesliga","Germany",3e+05,TRUE,NA,"Summer",44,42,11,3566
"FC Rapid 1923","SuperLiga","Romania","2011","Arrivals","Dan Alexa","https://www.transfermarkt.com/dan-alexa/profil/spieler/47146","Defensive Midfield","31","Romania","Poli. Timisoara","Liga II - Seria II","Romania",0,FALSE,NA,"Summer",38,37,5,3095
"FC Rapid 1923","SuperLiga","Romania","2011","Arrivals","Iulian Apostol","https://www.transfermarkt.com/iulian-apostol/profil/spieler/46489","Central Midfield","30","Romania","Unirea Urziceni",NA,"Romania",0,FALSE,NA,"Summer",20,16,3,977
"FC Rapid 1923","SuperLiga","Romania","2011","Arrivals","Romeo Surdu","https://www.transfermarkt.com/romeo-surdu/profil/spieler/43378","Left Winger","27","Romania","FCSB","SuperLiga","Romania",0,FALSE,NA,"Summer",38,37,5,2242
"FC Rapid 1923","SuperLiga","Romania","2011","Arrivals","Constantin Gângioveanu","https://www.transfermarkt.com/constantin-gangioveanu/profil/spieler/48779","Left Winger","21","Romania","FC U Craiova",NA,"Romania",0,FALSE,NA,"Summer",1,1,1,14
"FC Rapid 1923","SuperLiga","Romania","2011","Arrivals","Ovidiu Burcă","https://www.transfermarkt.com/ovidiu-burca/profil/spieler/26028","Centre-Back","31","Romania","Poli. Timisoara","Liga II - Seria II","Romania",0,FALSE,NA,"Summer",34,28,2,2145
"FC Rapid 1923","SuperLiga","Romania","2011","Arrivals","Filipe Teixeira","https://www.transfermarkt.com/filipe-teixeira/profil/spieler/5568","Right Winger","30","Portugal","Metalurg D.","Premier Liga","Ukraine",0,FALSE,NA,"Summer",35,35,5,2097
"FC Rapid 1923","SuperLiga","Romania","2011","Arrivals","Cristian Oroș","https://www.transfermarkt.com/cristian-oros/profil/spieler/64215","Centre-Back","26","Romania","FC Brasov","SuperLiga","Romania",0,FALSE,NA,"Summer",34,24,0,2115
"FC Rapid 1923","SuperLiga","Romania","2011","Arrivals","Valentin Crețu","https://www.transfermarkt.com/valentin-cretu/profil/spieler/79507","Right-Back","22","Romania","Concordia","SuperLiga","Romania",NA,TRUE,"loan transfer","Summer",18,15,0,1293
"FC Rapid 1923","SuperLiga","Romania","2011","Arrivals","Urko Pardo","https://www.transfermarkt.com/urko-pardo/profil/spieler/9941","Goalkeeper","28","Cyprus","Olympiacos","Super League 1","Greece",NA,TRUE,"End of loan Jun 30, 2011","Summer",NA,NA,NA,NA
"FC Rapid 1923","SuperLiga","Romania","2011","Arrivals","Lucian Raduta","https://www.transfermarkt.com/lucian-raduta/profil/spieler/53978","Centre-Forward","22","Romania","ASA Tg. Mures","SuperLiga","Romania",NA,TRUE,"End of loan Jun 30, 2011","Summer",NA,NA,NA,NA
"FC Rapid 1923","SuperLiga","Romania","2011","Arrivals","Catalin Paun","https://www.transfermarkt.com/catalin-paun/profil/spieler/53214","Centre-Back","23","Romania","Petrolul","Liga II - Seria II","Romania",NA,TRUE,"End of loan Jun 30, 2011","Summer",NA,NA,NA,NA
"FC Rapid 1923","SuperLiga","Romania","2011","Arrivals","Alexandru Coman","https://www.transfermarkt.com/alexandru-coman/profil/spieler/143229","Centre-Back","19","Romania","Daco-Getica","Liga 2","Romania",NA,TRUE,"End of loan Jun 30, 2011","Summer",NA,NA,NA,NA
"FC Rapid 1923","SuperLiga","Romania","2011","Arrivals","Alexandru Dobroiu","https://www.transfermarkt.com/alexandru-dobroiu/profil/spieler/53883","Centre-Forward","23","Romania","Pandurii ","SuperLiga","Romania",NA,TRUE,"End of loan Jun 30, 2011","Summer",NA,NA,NA,NA
"FC Rapid 1923","SuperLiga","Romania","2011","Arrivals","George Tene","https://www.transfermarkt.com/george-tene/profil/spieler/133859","Attacking Midfield","22","Romania","ACSM Poli Iasi","Liga II - Seria II","Romania",NA,TRUE,"End of loan Jun 30, 2011","Summer",NA,NA,NA,NA
"FC Rapid 1923","SuperLiga","Romania","2011","Arrivals","Doru Bratu","https://www.transfermarkt.com/doru-bratu/profil/spieler/81724","Centre-Back","22","Romania","Daco-Getica","Liga 2","Romania",NA,TRUE,"End of loan Jun 30, 2011","Summer",NA,NA,NA,NA
"FC Rapid 1923","SuperLiga","Romania","2011","Arrivals","Virgil Drăghia","https://www.transfermarkt.com/virgil-draghia/profil/spieler/122652","Goalkeeper","20","Romania","Daco-Getica","Liga 2","Romania",NA,TRUE,"End of loan Jun 30, 2011","Summer",8,1,0,90
"FC Rapid 1923","SuperLiga","Romania","2011","Departures","Juliano Spadacio","https://www.transfermarkt.com/juliano-spadacio/profil/spieler/16106","Attacking Midfield","30","Brazil","PAOK Salonika","Super League 1","Greece",0,FALSE,NA,"Summer",NA,NA,NA,NA
"FC Rapid 1923","SuperLiga","Romania","2011","Departures","Costin Lazăr","https://www.transfermarkt.com/costin-lazar/profil/spieler/44714","Central Midfield","30","Romania","PAOK Salonika","Super League 1","Greece",0,FALSE,NA,"Summer",NA,NA,NA,NA
"FC Rapid 1923","SuperLiga","Romania","2011","Departures","Césinha","https://www.transfermarkt.com/cesinha/profil/spieler/22945","Second Striker","31","Brazil","AE Larisa","Football League","Greece",0,FALSE,NA,"Summer",NA,NA,NA,NA
"FC Rapid 1923","SuperLiga","Romania","2011","Departures","Mircea Bornescu","https://www.transfermarkt.com/mircea-bornescu/profil/spieler/47569","Goalkeeper","31","Romania","AO Kavala",NA,"Greece",0,FALSE,NA,"Summer",NA,NA,NA,NA
"FC Rapid 1923","SuperLiga","Romania","2011","Departures","Cândido Costa","https://www.transfermarkt.com/candido-costa/profil/spieler/13447","Right Winger","30","Portugal","Arouca","Liga Portugal 2","Portugal",0,FALSE,NA,"Summer",NA,NA,NA,NA
"FC Rapid 1923","SuperLiga","Romania","2011","Departures","Ionuț Stancu","https://www.transfermarkt.com/ionut-stancu/profil/spieler/35441","Left Midfield","28","Romania","ALRO Slatina","Liga II - Seria II","Romania",0,FALSE,NA,"Summer",NA,NA,NA,NA
"FC Rapid 1923","SuperLiga","Romania","2011","Departures","Doru Bratu","https://www.transfermarkt.com/doru-bratu/profil/spieler/81724","Centre-Back","22","Romania","FC Snagov","Liga 2","Romania",0,FALSE,NA,"Summer",NA,NA,NA,NA
"FC Rapid 1923","SuperLiga","Romania","2011","Departures","Urko Pardo","https://www.transfermarkt.com/urko-pardo/profil/spieler/9941","Goalkeeper","28","Cyprus","APOEL Nicosia","Cyprus League","Cyprus",NA,FALSE,"?","Summer",NA,NA,NA,NA
"FC Rapid 1923","SuperLiga","Romania","2011","Departures","Sorin Frunză","https://www.transfermarkt.com/sorin-frunza/profil/spieler/26648","Left Midfield","33","Romania","Otelul Galati","SuperLiga","Romania",NA,FALSE,"?","Summer",NA,NA,NA,NA
"FC Rapid 1923","SuperLiga","Romania","2011","Departures","Alexandru Dobroiu","https://www.transfermarkt.com/alexandru-dobroiu/profil/spieler/53883","Centre-Forward","23","Romania","Pandurii II",NA,"Romania",NA,FALSE,"?","Summer",NA,NA,NA,NA
"FC Rapid 1923","SuperLiga","Romania","2011","Departures","Catalin Paun","https://www.transfermarkt.com/catalin-paun/profil/spieler/53214","Centre-Back","23","Romania","Daco-Getica","Liga II - Seria II","Romania",NA,TRUE,"loan transfer","Summer",NA,NA,NA,NA
"FC Rapid 1923","SuperLiga","Romania","2011","Departures","Alexandru Coman","https://www.transfermarkt.com/alexandru-coman/profil/spieler/143229","Centre-Back","19","Romania","ALRO Slatina","Liga II - Seria II","Romania",NA,TRUE,"loan transfer","Summer",NA,NA,NA,NA
"FC Rapid 1923","SuperLiga","Romania","2011","Departures","George Tene","https://www.transfermarkt.com/george-tene/profil/spieler/133859","Attacking Midfield","22","Romania","Daco-Getica","Liga II - Seria II","Romania",NA,TRUE,"loan transfer","Summer",NA,NA,NA,NA
"FC Rapid 1923","SuperLiga","Romania","2011","Departures","Pavel Vidanov","https://www.transfermarkt.com/pavel-vidanov/profil/spieler/87273","Centre-Back","22","Bulgaria","CSKA Sofia","efbet Liga","Bulgaria",NA,TRUE,"End of loan Jun 30, 2011","Summer",NA,NA,NA,NA
"FC Rapid 1923","SuperLiga","Romania","2011","Departures","Olberdam","https://www.transfermarkt.com/olberdam/profil/spieler/33537","Central Midfield","26","Brazil","Marítimo","Liga Portugal","Portugal",NA,TRUE,"End of loan Jun 30, 2011","Summer",NA,NA,NA,NA
"FC Rapid 1923","SuperLiga","Romania","2011","Arrivals","Cosmin Vâtcă","https://www.transfermarkt.com/cosmin-vatca/profil/spieler/47477","Goalkeeper","29","Romania","Gaz Metan","SuperLiga","Romania",0,FALSE,NA,"Winter",12,3,0,270
"FC Rapid 1923","SuperLiga","Romania","2011","Arrivals","Juan Sánchez Sotelo","https://www.transfermarkt.com/juan-sanchez-sotelo/profil/spieler/82550","Centre-Forward","24","Argentina","La Serena","Torneo Clausura","Chile",0,FALSE,NA,"Winter",4,2,0,27
"FC Rapid 1923","SuperLiga","Romania","2011","Arrivals","Milos Pavlovic","https://www.transfermarkt.com/milos-pavlovic/profil/spieler/36044","Defensive Midfield","28","Serbia","FC Vaslui","SuperLiga","Romania",NA,FALSE,"?","Winter",14,10,0,443
"FC Rapid 1923","SuperLiga","Romania","2011","Arrivals","Alexandru Ioniță I","https://www.transfermarkt.com/alexandru-ionita-i/profil/spieler/113865","Centre-Forward","22","Romania","1.FC Köln","Bundesliga","Germany",NA,TRUE,"loan transfer","Winter",14,8,1,360
"FC Rapid 1923","SuperLiga","Romania","2011","Arrivals","Alexandru Ioniță","https://www.transfermarkt.com/alexandru-ionita/profil/spieler/209664","Attacking Midfield","17","Romania","Rapid 1923 U18",NA,"Romania",NA,FALSE,"-","Winter",2,0,0,0
"FC Rapid 1923","SuperLiga","Romania","2011","Arrivals","Catalin Paun","https://www.transfermarkt.com/catalin-paun/profil/spieler/53214","Centre-Back","23","Romania","Daco-Getica","Liga II - Seria II","Romania",NA,TRUE,"End of loan Dec 31, 2011","Winter",NA,NA,NA,NA
"FC Rapid 1923","SuperLiga","Romania","2011","Departures","Constantin Gângioveanu","https://www.transfermarkt.com/constantin-gangioveanu/profil/spieler/48779","Left Winger","22","Romania","Unknown",NA,NA,0,FALSE,NA,"Winter",1,1,1,14
"FC Rapid 1923","SuperLiga","Romania","2011","Departures","Cătălin Straton","https://www.transfermarkt.com/catalin-straton/profil/spieler/123251","Goalkeeper","22","Romania","FC Vaslui","SuperLiga","Romania",0,FALSE,NA,"Winter",18,6,0,438
"FC Rapid 1923","SuperLiga","Romania","2011","Departures","Cássio","https://www.transfermarkt.com/cassio/profil/spieler/34953","Centre-Forward","28","Brazil","Beira-Mar","Liga Portugal","Portugal",NA,TRUE,"loan transfer","Winter",21,18,1,846
"FC Rapid 1923","SuperLiga","Romania","2011","Departures","Andrei Ciolacu","https://www.transfermarkt.com/andrei-ciolacu/profil/spieler/186247","Centre-Forward","19","Romania","CS Otopeni","Liga 2","Romania",NA,TRUE,"loan transfer","Winter",NA,NA,NA,NA
"FC Rapid 1923","SuperLiga","Romania","2011","Departures","Catalin Paun","https://www.transfermarkt.com/catalin-paun/profil/spieler/53214","Centre-Back","24","Romania","Rapid 1923 II",NA,"Romania",NA,FALSE,"-","Winter",NA,NA,NA,NA
"Astra Giurgiu (- 2024)",NA,NA,"2011","Arrivals","Cosmin Matei","https://www.transfermarkt.com/cosmin-matei/profil/spieler/81421","Attacking Midfield","19","Romania","FCSB","SuperLiga","Romania",2e+05,FALSE,NA,"Summer",9,7,1,279
"Astra Giurgiu (- 2024)",NA,NA,"2011","Arrivals","Liviu Bajenaru","https://www.transfermarkt.com/liviu-bajenaru/profil/spieler/97512","Attacking Midfield","28","Romania","FCSB","SuperLiga","Romania",150000,FALSE,NA,"Summer",28,26,0,1922
"Astra Giurgiu (- 2024)",NA,NA,"2011","Arrivals","Valerică Găman","https://www.transfermarkt.com/valerica-gaman/profil/spieler/47576","Centre-Back","22","Romania","FC Dinamo","SuperLiga","Romania",0,FALSE,NA,"Summer",30,29,3,2465
"Astra Giurgiu (- 2024)",NA,NA,"2011","Arrivals","Silviu Lung Jr.","https://www.transfermarkt.com/silviu-lung-jr-/profil/spieler/73731","Goalkeeper","22","Romania","FC U Craiova",NA,"Romania",0,FALSE,NA,"Summer",30,30,0,2700
"Astra Giurgiu (- 2024)",NA,NA,"2011","Arrivals","Ștefan Bărboianu","https://www.transfermarkt.com/stefan-barboianu/profil/spieler/47568","Right-Back","23","Romania","FC Dinamo","SuperLiga","Romania",0,FALSE,NA,"Summer",15,14,1,1260
"Astra Giurgiu (- 2024)",NA,NA,"2011","Arrivals","Michal Kubala","https://www.transfermarkt.com/michal-kubala/profil/spieler/38296","Central Midfield","31","Slovakia","Gaz Metan","SuperLiga","Romania",0,FALSE,NA,"Summer",1,1,0,77
"Astra Giurgiu (- 2024)",NA,NA,"2011","Arrivals","Chigozie Udoji","https://www.transfermarkt.com/chigozie-udoji/profil/spieler/49038","Centre-Forward","24","Bulgaria","Asteras Aktor","Super League 1","Greece",0,FALSE,NA,"Summer",10,10,0,666
"Astra Giurgiu (- 2024)",NA,NA,"2011","Arrivals","Alexandru Ologu","https://www.transfermarkt.com/alexandru-ologu/profil/spieler/105682","Central Midfield","21","Romania","FC U Craiova",NA,"Romania",0,FALSE,NA,"Summer",15,7,0,374
"Astra Giurgiu (- 2024)",NA,NA,"2011","Arrivals","Bruno Miguel","https://www.transfermarkt.com/bruno-miguel/profil/spieler/34951","Centre-Back","28","Portugal","Leiria","Liga Portugal","Portugal",0,FALSE,NA,"Summer",14,14,2,1109
"Astra Giurgiu (- 2024)",NA,NA,"2011","Arrivals","Cezar Lungu","https://www.transfermarkt.com/cezar-lungu/profil/spieler/102288","Goalkeeper","23","Romania","FCSB","SuperLiga","Romania",NA,FALSE,"?","Summer",10,4,0,360
"Astra Giurgiu (- 2024)",NA,NA,"2011","Arrivals","Daniel Vadrariu","https://www.transfermarkt.com/daniel-vadrariu/profil/spieler/132218","Left Midfield","21","Romania","FC Dinamo","SuperLiga","Romania",NA,TRUE,"loan transfer","Summer",8,2,0,24
"Astra Giurgiu (- 2024)",NA,NA,"2011","Arrivals","Florin Patrascu","https://www.transfermarkt.com/florin-patrascu/profil/spieler/56527","Defensive Midfield","25","Romania","ACSM Poli Iasi","Liga II - Seria II","Romania",NA,TRUE,"End of loan Jun 30, 2011","Summer",15,10,1,497
"Astra Giurgiu (- 2024)",NA,NA,"2011","Arrivals","Claudiu Tudor","https://www.transfermarkt.com/claudiu-tudor/profil/spieler/26705","Attacking Midfield","26","Romania","ACSM Poli Iasi","Liga II - Seria II","Romania",NA,TRUE,"End of loan Jun 30, 2011","Summer",NA,NA,NA,NA
"Astra Giurgiu (- 2024)",NA,NA,"2011","Arrivals","Marian Florea","https://www.transfermarkt.com/marian-florea/profil/spieler/158985","Left Midfield","29","Romania","ACSM Poli Iasi","Liga II - Seria II","Romania",NA,TRUE,"End of loan Jun 30, 2011","Summer",NA,NA,NA,NA
"Astra Giurgiu (- 2024)",NA,NA,"2011","Arrivals","Raymond Lukács","https://www.transfermarkt.com/raymond-lukacs/profil/spieler/156921","Centre-Forward","23","Romania","ACSM Poli Iasi","Liga II - Seria II","Romania",NA,TRUE,"End of loan Jun 30, 2011","Summer",NA,NA,NA,NA
"Astra Giurgiu (- 2024)",NA,NA,"2011","Arrivals","Dimitrie Gafita","https://www.transfermarkt.com/dimitrie-gafita/profil/spieler/97553","Centre-Forward","27","Romania","Gauss Bacau",NA,"Romania",NA,TRUE,"End of loan Jun 30, 2011","Summer",NA,NA,NA,NA
"Astra Giurgiu (- 2024)",NA,NA,"2011","Arrivals","Viorel Dinu","https://www.transfermarkt.com/viorel-dinu/profil/spieler/156919","Left Winger","32","Romania","FC Snagov","Liga 2","Romania",NA,TRUE,"End of loan Jun 30, 2011","Summer",NA,NA,NA,NA
"Astra Giurgiu (- 2024)",NA,NA,"2011","Departures","Michal Kubala","https://www.transfermarkt.com/michal-kubala/profil/spieler/38296","Central Midfield","31","Slovakia","Perak FC",NA,"Malaysia",1e+05,FALSE,NA,"Summer",1,1,0,77
"Astra Giurgiu (- 2024)",NA,NA,"2011","Departures","Nikola Mikelini","https://www.transfermarkt.com/nikola-mikelini/profil/spieler/38730","Centre-Back","29","Bosnia-Herzegovina","Unknown",NA,NA,0,FALSE,NA,"Summer",NA,NA,NA,NA
"Astra Giurgiu (- 2024)",NA,NA,"2011","Departures","Bogdan Miron","https://www.transfermarkt.com/bogdan-miron/profil/spieler/124621","Goalkeeper","29","Romania","Vointa Sibiu","SuperLiga","Romania",0,FALSE,NA,"Summer",NA,NA,NA,NA
"Astra Giurgiu (- 2024)",NA,NA,"2011","Departures","Claudiu Tudor","https://www.transfermarkt.com/claudiu-tudor/profil/spieler/26705","Attacking Midfield","26","Romania","ACSM Poli Iasi","Liga 2","Romania",NA,FALSE,"?","Summer",NA,NA,NA,NA
"Astra Giurgiu (- 2024)",NA,NA,"2011","Departures","Abel Valdez","https://www.transfermarkt.com/abel-valdez/profil/spieler/126034","Centre-Back","23","Argentina",NA,NA,NA,NA,FALSE,"?","Summer",NA,NA,NA,NA
"Astra Giurgiu (- 2024)",NA,NA,"2011","Departures","Marian Florea","https://www.transfermarkt.com/marian-florea/profil/spieler/158985","Left Midfield","29","Romania","FC Snagov","Liga 2","Romania",NA,TRUE,"loan transfer","Summer",NA,NA,NA,NA
"Astra Giurgiu (- 2024)",NA,NA,"2011","Departures","Marius Croitoru","https://www.transfermarkt.com/marius-croitoru/profil/spieler/46526","Right Winger","30","Romania","Without Club",NA,NA,NA,FALSE,"-","Summer",NA,NA,NA,NA
"Astra Giurgiu (- 2024)",NA,NA,"2011","Departures","Tomas Oravec","https://www.transfermarkt.com/tomas-oravec/profil/spieler/18405","Centre-Forward","31","Slovakia","Without Club",NA,NA,NA,FALSE,"-","Summer",0,0,0,0
"Astra Giurgiu (- 2024)",NA,NA,"2011","Departures","Pierre Ebéde","https://www.transfermarkt.com/pierre-ebede/profil/spieler/16363","Goalkeeper","31","Cameroon","Without Club",NA,NA,NA,FALSE,"-","Summer",0,0,0,0
"Astra Giurgiu (- 2024)",NA,NA,"2011","Departures","Raymond Lukács","https://www.transfermarkt.com/raymond-lukacs/profil/spieler/156921","Centre-Forward","23","Romania","Astra II","Liga 2","Romania",NA,FALSE,"-","Summer",NA,NA,NA,NA
"Astra Giurgiu (- 2024)",NA,NA,"2011","Departures","Viorel Dinu","https://www.transfermarkt.com/viorel-dinu/profil/spieler/156919","Left Winger","32","Romania","Astra II","Liga 2","Romania",NA,FALSE,"-","Summer",NA,NA,NA,NA
"Astra Giurgiu (- 2024)",NA,NA,"2011","Arrivals","Juliano Spadacio","https://www.transfermarkt.com/juliano-spadacio/profil/spieler/16106","Attacking Midfield","31","Brazil","PAOK Salonika","Super League 1","Greece",0,FALSE,NA,"Winter",14,14,4,1218
"Astra Giurgiu (- 2024)",NA,NA,"2011","Arrivals","Rui Miguel","https://www.transfermarkt.com/rui-miguel/profil/spieler/24709","Attacking Midfield","28","Portugal","Krasnodar",NA,"Russia",0,FALSE,NA,"Winter",5,5,0,346
"Astra Giurgiu (- 2024)",NA,NA,"2011","Arrivals","Diego Gaúcho","https://www.transfermarkt.com/diego-gaucho/profil/spieler/41932","Centre-Back","30","Brazil","Brasil Pelotas",NA,"Brazil",0,FALSE,NA,"Winter",1,1,0,55
"Astra Giurgiu (- 2024)",NA,NA,"2011","Arrivals","Demba Touré","https://www.transfermarkt.com/demba-toure/profil/spieler/20044","Second Striker","26","Senegal","ES Sétif","Ligue Professionnelle 1","Algeria",0,FALSE,NA,"Winter",1,1,0,45
"Astra Giurgiu (- 2024)",NA,NA,"2011","Arrivals","Tomas Oravec","https://www.transfermarkt.com/tomas-oravec/profil/spieler/18405","Centre-Forward","31","Slovakia","Spartak Trnava","Niké Liga","Slovakia",0,FALSE,NA,"Winter",0,0,0,0
"Astra Giurgiu (- 2024)",NA,NA,"2011","Arrivals","Bogdan Pătrașcu","https://www.transfermarkt.com/bogdan-patrascu/profil/spieler/21799","Defensive Midfield","32","Romania","FC Dinamo","SuperLiga","Romania",NA,FALSE,"?","Winter",12,11,1,642
"Astra Giurgiu (- 2024)",NA,NA,"2011","Arrivals","Ricardo Nascimento","https://www.transfermarkt.com/ricardo-nascimento/profil/spieler/126203","Centre-Back","24","Brazil","Olé Brasil",NA,"Brazil",NA,FALSE,"?","Winter",15,9,0,686
"Astra Giurgiu (- 2024)",NA,NA,"2011","Arrivals","Laionel","https://www.transfermarkt.com/laionel/profil/spieler/58133","Right Winger","25","Brazil","Anápolis",NA,"Brazil",NA,TRUE,"loan transfer","Winter",11,10,1,346
"Astra Giurgiu (- 2024)",NA,NA,"2011","Arrivals","William Amorim","https://www.transfermarkt.com/william-amorim/profil/spieler/203087","Left Winger","20","Brazil","Astra II","Liga 2","Romania",NA,FALSE,"-","Winter",13,13,2,824
"Astra Giurgiu (- 2024)",NA,NA,"2011","Arrivals","Marian Florea","https://www.transfermarkt.com/marian-florea/profil/spieler/158985","Left Midfield","29","Romania","FC Snagov","Liga 2","Romania",NA,TRUE,"End of loan Dec 1, 2011","Winter",NA,NA,NA,NA
"Astra Giurgiu (- 2024)",NA,NA,"2011","Departures","Sorin Stratila","https://www.transfermarkt.com/sorin-stratila/profil/spieler/123319","Right Midfield","25","Romania","FC Dinamo","SuperLiga","Romania",250000,FALSE,NA,"Winter",19,19,1,1392
"Astra Giurgiu (- 2024)",NA,NA,"2011","Departures","Michal Kubala","https://www.transfermarkt.com/michal-kubala/profil/spieler/38296","Central Midfield","31","Slovakia","Perak FC",NA,"Malaysia",1e+05,FALSE,NA,"Winter",1,1,0,77
"Astra Giurgiu (- 2024)",NA,NA,"2011","Departures","Lucian Goian","https://www.transfermarkt.com/lucian-goian/profil/spieler/26036","Centre-Back","28","Romania","TJ Jinmen Tiger","Super League","China",0,FALSE,NA,"Winter",17,16,1,1349
"Astra Giurgiu (- 2024)",NA,NA,"2011","Departures","Ousmane N'Doye","https://www.transfermarkt.com/ousmane-ndoye/profil/spieler/6973","Defensive Midfield","33","Senegal","FC Vaslui","SuperLiga","Romania",0,FALSE,NA,"Winter",17,17,3,1517
"Astra Giurgiu (- 2024)",NA,NA,"2011","Departures","Cosmin Matei","https://www.transfermarkt.com/cosmin-matei/profil/spieler/81421","Attacking Midfield","20","Romania","FC Dinamo","SuperLiga","Romania",0,FALSE,NA,"Winter",9,7,1,279
"Astra Giurgiu (- 2024)",NA,NA,"2011","Departures","Chigozie Udoji","https://www.transfermarkt.com/chigozie-udoji/profil/spieler/49038","Centre-Forward","25","Bulgaria","FC Brasov","SuperLiga","Romania",0,FALSE,NA,"Winter",10,10,0,666
"Astra Giurgiu (- 2024)",NA,NA,"2011","Departures","Osvaldo Miranda","https://www.transfermarkt.com/osvaldo-miranda/profil/spieler/30856","Centre-Forward","27","Argentina","Ferro","Primera Nacional","Argentina",0,FALSE,NA,"Winter",17,17,0,969
"Astra Giurgiu (- 2024)",NA,NA,"2011","Departures","Paulinho","https://www.transfermarkt.com/paulinho/profil/spieler/37577","Attacking Midfield","27","Portugal","Concordia","SuperLiga","Romania",0,FALSE,NA,"Winter",NA,NA,NA,NA
"Astra Giurgiu (- 2024)",NA,NA,"2011","Departures","Cezar Lungu","https://www.transfermarkt.com/cezar-lungu/profil/spieler/102288","Goalkeeper","23","Romania","Sportul S.","SuperLiga","Romania",NA,TRUE,"loan transfer","Winter",10,4,0,360
"Astra Giurgiu (- 2024)",NA,NA,"2011","Departures","Demba Touré","https://www.transfermarkt.com/demba-toure/profil/spieler/20044","Second Striker","27","Senegal","Without Club",NA,NA,NA,FALSE,"-","Winter",1,1,0,45
"Astra Giurgiu (- 2024)",NA,NA,"2011","Departures","Marian Florea","https://www.transfermarkt.com/marian-florea/profil/spieler/158985","Left Midfield","29","Romania","Astra II","Liga 2","Romania",NA,FALSE,"-","Winter",NA,NA,NA,NA
"SC Otelul Galati","SuperLiga","Romania","2011","Arrivals","Daniel Chávez","https://www.transfermarkt.com/daniel-chavez/profil/spieler/37999","Centre-Forward","23","Peru","KVC Westerlo","Jupiler Pro League","Belgium",0,FALSE,NA,"Summer",1,1,0,90
"SC Otelul Galati","SuperLiga","Romania","2011","Arrivals","Zoran Ljubinkovic","https://www.transfermarkt.com/zoran-ljubinkovic/profil/spieler/13904","Centre-Back","28","Serbia","Petrolul","SuperLiga","Romania",0,FALSE,NA,"Summer",18,11,0,888
"SC Otelul Galati","SuperLiga","Romania","2011","Arrivals","Alexandru Iacob","https://www.transfermarkt.com/alexandru-iacob/profil/spieler/53201","Centre-Back","22","Romania","FCSB","SuperLiga","Romania",0,FALSE,NA,"Summer",NA,NA,NA,NA
"SC Otelul Galati","SuperLiga","Romania","2011","Arrivals","Daniel Novac","https://www.transfermarkt.com/daniel-novac/profil/spieler/156372","Central Midfield","23","Romania","Vic. Branesti","Liga 2","Romania",0,FALSE,NA,"Summer",NA,NA,NA,NA
"SC Otelul Galati","SuperLiga","Romania","2011","Arrivals","Nejc Skubic","https://www.transfermarkt.com/nejc-skubic/profil/spieler/91434","Right-Back","22","Slovenia","NK Interblock","Druga Liga","Slovenia",0,FALSE,NA,"Summer",7,4,0,331
"SC Otelul Galati","SuperLiga","Romania","2011","Arrivals","Marian Pop","https://www.transfermarkt.com/marian-pop/profil/spieler/168465","Midfielder","19","Romania","Petrolul","SuperLiga","Romania",0,FALSE,NA,"Summer",NA,NA,NA,NA
"SC Otelul Galati","SuperLiga","Romania","2011","Arrivals","Sorin Frunză","https://www.transfermarkt.com/sorin-frunza/profil/spieler/26648","Left Midfield","33","Romania","FC Rapid 1923","SuperLiga","Romania",NA,FALSE,"?","Summer",26,21,0,917
"SC Otelul Galati","SuperLiga","Romania","2011","Arrivals","Milos Buchta","https://www.transfermarkt.com/milos-buchta/profil/spieler/34470","Goalkeeper","31","Czech Republic","Gaz Metan","SuperLiga","Romania",NA,TRUE,"loan transfer","Summer",2,0,0,0
"SC Otelul Galati","SuperLiga","Romania","2011","Arrivals","Marian Cârjă","https://www.transfermarkt.com/marian-carja/profil/spieler/48658","Right-Back","24","Romania","Petrolul","Liga II - Seria II","Romania",NA,TRUE,"End of loan Jun 30, 2011","Summer",NA,NA,NA,NA
"SC Otelul Galati","SuperLiga","Romania","2011","Arrivals","Robert Elek","https://www.transfermarkt.com/robert-elek/profil/spieler/55279","Centre-Forward","23","Romania","ACSM Poli Iasi","Liga II - Seria II","Romania",NA,TRUE,"End of loan Jun 30, 2011","Summer",NA,NA,NA,NA
"SC Otelul Galati","SuperLiga","Romania","2011","Arrivals","Laurențiu Petean","https://www.transfermarkt.com/laurentiu-petean/profil/spieler/156644","Central Midfield","23","Romania","Delta Tulcea","Liga 2","Romania",NA,TRUE,"End of loan Jun 30, 2011","Summer",NA,NA,NA,NA
"SC Otelul Galati","SuperLiga","Romania","2011","Arrivals","Cosmin Gârleanu","https://www.transfermarkt.com/cosmin-garleanu/profil/spieler/107657","Right Midfield","22","Romania","Petrolul","Liga II - Seria II","Romania",NA,TRUE,"End of loan Jun 30, 2011","Summer",NA,NA,NA,NA
"SC Otelul Galati","SuperLiga","Romania","2011","Arrivals","Alexandru Avram","https://www.transfermarkt.com/alexandru-avram/profil/spieler/69405","Attacking Midfield","20","Romania","Delta Tulcea","Liga 2","Romania",NA,TRUE,"End of loan Jun 30, 2011","Summer",NA,NA,NA,NA
"SC Otelul Galati","SuperLiga","Romania","2011","Arrivals","Sebastian Agache","https://www.transfermarkt.com/sebastian-agache/profil/spieler/69403","Left-Back","23","Romania","ACSM Poli Iasi","Liga II - Seria II","Romania",NA,TRUE,"End of loan Jun 30, 2011","Summer",NA,NA,NA,NA
"SC Otelul Galati","SuperLiga","Romania","2011","Arrivals","William Arias","https://www.transfermarkt.com/william-arias/profil/spieler/142568","Goalkeeper","20","Colombia","Callatis",NA,"Romania",NA,TRUE,"End of loan Jun 30, 2011","Summer",NA,NA,NA,NA
"SC Otelul Galati","SuperLiga","Romania","2011","Arrivals","Iulian Ginghina","https://www.transfermarkt.com/iulian-ginghina/profil/spieler/241557","Striker","22","Romania","Gauss Bacau",NA,"Romania",NA,TRUE,"End of loan Jun 30, 2011","Summer",NA,NA,NA,NA
"SC Otelul Galati","SuperLiga","Romania","2011","Arrivals","Alexandru Benga","https://www.transfermarkt.com/alexandru-benga/profil/spieler/202800","Centre-Back","22","Romania","Petrolul","Liga II - Seria II","Romania",NA,TRUE,"End of loan Jun 30, 2011","Summer",15,3,0,270
"SC Otelul Galati","SuperLiga","Romania","2011","Arrivals","Milenko Pjevic","https://www.transfermarkt.com/milenko-pjevic/profil/spieler/76793","Centre-Forward","21","Serbia","CS Brazi",NA,"Romania",NA,TRUE,"End of loan Jun 30, 2011","Summer",NA,NA,NA,NA
"SC Otelul Galati","SuperLiga","Romania","2011","Departures","Csaba Borbely","https://www.transfermarkt.com/csaba-borbely/profil/spieler/26639","Centre-Forward","30","Romania","Khazar Lankaran","Premyer Liqa","Azerbaijan",0,FALSE,NA,"Summer",NA,NA,NA,NA
"SC Otelul Galati","SuperLiga","Romania","2011","Departures","Alin Florut","https://www.transfermarkt.com/alin-florut/profil/spieler/168474","Central Midfield","20","Romania","Corvinul",NA,"Romania",0,FALSE,NA,"Summer",NA,NA,NA,NA
"SC Otelul Galati","SuperLiga","Romania","2011","Departures","Milenko Pjevic","https://www.transfermarkt.com/milenko-pjevic/profil/spieler/76793","Centre-Forward","21","Serbia","Slavija Belgrad",NA,"Serbia",NA,FALSE,"?","Summer",NA,NA,NA,NA
"SC Otelul Galati","SuperLiga","Romania","2011","Departures","Razvan Ochirosii","https://www.transfermarkt.com/razvan-ochirosii/profil/spieler/43761","Left-Back","22","Romania","Sageata Navodar","Liga 2","Romania",NA,TRUE,"loan transfer","Summer",NA,NA,NA,NA
"SC Otelul Galati","SuperLiga","Romania","2011","Departures","Marian Cârjă","https://www.transfermarkt.com/marian-carja/profil/spieler/48658","Right-Back","24","Romania","Delta Tulcea","Liga 2","Romania",NA,TRUE,"loan transfer","Summer",NA,NA,NA,NA
"SC Otelul Galati","SuperLiga","Romania","2011","Departures","Robert Elek","https://www.transfermarkt.com/robert-elek/profil/spieler/55279","Centre-Forward","23","Romania","FC Brasov-SR",NA,"Romania",NA,TRUE,"loan transfer","Summer",NA,NA,NA,NA
"SC Otelul Galati","SuperLiga","Romania","2011","Departures","Laurențiu Petean","https://www.transfermarkt.com/laurentiu-petean/profil/spieler/156644","Central Midfield","23","Romania","Sageata Navodar","Liga 2","Romania",NA,TRUE,"loan transfer","Summer",NA,NA,NA,NA
"SC Otelul Galati","SuperLiga","Romania","2011","Departures","Cosmin Gârleanu","https://www.transfermarkt.com/cosmin-garleanu/profil/spieler/107657","Right Midfield","22","Romania","Dunarea Galati","Liga 2","Romania",NA,TRUE,"loan transfer","Summer",NA,NA,NA,NA
"SC Otelul Galati","SuperLiga","Romania","2011","Departures","Enes Sipovic","https://www.transfermarkt.com/enes-sipovic/profil/spieler/104219","Centre-Back","20","Bosnia-Herzegovina","Petrolul","SuperLiga","Romania",NA,TRUE,"loan transfer","Summer",NA,NA,NA,NA
"SC Otelul Galati","SuperLiga","Romania","2011","Departures","Alexandru Avram","https://www.transfermarkt.com/alexandru-avram/profil/spieler/69405","Attacking Midfield","20","Romania","Dunarea Galati","Liga 2","Romania",NA,TRUE,"loan transfer","Summer",NA,NA,NA,NA
"SC Otelul Galati","SuperLiga","Romania","2011","Departures","Sebastian Agache","https://www.transfermarkt.com/sebastian-agache/profil/spieler/69403","Left-Back","23","Romania","Unknown",NA,NA,NA,TRUE,"loan transfer","Summer",NA,NA,NA,NA
"SC Otelul Galati","SuperLiga","Romania","2011","Departures","William Arias","https://www.transfermarkt.com/william-arias/profil/spieler/142568","Goalkeeper","20","Colombia","Corvinul",NA,"Romania",NA,TRUE,"loan transfer","Summer",NA,NA,NA,NA
"SC Otelul Galati","SuperLiga","Romania","2011","Departures","Iulian Ginghina","https://www.transfermarkt.com/iulian-ginghina/profil/spieler/241557","Striker","22","Romania","Poli Galati",NA,"Romania",NA,TRUE,"loan transfer","Summer",NA,NA,NA,NA
"SC Otelul Galati","SuperLiga","Romania","2011","Departures","Constantin Miselaricu","https://www.transfermarkt.com/constantin-miselaricu/profil/spieler/175985","Centre-Back","21","Romania","Sageata Navodar","Liga 2","Romania",NA,TRUE,"loan transfer","Summer",NA,NA,NA,NA
"SC Otelul Galati","SuperLiga","Romania","2011","Departures","Ciprian Milea","https://www.transfermarkt.com/ciprian-milea/profil/spieler/55547","Central Midfield","26","Romania","CS Brazi",NA,"Romania",NA,TRUE,"End of loan Jun 30, 2011","Summer",NA,NA,NA,NA
"SC Otelul Galati","SuperLiga","Romania","2011","Arrivals","Tadas Simaitis","https://www.transfermarkt.com/tadas-simaitis/profil/spieler/113587","Goalkeeper","21","Lithuania","Siauliai","A Lyga","Lithuania",60000,FALSE,NA,"Winter",0,0,0,0
"SC Otelul Galati","SuperLiga","Romania","2011","Arrivals","Didi","https://www.transfermarkt.com/didi/profil/spieler/24733","Second Striker","29","Brazil","ASA Tg. Mures","SuperLiga","Romania",50000,FALSE,NA,"Winter",15,15,8,1047
"SC Otelul Galati","SuperLiga","Romania","2011","Arrivals","Danut Enescu","https://www.transfermarkt.com/danut-enescu/profil/spieler/203088","Defensive Midfield","24","Romania","Petrolul","SuperLiga","Romania",0,FALSE,NA,"Winter",1,0,0,0
"SC Otelul Galati","SuperLiga","Romania","2011","Arrivals","Jaka Stromajer","https://www.transfermarkt.com/jaka-stromajer/profil/spieler/54747","Left Winger","28","Slovenia","Pandurii ","SuperLiga","Romania",NA,FALSE,"?","Winter",17,16,0,804
"SC Otelul Galati","SuperLiga","Romania","2011","Arrivals","Razvan Ochirosii","https://www.transfermarkt.com/razvan-ochirosii/profil/spieler/43761","Left-Back","22","Romania","Sageata Navodar","Liga 2","Romania",NA,TRUE,"End of loan Dec 1, 2011","Winter",NA,NA,NA,NA
"SC Otelul Galati","SuperLiga","Romania","2011","Arrivals","Enes Sipovic","https://www.transfermarkt.com/enes-sipovic/profil/spieler/104219","Centre-Back","21","Bosnia-Herzegovina","Petrolul","SuperLiga","Romania",NA,TRUE,"End of loan Dec 1, 2011","Winter",NA,NA,NA,NA
"SC Otelul Galati","SuperLiga","Romania","2011","Arrivals","Laurențiu Petean","https://www.transfermarkt.com/laurentiu-petean/profil/spieler/156644","Central Midfield","23","Romania","Sageata Navodar","Liga 2","Romania",NA,TRUE,"End of loan Dec 1, 2011","Winter",NA,NA,NA,NA
"SC Otelul Galati","SuperLiga","Romania","2011","Departures","John Ike Ibeh","https://www.transfermarkt.com/john-ike-ibeh/profil/spieler/73798","Left Winger","25","Nigeria","Pandurii ","SuperLiga","Romania",0,FALSE,NA,"Winter",14,12,0,789
"SC Otelul Galati","SuperLiga","Romania","2011","Departures","Daniel Chávez","https://www.transfermarkt.com/daniel-chavez/profil/spieler/37999","Centre-Forward","23","Peru","Unión Comercio","Torneo Descentralizado","Peru",0,FALSE,NA,"Winter",1,1,0,90
"SC Otelul Galati","SuperLiga","Romania","2011","Departures","Nejc Skubic","https://www.transfermarkt.com/nejc-skubic/profil/spieler/91434","Right-Back","22","Slovenia","NK Domzale","Prva Liga","Slovenia",0,FALSE,NA,"Winter",7,4,0,331
"SC Otelul Galati","SuperLiga","Romania","2011","Departures","Alexandru Iacob","https://www.transfermarkt.com/alexandru-iacob/profil/spieler/53201","Centre-Back","22","Romania","FCV Farul","Liga 2","Romania",0,FALSE,NA,"Winter",NA,NA,NA,NA
"SC Otelul Galati","SuperLiga","Romania","2011","Departures","Daniel Novac","https://www.transfermarkt.com/daniel-novac/profil/spieler/156372","Central Midfield","24","Romania","Sportul S.","SuperLiga","Romania",0,FALSE,NA,"Winter",NA,NA,NA,NA
"SC Otelul Galati","SuperLiga","Romania","2011","Departures","Enes Sipovic","https://www.transfermarkt.com/enes-sipovic/profil/spieler/104219","Centre-Back","21","Bosnia-Herzegovina","Farul Constanta","Liga 2","Romania",NA,TRUE,"loan transfer","Winter",NA,NA,NA,NA
"SC Otelul Galati","SuperLiga","Romania","2011","Departures","Razvan Ochirosii","https://www.transfermarkt.com/razvan-ochirosii/profil/spieler/43761","Left-Back","22","Romania","Fortuna PC",NA,"Romania",NA,TRUE,"loan transfer","Winter",NA,NA,NA,NA
"SC Otelul Galati","SuperLiga","Romania","2011","Departures","Laurențiu Petean","https://www.transfermarkt.com/laurentiu-petean/profil/spieler/156644","Central Midfield","23","Romania","Fortuna PC",NA,"Romania",NA,TRUE,"loan transfer","Winter",NA,NA,NA,NA
"SC Otelul Galati","SuperLiga","Romania","2011","Departures","Marian Pop","https://www.transfermarkt.com/marian-pop/profil/spieler/168465","Midfielder","20","Romania","Olimpia SM",NA,"Romania",NA,TRUE,"loan transfer","Winter",NA,NA,NA,NA
"SC Otelul Galati","SuperLiga","Romania","2011","Departures","Milos Buchta","https://www.transfermarkt.com/milos-buchta/profil/spieler/34470","Goalkeeper","31","Czech Republic","Gaz Metan","SuperLiga","Romania",NA,TRUE,"End of loan Dec 31, 2011","Winter",2,0,0,0
"FC Universitatea Cluj","SuperLiga","Romania","2011","Arrivals","Lukasz Szukala","https://www.transfermarkt.com/lukasz-szukala/profil/spieler/19081","Centre-Back","27","Poland","Gloria Bistrita","Liga II - Seria II","Romania",3e+05,FALSE,NA,"Summer",30,29,0,2610
"FC Universitatea Cluj","SuperLiga","Romania","2011","Arrivals","Constantin Grecu","https://www.transfermarkt.com/constantin-grecu/profil/spieler/70037","Left-Back","23","Romania","Pandurii ","SuperLiga","Romania",3e+05,FALSE,NA,"Summer",15,15,0,1301
"FC Universitatea Cluj","SuperLiga","Romania","2011","Arrivals","Sebastian Achim","https://www.transfermarkt.com/sebastian-achim/profil/spieler/69460","Right-Back","25","Romania","Gloria Bistrita","Liga II - Seria II","Romania",2e+05,FALSE,NA,"Summer",18,17,0,1443
"FC Universitatea Cluj","SuperLiga","Romania","2011","Arrivals","Laurențiu Marinescu","https://www.transfermarkt.com/laurentiu-marinescu/profil/spieler/123854","Attacking Midfield","26","Romania","FCSB","SuperLiga","Romania",0,FALSE,NA,"Summer",29,29,2,1920
"FC Universitatea Cluj","SuperLiga","Romania","2011","Arrivals","Octavian Draghici","https://www.transfermarkt.com/octavian-draghici/profil/spieler/88826","Centre-Forward","25","Romania","CS Otopeni","Liga 2","Romania",0,FALSE,NA,"Summer",13,12,3,388
"FC Universitatea Cluj","SuperLiga","Romania","2011","Arrivals","Eduard Nicola","https://www.transfermarkt.com/eduard-nicola/profil/spieler/157023","Left-Back","28","Romania","Vic. Branesti","Liga 2","Romania",NA,FALSE,"?","Summer",NA,NA,NA,NA
"FC Universitatea Cluj","SuperLiga","Romania","2011","Arrivals","Cristian Poiană","https://www.transfermarkt.com/cristian-poiana/profil/spieler/212706","Attacking Midfield","22","Romania","Pandurii II",NA,"Romania",NA,FALSE,"?","Summer",NA,NA,NA,NA
"FC Universitatea Cluj","SuperLiga","Romania","2011","Arrivals","Rareș Takacs","https://www.transfermarkt.com/rares-takacs/profil/spieler/272144","Right-Back","19","Romania","Ariesul Turda","Liga II - Seria II","Romania",NA,FALSE,"?","Summer",NA,NA,NA,NA
"FC Universitatea Cluj","SuperLiga","Romania","2011","Arrivals","Gheorghe Grozav","https://www.transfermarkt.com/gheorghe-grozav/profil/spieler/96844","Left Winger","20","Romania","Standard Liège","Jupiler Pro League","Belgium",NA,TRUE,"loan transfer","Summer",26,25,6,1447
"FC Universitatea Cluj","SuperLiga","Romania","2011","Arrivals","Vlad Morar","https://www.transfermarkt.com/vlad-morar/profil/spieler/186031","Centre-Forward","17","Romania","U Cluj U18",NA,"Romania",NA,FALSE,"-","Summer",13,7,3,326
"FC Universitatea Cluj","SuperLiga","Romania","2011","Arrivals","Hélder Castro","https://www.transfermarkt.com/helder-castro/profil/spieler/62634","Attacking Midfield","25","Portugal","Portimonense","Liga Portugal","Portugal",NA,TRUE,"End of loan Jun 30, 2011","Summer",NA,NA,NA,NA
"FC Universitatea Cluj","SuperLiga","Romania","2011","Arrivals","Valentin Lemnaru","https://www.transfermarkt.com/valentin-lemnaru/profil/spieler/48690","Centre-Forward","27","Romania","Pandurii ","SuperLiga","Romania",NA,TRUE,"End of loan Jun 30, 2011","Summer",NA,NA,NA,NA
"FC Universitatea Cluj","SuperLiga","Romania","2011","Arrivals","Georgian Tobă","https://www.transfermarkt.com/georgian-toba/profil/spieler/156901","Right Winger","22","Romania","Unirea Urziceni","SuperLiga","Romania",NA,TRUE,"End of loan Jun 30, 2011","Summer",NA,NA,NA,NA
"FC Universitatea Cluj","SuperLiga","Romania","2011","Arrivals","Fabian Teusan","https://www.transfermarkt.com/fabian-teusan/profil/spieler/48910","Centre-Back","22","Romania","Unirea Urziceni","SuperLiga","Romania",NA,TRUE,"End of loan Jun 30, 2011","Summer",0,0,0,0
"FC Universitatea Cluj","SuperLiga","Romania","2011","Arrivals","Bogdan Farcas","https://www.transfermarkt.com/bogdan-farcas/profil/spieler/54732","Goalkeeper","21","Romania","ACSM Poli Iasi","Liga II - Seria II","Romania",NA,TRUE,"End of loan Jun 30, 2011","Summer",NA,NA,NA,NA
"FC Universitatea Cluj","SuperLiga","Romania","2011","Arrivals","Georgian Busca","https://www.transfermarkt.com/georgian-busca/profil/spieler/176258","Right-Back","26","Romania","Unirea Urziceni","SuperLiga","Romania",NA,TRUE,"End of loan Jun 30, 2011","Summer",5,0,0,0
"FC Universitatea Cluj","SuperLiga","Romania","2011","Arrivals","Vasile Pop","https://www.transfermarkt.com/vasile-pop/profil/spieler/212691","Left Midfield","21","Romania","Şimleu Silvanie","Liga II - Seria II","Romania",NA,TRUE,"End of loan Jun 30, 2011","Summer",NA,NA,NA,NA
"FC Universitatea Cluj","SuperLiga","Romania","2011","Arrivals","Paul Tene","https://www.transfermarkt.com/paul-tene/profil/spieler/179660","Left Midfield","20","Romania","Unirea Urziceni","SuperLiga","Romania",NA,TRUE,"End of loan Jun 30, 2011","Summer",NA,NA,NA,NA
"FC Universitatea Cluj","SuperLiga","Romania","2011","Departures","Valentin Lemnaru","https://www.transfermarkt.com/valentin-lemnaru/profil/spieler/48690","Centre-Forward","27","Romania","Pandurii ","SuperLiga","Romania",1e+05,FALSE,NA,"Summer",NA,NA,NA,NA
"FC Universitatea Cluj","SuperLiga","Romania","2011","Departures","Daniel Munteanu","https://www.transfermarkt.com/daniel-munteanu/profil/spieler/48879","Centre-Back","33","Romania","Delta Tulcea","Liga 2","Romania",0,FALSE,NA,"Summer",NA,NA,NA,NA
"FC Universitatea Cluj","SuperLiga","Romania","2011","Departures","Roberto Delgado","https://www.transfermarkt.com/roberto-delgado/profil/spieler/16856","Second Striker","25","Italy","Pergolettese","Serie C - B","Italy",NA,FALSE,"?","Summer",NA,NA,NA,NA
"FC Universitatea Cluj","SuperLiga","Romania","2011","Departures","Vasile Gheorghe","https://www.transfermarkt.com/vasile-gheorghe/profil/spieler/123316","Central Midfield","25","Romania","CS Mioveni","SuperLiga","Romania",NA,TRUE,"loan transfer","Summer",NA,NA,NA,NA
"FC Universitatea Cluj","SuperLiga","Romania","2011","Departures","Hélder Castro","https://www.transfermarkt.com/helder-castro/profil/spieler/62634","Attacking Midfield","25","Portugal","Feirense","Liga Portugal","Portugal",NA,TRUE,"loan transfer","Summer",NA,NA,NA,NA
"FC Universitatea Cluj","SuperLiga","Romania","2011","Departures","Eduard Nicola","https://www.transfermarkt.com/eduard-nicola/profil/spieler/157023","Left-Back","28","Romania","Vointa Sibiu","SuperLiga","Romania",NA,TRUE,"loan transfer","Summer",NA,NA,NA,NA
"FC Universitatea Cluj","SuperLiga","Romania","2011","Departures","Georgian Tobă","https://www.transfermarkt.com/georgian-toba/profil/spieler/156901","Right Winger","22","Romania","Delta Tulcea","Liga 2","Romania",NA,TRUE,"loan transfer","Summer",NA,NA,NA,NA
"FC Universitatea Cluj","SuperLiga","Romania","2011","Departures","Octavian Draghici","https://www.transfermarkt.com/octavian-draghici/profil/spieler/88826","Centre-Forward","25","Romania","UTA Arad","Liga II - Seria II","Romania",NA,TRUE,"loan transfer","Summer",13,12,3,388
"FC Universitatea Cluj","SuperLiga","Romania","2011","Departures","Georgian Busca","https://www.transfermarkt.com/georgian-busca/profil/spieler/176258","Right-Back","26","Romania","Gloria Bistrita","Liga II - Seria II","Romania",NA,TRUE,"loan transfer","Summer",5,0,0,0
"FC Universitatea Cluj","SuperLiga","Romania","2011","Departures","Cristian Poiană","https://www.transfermarkt.com/cristian-poiana/profil/spieler/212706","Attacking Midfield","22","Romania","FCM Baia Mare","Liga II - Seria II","Romania",NA,TRUE,"loan transfer","Summer",NA,NA,NA,NA
"FC Universitatea Cluj","SuperLiga","Romania","2011","Departures","Vasile Pop","https://www.transfermarkt.com/vasile-pop/profil/spieler/212691","Left Midfield","21","Romania","FCM Baia Mare","Liga II - Seria II","Romania",NA,TRUE,"loan transfer","Summer",NA,NA,NA,NA
"FC Universitatea Cluj","SuperLiga","Romania","2011","Departures","Paul Tene","https://www.transfermarkt.com/paul-tene/profil/spieler/179660","Left Midfield","20","Romania","Delta Tulcea","Liga 2","Romania",NA,TRUE,"loan transfer","Summer",NA,NA,NA,NA
"FC Universitatea Cluj","SuperLiga","Romania","2011","Departures","Marius Popa","https://www.transfermarkt.com/marius-popa/profil/spieler/25941","Goalkeeper","33","Romania",NA,NA,NA,NA,FALSE,"-","Summer",13,10,0,900
"FC Universitatea Cluj","SuperLiga","Romania","2011","Departures","Bogdan Farcas","https://www.transfermarkt.com/bogdan-farcas/profil/spieler/54732","Goalkeeper","21","Romania","Without Club",NA,NA,NA,FALSE,"-","Summer",NA,NA,NA,NA
"FC Universitatea Cluj","SuperLiga","Romania","2011","Departures","Bogdan Buhus","https://www.transfermarkt.com/bogdan-buhus/profil/spieler/26641","Right-Back","31","Romania",NA,NA,NA,NA,FALSE,"-","Summer",NA,NA,NA,NA
"FC Universitatea Cluj","SuperLiga","Romania","2011","Departures","Matteo Bonatti","https://www.transfermarkt.com/matteo-bonatti/profil/spieler/41919","Centre-Back","30","Italy",NA,NA,NA,NA,FALSE,"-","Summer",NA,NA,NA,NA
"FC Universitatea Cluj","SuperLiga","Romania","2011","Arrivals","Ovidiu Hoban","https://www.transfermarkt.com/ovidiu-hoban/profil/spieler/81484","Defensive Midfield","29","Romania","Gaz Metan","SuperLiga","Romania",1e+05,FALSE,NA,"Winter",15,14,0,1227
"FC Universitatea Cluj","SuperLiga","Romania","2011","Arrivals","Marian Cristescu","https://www.transfermarkt.com/marian-cristescu/profil/spieler/64137","Attacking Midfield","26","Romania","FC Brasov","SuperLiga","Romania",1e+05,FALSE,NA,"Winter",15,14,2,1027
"FC Universitatea Cluj","SuperLiga","Romania","2011","Arrivals","George Galamaz","https://www.transfermarkt.com/george-galamaz/profil/spieler/26035","Centre-Back","30","Romania","FCSB","SuperLiga","Romania",0,FALSE,NA,"Winter",14,13,0,1064
"FC Universitatea Cluj","SuperLiga","Romania","2011","Arrivals","Alex Santiago","https://www.transfermarkt.com/alex-santiago/profil/spieler/212822","Defensive Midfield","20","Brazil","FC Snagov","Liga 2","Romania",0,FALSE,NA,"Winter",NA,NA,NA,NA
"FC Universitatea Cluj","SuperLiga","Romania","2011","Arrivals","Mircea Bornescu","https://www.transfermarkt.com/mircea-bornescu/profil/spieler/47569","Goalkeeper","31","Romania","Petrolul","SuperLiga","Romania",NA,FALSE,"?","Winter",14,14,0,1260
"FC Universitatea Cluj","SuperLiga","Romania","2011","Arrivals","Dorinel Popa","https://www.transfermarkt.com/dorinel-popa/profil/spieler/71578","Central Midfield","23","Romania","FCSB","SuperLiga","Romania",NA,FALSE,"?","Winter",16,16,0,1089
"FC Universitatea Cluj","SuperLiga","Romania","2011","Arrivals","Paulius Dauksa","https://www.transfermarkt.com/paulius-dauksa/profil/spieler/181340","Left-Back","18","Lithuania","FBK Kaunas",NA,"Lithuania",NA,FALSE,"?","Winter",1,0,0,0
"FC Universitatea Cluj","SuperLiga","Romania","2011","Arrivals","Túlio","https://www.transfermarkt.com/tulio/profil/spieler/223254","Left-Back","21","Brazil","U Cluj II",NA,"Romania",NA,FALSE,"-","Winter",4,2,0,34
"FC Universitatea Cluj","SuperLiga","Romania","2011","Arrivals","Ionuț Neag","https://www.transfermarkt.com/ionut-neag/profil/spieler/186736","Centre-Back","17","Romania","U Cluj II",NA,"Romania",NA,FALSE,"-","Winter",4,1,0,19
"FC Universitatea Cluj","SuperLiga","Romania","2011","Arrivals","Octavian Draghici","https://www.transfermarkt.com/octavian-draghici/profil/spieler/88826","Centre-Forward","26","Romania","UTA Arad","Liga II - Seria II","Romania",NA,TRUE,"End of loan Dec 31, 2011","Winter",13,12,3,388
"FC Universitatea Cluj","SuperLiga","Romania","2011","Arrivals","Vasile Gheorghe","https://www.transfermarkt.com/vasile-gheorghe/profil/spieler/123316","Central Midfield","26","Romania","CS Mioveni","SuperLiga","Romania",NA,TRUE,"End of loan Dec 31, 2011","Winter",NA,NA,NA,NA
"FC Universitatea Cluj","SuperLiga","Romania","2011","Arrivals","Georgian Busca","https://www.transfermarkt.com/georgian-busca/profil/spieler/176258","Right-Back","26","Romania","Gloria Bistrita","Liga II - Seria II","Romania",NA,TRUE,"End of loan Dec 31, 2011","Winter",5,0,0,0
"FC Universitatea Cluj","SuperLiga","Romania","2011","Arrivals","Cristian Poiană","https://www.transfermarkt.com/cristian-poiana/profil/spieler/212706","Attacking Midfield","22","Romania","FCM Baia Mare","Liga II - Seria II","Romania",NA,TRUE,"End of loan Dec 1, 2011","Winter",NA,NA,NA,NA
"FC Universitatea Cluj","SuperLiga","Romania","2011","Departures","Gabriel Machado","https://www.transfermarkt.com/gabriel-machado/profil/spieler/55487","Centre-Forward","21","Brazil","FCSB","SuperLiga","Romania",2e+05,FALSE,NA,"Winter",13,13,1,623
"FC Universitatea Cluj","SuperLiga","Romania","2011","Departures","Elías Bazzi","https://www.transfermarkt.com/elias-bazzi/profil/spieler/46502","Left-Back","30","Argentina","FC Arges","Liga II - Seria II","Romania",0,FALSE,NA,"Winter",10,9,0,551
"FC Universitatea Cluj","SuperLiga","Romania","2011","Departures","Bogdan Ungurușan","https://www.transfermarkt.com/bogdan-ungurusan/profil/spieler/54751","Right-Back","28","Romania","Pandurii ","SuperLiga","Romania",0,FALSE,NA,"Winter",14,11,0,937
"FC Universitatea Cluj","SuperLiga","Romania","2011","Departures","Habib Baldé","https://www.transfermarkt.com/habib-balde/profil/spieler/57351","Centre-Back","26","Guinea","Nîmes Olympique","Championnat National","France",0,FALSE,NA,"Winter",2,1,0,120
"FC Universitatea Cluj","SuperLiga","Romania","2011","Departures","Cristian Poiană","https://www.transfermarkt.com/cristian-poiana/profil/spieler/212706","Attacking Midfield","23","Romania","Chindia","Liga II - Seria II","Romania",NA,TRUE,"loan transfer","Winter",NA,NA,NA,NA
"FC Universitatea Cluj","SuperLiga","Romania","2011","Departures","Andrei Voican","https://www.transfermarkt.com/andrei-voican/profil/spieler/130344","Centre-Forward","20","Romania","Petrolul","SuperLiga","Romania",NA,TRUE,"loan transfer","Winter",1,1,0,63
"FC Universitatea Cluj","SuperLiga","Romania","2011","Departures","Rareș Takacs","https://www.transfermarkt.com/rares-takacs/profil/spieler/272144","Right-Back","20","Romania","Stefanesti",NA,"Romania",NA,TRUE,"loan transfer","Winter",NA,NA,NA,NA
"FC Universitatea Cluj","SuperLiga","Romania","2011","Departures","Nasser Menassel","https://www.transfermarkt.com/nasser-menassel/profil/spieler/81490","Defensive Midfield","29","France","Without Club",NA,NA,NA,FALSE,"-","Winter",14,14,0,672
"Pandurii Targu Jiu (- 2022)",NA,NA,"2011","Arrivals","Valentin Lemnaru","https://www.transfermarkt.com/valentin-lemnaru/profil/spieler/48690","Centre-Forward","27","Romania","U Cluj","SuperLiga","Romania",1e+05,FALSE,NA,"Summer",37,36,8,2423
"Pandurii Targu Jiu (- 2022)",NA,NA,"2011","Arrivals","Emmanuel Mbella","https://www.transfermarkt.com/emmanuel-mbella/profil/spieler/224876","Right Winger","20","France","Gloria Buzau","Liga 2","Romania",20000,FALSE,NA,"Summer",NA,NA,NA,NA
"Pandurii Targu Jiu (- 2022)",NA,NA,"2011","Arrivals","Alexandru Grigoraș","https://www.transfermarkt.com/alexandru-grigoras/profil/spieler/203090","Centre-Forward","22","Romania","Callatis","Liga 2","Romania",0,FALSE,NA,"Summer",26,26,2,860
"Pandurii Targu Jiu (- 2022)",NA,NA,"2011","Arrivals","Alexandru Maxim","https://www.transfermarkt.com/alexandru-maxim/profil/spieler/129513","Attacking Midfield","20","Romania","RCD Espanyol B",NA,"Spain",0,FALSE,NA,"Summer",28,28,4,1769
"Pandurii Targu Jiu (- 2022)",NA,NA,"2011","Arrivals","Olimpiu Bucur","https://www.transfermarkt.com/olimpiu-bucur/profil/spieler/208057","Attacking Midfield","22","Romania","CS Zlatna",NA,"Romania",NA,FALSE,"?","Summer",1,1,0,45
"Pandurii Targu Jiu (- 2022)",NA,NA,"2011","Arrivals","Alexandru Vlad","https://www.transfermarkt.com/alexandru-vlad/profil/spieler/204040","Left-Back","21","Romania","Sageata Navodar","Liga 2","Romania",NA,FALSE,"?","Summer",33,30,0,2554
"Pandurii Targu Jiu (- 2022)",NA,NA,"2011","Arrivals","Paul Batin","https://www.transfermarkt.com/paul-batin/profil/spieler/121151","Centre-Forward","24","Romania","CFR Cluj","SuperLiga","Romania",NA,TRUE,"loan transfer","Summer",31,31,7,1654
"Pandurii Targu Jiu (- 2022)",NA,NA,"2011","Arrivals","Ovidiu Vezan","https://www.transfermarkt.com/ovidiu-vezan/profil/spieler/123283","Attacking Midfield","26","Romania","Sageata Navodar","Liga 2","Romania",NA,TRUE,"End of loan Jun 30, 2011","Summer",NA,NA,NA,NA
"Pandurii Targu Jiu (- 2022)",NA,NA,"2011","Arrivals","Adrian Rusu","https://www.transfermarkt.com/adrian-rusu/profil/spieler/35440","Right-Back","26","Romania","FC Brasov","SuperLiga","Romania",NA,TRUE,"End of loan Jun 30, 2011","Summer",25,20,0,1366
"Pandurii Targu Jiu (- 2022)",NA,NA,"2011","Arrivals","Alexandru Ciucur","https://www.transfermarkt.com/alexandru-ciucur/profil/spieler/123302","Left Winger","21","Romania","CS Mioveni","Liga II - Seria II","Romania",NA,TRUE,"End of loan Jun 30, 2011","Summer",NA,NA,NA,NA
"Pandurii Targu Jiu (- 2022)",NA,NA,"2011","Arrivals","Andrei Antohi","https://www.transfermarkt.com/andrei-antohi/profil/spieler/64096","Second Striker","22","Romania","Dunarea Galati","Liga 2","Romania",NA,TRUE,"End of loan Jun 30, 2011","Summer",NA,NA,NA,NA
"Pandurii Targu Jiu (- 2022)",NA,NA,"2011","Arrivals","Florin Popa","https://www.transfermarkt.com/florin-popa/profil/spieler/123245","Centre-Back","28","Romania","Sageata Navodar","Liga 2","Romania",NA,TRUE,"End of loan Jun 30, 2011","Summer",NA,NA,NA,NA
"Pandurii Targu Jiu (- 2022)",NA,NA,"2011","Arrivals","Dragoș Militaru","https://www.transfermarkt.com/dragos-militaru/profil/spieler/212860","Defensive Midfield","21","Romania","Alba Iulia","Liga II - Seria II","Romania",NA,TRUE,"End of loan Jun 30, 2011","Summer",NA,NA,NA,NA
"Pandurii Targu Jiu (- 2022)",NA,NA,"2011","Departures","Gabriel Matei","https://www.transfermarkt.com/gabriel-matei/profil/spieler/131882","Right-Back","21","Romania","FCSB","SuperLiga","Romania",6e+05,FALSE,NA,"Summer",NA,NA,NA,NA
"Pandurii Targu Jiu (- 2022)",NA,NA,"2011","Departures","Constantin Grecu","https://www.transfermarkt.com/constantin-grecu/profil/spieler/70037","Left-Back","23","Romania","U Cluj","SuperLiga","Romania",3e+05,FALSE,NA,"Summer",1,1,0,45
"Pandurii Targu Jiu (- 2022)",NA,NA,"2011","Departures","George Neagu","https://www.transfermarkt.com/george-neagu/profil/spieler/64068","Left-Back","26","Romania","CS Mioveni","SuperLiga","Romania",0,FALSE,NA,"Summer",NA,NA,NA,NA
"Pandurii Targu Jiu (- 2022)",NA,NA,"2011","Departures","Alexandru Vladuti","https://www.transfermarkt.com/alexandru-vladuti/profil/spieler/147374","Centre-Forward","22","Romania","Rm. Valcea","Liga II - Seria II","Romania",0,FALSE,NA,"Summer",NA,NA,NA,NA
"Pandurii Targu Jiu (- 2022)",NA,NA,"2011","Departures","Ovidiu Vezan","https://www.transfermarkt.com/ovidiu-vezan/profil/spieler/123283","Attacking Midfield","26","Romania","Sageata Navodar","Liga 2","Romania",NA,FALSE,"?","Summer",NA,NA,NA,NA
"Pandurii Targu Jiu (- 2022)",NA,NA,"2011","Departures","Florin Hidisan","https://www.transfermarkt.com/florin-hidisan/profil/spieler/48850","Right Midfield","29","Romania","UTA Arad","Liga II - Seria II","Romania",NA,FALSE,"?","Summer",NA,NA,NA,NA
"Pandurii Targu Jiu (- 2022)",NA,NA,"2011","Departures","Daniel Orac","https://www.transfermarkt.com/daniel-orac/profil/spieler/47882","Central Midfield","28","Romania","ACSM Poli Iasi","Liga 2","Romania",NA,FALSE,"?","Summer",NA,NA,NA,NA
"Pandurii Targu Jiu (- 2022)",NA,NA,"2011","Departures","Bogdan Apostu","https://www.transfermarkt.com/bogdan-apostu/profil/spieler/48812","Centre-Forward","29","Romania","Petrolul","SuperLiga","Romania",NA,FALSE,"?","Summer",NA,NA,NA,NA
"Pandurii Targu Jiu (- 2022)",NA,NA,"2011","Departures","Florin Popa","https://www.transfermarkt.com/florin-popa/profil/spieler/123245","Centre-Back","28","Romania","Sageata Navodar","Liga 2","Romania",NA,FALSE,"?","Summer",NA,NA,NA,NA
"Pandurii Targu Jiu (- 2022)",NA,NA,"2011","Departures","Dragoș Militaru","https://www.transfermarkt.com/dragos-militaru/profil/spieler/212860","Defensive Midfield","21","Romania","Alba Iulia","Liga II - Seria II","Romania",NA,FALSE,"?","Summer",NA,NA,NA,NA
"Pandurii Targu Jiu (- 2022)",NA,NA,"2011","Departures","Alexandru Ciucur","https://www.transfermarkt.com/alexandru-ciucur/profil/spieler/123302","Left Winger","21","Romania","ACSM Poli Iasi","Liga 2","Romania",NA,TRUE,"loan transfer","Summer",NA,NA,NA,NA
"Pandurii Targu Jiu (- 2022)",NA,NA,"2011","Departures","Andrei Antohi","https://www.transfermarkt.com/andrei-antohi/profil/spieler/64096","Second Striker","22","Romania","Vointa Sibiu","SuperLiga","Romania",NA,TRUE,"loan transfer","Summer",NA,NA,NA,NA
"Pandurii Targu Jiu (- 2022)",NA,NA,"2011","Departures","Albert Voinea","https://www.transfermarkt.com/albert-voinea/profil/spieler/180871","Centre-Forward","18","Romania","Gloria Bistrita","Liga II - Seria II","Romania",NA,TRUE,"loan transfer","Summer",NA,NA,NA,NA
"Pandurii Targu Jiu (- 2022)",NA,NA,"2011","Departures","Valentin Lemnaru","https://www.transfermarkt.com/valentin-lemnaru/profil/spieler/48690","Centre-Forward","27","Romania","U Cluj","SuperLiga","Romania",NA,TRUE,"End of loan Jun 30, 2011","Summer",37,36,8,2423
"Pandurii Targu Jiu (- 2022)",NA,NA,"2011","Departures","Alexandru Dobroiu","https://www.transfermarkt.com/alexandru-dobroiu/profil/spieler/53883","Centre-Forward","23","Romania","FC Rapid 1923","SuperLiga","Romania",NA,TRUE,"End of loan Jun 30, 2011","Summer",NA,NA,NA,NA
"Pandurii Targu Jiu (- 2022)",NA,NA,"2011","Arrivals","John Ike Ibeh","https://www.transfermarkt.com/john-ike-ibeh/profil/spieler/73798","Left Winger","25","Nigeria","Otelul Galati","SuperLiga","Romania",0,FALSE,NA,"Winter",10,10,2,756
"Pandurii Targu Jiu (- 2022)",NA,NA,"2011","Arrivals","Bogdan Ungurușan","https://www.transfermarkt.com/bogdan-ungurusan/profil/spieler/54751","Right-Back","28","Romania","U Cluj","SuperLiga","Romania",0,FALSE,NA,"Winter",15,15,0,1341
"Pandurii Targu Jiu (- 2022)",NA,NA,"2011","Arrivals","Alexandru Neagu","https://www.transfermarkt.com/alexandru-neagu/profil/spieler/220850","Attacking Midfield","18","Romania","Murcia Imperial",NA,"Spain",0,FALSE,NA,"Winter",7,4,0,55
"Pandurii Targu Jiu (- 2022)",NA,NA,"2011","Arrivals","Bruno Gomis","https://www.transfermarkt.com/bruno-gomis/profil/spieler/225867","Left Midfield","21","Guinea-Bissau","Unknown",NA,NA,NA,FALSE,"?","Winter",NA,NA,NA,NA
"Pandurii Targu Jiu (- 2022)",NA,NA,"2011","Arrivals","Roberto Dumitru","https://www.transfermarkt.com/roberto-dumitru/profil/spieler/218300","Left Midfield","17","Romania","Pandurii U19",NA,"Romania",NA,FALSE,"-","Winter",3,1,0,12
"Pandurii Targu Jiu (- 2022)",NA,NA,"2011","Departures","Vlad Chiricheș","https://www.transfermarkt.com/vlad-chiriches/profil/spieler/123261","Defensive Midfield","22","Romania","FCSB","SuperLiga","Romania",1300000,FALSE,NA,"Winter",17,17,0,1368
"Pandurii Targu Jiu (- 2022)",NA,NA,"2011","Departures","Jaka Stromajer","https://www.transfermarkt.com/jaka-stromajer/profil/spieler/54747","Left Winger","28","Slovenia","Otelul Galati","SuperLiga","Romania",NA,FALSE,"?","Winter",15,15,4,1324
"Pandurii Targu Jiu (- 2022)",NA,NA,"2011","Departures","Stojan Vranjes","https://www.transfermarkt.com/stojan-vranjes/profil/spieler/46346","Attacking Midfield","25","Bosnia-Herzegovina","CFR Cluj","SuperLiga","Romania",NA,TRUE,"loan transfer","Winter",16,16,6,1295
"Pandurii Targu Jiu (- 2022)",NA,NA,"2011","Departures","Bruno Gomis","https://www.transfermarkt.com/bruno-gomis/profil/spieler/225867","Left Midfield","21","Guinea-Bissau","Gloria Buzau","Liga 2","Romania",NA,TRUE,"loan transfer","Winter",NA,NA,NA,NA
"Pandurii Targu Jiu (- 2022)",NA,NA,"2011","Departures","Olimpiu Bucur","https://www.transfermarkt.com/olimpiu-bucur/profil/spieler/208057","Attacking Midfield","22","Romania","Pandurii II",NA,"Romania",NA,FALSE,"-","Winter",1,1,0,45
"Pandurii Targu Jiu (- 2022)",NA,NA,"2011","Departures","Florin Popete","https://www.transfermarkt.com/florin-popete/profil/spieler/47885","Right-Back","34","Romania","Pandurii II",NA,"Romania",NA,FALSE,"-","Winter",1,0,0,0
"Gaz Metan Medias (- 2022)",NA,NA,"2011","Arrivals","Ciprian Petre","https://www.transfermarkt.com/ciprian-petre/profil/spieler/46625","Left Winger","30","Romania","Gloria Bistrita","Liga II - Seria II","Romania",150000,FALSE,NA,"Summer",37,37,4,2996
"Gaz Metan Medias (- 2022)",NA,NA,"2011","Arrivals","Răzvan Avram","https://www.transfermarkt.com/razvan-avram/profil/spieler/156804","Right Winger","25","Romania","Vic. Branesti","Liga 2","Romania",0,FALSE,NA,"Summer",25,24,1,1607
"Gaz Metan Medias (- 2022)",NA,NA,"2011","Arrivals","Nicandro Breeveld","https://www.transfermarkt.com/nicandro-breeveld/profil/spieler/53222","Defensive Midfield","24","Suriname","Jiul Petrosani",NA,"Romania",0,FALSE,NA,"Summer",42,41,1,2743
"Gaz Metan Medias (- 2022)",NA,NA,"2011","Arrivals","Costin Gheorghe","https://www.transfermarkt.com/costin-gheorghe/profil/spieler/64165","Right Winger","22","Romania","Sportul S.","SuperLiga","Romania",0,FALSE,NA,"Summer",10,8,0,402
"Gaz Metan Medias (- 2022)",NA,NA,"2011","Arrivals","Vitinho","https://www.transfermarkt.com/vitinho/profil/spieler/92303","Centre-Forward","22","Brazil","Central",NA,"Brazil",0,FALSE,NA,"Summer",27,26,5,1724
"Gaz Metan Medias (- 2022)",NA,NA,"2011","Arrivals","Cosmin Frasinescu","https://www.transfermarkt.com/cosmin-frasinescu/profil/spieler/46546","Centre-Back","26","Romania","Gloria Bistrita","Liga II - Seria II","Romania",NA,FALSE,"?","Summer",30,30,3,2587
"Gaz Metan Medias (- 2022)",NA,NA,"2011","Arrivals","Madalin Ciuca","https://www.transfermarkt.com/madalin-ciuca/profil/spieler/47570","Centre-Back","28","Romania","FC U Craiova",NA,"Romania",NA,FALSE,"?","Summer",22,15,0,1131
"Gaz Metan Medias (- 2022)",NA,NA,"2011","Arrivals","Cristian Bud","https://www.transfermarkt.com/cristian-bud/profil/spieler/104211","Centre-Forward","26","Romania","CFR Cluj","SuperLiga","Romania",NA,TRUE,"loan transfer","Summer",12,12,7,913
"Gaz Metan Medias (- 2022)",NA,NA,"2011","Arrivals","Sergiu Muth","https://www.transfermarkt.com/sergiu-muth/profil/spieler/96848","Centre-Back","20","Romania","ACSM Poli Iasi","Liga II - Seria II","Romania",NA,TRUE,"End of loan Jun 30, 2011","Summer",19,15,0,1069
"Gaz Metan Medias (- 2022)",NA,NA,"2011","Departures","Eric","https://www.transfermarkt.com/eric/profil/spieler/81509","Attacking Midfield","25","Brazil","Karpaty","Premier Liga","Ukraine",0,FALSE,NA,"Summer",2,2,0,180
"Gaz Metan Medias (- 2022)",NA,NA,"2011","Departures","Michal Kubala","https://www.transfermarkt.com/michal-kubala/profil/spieler/38296","Central Midfield","31","Slovakia","Astra Giurgiu","SuperLiga","Romania",0,FALSE,NA,"Summer",NA,NA,NA,NA
"Gaz Metan Medias (- 2022)",NA,NA,"2011","Departures","Milos Buchta","https://www.transfermarkt.com/milos-buchta/profil/spieler/34470","Goalkeeper","31","Czech Republic","Otelul Galati","SuperLiga","Romania",NA,TRUE,"loan transfer","Summer",15,3,0,270
"Gaz Metan Medias (- 2022)",NA,NA,"2011","Departures","Akaki Khubutia","https://www.transfermarkt.com/akaki-khubutia/profil/spieler/77640","Centre-Back","25","Georgia","Samsunspor","Süper Lig","Türkiye",NA,TRUE,"loan transfer","Summer",8,7,0,551
"Gaz Metan Medias (- 2022)",NA,NA,"2011","Departures","Raúl Martín","https://www.transfermarkt.com/raul-martin/profil/spieler/16123","Right Midfield","28","Spain",NA,NA,NA,NA,FALSE,"-","Summer",0,0,0,0
"Gaz Metan Medias (- 2022)",NA,NA,"2011","Departures","Admir Aganovic","https://www.transfermarkt.com/admir-aganovic/profil/spieler/47115","Centre-Forward","24","Bosnia-Herzegovina","Neuchâtel Xamax","Super League","Switzerland",NA,TRUE,"End of loan Jun 30, 2011","Summer",NA,NA,NA,NA
"Gaz Metan Medias (- 2022)",NA,NA,"2011","Arrivals","Issa Ba","https://www.transfermarkt.com/issa-ba/profil/spieler/21160","Central Midfield","30","Senegal","ASA Tg. Mures","SuperLiga","Romania",0,FALSE,NA,"Winter",14,14,1,1183
"Gaz Metan Medias (- 2022)",NA,NA,"2011","Arrivals","Răzvan Avram","https://www.transfermarkt.com/razvan-avram/profil/spieler/156804","Right Winger","25","Romania","Vic. Branesti","Liga 2","Romania",0,FALSE,NA,"Winter",25,24,1,1607
"Gaz Metan Medias (- 2022)",NA,NA,"2011","Arrivals","Aymen Tahar","https://www.transfermarkt.com/aymen-tahar/profil/spieler/104127","Central Midfield","22","Algeria","Staveley MW",NA,"England",0,FALSE,NA,"Winter",15,11,0,468
"Gaz Metan Medias (- 2022)",NA,NA,"2011","Arrivals","Milos Buchta","https://www.transfermarkt.com/milos-buchta/profil/spieler/34470","Goalkeeper","31","Czech Republic","Otelul Galati","SuperLiga","Romania",NA,TRUE,"End of loan Dec 31, 2011","Winter",15,3,0,270
"Gaz Metan Medias (- 2022)",NA,NA,"2011","Departures","Paul Pârvulescu","https://www.transfermarkt.com/paul-parvulescu/profil/spieler/81494","Left-Back","23","Romania","FCSB","SuperLiga","Romania",1e+06,FALSE,NA,"Winter",18,18,1,1119
"Gaz Metan Medias (- 2022)",NA,NA,"2011","Departures","Ovidiu Hoban","https://www.transfermarkt.com/ovidiu-hoban/profil/spieler/81484","Defensive Midfield","29","Romania","U Cluj","SuperLiga","Romania",1e+05,FALSE,NA,"Winter",22,22,4,1938
"Gaz Metan Medias (- 2022)",NA,NA,"2011","Departures","Cosmin Vâtcă","https://www.transfermarkt.com/cosmin-vatca/profil/spieler/47477","Goalkeeper","29","Romania","FC Rapid 1923","SuperLiga","Romania",0,FALSE,NA,"Winter",19,6,0,540
"Gaz Metan Medias (- 2022)",NA,NA,"2011","Departures","Raymond Fenny","https://www.transfermarkt.com/raymond-fenny/profil/spieler/81481","Goalkeeper","32","Ghana","Comprest Gim",NA,"Romania",0,FALSE,NA,"Winter",NA,NA,NA,NA
"Gaz Metan Medias (- 2022)",NA,NA,"2011","Departures","Romulus Miclea","https://www.transfermarkt.com/romulus-miclea/profil/spieler/47498","Right Midfield","31","Romania","Vointa Sibiu","SuperLiga","Romania",NA,TRUE,"loan transfer","Winter",7,5,0,136
"Gaz Metan Medias (- 2022)",NA,NA,"2011","Departures","Cătălin Savin","https://www.transfermarkt.com/catalin-savin/profil/spieler/81504","Defensive Midfield","21","Romania","FC Cisnadie",NA,"Romania",NA,TRUE,"loan transfer","Winter",1,1,0,4
"FC Brasov (- 2017)",NA,NA,"2011","Arrivals","Ricardo Machado","https://www.transfermarkt.com/ricardo-machado/profil/spieler/164198","Centre-Back","22","Portugal","Marítimo","Liga Portugal","Portugal",0,FALSE,NA,"Summer",24,19,2,1685
"FC Brasov (- 2017)",NA,NA,"2011","Arrivals","Adrian Voiculet","https://www.transfermarkt.com/adrian-voiculet/profil/spieler/64256","Centre-Forward","26","Romania","UTA Arad","Liga II - Seria II","Romania",0,FALSE,NA,"Summer",6,5,0,110
"FC Brasov (- 2017)",NA,NA,"2011","Arrivals","Mugurel Buga","https://www.transfermarkt.com/mugurel-buga/profil/spieler/35434","Centre-Forward","33","Romania","AO Xanthi","Super League 1","Greece",0,FALSE,NA,"Summer",29,27,4,1785
"FC Brasov (- 2017)",NA,NA,"2011","Arrivals","Pedro Moutinho","https://www.transfermarkt.com/pedro-moutinho/profil/spieler/36640","Centre-Forward","31","Portugal","Falkirk","Championship","Scotland",0,FALSE,NA,"Summer",32,32,7,1753
"FC Brasov (- 2017)",NA,NA,"2011","Arrivals","Hélder Godinho","https://www.transfermarkt.com/helder-godinho/profil/spieler/24945","Goalkeeper","33","Portugal","Desportivo Aves","Liga Portugal 2","Portugal",0,FALSE,NA,"Summer",18,0,0,0
"FC Brasov (- 2017)",NA,NA,"2011","Arrivals","Bruno Madeira","https://www.transfermarkt.com/bruno-madeira/profil/spieler/35859","Defensive Midfield","26","Portugal","Penafiel","Liga Portugal 2","Portugal",0,FALSE,NA,"Summer",18,18,0,1459
"FC Brasov (- 2017)",NA,NA,"2011","Arrivals","Javier Velayos","https://www.transfermarkt.com/javier-velayos/profil/spieler/53294","Right-Back","24","Spain","Getafe CF B","2ª B - Grupo I","Spain",0,FALSE,NA,"Summer",27,26,0,2118
"FC Brasov (- 2017)",NA,NA,"2011","Arrivals","Horia Crișan","https://www.transfermarkt.com/horia-crisan/profil/spieler/164237","Centre-Back","20","Romania","FCV Farul","Liga 2","Romania",0,FALSE,NA,"Summer",NA,NA,NA,NA
"FC Brasov (- 2017)",NA,NA,"2011","Arrivals","Hugo Sousa","https://www.transfermarkt.com/hugo-sousa/profil/spieler/187908","Centre-Back","19","Portugal","FC Porto U19",NA,"Portugal",0,FALSE,NA,"Summer",4,3,0,213
"FC Brasov (- 2017)",NA,NA,"2011","Arrivals","Bogdan Rosu","https://www.transfermarkt.com/bogdan-rosu/profil/spieler/897972","Central Midfield","13","Romania","Forex Brasov",NA,"Romania",0,FALSE,NA,"Summer",NA,NA,NA,NA
"FC Brasov (- 2017)",NA,NA,"2011","Arrivals","Cristian Munteanu","https://www.transfermarkt.com/cristian-munteanu/profil/spieler/54755","Centre-Back","30","Romania","ASA Tg. Mures","SuperLiga","Romania",NA,FALSE,"?","Summer",34,33,1,2939
"FC Brasov (- 2017)",NA,NA,"2011","Arrivals","Renato Kanu","https://www.transfermarkt.com/renato-kanu/profil/spieler/125012","Centre-Forward","25","Brazil","Penafiel","Liga Portugal 2","Portugal",NA,FALSE,"?","Summer",11,11,0,619
"FC Brasov (- 2017)",NA,NA,"2011","Arrivals","Mário Felgueiras","https://www.transfermarkt.com/mario-felgueiras/profil/spieler/59000","Goalkeeper","24","Portugal","SC Braga","Liga Portugal","Portugal",NA,TRUE,"loan transfer","Summer",36,36,0,3300
"FC Brasov (- 2017)",NA,NA,"2011","Arrivals","Jonathan Domínguez","https://www.transfermarkt.com/jonathan-dominguez/profil/spieler/138818","Centre-Forward","23","Argentina","San Felipe","Torneo Clausura","Chile",NA,TRUE,"loan transfer","Summer",2,2,0,29
"FC Brasov (- 2017)",NA,NA,"2011","Arrivals","Florin Iacob","https://www.transfermarkt.com/florin-iacob/profil/spieler/186028","Goalkeeper","17","Romania","FC Brasov II",NA,"Romania",NA,FALSE,"-","Summer",0,0,0,0
"FC Brasov (- 2017)",NA,NA,"2011","Arrivals","Alin Damian","https://www.transfermarkt.com/alin-damian/profil/spieler/225671","Centre-Forward","17","Romania","FC Brasov U19",NA,"Romania",NA,FALSE,"-","Summer",4,2,0,2
"FC Brasov (- 2017)",NA,NA,"2011","Arrivals","Darius Dragan","https://www.transfermarkt.com/darius-dragan/profil/spieler/169007","Left Winger","19","Romania","FC Brasov-SR",NA,"Romania",NA,TRUE,"End of loan Jun 30, 2011","Summer",NA,NA,NA,NA
"FC Brasov (- 2017)",NA,NA,"2011","Arrivals","Emanuel Popa","https://www.transfermarkt.com/emanuel-popa/profil/spieler/324779","Centre-Forward","18","Romania","FC Brasov-SR",NA,"Romania",NA,TRUE,"End of loan Jun 30, 2011","Summer",NA,NA,NA,NA
"FC Brasov (- 2017)",NA,NA,"2011","Arrivals","Alin Babei","https://www.transfermarkt.com/alin-babei/profil/spieler/604058","Right Winger","13","Romania","Forex Brasov",NA,"Romania",NA,TRUE,"End of loan Jun 30, 2011","Summer",NA,NA,NA,NA
"FC Brasov (- 2017)",NA,NA,"2011","Departures","Robert Ilyes","https://www.transfermarkt.com/robert-ilyes/profil/spieler/34510","Central Midfield","37","Romania","ASA Tg. Mures","SuperLiga","Romania",0,FALSE,NA,"Summer",NA,NA,NA,NA
"FC Brasov (- 2017)",NA,NA,"2011","Departures","Ionuț Voicu","https://www.transfermarkt.com/ionut-voicu/profil/spieler/46677","Right-Back","26","Romania","CS Mioveni","SuperLiga","Romania",0,FALSE,NA,"Summer",NA,NA,NA,NA
"FC Brasov (- 2017)",NA,NA,"2011","Departures","Cristian Oroș","https://www.transfermarkt.com/cristian-oros/profil/spieler/64215","Centre-Back","26","Romania","FC Rapid 1923","SuperLiga","Romania",0,FALSE,NA,"Summer",NA,NA,NA,NA
"FC Brasov (- 2017)",NA,NA,"2011","Departures","Cristian Haisan","https://www.transfermarkt.com/cristian-haisan/profil/spieler/46558","Goalkeeper","30","Romania","CS Mioveni","SuperLiga","Romania",0,FALSE,NA,"Summer",NA,NA,NA,NA
"FC Brasov (- 2017)",NA,NA,"2011","Departures","Dejan Martinovic","https://www.transfermarkt.com/dejan-martinovic/profil/spieler/28616","Defensive Midfield","28","Bosnia-Herzegovina","Celik Zenica","Premijer Liga BiH","Bosnia-Herzegovina",0,FALSE,NA,"Summer",NA,NA,NA,NA
"FC Brasov (- 2017)",NA,NA,"2011","Departures","Willams","https://www.transfermarkt.com/willams/profil/spieler/34009","Left Winger","27","Brazil","Naval 1893","Liga Portugal 2","Portugal",0,FALSE,NA,"Summer",NA,NA,NA,NA
"FC Brasov (- 2017)",NA,NA,"2011","Departures","Emanuel Popa","https://www.transfermarkt.com/emanuel-popa/profil/spieler/324779","Centre-Forward","18","Romania","Tarlungeni",NA,"Romania",0,FALSE,NA,"Summer",NA,NA,NA,NA
"FC Brasov (- 2017)",NA,NA,"2011","Departures","Emanuel Cretulescu","https://www.transfermarkt.com/emanuel-cretulescu/profil/spieler/186025","Right-Back","19","Romania","Tarlungeni",NA,"Romania",NA,TRUE,"loan transfer","Summer",0,0,0,0
"FC Brasov (- 2017)",NA,NA,"2011","Departures","Vlad Potecu","https://www.transfermarkt.com/vlad-potecu/profil/spieler/234247","Centre-Back","18","Romania","FC Brasov-SR",NA,"Romania",NA,TRUE,"loan transfer","Summer",NA,NA,NA,NA
"FC Brasov (- 2017)",NA,NA,"2011","Departures","Gabriel Kajcsa","https://www.transfermarkt.com/gabriel-kajcsa/profil/spieler/64178","Goalkeeper","36","Romania",NA,NA,NA,NA,FALSE,"-","Summer",NA,NA,NA,NA
"FC Brasov (- 2017)",NA,NA,"2011","Departures","Darius Dragan","https://www.transfermarkt.com/darius-dragan/profil/spieler/169007","Left Winger","19","Romania","FC Brasov II",NA,"Romania",NA,FALSE,"-","Summer",NA,NA,NA,NA
"FC Brasov (- 2017)",NA,NA,"2011","Departures","Diego Gaúcho","https://www.transfermarkt.com/diego-gaucho/profil/spieler/41932","Centre-Back","29","Brazil","Leiria","Liga Portugal","Portugal",NA,TRUE,"End of loan Jun 30, 2011","Summer",NA,NA,NA,NA
"FC Brasov (- 2017)",NA,NA,"2011","Departures","Filipe Teixeira","https://www.transfermarkt.com/filipe-teixeira/profil/spieler/5568","Right Winger","30","Portugal","Metalurg D.","Premier Liga","Ukraine",NA,TRUE,"End of loan Jun 30, 2011","Summer",NA,NA,NA,NA
"FC Brasov (- 2017)",NA,NA,"2011","Departures","Adrian Rusu","https://www.transfermarkt.com/adrian-rusu/profil/spieler/35440","Right-Back","26","Romania","Pandurii ","SuperLiga","Romania",NA,TRUE,"End of loan Jun 30, 2011","Summer",NA,NA,NA,NA
"FC Brasov (- 2017)",NA,NA,"2011","Departures","Cosmin Nastasie","https://www.transfermarkt.com/cosmin-nastasie/profil/spieler/46604","Centre-Forward","28","Romania","FC Arges","Liga II - Seria II","Romania",NA,TRUE,"End of loan Jun 30, 2011","Summer",NA,NA,NA,NA
"FC Brasov (- 2017)",NA,NA,"2011","Departures","Josias Cardoso","https://www.transfermarkt.com/josias-cardoso/profil/spieler/107689","Centre-Forward","29","Brazil","Sol de América",NA,"Paraguay",NA,TRUE,"End of loan Jun 30, 2011","Summer",NA,NA,NA,NA
"FC Brasov (- 2017)",NA,NA,"2011","Arrivals","Chigozie Udoji","https://www.transfermarkt.com/chigozie-udoji/profil/spieler/49038","Centre-Forward","25","Bulgaria","Astra Giurgiu","SuperLiga","Romania",0,FALSE,NA,"Winter",6,6,0,376
"FC Brasov (- 2017)",NA,NA,"2011","Arrivals","Diogo Silva","https://www.transfermarkt.com/diogo-silva/profil/spieler/45244","Centre-Back","28","Portugal","Santa Clara","Liga Portugal 2","Portugal",0,FALSE,NA,"Winter",6,2,0,180
"FC Brasov (- 2017)",NA,NA,"2011","Arrivals","Blaze Ilijoski","https://www.transfermarkt.com/blaze-ilijoski/profil/spieler/57398","Centre-Forward","27","North Macedonia","Metalurg Skopje","Prva liga","North Macedonia",0,FALSE,NA,"Winter",12,12,6,1039
"FC Brasov (- 2017)",NA,NA,"2011","Arrivals","Raul Ciupe","https://www.transfermarkt.com/raul-ciupe/profil/spieler/64129","Right-Back","27","Romania","Sportul S.","SuperLiga","Romania",0,FALSE,NA,"Winter",20,14,0,954
"FC Brasov (- 2017)",NA,NA,"2011","Arrivals","Vasile Olariu","https://www.transfermarkt.com/vasile-olariu/profil/spieler/64280","Central Midfield","24","Romania","Vic. Branesti","Liga 2","Romania",0,FALSE,NA,"Winter",10,9,1,406
"FC Brasov (- 2017)",NA,NA,"2011","Arrivals","Davide","https://www.transfermarkt.com/davide/profil/spieler/13199","Right Winger","28","Portugal","Apol. Limassol","Cyprus League","Cyprus",NA,FALSE,"?","Winter",16,16,2,1404
"FC Brasov (- 2017)",NA,NA,"2011","Arrivals","Mauro Alonso","https://www.transfermarkt.com/mauro-alonso/profil/spieler/159959","Attacking Midfield","23","Brazil","Ekranas","A Lyga","Lithuania",NA,FALSE,"?","Winter",14,7,0,322
"FC Brasov (- 2017)",NA,NA,"2011","Arrivals","Rareș Enceanu","https://www.transfermarkt.com/rares-enceanu/profil/spieler/221811","Central Midfield","17","Romania","FC Brasov U19",NA,"Romania",NA,FALSE,"-","Winter",3,2,0,70
"FC Brasov (- 2017)",NA,NA,"2011","Departures","Alexandru Chipciu","https://www.transfermarkt.com/alexandru-chipciu/profil/spieler/64126","Left-Back","22","Romania","FCSB","SuperLiga","Romania",1950000,FALSE,NA,"Winter",20,20,5,1808
"FC Brasov (- 2017)",NA,NA,"2011","Departures","Marian Cristescu","https://www.transfermarkt.com/marian-cristescu/profil/spieler/64137","Attacking Midfield","26","Romania","U Cluj","SuperLiga","Romania",1e+05,FALSE,NA,"Winter",19,19,3,1674
"FC Brasov (- 2017)",NA,NA,"2011","Departures","Adrian Voiculet","https://www.transfermarkt.com/adrian-voiculet/profil/spieler/64256","Centre-Forward","26","Romania","CS Mioveni","SuperLiga","Romania",0,FALSE,NA,"Winter",6,5,0,110
"FC Brasov (- 2017)",NA,NA,"2011","Departures","Hugo Sousa","https://www.transfermarkt.com/hugo-sousa/profil/spieler/187908","Centre-Back","19","Portugal","AEL Limassol","Cyprus League","Cyprus",0,FALSE,NA,"Winter",4,3,0,213
"FC Brasov (- 2017)",NA,NA,"2011","Departures","Traian Marc","https://www.transfermarkt.com/traian-marc/profil/spieler/47490","Goalkeeper","28","Romania","FC Brasov-SR",NA,"Romania",0,FALSE,NA,"Winter",NA,NA,NA,NA
"FC Brasov (- 2017)",NA,NA,"2011","Departures","Horia Crișan","https://www.transfermarkt.com/horia-crisan/profil/spieler/164237","Centre-Back","20","Romania","Daco-Getica","Liga II - Seria II","Romania",0,FALSE,NA,"Winter",NA,NA,NA,NA
"FC Brasov (- 2017)",NA,NA,"2011","Departures","Renato Kanu","https://www.transfermarkt.com/renato-kanu/profil/spieler/125012","Centre-Forward","26","Brazil","Without Club",NA,NA,NA,FALSE,"-","Winter",11,11,0,619
"FC Brasov (- 2017)",NA,NA,"2011","Departures","Juan Toloza","https://www.transfermarkt.com/juan-toloza/profil/spieler/138829","Central Midfield","26","Chile","San Felipe","Torneo Clausura","Chile",NA,TRUE,"End of loan Dec 1, 2011","Winter",11,11,0,764
"FC Brasov (- 2017)",NA,NA,"2011","Departures","Sebastián Páez","https://www.transfermarkt.com/sebastian-paez/profil/spieler/90072","Central Midfield","25","Chile","San Felipe","Torneo Clausura","Chile",NA,TRUE,"End of loan Dec 31, 2011","Winter",9,6,0,238
"FC Brasov (- 2017)",NA,NA,"2011","Departures","Jonathan Domínguez","https://www.transfermarkt.com/jonathan-dominguez/profil/spieler/138818","Centre-Forward","24","Argentina","San Felipe","Torneo Clausura","Chile",NA,TRUE,"End of loan Dec 31, 2011","Winter",2,2,0,29
"Petrolul Ploiesti","SuperLiga","Romania","2011","Arrivals","Mircea Bornescu","https://www.transfermarkt.com/mircea-bornescu/profil/spieler/47569","Goalkeeper","31","Romania","AO Kavala",NA,"Greece",0,FALSE,NA,"Summer",6,6,0,540
"Petrolul Ploiesti","SuperLiga","Romania","2011","Arrivals","Aleksandar Stojmirovic","https://www.transfermarkt.com/aleksandar-stojmirovic/profil/spieler/35936","Left Winger","28","Serbia","Borac Cacak","Super liga Srbije","Serbia",0,FALSE,NA,"Summer",25,21,1,1195
"Petrolul Ploiesti","SuperLiga","Romania","2011","Arrivals","Nicolae Mitea","https://www.transfermarkt.com/nicolae-mitea/profil/spieler/7433","Left Winger","26","Romania","Ionikos Nikeas",NA,"Greece",0,FALSE,NA,"Summer",3,3,2,49
"Petrolul Ploiesti","SuperLiga","Romania","2011","Arrivals","Mihai Roman","https://www.transfermarkt.com/mihai-roman/profil/spieler/135566","Centre-Forward","19","Romania","FC U Craiova",NA,"Romania",0,FALSE,NA,"Summer",20,18,0,506
"Petrolul Ploiesti","SuperLiga","Romania","2011","Arrivals","Nenad Djurovic","https://www.transfermarkt.com/nenad-djurovic/profil/spieler/37546","Centre-Back","25","Montenegro","Szolnok","NB II - East","Hungary",0,FALSE,NA,"Summer",4,4,0,112
"Petrolul Ploiesti","SuperLiga","Romania","2011","Arrivals","Aleksandar Petrovic","https://www.transfermarkt.com/aleksandar-petrovic/profil/spieler/36051","Centre-Back","28","Serbia","Cukaricki","Prva liga Srbije","Serbia",0,FALSE,NA,"Summer",11,11,0,902
"Petrolul Ploiesti","SuperLiga","Romania","2011","Arrivals","Sorin Bușu","https://www.transfermarkt.com/sorin-busu/profil/spieler/57679","Left-Back","21","Romania","FC U Craiova",NA,"Romania",0,FALSE,NA,"Summer",1,1,0,62
"Petrolul Ploiesti","SuperLiga","Romania","2011","Arrivals","Denys Sytnik","https://www.transfermarkt.com/denys-sytnik/profil/spieler/149548","Centre-Forward","25","Ukraine","ÍBV","Besta deild","Iceland",0,FALSE,NA,"Summer",6,3,0,114
"Petrolul Ploiesti","SuperLiga","Romania","2011","Arrivals","Bogdan Apostu","https://www.transfermarkt.com/bogdan-apostu/profil/spieler/48812","Centre-Forward","29","Romania","Pandurii ","SuperLiga","Romania",NA,FALSE,"?","Summer",5,5,0,246
"Petrolul Ploiesti","SuperLiga","Romania","2011","Arrivals","Nikola Komazec","https://www.transfermarkt.com/nikola-komazec/profil/spieler/49790","Centre-Forward","23","Serbia","Hajduk 1912","Super liga Srbije","Serbia",NA,FALSE,"?","Summer",16,15,3,835
"Petrolul Ploiesti","SuperLiga","Romania","2011","Arrivals","Valentin Negru","https://www.transfermarkt.com/valentin-negru/profil/spieler/35439","Central Midfield","28","Romania","Sportul S.","SuperLiga","Romania",NA,FALSE,"?","Summer",31,31,3,2307
"Petrolul Ploiesti","SuperLiga","Romania","2011","Arrivals","Bogdan Straut","https://www.transfermarkt.com/bogdan-straut/profil/spieler/126124","Right-Back","25","Romania","CS Brazi",NA,"Romania",NA,FALSE,"?","Summer",26,25,0,1887
"Petrolul Ploiesti","SuperLiga","Romania","2011","Arrivals","Alexandru Buhusi","https://www.transfermarkt.com/alexandru-buhusi/profil/spieler/126032","Attacking Midfield","21","Romania","CS Brazi",NA,"Romania",NA,FALSE,"?","Summer",16,12,2,613
"Petrolul Ploiesti","SuperLiga","Romania","2011","Arrivals","Suat Zendeli","https://www.transfermarkt.com/suat-zendeli/profil/spieler/54636","Goalkeeper","30","North Macedonia","Shkendija","Prva liga","North Macedonia",NA,FALSE,"?","Summer",7,7,0,583
"Petrolul Ploiesti","SuperLiga","Romania","2011","Arrivals","Adrian Borza","https://www.transfermarkt.com/adrian-borza/profil/spieler/203085","Left Midfield","26","Romania","CSM Deva","Liga II - Seria II","Romania",NA,FALSE,"?","Summer",17,16,2,690
"Petrolul Ploiesti","SuperLiga","Romania","2011","Arrivals","Ciprian Milea","https://www.transfermarkt.com/ciprian-milea/profil/spieler/55547","Central Midfield","26","Romania","CS Brazi",NA,"Romania",NA,TRUE,"loan transfer","Summer",3,3,0,55
"Petrolul Ploiesti","SuperLiga","Romania","2011","Arrivals","Cristian Melinte","https://www.transfermarkt.com/cristian-melinte/profil/spieler/63461","Centre-Back","23","Romania","Palermo","Serie A","Italy",NA,TRUE,"loan transfer","Summer",28,28,1,2360
"Petrolul Ploiesti","SuperLiga","Romania","2011","Arrivals","Enes Sipovic","https://www.transfermarkt.com/enes-sipovic/profil/spieler/104219","Centre-Back","20","Bosnia-Herzegovina","Otelul Galati","SuperLiga","Romania",NA,TRUE,"loan transfer","Summer",18,18,0,1618
"Petrolul Ploiesti","SuperLiga","Romania","2011","Arrivals","Florin Maxim","https://www.transfermarkt.com/florin-maxim/profil/spieler/48768","Left-Back","31","Romania","Without Club",NA,NA,NA,FALSE,"-","Summer",9,9,0,810
"Petrolul Ploiesti","SuperLiga","Romania","2011","Departures","Zoran Ljubinkovic","https://www.transfermarkt.com/zoran-ljubinkovic/profil/spieler/13904","Centre-Back","28","Serbia","Otelul Galati","SuperLiga","Romania",0,FALSE,NA,"Summer",NA,NA,NA,NA
"Petrolul Ploiesti","SuperLiga","Romania","2011","Departures","Eugene Sseppuya","https://www.transfermarkt.com/eugene-sseppuya/profil/spieler/62130","Centre-Forward","28","Uganda","Borac Cacak","Super liga Srbije","Serbia",0,FALSE,NA,"Summer",NA,NA,NA,NA
"Petrolul Ploiesti","SuperLiga","Romania","2011","Departures","Adrian Cuciula","https://www.transfermarkt.com/adrian-cuciula/profil/spieler/61729","Centre-Back","25","Romania","Corvinul",NA,"Romania",0,FALSE,NA,"Summer",NA,NA,NA,NA
"Petrolul Ploiesti","SuperLiga","Romania","2011","Departures","Marian Pop","https://www.transfermarkt.com/marian-pop/profil/spieler/168465","Midfielder","19","Romania","Otelul Galati","SuperLiga","Romania",0,FALSE,NA,"Summer",NA,NA,NA,NA
"Petrolul Ploiesti","SuperLiga","Romania","2011","Departures","Cristian Vlad","https://www.transfermarkt.com/cristian-vlad/profil/spieler/97566","Right Midfield","34","Romania","CS Blejoi",NA,"Romania",0,FALSE,NA,"Summer",NA,NA,NA,NA
"Petrolul Ploiesti","SuperLiga","Romania","2011","Departures","Victor Rîmniceanu","https://www.transfermarkt.com/victor-rimniceanu/profil/spieler/213699","Goalkeeper","21","Romania","CS Otopeni","Liga 2","Romania",0,FALSE,NA,"Summer",NA,NA,NA,NA
"Petrolul Ploiesti","SuperLiga","Romania","2011","Departures","Constantin Stoica","https://www.transfermarkt.com/constantin-stoica/profil/spieler/213242","Centre-Forward","19","Romania","Rm. Valcea","Liga II - Seria II","Romania",0,FALSE,NA,"Summer",NA,NA,NA,NA
"Petrolul Ploiesti","SuperLiga","Romania","2011","Departures","Liviu Mihai","https://www.transfermarkt.com/liviu-mihai/profil/spieler/74087","Central Midfield","23","Romania","Unknown",NA,NA,NA,FALSE,"?","Summer",NA,NA,NA,NA
"Petrolul Ploiesti","SuperLiga","Romania","2011","Departures","Jean-Claude Bozga","https://www.transfermarkt.com/jean-claude-bozga/profil/spieler/200467","Centre-Back","27","Romania","Concordia","SuperLiga","Romania",NA,FALSE,"?","Summer",NA,NA,NA,NA
"Petrolul Ploiesti","SuperLiga","Romania","2011","Departures","Marian Cârjă","https://www.transfermarkt.com/marian-carja/profil/spieler/48658","Right-Back","24","Romania","Otelul Galati","SuperLiga","Romania",NA,TRUE,"End of loan Jun 30, 2011","Summer",NA,NA,NA,NA
"Petrolul Ploiesti","SuperLiga","Romania","2011","Departures","Catalin Paun","https://www.transfermarkt.com/catalin-paun/profil/spieler/53214","Centre-Back","23","Romania","FC Rapid 1923","SuperLiga","Romania",NA,TRUE,"End of loan Jun 30, 2011","Summer",NA,NA,NA,NA
"Petrolul Ploiesti","SuperLiga","Romania","2011","Departures","Vasile Buhaescu","https://www.transfermarkt.com/vasile-buhaescu/profil/spieler/48775","Centre-Forward","23","Romania","FC Vaslui","SuperLiga","Romania",NA,TRUE,"End of loan Jun 30, 2011","Summer",NA,NA,NA,NA
"Petrolul Ploiesti","SuperLiga","Romania","2011","Departures","Cosmin Gârleanu","https://www.transfermarkt.com/cosmin-garleanu/profil/spieler/107657","Right Midfield","22","Romania","Otelul Galati","SuperLiga","Romania",NA,TRUE,"End of loan Jun 30, 2011","Summer",NA,NA,NA,NA
"Petrolul Ploiesti","SuperLiga","Romania","2011","Departures","Alexandru Buhusi","https://www.transfermarkt.com/alexandru-buhusi/profil/spieler/126032","Attacking Midfield","21","Romania","CS Brazi",NA,"Romania",NA,TRUE,"End of loan Jun 30, 2011","Summer",16,12,2,613
"Petrolul Ploiesti","SuperLiga","Romania","2011","Departures","Florin Plecanciuc","https://www.transfermarkt.com/florin-plecanciuc/profil/spieler/213237","Centre-Back","23","Romania","Foresta Suceava",NA,"Romania",NA,TRUE,"End of loan Jun 30, 2011","Summer",NA,NA,NA,NA
"Petrolul Ploiesti","SuperLiga","Romania","2011","Departures","Alexandru Benga","https://www.transfermarkt.com/alexandru-benga/profil/spieler/202800","Centre-Back","22","Romania","Otelul Galati","SuperLiga","Romania",NA,TRUE,"End of loan Jun 30, 2011","Summer",NA,NA,NA,NA
"Petrolul Ploiesti","SuperLiga","Romania","2011","Departures","Vlad Stanescu","https://www.transfermarkt.com/vlad-stanescu/profil/spieler/287228","Defensive Midfield","20","Romania","Foresta Suceava",NA,"Romania",NA,TRUE,"End of loan Jun 30, 2011","Summer",NA,NA,NA,NA
"Petrolul Ploiesti","SuperLiga","Romania","2011","Arrivals","Hamza Younes","https://www.transfermarkt.com/hamza-younes/profil/spieler/111995","Centre-Forward","25","Tunisia","ES Sahel","Ligue I Pro","Tunisia",150000,FALSE,NA,"Winter",13,13,12,950
"Petrolul Ploiesti","SuperLiga","Romania","2011","Arrivals","Soni Mustivar","https://www.transfermarkt.com/soni-mustivar/profil/spieler/85195","Central Midfield","21","Haiti","SC Bastia","Ligue 2","France",65000,FALSE,NA,"Winter",15,15,2,1318
"Petrolul Ploiesti","SuperLiga","Romania","2011","Arrivals","Damien Boudjemaa","https://www.transfermarkt.com/damien-boudjemaa/profil/spieler/102651","Right Winger","26","France","UJA Maccabi",NA,"France",25000,FALSE,NA,"Winter",14,14,3,1054
"Petrolul Ploiesti","SuperLiga","Romania","2011","Arrivals","Vincent Bikana","https://www.transfermarkt.com/vincent-bikana/profil/spieler/148655","Centre-Back","19","Cameroon","Neuchâtel Xamax","Super League","Switzerland",0,FALSE,NA,"Winter",15,13,0,988
"Petrolul Ploiesti","SuperLiga","Romania","2011","Arrivals","Monsef Zerka","https://www.transfermarkt.com/monsef-zerka/profil/spieler/28354","Right Midfield","30","Morocco","New England","MLS","United States",0,FALSE,NA,"Winter",12,12,2,903
"Petrolul Ploiesti","SuperLiga","Romania","2011","Arrivals","Mihai Dina","https://www.transfermarkt.com/mihai-dina/profil/spieler/47575","Centre-Forward","26","Romania","CS Mioveni","SuperLiga","Romania",0,FALSE,NA,"Winter",10,6,0,280
"Petrolul Ploiesti","SuperLiga","Romania","2011","Arrivals","Vasiliy Khomutovskiy","https://www.transfermarkt.com/vasiliy-khomutovskiy/profil/spieler/15976","Goalkeeper","33","Belarus","Amkar Perm",NA,"Russia",0,FALSE,NA,"Winter",11,10,0,900
"Petrolul Ploiesti","SuperLiga","Romania","2011","Arrivals","Povilas Valincius","https://www.transfermarkt.com/povilas-valincius/profil/spieler/119726","Goalkeeper","22","Lithuania","Sūduva","A Lyga","Lithuania",0,FALSE,NA,"Winter",14,3,0,270
"Petrolul Ploiesti","SuperLiga","Romania","2011","Arrivals","Alin Buleică","https://www.transfermarkt.com/alin-buleica/profil/spieler/147286","Right-Back","20","Romania","AO Kavala",NA,"Greece",0,FALSE,NA,"Winter",5,5,0,354
"Petrolul Ploiesti","SuperLiga","Romania","2011","Arrivals","Patrick Osiako","https://www.transfermarkt.com/patrick-osiako/profil/spieler/53225","Central Midfield","25","Kenya","Mjällby AIF","Allsvenskan","Sweden",NA,FALSE,"?","Winter",11,11,1,729
"Petrolul Ploiesti","SuperLiga","Romania","2011","Arrivals","Olivian Surugiu","https://www.transfermarkt.com/olivian-surugiu/profil/spieler/184434","Right Midfield","21","Romania","ALRO Slatina","Liga II - Seria II","Romania",NA,FALSE,"?","Winter",1,1,0,18
"Petrolul Ploiesti","SuperLiga","Romania","2011","Arrivals","Álvaro Silva","https://www.transfermarkt.com/alvaro-silva/profil/spieler/29072","Centre-Back","27","Philippines","Xerez CD","LaLiga2","Spain",NA,TRUE,"loan transfer","Winter",12,8,0,578
"Petrolul Ploiesti","SuperLiga","Romania","2011","Arrivals","Razvan Neagu","https://www.transfermarkt.com/razvan-neagu/profil/spieler/46607","Centre-Forward","24","Romania","FC Vaslui","SuperLiga","Romania",NA,TRUE,"loan transfer","Winter",5,4,0,143
"Petrolul Ploiesti","SuperLiga","Romania","2011","Arrivals","Selim Ben Djemia","https://www.transfermarkt.com/selim-ben-djemia/profil/spieler/119261","Centre-Back","23","Tunisia","Genoa","Serie A","Italy",NA,TRUE,"loan transfer","Winter",14,12,0,959
"Petrolul Ploiesti","SuperLiga","Romania","2011","Arrivals","Andrei Voican","https://www.transfermarkt.com/andrei-voican/profil/spieler/130344","Centre-Forward","20","Romania","U Cluj","SuperLiga","Romania",NA,TRUE,"loan transfer","Winter",0,0,0,0
"Petrolul Ploiesti","SuperLiga","Romania","2011","Arrivals","Matteo Gritti","https://www.transfermarkt.com/matteo-gritti/profil/spieler/22244","Goalkeeper","31","Italy","Without Club",NA,NA,NA,FALSE,"-","Winter",4,3,0,270
"Petrolul Ploiesti","SuperLiga","Romania","2011","Departures","Aleksandar Petrovic","https://www.transfermarkt.com/aleksandar-petrovic/profil/spieler/36051","Centre-Back","28","Serbia","Concordia","SuperLiga","Romania",0,FALSE,NA,"Winter",11,11,0,902
"Petrolul Ploiesti","SuperLiga","Romania","2011","Departures","Danut Enescu","https://www.transfermarkt.com/danut-enescu/profil/spieler/203088","Defensive Midfield","24","Romania","Otelul Galati","SuperLiga","Romania",0,FALSE,NA,"Winter",20,19,0,1514
"Petrolul Ploiesti","SuperLiga","Romania","2011","Departures","Bogdan Apostu","https://www.transfermarkt.com/bogdan-apostu/profil/spieler/48812","Centre-Forward","29","Romania","ASA Tg. Mures","SuperLiga","Romania",0,FALSE,NA,"Winter",5,5,0,246
"Petrolul Ploiesti","SuperLiga","Romania","2011","Departures","Radu Barbu","https://www.transfermarkt.com/radu-barbu/profil/spieler/73797","Centre-Back","22","Romania","CS Mioveni","SuperLiga","Romania",0,FALSE,NA,"Winter",5,3,0,270
"Petrolul Ploiesti","SuperLiga","Romania","2011","Departures","Nenad Djurovic","https://www.transfermarkt.com/nenad-djurovic/profil/spieler/37546","Centre-Back","25","Montenegro","Sutjeska Niksic",NA,"Montenegro",0,FALSE,NA,"Winter",4,4,0,112
"Petrolul Ploiesti","SuperLiga","Romania","2011","Departures","Sorin Bușu","https://www.transfermarkt.com/sorin-busu/profil/spieler/57679","Left-Back","22","Romania","Chindia","Liga II - Seria II","Romania",0,FALSE,NA,"Winter",1,1,0,62
"Petrolul Ploiesti","SuperLiga","Romania","2011","Departures","Mircea Bornescu","https://www.transfermarkt.com/mircea-bornescu/profil/spieler/47569","Goalkeeper","31","Romania","U Cluj","SuperLiga","Romania",NA,FALSE,"?","Winter",6,6,0,540
"Petrolul Ploiesti","SuperLiga","Romania","2011","Departures","Suat Zendeli","https://www.transfermarkt.com/suat-zendeli/profil/spieler/54636","Goalkeeper","30","North Macedonia","Renova","Prva liga","North Macedonia",NA,FALSE,"?","Winter",7,7,0,583
"Petrolul Ploiesti","SuperLiga","Romania","2011","Departures","Nenad Grumic","https://www.transfermarkt.com/nenad-grumic/profil/spieler/94313","Central Midfield","19","Serbia","Wiener SC","Regional League East","Austria",NA,FALSE,"?","Winter",NA,NA,NA,NA
"Petrolul Ploiesti","SuperLiga","Romania","2011","Departures","Nicolae Mitea","https://www.transfermarkt.com/nicolae-mitea/profil/spieler/7433","Left Winger","26","Romania","Without Club",NA,NA,NA,FALSE,"-","Winter",3,3,2,49
"Petrolul Ploiesti","SuperLiga","Romania","2011","Departures","Ciprian Milea","https://www.transfermarkt.com/ciprian-milea/profil/spieler/55547","Central Midfield","27","Romania","CS Brazi",NA,"Romania",NA,TRUE,"End of loan Dec 31, 2011","Winter",3,3,0,55
"Petrolul Ploiesti","SuperLiga","Romania","2011","Departures","Enes Sipovic","https://www.transfermarkt.com/enes-sipovic/profil/spieler/104219","Centre-Back","21","Bosnia-Herzegovina","Otelul Galati","SuperLiga","Romania",NA,TRUE,"End of loan Dec 1, 2011","Winter",18,18,0,1618
"Petrolul Ploiesti","SuperLiga","Romania","2011","Departures","Victoras Catarama","https://www.transfermarkt.com/victoras-catarama/profil/spieler/97549","Right Midfield","22","Romania","Astra II","Liga 2","Romania",NA,TRUE,"End of loan Dec 1, 2011","Winter",4,4,0,140
"AS Ardealul Tg. Mures (- 2018)",NA,NA,"2011","Arrivals","Sorin Ghionea","https://www.transfermarkt.com/sorin-ghionea/profil/spieler/26496","Centre-Back","32","Romania","Poli. Timisoara","Liga II - Seria II","Romania",0,FALSE,NA,"Summer",23,21,0,1769
"AS Ardealul Tg. Mures (- 2018)",NA,NA,"2011","Arrivals","Răzvan Pădurețu","https://www.transfermarkt.com/razvan-paduretu/profil/spieler/46615","Attacking Midfield","30","Romania","Unirea Urziceni",NA,"Romania",0,FALSE,NA,"Summer",22,19,0,1393
"AS Ardealul Tg. Mures (- 2018)",NA,NA,"2011","Arrivals","Robert Ilyes","https://www.transfermarkt.com/robert-ilyes/profil/spieler/34510","Central Midfield","37","Romania","FC Brasov","SuperLiga","Romania",0,FALSE,NA,"Summer",31,31,7,2667
"AS Ardealul Tg. Mures (- 2018)",NA,NA,"2011","Arrivals","Călin Albuț","https://www.transfermarkt.com/calin-albut/profil/spieler/46487","Goalkeeper","30","Romania","Gloria Bistrita","Liga II - Seria II","Romania",0,FALSE,NA,"Summer",27,25,0,2250
"AS Ardealul Tg. Mures (- 2018)",NA,NA,"2011","Arrivals","Epaminonda Nicu","https://www.transfermarkt.com/epaminonda-nicu/profil/spieler/48884","Centre-Back","31","Romania","Unirea Urziceni",NA,"Romania",0,FALSE,NA,"Summer",31,31,1,2702
"AS Ardealul Tg. Mures (- 2018)",NA,NA,"2011","Arrivals","Moussa Kalisse","https://www.transfermarkt.com/moussa-kalisse/profil/spieler/21572","Left Winger","28","Netherlands","FC Dordrecht","Keuken Kampioen Divisie","Netherlands",0,FALSE,NA,"Summer",4,3,0,143
"AS Ardealul Tg. Mures (- 2018)",NA,NA,"2011","Arrivals","Petre Goge","https://www.transfermarkt.com/petre-goge/profil/spieler/164737","Left-Back","19","Romania","ALRO Slatina","Liga II - Seria II","Romania",0,FALSE,NA,"Summer",8,7,0,170
"AS Ardealul Tg. Mures (- 2018)",NA,NA,"2011","Arrivals","Simone Cavalli","https://www.transfermarkt.com/simone-cavalli/profil/spieler/24301","Centre-Forward","32","Italy","Gloria Bistrita","Liga II - Seria II","Romania",0,FALSE,NA,"Summer",6,6,1,395
"AS Ardealul Tg. Mures (- 2018)",NA,NA,"2011","Arrivals","Danijel Subotic","https://www.transfermarkt.com/danijel-subotic/profil/spieler/65297","Centre-Forward","22","Switzerland","FC U Craiova",NA,"Romania",0,FALSE,NA,"Summer",17,17,3,1242
"AS Ardealul Tg. Mures (- 2018)",NA,NA,"2011","Arrivals","Costinel Gugu","https://www.transfermarkt.com/costinel-gugu/profil/spieler/179792","Centre-Back","18","Romania","FC U Craiova",NA,"Romania",0,FALSE,NA,"Summer",17,11,0,812
"AS Ardealul Tg. Mures (- 2018)",NA,NA,"2011","Arrivals","Claudiu Bumba","https://www.transfermarkt.com/claudiu-bumba/profil/spieler/186731","Attacking Midfield","17","Romania","FCM Baia Mare","Liga II - Seria II","Romania",0,FALSE,NA,"Summer",31,29,3,1614
"AS Ardealul Tg. Mures (- 2018)",NA,NA,"2011","Arrivals","Jamal Mohammed","https://www.transfermarkt.com/jamal-mohammed/profil/spieler/56642","Central Midfield","26","Kenya","Kazma SC",NA,"Kuwait",NA,FALSE,"?","Summer",7,7,0,305
"AS Ardealul Tg. Mures (- 2018)",NA,NA,"2011","Arrivals","Vişan Creţu","https://www.transfermarkt.com/visan-cretu/profil/spieler/208788","Right-Back","23","Romania","Delta Tulcea","Liga 2","Romania",NA,FALSE,"?","Summer",NA,NA,NA,NA
"AS Ardealul Tg. Mures (- 2018)",NA,NA,"2011","Arrivals","Salifou Fofana","https://www.transfermarkt.com/salifou-fofana/profil/spieler/212907","Centre-Forward","22","Cote d'Ivoire","FC San Pedro",NA,"Cote d'Ivoire",NA,FALSE,"?","Summer",NA,NA,NA,NA
"AS Ardealul Tg. Mures (- 2018)",NA,NA,"2011","Arrivals","Alin Goia","https://www.transfermarkt.com/alin-goia/profil/spieler/208195","Goalkeeper","22","Romania","Luceafarul","Liga II - Seria II","Romania",NA,FALSE,"?","Summer",1,0,0,0
"AS Ardealul Tg. Mures (- 2018)",NA,NA,"2011","Arrivals","Celsinho","https://www.transfermarkt.com/celsinho/profil/spieler/36365","Attacking Midfield","22","Brazil","Sporting CP","Liga Portugal","Portugal",NA,TRUE,"loan transfer","Summer",10,9,1,373
"AS Ardealul Tg. Mures (- 2018)",NA,NA,"2011","Arrivals","Sergiu Buș","https://www.transfermarkt.com/sergiu-bus/profil/spieler/123671","Centre-Forward","18","Romania","CFR Cluj","SuperLiga","Romania",NA,TRUE,"loan transfer","Summer",28,23,6,899
"AS Ardealul Tg. Mures (- 2018)",NA,NA,"2011","Arrivals","Halisson","https://www.transfermarkt.com/halisson/profil/spieler/38662","Centre-Back","26","Brazil","Noroeste","Campeonato Paulista","Brazil",NA,TRUE,"loan transfer","Summer",2,2,0,175
"AS Ardealul Tg. Mures (- 2018)",NA,NA,"2011","Arrivals","Viorel Saim","https://www.transfermarkt.com/viorel-saim/profil/spieler/147810","Left Midfield","20","Romania","Ariesul Turda","Liga II - Seria II","Romania",NA,TRUE,"End of loan Jun 30, 2011","Summer",NA,NA,NA,NA
"AS Ardealul Tg. Mures (- 2018)",NA,NA,"2011","Departures","Bruno Fernandes","https://www.transfermarkt.com/bruno-fernandes/profil/spieler/25158","Centre-Back","32","Guinea-Bissau","Ermis Aradippou","Cyprus League","Cyprus",0,FALSE,NA,"Summer",NA,NA,NA,NA
"AS Ardealul Tg. Mures (- 2018)",NA,NA,"2011","Departures","Dorel Zaharia","https://www.transfermarkt.com/dorel-zaharia/profil/spieler/46682","Centre-Forward","33","Romania","Sageata Navodar","Liga 2","Romania",0,FALSE,NA,"Summer",NA,NA,NA,NA
"AS Ardealul Tg. Mures (- 2018)",NA,NA,"2011","Departures","Mihai Stetca","https://www.transfermarkt.com/mihai-stetca/profil/spieler/81506","Goalkeeper","30","Romania","Turnu-Severin","Liga II - Seria II","Romania",0,FALSE,NA,"Summer",NA,NA,NA,NA
"AS Ardealul Tg. Mures (- 2018)",NA,NA,"2011","Departures","Alin Bitis","https://www.transfermarkt.com/alin-bitis/profil/spieler/147762","Attacking Midfield","30","Romania","Turnu-Severin","Liga II - Seria II","Romania",0,FALSE,NA,"Summer",NA,NA,NA,NA
"AS Ardealul Tg. Mures (- 2018)",NA,NA,"2011","Departures","Rares Vartic","https://www.transfermarkt.com/rares-vartic/profil/spieler/147818","Defensive Midfield","25","Romania","Turnu-Severin","Liga II - Seria II","Romania",0,FALSE,NA,"Summer",NA,NA,NA,NA
"AS Ardealul Tg. Mures (- 2018)",NA,NA,"2011","Departures","Marius Bălău","https://www.transfermarkt.com/marius-balau/profil/spieler/81469","Centre-Back","31","Romania","Turnu-Severin","Liga II - Seria II","Romania",0,FALSE,NA,"Summer",NA,NA,NA,NA
"AS Ardealul Tg. Mures (- 2018)",NA,NA,"2011","Departures","Lucian Cazan","https://www.transfermarkt.com/lucian-cazan/profil/spieler/64125","Centre-Back","21","Romania","Ceahlaul","SuperLiga","Romania",0,FALSE,NA,"Summer",NA,NA,NA,NA
"AS Ardealul Tg. Mures (- 2018)",NA,NA,"2011","Departures","George Petcut","https://www.transfermarkt.com/george-petcut/profil/spieler/175989","Right Midfield","24","Romania","Alba Iulia","Liga II - Seria II","Romania",0,FALSE,NA,"Summer",NA,NA,NA,NA
"AS Ardealul Tg. Mures (- 2018)",NA,NA,"2011","Departures","Cristian Munteanu","https://www.transfermarkt.com/cristian-munteanu/profil/spieler/54755","Centre-Back","30","Romania","FC Brasov","SuperLiga","Romania",NA,FALSE,"?","Summer",NA,NA,NA,NA
"AS Ardealul Tg. Mures (- 2018)",NA,NA,"2011","Departures","Mihai Stere","https://www.transfermarkt.com/mihai-stere/profil/spieler/123738","Attacking Midfield","35","Romania","Concordia","SuperLiga","Romania",NA,FALSE,"?","Summer",NA,NA,NA,NA
"AS Ardealul Tg. Mures (- 2018)",NA,NA,"2011","Departures","Remus Danalache","https://www.transfermarkt.com/remus-danalache/profil/spieler/147769","Goalkeeper","27","Romania","Vointa Sibiu","SuperLiga","Romania",NA,FALSE,"?","Summer",NA,NA,NA,NA
"AS Ardealul Tg. Mures (- 2018)",NA,NA,"2011","Departures","Vişan Creţu","https://www.transfermarkt.com/visan-cretu/profil/spieler/208788","Right-Back","23","Romania","FCV Farul","Liga 2","Romania",NA,FALSE,"?","Summer",NA,NA,NA,NA
"AS Ardealul Tg. Mures (- 2018)",NA,NA,"2011","Departures","Viorel Saim","https://www.transfermarkt.com/viorel-saim/profil/spieler/147810","Left Midfield","20","Romania","Turnu-Severin","Liga II - Seria II","Romania",NA,TRUE,"loan transfer","Summer",NA,NA,NA,NA
"AS Ardealul Tg. Mures (- 2018)",NA,NA,"2011","Departures","Salifou Fofana","https://www.transfermarkt.com/salifou-fofana/profil/spieler/212907","Centre-Forward","22","Cote d'Ivoire","Ariesul Turda","Liga II - Seria II","Romania",NA,TRUE,"loan transfer","Summer",NA,NA,NA,NA
"AS Ardealul Tg. Mures (- 2018)",NA,NA,"2011","Departures","Moussa Kalisse","https://www.transfermarkt.com/moussa-kalisse/profil/spieler/21572","Left Winger","28","Netherlands","Without Club",NA,NA,NA,FALSE,"-","Summer",4,3,0,143
"AS Ardealul Tg. Mures (- 2018)",NA,NA,"2011","Departures","Laurențiu Rus","https://www.transfermarkt.com/laurentiu-rus/profil/spieler/123289","Defensive Midfield","26","Romania","FC Dinamo","SuperLiga","Romania",NA,TRUE,"End of loan Jun 30, 2011","Summer",NA,NA,NA,NA
"AS Ardealul Tg. Mures (- 2018)",NA,NA,"2011","Departures","Lucian Raduta","https://www.transfermarkt.com/lucian-raduta/profil/spieler/53978","Centre-Forward","22","Romania","FC Rapid 1923","SuperLiga","Romania",NA,TRUE,"End of loan Jun 30, 2011","Summer",NA,NA,NA,NA
"AS Ardealul Tg. Mures (- 2018)",NA,NA,"2011","Departures","Andrei Cordoș","https://www.transfermarkt.com/andrei-cordos/profil/spieler/54729","Centre-Back","23","Romania","Frosinone","Serie C - B","Italy",NA,TRUE,"End of loan Jun 30, 2011","Summer",13,12,1,1017
"AS Ardealul Tg. Mures (- 2018)",NA,NA,"2011","Departures","Halisson","https://www.transfermarkt.com/halisson/profil/spieler/38662","Centre-Back","26","Brazil","Noroeste","Campeonato Paulista","Brazil",NA,TRUE,"End of loan Aug 1, 2011","Summer",2,2,0,175
"AS Ardealul Tg. Mures (- 2018)",NA,NA,"2011","Arrivals","Laszlo Sepsi","https://www.transfermarkt.com/laszlo-sepsi/profil/spieler/33622","Left-Back","24","Romania","Poli. Timisoara","Liga II - Seria II","Romania",0,FALSE,NA,"Winter",14,14,0,1235
"AS Ardealul Tg. Mures (- 2018)",NA,NA,"2011","Arrivals","Dragoş Firţulescu","https://www.transfermarkt.com/dragos-firtulescu/profil/spieler/48778","Left Winger","22","Romania","Alki Larnaca","Cyprus League","Cyprus",0,FALSE,NA,"Winter",12,7,0,357
"AS Ardealul Tg. Mures (- 2018)",NA,NA,"2011","Arrivals","Bogdan Apostu","https://www.transfermarkt.com/bogdan-apostu/profil/spieler/48812","Centre-Forward","29","Romania","Petrolul","SuperLiga","Romania",0,FALSE,NA,"Winter",10,8,2,414
"AS Ardealul Tg. Mures (- 2018)",NA,NA,"2011","Arrivals","Vlad Bujor","https://www.transfermarkt.com/vlad-bujor/profil/spieler/123230","Second Striker","22","Romania","Zalaegerszeg","NB I.","Hungary",0,FALSE,NA,"Winter",11,10,0,554
"AS Ardealul Tg. Mures (- 2018)",NA,NA,"2011","Arrivals","Andrei Cordoș","https://www.transfermarkt.com/andrei-cordos/profil/spieler/54729","Centre-Back","23","Romania","Frosinone","Serie C - B","Italy",0,FALSE,NA,"Winter",13,12,1,1017
"AS Ardealul Tg. Mures (- 2018)",NA,NA,"2011","Arrivals","Goran Ljubojevic","https://www.transfermarkt.com/goran-ljubojevic/profil/spieler/25600","Centre-Forward","28","Croatia","NK Osijek","SuperSport HNL","Croatia",NA,FALSE,"?","Winter",12,9,1,328
"AS Ardealul Tg. Mures (- 2018)",NA,NA,"2011","Arrivals","Sergiu Homei","https://www.transfermarkt.com/sergiu-homei/profil/spieler/48140","Right-Back","24","Romania","FC Dinamo","SuperLiga","Romania",NA,TRUE,"loan transfer","Winter",6,3,0,106
"AS Ardealul Tg. Mures (- 2018)",NA,NA,"2011","Arrivals","Giani Kiriță","https://www.transfermarkt.com/giani-kirita/profil/spieler/7065","Defensive Midfield","34","Romania","Without Club",NA,NA,NA,FALSE,"-","Winter",14,12,0,895
"AS Ardealul Tg. Mures (- 2018)",NA,NA,"2011","Arrivals","Salifou Fofana","https://www.transfermarkt.com/salifou-fofana/profil/spieler/212907","Centre-Forward","23","Cote d'Ivoire","Ariesul Turda","Liga II - Seria II","Romania",NA,TRUE,"End of loan Dec 31, 2011","Winter",NA,NA,NA,NA
"AS Ardealul Tg. Mures (- 2018)",NA,NA,"2011","Departures","Didi","https://www.transfermarkt.com/didi/profil/spieler/24733","Second Striker","29","Brazil","Otelul Galati","SuperLiga","Romania",50000,FALSE,NA,"Winter",12,11,0,620
"AS Ardealul Tg. Mures (- 2018)",NA,NA,"2011","Departures","Issa Ba","https://www.transfermarkt.com/issa-ba/profil/spieler/21160","Central Midfield","30","Senegal","Gaz Metan","SuperLiga","Romania",0,FALSE,NA,"Winter",13,12,0,983
"AS Ardealul Tg. Mures (- 2018)",NA,NA,"2011","Departures","Diego Ruiz","https://www.transfermarkt.com/diego-ruiz/profil/spieler/64435","Centre-Forward","31","Argentina","Antofagasta","Torneo Clausura","Chile",NA,FALSE,"?","Winter",10,7,0,215
"AS Ardealul Tg. Mures (- 2018)",NA,NA,"2011","Departures","Simone Cavalli","https://www.transfermarkt.com/simone-cavalli/profil/spieler/24301","Centre-Forward","32","Italy","Voghera","Serie D - B","Italy",NA,FALSE,"?","Winter",6,6,1,395
"AS Ardealul Tg. Mures (- 2018)",NA,NA,"2011","Departures","Jamal Mohammed","https://www.transfermarkt.com/jamal-mohammed/profil/spieler/56642","Central Midfield","27","Kenya","Mathare United",NA,"Kenya",NA,FALSE,"?","Winter",7,7,0,305
"AS Ardealul Tg. Mures (- 2018)",NA,NA,"2011","Departures","Alin Goia","https://www.transfermarkt.com/alin-goia/profil/spieler/208195","Goalkeeper","23","Romania","Luceafarul","Liga II - Seria II","Romania",NA,FALSE,"?","Winter",1,0,0,0
"AS Ardealul Tg. Mures (- 2018)",NA,NA,"2011","Departures","Salifou Fofana","https://www.transfermarkt.com/salifou-fofana/profil/spieler/212907","Centre-Forward","23","Cote d'Ivoire","Mangasport",NA,"Gabon",NA,FALSE,"?","Winter",NA,NA,NA,NA
"AS Ardealul Tg. Mures (- 2018)",NA,NA,"2011","Departures","Moussa Kalisse","https://www.transfermarkt.com/moussa-kalisse/profil/spieler/21572","Left Winger","28","Netherlands","Without Club",NA,NA,NA,FALSE,"-","Winter",4,3,0,143
"AS Ardealul Tg. Mures (- 2018)",NA,NA,"2011","Departures","Petre Goge","https://www.transfermarkt.com/petre-goge/profil/spieler/164737","Left-Back","20","Romania","Without Club",NA,NA,NA,FALSE,"-","Winter",8,7,0,170
"Concordia Chiajna","Liga 2","Romania","2011","Arrivals","Claudiu Dumitrescu","https://www.transfermarkt.com/claudiu-dumitrescu/profil/spieler/81479","Defensive Midfield","31","Romania","CS Otopeni","Liga 2","Romania",0,FALSE,NA,"Summer",8,7,0,387
"Concordia Chiajna","Liga 2","Romania","2011","Arrivals","Vitinha","https://www.transfermarkt.com/vitinha/profil/spieler/48662","Left-Back","25","Portugal","CS Otopeni","Liga 2","Romania",0,FALSE,NA,"Summer",14,14,1,1173
"Concordia Chiajna","Liga 2","Romania","2011","Arrivals","Yordan Gospodinov","https://www.transfermarkt.com/yordan-gospodinov/profil/spieler/26341","Goalkeeper","33","Bulgaria","Kaliakra","efbet Liga","Bulgaria",0,FALSE,NA,"Summer",19,12,0,1080
"Concordia Chiajna","Liga 2","Romania","2011","Arrivals","Vlad Munteanu","https://www.transfermarkt.com/vlad-munteanu/profil/spieler/26041","Left Midfield","30","Romania","FC Dinamo","SuperLiga","Romania",0,FALSE,NA,"Summer",26,21,1,1243
"Concordia Chiajna","Liga 2","Romania","2011","Arrivals","Alexandru Baltoi","https://www.transfermarkt.com/alexandru-baltoi/profil/spieler/26045","Centre-Forward","29","Romania","Alba Iulia","Liga II - Seria II","Romania",0,FALSE,NA,"Summer",15,15,3,1138
"Concordia Chiajna","Liga 2","Romania","2011","Arrivals","Valentin Badea","https://www.transfermarkt.com/valentin-badea/profil/spieler/43758","Centre-Forward","28","Romania","Al-Ain","UAE Pro League","United Arab Emirates",0,FALSE,NA,"Summer",3,3,1,88
"Concordia Chiajna","Liga 2","Romania","2011","Arrivals","Ilie Iordache","https://www.transfermarkt.com/ilie-iordache/profil/spieler/47877","Left Winger","26","Romania","Gloria Bistrita","Liga II - Seria II","Romania",NA,FALSE,"?","Summer",22,20,3,1102
"Concordia Chiajna","Liga 2","Romania","2011","Arrivals","Marian Chitu","https://www.transfermarkt.com/marian-chitu/profil/spieler/103521","Left Winger","24","Romania","Poli. Timisoara","Liga II - Seria II","Romania",NA,FALSE,"?","Summer",10,10,0,559
"Concordia Chiajna","Liga 2","Romania","2011","Arrivals","Mihai Stere","https://www.transfermarkt.com/mihai-stere/profil/spieler/123738","Attacking Midfield","35","Romania","ASA Tg. Mures","SuperLiga","Romania",NA,FALSE,"?","Summer",15,15,0,1125
"Concordia Chiajna","Liga 2","Romania","2011","Arrivals","Adrian Mihalcea","https://www.transfermarkt.com/adrian-mihalcea/profil/spieler/21869","Centre-Forward","35","Romania","Unirea Urziceni",NA,"Romania",NA,FALSE,"?","Summer",24,18,1,690
"Concordia Chiajna","Liga 2","Romania","2011","Arrivals","Apostol Muzac","https://www.transfermarkt.com/apostol-muzac/profil/spieler/48655","Centre-Forward","23","Romania","FCSB II",NA,"Romania",NA,FALSE,"?","Summer",26,25,0,1657
"Concordia Chiajna","Liga 2","Romania","2011","Arrivals","Yannick Salem","https://www.transfermarkt.com/yannick-salem/profil/spieler/56419","Centre-Forward","28","Congo","Telford Utd","National League","England",NA,FALSE,"?","Summer",12,12,1,689
"Concordia Chiajna","Liga 2","Romania","2011","Arrivals","Andrei Dufuor","https://www.transfermarkt.com/andrei-dufuor/profil/spieler/220990","Right Midfield","19","Romania","Dinamo II","Liga 2","Romania",NA,FALSE,"?","Summer",NA,NA,NA,NA
"Concordia Chiajna","Liga 2","Romania","2011","Arrivals","Jean-Claude Bozga","https://www.transfermarkt.com/jean-claude-bozga/profil/spieler/200467","Centre-Back","27","Romania","Petrolul","SuperLiga","Romania",NA,FALSE,"?","Summer",16,16,0,1360
"Concordia Chiajna","Liga 2","Romania","2011","Arrivals","Carlos Villa","https://www.transfermarkt.com/carlos-villa/profil/spieler/220724","Centre-Forward","24","Guatemala","CSD Municipal","Liga Guate Apertura","Guatemala",NA,FALSE,"?","Summer",0,0,0,0
"Concordia Chiajna","Liga 2","Romania","2011","Arrivals","Robert Bâră","https://www.transfermarkt.com/robert-bara/profil/spieler/207121","Attacking Midfield","23","Romania","Unirea Urziceni",NA,"Romania",NA,FALSE,"?","Summer",5,4,0,125
"Concordia Chiajna","Liga 2","Romania","2011","Arrivals","Eugen Trică","https://www.transfermarkt.com/eugen-trica/profil/spieler/26299","Attacking Midfield","35","Romania","Without Club",NA,NA,NA,FALSE,"-","Summer",5,5,0,400
"Concordia Chiajna","Liga 2","Romania","2011","Arrivals","Teodor Meila","https://www.transfermarkt.com/teodor-meila/profil/spieler/200473","Goalkeeper","18","Romania","Chiajna II",NA,"Romania",NA,FALSE,"-","Summer",2,1,0,90
"Concordia Chiajna","Liga 2","Romania","2011","Departures","Racine Diouf","https://www.transfermarkt.com/racine-diouf/profil/spieler/69632","Midfielder","26","Senegal","Metaloglobus",NA,"Romania",0,FALSE,NA,"Summer",NA,NA,NA,NA
"Concordia Chiajna","Liga 2","Romania","2011","Departures","Borfor Carr","https://www.transfermarkt.com/borfor-carr/profil/spieler/221353","Attacking Midfield","24","United States","Atlanta SC Res.",NA,"United States",0,FALSE,NA,"Summer",NA,NA,NA,NA
"Concordia Chiajna","Liga 2","Romania","2011","Departures","Adrian Raduca","https://www.transfermarkt.com/adrian-raduca/profil/spieler/287443","Centre-Forward","21","Romania","Minerul Motru",NA,"Romania",0,FALSE,NA,"Summer",NA,NA,NA,NA
"Concordia Chiajna","Liga 2","Romania","2011","Departures","Bozidar Cosic","https://www.transfermarkt.com/bozidar-cosic/profil/spieler/47102","Centre-Back","28","Serbia","Turnu-Severin","Liga II - Seria II","Romania",NA,FALSE,"?","Summer",NA,NA,NA,NA
"Concordia Chiajna","Liga 2","Romania","2011","Departures","Valentin Crețu","https://www.transfermarkt.com/valentin-cretu/profil/spieler/79507","Right-Back","22","Romania","FC Rapid 1923","SuperLiga","Romania",NA,TRUE,"loan transfer","Summer",NA,NA,NA,NA
"Concordia Chiajna","Liga 2","Romania","2011","Departures","Eugen Trică","https://www.transfermarkt.com/eugen-trica/profil/spieler/26299","Attacking Midfield","34","Romania","Without Club",NA,NA,NA,FALSE,"-","Summer",5,5,0,400
"Concordia Chiajna","Liga 2","Romania","2011","Departures","Ilie Poenaru","https://www.transfermarkt.com/ilie-poenaru/profil/spieler/46627","Right-Back","34","Romania",NA,NA,NA,NA,FALSE,"-","Summer",NA,NA,NA,NA
"Concordia Chiajna","Liga 2","Romania","2011","Departures","Laurentiu Dinita","https://www.transfermarkt.com/laurentiu-dinita/profil/spieler/26493","Centre-Forward","36","Romania",NA,NA,NA,NA,FALSE,"-","Summer",NA,NA,NA,NA
"Concordia Chiajna","Liga 2","Romania","2011","Departures","Mihai Lungan","https://www.transfermarkt.com/mihai-lungan/profil/spieler/46583","Midfielder","32","Romania","Without Club",NA,NA,NA,FALSE,"-","Summer",NA,NA,NA,NA
"Concordia Chiajna","Liga 2","Romania","2011","Departures","Marian Chitu","https://www.transfermarkt.com/marian-chitu/profil/spieler/103521","Left Winger","24","Romania","Poli. Timisoara","Liga II - Seria II","Romania",NA,TRUE,"End of loan Jun 30, 2011","Summer",10,10,0,559
"Concordia Chiajna","Liga 2","Romania","2011","Departures","Alexandru Baltoi","https://www.transfermarkt.com/alexandru-baltoi/profil/spieler/26045","Centre-Forward","29","Romania","Alba Iulia","Liga II - Seria II","Romania",NA,TRUE,"End of loan Jun 30, 2011","Summer",15,15,3,1138
"Concordia Chiajna","Liga 2","Romania","2011","Departures","Stelian Cucu","https://www.transfermarkt.com/stelian-cucu/profil/spieler/64140","Defensive Midfield","21","Romania","Dunarea Galati","Liga 2","Romania",NA,TRUE,"End of loan Jun 30, 2011","Summer",NA,NA,NA,NA
"Concordia Chiajna","Liga 2","Romania","2011","Departures","Andrei Cretu","https://www.transfermarkt.com/andrei-cretu/profil/spieler/209065","Centre-Forward","23","Romania","Rapid 1923 II",NA,"Romania",NA,TRUE,"End of loan Jun 30, 2011","Summer",NA,NA,NA,NA
"Concordia Chiajna","Liga 2","Romania","2011","Arrivals","Victoras Iacob","https://www.transfermarkt.com/victoras-iacob/profil/spieler/34757","Centre-Forward","31","Romania","Aris Saloniki","Super League 1","Greece",0,FALSE,NA,"Winter",6,3,0,76
"Concordia Chiajna","Liga 2","Romania","2011","Arrivals","Milen Lahchev","https://www.transfermarkt.com/milen-lahchev/profil/spieler/156401","Centre-Back","24","Bulgaria","Loko Sofia","efbet Liga","Bulgaria",0,FALSE,NA,"Winter",7,2,0,134
"Concordia Chiajna","Liga 2","Romania","2011","Arrivals","Aleksandar Petrovic","https://www.transfermarkt.com/aleksandar-petrovic/profil/spieler/36051","Centre-Back","28","Serbia","Petrolul","SuperLiga","Romania",0,FALSE,NA,"Winter",13,8,0,423
"Concordia Chiajna","Liga 2","Romania","2011","Arrivals","Plamen Krumov","https://www.transfermarkt.com/plamen-krumov/profil/spieler/79859","Centre-Back","26","Bulgaria","Chern. Burgas","efbet Liga","Bulgaria",0,FALSE,NA,"Winter",15,15,2,1164
"Concordia Chiajna","Liga 2","Romania","2011","Arrivals","Adi Rocha","https://www.transfermarkt.com/adi-rocha/profil/spieler/50571","Centre-Forward","26","Brazil","Energie Cottbus","2. Bundesliga","Germany",0,FALSE,NA,"Winter",15,15,8,1169
"Concordia Chiajna","Liga 2","Romania","2011","Arrivals","Paulinho","https://www.transfermarkt.com/paulinho/profil/spieler/37577","Attacking Midfield","27","Portugal","Astra Giurgiu","SuperLiga","Romania",0,FALSE,NA,"Winter",9,6,3,475
"Concordia Chiajna","Liga 2","Romania","2011","Arrivals","Guilherme","https://www.transfermarkt.com/guilherme/profil/spieler/217863","Left-Back","21","Brazil","Caxias-RS","Gauchão - 2º Turno","Brazil",0,FALSE,NA,"Winter",16,16,0,1440
"Concordia Chiajna","Liga 2","Romania","2011","Arrivals","Doru Bratu","https://www.transfermarkt.com/doru-bratu/profil/spieler/81724","Centre-Back","22","Romania","FC Snagov","Liga 2","Romania",0,FALSE,NA,"Winter",11,11,0,990
"Concordia Chiajna","Liga 2","Romania","2011","Arrivals","Valentin Badea","https://www.transfermarkt.com/valentin-badea/profil/spieler/43758","Centre-Forward","28","Romania","Al-Ain","UAE Pro League","United Arab Emirates",0,FALSE,NA,"Winter",3,3,1,88
"Concordia Chiajna","Liga 2","Romania","2011","Arrivals","Arthur Teut","https://www.transfermarkt.com/arthur-teut/profil/spieler/451513","Right Winger","16","Romania","FC Snagov","Liga 2","Romania",0,FALSE,NA,"Winter",NA,NA,NA,NA
"Concordia Chiajna","Liga 2","Romania","2011","Arrivals","Hristu Chiacu","https://www.transfermarkt.com/hristu-chiacu/profil/spieler/41623","Right Midfield","25","Romania","FC Dinamo","SuperLiga","Romania",NA,FALSE,"?","Winter",0,0,0,0
"Concordia Chiajna","Liga 2","Romania","2011","Arrivals","Viorel Dinu","https://www.transfermarkt.com/viorel-dinu/profil/spieler/213710","Centre-Forward","31","Romania","FC Snagov","Liga 2","Romania",NA,FALSE,"?","Winter",13,13,4,867
"Concordia Chiajna","Liga 2","Romania","2011","Arrivals","Roberto Iancu","https://www.transfermarkt.com/roberto-iancu/profil/spieler/25934","Defensive Midfield","29","Romania","FC Snagov","Liga 2","Romania",NA,FALSE,"?","Winter",11,8,0,329
"Concordia Chiajna","Liga 2","Romania","2011","Arrivals","Idan Baruch","https://www.transfermarkt.com/idan-baruch/profil/spieler/200302","Goalkeeper","21","Israel","FC Snagov","Liga 2","Romania",NA,FALSE,"?","Winter",8,2,0,135
"Concordia Chiajna","Liga 2","Romania","2011","Arrivals","Lucian Filip","https://www.transfermarkt.com/lucian-filip/profil/spieler/60880","Defensive Midfield","21","Romania","FCSB","SuperLiga","Romania",NA,TRUE,"loan transfer","Winter",16,16,3,1440
"Concordia Chiajna","Liga 2","Romania","2011","Arrivals","Alex Gonçalves","https://www.transfermarkt.com/alex-goncalves/profil/spieler/85312","Centre-Forward","21","Brazil","Fluminense U20",NA,"Brazil",NA,TRUE,"loan transfer","Winter",15,15,4,917
"Concordia Chiajna","Liga 2","Romania","2011","Arrivals","Adrian Popa","https://www.transfermarkt.com/adrian-popa/profil/spieler/214091","Centre-Back","21","Romania","FC Dinamo","SuperLiga","Romania",NA,TRUE,"loan transfer","Winter",12,5,0,351
"Concordia Chiajna","Liga 2","Romania","2011","Arrivals","Adrian Popa","https://www.transfermarkt.com/adrian-popa/profil/spieler/214091","Centre-Back","21","Romania","FC Dinamo","SuperLiga","Romania",NA,TRUE,"loan transfer","Winter",31,31,4,2473
"Concordia Chiajna","Liga 2","Romania","2011","Departures","Alexandru Baltoi","https://www.transfermarkt.com/alexandru-baltoi/profil/spieler/26045","Centre-Forward","29","Romania","Rapid G.","Divizia Nationala (-2017)","Moldova",0,FALSE,NA,"Winter",15,15,3,1138
"Concordia Chiajna","Liga 2","Romania","2011","Departures","Valentin Badea","https://www.transfermarkt.com/valentin-badea/profil/spieler/43758","Centre-Forward","29","Romania","Farul Constanta","Liga 2","Romania",0,FALSE,NA,"Winter",3,3,1,88
"Concordia Chiajna","Liga 2","Romania","2011","Departures","Sorin Pana","https://www.transfermarkt.com/sorin-pana/profil/spieler/81493","Central Midfield","30","Romania","CS Otopeni","Liga 2","Romania",0,FALSE,NA,"Winter",13,13,1,760
"Concordia Chiajna","Liga 2","Romania","2011","Departures","Alin Stoica","https://www.transfermarkt.com/alin-stoica/profil/spieler/200477","Centre-Back","24","Romania","CS Otopeni","Liga 2","Romania",0,FALSE,NA,"Winter",12,11,0,848
"Concordia Chiajna","Liga 2","Romania","2011","Departures","Claudiu Dumitrescu","https://www.transfermarkt.com/claudiu-dumitrescu/profil/spieler/81479","Defensive Midfield","32","Romania","CS Otopeni","Liga 2","Romania",0,FALSE,NA,"Winter",8,7,0,387
"Concordia Chiajna","Liga 2","Romania","2011","Departures","Ciprian Iliescu","https://www.transfermarkt.com/ciprian-iliescu/profil/spieler/204186","Attacking Midfield","28","Romania","CS Otopeni","Liga 2","Romania",0,FALSE,NA,"Winter",7,6,1,291
"Concordia Chiajna","Liga 2","Romania","2011","Departures","Alin Pătrașcu","https://www.transfermarkt.com/alin-patrascu/profil/spieler/287438","Left Midfield","22","Romania","ACS Berceni",NA,"Romania",0,FALSE,NA,"Winter",NA,NA,NA,NA
"Concordia Chiajna","Liga 2","Romania","2011","Departures","Stefan Lisandru","https://www.transfermarkt.com/stefan-lisandru/profil/spieler/223201","Centre-Back","20","Romania","FC Arges","Liga II - Seria II","Romania",0,FALSE,NA,"Winter",NA,NA,NA,NA
"Concordia Chiajna","Liga 2","Romania","2011","Departures","Vitinha","https://www.transfermarkt.com/vitinha/profil/spieler/48662","Left-Back","25","Portugal","Ludogorets","efbet Liga","Bulgaria",NA,FALSE,"?","Winter",14,14,1,1173
"Concordia Chiajna","Liga 2","Romania","2011","Departures","Mihai Stere","https://www.transfermarkt.com/mihai-stere/profil/spieler/123738","Attacking Midfield","36","Romania","FC Brasov-SR",NA,"Romania",NA,FALSE,"?","Winter",15,15,0,1125
"Concordia Chiajna","Liga 2","Romania","2011","Departures","Carlos Villa","https://www.transfermarkt.com/carlos-villa/profil/spieler/220724","Centre-Forward","25","Guatemala","Antigua GFC",NA,"Guatemala",NA,FALSE,"?","Winter",0,0,0,0
"Concordia Chiajna","Liga 2","Romania","2011","Departures","Marian Neagu","https://www.transfermarkt.com/marian-neagu/profil/spieler/200474","Right Midfield","20","Romania","Metaloglobus",NA,"Romania",NA,TRUE,"loan transfer","Winter",NA,NA,NA,NA
"Concordia Chiajna","Liga 2","Romania","2011","Departures","Andrei Dufuor","https://www.transfermarkt.com/andrei-dufuor/profil/spieler/220990","Right Midfield","19","Romania","FC Snagov","Liga 2","Romania",NA,TRUE,"loan transfer","Winter",NA,NA,NA,NA
"Concordia Chiajna","Liga 2","Romania","2011","Departures","Jean-Claude Bozga","https://www.transfermarkt.com/jean-claude-bozga/profil/spieler/200467","Centre-Back","27","Romania","Without Club",NA,NA,NA,FALSE,"-","Winter",16,16,0,1360
"Concordia Chiajna","Liga 2","Romania","2011","Departures","Yannick Salem","https://www.transfermarkt.com/yannick-salem/profil/spieler/56419","Centre-Forward","28","Congo","Without Club",NA,NA,NA,FALSE,"-","Winter",12,12,1,689
"Concordia Chiajna","Liga 2","Romania","2011","Departures","Petre Marin","https://www.transfermarkt.com/petre-marin/profil/spieler/26498","Left-Back","38","Romania",NA,NA,NA,NA,FALSE,"-","Winter",15,15,0,1145
"Concordia Chiajna","Liga 2","Romania","2011","Departures","Robert Bâră","https://www.transfermarkt.com/robert-bara/profil/spieler/207121","Attacking Midfield","24","Romania","Without Club",NA,NA,NA,FALSE,"-","Winter",5,4,0,125
"Concordia Chiajna","Liga 2","Romania","2011","Departures","Eugen Trică","https://www.transfermarkt.com/eugen-trica/profil/spieler/26299","Attacking Midfield","35","Romania",NA,NA,NA,NA,FALSE,"-","Winter",5,5,0,400
"CSM Ceahlaul Piatra Neamt","Liga 2","Romania","2011","Arrivals","Bojan Jovic","https://www.transfermarkt.com/bojan-jovic/profil/spieler/39789","Goalkeeper","29","Serbia","FK Sarajevo","Premijer Liga BiH","Bosnia-Herzegovina",15000,FALSE,NA,"Summer",23,18,0,1620
"CSM Ceahlaul Piatra Neamt","Liga 2","Romania","2011","Arrivals","Igor Radovanovic","https://www.transfermarkt.com/igor-radovanovic/profil/spieler/46388","Centre-Forward","25","Bosnia-Herzegovina","Slavija S.","Premijer Liga BiH","Bosnia-Herzegovina",0,FALSE,NA,"Summer",6,5,0,207
"CSM Ceahlaul Piatra Neamt","Liga 2","Romania","2011","Arrivals","Daniel Stana","https://www.transfermarkt.com/daniel-stana/profil/spieler/200476","Attacking Midfield","28","Romania","CS Otopeni","Liga 2","Romania",0,FALSE,NA,"Summer",33,33,5,2902
"CSM Ceahlaul Piatra Neamt","Liga 2","Romania","2011","Arrivals","Denis Omerbegovic","https://www.transfermarkt.com/denis-omerbegovic/profil/spieler/16994","Centre-Forward","25","Germany","Karlsruher SC","2. Bundesliga","Germany",0,FALSE,NA,"Summer",9,8,0,344
"CSM Ceahlaul Piatra Neamt","Liga 2","Romania","2011","Arrivals","Lucian Cazan","https://www.transfermarkt.com/lucian-cazan/profil/spieler/64125","Centre-Back","21","Romania","ASA Tg. Mures","SuperLiga","Romania",0,FALSE,NA,"Summer",31,30,1,2699
"CSM Ceahlaul Piatra Neamt","Liga 2","Romania","2011","Arrivals","Edmar","https://www.transfermarkt.com/edmar/profil/spieler/172261","Centre-Forward","27","Brazil","Feirense","Liga Portugal","Portugal",0,FALSE,NA,"Summer",2,2,0,25
"CSM Ceahlaul Piatra Neamt","Liga 2","Romania","2011","Arrivals","Lucas García","https://www.transfermarkt.com/lucas-garcia/profil/spieler/200470","Left Winger","23","Argentina","Guaraní A. F.",NA,"Argentina",0,FALSE,NA,"Summer",9,9,1,616
"CSM Ceahlaul Piatra Neamt","Liga 2","Romania","2011","Arrivals","Andrei Pavel","https://www.transfermarkt.com/andrei-pavel/profil/spieler/210372","Centre-Forward","18","Romania","Unknown",NA,NA,NA,FALSE,"?","Summer",8,7,1,162
"CSM Ceahlaul Piatra Neamt","Liga 2","Romania","2011","Arrivals","Hristu Chiacu","https://www.transfermarkt.com/hristu-chiacu/profil/spieler/41623","Right Midfield","24","Romania","FC Dinamo","SuperLiga","Romania",NA,TRUE,"loan transfer","Summer",7,7,0,275
"CSM Ceahlaul Piatra Neamt","Liga 2","Romania","2011","Arrivals","Cristian Muscalu","https://www.transfermarkt.com/cristian-muscalu/profil/spieler/67145","Attacking Midfield","21","Romania","Without Club",NA,NA,NA,FALSE,"-","Summer",15,15,1,792
"CSM Ceahlaul Piatra Neamt","Liga 2","Romania","2011","Arrivals","Aitor Monroy","https://www.transfermarkt.com/aitor-monroy/profil/spieler/71986","Central Midfield","23","Spain","Without Club",NA,NA,NA,FALSE,"-","Summer",32,32,0,2726
"CSM Ceahlaul Piatra Neamt","Liga 2","Romania","2011","Departures","Constantin Ferariu","https://www.transfermarkt.com/constantin-ferariu/profil/spieler/124145","Right-Back","24","Romania","Callatis","Liga 2","Romania",0,FALSE,NA,"Summer",NA,NA,NA,NA
"CSM Ceahlaul Piatra Neamt","Liga 2","Romania","2011","Departures","Gabriel Cruceru","https://www.transfermarkt.com/gabriel-cruceru/profil/spieler/242275","Right Midfield","22","Romania","Jiul Petrosani",NA,"Romania",0,FALSE,NA,"Summer",NA,NA,NA,NA
"CSM Ceahlaul Piatra Neamt","Liga 2","Romania","2011","Departures","Slavisa Jeremic","https://www.transfermarkt.com/slavisa-jeremic/profil/spieler/36004","Left Midfield","28","Serbia","Mladost","Prva liga Srbije","Serbia",NA,FALSE,"?","Summer",NA,NA,NA,NA
"CSM Ceahlaul Piatra Neamt","Liga 2","Romania","2011","Departures","Andrei Rohetki","https://www.transfermarkt.com/andrei-rohetki/profil/spieler/123731","Goalkeeper","25","Romania","FC Botosani","Liga 2","Romania",NA,FALSE,"?","Summer",NA,NA,NA,NA
"CSM Ceahlaul Piatra Neamt","Liga 2","Romania","2011","Departures","Fabbron","https://www.transfermarkt.com/fabbron/profil/spieler/70421","Attacking Midfield","22","Brazil","Zimbru Chisinau","Divizia Nationala (-2017)","Moldova",NA,TRUE,"loan transfer","Summer",2,1,0,8
"CSM Ceahlaul Piatra Neamt","Liga 2","Romania","2011","Departures","Gabriel Tudosa","https://www.transfermarkt.com/gabriel-tudosa/profil/spieler/97533","Centre-Forward","23","Romania","Callatis","Liga 2","Romania",NA,TRUE,"loan transfer","Summer",NA,NA,NA,NA
"CSM Ceahlaul Piatra Neamt","Liga 2","Romania","2011","Departures","George Sofroni","https://www.transfermarkt.com/george-sofroni/profil/spieler/69447","Left Midfield","20","Romania","Callatis","Liga 2","Romania",NA,TRUE,"loan transfer","Summer",NA,NA,NA,NA
"CSM Ceahlaul Piatra Neamt","Liga 2","Romania","2011","Departures","Radu Miron","https://www.transfermarkt.com/radu-miron/profil/spieler/97526","Left Midfield","20","Romania","Callatis","Liga 2","Romania",NA,TRUE,"loan transfer","Summer",NA,NA,NA,NA
"CSM Ceahlaul Piatra Neamt","Liga 2","Romania","2011","Departures","Daniel Vadrariu","https://www.transfermarkt.com/daniel-vadrariu/profil/spieler/132218","Left Midfield","21","Romania","FC Dinamo","SuperLiga","Romania",NA,TRUE,"End of loan Jun 30, 2011","Summer",NA,NA,NA,NA
"CSM Ceahlaul Piatra Neamt","Liga 2","Romania","2011","Departures","Baptiste Faye","https://www.transfermarkt.com/baptiste-faye/profil/spieler/130565","Centre-Forward","23","Senegal","GD Interclube",NA,"Angola",NA,TRUE,"End of loan Jun 30, 2011","Summer",NA,NA,NA,NA
"CSM Ceahlaul Piatra Neamt","Liga 2","Romania","2011","Arrivals","Bojan Golubovic","https://www.transfermarkt.com/bojan-golubovic/profil/spieler/37290","Centre-Forward","28","Serbia","RNK Split","SuperSport HNL","Croatia",0,FALSE,NA,"Winter",16,16,10,1420
"CSM Ceahlaul Piatra Neamt","Liga 2","Romania","2011","Arrivals","Dudu Drugă","https://www.transfermarkt.com/dudu-druga/profil/spieler/218298","Left-Back","21","Romania","CSM Roman",NA,"Romania",0,FALSE,NA,"Winter",11,4,0,319
"CSM Ceahlaul Piatra Neamt","Liga 2","Romania","2011","Arrivals","Mădălin Popa","https://www.transfermarkt.com/madalin-popa/profil/spieler/58731","Centre-Back","29","Romania","CSM Roman",NA,"Romania",NA,FALSE,"?","Winter",12,6,0,128
"CSM Ceahlaul Piatra Neamt","Liga 2","Romania","2011","Arrivals","Eros Corradini","https://www.transfermarkt.com/eros-corradini/profil/spieler/54903","Goalkeeper","22","Italy","Como","Serie C - A","Italy",NA,FALSE,"?","Winter",NA,NA,NA,NA
"CSM Ceahlaul Piatra Neamt","Liga 2","Romania","2011","Arrivals","Martin Jicha","https://www.transfermarkt.com/martin-jicha/profil/spieler/143945","Goalkeeper","21","Czech Republic","Without Club",NA,NA,NA,FALSE,"-","Winter",2,0,0,0
"CSM Ceahlaul Piatra Neamt","Liga 2","Romania","2011","Arrivals","Fabbron","https://www.transfermarkt.com/fabbron/profil/spieler/70421","Attacking Midfield","22","Brazil","Zimbru Chisinau","Divizia Nationala (-2017)","Moldova",NA,TRUE,"End of loan Dec 31, 2011","Winter",2,1,0,8
"CSM Ceahlaul Piatra Neamt","Liga 2","Romania","2011","Arrivals","Gabriel Tudosa","https://www.transfermarkt.com/gabriel-tudosa/profil/spieler/97533","Centre-Forward","23","Romania","Callatis","Liga 2","Romania",NA,TRUE,"End of loan Dec 1, 2011","Winter",NA,NA,NA,NA
"CSM Ceahlaul Piatra Neamt","Liga 2","Romania","2011","Arrivals","George Sofroni","https://www.transfermarkt.com/george-sofroni/profil/spieler/69447","Left Midfield","20","Romania","Callatis","Liga 2","Romania",NA,TRUE,"End of loan Dec 1, 2011","Winter",NA,NA,NA,NA
"CSM Ceahlaul Piatra Neamt","Liga 2","Romania","2011","Departures","Daniel Barna","https://www.transfermarkt.com/daniel-barna/profil/spieler/55275","Left-Back","25","Romania","Rapid G.","Divizia Nationala (-2017)","Moldova",0,FALSE,NA,"Winter",17,17,1,1530
"CSM Ceahlaul Piatra Neamt","Liga 2","Romania","2011","Departures","Eugeniu Cebotaru","https://www.transfermarkt.com/eugeniu-cebotaru/profil/spieler/48820","Central Midfield","27","Moldova","Spartak Nalchik",NA,"Russia",0,FALSE,NA,"Winter",16,15,2,1141
"CSM Ceahlaul Piatra Neamt","Liga 2","Romania","2011","Departures","Fabbron","https://www.transfermarkt.com/fabbron/profil/spieler/70421","Attacking Midfield","22","Brazil","Real Cartagena","Liga DIMAYOR II","Colombia",NA,FALSE,"?","Winter",2,1,0,8
"CSM Ceahlaul Piatra Neamt","Liga 2","Romania","2011","Departures","Igor Radovanovic","https://www.transfermarkt.com/igor-radovanovic/profil/spieler/46388","Centre-Forward","26","Bosnia-Herzegovina","NK Domzale","Prva Liga","Slovenia",NA,FALSE,"?","Winter",6,5,0,207
"CSM Ceahlaul Piatra Neamt","Liga 2","Romania","2011","Departures","Gabriel Tudosa","https://www.transfermarkt.com/gabriel-tudosa/profil/spieler/97533","Centre-Forward","23","Romania","Cetatea Tg. Nt.",NA,"Romania",NA,TRUE,"loan transfer","Winter",NA,NA,NA,NA
"CSM Ceahlaul Piatra Neamt","Liga 2","Romania","2011","Departures","Alexandru Hărăguță","https://www.transfermarkt.com/alexandru-haraguta/profil/spieler/97524","Goalkeeper","22","Romania","Cetatea Tg. Nt.",NA,"Romania",NA,TRUE,"loan transfer","Winter",1,0,0,0
"CSM Ceahlaul Piatra Neamt","Liga 2","Romania","2011","Departures","Florin Nohai","https://www.transfermarkt.com/florin-nohai/profil/spieler/46611","Right-Back","30","Romania","Without Club",NA,NA,NA,FALSE,"-","Winter",7,5,0,348
"CSM Ceahlaul Piatra Neamt","Liga 2","Romania","2011","Departures","George Sofroni","https://www.transfermarkt.com/george-sofroni/profil/spieler/69447","Left Midfield","20","Romania","Ceahlaul II",NA,"Romania",NA,FALSE,"-","Winter",NA,NA,NA,NA
"CSM Ceahlaul Piatra Neamt","Liga 2","Romania","2011","Departures","Denis Omerbegovic","https://www.transfermarkt.com/denis-omerbegovic/profil/spieler/16994","Centre-Forward","25","Germany","Without Club",NA,NA,NA,FALSE,"-","Winter",9,8,0,344
"CSM Ceahlaul Piatra Neamt","Liga 2","Romania","2011","Departures","Edmar","https://www.transfermarkt.com/edmar/profil/spieler/172261","Centre-Forward","27","Brazil","Without Club",NA,NA,NA,FALSE,"-","Winter",2,2,0,25
"CSM Ceahlaul Piatra Neamt","Liga 2","Romania","2011","Departures","Hristu Chiacu","https://www.transfermarkt.com/hristu-chiacu/profil/spieler/41623","Right Midfield","25","Romania","FC Dinamo","SuperLiga","Romania",NA,TRUE,"End of loan Dec 1, 2011","Winter",7,7,0,275
"FC Sportul Studențesc Bucharest",NA,NA,"2011","Arrivals","Valentin Lazăr","https://www.transfermarkt.com/valentin-lazar/profil/spieler/200621","Left Winger","21","Romania","CS Brazi",NA,"Romania",50000,FALSE,NA,"Summer",32,32,4,2479
"FC Sportul Studențesc Bucharest",NA,NA,"2011","Arrivals","Constantin Nistor","https://www.transfermarkt.com/constantin-nistor/profil/spieler/204400","Attacking Midfield","19","Romania","FC Snagov","Liga 2","Romania",0,FALSE,NA,"Summer",25,25,3,1218
"FC Sportul Studențesc Bucharest",NA,NA,"2011","Arrivals","Răzvan Popa","https://www.transfermarkt.com/razvan-popa/profil/spieler/220851","Centre-Back","14","Romania","FCSB U21",NA,"Romania",0,FALSE,NA,"Summer",4,2,0,8
"FC Sportul Studențesc Bucharest",NA,NA,"2011","Arrivals","Dacian Varga","https://www.transfermarkt.com/dacian-varga/profil/spieler/64252","Left Midfield","26","Romania","Kuban Krasnodar","Premier Liga","Russia",NA,TRUE,"End of loan Jun 30, 2011","Summer",NA,NA,NA,NA
"FC Sportul Studențesc Bucharest",NA,NA,"2011","Arrivals","Catalin Samoila","https://www.transfermarkt.com/catalin-samoila/profil/spieler/64075","Goalkeeper","21","Romania","Delta Tulcea","Liga 2","Romania",NA,TRUE,"End of loan Jun 30, 2011","Summer",1,0,0,0
"FC Sportul Studențesc Bucharest",NA,NA,"2011","Departures","Dacian Varga","https://www.transfermarkt.com/dacian-varga/profil/spieler/64252","Left Midfield","26","Romania","Kuban Krasnodar",NA,"Russia",5e+05,TRUE,NA,"Summer",NA,NA,NA,NA
"FC Sportul Studențesc Bucharest",NA,NA,"2011","Departures","Tiberiu Bălan","https://www.transfermarkt.com/tiberiu-balan/profil/spieler/64101","Attacking Midfield","30","Romania","FCSB","SuperLiga","Romania",0,FALSE,NA,"Summer",5,5,0,420
"FC Sportul Studențesc Bucharest",NA,NA,"2011","Departures","Andrei Popescu","https://www.transfermarkt.com/andrei-popescu/profil/spieler/64223","Goalkeeper","27","Romania","Bihor Oradea","Liga II - Seria II","Romania",0,FALSE,NA,"Summer",17,13,0,1170
"FC Sportul Studențesc Bucharest",NA,NA,"2011","Departures","Marius Postolache","https://www.transfermarkt.com/marius-postolache/profil/spieler/35433","Right Midfield","27","Romania","Delta Tulcea","Liga 2","Romania",0,FALSE,NA,"Summer",NA,NA,NA,NA
"FC Sportul Studențesc Bucharest",NA,NA,"2011","Departures","Costin Gheorghe","https://www.transfermarkt.com/costin-gheorghe/profil/spieler/64165","Right Winger","22","Romania","Gaz Metan","SuperLiga","Romania",0,FALSE,NA,"Summer",NA,NA,NA,NA
"FC Sportul Studențesc Bucharest",NA,NA,"2011","Departures","Andrei Truta","https://www.transfermarkt.com/andrei-truta/profil/spieler/179720","Centre-Forward","20","Romania","Dinamo II","Liga 2","Romania",0,FALSE,NA,"Summer",6,5,0,128
"FC Sportul Studențesc Bucharest",NA,NA,"2011","Departures","Valentin Negru","https://www.transfermarkt.com/valentin-negru/profil/spieler/35439","Central Midfield","28","Romania","Petrolul","SuperLiga","Romania",NA,FALSE,"?","Summer",NA,NA,NA,NA
"FC Sportul Studențesc Bucharest",NA,NA,"2011","Departures","Octavian Chihaia","https://www.transfermarkt.com/octavian-chihaia/profil/spieler/25929","Centre-Forward","30","Romania","Unknown",NA,NA,NA,FALSE,"?","Summer",NA,NA,NA,NA
"FC Sportul Studențesc Bucharest",NA,NA,"2011","Departures","Liviu Rusu","https://www.transfermarkt.com/liviu-rusu/profil/spieler/46640","Left-Back","30","Romania","Turnu-Severin","Liga II - Seria II","Romania",NA,FALSE,"?","Summer",NA,NA,NA,NA
"FC Sportul Studențesc Bucharest",NA,NA,"2011","Arrivals","Sorin Ciobanu","https://www.transfermarkt.com/sorin-ciobanu/profil/spieler/220861","Centre-Back","22","Romania","CS Brazi",NA,"Romania",50000,FALSE,NA,"Winter",14,8,0,624
"FC Sportul Studențesc Bucharest",NA,NA,"2011","Arrivals","Daniel Novac","https://www.transfermarkt.com/daniel-novac/profil/spieler/156372","Central Midfield","24","Romania","Otelul Galati","SuperLiga","Romania",0,FALSE,NA,"Winter",16,16,0,1259
"FC Sportul Studențesc Bucharest",NA,NA,"2011","Arrivals","Cristian Ciubotariu","https://www.transfermarkt.com/cristian-ciubotariu/profil/spieler/46519","Left Winger","31","Romania","Delta Tulcea","Liga 2","Romania",0,FALSE,NA,"Winter",6,1,0,12
"FC Sportul Studențesc Bucharest",NA,NA,"2011","Arrivals","Ionuț Șerban","https://www.transfermarkt.com/ionut-serban/profil/spieler/217891","Central Midfield","15","Romania","CS Brazi",NA,"Romania",0,FALSE,NA,"Winter",12,8,0,420
"FC Sportul Studențesc Bucharest",NA,NA,"2011","Arrivals","Cezar Lungu","https://www.transfermarkt.com/cezar-lungu/profil/spieler/102288","Goalkeeper","23","Romania","Astra Giurgiu","SuperLiga","Romania",NA,TRUE,"loan transfer","Winter",16,16,0,1440
"FC Sportul Studențesc Bucharest",NA,NA,"2011","Arrivals","Stelian Stancu","https://www.transfermarkt.com/stelian-stancu/profil/spieler/45487","Right-Back","30","Romania","Without Club",NA,NA,NA,FALSE,"-","Winter",7,6,1,342
"FC Sportul Studențesc Bucharest",NA,NA,"2011","Arrivals","George Mares","https://www.transfermarkt.com/george-mares/profil/spieler/222297","Centre-Forward","15","Romania","S. Student. U19",NA,"Romania",NA,FALSE,"-","Winter",4,3,0,65
"FC Sportul Studențesc Bucharest",NA,NA,"2011","Arrivals","Dacian Varga","https://www.transfermarkt.com/dacian-varga/profil/spieler/64252","Left Midfield","27","Romania","Kuban Krasnodar",NA,"Russia",NA,TRUE,"End of loan Dec 31, 2011","Winter",NA,NA,NA,NA
"FC Sportul Studențesc Bucharest",NA,NA,"2011","Departures","Raul Ciupe","https://www.transfermarkt.com/raul-ciupe/profil/spieler/64129","Right-Back","27","Romania","FC Brasov","SuperLiga","Romania",0,FALSE,NA,"Winter",NA,NA,NA,NA
"FC Sportul Studențesc Bucharest",NA,NA,"2011","Departures","Vladimir Niculescu","https://www.transfermarkt.com/vladimir-niculescu/profil/spieler/64207","Goalkeeper","24","Romania","Gloria Bistrita","Liga II - Seria II","Romania",0,FALSE,NA,"Winter",0,0,0,0
"FC Sportul Studențesc Bucharest",NA,NA,"2011","Departures","Adrian Viciu","https://www.transfermarkt.com/adrian-viciu/profil/spieler/156654","Goalkeeper","21","Romania","FC Caransebes",NA,"Romania",0,FALSE,NA,"Winter",0,0,0,0
"FC Sportul Studențesc Bucharest",NA,NA,"2011","Departures","Catalin Samoila","https://www.transfermarkt.com/catalin-samoila/profil/spieler/64075","Goalkeeper","21","Romania","Luceafarul","Liga II - Seria II","Romania",0,FALSE,NA,"Winter",1,0,0,0
"FC Sportul Studențesc Bucharest",NA,NA,"2011","Departures","Ionut Vreme","https://www.transfermarkt.com/ionut-vreme/profil/spieler/252193","Goalkeeper","19","Romania","V. Domnesti",NA,"Romania",0,FALSE,NA,"Winter",NA,NA,NA,NA
"FC Sportul Studențesc Bucharest",NA,NA,"2011","Departures","Marius Nae","https://www.transfermarkt.com/marius-nae/profil/spieler/48770","Attacking Midfield","30","Romania","Daco-Getica","Liga II - Seria II","Romania",NA,FALSE,"?","Winter",2,1,0,21
"FC Sportul Studențesc Bucharest",NA,NA,"2011","Departures","Florentin Cruceru","https://www.transfermarkt.com/florentin-cruceru/profil/spieler/46527","Central Midfield","30","Romania","Daco-Getica","Liga II - Seria II","Romania",NA,FALSE,"?","Winter",0,0,0,0
"FC Sportul Studențesc Bucharest",NA,NA,"2011","Departures","Florin Maxim","https://www.transfermarkt.com/florin-maxim/profil/spieler/48768","Left-Back","30","Romania","Without Club",NA,NA,NA,FALSE,"-","Winter",18,18,2,1550
"CS Mioveni",NA,NA,"2011","Arrivals","Nicolae Dică","https://www.transfermarkt.com/nicolae-dica/profil/spieler/15004","Second Striker","31","Romania","Catania","Serie A","Italy",0,FALSE,NA,"Summer",15,15,1,1072
"CS Mioveni",NA,NA,"2011","Arrivals","Ciprian Tanasa","https://www.transfermarkt.com/ciprian-tanasa/profil/spieler/46661","Centre-Forward","30","Romania","Metalurg D.","Premier Liga","Ukraine",0,FALSE,NA,"Summer",15,15,3,1051
"CS Mioveni",NA,NA,"2011","Arrivals","Mihai Dina","https://www.transfermarkt.com/mihai-dina/profil/spieler/47575","Centre-Forward","25","Romania","FC U Craiova",NA,"Romania",0,FALSE,NA,"Summer",13,11,1,540
"CS Mioveni",NA,NA,"2011","Arrivals","Ionuț Voicu","https://www.transfermarkt.com/ionut-voicu/profil/spieler/46677","Right-Back","26","Romania","FC Brasov","SuperLiga","Romania",0,FALSE,NA,"Summer",27,26,0,2061
"CS Mioveni",NA,NA,"2011","Arrivals","Cristian Haisan","https://www.transfermarkt.com/cristian-haisan/profil/spieler/46558","Goalkeeper","30","Romania","FC Brasov","SuperLiga","Romania",0,FALSE,NA,"Summer",7,7,0,660
"CS Mioveni",NA,NA,"2011","Arrivals","Adrian Neaga","https://www.transfermarkt.com/adrian-neaga/profil/spieler/26499","Centre-Forward","32","Romania","Volyn Lutsk","Premier Liga","Ukraine",0,FALSE,NA,"Summer",22,21,0,1167
"CS Mioveni",NA,NA,"2011","Arrivals","George Neagu","https://www.transfermarkt.com/george-neagu/profil/spieler/64068","Left-Back","26","Romania","Pandurii ","SuperLiga","Romania",0,FALSE,NA,"Summer",9,8,0,621
"CS Mioveni",NA,NA,"2011","Arrivals","Valentin Coca","https://www.transfermarkt.com/valentin-coca/profil/spieler/48711","Goalkeeper","24","Romania","FC Arges","Liga II - Seria II","Romania",0,FALSE,NA,"Summer",10,6,0,540
"CS Mioveni",NA,NA,"2011","Arrivals","Alexandru Mandea","https://www.transfermarkt.com/alexandru-mandea/profil/spieler/132216","Central Midfield","22","Romania","Gloria Bistrita","Liga II - Seria II","Romania",0,FALSE,NA,"Summer",14,8,0,295
"CS Mioveni",NA,NA,"2011","Arrivals","Catalin Cretu","https://www.transfermarkt.com/catalin-cretu/profil/spieler/208585","Centre-Back","22","Romania","Corvinul",NA,"Romania",0,FALSE,NA,"Summer",3,3,0,207
"CS Mioveni",NA,NA,"2011","Arrivals","Andrei Mărgăritescu","https://www.transfermarkt.com/andrei-margaritescu/profil/spieler/26040","Defensive Midfield","31","Romania","FC Dinamo","SuperLiga","Romania",NA,FALSE,"?","Summer",16,16,0,1349
"CS Mioveni",NA,NA,"2011","Arrivals","Adrian Iordache","https://www.transfermarkt.com/adrian-iordache/profil/spieler/26038","Centre-Back","30","Romania","Khazar Lankaran","Premyer Liqa","Azerbaijan",NA,FALSE,"?","Summer",21,18,1,1432
"CS Mioveni",NA,NA,"2011","Arrivals","Vasile Gheorghe","https://www.transfermarkt.com/vasile-gheorghe/profil/spieler/123316","Central Midfield","25","Romania","U Cluj","SuperLiga","Romania",NA,TRUE,"loan transfer","Summer",16,16,2,1254
"CS Mioveni",NA,NA,"2011","Arrivals","Eugen Craciun","https://www.transfermarkt.com/eugen-craciun/profil/spieler/48666","Right-Back","25","Romania","FC Dinamo","SuperLiga","Romania",NA,TRUE,"loan transfer","Summer",26,18,0,1443
"CS Mioveni",NA,NA,"2011","Arrivals","Leonard Naidin","https://www.transfermarkt.com/leonard-naidin/profil/spieler/26042","Attacking Midfield","31","Romania","Without Club",NA,NA,NA,FALSE,"-","Summer",17,15,0,1153
"CS Mioveni",NA,NA,"2011","Departures","Sebastian Sfarlea","https://www.transfermarkt.com/sebastian-sfarlea/profil/spieler/47502","Left Midfield","29","Romania","Bihor Oradea","Liga II - Seria II","Romania",0,FALSE,NA,"Summer",NA,NA,NA,NA
"CS Mioveni",NA,NA,"2011","Departures","Constantin Bumbac","https://www.transfermarkt.com/constantin-bumbac/profil/spieler/58353","Centre-Back","27","Romania","Alba Iulia","Liga II - Seria II","Romania",0,FALSE,NA,"Summer",NA,NA,NA,NA
"CS Mioveni",NA,NA,"2011","Departures","Mitică Moșteanu","https://www.transfermarkt.com/mitica-mosteanu/profil/spieler/324898","Right-Back","30","Romania","FC Caracal",NA,"Romania",0,FALSE,NA,"Summer",NA,NA,NA,NA
"CS Mioveni",NA,NA,"2011","Departures","David Andrei","https://www.transfermarkt.com/david-andrei/profil/spieler/213194","Left Midfield","19","Romania","FC Olt Slatina","Liga II - Seria II","Romania",0,FALSE,NA,"Summer",NA,NA,NA,NA
"CS Mioveni",NA,NA,"2011","Departures","Georgian Mormolea","https://www.transfermarkt.com/georgian-mormolea/profil/spieler/213484","Right-Back","19","Romania","FC Olt Slatina","Liga II - Seria II","Romania",0,FALSE,NA,"Summer",NA,NA,NA,NA
"CS Mioveni",NA,NA,"2011","Departures","Iulian Vladu","https://www.transfermarkt.com/iulian-vladu/profil/spieler/56212","Left-Back","29","Romania","ACSM Poli Iasi","Liga 2","Romania",NA,FALSE,"?","Summer",1,1,0,70
"CS Mioveni",NA,NA,"2011","Departures","Daniel Stan","https://www.transfermarkt.com/daniel-stan/profil/spieler/47469","Left Winger","32","Romania","Gloria Bistrita","Liga II - Seria II","Romania",NA,FALSE,"?","Summer",NA,NA,NA,NA
"CS Mioveni",NA,NA,"2011","Departures","Razvan Huzuneanu","https://www.transfermarkt.com/razvan-huzuneanu/profil/spieler/213688","Midfielder","25","Romania","Callatis","Liga 2","Romania",NA,FALSE,"?","Summer",NA,NA,NA,NA
"CS Mioveni",NA,NA,"2011","Departures","Romeo Stancu","https://www.transfermarkt.com/romeo-stancu/profil/spieler/35442","Left Midfield","33","Romania",NA,NA,NA,NA,FALSE,"-","Summer",NA,NA,NA,NA
"CS Mioveni",NA,NA,"2011","Departures","Alexandru Ciucur","https://www.transfermarkt.com/alexandru-ciucur/profil/spieler/123302","Left Winger","21","Romania","Pandurii ","SuperLiga","Romania",NA,TRUE,"End of loan Jun 30, 2011","Summer",NA,NA,NA,NA
"CS Mioveni",NA,NA,"2011","Arrivals","Cosmin Nastasie","https://www.transfermarkt.com/cosmin-nastasie/profil/spieler/46604","Centre-Forward","28","Romania","FC Arges","Liga II - Seria II","Romania",20000,FALSE,NA,"Winter",15,15,3,1139
"CS Mioveni",NA,NA,"2011","Arrivals","Adrian Voiculet","https://www.transfermarkt.com/adrian-voiculet/profil/spieler/64256","Centre-Forward","26","Romania","FC Brasov","SuperLiga","Romania",0,FALSE,NA,"Winter",9,9,0,339
"CS Mioveni",NA,NA,"2011","Arrivals","Radu Barbu","https://www.transfermarkt.com/radu-barbu/profil/spieler/73797","Centre-Back","22","Romania","Petrolul","SuperLiga","Romania",0,FALSE,NA,"Winter",13,5,0,243
"CS Mioveni",NA,NA,"2011","Arrivals","Sorin Ispir","https://www.transfermarkt.com/sorin-ispir/profil/spieler/156824","Central Midfield","23","Romania","FC Dinamo","SuperLiga","Romania",NA,TRUE,"loan transfer","Winter",8,8,0,718
"CS Mioveni",NA,NA,"2011","Arrivals","Nicolae Zuluf","https://www.transfermarkt.com/nicolae-zuluf/profil/spieler/157031","Left Midfield","23","Romania","Dinamo II","Liga 2","Romania",NA,TRUE,"loan transfer","Winter",8,8,1,582
"CS Mioveni",NA,NA,"2011","Departures","Nicolae Dică","https://www.transfermarkt.com/nicolae-dica/profil/spieler/15004","Second Striker","31","Romania","FCV Farul","Liga 2","Romania",0,FALSE,NA,"Winter",15,15,1,1072
"CS Mioveni",NA,NA,"2011","Departures","Ciprian Tanasa","https://www.transfermarkt.com/ciprian-tanasa/profil/spieler/46661","Centre-Forward","30","Romania","Alki Larnaca","Cyprus League","Cyprus",0,FALSE,NA,"Winter",15,15,3,1051
"CS Mioveni",NA,NA,"2011","Departures","Mihai Dina","https://www.transfermarkt.com/mihai-dina/profil/spieler/47575","Centre-Forward","26","Romania","Petrolul","SuperLiga","Romania",0,FALSE,NA,"Winter",13,11,1,540
"CS Mioveni",NA,NA,"2011","Departures","Cristian Haisan","https://www.transfermarkt.com/cristian-haisan/profil/spieler/46558","Goalkeeper","30","Romania","ACSM Poli Iasi","Liga 2","Romania",0,FALSE,NA,"Winter",7,7,0,660
"CS Mioveni",NA,NA,"2011","Departures","George Neagu","https://www.transfermarkt.com/george-neagu/profil/spieler/64068","Left-Back","26","Romania","UTA Arad","Liga II - Seria II","Romania",0,FALSE,NA,"Winter",9,8,0,621
"CS Mioveni",NA,NA,"2011","Departures","Iulian Mihai Ilie","https://www.transfermarkt.com/iulian-mihai-ilie/profil/spieler/56157","Goalkeeper","39","Romania",NA,NA,NA,0,FALSE,NA,"Winter",NA,NA,NA,NA
"CS Mioveni",NA,NA,"2011","Departures","Marius Antoche","https://www.transfermarkt.com/marius-antoche/profil/spieler/226545","Centre-Back","19","Romania","CS Otopeni","Liga 2","Romania",NA,FALSE,"?","Winter",0,0,0,0
"CS Mioveni",NA,NA,"2011","Departures","Vasile Gheorghe","https://www.transfermarkt.com/vasile-gheorghe/profil/spieler/123316","Central Midfield","26","Romania","U Cluj","SuperLiga","Romania",NA,TRUE,"End of loan Dec 31, 2011","Winter",16,16,2,1254
"CSU Vointa Sibiu ( - 2012)",NA,NA,"2011","Arrivals","Bogdan Miron","https://www.transfermarkt.com/bogdan-miron/profil/spieler/124621","Goalkeeper","29","Romania","Astra Giurgiu","SuperLiga","Romania",0,FALSE,NA,"Summer",26,24,0,2118
"CSU Vointa Sibiu ( - 2012)",NA,NA,"2011","Arrivals","Darko Lukanovic","https://www.transfermarkt.com/darko-lukanovic/profil/spieler/18784","Centre-Forward","27","Sweden","Bunkeflo","Ettan Södra","Sweden",0,FALSE,NA,"Summer",20,20,1,1319
"CSU Vointa Sibiu ( - 2012)",NA,NA,"2011","Arrivals","Andrei Tinc","https://www.transfermarkt.com/andrei-tinc/profil/spieler/200624","Centre-Back","26","Romania","UTA Arad","Liga II - Seria II","Romania",0,FALSE,NA,"Summer",20,16,1,1258
"CSU Vointa Sibiu ( - 2012)",NA,NA,"2011","Arrivals","Marius Zavoi","https://www.transfermarkt.com/marius-zavoi/profil/spieler/168291","Goalkeeper","25","Romania","Unknown",NA,NA,0,FALSE,NA,"Summer",9,3,0,270
"CSU Vointa Sibiu ( - 2012)",NA,NA,"2011","Arrivals","Cătălin Căbuz","https://www.transfermarkt.com/catalin-cabuz/profil/spieler/315442","Goalkeeper","15","Romania","Academia Hagi",NA,"Romania",0,FALSE,NA,"Summer",NA,NA,NA,NA
"CSU Vointa Sibiu ( - 2012)",NA,NA,"2011","Arrivals","Razvan Dalbea","https://www.transfermarkt.com/razvan-dalbea/profil/spieler/123263","Central Midfield","29","Romania","Sageata Navodar","Liga 2","Romania",NA,FALSE,"?","Summer",29,29,1,2551
"CSU Vointa Sibiu ( - 2012)",NA,NA,"2011","Arrivals","Sergiu Bar","https://www.transfermarkt.com/sergiu-bar/profil/spieler/156362","Centre-Back","31","Romania","Vic. Branesti","Liga 2","Romania",NA,FALSE,"?","Summer",20,16,0,1346
"CSU Vointa Sibiu ( - 2012)",NA,NA,"2011","Arrivals","Remus Danalache","https://www.transfermarkt.com/remus-danalache/profil/spieler/147769","Goalkeeper","27","Romania","ASA Tg. Mures","SuperLiga","Romania",NA,FALSE,"?","Summer",19,11,0,970
"CSU Vointa Sibiu ( - 2012)",NA,NA,"2011","Arrivals","Cristian Cigan","https://www.transfermarkt.com/cristian-cigan/profil/spieler/26046","Centre-Forward","24","Romania","Bihor Oradea","Liga II - Seria II","Romania",NA,FALSE,"?","Summer",21,19,0,712
"CSU Vointa Sibiu ( - 2012)",NA,NA,"2011","Arrivals","Cornel Coman","https://www.transfermarkt.com/cornel-coman/profil/spieler/156367","Centre-Forward","29","Romania","Vic. Branesti","Liga 2","Romania",NA,FALSE,"?","Summer",11,11,1,437
"CSU Vointa Sibiu ( - 2012)",NA,NA,"2011","Arrivals","Casian Maghici","https://www.transfermarkt.com/casian-maghici/profil/spieler/57481","Defender","27","Romania","Vic. Branesti","Liga 2","Romania",NA,FALSE,"?","Summer",20,17,0,1215
"CSU Vointa Sibiu ( - 2012)",NA,NA,"2011","Arrivals","Paul Somodean","https://www.transfermarkt.com/paul-somodean/profil/spieler/200623","Centre-Back","27","Romania","Dunarea Galati","Liga 2","Romania",NA,FALSE,"?","Summer",1,1,0,120
"CSU Vointa Sibiu ( - 2012)",NA,NA,"2011","Arrivals","Ionuț Matei","https://www.transfermarkt.com/ionut-matei/profil/spieler/48366","Right Midfield","26","Romania","Poli. Timisoara","Liga II - Seria II","Romania",NA,TRUE,"loan transfer","Summer",7,7,0,327
"CSU Vointa Sibiu ( - 2012)",NA,NA,"2011","Arrivals","Eduard Nicola","https://www.transfermarkt.com/eduard-nicola/profil/spieler/157023","Left-Back","28","Romania","U Cluj","SuperLiga","Romania",NA,TRUE,"loan transfer","Summer",23,22,0,1400
"CSU Vointa Sibiu ( - 2012)",NA,NA,"2011","Arrivals","Andrei Antohi","https://www.transfermarkt.com/andrei-antohi/profil/spieler/64096","Second Striker","22","Romania","Pandurii ","SuperLiga","Romania",NA,TRUE,"loan transfer","Summer",22,18,0,791
"CSU Vointa Sibiu ( - 2012)",NA,NA,"2011","Departures","Cristian Hardău","https://www.transfermarkt.com/cristian-hardau/profil/spieler/168275","Striker","32","Romania","Jiul Petrosani",NA,"Romania",0,FALSE,NA,"Summer",3,3,0,157
"CSU Vointa Sibiu ( - 2012)",NA,NA,"2011","Departures","Valentin Bordea","https://www.transfermarkt.com/valentin-bordea/profil/spieler/213197","Goalkeeper","23","Romania","FC Olt Slatina","Liga II - Seria II","Romania",0,FALSE,NA,"Summer",NA,NA,NA,NA
"CSU Vointa Sibiu ( - 2012)",NA,NA,"2011","Departures","Adrian Cîrstean","https://www.transfermarkt.com/adrian-cirstean/profil/spieler/524151","Centre-Forward","20","Romania","FC Olt Slatina","Liga II - Seria II","Romania",0,FALSE,NA,"Summer",NA,NA,NA,NA
"CSU Vointa Sibiu ( - 2012)",NA,NA,"2011","Departures","Philipp Hallmen","https://www.transfermarkt.com/philipp-hallmen/profil/spieler/168274","Centre-Forward","19","Romania","FC Olt Slatina","Liga II - Seria II","Romania",NA,TRUE,"loan transfer","Summer",NA,NA,NA,NA
"CSU Vointa Sibiu ( - 2012)",NA,NA,"2011","Departures","Sergiu Dani","https://www.transfermarkt.com/sergiu-dani/profil/spieler/185710","Goalkeeper","18","Romania","ACSM Poli Iasi","Liga 2","Romania",NA,TRUE,"loan transfer","Summer",NA,NA,NA,NA
"CSU Vointa Sibiu ( - 2012)",NA,NA,"2011","Arrivals","Marius Postolache","https://www.transfermarkt.com/marius-postolache/profil/spieler/35433","Right Midfield","27","Romania","Delta Tulcea","Liga 2","Romania",0,FALSE,NA,"Winter",10,8,0,297
"CSU Vointa Sibiu ( - 2012)",NA,NA,"2011","Arrivals","Darko Lukanovic","https://www.transfermarkt.com/darko-lukanovic/profil/spieler/18784","Centre-Forward","27","Sweden","Bunkeflo","Ettan Södra","Sweden",0,FALSE,NA,"Winter",20,20,1,1319
"CSU Vointa Sibiu ( - 2012)",NA,NA,"2011","Arrivals","Ciprian Straut","https://www.transfermarkt.com/ciprian-straut/profil/spieler/186087","Attacking Midfield","29","Romania","Ariesul Turda","Liga II - Seria II","Romania",0,FALSE,NA,"Winter",11,4,0,228
"CSU Vointa Sibiu ( - 2012)",NA,NA,"2011","Arrivals","Andrei Zagrean","https://www.transfermarkt.com/andrei-zagrean/profil/spieler/132435","Centre-Forward","25","Romania","Poli. Timisoara","Liga II - Seria II","Romania",NA,TRUE,"loan transfer","Winter",14,12,4,815
"CSU Vointa Sibiu ( - 2012)",NA,NA,"2011","Arrivals","Romulus Miclea","https://www.transfermarkt.com/romulus-miclea/profil/spieler/47498","Right Midfield","31","Romania","Gaz Metan","SuperLiga","Romania",NA,TRUE,"loan transfer","Winter",8,8,1,336
"CSU Vointa Sibiu ( - 2012)",NA,NA,"2011","Arrivals","Sergiu Dani","https://www.transfermarkt.com/sergiu-dani/profil/spieler/185710","Goalkeeper","19","Romania","ACSM Poli Iasi","Liga 2","Romania",NA,TRUE,"End of loan Dec 1, 2011","Winter",NA,NA,NA,NA
"CSU Vointa Sibiu ( - 2012)",NA,NA,"2011","Departures","Cornel Coman","https://www.transfermarkt.com/cornel-coman/profil/spieler/156367","Centre-Forward","30","Romania","FC Brasov-SR",NA,"Romania",0,FALSE,NA,"Winter",11,11,1,437
"CSU Vointa Sibiu ( - 2012)",NA,NA,"2011","Departures","Paul Somodean","https://www.transfermarkt.com/paul-somodean/profil/spieler/200623","Centre-Back","28","Romania","CS Otopeni","Liga 2","Romania",0,FALSE,NA,"Winter",1,1,0,120
"CSU Vointa Sibiu ( - 2012)",NA,NA,"2011","Departures","Alexandru Martinescu","https://www.transfermarkt.com/alexandru-martinescu/profil/spieler/197671","Centre-Forward","26","Romania","Gloria Buzau","Liga 2","Romania",NA,FALSE,"?","Winter",8,8,1,429
"CSU Vointa Sibiu ( - 2012)",NA,NA,"2011","Departures","Istvan Szabo","https://www.transfermarkt.com/istvan-szabo/profil/spieler/243847","Second Striker","24","Romania","FC Cisnadie",NA,"Romania",NA,TRUE,"loan transfer","Winter",2,2,0,49
"CSU Vointa Sibiu ( - 2012)",NA,NA,"2011","Departures","Sergiu Dani","https://www.transfermarkt.com/sergiu-dani/profil/spieler/185710","Goalkeeper","19","Romania","FC Cisnadie",NA,"Romania",NA,TRUE,"loan transfer","Winter",NA,NA,NA,NA
"CSU Vointa Sibiu ( - 2012)",NA,NA,"2011","Departures","Ionuț Matei","https://www.transfermarkt.com/ionut-matei/profil/spieler/48366","Right Midfield","27","Romania","Poli. Timisoara","Liga II - Seria II","Romania",NA,TRUE,"End of loan Dec 31, 2011","Winter",7,7,0,327
