"team_name","league","country","season","transfer_type","player_name","player_url","player_position","player_age","player_nationality","club_2","league_2","country_2","transfer_fee","is_loan","transfer_notes","window","in_squad","appearances","goals","minutes_played"
"FCSB","SuperLiga","Romania","2014","Arrivals","Nicandro Breeveld","https://www.transfermarkt.com/nicandro-breeveld/profil/spieler/53222","Defensive Midfield","27","Suriname","Pandurii ","SuperLiga","Romania",5e+05,FALSE,NA,"Summer",43,37,1,2515
"FCSB","SuperLiga","Romania","2014","Arrivals","Alin Toșca","https://www.transfermarkt.com/alin-tosca/profil/spieler/148004","Centre-Back","22","Romania","FCV Farul","SuperLiga","Romania",4e+05,FALSE,NA,"Summer",39,24,1,1998
"FCSB","SuperLiga","Romania","2014","Arrivals","Srdjan Luchin","https://www.transfermarkt.com/srdjan-luchin/profil/spieler/58720","Centre-Back","28","Romania","Botev Plovdiv","efbet Liga","Bulgaria",2e+05,FALSE,NA,"Summer",35,17,0,1337
"FCSB","SuperLiga","Romania","2014","Arrivals","Valentin Lemnaru","https://www.transfermarkt.com/valentin-lemnaru/profil/spieler/48690","Centre-Forward","30","Romania","U Cluj","SuperLiga","Romania",2e+05,FALSE,NA,"Summer",1,1,0,20
"FCSB","SuperLiga","Romania","2014","Arrivals","Giedrius Arlauskis","https://www.transfermarkt.com/giedrius-arlauskis/profil/spieler/69001","Goalkeeper","26","Lithuania","Rubin Kazan","Premier Liga","Russia",0,FALSE,NA,"Summer",46,40,0,3577
"FCSB","SuperLiga","Romania","2014","Arrivals","Alexandru Bourceanu","https://www.transfermarkt.com/alexandru-bourceanu/profil/spieler/64118","Defensive Midfield","29","Romania","Trabzonspor","Süper Lig","Türkiye",NA,TRUE,"loan transfer","Summer",20,18,0,906
"FCSB","SuperLiga","Romania","2014","Arrivals","Raul Rusescu","https://www.transfermarkt.com/raul-rusescu/profil/spieler/81433","Centre-Forward","26","Romania","Sevilla FC","LaLiga","Spain",NA,TRUE,"loan transfer","Summer",33,33,13,1718
"FCSB","SuperLiga","Romania","2014","Arrivals","Paul Papp","https://www.transfermarkt.com/paul-papp/profil/spieler/112552","Centre-Back","24","Romania","Chievo Verona","Serie A","Italy",NA,TRUE,"loan transfer","Summer",35,34,2,2754
"FCSB","SuperLiga","Romania","2014","Arrivals","Mihai Onicas","https://www.transfermarkt.com/mihai-onicas/profil/spieler/115242","Defensive Midfield","24","Romania","ASA Tg. Mures","Liga II - Seria II","Romania",NA,TRUE,"End of loan Jun 30, 2014","Summer",NA,NA,NA,NA
"FCSB","SuperLiga","Romania","2014","Arrivals","Iulian Roșu","https://www.transfermarkt.com/iulian-rosu/profil/spieler/186742","Central Midfield","20","Romania","Ac. Clinceni","Liga 2","Romania",NA,TRUE,"End of loan Jun 30, 2014","Summer",NA,NA,NA,NA
"FCSB","SuperLiga","Romania","2014","Arrivals","Valeriu Lupu","https://www.transfermarkt.com/valeriu-lupu/profil/spieler/147996","Left-Back","23","Romania","Sageata Navodar","SuperLiga","Romania",NA,TRUE,"End of loan Jun 30, 2014","Summer",NA,NA,NA,NA
"FCSB","SuperLiga","Romania","2014","Departures","Florin Gardoș","https://www.transfermarkt.com/florin-gardos/profil/spieler/57423","Centre-Back","25","Romania","Southampton","Premier League","England",6800000,FALSE,NA,"Summer",NA,NA,NA,NA
"FCSB","SuperLiga","Romania","2014","Departures","Mihai Pintilii","https://www.transfermarkt.com/mihai-pintilii/profil/spieler/48890","Defensive Midfield","29","Romania","Al-Hilal","Saudi Pro League","Saudi Arabia",2400000,FALSE,NA,"Summer",NA,NA,NA,NA
"FCSB","SuperLiga","Romania","2014","Departures","Ciprian Tătărușanu","https://www.transfermarkt.com/ciprian-tatarusanu/profil/spieler/55282","Goalkeeper","28","Romania","Fiorentina","Serie A","Italy",0,FALSE,NA,"Summer",NA,NA,NA,NA
"FCSB","SuperLiga","Romania","2014","Departures","Valentin Lemnaru","https://www.transfermarkt.com/valentin-lemnaru/profil/spieler/48690","Centre-Forward","30","Romania","U Cluj","SuperLiga","Romania",0,FALSE,NA,"Summer",1,1,0,20
"FCSB","SuperLiga","Romania","2014","Departures","Pantelis Kapetanos","https://www.transfermarkt.com/pantelis-kapetanos/profil/spieler/15432","Centre-Forward","31","Greece","AO Xanthi","Super League 1","Greece",0,FALSE,NA,"Summer",NA,NA,NA,NA
"FCSB","SuperLiga","Romania","2014","Departures","Mihai Răduț","https://www.transfermarkt.com/mihai-radut/profil/spieler/96850","Left Winger","24","Romania","Pandurii ","SuperLiga","Romania",0,FALSE,NA,"Summer",NA,NA,NA,NA
"FCSB","SuperLiga","Romania","2014","Departures","Martin Bogatinov","https://www.transfermarkt.com/martin-bogatinov/profil/spieler/26303","Goalkeeper","28","North Macedonia","Ermis Aradippou","Cyprus League","Cyprus",0,FALSE,NA,"Summer",NA,NA,NA,NA
"FCSB","SuperLiga","Romania","2014","Departures","Mihai Onicas","https://www.transfermarkt.com/mihai-onicas/profil/spieler/115242","Defensive Midfield","24","Romania","Olimpia SM","Liga II - Seria II","Romania",0,FALSE,NA,"Summer",NA,NA,NA,NA
"FCSB","SuperLiga","Romania","2014","Departures","Iulian Roșu","https://www.transfermarkt.com/iulian-rosu/profil/spieler/186742","Central Midfield","20","Romania","FC Rapid 1923","SuperLiga","Romania",0,FALSE,NA,"Summer",NA,NA,NA,NA
"FCSB","SuperLiga","Romania","2014","Departures","Răzvan Grădinaru","https://www.transfermarkt.com/razvan-gradinaru/profil/spieler/289256","Right-Back","19","Romania","Otelul Galati","SuperLiga","Romania",NA,TRUE,"loan transfer","Summer",7,4,0,157
"FCSB","SuperLiga","Romania","2014","Departures","Alexandru Tarnovan","https://www.transfermarkt.com/alexandru-tarnovan/profil/spieler/262028","Right Winger","18","Romania","Gaz Metan","SuperLiga","Romania",NA,TRUE,"loan transfer","Summer",NA,NA,NA,NA
"FCSB","SuperLiga","Romania","2014","Departures","Alexandru Aldea","https://www.transfermarkt.com/alexandru-aldea/profil/spieler/289231","Centre-Back","19","Romania","Fortuna PC","Liga II - Seria II","Romania",NA,TRUE,"loan transfer","Summer",3,1,0,90
"FCSB","SuperLiga","Romania","2014","Departures","Daniel Georgievski","https://www.transfermarkt.com/daniel-georgievski/profil/spieler/47615","Right-Back","26","North Macedonia","Without Club",NA,NA,NA,FALSE,"-","Summer",NA,NA,NA,NA
"FCSB","SuperLiga","Romania","2014","Departures","Federico Piovaccari","https://www.transfermarkt.com/federico-piovaccari/profil/spieler/44514","Centre-Forward","29","Italy","Sampdoria","Serie A","Italy",NA,TRUE,"End of loan Jun 30, 2014","Summer",NA,NA,NA,NA
"FCSB","SuperLiga","Romania","2014","Arrivals","Paul Papp","https://www.transfermarkt.com/paul-papp/profil/spieler/112552","Centre-Back","25","Romania","Chievo Verona","Serie A","Italy",5e+05,FALSE,NA,"Winter",35,34,2,2754
"FCSB","SuperLiga","Romania","2014","Arrivals","Rareș Enceanu","https://www.transfermarkt.com/rares-enceanu/profil/spieler/221811","Central Midfield","20","Romania","FC Brasov","SuperLiga","Romania",250000,FALSE,NA,"Winter",8,3,0,120
"FCSB","SuperLiga","Romania","2014","Arrivals","Gabriel Tamaș","https://www.transfermarkt.com/gabriel-tamas/profil/spieler/6893","Centre-Back","31","Romania","Watford","Championship","England",0,FALSE,NA,"Winter",18,13,0,893
"FCSB","SuperLiga","Romania","2014","Arrivals","Guilherme","https://www.transfermarkt.com/guilherme/profil/spieler/217863","Left-Back","24","Brazil","Petrolul","SuperLiga","Romania",0,FALSE,NA,"Winter",22,18,0,1453
"FCSB","SuperLiga","Romania","2014","Arrivals","Robert Lică","https://www.transfermarkt.com/robert-lica/profil/spieler/272613","Central Midfield","17","Romania","ACS Poli","Liga II - Seria II","Romania",0,FALSE,NA,"Winter",NA,NA,NA,NA
"FCSB","SuperLiga","Romania","2014","Arrivals","George Țucudean","https://www.transfermarkt.com/george-tucudean/profil/spieler/130345","Centre-Forward","23","Romania","Charlton","Championship","England",NA,TRUE,"loan transfer","Winter",22,21,5,1140
"FCSB","SuperLiga","Romania","2014","Arrivals","Alexandru Aldea","https://www.transfermarkt.com/alexandru-aldea/profil/spieler/289231","Centre-Back","19","Romania","Fortuna PC","Liga II - Seria II","Romania",NA,TRUE,"End of loan Feb 1, 2015","Winter",3,1,0,90
"FCSB","SuperLiga","Romania","2014","Departures","Claudiu Keșerü","https://www.transfermarkt.com/claudiu-keseru/profil/spieler/25115","Centre-Forward","28","Romania","Al-Gharafa","Stars League","Qatar",2400000,FALSE,NA,"Winter",32,29,19,2091
"FCSB","SuperLiga","Romania","2014","Departures","Lukasz Szukala","https://www.transfermarkt.com/lukasz-szukala/profil/spieler/19081","Centre-Back","30","Poland","Al-Ittihad","Saudi Pro League","Saudi Arabia",6e+05,FALSE,NA,"Winter",30,28,4,2489
"FCSB","SuperLiga","Romania","2014","Departures","Lucian Sânmărtean","https://www.transfermarkt.com/lucian-sanmartean/profil/spieler/9733","Central Midfield","34","Romania","Al-Ittihad","Saudi Pro League","Saudi Arabia",4e+05,FALSE,NA,"Winter",29,27,4,2113
"FCSB","SuperLiga","Romania","2014","Departures","Paul Pârvulescu","https://www.transfermarkt.com/paul-parvulescu/profil/spieler/81494","Left-Back","26","Romania","FCV Farul","SuperLiga","Romania",NA,TRUE,"loan transfer","Winter",20,11,0,576
"FCSB","SuperLiga","Romania","2014","Departures","Gabriel Matei","https://www.transfermarkt.com/gabriel-matei/profil/spieler/131882","Right-Back","24","Romania","FC Brasov","SuperLiga","Romania",NA,TRUE,"loan transfer","Winter",3,2,0,117
"FCSB","SuperLiga","Romania","2014","Departures","Alexandru Aldea","https://www.transfermarkt.com/alexandru-aldea/profil/spieler/289231","Centre-Back","19","Romania","Ceahlaul","SuperLiga","Romania",NA,TRUE,"loan transfer","Winter",3,1,0,90
"FCSB","SuperLiga","Romania","2014","Departures","Mihai Costea","https://www.transfermarkt.com/mihai-costea/profil/spieler/47572","Centre-Forward","26","Romania","Without Club",NA,NA,NA,FALSE,"-","Winter",NA,NA,NA,NA
"FCSB","SuperLiga","Romania","2014","Departures","Paul Papp","https://www.transfermarkt.com/paul-papp/profil/spieler/112552","Centre-Back","25","Romania","Chievo Verona","Serie A","Italy",NA,TRUE,"End of loan Dec 31, 2014","Winter",35,34,2,2754
"Astra Giurgiu (- 2024)",NA,NA,"2014","Arrivals","Laurențiu Rus","https://www.transfermarkt.com/laurentiu-rus/profil/spieler/123289","Defensive Midfield","29","Romania","FC Dinamo","SuperLiga","Romania",0,FALSE,NA,"Summer",40,25,1,1374
"Astra Giurgiu (- 2024)",NA,NA,"2014","Arrivals","Elliot Grandin","https://www.transfermarkt.com/elliot-grandin/profil/spieler/56785","Attacking Midfield","26","France","Blackpool","Championship","England",0,FALSE,NA,"Summer",13,5,1,117
"Astra Giurgiu (- 2024)",NA,NA,"2014","Arrivals","Nuno Pinto","https://www.transfermarkt.com/nuno-pinto/profil/spieler/48206","Left-Back","27","Portugal","SK Tavriya",NA,"Ukraine",0,FALSE,NA,"Summer",11,7,0,273
"Astra Giurgiu (- 2024)",NA,NA,"2014","Arrivals","Aurelian Chițu","https://www.transfermarkt.com/aurelian-chitu/profil/spieler/164236","Centre-Forward","23","Romania","Valenciennes FC","Ligue 2","France",0,FALSE,NA,"Summer",24,16,1,596
"Astra Giurgiu (- 2024)",NA,NA,"2014","Arrivals","George Florescu","https://www.transfermarkt.com/george-florescu/profil/spieler/45341","Defensive Midfield","30","Romania","Dynamo Moscow","Premier Liga","Russia",0,FALSE,NA,"Summer",34,28,1,1662
"Astra Giurgiu (- 2024)",NA,NA,"2014","Arrivals","Giannis Arampatzis","https://www.transfermarkt.com/giannis-arampatzis/profil/spieler/9847","Goalkeeper","30","Greece","Ermis Aradippou","Cyprus League","Cyprus",0,FALSE,NA,"Summer",13,1,0,90
"Astra Giurgiu (- 2024)",NA,NA,"2014","Arrivals","Cristian Oroș","https://www.transfermarkt.com/cristian-oros/profil/spieler/64215","Centre-Back","29","Romania","Goverla","Premier Liga","Ukraine",0,FALSE,NA,"Summer",48,39,1,3358
"Astra Giurgiu (- 2024)",NA,NA,"2014","Arrivals","Vasilios Pliatsikas","https://www.transfermarkt.com/vasilios-pliatsikas/profil/spieler/34186","Centre-Back","26","Greece","Metalurg D.","Premier Liga","Ukraine",0,FALSE,NA,"Summer",24,20,0,1652
"Astra Giurgiu (- 2024)",NA,NA,"2014","Arrivals","Alassane Touré","https://www.transfermarkt.com/alassane-toure/profil/spieler/77740","Centre-Back","25","France","Lens","Ligue 1","France",0,FALSE,NA,"Summer",8,3,0,225
"Astra Giurgiu (- 2024)",NA,NA,"2014","Arrivals","Joãozinho","https://www.transfermarkt.com/joaozinho/profil/spieler/138651","Left-Back","25","Portugal","SC Braga","Liga Portugal","Portugal",NA,TRUE,"loan transfer","Summer",10,6,1,487
"Astra Giurgiu (- 2024)",NA,NA,"2014","Arrivals","Romario Moise","https://www.transfermarkt.com/romario-moise/profil/spieler/390844","Attacking Midfield","18","Romania","Astra Giur. U19",NA,"Romania",NA,FALSE,"-","Summer",NA,NA,NA,NA
"Astra Giurgiu (- 2024)",NA,NA,"2014","Arrivals","Kehinde Fatai","https://www.transfermarkt.com/kehinde-fatai/profil/spieler/73951","Centre-Forward","24","Nigeria","Club Brugge","Jupiler Pro League","Belgium",NA,TRUE,"End of loan Jun 30, 2014","Summer",32,32,14,1815
"Astra Giurgiu (- 2024)",NA,NA,"2014","Arrivals","Alexandru Țigănașu","https://www.transfermarkt.com/alexandru-tiganasu/profil/spieler/177661","Left-Back","24","Romania","ACSM Poli Iasi","Liga 2","Romania",NA,TRUE,"End of loan Jun 30, 2014","Summer",2,0,0,0
"Astra Giurgiu (- 2024)",NA,NA,"2014","Departures","Laurențiu Iorga","https://www.transfermarkt.com/laurentiu-iorga/profil/spieler/59694","Right Winger","26","Romania","Pandurii ","SuperLiga","Romania",2e+05,FALSE,NA,"Summer",NA,NA,NA,NA
"Astra Giurgiu (- 2024)",NA,NA,"2014","Departures","Mirko Ivanovski","https://www.transfermarkt.com/mirko-ivanovski/profil/spieler/66241","Centre-Forward","24","North Macedonia","CFR Cluj","SuperLiga","Romania",1e+05,FALSE,NA,"Summer",NA,NA,NA,NA
"Astra Giurgiu (- 2024)",NA,NA,"2014","Departures","Karim Yoda","https://www.transfermarkt.com/karim-yoda/profil/spieler/61464","Right Winger","25","France","Getafe","LaLiga","Spain",0,FALSE,NA,"Summer",NA,NA,NA,NA
"Astra Giurgiu (- 2024)",NA,NA,"2014","Departures","Andrei Muresan","https://www.transfermarkt.com/andrei-muresan/profil/spieler/57228","Centre-Back","28","Romania","FC Sheriff","Divizia Nationala (-2017)","Moldova",0,FALSE,NA,"Summer",NA,NA,NA,NA
"Astra Giurgiu (- 2024)",NA,NA,"2014","Departures","Alexandru Țigănașu","https://www.transfermarkt.com/alexandru-tiganasu/profil/spieler/177661","Left-Back","24","Romania","ACSM Poli Iasi","SuperLiga","Romania",0,FALSE,NA,"Summer",2,0,0,0
"Astra Giurgiu (- 2024)",NA,NA,"2014","Departures","Ștefan Popescu","https://www.transfermarkt.com/stefan-popescu/profil/spieler/129248","Left-Back","21","Romania","Cagliari","Serie A","Italy",0,FALSE,NA,"Summer",NA,NA,NA,NA
"Astra Giurgiu (- 2024)",NA,NA,"2014","Departures","Alassane Touré","https://www.transfermarkt.com/alassane-toure/profil/spieler/77740","Centre-Back","25","France","Without Club",NA,NA,NA,FALSE,"-","Summer",8,3,0,225
"Astra Giurgiu (- 2024)",NA,NA,"2014","Departures","Dănuț Coman","https://www.transfermarkt.com/danut-coman/profil/spieler/34501","Goalkeeper","36","Romania",NA,NA,NA,NA,FALSE,"-","Summer",25,2,0,180
"Astra Giurgiu (- 2024)",NA,NA,"2014","Departures","Yazalde","https://www.transfermarkt.com/yazalde/profil/spieler/56014","Centre-Forward","25","Portugal","SC Braga","Liga Portugal","Portugal",NA,TRUE,"End of loan Jun 30, 2014","Summer",NA,NA,NA,NA
"Astra Giurgiu (- 2024)",NA,NA,"2014","Departures","Paul Papp","https://www.transfermarkt.com/paul-papp/profil/spieler/112552","Centre-Back","24","Romania","Chievo Verona","Serie A","Italy",NA,TRUE,"End of loan Jun 30, 2014","Summer",NA,NA,NA,NA
"Astra Giurgiu (- 2024)",NA,NA,"2014","Arrivals","Hubert Wolakiewicz","https://www.transfermarkt.com/hubert-wolakiewicz/profil/spieler/24525","Centre-Back","29","Poland","Lech Poznan","Ekstraklasa","Poland",0,FALSE,NA,"Winter",2,1,0,24
"Astra Giurgiu (- 2024)",NA,NA,"2014","Arrivals","Iulian Roșu","https://www.transfermarkt.com/iulian-rosu/profil/spieler/186742","Central Midfield","20","Romania","FC Rapid 1923","SuperLiga","Romania",0,FALSE,NA,"Winter",8,5,0,170
"Astra Giurgiu (- 2024)",NA,NA,"2014","Arrivals","Toni Gorupec","https://www.transfermarkt.com/toni-gorupec/profil/spieler/131314","Right-Back","21","Croatia","NK Lokomotiva","SuperSport HNL","Croatia",NA,FALSE,"?","Winter",15,12,0,1064
"Astra Giurgiu (- 2024)",NA,NA,"2014","Arrivals","Danu Spataru","https://www.transfermarkt.com/danu-spataru/profil/spieler/167505","Left Winger","20","Moldova","Zimbru Chisinau","Divizia Nationala (-2017)","Moldova",NA,TRUE,"loan transfer","Winter",11,7,0,283
"Astra Giurgiu (- 2024)",NA,NA,"2014","Arrivals","Kouassi Kouadja","https://www.transfermarkt.com/kouassi-kouadja/profil/spieler/106008","Centre-Back","19","Cote d'Ivoire","FC Saxan","Divizia Nationala (-2017)","Moldova",NA,TRUE,"loan transfer","Winter",4,1,0,45
"Astra Giurgiu (- 2024)",NA,NA,"2014","Arrivals","Senin Sebai","https://www.transfermarkt.com/senin-sebai/profil/spieler/332554","Centre-Forward","21","Cote d'Ivoire","FC Saxan","Divizia Nationala (-2017)","Moldova",NA,TRUE,"loan transfer","Winter",3,3,0,61
"Astra Giurgiu (- 2024)",NA,NA,"2014","Arrivals","Fwayo Tembo","https://www.transfermarkt.com/fwayo-tembo/profil/spieler/66313","Right Winger","25","Zambia","Astra II",NA,"Romania",NA,FALSE,"-","Winter",14,14,1,562
"Astra Giurgiu (- 2024)",NA,NA,"2014","Arrivals","Andrei Răuță","https://www.transfermarkt.com/andrei-rauta/profil/spieler/326636","Centre-Back","19","Romania","Without Club",NA,NA,NA,FALSE,"-","Winter",4,0,0,0
"Astra Giurgiu (- 2024)",NA,NA,"2014","Departures","Alexandru Mățel","https://www.transfermarkt.com/alexandru-matel/profil/spieler/48767","Right-Back","25","Romania","Dinamo Zagreb","SuperSport HNL","Croatia",150000,FALSE,NA,"Winter",NA,NA,NA,NA
"Astra Giurgiu (- 2024)",NA,NA,"2014","Departures","Sadat Bukari","https://www.transfermarkt.com/sadat-bukari/profil/spieler/63470","Centre-Forward","25","Ghana","Al-Shoulla","Saudi Pro League","Saudi Arabia",0,FALSE,NA,"Winter",24,20,7,1127
"Astra Giurgiu (- 2024)",NA,NA,"2014","Departures","Marian Cristescu","https://www.transfermarkt.com/marian-cristescu/profil/spieler/64137","Attacking Midfield","29","Romania","FC Dinamo","SuperLiga","Romania",0,FALSE,NA,"Winter",24,17,2,648
"Astra Giurgiu (- 2024)",NA,NA,"2014","Departures","Vasilios Pliatsikas","https://www.transfermarkt.com/vasilios-pliatsikas/profil/spieler/34186","Centre-Back","26","Greece","Metalurg D.","Premier Liga","Ukraine",0,FALSE,NA,"Winter",24,20,0,1652
"Astra Giurgiu (- 2024)",NA,NA,"2014","Departures","Alassane Touré","https://www.transfermarkt.com/alassane-toure/profil/spieler/77740","Centre-Back","25","France","Without Club",NA,NA,NA,FALSE,"-","Winter",8,3,0,225
"Petrolul Ploiesti","SuperLiga","Romania","2014","Arrivals","Victoraș Astafei","https://www.transfermarkt.com/victoras-astafei/profil/spieler/119671","Left Winger","27","Romania","Otelul Galati","SuperLiga","Romania",0,FALSE,NA,"Summer",39,34,7,2283
"Petrolul Ploiesti","SuperLiga","Romania","2014","Arrivals","Rodrigo Pastorini","https://www.transfermarkt.com/rodrigo-pastorini/profil/spieler/90683","Centre-Forward","24","Uruguay","Wanderers","Liga AUF Clausura","Uruguay",0,FALSE,NA,"Summer",26,18,0,912
"Petrolul Ploiesti","SuperLiga","Romania","2014","Arrivals","Ioan Filip","https://www.transfermarkt.com/ioan-filip/profil/spieler/169272","Defensive Midfield","25","Romania","Otelul Galati","SuperLiga","Romania",0,FALSE,NA,"Summer",30,28,0,2226
"Petrolul Ploiesti","SuperLiga","Romania","2014","Arrivals","Mourad Satli","https://www.transfermarkt.com/mourad-satli/profil/spieler/123921","Centre-Back","24","Algeria","R Charleroi SC","Jupiler Pro League","Belgium",0,FALSE,NA,"Summer",36,32,0,2726
"Petrolul Ploiesti","SuperLiga","Romania","2014","Arrivals","Andrei Peteleu","https://www.transfermarkt.com/andrei-peteleu/profil/spieler/192870","Right-Back","21","Romania","Sageata Navodar","Liga 2","Romania",0,FALSE,NA,"Summer",33,22,0,1363
"Petrolul Ploiesti","SuperLiga","Romania","2014","Arrivals","Patrick N'Koyi","https://www.transfermarkt.com/patrick-nkoyi/profil/spieler/82277","Centre-Forward","24","Netherlands","Fortuna Sittard","Keuken Kampioen Divisie","Netherlands",0,FALSE,NA,"Summer",34,23,2,855
"Petrolul Ploiesti","SuperLiga","Romania","2014","Arrivals","Gevaro Nepomuceno","https://www.transfermarkt.com/gevaro-nepomuceno/profil/spieler/139198","Left Winger","21","Curacao","Fortuna Sittard","Keuken Kampioen Divisie","Netherlands",0,FALSE,NA,"Summer",41,35,2,1684
"Petrolul Ploiesti","SuperLiga","Romania","2014","Arrivals","Kristijan Ipsa","https://www.transfermarkt.com/kristijan-ipsa/profil/spieler/27862","Centre-Back","28","Croatia","Reggina","Serie C - C","Italy",0,FALSE,NA,"Summer",29,26,3,2060
"Petrolul Ploiesti","SuperLiga","Romania","2014","Arrivals","Alberto Cobrea","https://www.transfermarkt.com/alberto-cobrea/profil/spieler/96841","Goalkeeper","23","Romania","Concordia","SuperLiga","Romania",0,FALSE,NA,"Summer",31,6,0,540
"Petrolul Ploiesti","SuperLiga","Romania","2014","Arrivals","George Mares","https://www.transfermarkt.com/george-mares/profil/spieler/222297","Centre-Forward","18","Romania","Sportul S.",NA,"Romania",0,FALSE,NA,"Summer",16,7,0,302
"Petrolul Ploiesti","SuperLiga","Romania","2014","Arrivals","Sebastián Gallegos","https://www.transfermarkt.com/sebastian-gallegos/profil/spieler/120551","Central Midfield","22","Uruguay","Como","Serie C - A","Italy",0,FALSE,NA,"Summer",12,3,0,145
"Petrolul Ploiesti","SuperLiga","Romania","2014","Arrivals","Alexandru Chirita","https://www.transfermarkt.com/alexandru-chirita/profil/spieler/315446","Attacking Midfield","18","Romania","Dinamo II",NA,"Romania",0,FALSE,NA,"Summer",10,2,0,51
"Petrolul Ploiesti","SuperLiga","Romania","2014","Arrivals","Jean-Alain Fanchone","https://www.transfermarkt.com/jean-alain-fanchone/profil/spieler/81192","Left-Back","25","France","Udinese","Serie A","Italy",NA,FALSE,"?","Summer",28,25,0,1792
"Petrolul Ploiesti","SuperLiga","Romania","2014","Arrivals","Mirel Bolboașă","https://www.transfermarkt.com/mirel-bolboasa/profil/spieler/64114","Goalkeeper","24","Romania","FCV Farul","SuperLiga","Romania",NA,TRUE,"loan transfer","Summer",20,1,0,90
"Petrolul Ploiesti","SuperLiga","Romania","2014","Arrivals","Shay Hadad","https://www.transfermarkt.com/shay-hadad/profil/spieler/129914","Left-Back","27","Israel","Without Club",NA,NA,NA,FALSE,"-","Summer",3,2,1,110
"Petrolul Ploiesti","SuperLiga","Romania","2014","Arrivals","Mihai Roman","https://www.transfermarkt.com/mihai-roman/profil/spieler/135566","Centre-Forward","22","Romania","Sageata Navodar","SuperLiga","Romania",NA,TRUE,"End of loan Jun 30, 2014","Summer",NA,NA,NA,NA
"Petrolul Ploiesti","SuperLiga","Romania","2014","Departures","Ovidiu Hoban","https://www.transfermarkt.com/ovidiu-hoban/profil/spieler/81484","Defensive Midfield","31","Romania","H. Beer Sheva","Ligat ha'Al","Israel",1e+05,FALSE,NA,"Summer",11,11,0,905
"Petrolul Ploiesti","SuperLiga","Romania","2014","Departures","Ianis Zicu","https://www.transfermarkt.com/ianis-zicu/profil/spieler/16909","Attacking Midfield","30","Romania","ASA Tg. Mures","SuperLiga","Romania",0,FALSE,NA,"Summer",NA,NA,NA,NA
"Petrolul Ploiesti","SuperLiga","Romania","2014","Departures","Manassé Enza-Yamissi","https://www.transfermarkt.com/manasse-enza-yamissi/profil/spieler/89584","Centre-Back","24","Central African Republic","Gil Vicente","Liga Portugal","Portugal",0,FALSE,NA,"Summer",NA,NA,NA,NA
"Petrolul Ploiesti","SuperLiga","Romania","2014","Departures","Sebastian Achim","https://www.transfermarkt.com/sebastian-achim/profil/spieler/69460","Right-Back","28","Romania","CS U Craiova","SuperLiga","Romania",0,FALSE,NA,"Summer",NA,NA,NA,NA
"Petrolul Ploiesti","SuperLiga","Romania","2014","Departures","Mihai Roman","https://www.transfermarkt.com/mihai-roman/profil/spieler/135566","Centre-Forward","22","Romania","Pandurii ","SuperLiga","Romania",0,FALSE,NA,"Summer",NA,NA,NA,NA
"Petrolul Ploiesti","SuperLiga","Romania","2014","Departures","Mircea Bornescu","https://www.transfermarkt.com/mircea-bornescu/profil/spieler/47569","Goalkeeper","34","Romania","FC Rapid 1923","SuperLiga","Romania",0,FALSE,NA,"Summer",NA,NA,NA,NA
"Petrolul Ploiesti","SuperLiga","Romania","2014","Departures","Vlad Morar","https://www.transfermarkt.com/vlad-morar/profil/spieler/186031","Centre-Forward","21","Romania","U Cluj","SuperLiga","Romania",0,FALSE,NA,"Summer",2,2,0,67
"Petrolul Ploiesti","SuperLiga","Romania","2014","Departures","Povilas Valincius","https://www.transfermarkt.com/povilas-valincius/profil/spieler/119726","Goalkeeper","25","Lithuania","MRU-TiuMenas",NA,"Lithuania",0,FALSE,NA,"Summer",NA,NA,NA,NA
"Petrolul Ploiesti","SuperLiga","Romania","2014","Departures","Guilherme","https://www.transfermarkt.com/guilherme/profil/spieler/217863","Left-Back","24","Brazil","Greuther Fürth","2. Bundesliga","Germany",NA,TRUE,"loan transfer","Summer",NA,NA,NA,NA
"Petrolul Ploiesti","SuperLiga","Romania","2014","Departures","Romário Pires","https://www.transfermarkt.com/romario-pires/profil/spieler/148601","Central Midfield","25","Brazil","Maccabi Netanya","Ligat ha'Al","Israel",NA,TRUE,"loan transfer","Summer",NA,NA,NA,NA
"Petrolul Ploiesti","SuperLiga","Romania","2014","Departures","Nini Popescu","https://www.transfermarkt.com/nini-popescu/profil/spieler/287466","Right Midfield","20","Romania","Gloria Buzau","Liga 2","Romania",NA,TRUE,"loan transfer","Summer",NA,NA,NA,NA
"Petrolul Ploiesti","SuperLiga","Romania","2014","Departures","Adrian Mutu","https://www.transfermarkt.com/adrian-mutu/profil/spieler/5879","Left Winger","35","Romania","Without Club",NA,NA,NA,FALSE,"-","Summer",13,13,4,926
"Petrolul Ploiesti","SuperLiga","Romania","2014","Departures","Walter Fernández","https://www.transfermarkt.com/walter-fernandez/profil/spieler/65236","Left Winger","24","Spain","KSC Lokeren","Jupiler Pro League","Belgium",NA,TRUE,"End of loan Jun 30, 2014","Summer",NA,NA,NA,NA
"Petrolul Ploiesti","SuperLiga","Romania","2014","Departures","Abel Camará","https://www.transfermarkt.com/abel-camara/profil/spieler/158380","Centre-Forward","24","Guinea-Bissau","Belenenses","Liga Portugal","Portugal",NA,TRUE,"End of loan Jun 30, 2014","Summer",NA,NA,NA,NA
"Petrolul Ploiesti","SuperLiga","Romania","2014","Arrivals","Alexandru Coman","https://www.transfermarkt.com/alexandru-coman/profil/spieler/143229","Centre-Back","23","Romania","FC Rapid 1923","SuperLiga","Romania",0,FALSE,NA,"Winter",14,8,0,291
"Petrolul Ploiesti","SuperLiga","Romania","2014","Arrivals","Ciprian Vasilache","https://www.transfermarkt.com/ciprian-vasilache/profil/spieler/34514","Attacking Midfield","31","Romania","Chungju H.","K League 2","Korea, South",0,FALSE,NA,"Winter",12,10,1,492
"Petrolul Ploiesti","SuperLiga","Romania","2014","Arrivals","Marian Marin","https://www.transfermarkt.com/marian-marin/profil/spieler/213655","Centre-Back","27","Romania","Fortuna PC","Liga II - Seria II","Romania",0,FALSE,NA,"Winter",9,3,0,270
"Petrolul Ploiesti","SuperLiga","Romania","2014","Arrivals","Mémé Tchité","https://www.transfermarkt.com/meme-tchite/profil/spieler/18949","Centre-Forward","31","Burundi","Without Club",NA,NA,NA,FALSE,"-","Winter",13,13,1,665
"Petrolul Ploiesti","SuperLiga","Romania","2014","Arrivals","Rok Kronaveter","https://www.transfermarkt.com/rok-kronaveter/profil/spieler/50293","Attacking Midfield","28","Slovenia","Without Club",NA,NA,NA,FALSE,"-","Winter",13,13,2,770
"Petrolul Ploiesti","SuperLiga","Romania","2014","Arrivals","Shay Hadad","https://www.transfermarkt.com/shay-hadad/profil/spieler/129914","Left-Back","27","Israel","Without Club",NA,NA,NA,FALSE,"-","Winter",3,2,1,110
"Petrolul Ploiesti","SuperLiga","Romania","2014","Arrivals","Guilherme","https://www.transfermarkt.com/guilherme/profil/spieler/217863","Left-Back","24","Brazil","Greuther Fürth","2. Bundesliga","Germany",NA,TRUE,"End of loan Feb 1, 2015","Winter",NA,NA,NA,NA
"Petrolul Ploiesti","SuperLiga","Romania","2014","Departures","Juan Albín","https://www.transfermarkt.com/juan-albin/profil/spieler/44139","Attacking Midfield","28","Uruguay","Tiburones Rojos","Liga MX Apertura","Mexico",3e+05,FALSE,NA,"Winter",22,22,7,1329
"Petrolul Ploiesti","SuperLiga","Romania","2014","Departures","Soni Mustivar","https://www.transfermarkt.com/soni-mustivar/profil/spieler/85195","Central Midfield","25","Haiti","Kansas City","MLS","United States",0,FALSE,NA,"Winter",18,15,0,782
"Petrolul Ploiesti","SuperLiga","Romania","2014","Departures","Njongo Priso","https://www.transfermarkt.com/njongo-priso/profil/spieler/119381","Right Winger","26","Cameroon","ETO FC Győr ","NB I.","Hungary",0,FALSE,NA,"Winter",19,16,1,1069
"Petrolul Ploiesti","SuperLiga","Romania","2014","Departures","Guilherme","https://www.transfermarkt.com/guilherme/profil/spieler/217863","Left-Back","24","Brazil","FCSB","SuperLiga","Romania",0,FALSE,NA,"Winter",NA,NA,NA,NA
"Petrolul Ploiesti","SuperLiga","Romania","2014","Departures","Shay Hadad","https://www.transfermarkt.com/shay-hadad/profil/spieler/129914","Left-Back","27","Israel","FC Ashdod","Ligat ha'Al","Israel",0,FALSE,NA,"Winter",3,2,1,110
"Petrolul Ploiesti","SuperLiga","Romania","2014","Departures","Gerson","https://www.transfermarkt.com/gerson/profil/spieler/161438","Centre-Back","22","Brazil","SV Kapfenberg","2. Liga","Austria",NA,TRUE,"End of loan Dec 31, 2014","Winter",17,13,0,1053
"CFR Cluj","SuperLiga","Romania","2014","Arrivals","Mirko Ivanovski","https://www.transfermarkt.com/mirko-ivanovski/profil/spieler/66241","Centre-Forward","24","North Macedonia","Astra Giurgiu","SuperLiga","Romania",1e+05,FALSE,NA,"Summer",18,18,3,1041
"CFR Cluj","SuperLiga","Romania","2014","Arrivals","Férébory Doré","https://www.transfermarkt.com/ferebory-dore/profil/spieler/139286","Centre-Forward","25","Congo","Botev Plovdiv","efbet Liga","Bulgaria",30000,TRUE,NA,"Summer",18,18,4,1285
"CFR Cluj","SuperLiga","Romania","2014","Arrivals","Ionuț Larie","https://www.transfermarkt.com/ionut-larie/profil/spieler/46582","Centre-Back","27","Romania","FCV Farul","SuperLiga","Romania",0,FALSE,NA,"Summer",41,41,2,3687
"CFR Cluj","SuperLiga","Romania","2014","Arrivals","Filip Jazvic","https://www.transfermarkt.com/filip-jazvic/profil/spieler/145249","Centre-Forward","23","Croatia","Hrv Dragovoljac","Prva NL","Croatia",0,FALSE,NA,"Summer",27,23,2,1289
"CFR Cluj","SuperLiga","Romania","2014","Arrivals","Mateo Susic","https://www.transfermarkt.com/mateo-susic/profil/spieler/83287","Right-Back","23","Bosnia-Herzegovina","Energie Cottbus","3. Liga","Germany",0,FALSE,NA,"Summer",22,22,0,1936
"CFR Cluj","SuperLiga","Romania","2014","Arrivals","Daniel Stana","https://www.transfermarkt.com/daniel-stana/profil/spieler/200476","Attacking Midfield","31","Romania","Ceahlaul","SuperLiga","Romania",0,FALSE,NA,"Summer",1,1,0,45
"CFR Cluj","SuperLiga","Romania","2014","Arrivals","Guima","https://www.transfermarkt.com/guima/profil/spieler/45045","Centre-Forward","28","Portugal","Oliveirense","Liga Portugal 2","Portugal",0,FALSE,NA,"Summer",25,22,5,1173
"CFR Cluj","SuperLiga","Romania","2014","Arrivals","João Paulo","https://www.transfermarkt.com/joao-paulo/profil/spieler/175087","Centre-Back","25","Portugal","Desportivo Aves","Liga Portugal 2","Portugal",0,FALSE,NA,"Summer",1,1,0,36
"CFR Cluj","SuperLiga","Romania","2014","Arrivals","Davide Petrucci","https://www.transfermarkt.com/davide-petrucci/profil/spieler/96798","Central Midfield","22","Italy","Man Utd","Premier League","England",0,FALSE,NA,"Summer",21,17,1,1337
"CFR Cluj","SuperLiga","Romania","2014","Arrivals","Cosmin Vâtcă","https://www.transfermarkt.com/cosmin-vatca/profil/spieler/47477","Goalkeeper","32","Romania","Gaz Metan","SuperLiga","Romania",0,FALSE,NA,"Summer",19,1,0,90
"CFR Cluj","SuperLiga","Romania","2014","Arrivals","Christian","https://www.transfermarkt.com/christian/profil/spieler/281831","Central Midfield","25","Brazil","Anápolis",NA,"Brazil",0,FALSE,NA,"Summer",21,20,1,955
"CFR Cluj","SuperLiga","Romania","2014","Arrivals","Antonio Jakolis","https://www.transfermarkt.com/antonio-jakolis/profil/spieler/81349","Right Winger","22","Croatia","HNK Zadar","SuperSport HNL","Croatia",0,FALSE,NA,"Summer",40,36,2,2267
"CFR Cluj","SuperLiga","Romania","2014","Arrivals","Dani Provencio","https://www.transfermarkt.com/dani-provencio/profil/spieler/147100","Central Midfield","26","Spain","CE L'Hospitalet","2ª B - Grupo III","Spain",0,FALSE,NA,"Summer",2,1,0,73
"CFR Cluj","SuperLiga","Romania","2014","Arrivals","Cătălin Carp","https://www.transfermarkt.com/catalin-carp/profil/spieler/213016","Defensive Midfield","20","Moldova","Dynamo-2 Kyiv","Persha Liga","Ukraine",0,FALSE,NA,"Summer",24,20,0,1615
"CFR Cluj","SuperLiga","Romania","2014","Arrivals","Jaime Simões","https://www.transfermarkt.com/jaime-simoes/profil/spieler/74200","Centre-Back","25","Portugal","Beira-Mar","Liga Portugal 2","Portugal",NA,FALSE,"?","Summer",7,2,0,108
"CFR Cluj","SuperLiga","Romania","2014","Arrivals","Guima","https://www.transfermarkt.com/guima/profil/spieler/45045","Centre-Forward","29","Portugal","Without Club",NA,NA,NA,FALSE,"-","Summer",25,22,5,1173
"CFR Cluj","SuperLiga","Romania","2014","Arrivals","Cheikh Guèye","https://www.transfermarkt.com/cheikh-gueye/profil/spieler/39922","Right-Back","27","Senegal","Without Club",NA,NA,NA,FALSE,"-","Summer",2,0,0,0
"CFR Cluj","SuperLiga","Romania","2014","Arrivals","Edimar","https://www.transfermarkt.com/edimar/profil/spieler/74314","Left-Back","28","Brazil","Rio Ave","Liga Portugal","Portugal",NA,TRUE,"End of loan Jun 30, 2014","Summer",NA,NA,NA,NA
"CFR Cluj","SuperLiga","Romania","2014","Arrivals","Ronny","https://www.transfermarkt.com/ronny/profil/spieler/34097","Centre-Forward","31","Brazil","Rio Ave","Liga Portugal","Portugal",NA,TRUE,"End of loan Jun 30, 2014","Summer",NA,NA,NA,NA
"CFR Cluj","SuperLiga","Romania","2014","Arrivals","Diogo Valente","https://www.transfermarkt.com/diogo-valente/profil/spieler/23270","Left Winger","29","Portugal","Coimbra","Liga Portugal","Portugal",NA,TRUE,"End of loan Jun 30, 2014","Summer",NA,NA,NA,NA
"CFR Cluj","SuperLiga","Romania","2014","Arrivals","Ioan Hora","https://www.transfermarkt.com/ioan-hora/profil/spieler/54528","Centre-Forward","25","Romania","ASA Tg. Mures","Liga II - Seria II","Romania",NA,TRUE,"End of loan Jun 30, 2014","Summer",NA,NA,NA,NA
"CFR Cluj","SuperLiga","Romania","2014","Arrivals","Claudiu Voiculet","https://www.transfermarkt.com/claudiu-voiculet/profil/spieler/46679","Central Midfield","28","Romania","ASA Tg. Mures","Liga II - Seria II","Romania",NA,TRUE,"End of loan Jun 30, 2014","Summer",NA,NA,NA,NA
"CFR Cluj","SuperLiga","Romania","2014","Arrivals","Laszlo Sepsi","https://www.transfermarkt.com/laszlo-sepsi/profil/spieler/33622","Left-Back","27","Romania","ASA Tg. Mures","Liga II - Seria II","Romania",NA,TRUE,"End of loan Jun 30, 2014","Summer",NA,NA,NA,NA
"CFR Cluj","SuperLiga","Romania","2014","Arrivals","Cornel Ene","https://www.transfermarkt.com/cornel-ene/profil/spieler/224170","Centre-Back","20","Romania","Olimpia SM","Liga II - Seria II","Romania",NA,TRUE,"End of loan Jun 30, 2014","Summer",34,9,0,645
"CFR Cluj","SuperLiga","Romania","2014","Arrivals","Tudor Mandrusca","https://www.transfermarkt.com/tudor-mandrusca/profil/spieler/241293","Centre-Forward","25","Romania","National Sebis",NA,"Romania",NA,TRUE,"End of loan Jun 30, 2014","Summer",NA,NA,NA,NA
"CFR Cluj","SuperLiga","Romania","2014","Arrivals","Liviu Ganea","https://www.transfermarkt.com/liviu-ganea/profil/spieler/45267","Centre-Forward","26","Romania","Concordia","SuperLiga","Romania",NA,TRUE,"End of loan Jun 30, 2014","Summer",NA,NA,NA,NA
"CFR Cluj","SuperLiga","Romania","2014","Arrivals","Calin Tiut","https://www.transfermarkt.com/calin-tiut/profil/spieler/161038","Goalkeeper","22","Romania","Metalurg. Cugir",NA,"Romania",NA,TRUE,"End of loan Jun 30, 2014","Summer",NA,NA,NA,NA
"CFR Cluj","SuperLiga","Romania","2014","Departures","Derick Ogbu","https://www.transfermarkt.com/derick-ogbu/profil/spieler/197852","Centre-Forward","24","Nigeria","Liaoning FC","Super League","China",1e+06,FALSE,NA,"Summer",1,1,0,90
"CFR Cluj","SuperLiga","Romania","2014","Departures","Francesco Tomasello","https://www.transfermarkt.com/francesco-tomasello/profil/spieler/267059","Left Winger","23","Italy","Vittoriosa","Challenge League","Malta",250000,FALSE,NA,"Summer",NA,NA,NA,NA
"CFR Cluj","SuperLiga","Romania","2014","Departures","Ciprian Deac","https://www.transfermarkt.com/ciprian-deac/profil/spieler/43300","Right Winger","29","Romania","Aktobe","Premier Liga","Kazakhstan",0,FALSE,NA,"Summer",25,23,2,1847
"CFR Cluj","SuperLiga","Romania","2014","Departures","Edimar","https://www.transfermarkt.com/edimar/profil/spieler/74314","Left-Back","28","Brazil","Chievo Verona","Serie A","Italy",0,FALSE,NA,"Summer",NA,NA,NA,NA
"CFR Cluj","SuperLiga","Romania","2014","Departures","Rui Pedro","https://www.transfermarkt.com/rui-pedro/profil/spieler/58268","Attacking Midfield","25","Portugal","Coimbra","Liga Portugal","Portugal",0,FALSE,NA,"Summer",NA,NA,NA,NA
"CFR Cluj","SuperLiga","Romania","2014","Departures","Robert Maah","https://www.transfermarkt.com/robert-maah/profil/spieler/85485","Centre-Forward","29","France","US Orléans","Ligue 2","France",0,FALSE,NA,"Summer",NA,NA,NA,NA
"CFR Cluj","SuperLiga","Romania","2014","Departures","Felice Piccolo","https://www.transfermarkt.com/felice-piccolo/profil/spieler/28029","Centre-Back","31","Italy","Spezia Calcio","Serie B","Italy",0,FALSE,NA,"Summer",NA,NA,NA,NA
"CFR Cluj","SuperLiga","Romania","2014","Departures","Paul Batin","https://www.transfermarkt.com/paul-batin/profil/spieler/121151","Centre-Forward","27","Romania","FC Botosani","SuperLiga","Romania",0,FALSE,NA,"Summer",NA,NA,NA,NA
"CFR Cluj","SuperLiga","Romania","2014","Departures","Ioan Hora","https://www.transfermarkt.com/ioan-hora/profil/spieler/54528","Centre-Forward","25","Romania","ASA Tg. Mures","SuperLiga","Romania",0,FALSE,NA,"Summer",NA,NA,NA,NA
"CFR Cluj","SuperLiga","Romania","2014","Departures","Laszlo Sepsi","https://www.transfermarkt.com/laszlo-sepsi/profil/spieler/33622","Left-Back","27","Romania","ASA Tg. Mures","SuperLiga","Romania",0,FALSE,NA,"Summer",NA,NA,NA,NA
"CFR Cluj","SuperLiga","Romania","2014","Departures","Cadú","https://www.transfermarkt.com/cadu/profil/spieler/14274","Centre-Back","32","Portugal","AEL Limassol","Cyprus League","Cyprus",0,FALSE,NA,"Summer",NA,NA,NA,NA
"CFR Cluj","SuperLiga","Romania","2014","Departures","Daniel Stana","https://www.transfermarkt.com/daniel-stana/profil/spieler/200476","Attacking Midfield","31","Romania","Sageata Navodar","Liga 2","Romania",0,FALSE,NA,"Summer",1,1,0,45
"CFR Cluj","SuperLiga","Romania","2014","Departures","Javier Velayos","https://www.transfermarkt.com/javier-velayos/profil/spieler/53294","Right-Back","27","Spain","ASA Tg. Mures","SuperLiga","Romania",0,FALSE,NA,"Summer",NA,NA,NA,NA
"CFR Cluj","SuperLiga","Romania","2014","Departures","Najib Ammari","https://www.transfermarkt.com/najib-ammari/profil/spieler/131908","Attacking Midfield","22","Algeria","Levski Sofia","efbet Liga","Bulgaria",0,FALSE,NA,"Summer",NA,NA,NA,NA
"CFR Cluj","SuperLiga","Romania","2014","Departures","Vasile Maftei","https://www.transfermarkt.com/vasile-maftei/profil/spieler/34505","Centre-Back","33","Romania","Concordia","SuperLiga","Romania",0,FALSE,NA,"Summer",NA,NA,NA,NA
"CFR Cluj","SuperLiga","Romania","2014","Departures","Tudor Mandrusca","https://www.transfermarkt.com/tudor-mandrusca/profil/spieler/241293","Centre-Forward","25","Romania","Ceahlaul","SuperLiga","Romania",0,FALSE,NA,"Summer",NA,NA,NA,NA
"CFR Cluj","SuperLiga","Romania","2014","Departures","Liviu Ganea","https://www.transfermarkt.com/liviu-ganea/profil/spieler/45267","Centre-Forward","26","Romania","FC Brasov","SuperLiga","Romania",0,FALSE,NA,"Summer",NA,NA,NA,NA
"CFR Cluj","SuperLiga","Romania","2014","Departures","Dani Provencio","https://www.transfermarkt.com/dani-provencio/profil/spieler/147100","Central Midfield","26","Spain","CD Mirandés","LaLiga2","Spain",0,FALSE,NA,"Summer",2,1,0,73
"CFR Cluj","SuperLiga","Romania","2014","Departures","Calin Tiut","https://www.transfermarkt.com/calin-tiut/profil/spieler/161038","Goalkeeper","22","Romania","FC Botosani","SuperLiga","Romania",0,FALSE,NA,"Summer",NA,NA,NA,NA
"CFR Cluj","SuperLiga","Romania","2014","Departures","Diogo Valente","https://www.transfermarkt.com/diogo-valente/profil/spieler/23270","Left Winger","29","Portugal","Gil Vicente","Liga Portugal","Portugal",NA,TRUE,"loan transfer","Summer",NA,NA,NA,NA
"CFR Cluj","SuperLiga","Romania","2014","Departures","Claudiu Voiculet","https://www.transfermarkt.com/claudiu-voiculet/profil/spieler/46679","Central Midfield","28","Romania","ASA Tg. Mures","SuperLiga","Romania",NA,TRUE,"loan transfer","Summer",NA,NA,NA,NA
"CFR Cluj","SuperLiga","Romania","2014","Departures","João Paulo","https://www.transfermarkt.com/joao-paulo/profil/spieler/175087","Centre-Back","25","Portugal","Portimonense","Liga Portugal 2","Portugal",NA,TRUE,"loan transfer","Summer",1,1,0,36
"CFR Cluj","SuperLiga","Romania","2014","Departures","Gabriel Burcă","https://www.transfermarkt.com/gabriel-burca/profil/spieler/330933","Centre-Back","19","Romania","Sticla A. Turda",NA,"Romania",NA,TRUE,"loan transfer","Summer",1,1,0,54
"CFR Cluj","SuperLiga","Romania","2014","Departures","Ionuț Țîrlea","https://www.transfermarkt.com/ionut-tirlea/profil/spieler/330936","Attacking Midfield","19","Romania","National Sebis",NA,"Romania",NA,TRUE,"loan transfer","Summer",1,1,0,90
"CFR Cluj","SuperLiga","Romania","2014","Departures","Anthony Carter","https://www.transfermarkt.com/anthony-carter/profil/spieler/303385","Centre-Forward","19","Australia","Sanatatea",NA,"Romania",NA,TRUE,"loan transfer","Summer",10,3,0,15
"CFR Cluj","SuperLiga","Romania","2014","Departures","Ronny","https://www.transfermarkt.com/ronny/profil/spieler/34097","Centre-Forward","31","Brazil","Without Club",NA,NA,NA,FALSE,"-","Summer",NA,NA,NA,NA
"CFR Cluj","SuperLiga","Romania","2014","Departures","Damjan Djokovic","https://www.transfermarkt.com/damjan-djokovic/profil/spieler/143039","Central Midfield","24","Croatia","Bologna","Serie B","Italy",NA,TRUE,"End of loan Jun 30, 2014","Summer",NA,NA,NA,NA
"CFR Cluj","SuperLiga","Romania","2014","Departures","Denilson Gabionetta","https://www.transfermarkt.com/denilson-gabionetta/profil/spieler/71744","Right Winger","28","Brazil","Parma","Serie A","Italy",NA,TRUE,"End of loan Jun 30, 2014","Summer",NA,NA,NA,NA
"CFR Cluj","SuperLiga","Romania","2014","Arrivals","Horia Crișan","https://www.transfermarkt.com/horia-crisan/profil/spieler/164237","Centre-Back","23","Romania","FC Dinamo","SuperLiga","Romania",0,FALSE,NA,"Winter",NA,NA,NA,NA
"CFR Cluj","SuperLiga","Romania","2014","Arrivals","Cheikh Guèye","https://www.transfermarkt.com/cheikh-gueye/profil/spieler/39922","Right-Back","27","Senegal","Without Club",NA,NA,NA,FALSE,"-","Winter",2,0,0,0
"CFR Cluj","SuperLiga","Romania","2014","Arrivals","Andrei Tinc","https://www.transfermarkt.com/andrei-tinc/profil/spieler/200624","Centre-Back","29","Romania","Without Club",NA,NA,NA,FALSE,"-","Winter",11,3,0,270
"CFR Cluj","SuperLiga","Romania","2014","Arrivals","Ionuț Țîrlea","https://www.transfermarkt.com/ionut-tirlea/profil/spieler/330936","Attacking Midfield","19","Romania","National Sebis",NA,"Romania",NA,TRUE,"End of loan Dec 31, 2014","Winter",1,1,0,90
"CFR Cluj","SuperLiga","Romania","2014","Arrivals","Anthony Carter","https://www.transfermarkt.com/anthony-carter/profil/spieler/303385","Centre-Forward","20","Australia","Sanatatea",NA,"Romania",NA,TRUE,"End of loan Dec 31, 2014","Winter",10,3,0,15
"CFR Cluj","SuperLiga","Romania","2014","Departures","Mário Felgueiras","https://www.transfermarkt.com/mario-felgueiras/profil/spieler/59000","Goalkeeper","28","Portugal","Konyaspor","Süper Lig","Türkiye",8e+05,FALSE,NA,"Winter",24,24,0,2160
"CFR Cluj","SuperLiga","Romania","2014","Departures","Mirko Ivanovski","https://www.transfermarkt.com/mirko-ivanovski/profil/spieler/66241","Centre-Forward","25","North Macedonia","Fehérvár","NB I.","Hungary",50000,FALSE,NA,"Winter",18,18,3,1041
"CFR Cluj","SuperLiga","Romania","2014","Departures","Mateo Susic","https://www.transfermarkt.com/mateo-susic/profil/spieler/83287","Right-Back","24","Bosnia-Herzegovina","FC Sheriff","Divizia Nationala (-2017)","Moldova",0,FALSE,NA,"Winter",22,22,0,1936
"CFR Cluj","SuperLiga","Romania","2014","Departures","Aitor Monroy","https://www.transfermarkt.com/aitor-monroy/profil/spieler/71986","Central Midfield","27","Spain","FC Sheriff","Divizia Nationala (-2017)","Moldova",0,FALSE,NA,"Winter",21,20,0,1783
"CFR Cluj","SuperLiga","Romania","2014","Departures","Guima","https://www.transfermarkt.com/guima/profil/spieler/45045","Centre-Forward","28","Portugal","Shonan Bellmare","J1 - 1st Stage","Japan",0,FALSE,NA,"Winter",25,22,5,1173
"CFR Cluj","SuperLiga","Romania","2014","Departures","Ionut Rada","https://www.transfermarkt.com/ionut-rada/profil/spieler/34506","Centre-Back","32","Romania","Bari","Serie B","Italy",0,FALSE,NA,"Winter",23,23,0,2006
"CFR Cluj","SuperLiga","Romania","2014","Departures","Florin Costea","https://www.transfermarkt.com/florin-costea/profil/spieler/47571","Left Winger","29","Romania","Arsenal Tula","Premier Liga","Russia",0,FALSE,NA,"Winter",22,18,1,863
"CFR Cluj","SuperLiga","Romania","2014","Departures","Jaime Simões","https://www.transfermarkt.com/jaime-simoes/profil/spieler/74200","Centre-Back","25","Portugal","União Madeira","Liga Portugal 2","Portugal",0,FALSE,NA,"Winter",7,2,0,108
"CFR Cluj","SuperLiga","Romania","2014","Departures","Horia Crișan","https://www.transfermarkt.com/horia-crisan/profil/spieler/164237","Centre-Back","23","Romania","Kruoja","A Lyga","Lithuania",0,FALSE,NA,"Winter",NA,NA,NA,NA
"CFR Cluj","SuperLiga","Romania","2014","Departures","Christian","https://www.transfermarkt.com/christian/profil/spieler/281831","Central Midfield","25","Brazil","Nacional","Liga Portugal","Portugal",NA,TRUE,"loan transfer","Winter",21,20,1,955
"CFR Cluj","SuperLiga","Romania","2014","Departures","Cheikh Guèye","https://www.transfermarkt.com/cheikh-gueye/profil/spieler/39922","Right-Back","28","Senegal","Without Club",NA,NA,NA,FALSE,"-","Winter",2,0,0,0
"FC Dinamo 1948","SuperLiga","Romania","2014","Arrivals","Gelu Velici","https://www.transfermarkt.com/gelu-velici/profil/spieler/238515","Centre-Forward","22","Romania","Ceahlaul","SuperLiga","Romania",25000,FALSE,NA,"Summer",NA,NA,NA,NA
"FC Dinamo 1948","SuperLiga","Romania","2014","Arrivals","Wanderson","https://www.transfermarkt.com/wanderson/profil/spieler/130535","Defensive Midfield","24","Brazil","FC Brasov-SR",NA,"Romania",0,FALSE,NA,"Summer",9,7,0,393
"FC Dinamo 1948","SuperLiga","Romania","2014","Arrivals","Andrei Cordoș","https://www.transfermarkt.com/andrei-cordos/profil/spieler/54729","Centre-Back","26","Romania","FC Vaslui",NA,"Romania",0,FALSE,NA,"Summer",18,15,2,1380
"FC Dinamo 1948","SuperLiga","Romania","2014","Arrivals","Traian Marc","https://www.transfermarkt.com/traian-marc/profil/spieler/47490","Goalkeeper","31","Romania","FC Brasov-SR",NA,"Romania",0,FALSE,NA,"Summer",37,26,0,2370
"FC Dinamo 1948","SuperLiga","Romania","2014","Arrivals","Marian Anghelina","https://www.transfermarkt.com/marian-anghelina/profil/spieler/209058","Defensive Midfield","23","Romania","FC Olt Slatina","Liga II - Seria II","Romania",0,FALSE,NA,"Summer",NA,NA,NA,NA
"FC Dinamo 1948","SuperLiga","Romania","2014","Arrivals","Dragoş Firţulescu","https://www.transfermarkt.com/dragos-firtulescu/profil/spieler/48778","Left Winger","25","Romania","Kaposvár","NB II.","Hungary",0,FALSE,NA,"Summer",4,2,0,67
"FC Dinamo 1948","SuperLiga","Romania","2014","Arrivals","Bogdan Gavrilă","https://www.transfermarkt.com/bogdan-gavrila/profil/spieler/212752","Right Winger","22","Romania","Otelul Galati","SuperLiga","Romania",0,FALSE,NA,"Summer",35,28,4,942
"FC Dinamo 1948","SuperLiga","Romania","2014","Arrivals","Robert Vaduva","https://www.transfermarkt.com/robert-vaduva/profil/spieler/148005","Centre-Forward","21","Romania","Chindia",NA,"Romania",0,FALSE,NA,"Summer",7,1,0,4
"FC Dinamo 1948","SuperLiga","Romania","2014","Arrivals","Zoltán Kovács","https://www.transfermarkt.com/zoltan-kovacs/profil/spieler/74324","Goalkeeper","29","Hungary","Aris Limassol",NA,"Cyprus",0,FALSE,NA,"Summer",12,0,0,0
"FC Dinamo 1948","SuperLiga","Romania","2014","Arrivals","Denis Lemac","https://www.transfermarkt.com/denis-lemac/profil/spieler/220921","Centre-Forward","19","Romania","Dinamo II",NA,"Romania",NA,FALSE,"-","Summer",4,3,0,60
"FC Dinamo 1948","SuperLiga","Romania","2014","Arrivals","Patrick Petre","https://www.transfermarkt.com/patrick-petre/profil/spieler/295885","Right Midfield","17","Romania","Dinamo II",NA,"Romania",NA,FALSE,"-","Summer",6,3,1,59
"FC Dinamo 1948","SuperLiga","Romania","2014","Arrivals","Marius Alexe","https://www.transfermarkt.com/marius-alexe/profil/spieler/48678","Centre-Forward","24","Romania","Sassuolo","Serie A","Italy",NA,TRUE,"End of loan Jun 30, 2014","Summer",30,29,6,2117
"FC Dinamo 1948","SuperLiga","Romania","2014","Arrivals","Sorin Stratila","https://www.transfermarkt.com/sorin-stratila/profil/spieler/123319","Right Midfield","27","Romania","Concordia","SuperLiga","Romania",NA,TRUE,"End of loan Jun 30, 2014","Summer",NA,NA,NA,NA
"FC Dinamo 1948","SuperLiga","Romania","2014","Arrivals","Valentin Balint","https://www.transfermarkt.com/valentin-balint/profil/spieler/220911","Centre-Forward","20","Romania","FC Brasov-SR","SuperLiga","Romania",NA,TRUE,"End of loan Jun 30, 2014","Summer",NA,NA,NA,NA
"FC Dinamo 1948","SuperLiga","Romania","2014","Departures","Dragoș Grigore","https://www.transfermarkt.com/dragos-grigore/profil/spieler/95182","Centre-Back","27","Romania","Toulouse","Ligue 1","France",1e+06,FALSE,NA,"Summer",NA,NA,NA,NA
"FC Dinamo 1948","SuperLiga","Romania","2014","Departures","Cristian Bălgrădean","https://www.transfermarkt.com/cristian-balgradean/profil/spieler/158839","Goalkeeper","26","Romania","CS U Craiova","SuperLiga","Romania",0,FALSE,NA,"Summer",NA,NA,NA,NA
"FC Dinamo 1948","SuperLiga","Romania","2014","Departures","Laurențiu Rus","https://www.transfermarkt.com/laurentiu-rus/profil/spieler/123289","Defensive Midfield","29","Romania","Astra Giurgiu","SuperLiga","Romania",0,FALSE,NA,"Summer",NA,NA,NA,NA
"FC Dinamo 1948","SuperLiga","Romania","2014","Departures","Kristijan Naumovski","https://www.transfermarkt.com/kristijan-naumovski/profil/spieler/87296","Goalkeeper","25","North Macedonia","Levski Sofia","efbet Liga","Bulgaria",0,FALSE,NA,"Summer",17,9,0,810
"FC Dinamo 1948","SuperLiga","Romania","2014","Departures","Marian Anghelina","https://www.transfermarkt.com/marian-anghelina/profil/spieler/209058","Defensive Midfield","23","Romania","FC Botosani","SuperLiga","Romania",0,FALSE,NA,"Summer",NA,NA,NA,NA
"FC Dinamo 1948","SuperLiga","Romania","2014","Departures","Valentin Balint","https://www.transfermarkt.com/valentin-balint/profil/spieler/220911","Centre-Forward","20","Romania","FC Rapid 1923","SuperLiga","Romania",0,FALSE,NA,"Summer",NA,NA,NA,NA
"FC Dinamo 1948","SuperLiga","Romania","2014","Departures","Cătălin Munteanu","https://www.transfermarkt.com/catalin-munteanu/profil/spieler/16615","Attacking Midfield","35","Romania","FC Brasov","SuperLiga","Romania",0,FALSE,NA,"Summer",NA,NA,NA,NA
"FC Dinamo 1948","SuperLiga","Romania","2014","Departures","Pape Ndaw","https://www.transfermarkt.com/pape-ndaw/profil/spieler/278121","Centre-Forward","20","Senegal","Simba SC",NA,"Tanzania",0,FALSE,NA,"Summer",NA,NA,NA,NA
"FC Dinamo 1948","SuperLiga","Romania","2014","Departures","Gelu Velici","https://www.transfermarkt.com/gelu-velici/profil/spieler/238515","Centre-Forward","22","Romania","Fortuna PC","Liga II - Seria II","Romania",NA,TRUE,"loan transfer","Summer",NA,NA,NA,NA
"FC Dinamo 1948","SuperLiga","Romania","2014","Departures","Horia Crișan","https://www.transfermarkt.com/horia-crisan/profil/spieler/164237","Centre-Back","23","Romania","Fortuna PC","Liga II - Seria II","Romania",NA,TRUE,"loan transfer","Summer",3,0,0,0
"FC Dinamo 1948","SuperLiga","Romania","2014","Departures","Darius Buia","https://www.transfermarkt.com/darius-buia/profil/spieler/186730","Attacking Midfield","20","Romania","Ac. Clinceni","Liga 2","Romania",NA,TRUE,"loan transfer","Summer",1,0,0,0
"FC Dinamo 1948","SuperLiga","Romania","2014","Departures","Andrei Radu","https://www.transfermarkt.com/andrei-radu/profil/spieler/243293","Left-Back","18","Romania","Ac. Clinceni","Liga 2","Romania",NA,TRUE,"loan transfer","Summer",NA,NA,NA,NA
"FC Dinamo 1948","SuperLiga","Romania","2014","Departures","Steven Thicot","https://www.transfermarkt.com/steven-thicot/profil/spieler/18945","Centre-Back","27","France","Without Club",NA,NA,NA,FALSE,"-","Summer",NA,NA,NA,NA
"FC Dinamo 1948","SuperLiga","Romania","2014","Departures","Fabien Farnolle","https://www.transfermarkt.com/fabien-farnolle/profil/spieler/34937","Goalkeeper","30","Benin","Without Club",NA,NA,NA,FALSE,"-","Summer",2,1,0,90
"FC Dinamo 1948","SuperLiga","Romania","2014","Departures","Sorin Stratila","https://www.transfermarkt.com/sorin-stratila/profil/spieler/123319","Right Midfield","27","Romania","Without Club",NA,NA,NA,FALSE,"-","Summer",NA,NA,NA,NA
"FC Dinamo 1948","SuperLiga","Romania","2014","Departures","Antonio Asanovic","https://www.transfermarkt.com/antonio-asanovic/profil/spieler/177331","Centre-Back","22","Croatia","Without Club",NA,NA,NA,FALSE,"-","Summer",NA,NA,NA,NA
"FC Dinamo 1948","SuperLiga","Romania","2014","Departures","Pape Diakhaté","https://www.transfermarkt.com/pape-diakhate/profil/spieler/57655","Defensive Midfield","25","Senegal","Without Club",NA,NA,NA,FALSE,"-","Summer",NA,NA,NA,NA
"FC Dinamo 1948","SuperLiga","Romania","2014","Departures","George Țucudean","https://www.transfermarkt.com/george-tucudean/profil/spieler/130345","Centre-Forward","23","Romania","Standard Liège","Jupiler Pro League","Belgium",NA,TRUE,"End of loan Jun 30, 2014","Summer",NA,NA,NA,NA
"FC Dinamo 1948","SuperLiga","Romania","2014","Departures","Gelu Velici","https://www.transfermarkt.com/gelu-velici/profil/spieler/238515","Centre-Forward","22","Romania","Ceahlaul","SuperLiga","Romania",NA,TRUE,"End of loan Jun 30, 2014","Summer",NA,NA,NA,NA
"FC Dinamo 1948","SuperLiga","Romania","2014","Departures","Ionut Cioinac","https://www.transfermarkt.com/ionut-cioinac/profil/spieler/213641","Defensive Midfield","23","Romania","Fortuna PC","Liga II - Seria II","Romania",NA,TRUE,"End of loan Jun 30, 2014","Summer",NA,NA,NA,NA
"FC Dinamo 1948","SuperLiga","Romania","2014","Arrivals","Marian Cristescu","https://www.transfermarkt.com/marian-cristescu/profil/spieler/64137","Attacking Midfield","29","Romania","Astra Giurgiu","SuperLiga","Romania",0,FALSE,NA,"Winter",18,15,0,990
"FC Dinamo 1948","SuperLiga","Romania","2014","Arrivals","Andrei Marc","https://www.transfermarkt.com/andrei-marc/profil/spieler/129608","Centre-Back","21","Romania","Ceahlaul","SuperLiga","Romania",0,FALSE,NA,"Winter",13,12,0,867
"FC Dinamo 1948","SuperLiga","Romania","2014","Arrivals","Ricardo Machado","https://www.transfermarkt.com/ricardo-machado/profil/spieler/164198","Centre-Back","26","Portugal","FC Brasov","SuperLiga","Romania",0,FALSE,NA,"Winter",7,6,0,451
"FC Dinamo 1948","SuperLiga","Romania","2014","Arrivals","Serginho","https://www.transfermarkt.com/serginho/profil/spieler/24943","Left-Back","29","Portugal","FC Brasov","SuperLiga","Romania",0,FALSE,NA,"Winter",13,5,0,450
"FC Dinamo 1948","SuperLiga","Romania","2014","Arrivals","Nicolae Grigore","https://www.transfermarkt.com/nicolae-grigore/profil/spieler/35437","Central Midfield","31","Romania","Apol. Limassol","Cyprus League","Cyprus",0,FALSE,NA,"Winter",16,13,0,1053
"FC Dinamo 1948","SuperLiga","Romania","2014","Arrivals","Henrique","https://www.transfermarkt.com/henrique/profil/spieler/101197","Centre-Forward","27","Brazil","ASA Tg. Mures","SuperLiga","Romania",0,FALSE,NA,"Winter",NA,NA,NA,NA
"FC Dinamo 1948","SuperLiga","Romania","2014","Arrivals","Kristijan Naumovski","https://www.transfermarkt.com/kristijan-naumovski/profil/spieler/87296","Goalkeeper","26","North Macedonia","Levski Sofia","efbet Liga","Bulgaria",0,FALSE,NA,"Winter",17,9,0,810
"FC Dinamo 1948","SuperLiga","Romania","2014","Arrivals","Gheorghe Grozav","https://www.transfermarkt.com/gheorghe-grozav/profil/spieler/96844","Left Winger","24","Romania","Akhmat Grozny","Premier Liga","Russia",NA,TRUE,"loan transfer","Winter",18,13,5,709
"FC Dinamo 1948","SuperLiga","Romania","2014","Arrivals","Gordan Bunoza","https://www.transfermarkt.com/gordan-bunoza/profil/spieler/67999","Centre-Back","27","Bosnia-Herzegovina","Pescara","Serie B","Italy",NA,TRUE,"loan transfer","Winter",18,17,1,1530
"FC Dinamo 1948","SuperLiga","Romania","2014","Arrivals","Hatem Abd Elhamed","https://www.transfermarkt.com/hatem-abd-elhamed/profil/spieler/176990","Centre-Back","23","Israel","FC Ashdod","Ligat ha'Al","Israel",NA,TRUE,"loan transfer","Winter",15,15,3,1140
"FC Dinamo 1948","SuperLiga","Romania","2014","Arrivals","Marius Niculae","https://www.transfermarkt.com/marius-niculae/profil/spieler/13831","Centre-Forward","33","Romania","Without Club",NA,NA,NA,FALSE,"-","Winter",16,15,3,882
"FC Dinamo 1948","SuperLiga","Romania","2014","Arrivals","Fabien Farnolle","https://www.transfermarkt.com/fabien-farnolle/profil/spieler/34937","Goalkeeper","30","Benin","Without Club",NA,NA,NA,FALSE,"-","Winter",2,1,0,90
"FC Dinamo 1948","SuperLiga","Romania","2014","Arrivals","Patrick Petre","https://www.transfermarkt.com/patrick-petre/profil/spieler/295885","Right Midfield","17","Romania","Dinamo II",NA,"Romania",NA,FALSE,"-","Winter",6,3,1,59
"FC Dinamo 1948","SuperLiga","Romania","2014","Arrivals","Horia Crișan","https://www.transfermarkt.com/horia-crisan/profil/spieler/164237","Centre-Back","23","Romania","Fortuna PC","Liga II - Seria II","Romania",NA,TRUE,"End of loan Dec 31, 2014","Winter",3,0,0,0
"FC Dinamo 1948","SuperLiga","Romania","2014","Arrivals","Gelu Velici","https://www.transfermarkt.com/gelu-velici/profil/spieler/238515","Centre-Forward","22","Romania","Fortuna PC","Liga II - Seria II","Romania",NA,TRUE,"End of loan Dec 31, 2014","Winter",NA,NA,NA,NA
"FC Dinamo 1948","SuperLiga","Romania","2014","Arrivals","Mihai Popescu","https://www.transfermarkt.com/mihai-popescu/profil/spieler/361537","Centre-Back","21","Romania","D. Calarasi",NA,"Romania",NA,TRUE,"End of loan Jan 25, 2015","Winter",NA,NA,NA,NA
"FC Dinamo 1948","SuperLiga","Romania","2014","Departures","Constantin Grecu","https://www.transfermarkt.com/constantin-grecu/profil/spieler/70037","Left-Back","26","Romania","Pandurii ","SuperLiga","Romania",0,FALSE,NA,"Winter",17,15,0,1232
"FC Dinamo 1948","SuperLiga","Romania","2014","Departures","Andrei Cordoș","https://www.transfermarkt.com/andrei-cordos/profil/spieler/54729","Centre-Back","26","Romania","Pandurii ","SuperLiga","Romania",0,FALSE,NA,"Winter",18,15,2,1380
"FC Dinamo 1948","SuperLiga","Romania","2014","Departures","Elton","https://www.transfermarkt.com/elton/profil/spieler/116917","Central Midfield","28","Brazil","Apol. Limassol","Cyprus League","Cyprus",0,FALSE,NA,"Winter",19,15,1,1118
"FC Dinamo 1948","SuperLiga","Romania","2014","Departures","Henrique","https://www.transfermarkt.com/henrique/profil/spieler/101197","Centre-Forward","28","Brazil","FCV Farul","SuperLiga","Romania",0,FALSE,NA,"Winter",NA,NA,NA,NA
"FC Dinamo 1948","SuperLiga","Romania","2014","Departures","Wanderson","https://www.transfermarkt.com/wanderson/profil/spieler/130535","Defensive Midfield","24","Brazil","União Madeira","Liga Portugal 2","Portugal",0,FALSE,NA,"Winter",9,7,0,393
"FC Dinamo 1948","SuperLiga","Romania","2014","Departures","Horia Crișan","https://www.transfermarkt.com/horia-crisan/profil/spieler/164237","Centre-Back","23","Romania","CFR Cluj","SuperLiga","Romania",0,FALSE,NA,"Winter",3,0,0,0
"FC Dinamo 1948","SuperLiga","Romania","2014","Departures","Dragoş Firţulescu","https://www.transfermarkt.com/dragos-firtulescu/profil/spieler/48778","Left Winger","25","Romania","Rm. Valcea","Liga II - Seria II","Romania",0,FALSE,NA,"Winter",4,2,0,67
"FC Dinamo 1948","SuperLiga","Romania","2014","Departures","Catalin Samoila","https://www.transfermarkt.com/catalin-samoila/profil/spieler/64075","Goalkeeper","24","Romania","Unknown",NA,NA,0,FALSE,NA,"Winter",11,4,0,390
"FC Dinamo 1948","SuperLiga","Romania","2014","Departures","Robert Vaduva","https://www.transfermarkt.com/robert-vaduva/profil/spieler/148005","Centre-Forward","22","Romania","ACS Berceni","Liga 2","Romania",NA,TRUE,"loan transfer","Winter",7,1,0,4
"FC Dinamo 1948","SuperLiga","Romania","2014","Departures","Mihai Popescu","https://www.transfermarkt.com/mihai-popescu/profil/spieler/361537","Centre-Back","21","Romania","ACS Berceni","Liga 2","Romania",NA,TRUE,"loan transfer","Winter",NA,NA,NA,NA
"FC Dinamo 1948","SuperLiga","Romania","2014","Departures","Adrian Popa","https://www.transfermarkt.com/adrian-popa/profil/spieler/214091","Centre-Back","24","Romania","Without Club",NA,NA,NA,FALSE,"-","Winter",12,5,0,450
"FC Dinamo 1948","SuperLiga","Romania","2014","Departures","Denis Lemac","https://www.transfermarkt.com/denis-lemac/profil/spieler/220921","Centre-Forward","20","Romania","Dinamo II",NA,"Romania",NA,FALSE,"-","Winter",4,3,0,60
"FC Dinamo 1948","SuperLiga","Romania","2014","Departures","Joël Thomas","https://www.transfermarkt.com/joel-thomas/profil/spieler/32701","Centre-Forward","27","France","Without Club",NA,NA,NA,FALSE,"-","Winter",NA,NA,NA,NA
"FC Dinamo 1948","SuperLiga","Romania","2014","Departures","Gelu Velici","https://www.transfermarkt.com/gelu-velici/profil/spieler/238515","Centre-Forward","22","Romania","Dinamo II",NA,"Romania",NA,FALSE,"-","Winter",NA,NA,NA,NA
"Pandurii Targu Jiu (- 2022)",NA,NA,"2014","Arrivals","Laurențiu Iorga","https://www.transfermarkt.com/laurentiu-iorga/profil/spieler/59694","Right Winger","26","Romania","Astra Giurgiu","SuperLiga","Romania",2e+05,FALSE,NA,"Summer",17,11,0,606
"Pandurii Targu Jiu (- 2022)",NA,NA,"2014","Arrivals","Mihai Răduț","https://www.transfermarkt.com/mihai-radut/profil/spieler/96850","Left Winger","24","Romania","FCSB","SuperLiga","Romania",0,FALSE,NA,"Summer",34,33,2,2621
"Pandurii Targu Jiu (- 2022)",NA,NA,"2014","Arrivals","Mihai Roman","https://www.transfermarkt.com/mihai-roman/profil/spieler/135566","Centre-Forward","22","Romania","Petrolul","SuperLiga","Romania",0,FALSE,NA,"Summer",39,38,17,2761
"Pandurii Targu Jiu (- 2022)",NA,NA,"2014","Arrivals","Matija Smrekar","https://www.transfermarkt.com/matija-smrekar/profil/spieler/49664","Centre-Forward","25","Croatia","DNŠ Zavrč","Prva Liga","Slovenia",0,FALSE,NA,"Summer",1,1,0,31
"Pandurii Targu Jiu (- 2022)",NA,NA,"2014","Arrivals","Marius Mareș","https://www.transfermarkt.com/marius-mares/profil/spieler/314781","Left-Back","19","Romania","FC Vaslui",NA,"Romania",0,FALSE,NA,"Summer",NA,NA,NA,NA
"Pandurii Targu Jiu (- 2022)",NA,NA,"2014","Arrivals","Dragoș Militaru","https://www.transfermarkt.com/dragos-militaru/profil/spieler/212860","Defensive Midfield","24","Romania","Unknown",NA,NA,NA,FALSE,"?","Summer",NA,NA,NA,NA
"Pandurii Targu Jiu (- 2022)",NA,NA,"2014","Arrivals","Cătălin Pîrvulescu","https://www.transfermarkt.com/catalin-pirvulescu/profil/spieler/252189","Centre-Back","23","Romania","Rm. Valcea","Liga II - Seria II","Romania",NA,TRUE,"loan transfer","Summer",4,1,0,68
"Pandurii Targu Jiu (- 2022)",NA,NA,"2014","Arrivals","Nejc Mevlja","https://www.transfermarkt.com/nejc-mevlja/profil/spieler/108882","Centre-Back","24","Slovenia","Without Club",NA,NA,NA,FALSE,"-","Summer",6,3,1,175
"Pandurii Targu Jiu (- 2022)",NA,NA,"2014","Arrivals","Andrei Sendroiu","https://www.transfermarkt.com/andrei-sendroiu/profil/spieler/326305","Attacking Midfield","18","Romania","Pandurii U19",NA,"Romania",NA,FALSE,"-","Summer",8,1,0,10
"Pandurii Targu Jiu (- 2022)",NA,NA,"2014","Arrivals","Alexandru Dan","https://www.transfermarkt.com/alexandru-dan/profil/spieler/212735","Defensive Midfield","20","Romania","ASA Tg. Mures","Liga II - Seria II","Romania",NA,TRUE,"End of loan Jun 30, 2014","Summer",NA,NA,NA,NA
"Pandurii Targu Jiu (- 2022)",NA,NA,"2014","Arrivals","Ciprian Brata","https://www.transfermarkt.com/ciprian-brata/profil/spieler/156616","Left Midfield","23","Romania","FC Brasov-SR","SuperLiga","Romania",NA,TRUE,"End of loan Jun 30, 2014","Summer",4,2,0,91
"Pandurii Targu Jiu (- 2022)",NA,NA,"2014","Arrivals","Konyeha Onyeka","https://www.transfermarkt.com/konyeha-onyeka/profil/spieler/221818","Attacking Midfield","22","Nigeria","Ac. Clinceni","Liga 2","Romania",NA,TRUE,"End of loan Jun 30, 2014","Summer",NA,NA,NA,NA
"Pandurii Targu Jiu (- 2022)",NA,NA,"2014","Arrivals","Alexandru Neagu","https://www.transfermarkt.com/alexandru-neagu/profil/spieler/220850","Attacking Midfield","21","Romania","CS Mioveni","Liga II - Seria II","Romania",NA,TRUE,"End of loan Jun 30, 2014","Summer",NA,NA,NA,NA
"Pandurii Targu Jiu (- 2022)",NA,NA,"2014","Arrivals","Ionut Rada","https://www.transfermarkt.com/ionut-rada/profil/spieler/180870","Centre-Back","24","Romania","U Cluj","SuperLiga","Romania",NA,TRUE,"End of loan Jun 30, 2014","Summer",NA,NA,NA,NA
"Pandurii Targu Jiu (- 2022)",NA,NA,"2014","Arrivals","Emmanuel Mbella","https://www.transfermarkt.com/emmanuel-mbella/profil/spieler/224876","Right Winger","22","France","Ac. Clinceni","Liga 2","Romania",NA,TRUE,"End of loan Jun 30, 2014","Summer",NA,NA,NA,NA
"Pandurii Targu Jiu (- 2022)",NA,NA,"2014","Arrivals","Albert Voinea","https://www.transfermarkt.com/albert-voinea/profil/spieler/180871","Centre-Forward","21","Romania","CS U Craiova","Liga II - Seria II","Romania",NA,TRUE,"End of loan Jun 30, 2014","Summer",NA,NA,NA,NA
"Pandurii Targu Jiu (- 2022)",NA,NA,"2014","Arrivals","Gëzim Shalaj","https://www.transfermarkt.com/gezim-shalaj/profil/spieler/138588","Left Winger","23","Switzerland","FC Lugano","Challenge League","Switzerland",NA,FALSE,"","Summer",36,33,3,1821
"Pandurii Targu Jiu (- 2022)",NA,NA,"2014","Departures","Nicandro Breeveld","https://www.transfermarkt.com/nicandro-breeveld/profil/spieler/53222","Defensive Midfield","27","Suriname","FCSB","SuperLiga","Romania",5e+05,FALSE,NA,"Summer",2,2,0,180
"Pandurii Targu Jiu (- 2022)",NA,NA,"2014","Departures","Deivydas Matulevicius","https://www.transfermarkt.com/deivydas-matulevicius/profil/spieler/100482","Centre-Forward","26","Lithuania","Tobol Kostanay","Premier Liga","Kazakhstan",0,FALSE,NA,"Summer",31,24,6,1425
"Pandurii Targu Jiu (- 2022)",NA,NA,"2014","Departures","David Distéfano","https://www.transfermarkt.com/david-distefano/profil/spieler/134862","Left Winger","27","Argentina","Gimnasia","Torneo Apertura ","Argentina",0,FALSE,NA,"Summer",NA,NA,NA,NA
"Pandurii Targu Jiu (- 2022)",NA,NA,"2014","Departures","Iulian Mamele","https://www.transfermarkt.com/iulian-mamele/profil/spieler/200472","Centre-Back","29","Romania","FCV Farul","SuperLiga","Romania",0,FALSE,NA,"Summer",NA,NA,NA,NA
"Pandurii Targu Jiu (- 2022)",NA,NA,"2014","Departures","Konyeha Onyeka","https://www.transfermarkt.com/konyeha-onyeka/profil/spieler/221818","Attacking Midfield","22","Nigeria","Rm. Valcea","Liga II - Seria II","Romania",0,FALSE,NA,"Summer",NA,NA,NA,NA
"Pandurii Targu Jiu (- 2022)",NA,NA,"2014","Departures","Alexandru Dan","https://www.transfermarkt.com/alexandru-dan/profil/spieler/212735","Defensive Midfield","20","Romania","FC Rapid 1923","SuperLiga","Romania",0,FALSE,NA,"Summer",NA,NA,NA,NA
"Pandurii Targu Jiu (- 2022)",NA,NA,"2014","Departures","Bruno Gomis","https://www.transfermarkt.com/bruno-gomis/profil/spieler/225867","Left Midfield","23","Guinea-Bissau","SVN Zweibrücken","Regionalliga Südwest","Germany",0,FALSE,NA,"Summer",NA,NA,NA,NA
"Pandurii Targu Jiu (- 2022)",NA,NA,"2014","Departures","Alexandru Neagu","https://www.transfermarkt.com/alexandru-neagu/profil/spieler/220850","Attacking Midfield","21","Romania","FC Arges",NA,"Romania",0,FALSE,NA,"Summer",NA,NA,NA,NA
"Pandurii Targu Jiu (- 2022)",NA,NA,"2014","Departures","Sipo","https://www.transfermarkt.com/sipo/profil/spieler/118990","Left-Back","26","Equatorial Guinea","AEK Larnaca","Cyprus League","Cyprus",0,FALSE,NA,"Summer",NA,NA,NA,NA
"Pandurii Targu Jiu (- 2022)",NA,NA,"2014","Departures","Ionut Rada","https://www.transfermarkt.com/ionut-rada/profil/spieler/180870","Centre-Back","24","Romania","CS Mioveni","Liga II - Seria II","Romania",0,FALSE,NA,"Summer",NA,NA,NA,NA
"Pandurii Targu Jiu (- 2022)",NA,NA,"2014","Departures","Daniel Unguru","https://www.transfermarkt.com/daniel-unguru/profil/spieler/203095","Central Midfield","20","Romania","Dinamo II",NA,"Romania",0,FALSE,NA,"Summer",NA,NA,NA,NA
"Pandurii Targu Jiu (- 2022)",NA,NA,"2014","Departures","Calin Cristea","https://www.transfermarkt.com/calin-cristea/profil/spieler/123284","Central Midfield","26","Romania","FC Brasov","SuperLiga","Romania",0,FALSE,NA,"Summer",NA,NA,NA,NA
"Pandurii Targu Jiu (- 2022)",NA,NA,"2014","Departures","Emmanuel Mbella","https://www.transfermarkt.com/emmanuel-mbella/profil/spieler/224876","Right Winger","22","France","SVN Zweibrücken","Regionalliga Südwest","Germany",0,FALSE,NA,"Summer",NA,NA,NA,NA
"Pandurii Targu Jiu (- 2022)",NA,NA,"2014","Departures","Doru Bratu","https://www.transfermarkt.com/doru-bratu/profil/spieler/81724","Centre-Back","25","Romania","U Cluj","SuperLiga","Romania",0,FALSE,NA,"Summer",NA,NA,NA,NA
"Pandurii Targu Jiu (- 2022)",NA,NA,"2014","Departures","Alexandru Ciucur","https://www.transfermarkt.com/alexandru-ciucur/profil/spieler/123302","Left Winger","24","Romania","ACSM Poli Iasi","SuperLiga","Romania",NA,TRUE,"loan transfer","Summer",NA,NA,NA,NA
"Pandurii Targu Jiu (- 2022)",NA,NA,"2014","Departures","Albert Voinea","https://www.transfermarkt.com/albert-voinea/profil/spieler/180871","Centre-Forward","21","Romania","Sportul Snagov","Liga II - Seria II","Romania",NA,TRUE,"loan transfer","Summer",NA,NA,NA,NA
"Pandurii Targu Jiu (- 2022)",NA,NA,"2014","Departures","Maximiliano Giusti","https://www.transfermarkt.com/maximiliano-giusti/profil/spieler/88330","Centre-Forward","23","Argentina","Without Club",NA,NA,NA,FALSE,"-","Summer",NA,NA,NA,NA
"Pandurii Targu Jiu (- 2022)",NA,NA,"2014","Departures","Matija Smrekar","https://www.transfermarkt.com/matija-smrekar/profil/spieler/49664","Centre-Forward","25","Croatia","Without Club",NA,NA,NA,FALSE,"-","Summer",1,1,0,31
"Pandurii Targu Jiu (- 2022)",NA,NA,"2014","Departures","Paraskevas Christou","https://www.transfermarkt.com/paraskevas-christou/profil/spieler/48933","Centre-Back","31","Cyprus",NA,NA,NA,NA,FALSE,"-","Summer",9,8,1,727
"Pandurii Targu Jiu (- 2022)",NA,NA,"2014","Departures","Alex Gonçalves","https://www.transfermarkt.com/alex-goncalves/profil/spieler/85312","Centre-Forward","24","Brazil","Tombense",NA,"Brazil",NA,TRUE,"End of loan Jun 30, 2014","Summer",NA,NA,NA,NA
"Pandurii Targu Jiu (- 2022)",NA,NA,"2014","Departures","Cătălin Pîrvulescu","https://www.transfermarkt.com/catalin-pirvulescu/profil/spieler/252189","Centre-Back","23","Romania","Rm. Valcea","Liga II - Seria II","Romania",NA,TRUE,"End of loan Sep 4, 2014","Summer",4,1,0,68
"Pandurii Targu Jiu (- 2022)",NA,NA,"2014","Arrivals","Eric","https://www.transfermarkt.com/eric/profil/spieler/81509","Attacking Midfield","29","Brazil","Al-Ahli","Saudi Pro League","Saudi Arabia",0,FALSE,NA,"Winter",16,16,3,321
"Pandurii Targu Jiu (- 2022)",NA,NA,"2014","Arrivals","Constantin Grecu","https://www.transfermarkt.com/constantin-grecu/profil/spieler/70037","Left-Back","26","Romania","FC Dinamo","SuperLiga","Romania",0,FALSE,NA,"Winter",13,3,0,99
"Pandurii Targu Jiu (- 2022)",NA,NA,"2014","Arrivals","Andrei Cordoș","https://www.transfermarkt.com/andrei-cordos/profil/spieler/54729","Centre-Back","26","Romania","FC Dinamo","SuperLiga","Romania",0,FALSE,NA,"Winter",18,18,2,1521
"Pandurii Targu Jiu (- 2022)",NA,NA,"2014","Arrivals","Nikola Vasiljevic","https://www.transfermarkt.com/nikola-vasiljevic/profil/spieler/129419","Centre-Back","23","Serbia","OFK Beograd","Super liga Srbije","Serbia",0,FALSE,NA,"Winter",20,19,0,1710
"Pandurii Targu Jiu (- 2022)",NA,NA,"2014","Arrivals","Valentin Munteanu","https://www.transfermarkt.com/valentin-munteanu/profil/spieler/210558","Right Winger","25","Romania","Fortuna PC","Liga II - Seria II","Romania",0,FALSE,NA,"Winter",NA,NA,NA,NA
"Pandurii Targu Jiu (- 2022)",NA,NA,"2014","Arrivals","Bogdan Șandru","https://www.transfermarkt.com/bogdan-sandru/profil/spieler/337753","Centre-Back","25","Romania","Fortuna PC","Liga II - Seria II","Romania",0,FALSE,NA,"Winter",18,5,1,408
"Pandurii Targu Jiu (- 2022)",NA,NA,"2014","Arrivals","Filip Mrzljak","https://www.transfermarkt.com/filip-mrzljak/profil/spieler/131324","Defensive Midfield","21","Croatia","NK Lokomotiva","SuperSport HNL","Croatia",NA,FALSE,"?","Winter",15,9,2,700
"Pandurii Targu Jiu (- 2022)",NA,NA,"2014","Arrivals","Mihai Pintilii","https://www.transfermarkt.com/mihai-pintilii/profil/spieler/48890","Defensive Midfield","30","Romania","Al-Hilal","Saudi Pro League","Saudi Arabia",NA,TRUE,"loan transfer","Winter",13,12,1,922
"Pandurii Targu Jiu (- 2022)",NA,NA,"2014","Arrivals","Albert Voinea","https://www.transfermarkt.com/albert-voinea/profil/spieler/180871","Centre-Forward","22","Romania","Sportul Snagov","Liga II - Seria II","Romania",NA,TRUE,"End of loan Jan 29, 2015","Winter",NA,NA,NA,NA
"Pandurii Targu Jiu (- 2022)",NA,NA,"2014","Departures","Cornel Predescu","https://www.transfermarkt.com/cornel-predescu/profil/spieler/44943","Attacking Midfield","27","Romania","Zawisza","Ekstraklasa","Poland",0,FALSE,NA,"Winter",17,15,1,593
"Pandurii Targu Jiu (- 2022)",NA,NA,"2014","Departures","Nejc Mevlja","https://www.transfermarkt.com/nejc-mevlja/profil/spieler/108882","Centre-Back","24","Slovenia","Zrinjski Mostar","Premijer Liga BiH","Bosnia-Herzegovina",0,FALSE,NA,"Winter",6,3,1,175
"Pandurii Targu Jiu (- 2022)",NA,NA,"2014","Departures","Albert Voinea","https://www.transfermarkt.com/albert-voinea/profil/spieler/180871","Centre-Forward","22","Romania","Soimii Pancota","Liga II - Seria II","Romania",0,FALSE,NA,"Winter",NA,NA,NA,NA
"Pandurii Targu Jiu (- 2022)",NA,NA,"2014","Departures","Laurențiu Iorga","https://www.transfermarkt.com/laurentiu-iorga/profil/spieler/59694","Right Winger","26","Romania","Otelul Galati","SuperLiga","Romania",NA,TRUE,"loan transfer","Winter",17,11,0,606
"Pandurii Targu Jiu (- 2022)",NA,NA,"2014","Departures","Valentin Munteanu","https://www.transfermarkt.com/valentin-munteanu/profil/spieler/210558","Right Winger","25","Romania","Ac. Clinceni","Liga 2","Romania",NA,TRUE,"loan transfer","Winter",NA,NA,NA,NA
"FCV Farul Constanta","SuperLiga","Romania","2014","Arrivals","Iulian Mamele","https://www.transfermarkt.com/iulian-mamele/profil/spieler/200472","Centre-Back","29","Romania","Pandurii ","SuperLiga","Romania",0,FALSE,NA,"Summer",28,26,0,2239
"FCV Farul Constanta","SuperLiga","Romania","2014","Arrivals","Alin Șeroni","https://www.transfermarkt.com/alin-seroni/profil/spieler/243846","Centre-Back","27","Romania","ACS Poli","Liga II - Seria II","Romania",0,FALSE,NA,"Summer",4,3,0,144
"FCV Farul Constanta","SuperLiga","Romania","2014","Arrivals","Silviu Pană","https://www.transfermarkt.com/silviu-pana/profil/spieler/199686","Central Midfield","22","Romania","Concordia","SuperLiga","Romania",0,FALSE,NA,"Summer",27,25,0,1605
"FCV Farul Constanta","SuperLiga","Romania","2014","Arrivals","Alexandru Neacșa","https://www.transfermarkt.com/alexandru-neacsa/profil/spieler/209652","Central Midfield","23","Romania","CS U Craiova","SuperLiga","Romania",0,FALSE,NA,"Summer",10,7,0,361
"FCV Farul Constanta","SuperLiga","Romania","2014","Arrivals","Marko Andjelkovic","https://www.transfermarkt.com/marko-andjelkovic/profil/spieler/36908","Central Midfield","29","Serbia","Sūduva","A Lyga","Lithuania",0,FALSE,NA,"Summer",12,12,0,706
"FCV Farul Constanta","SuperLiga","Romania","2014","Arrivals","Adrian Piț","https://www.transfermarkt.com/adrian-pit/profil/spieler/19924","Left Midfield","31","Romania","Khazar Lankaran","Premyer Liqa","Azerbaijan",0,FALSE,NA,"Summer",4,2,0,154
"FCV Farul Constanta","SuperLiga","Romania","2014","Arrivals","Adrian Markus","https://www.transfermarkt.com/adrian-markus/profil/spieler/208460","Centre-Forward","22","Romania","Gaz Metan","SuperLiga","Romania",0,FALSE,NA,"Summer",12,6,0,307
"FCV Farul Constanta","SuperLiga","Romania","2014","Arrivals","Nelson Bonilla","https://www.transfermarkt.com/nelson-bonilla/profil/spieler/227314","Centre-Forward","23","El Salvador","Alianza FC",NA,"El Salvador",0,FALSE,NA,"Summer",29,25,7,1702
"FCV Farul Constanta","SuperLiga","Romania","2014","Arrivals","Robert Hodorogea","https://www.transfermarkt.com/robert-hodorogea/profil/spieler/289403","Centre-Back","19","Romania","FCV Farul U18",NA,"Romania",NA,FALSE,"-","Summer",25,17,0,1211
"FCV Farul Constanta","SuperLiga","Romania","2014","Arrivals","Adrian Boitos","https://www.transfermarkt.com/adrian-boitos/profil/spieler/290441","Centre-Back","19","Romania","FCV Farul U18",NA,"Romania",NA,FALSE,"-","Summer",2,0,0,0
"FCV Farul Constanta","SuperLiga","Romania","2014","Arrivals","Ianis Hagi","https://www.transfermarkt.com/ianis-hagi/profil/spieler/282076","Attacking Midfield","15","Romania","FCV Farul U18",NA,"Romania",NA,FALSE,"-","Summer",10,7,1,160
"FCV Farul Constanta","SuperLiga","Romania","2014","Arrivals","Florin Cioablă","https://www.transfermarkt.com/florin-cioabla/profil/spieler/330794","Attacking Midfield","18","Romania","FCV Farul U18",NA,"Romania",NA,FALSE,"-","Summer",7,6,0,229
"FCV Farul Constanta","SuperLiga","Romania","2014","Arrivals","Dragoș Nedelcu","https://www.transfermarkt.com/dragos-nedelcu/profil/spieler/295868","Defensive Midfield","17","Romania","FCV Farul U18",NA,"Romania",NA,FALSE,"-","Summer",26,18,1,1042
"FCV Farul Constanta","SuperLiga","Romania","2014","Arrivals","Carlo Casap","https://www.transfermarkt.com/carlo-casap/profil/spieler/340981","Central Midfield","16","Romania","FCV Farul U18",NA,"Romania",NA,FALSE,"-","Summer",1,1,1,24
"FCV Farul Constanta","SuperLiga","Romania","2014","Arrivals","Mirel Bolboașă","https://www.transfermarkt.com/mirel-bolboasa/profil/spieler/64114","Goalkeeper","24","Romania","Ac. Clinceni","Liga 2","Romania",NA,TRUE,"End of loan Jun 30, 2014","Summer",NA,NA,NA,NA
"FCV Farul Constanta","SuperLiga","Romania","2014","Arrivals","Vlad Rusu","https://www.transfermarkt.com/vlad-rusu/profil/spieler/112944","Centre-Forward","24","Romania","Ac. Clinceni","Liga 2","Romania",NA,TRUE,"End of loan Jun 30, 2014","Summer",5,4,0,162
"FCV Farul Constanta","SuperLiga","Romania","2014","Arrivals","Claudiu Herea","https://www.transfermarkt.com/claudiu-herea/profil/spieler/210072","Left Winger","24","Romania","FC Rapid 1923","Liga 2","Romania",NA,TRUE,"End of loan Jun 30, 2014","Summer",NA,NA,NA,NA
"FCV Farul Constanta","SuperLiga","Romania","2014","Arrivals","Cornel Suciu","https://www.transfermarkt.com/cornel-suciu/profil/spieler/337944","Centre-Back","21","Romania","Soimii Pancota","Liga II - Seria II","Romania",NA,TRUE,"End of loan Jun 30, 2015","Summer",NA,NA,NA,NA
"FCV Farul Constanta","SuperLiga","Romania","2014","Arrivals","Sascha Marinkovic","https://www.transfermarkt.com/sascha-marinkovic/profil/spieler/208808","Centre-Forward","21","Romania","FC Voluntari",NA,"Romania",NA,TRUE,"End of loan Jun 30, 2014","Summer",NA,NA,NA,NA
"FCV Farul Constanta","SuperLiga","Romania","2014","Arrivals","Marco Musca","https://www.transfermarkt.com/marco-musca/profil/spieler/249043","Central Midfield","21","Romania","FC Voluntari",NA,"Romania",NA,TRUE,"End of loan Jun 30, 2014","Summer",NA,NA,NA,NA
"FCV Farul Constanta","SuperLiga","Romania","2014","Arrivals","Radu Cureteu","https://www.transfermarkt.com/radu-cureteu/profil/spieler/208789","Right-Back","21","Romania","FC Voluntari",NA,"Romania",NA,TRUE,"End of loan Jun 30, 2014","Summer",0,0,0,0
"FCV Farul Constanta","SuperLiga","Romania","2014","Arrivals","George Șerban","https://www.transfermarkt.com/george-serban/profil/spieler/186549","Goalkeeper","20","Romania","FC Voluntari",NA,"Romania",NA,TRUE,"End of loan Jun 30, 2014","Summer",NA,NA,NA,NA
"FCV Farul Constanta","SuperLiga","Romania","2014","Arrivals","Vlăduţ Hînţescu","https://www.transfermarkt.com/vladut-hintescu/profil/spieler/317030","Goalkeeper","20","Romania","Foresta Suceava","Liga 2","Romania",NA,TRUE,"End of loan Jun 30, 2014","Summer",NA,NA,NA,NA
"FCV Farul Constanta","SuperLiga","Romania","2014","Departures","Alin Toșca","https://www.transfermarkt.com/alin-tosca/profil/spieler/148004","Centre-Back","22","Romania","FCSB","SuperLiga","Romania",4e+05,FALSE,NA,"Summer",NA,NA,NA,NA
"FCV Farul Constanta","SuperLiga","Romania","2014","Departures","Alexandru Băluță","https://www.transfermarkt.com/alexandru-baluta/profil/spieler/212746","Right Winger","20","Romania","CS U Craiova","SuperLiga","Romania",2e+05,FALSE,NA,"Summer",NA,NA,NA,NA
"FCV Farul Constanta","SuperLiga","Romania","2014","Departures","Mircea Axente","https://www.transfermarkt.com/mircea-axente/profil/spieler/69558","Centre-Forward","27","Romania","Ermis Aradippou","Cyprus League","Cyprus",0,FALSE,NA,"Summer",NA,NA,NA,NA
"FCV Farul Constanta","SuperLiga","Romania","2014","Departures","Alex Lazăr","https://www.transfermarkt.com/alex-lazar/profil/spieler/147995","Central Midfield","23","Romania","ACS Poli","Liga II - Seria II","Romania",0,FALSE,NA,"Summer",NA,NA,NA,NA
"FCV Farul Constanta","SuperLiga","Romania","2014","Departures","Ionuț Larie","https://www.transfermarkt.com/ionut-larie/profil/spieler/46582","Centre-Back","27","Romania","CFR Cluj","SuperLiga","Romania",0,FALSE,NA,"Summer",NA,NA,NA,NA
"FCV Farul Constanta","SuperLiga","Romania","2014","Departures","Vlad Rusu","https://www.transfermarkt.com/vlad-rusu/profil/spieler/112944","Centre-Forward","24","Romania","Ac. Clinceni","Liga 2","Romania",0,FALSE,NA,"Summer",5,4,0,162
"FCV Farul Constanta","SuperLiga","Romania","2014","Departures","Marco Musca","https://www.transfermarkt.com/marco-musca/profil/spieler/249043","Central Midfield","21","Romania","FC Caransebes","Liga II - Seria II","Romania",0,FALSE,NA,"Summer",NA,NA,NA,NA
"FCV Farul Constanta","SuperLiga","Romania","2014","Departures","Radu Cureteu","https://www.transfermarkt.com/radu-cureteu/profil/spieler/208789","Right-Back","21","Romania","Minerul Motru",NA,"Romania",0,FALSE,NA,"Summer",0,0,0,0
"FCV Farul Constanta","SuperLiga","Romania","2014","Departures","Mirel Bolboașă","https://www.transfermarkt.com/mirel-bolboasa/profil/spieler/64114","Goalkeeper","24","Romania","Petrolul","SuperLiga","Romania",NA,TRUE,"loan transfer","Summer",NA,NA,NA,NA
"FCV Farul Constanta","SuperLiga","Romania","2014","Departures","Sergiu Moga","https://www.transfermarkt.com/sergiu-moga/profil/spieler/117281","Right-Back","22","Romania","FC Voluntari","Liga 2","Romania",NA,TRUE,"loan transfer","Summer",1,0,0,0
"FCV Farul Constanta","SuperLiga","Romania","2014","Departures","Sascha Marinkovic","https://www.transfermarkt.com/sascha-marinkovic/profil/spieler/208808","Centre-Forward","21","Romania","Foresta Suceava","Liga 2","Romania",NA,TRUE,"loan transfer","Summer",NA,NA,NA,NA
"FCV Farul Constanta","SuperLiga","Romania","2014","Departures","George Șerban","https://www.transfermarkt.com/george-serban/profil/spieler/186549","Goalkeeper","20","Romania","Fortuna PC","Liga II - Seria II","Romania",NA,TRUE,"loan transfer","Summer",NA,NA,NA,NA
"FCV Farul Constanta","SuperLiga","Romania","2014","Departures","Vlăduţ Hînţescu","https://www.transfermarkt.com/vladut-hintescu/profil/spieler/317030","Goalkeeper","20","Romania","FC Voluntari","Liga 2","Romania",NA,TRUE,"loan transfer","Summer",NA,NA,NA,NA
"FCV Farul Constanta","SuperLiga","Romania","2014","Departures","Claudiu Herea","https://www.transfermarkt.com/claudiu-herea/profil/spieler/210072","Left Winger","24","Romania","Without Club",NA,NA,NA,FALSE,"-","Summer",NA,NA,NA,NA
"FCV Farul Constanta","SuperLiga","Romania","2014","Departures","Ionuț Năstăsie","https://www.transfermarkt.com/ionut-nastasie/profil/spieler/148000","Left Winger","22","Romania","Without Club",NA,NA,NA,FALSE,"-","Summer",5,5,0,221
"FCV Farul Constanta","SuperLiga","Romania","2014","Departures","Nicolae Dică","https://www.transfermarkt.com/nicolae-dica/profil/spieler/15004","Second Striker","34","Romania",NA,NA,NA,NA,FALSE,"-","Summer",NA,NA,NA,NA
"FCV Farul Constanta","SuperLiga","Romania","2014","Arrivals","Bănel Nicoliță","https://www.transfermarkt.com/banel-nicolita/profil/spieler/34758","Right Winger","30","Romania","Without Club",NA,NA,0,FALSE,NA,"Winter",15,15,2,1259
"FCV Farul Constanta","SuperLiga","Romania","2014","Arrivals","Henrique","https://www.transfermarkt.com/henrique/profil/spieler/101197","Centre-Forward","28","Brazil","FC Dinamo","SuperLiga","Romania",0,FALSE,NA,"Winter",12,9,1,450
"FCV Farul Constanta","SuperLiga","Romania","2014","Arrivals","Călin Albuț","https://www.transfermarkt.com/calin-albut/profil/spieler/46487","Goalkeeper","33","Romania","Sageata Navodar","Liga 2","Romania",0,FALSE,NA,"Winter",16,13,0,1170
"FCV Farul Constanta","SuperLiga","Romania","2014","Arrivals","Andrei Sava","https://www.transfermarkt.com/andrei-sava/profil/spieler/97515","Left-Back","23","Romania","V. Axintele",NA,"Romania",0,FALSE,NA,"Winter",4,1,0,73
"FCV Farul Constanta","SuperLiga","Romania","2014","Arrivals","Andrei Vaștag","https://www.transfermarkt.com/andrei-vastag/profil/spieler/186745","Defensive Midfield","20","Romania","Sportul Snagov","Liga II - Seria II","Romania",0,FALSE,NA,"Winter",0,0,0,0
"FCV Farul Constanta","SuperLiga","Romania","2014","Arrivals","Cătălin Munteanu","https://www.transfermarkt.com/catalin-munteanu/profil/spieler/16615","Attacking Midfield","35","Romania","FC Brasov","SuperLiga","Romania",0,FALSE,NA,"Winter",9,3,0,137
"FCV Farul Constanta","SuperLiga","Romania","2014","Arrivals","Fabrice Olinga","https://www.transfermarkt.com/fabrice-olinga/profil/spieler/238291","Left Winger","18","Cameroon","Sampdoria","Serie A","Italy",NA,TRUE,"loan transfer","Winter",0,0,0,0
"FCV Farul Constanta","SuperLiga","Romania","2014","Arrivals","Paul Pârvulescu","https://www.transfermarkt.com/paul-parvulescu/profil/spieler/81494","Left-Back","26","Romania","FCSB","SuperLiga","Romania",NA,TRUE,"loan transfer","Winter",3,1,0,8
"FCV Farul Constanta","SuperLiga","Romania","2014","Departures","Dragoș Balauru","https://www.transfermarkt.com/dragos-balauru/profil/spieler/175972","Goalkeeper","25","Romania","FC Voluntari","Liga 2","Romania",0,FALSE,NA,"Winter",20,8,0,780
"FCV Farul Constanta","SuperLiga","Romania","2014","Departures","Marko Andjelkovic","https://www.transfermarkt.com/marko-andjelkovic/profil/spieler/36908","Central Midfield","30","Serbia","ÍA Akranes","Besta deild","Iceland",0,FALSE,NA,"Winter",12,12,0,706
"FCV Farul Constanta","SuperLiga","Romania","2014","Departures","Alin Șeroni","https://www.transfermarkt.com/alin-seroni/profil/spieler/243846","Centre-Back","27","Romania","FC Brasov","SuperLiga","Romania",0,FALSE,NA,"Winter",4,3,0,144
"FCV Farul Constanta","SuperLiga","Romania","2014","Departures","Adrian Markus","https://www.transfermarkt.com/adrian-markus/profil/spieler/208460","Centre-Forward","22","Romania","Olimpia SM","Liga II - Seria II","Romania",0,FALSE,NA,"Winter",12,6,0,307
"FCV Farul Constanta","SuperLiga","Romania","2014","Departures","Adrian Piț","https://www.transfermarkt.com/adrian-pit/profil/spieler/19924","Left Midfield","31","Romania","UTA Arad",NA,"Romania",0,FALSE,NA,"Winter",4,2,0,154
"FCV Farul Constanta","SuperLiga","Romania","2014","Departures","Alin Cârstocea","https://www.transfermarkt.com/alin-carstocea/profil/spieler/164235","Central Midfield","23","Romania","FC Voluntari","Liga 2","Romania",NA,TRUE,"loan transfer","Winter",11,9,0,415
"FCV Farul Constanta","SuperLiga","Romania","2014","Departures","Florin Cioablă","https://www.transfermarkt.com/florin-cioabla/profil/spieler/330794","Attacking Midfield","18","Romania","Soimii Pancota","Liga II - Seria II","Romania",NA,TRUE,"loan transfer","Winter",7,6,0,229
"CS Universitatea Craiova","SuperLiga","Romania","2014","Arrivals","Alexandru Mateiu","https://www.transfermarkt.com/alexandru-mateiu/profil/spieler/64193","Central Midfield","24","Romania","FC Brasov","SuperLiga","Romania",5e+05,FALSE,NA,"Summer",26,25,2,1930
"CS Universitatea Craiova","SuperLiga","Romania","2014","Arrivals","Alexandru Băluță","https://www.transfermarkt.com/alexandru-baluta/profil/spieler/212746","Right Winger","20","Romania","FCV Farul","SuperLiga","Romania",2e+05,FALSE,NA,"Summer",35,34,3,2317
"CS Universitatea Craiova","SuperLiga","Romania","2014","Arrivals","Nicușor Bancu","https://www.transfermarkt.com/nicusor-bancu/profil/spieler/213195","Left-Back","21","Romania","FC Olt Slatina","Liga II - Seria II","Romania",80000,FALSE,NA,"Summer",18,16,1,1092
"CS Universitatea Craiova","SuperLiga","Romania","2014","Arrivals","Cristian Bălgrădean","https://www.transfermarkt.com/cristian-balgradean/profil/spieler/158839","Goalkeeper","26","Romania","FC Dinamo","SuperLiga","Romania",0,FALSE,NA,"Summer",29,29,0,2640
"CS Universitatea Craiova","SuperLiga","Romania","2014","Arrivals","Madson","https://www.transfermarkt.com/madson/profil/spieler/244832","Defensive Midfield","23","Brazil","FC Vaslui",NA,"Romania",0,FALSE,NA,"Summer",30,30,1,2454
"CS Universitatea Craiova","SuperLiga","Romania","2014","Arrivals","Pablo Brandán","https://www.transfermarkt.com/pablo-brandan/profil/spieler/51711","Central Midfield","31","Argentina","B. Jerusalem","Ligat ha'Al","Israel",0,FALSE,NA,"Summer",25,24,4,1983
"CS Universitatea Craiova","SuperLiga","Romania","2014","Arrivals","Thaer Bawab","https://www.transfermarkt.com/thaer-bawab/profil/spieler/40480","Centre-Forward","29","Jordan","Kalba FC","UAE Pro League","United Arab Emirates",0,FALSE,NA,"Summer",27,27,9,2260
"CS Universitatea Craiova","SuperLiga","Romania","2014","Arrivals","Cosmin Frasinescu","https://www.transfermarkt.com/cosmin-frasinescu/profil/spieler/46546","Centre-Back","29","Romania","Gaz Metan","SuperLiga","Romania",0,FALSE,NA,"Summer",34,32,0,2858
"CS Universitatea Craiova","SuperLiga","Romania","2014","Arrivals","Ionut Tarnacop","https://www.transfermarkt.com/ionut-tarnacop/profil/spieler/163704","Right Midfield","27","Romania","U Cluj","SuperLiga","Romania",0,FALSE,NA,"Summer",27,26,3,2052
"CS Universitatea Craiova","SuperLiga","Romania","2014","Arrivals","Sebastian Achim","https://www.transfermarkt.com/sebastian-achim/profil/spieler/69460","Right-Back","28","Romania","Petrolul","SuperLiga","Romania",0,FALSE,NA,"Summer",29,27,0,2446
"CS Universitatea Craiova","SuperLiga","Romania","2014","Arrivals","Alexandru Neacșa","https://www.transfermarkt.com/alexandru-neacsa/profil/spieler/209652","Central Midfield","22","Romania","FC Brasov-SR",NA,"Romania",0,FALSE,NA,"Summer",4,4,0,126
"CS Universitatea Craiova","SuperLiga","Romania","2014","Arrivals","Ovidiu Dănănae","https://www.transfermarkt.com/ovidiu-dananae/profil/spieler/47574","Centre-Back","28","Romania","Apol. Limassol","Cyprus League","Cyprus",0,FALSE,NA,"Summer",6,3,0,270
"CS Universitatea Craiova","SuperLiga","Romania","2014","Arrivals","Nuno Rocha","https://www.transfermarkt.com/nuno-rocha/profil/spieler/237355","Attacking Midfield","22","Cape Verde","Marítimo B","Liga Portugal 2","Portugal",0,FALSE,NA,"Summer",32,31,8,2365
"CS Universitatea Craiova","SuperLiga","Romania","2014","Arrivals","Cătălin Straton","https://www.transfermarkt.com/catalin-straton/profil/spieler/123251","Goalkeeper","24","Romania","FC Vaslui",NA,"Romania",0,FALSE,NA,"Summer",29,3,0,270
"CS Universitatea Craiova","SuperLiga","Romania","2014","Arrivals","Andrei Hergheligiu","https://www.transfermarkt.com/andrei-hergheligiu/profil/spieler/208799","Left Winger","22","Romania","ACSM Poli Iasi","SuperLiga","Romania",0,FALSE,NA,"Summer",29,23,3,916
"CS Universitatea Craiova","SuperLiga","Romania","2014","Arrivals","Silviu Izvoranu","https://www.transfermarkt.com/silviu-izvoranu/profil/spieler/47165","Centre-Back","31","Romania","Rm. Valcea","Liga II - Seria II","Romania",0,FALSE,NA,"Summer",18,10,0,663
"CS Universitatea Craiova","SuperLiga","Romania","2014","Arrivals","Adrian Avramia","https://www.transfermarkt.com/adrian-avramia/profil/spieler/192861","Centre-Back","22","Romania","ACSM Poli Iasi","SuperLiga","Romania",0,FALSE,NA,"Summer",12,2,0,95
"CS Universitatea Craiova","SuperLiga","Romania","2014","Arrivals","Kay","https://www.transfermarkt.com/kaytm/profil/spieler/168125","Centre-Back","26","Cape Verde","Belenenses","Liga Portugal","Portugal",NA,FALSE,"?","Summer",25,16,0,992
"CS Universitatea Craiova","SuperLiga","Romania","2014","Arrivals","Stephane Acka","https://www.transfermarkt.com/stephane-acka/profil/spieler/287203","Centre-Back","23","Cote d'Ivoire","Without Club",NA,NA,NA,FALSE,"-","Summer",34,29,0,2401
"CS Universitatea Craiova","SuperLiga","Romania","2014","Departures","Alexandru Neacșa","https://www.transfermarkt.com/alexandru-neacsa/profil/spieler/209652","Central Midfield","23","Romania","FCV Farul","SuperLiga","Romania",0,FALSE,NA,"Summer",4,4,0,126
"CS Universitatea Craiova","SuperLiga","Romania","2014","Departures","Florin Patrascu","https://www.transfermarkt.com/florin-patrascu/profil/spieler/56527","Defensive Midfield","28","Romania","Sageata Navodar","Liga 2","Romania",0,FALSE,NA,"Summer",NA,NA,NA,NA
"CS Universitatea Craiova","SuperLiga","Romania","2014","Departures","Marian Cârjă","https://www.transfermarkt.com/marian-carja/profil/spieler/48658","Right-Back","27","Romania","Sageata Navodar","Liga 2","Romania",0,FALSE,NA,"Summer",NA,NA,NA,NA
"CS Universitatea Craiova","SuperLiga","Romania","2014","Departures","Cristian Ganea","https://www.transfermarkt.com/cristian-ganea/profil/spieler/262117","Left-Back","22","Romania","Sageata Navodar","Liga 2","Romania",0,FALSE,NA,"Summer",NA,NA,NA,NA
"CS Universitatea Craiova","SuperLiga","Romania","2014","Departures","Silviu Izvoranu","https://www.transfermarkt.com/silviu-izvoranu/profil/spieler/47165","Centre-Back","31","Romania","Rm. Valcea","Liga II - Seria II","Romania",0,FALSE,NA,"Summer",18,10,0,663
"CS Universitatea Craiova","SuperLiga","Romania","2014","Departures","Zoran Ljubinkovic","https://www.transfermarkt.com/zoran-ljubinkovic/profil/spieler/13904","Centre-Back","31","Serbia","Radnicki Nis","Super liga Srbije","Serbia",0,FALSE,NA,"Summer",NA,NA,NA,NA
"CS Universitatea Craiova","SuperLiga","Romania","2014","Departures","Ionuț Stancu","https://www.transfermarkt.com/ionut-stancu/profil/spieler/35441","Left Midfield","31","Romania","Rm. Valcea","Liga II - Seria II","Romania",0,FALSE,NA,"Summer",NA,NA,NA,NA
"CS Universitatea Craiova","SuperLiga","Romania","2014","Departures","Gabriel Precup","https://www.transfermarkt.com/gabriel-precup/profil/spieler/168282","Central Midfield","27","Romania","FC Caransebes","Liga II - Seria II","Romania",0,FALSE,NA,"Summer",NA,NA,NA,NA
"CS Universitatea Craiova","SuperLiga","Romania","2014","Departures","Vukasin Tomic","https://www.transfermarkt.com/vukasin-tomic/profil/spieler/90077","Centre-Back","27","Serbia","Napredak","Super liga Srbije","Serbia",0,FALSE,NA,"Summer",NA,NA,NA,NA
"CS Universitatea Craiova","SuperLiga","Romania","2014","Departures","Ionuț Șerban","https://www.transfermarkt.com/ionut-serban/profil/spieler/212764","Central Midfield","22","Romania","Viitor. Craiova",NA,"Romania",0,FALSE,NA,"Summer",NA,NA,NA,NA
"CS Universitatea Craiova","SuperLiga","Romania","2014","Departures","Enache Caju","https://www.transfermarkt.com/enache-caju/profil/spieler/58679","Right Midfield","30","Romania","Rm. Valcea","Liga II - Seria II","Romania",0,FALSE,NA,"Summer",NA,NA,NA,NA
"CS Universitatea Craiova","SuperLiga","Romania","2014","Departures","Claudiu Dragu","https://www.transfermarkt.com/claudiu-dragu/profil/spieler/208791","Centre-Forward","22","Romania","Delta Dobrogea",NA,"Romania",0,FALSE,NA,"Summer",NA,NA,NA,NA
"CS Universitatea Craiova","SuperLiga","Romania","2014","Departures","Răzvan Gorovei","https://www.transfermarkt.com/razvan-gorovei/profil/spieler/208797","Right Winger","20","Romania","Sageata Navodar","Liga 2","Romania",0,FALSE,NA,"Summer",NA,NA,NA,NA
"CS Universitatea Craiova","SuperLiga","Romania","2014","Departures","Nemanja Latinovic","https://www.transfermarkt.com/nemanja-latinovic/profil/spieler/186492","Goalkeeper","20","Serbia","Backa","Prva liga Srbije","Serbia",0,FALSE,NA,"Summer",NA,NA,NA,NA
"CS Universitatea Craiova","SuperLiga","Romania","2014","Departures","Jason Vandelannoite","https://www.transfermarkt.com/jason-vandelannoite/profil/spieler/33872","Right-Back","27","Belgium","KRC Gent",NA,"Belgium",0,FALSE,NA,"Summer",NA,NA,NA,NA
"CS Universitatea Craiova","SuperLiga","Romania","2014","Departures","Tome Kitanovski","https://www.transfermarkt.com/tome-kitanovski/profil/spieler/186881","Centre-Back","22","North Macedonia","Vozdovac","Super liga Srbije","Serbia",NA,FALSE,"?","Summer",NA,NA,NA,NA
"CS Universitatea Craiova","SuperLiga","Romania","2014","Departures","Răzvan Patriche","https://www.transfermarkt.com/razvan-patriche/profil/spieler/64218","Centre-Back","28","Romania","Without Club",NA,NA,NA,FALSE,"-","Summer",NA,NA,NA,NA
"CS Universitatea Craiova","SuperLiga","Romania","2014","Departures","Adrian Ionescu","https://www.transfermarkt.com/adrian-ionescu/profil/spieler/46570","Defensive Midfield","28","Romania","Without Club",NA,NA,NA,FALSE,"-","Summer",NA,NA,NA,NA
"CS Universitatea Craiova","SuperLiga","Romania","2014","Departures","Ionut Irimia","https://www.transfermarkt.com/ionut-irimia/profil/spieler/164514","Goalkeeper","35","Romania","Without Club",NA,NA,NA,FALSE,"-","Summer",1,1,0,90
"CS Universitatea Craiova","SuperLiga","Romania","2014","Departures","Marian Pop","https://www.transfermarkt.com/marian-pop/profil/spieler/168465","Midfielder","22","Romania","Without Club",NA,NA,NA,FALSE,"-","Summer",NA,NA,NA,NA
"CS Universitatea Craiova","SuperLiga","Romania","2014","Departures","David Stăiculescu","https://www.transfermarkt.com/david-staiculescu/profil/spieler/740734","Centre-Back","13","Romania","CSU Craiova U19",NA,"Romania",NA,FALSE,"-","Summer",NA,NA,NA,NA
"CS Universitatea Craiova","SuperLiga","Romania","2014","Departures","Albert Voinea","https://www.transfermarkt.com/albert-voinea/profil/spieler/180871","Centre-Forward","21","Romania","Pandurii ","SuperLiga","Romania",NA,TRUE,"End of loan Jun 30, 2014","Summer",NA,NA,NA,NA
"CS Universitatea Craiova","SuperLiga","Romania","2014","Arrivals","Andrei Dumitraș","https://www.transfermarkt.com/andrei-dumitras/profil/spieler/143833","Right-Back","26","Romania","Ceahlaul","SuperLiga","Romania",1e+05,FALSE,NA,"Winter",15,8,0,419
"CS Universitatea Craiova","SuperLiga","Romania","2014","Arrivals","Marius Briceag","https://www.transfermarkt.com/marius-briceag/profil/spieler/209063","Left-Back","22","Romania","Rm. Valcea","Liga II - Seria II","Romania",1e+05,FALSE,NA,"Winter",14,8,0,271
"CS Universitatea Craiova","SuperLiga","Romania","2014","Arrivals","Adrian Carstea","https://www.transfermarkt.com/adrian-carstea/profil/spieler/344828","Attacking Midfield","19","Romania","CS U Craiova II",NA,"Romania",NA,FALSE,"-","Winter",17,9,0,176
"CS Universitatea Craiova","SuperLiga","Romania","2014","Departures","Mihăiță Pleșan","https://www.transfermarkt.com/mihaita-plesan/profil/spieler/26683","Central Midfield","31","Romania",NA,NA,NA,0,FALSE,NA,"Winter",14,10,0,215
"CS Universitatea Craiova","SuperLiga","Romania","2014","Departures","Nerijus Valskis","https://www.transfermarkt.com/nerijus-valskis/profil/spieler/42665","Centre-Forward","27","Lithuania","Wigry Suwalki","Betclic 1 Liga","Poland",0,FALSE,NA,"Winter",4,1,0,19
"CS Universitatea Craiova","SuperLiga","Romania","2014","Departures","Ivan Dragicevic","https://www.transfermarkt.com/ivan-dragicevic/profil/spieler/169499","Centre-Forward","21","Serbia","Sindjelic Bg","Prva liga Srbije","Serbia",0,FALSE,NA,"Winter",0,0,0,0
"FC Rapid 1923","SuperLiga","Romania","2014","Arrivals","Rui Miguel","https://www.transfermarkt.com/rui-miguel/profil/spieler/24709","Attacking Midfield","30","Portugal","Paços Ferreira","Liga Portugal","Portugal",0,FALSE,NA,"Summer",12,12,0,745
"FC Rapid 1923","SuperLiga","Romania","2014","Arrivals","Ioan Mera","https://www.transfermarkt.com/ioan-mera/profil/spieler/103523","Centre-Back","27","Romania","ACS Poli","Liga II - Seria II","Romania",0,FALSE,NA,"Summer",14,11,0,926
"FC Rapid 1923","SuperLiga","Romania","2014","Arrivals","Alexandru Dan","https://www.transfermarkt.com/alexandru-dan/profil/spieler/212735","Defensive Midfield","20","Romania","Pandurii ","SuperLiga","Romania",0,FALSE,NA,"Summer",23,11,0,527
"FC Rapid 1923","SuperLiga","Romania","2014","Arrivals","Laurențiu Buș","https://www.transfermarkt.com/laurentiu-bus/profil/spieler/54728","Central Midfield","26","Romania","Enisey","1.Division","Russia",0,FALSE,NA,"Summer",13,13,1,806
"FC Rapid 1923","SuperLiga","Romania","2014","Arrivals","Jean-Bryan Boukaka","https://www.transfermarkt.com/jean-bryan-boukaka/profil/spieler/126678","Centre-Forward","22","France","Amiens SC","Championnat National","France",0,FALSE,NA,"Summer",2,2,0,96
"FC Rapid 1923","SuperLiga","Romania","2014","Arrivals","Iulian Roșu","https://www.transfermarkt.com/iulian-rosu/profil/spieler/186742","Central Midfield","20","Romania","FCSB","SuperLiga","Romania",0,FALSE,NA,"Summer",17,14,0,748
"FC Rapid 1923","SuperLiga","Romania","2014","Arrivals","Mircea Bornescu","https://www.transfermarkt.com/mircea-bornescu/profil/spieler/47569","Goalkeeper","34","Romania","Petrolul","SuperLiga","Romania",0,FALSE,NA,"Summer",28,15,0,1350
"FC Rapid 1923","SuperLiga","Romania","2014","Arrivals","Cătălin Savin","https://www.transfermarkt.com/catalin-savin/profil/spieler/81504","Defensive Midfield","23","Romania","Concordia","SuperLiga","Romania",0,FALSE,NA,"Summer",10,8,0,556
"FC Rapid 1923","SuperLiga","Romania","2014","Arrivals","Sebastian Cojocnean","https://www.transfermarkt.com/sebastian-cojocnean/profil/spieler/104063","Right Winger","26","Romania","Gaz Metan","SuperLiga","Romania",0,FALSE,NA,"Summer",14,9,0,573
"FC Rapid 1923","SuperLiga","Romania","2014","Arrivals","Nicolae Milinceanu","https://www.transfermarkt.com/nicolae-milinceanu/profil/spieler/256669","Centre-Forward","22","Moldova","FC Veris","Divizia Nationala (-2017)","Moldova",0,FALSE,NA,"Summer",3,2,0,81
"FC Rapid 1923","SuperLiga","Romania","2014","Arrivals","Valentin Balint","https://www.transfermarkt.com/valentin-balint/profil/spieler/220911","Centre-Forward","20","Romania","FC Dinamo","SuperLiga","Romania",0,FALSE,NA,"Summer",9,5,0,221
"FC Rapid 1923","SuperLiga","Romania","2014","Arrivals","Kikas","https://www.transfermarkt.com/kikas/profil/spieler/100130","Attacking Midfield","23","Portugal","Sporting B","Liga Portugal 2","Portugal",NA,TRUE,"loan transfer","Summer",11,6,0,344
"FC Rapid 1923","SuperLiga","Romania","2014","Arrivals","Gaston Mendy","https://www.transfermarkt.com/gaston-mendy/profil/spieler/35659","Left-Back","28","Senegal","Without Club",NA,NA,NA,FALSE,"-","Summer",10,9,0,725
"FC Rapid 1923","SuperLiga","Romania","2014","Departures","Catalin Paun","https://www.transfermarkt.com/catalin-paun/profil/spieler/53214","Centre-Back","26","Romania","CS Balotesti","Liga 2","Romania",0,FALSE,NA,"Summer",3,3,0,225
"FC Rapid 1923","SuperLiga","Romania","2014","Departures","Florin Istrate","https://www.transfermarkt.com/florin-istrate/profil/spieler/241335","Central Midfield","25","Romania","Daco-Getica",NA,"Romania",0,FALSE,NA,"Summer",NA,NA,NA,NA
"FC Rapid 1923","SuperLiga","Romania","2014","Departures","Darko Lukanovic","https://www.transfermarkt.com/darko-lukanovic/profil/spieler/18784","Centre-Forward","30","Sweden","HAGL FC","V.League 1","Vietnam",0,FALSE,NA,"Summer",NA,NA,NA,NA
"FC Rapid 1923","SuperLiga","Romania","2014","Departures","Yassine El Kharroubi","https://www.transfermarkt.com/yassine-el-kharroubi/profil/spieler/130096","Goalkeeper","24","Morocco","Vereya","Vtora Liga","Bulgaria",0,FALSE,NA,"Summer",NA,NA,NA,NA
"FC Rapid 1923","SuperLiga","Romania","2014","Departures","Tiberiu Bălan","https://www.transfermarkt.com/tiberiu-balan/profil/spieler/64101","Attacking Midfield","33","Romania","FC Voluntari","Liga 2","Romania",0,FALSE,NA,"Summer",NA,NA,NA,NA
"FC Rapid 1923","SuperLiga","Romania","2014","Departures","Ionuț Voicu","https://www.transfermarkt.com/ionut-voicu/profil/spieler/46677","Right-Back","29","Romania","ACSM Poli Iasi","SuperLiga","Romania",NA,TRUE,"loan transfer","Summer",NA,NA,NA,NA
"FC Rapid 1923","SuperLiga","Romania","2014","Departures","Daniel Niculae","https://www.transfermarkt.com/daniel-niculae/profil/spieler/34512","Centre-Forward","31","Romania","Without Club",NA,NA,NA,FALSE,"-","Summer",14,14,3,1164
"FC Rapid 1923","SuperLiga","Romania","2014","Departures","Ciprian Selagea","https://www.transfermarkt.com/ciprian-selagea/profil/spieler/96852","Central Midfield","24","Romania","Without Club",NA,NA,NA,FALSE,"-","Summer",4,4,1,242
"FC Rapid 1923","SuperLiga","Romania","2014","Departures","Claudiu Herea","https://www.transfermarkt.com/claudiu-herea/profil/spieler/210072","Left Winger","24","Romania","FCV Farul","SuperLiga","Romania",NA,TRUE,"End of loan Jun 30, 2014","Summer",NA,NA,NA,NA
"FC Rapid 1923","SuperLiga","Romania","2014","Departures","Vlad Gordin","https://www.transfermarkt.com/vlad-gordin/profil/spieler/208796","Goalkeeper","26","Romania","Sageata Navodar","Liga 2","Romania",NA,TRUE,"End of loan Jun 30, 2014","Summer",NA,NA,NA,NA
"FC Rapid 1923","SuperLiga","Romania","2014","Arrivals","Joan Oriol","https://www.transfermarkt.com/joan-oriol/profil/spieler/73215","Left-Back","28","Spain","Blackpool","Championship","England",0,FALSE,NA,"Winter",17,13,0,1168
"FC Rapid 1923","SuperLiga","Romania","2014","Arrivals","Edu Oriol","https://www.transfermarkt.com/edu-oriol/profil/spieler/95488","Right-Back","28","Spain","Blackpool","Championship","England",0,FALSE,NA,"Winter",14,14,2,999
"FC Rapid 1923","SuperLiga","Romania","2014","Arrivals","João Coimbra","https://www.transfermarkt.com/joao-coimbra/profil/spieler/39689","Attacking Midfield","28","Portugal","Académico Viseu","Liga Portugal 2","Portugal",0,FALSE,NA,"Winter",14,12,0,675
"FC Rapid 1923","SuperLiga","Romania","2014","Arrivals","Fred Benson","https://www.transfermarkt.com/fred-benson/profil/spieler/30473","Centre-Forward","30","Netherlands","FC Sheriff","Divizia Nationala (-2017)","Moldova",0,FALSE,NA,"Winter",14,13,0,727
"FC Rapid 1923","SuperLiga","Romania","2014","Arrivals","Pavel Cmovs","https://www.transfermarkt.com/pavel-cmovs/profil/spieler/95793","Centre-Back","24","Czech Republic","Mumbai City",NA,"India",0,FALSE,NA,"Winter",17,17,0,1530
"FC Rapid 1923","SuperLiga","Romania","2014","Arrivals","Jérémy Sapina","https://www.transfermarkt.com/jeremy-sapina/profil/spieler/28347","Centre-Back","29","France","RAEC Mons","Challenger Pro League","Belgium",0,FALSE,NA,"Winter",17,11,0,990
"FC Rapid 1923","SuperLiga","Romania","2014","Arrivals","Aritz López Garai","https://www.transfermarkt.com/aritz-lopez-garai/profil/spieler/51489","Central Midfield","34","Spain","Córdoba CF","LaLiga","Spain",0,FALSE,NA,"Winter",17,17,0,1521
"FC Rapid 1923","SuperLiga","Romania","2014","Arrivals","Aritz Borda","https://www.transfermarkt.com/aritz-borda/profil/spieler/64381","Centre-Back","30","Spain","Muangthong Utd.","Thai League","Thailand",0,FALSE,NA,"Winter",7,7,0,580
"FC Rapid 1923","SuperLiga","Romania","2014","Arrivals","Jean-Bryan Boukaka","https://www.transfermarkt.com/jean-bryan-boukaka/profil/spieler/126678","Centre-Forward","22","France","Amiens SC","Championnat National","France",0,FALSE,NA,"Winter",2,2,0,96
"FC Rapid 1923","SuperLiga","Romania","2014","Arrivals","Andrei Cerlincă","https://www.transfermarkt.com/andrei-cerlinca/profil/spieler/247929","Right Midfield","19","Romania","Foresta Suceava","Liga 2","Romania",0,FALSE,NA,"Winter",11,9,0,240
"FC Rapid 1923","SuperLiga","Romania","2014","Arrivals","Tomas Josl","https://www.transfermarkt.com/tomas-josl/profil/spieler/80798","Left-Back","30","Czech Republic","NorthEast Utd.",NA,"India",0,FALSE,NA,"Winter",13,9,0,657
"FC Rapid 1923","SuperLiga","Romania","2014","Arrivals","Rihairo Meulens","https://www.transfermarkt.com/rihairo-meulens/profil/spieler/41351","Right Winger","26","Curacao","FC Dordrecht","Eredivisie","Netherlands",0,FALSE,NA,"Winter",14,14,2,897
"FC Rapid 1923","SuperLiga","Romania","2014","Arrivals","Milos Buchta","https://www.transfermarkt.com/milos-buchta/profil/spieler/34470","Goalkeeper","34","Czech Republic","Gaz Metan","SuperLiga","Romania",0,FALSE,NA,"Winter",16,16,0,1440
"FC Rapid 1923","SuperLiga","Romania","2014","Arrivals","Hugo Lopes","https://www.transfermarkt.com/hugo-lopes/profil/spieler/210710","Centre-Back","24","Portugal","Freamunde","Liga Portugal 2","Portugal",0,FALSE,NA,"Winter",0,0,0,0
"FC Rapid 1923","SuperLiga","Romania","2014","Arrivals","Marcel Gecov","https://www.transfermarkt.com/marcel-gecov/profil/spieler/34534","Central Midfield","27","Czech Republic","Slavia Prague","Chance Liga","Czech Republic",NA,FALSE,"?","Winter",17,17,3,1502
"FC Rapid 1923","SuperLiga","Romania","2014","Arrivals","Cristian Săpunaru","https://www.transfermarkt.com/cristian-sapunaru/profil/spieler/25942","Centre-Back","30","Romania","Without Club",NA,NA,NA,FALSE,"-","Winter",14,13,4,1100
"FC Rapid 1923","SuperLiga","Romania","2014","Arrivals","Daniel Niculae","https://www.transfermarkt.com/daniel-niculae/profil/spieler/34512","Centre-Forward","32","Romania","Without Club",NA,NA,NA,FALSE,"-","Winter",14,14,3,1164
"FC Rapid 1923","SuperLiga","Romania","2014","Arrivals","Ricardo Alves","https://www.transfermarkt.com/ricardo-alves/profil/spieler/203618","Central Midfield","21","Portugal","Without Club",NA,NA,NA,FALSE,"-","Winter",12,7,0,243
"FC Rapid 1923","SuperLiga","Romania","2014","Departures","Alexandru Coman","https://www.transfermarkt.com/alexandru-coman/profil/spieler/143229","Centre-Back","23","Romania","Petrolul","SuperLiga","Romania",0,FALSE,NA,"Winter",20,20,0,1640
"FC Rapid 1923","SuperLiga","Romania","2014","Departures","Andrei Ciolacu","https://www.transfermarkt.com/andrei-ciolacu/profil/spieler/186247","Centre-Forward","22","Romania","Slask Wroclaw","Ekstraklasa","Poland",0,FALSE,NA,"Winter",19,18,2,1101
"FC Rapid 1923","SuperLiga","Romania","2014","Departures","Ioan Mera","https://www.transfermarkt.com/ioan-mera/profil/spieler/103523","Centre-Back","28","Romania","Taraz","Premier Liga","Kazakhstan",0,FALSE,NA,"Winter",14,11,0,926
"FC Rapid 1923","SuperLiga","Romania","2014","Departures","Iulian Roșu","https://www.transfermarkt.com/iulian-rosu/profil/spieler/186742","Central Midfield","20","Romania","Astra Giurgiu","SuperLiga","Romania",0,FALSE,NA,"Winter",17,14,0,748
"FC Rapid 1923","SuperLiga","Romania","2014","Departures","Gaston Mendy","https://www.transfermarkt.com/gaston-mendy/profil/spieler/35659","Left-Back","29","Senegal","Mlada Boleslav","Chance Liga","Czech Republic",0,FALSE,NA,"Winter",10,9,0,725
"FC Rapid 1923","SuperLiga","Romania","2014","Departures","Emil Dica","https://www.transfermarkt.com/emil-dica/profil/spieler/34509","Defensive Midfield","32","Romania","Otelul Galati","SuperLiga","Romania",0,FALSE,NA,"Winter",12,12,1,976
"FC Rapid 1923","SuperLiga","Romania","2014","Departures","Daniel Lung","https://www.transfermarkt.com/daniel-lung/profil/spieler/64186","Centre-Back","27","Romania","Concordia","SuperLiga","Romania",0,FALSE,NA,"Winter",14,8,0,705
"FC Rapid 1923","SuperLiga","Romania","2014","Departures","Cătălin Savin","https://www.transfermarkt.com/catalin-savin/profil/spieler/81504","Defensive Midfield","24","Romania","CS Afumati",NA,"Romania",0,FALSE,NA,"Winter",10,8,0,556
"FC Rapid 1923","SuperLiga","Romania","2014","Departures","Cătălin Doman","https://www.transfermarkt.com/catalin-doman/profil/spieler/46536","Attacking Midfield","26","Romania","ACS Poli","Liga II - Seria II","Romania",0,FALSE,NA,"Winter",NA,NA,NA,NA
"FC Rapid 1923","SuperLiga","Romania","2014","Departures","Valentin Balint","https://www.transfermarkt.com/valentin-balint/profil/spieler/220911","Centre-Forward","20","Romania","Ceahlaul","SuperLiga","Romania",0,FALSE,NA,"Winter",9,5,0,221
"FC Rapid 1923","SuperLiga","Romania","2014","Departures","Nicolae Milinceanu","https://www.transfermarkt.com/nicolae-milinceanu/profil/spieler/256669","Centre-Forward","22","Moldova","Ac. Chisinau","Divizia Nationala (-2017)","Moldova",0,FALSE,NA,"Winter",3,2,0,81
"FC Rapid 1923","SuperLiga","Romania","2014","Departures","Andrei Tinc","https://www.transfermarkt.com/andrei-tinc/profil/spieler/200624","Centre-Back","29","Romania","Without Club",NA,NA,NA,FALSE,"-","Winter",20,18,0,1568
"FC Rapid 1923","SuperLiga","Romania","2014","Departures","Laurențiu Buș","https://www.transfermarkt.com/laurentiu-bus/profil/spieler/54728","Central Midfield","27","Romania","Without Club",NA,NA,NA,FALSE,"-","Winter",13,13,1,806
"FC Rapid 1923","SuperLiga","Romania","2014","Departures","Sebastian Cojocnean","https://www.transfermarkt.com/sebastian-cojocnean/profil/spieler/104063","Right Winger","26","Romania","Without Club",NA,NA,NA,FALSE,"-","Winter",14,9,0,573
"FC Rapid 1923","SuperLiga","Romania","2014","Departures","Marian Stoica","https://www.transfermarkt.com/marian-stoica/profil/spieler/213128","Left Midfield","25","Romania","Without Club",NA,NA,NA,FALSE,"-","Winter",14,10,0,715
"FC Rapid 1923","SuperLiga","Romania","2014","Departures","Dan Sandulescu","https://www.transfermarkt.com/dan-sandulescu/profil/spieler/197686","Central Midfield","29","Romania","Without Club",NA,NA,NA,FALSE,"-","Winter",13,11,0,717
"FC Rapid 1923","SuperLiga","Romania","2014","Departures","Florin Calin","https://www.transfermarkt.com/florin-calin/profil/spieler/210062","Midfielder","21","Romania","Without Club",NA,NA,NA,FALSE,"-","Winter",19,9,1,363
"FC Rapid 1923","SuperLiga","Romania","2014","Departures","Jean-Bryan Boukaka","https://www.transfermarkt.com/jean-bryan-boukaka/profil/spieler/126678","Centre-Forward","22","France","Without Club",NA,NA,NA,FALSE,"-","Winter",2,2,0,96
"FC Rapid 1923","SuperLiga","Romania","2014","Departures","Alexandru Mişa","https://www.transfermarkt.com/alexandru-misa/profil/spieler/330797","Goalkeeper","24","Romania","Without Club",NA,NA,NA,FALSE,"-","Winter",4,0,0,0
"FC Rapid 1923","SuperLiga","Romania","2014","Departures","Valentin Negru","https://www.transfermarkt.com/valentin-negru/profil/spieler/35439","Central Midfield","32","Romania",NA,NA,NA,NA,FALSE,"-","Winter",17,17,0,1180
"AS Ardealul Tg. Mures (- 2018)",NA,NA,"2014","Arrivals","Ioan Hora","https://www.transfermarkt.com/ioan-hora/profil/spieler/54528","Centre-Forward","25","Romania","CFR Cluj","SuperLiga","Romania",0,FALSE,NA,"Summer",33,33,10,2499
"AS Ardealul Tg. Mures (- 2018)",NA,NA,"2014","Arrivals","Dorin Goga","https://www.transfermarkt.com/dorin-goga/profil/spieler/54735","Centre-Forward","30","Romania","SX KQ Yuejia","Super League","China",0,FALSE,NA,"Summer",33,27,3,1640
"AS Ardealul Tg. Mures (- 2018)",NA,NA,"2014","Arrivals","Ianis Zicu","https://www.transfermarkt.com/ianis-zicu/profil/spieler/16909","Attacking Midfield","30","Romania","Petrolul","SuperLiga","Romania",0,FALSE,NA,"Summer",34,32,5,1940
"AS Ardealul Tg. Mures (- 2018)",NA,NA,"2014","Arrivals","Laszlo Sepsi","https://www.transfermarkt.com/laszlo-sepsi/profil/spieler/33622","Left-Back","27","Romania","CFR Cluj","SuperLiga","Romania",0,FALSE,NA,"Summer",32,32,0,2819
"AS Ardealul Tg. Mures (- 2018)",NA,NA,"2014","Arrivals","Gabriel Mureșan","https://www.transfermarkt.com/gabriel-muresan/profil/spieler/46602","Defensive Midfield","32","Romania","Tom Tomsk","1.Division","Russia",0,FALSE,NA,"Summer",28,28,5,2317
"AS Ardealul Tg. Mures (- 2018)",NA,NA,"2014","Arrivals","Hélder Castro","https://www.transfermarkt.com/helder-castro/profil/spieler/62634","Attacking Midfield","28","Portugal","AEK Larnaca","Cyprus League","Cyprus",0,FALSE,NA,"Summer",2,2,0,21
"AS Ardealul Tg. Mures (- 2018)",NA,NA,"2014","Arrivals","Henrique","https://www.transfermarkt.com/henrique/profil/spieler/101197","Centre-Forward","27","Brazil","Otelul Galati","SuperLiga","Romania",0,FALSE,NA,"Summer",10,10,2,576
"AS Ardealul Tg. Mures (- 2018)",NA,NA,"2014","Arrivals","Mircea Axente","https://www.transfermarkt.com/mircea-axente/profil/spieler/69558","Centre-Forward","27","Romania","Ermis Aradippou","Cyprus League","Cyprus",0,FALSE,NA,"Summer",31,25,5,1213
"AS Ardealul Tg. Mures (- 2018)",NA,NA,"2014","Arrivals","János Székely","https://www.transfermarkt.com/janos-szekely/profil/spieler/48195","Attacking Midfield","31","Romania","FC Brasov","SuperLiga","Romania",0,FALSE,NA,"Summer",20,8,0,344
"AS Ardealul Tg. Mures (- 2018)",NA,NA,"2014","Arrivals","Ionuț Balaur","https://www.transfermarkt.com/ionut-balaur/profil/spieler/64103","Centre-Back","25","Romania","FC Vaslui",NA,"Romania",0,FALSE,NA,"Summer",25,11,0,871
"AS Ardealul Tg. Mures (- 2018)",NA,NA,"2014","Arrivals","Marius Constantin","https://www.transfermarkt.com/marius-constantin/profil/spieler/34503","Centre-Back","29","Romania","FC Brasov","SuperLiga","Romania",0,FALSE,NA,"Summer",30,28,1,2517
"AS Ardealul Tg. Mures (- 2018)",NA,NA,"2014","Arrivals","Javier Velayos","https://www.transfermarkt.com/javier-velayos/profil/spieler/53294","Right-Back","27","Spain","CFR Cluj","SuperLiga","Romania",0,FALSE,NA,"Summer",21,8,0,720
"AS Ardealul Tg. Mures (- 2018)",NA,NA,"2014","Arrivals","Nicolás Gorobsov","https://www.transfermarkt.com/nicolas-gorobsov/profil/spieler/75611","Defensive Midfield","24","Argentina","Torino","Serie A","Italy",0,FALSE,NA,"Summer",33,30,1,1833
"AS Ardealul Tg. Mures (- 2018)",NA,NA,"2014","Arrivals","Patrice Feussi","https://www.transfermarkt.com/patrice-feussi/profil/spieler/21921","Right-Back","27","Cameroon","UTA Arad",NA,"Romania",0,FALSE,NA,"Summer",31,26,0,2199
"AS Ardealul Tg. Mures (- 2018)",NA,NA,"2014","Arrivals","Bruno Martins","https://www.transfermarkt.com/bruno-martins/profil/spieler/329763","Defensive Midfield","27","Brazil","CRB","Copa do Nordeste","Brazil",0,FALSE,NA,"Summer",20,10,1,330
"AS Ardealul Tg. Mures (- 2018)",NA,NA,"2014","Arrivals","Claudiu Voiculet","https://www.transfermarkt.com/claudiu-voiculet/profil/spieler/46679","Central Midfield","28","Romania","CFR Cluj","SuperLiga","Romania",NA,TRUE,"loan transfer","Summer",30,29,1,2085
"AS Ardealul Tg. Mures (- 2018)",NA,NA,"2014","Arrivals","Adrian Sălăgeanu","https://www.transfermarkt.com/adrian-salageanu/profil/spieler/69518","Left-Back","31","Romania","Without Club",NA,NA,NA,FALSE,"-","Summer",8,4,0,222
"AS Ardealul Tg. Mures (- 2018)",NA,NA,"2014","Arrivals","John Ike Ibeh","https://www.transfermarkt.com/john-ike-ibeh/profil/spieler/73798","Left Winger","28","Nigeria","Without Club",NA,NA,NA,FALSE,"-","Summer",NA,NA,NA,NA
"AS Ardealul Tg. Mures (- 2018)",NA,NA,"2014","Arrivals","Peter Kanyaro","https://www.transfermarkt.com/peter-kanyaro/profil/spieler/433978","Right Midfield","20","Romania","Targu Mures II",NA,"Romania",NA,FALSE,"-","Summer",NA,NA,NA,NA
"AS Ardealul Tg. Mures (- 2018)",NA,NA,"2014","Arrivals","Amoroso","https://www.transfermarkt.com/amoroso/profil/spieler/75387","Centre-Forward","24","Brazil","Palmeiras U20",NA,"Brazil",NA,FALSE,"","Summer",0,0,0,0
"AS Ardealul Tg. Mures (- 2018)",NA,NA,"2014","Departures","Loránd Szilágyi","https://www.transfermarkt.com/lorand-szilagyi/profil/spieler/114593","Left-Back","27","Romania","Gaz Metan","SuperLiga","Romania",0,FALSE,NA,"Summer",NA,NA,NA,NA
"AS Ardealul Tg. Mures (- 2018)",NA,NA,"2014","Departures","Marius Tomozei","https://www.transfermarkt.com/marius-tomozei/profil/spieler/213243","Right-Back","23","Romania","FC Costuleni","Divizia Nationala (-2017)","Moldova",0,FALSE,NA,"Summer",NA,NA,NA,NA
"AS Ardealul Tg. Mures (- 2018)",NA,NA,"2014","Departures","Alexandru Ologu","https://www.transfermarkt.com/alexandru-ologu/profil/spieler/105682","Central Midfield","25","Romania","FC Caransebes","Liga II - Seria II","Romania",0,FALSE,NA,"Summer",NA,NA,NA,NA
"AS Ardealul Tg. Mures (- 2018)",NA,NA,"2014","Departures","Bobi Verdeș","https://www.transfermarkt.com/bobi-verdes/profil/spieler/64084","Centre-Forward","33","Romania","FC Olt Slatina","Liga II - Seria II","Romania",0,FALSE,NA,"Summer",NA,NA,NA,NA
"AS Ardealul Tg. Mures (- 2018)",NA,NA,"2014","Departures","Tiberiu Petriș","https://www.transfermarkt.com/tiberiu-petris/profil/spieler/251585","Central Midfield","20","Romania","FC Brasov","SuperLiga","Romania",0,FALSE,NA,"Summer",NA,NA,NA,NA
"AS Ardealul Tg. Mures (- 2018)",NA,NA,"2014","Departures","Arthur Teut","https://www.transfermarkt.com/arthur-teut/profil/spieler/451513","Right Winger","20","Romania","FK Csikszereda",NA,"Romania",0,FALSE,NA,"Summer",NA,NA,NA,NA
"AS Ardealul Tg. Mures (- 2018)",NA,NA,"2014","Departures","Lucian Turcu","https://www.transfermarkt.com/lucian-turcu/profil/spieler/54497","Left-Back","27","Romania","Unirea Jucu",NA,"Romania",NA,FALSE,"?","Summer",NA,NA,NA,NA
"AS Ardealul Tg. Mures (- 2018)",NA,NA,"2014","Departures","Béla Fejér","https://www.transfermarkt.com/bela-fejer/profil/spieler/315257","Goalkeeper","19","Romania","Rm. Valcea","Liga II - Seria II","Romania",NA,TRUE,"loan transfer","Summer",1,0,0,0
"AS Ardealul Tg. Mures (- 2018)",NA,NA,"2014","Departures","Didi","https://www.transfermarkt.com/didi/profil/spieler/24733","Second Striker","31","Brazil",NA,NA,NA,NA,FALSE,"-","Summer",NA,NA,NA,NA
"AS Ardealul Tg. Mures (- 2018)",NA,NA,"2014","Departures","Rares Vartic","https://www.transfermarkt.com/rares-vartic/profil/spieler/147818","Defensive Midfield","28","Romania","Without Club",NA,NA,NA,FALSE,"-","Summer",NA,NA,NA,NA
"AS Ardealul Tg. Mures (- 2018)",NA,NA,"2014","Departures","Romulus Miclea","https://www.transfermarkt.com/romulus-miclea/profil/spieler/47498","Right Midfield","34","Romania","Unknown",NA,NA,NA,FALSE,"-","Summer",NA,NA,NA,NA
"AS Ardealul Tg. Mures (- 2018)",NA,NA,"2014","Departures","Ioan Hora","https://www.transfermarkt.com/ioan-hora/profil/spieler/54528","Centre-Forward","25","Romania","CFR Cluj","SuperLiga","Romania",NA,TRUE,"End of loan Jun 30, 2014","Summer",33,33,10,2499
"AS Ardealul Tg. Mures (- 2018)",NA,NA,"2014","Departures","Claudiu Voiculet","https://www.transfermarkt.com/claudiu-voiculet/profil/spieler/46679","Central Midfield","28","Romania","CFR Cluj","SuperLiga","Romania",NA,TRUE,"End of loan Jun 30, 2014","Summer",30,29,1,2085
"AS Ardealul Tg. Mures (- 2018)",NA,NA,"2014","Departures","Laszlo Sepsi","https://www.transfermarkt.com/laszlo-sepsi/profil/spieler/33622","Left-Back","27","Romania","CFR Cluj","SuperLiga","Romania",NA,TRUE,"End of loan Jun 30, 2014","Summer",32,32,0,2819
"AS Ardealul Tg. Mures (- 2018)",NA,NA,"2014","Departures","Alexandru Dan","https://www.transfermarkt.com/alexandru-dan/profil/spieler/212735","Defensive Midfield","20","Romania","Pandurii ","SuperLiga","Romania",NA,TRUE,"End of loan Jun 30, 2014","Summer",NA,NA,NA,NA
"AS Ardealul Tg. Mures (- 2018)",NA,NA,"2014","Departures","Vasile Buhaescu","https://www.transfermarkt.com/vasile-buhaescu/profil/spieler/48775","Centre-Forward","26","Romania","FC Vaslui",NA,"Romania",NA,TRUE,"End of loan Jun 30, 2014","Summer",NA,NA,NA,NA
"AS Ardealul Tg. Mures (- 2018)",NA,NA,"2014","Departures","Mihai Onicas","https://www.transfermarkt.com/mihai-onicas/profil/spieler/115242","Defensive Midfield","24","Romania","FCSB","SuperLiga","Romania",NA,TRUE,"End of loan Jun 30, 2014","Summer",NA,NA,NA,NA
"AS Ardealul Tg. Mures (- 2018)",NA,NA,"2014","Departures","Valter Heil","https://www.transfermarkt.com/valter-heil/profil/spieler/235086","Centre-Back","24","Romania","FC Vaslui",NA,"Romania",NA,TRUE,"End of loan Jun 30, 2014","Summer",NA,NA,NA,NA
"AS Ardealul Tg. Mures (- 2018)",NA,NA,"2014","Arrivals","Miroslav Manolov","https://www.transfermarkt.com/miroslav-manolov/profil/spieler/41476","Centre-Forward","29","Bulgaria","Cherno More","efbet Liga","Bulgaria",0,FALSE,NA,"Winter",17,17,1,994
"AS Ardealul Tg. Mures (- 2018)",NA,NA,"2014","Arrivals","Silviu Ilie","https://www.transfermarkt.com/silviu-ilie/profil/spieler/53362","Left Midfield","26","Romania","Otelul Galati","SuperLiga","Romania",0,FALSE,NA,"Winter",5,3,0,177
"AS Ardealul Tg. Mures (- 2018)",NA,NA,"2014","Arrivals","Mohamed Diaby","https://www.transfermarkt.com/mohamed-diaby/profil/spieler/81389","Centre-Forward","30",NA,"CSV Bochum",NA,"Germany",0,FALSE,NA,"Winter",NA,NA,NA,NA
"AS Ardealul Tg. Mures (- 2018)",NA,NA,"2014","Arrivals","Iván González","https://www.transfermarkt.com/ivan-gonzalez/profil/spieler/131942","Centre-Back","26","Spain","Without Club",NA,NA,NA,FALSE,"-","Winter",16,11,0,492
"AS Ardealul Tg. Mures (- 2018)",NA,NA,"2014","Arrivals","Béla Fejér","https://www.transfermarkt.com/bela-fejer/profil/spieler/315257","Goalkeeper","19","Romania","Rm. Valcea","Liga II - Seria II","Romania",NA,TRUE,"End of loan Jan 8, 2015","Winter",1,0,0,0
"AS Ardealul Tg. Mures (- 2018)",NA,NA,"2014","Departures","Henrique","https://www.transfermarkt.com/henrique/profil/spieler/101197","Centre-Forward","27","Brazil","FC Dinamo","SuperLiga","Romania",0,FALSE,NA,"Winter",10,10,2,576
"AS Ardealul Tg. Mures (- 2018)",NA,NA,"2014","Departures","Adrian Sălăgeanu","https://www.transfermarkt.com/adrian-salageanu/profil/spieler/69518","Left-Back","31","Romania","Olimpia SM","Liga II - Seria II","Romania",0,FALSE,NA,"Winter",8,4,0,222
"AS Ardealul Tg. Mures (- 2018)",NA,NA,"2014","Departures","Hélder Castro","https://www.transfermarkt.com/helder-castro/profil/spieler/62634","Attacking Midfield","29","Portugal","Feirense","Liga Portugal 2","Portugal",0,FALSE,NA,"Winter",2,2,0,21
"AS Ardealul Tg. Mures (- 2018)",NA,NA,"2014","Departures","Dragoș Huiban","https://www.transfermarkt.com/dragos-huiban/profil/spieler/64054","Centre-Forward","24","Romania","Gauss Bacau","Liga 2","Romania",0,FALSE,NA,"Winter",1,1,0,90
"AS Ardealul Tg. Mures (- 2018)",NA,NA,"2014","Departures","Costinel Gugu","https://www.transfermarkt.com/costinel-gugu/profil/spieler/179792","Centre-Back","22","Romania","Sportul Snagov","Liga II - Seria II","Romania",0,FALSE,NA,"Winter",5,1,0,30
"AS Ardealul Tg. Mures (- 2018)",NA,NA,"2014","Departures","Ciprian Botoser","https://www.transfermarkt.com/ciprian-botoser/profil/spieler/46511","Goalkeeper","28","Romania","Gaz Metan","SuperLiga","Romania",0,FALSE,NA,"Winter",5,0,0,0
"AS Ardealul Tg. Mures (- 2018)",NA,NA,"2014","Departures","Amoroso","https://www.transfermarkt.com/amoroso/profil/spieler/75387","Centre-Forward","25","Brazil","Comercial-SP",NA,"Brazil",0,FALSE,NA,"Winter",0,0,0,0
"AS Ardealul Tg. Mures (- 2018)",NA,NA,"2014","Departures","John Ike Ibeh","https://www.transfermarkt.com/john-ike-ibeh/profil/spieler/73798","Left Winger","28","Nigeria","Without Club",NA,NA,NA,FALSE,"-","Winter",NA,NA,NA,NA
"FC Botosani","SuperLiga","Romania","2014","Arrivals","Paul Batin","https://www.transfermarkt.com/paul-batin/profil/spieler/121151","Centre-Forward","27","Romania","CFR Cluj","SuperLiga","Romania",0,FALSE,NA,"Summer",32,29,5,1955
"FC Botosani","SuperLiga","Romania","2014","Arrivals","Petre Ivanovici","https://www.transfermarkt.com/petre-ivanovici/profil/spieler/150205","Right Midfield","24","Romania","Farul Constanta","Liga 2","Romania",0,FALSE,NA,"Summer",31,24,2,1323
"FC Botosani","SuperLiga","Romania","2014","Arrivals","Marian Anghelina","https://www.transfermarkt.com/marian-anghelina/profil/spieler/209058","Defensive Midfield","23","Romania","FC Dinamo","SuperLiga","Romania",0,FALSE,NA,"Summer",5,2,0,48
"FC Botosani","SuperLiga","Romania","2014","Arrivals","Quenten Martinus","https://www.transfermarkt.com/quenten-martinus/profil/spieler/81288","Left Winger","23","Curacao","FC Emmen","Keuken Kampioen Divisie","Netherlands",0,FALSE,NA,"Summer",30,30,3,2170
"FC Botosani","SuperLiga","Romania","2014","Arrivals","Sebastian Ianc","https://www.transfermarkt.com/sebastian-ianc/profil/spieler/165401","Right Midfield","27","Romania","Bihor Oradea","Liga II - Seria II","Romania",0,FALSE,NA,"Summer",24,14,0,559
"FC Botosani","SuperLiga","Romania","2014","Arrivals","Sergiu Homei","https://www.transfermarkt.com/sergiu-homei/profil/spieler/48140","Right-Back","26","Romania","FC Brasov-SR",NA,"Romania",0,FALSE,NA,"Summer",18,9,0,668
"FC Botosani","SuperLiga","Romania","2014","Arrivals","Michael Ngadeu","https://www.transfermarkt.com/michael-ngadeu/profil/spieler/227239","Centre-Back","23","Cameroon","Nuremberg II","Regionalliga Bayern","Germany",0,FALSE,NA,"Summer",29,29,1,2345
"FC Botosani","SuperLiga","Romania","2014","Arrivals","Valeriu Tiron","https://www.transfermarkt.com/valeriu-tiron/profil/spieler/273166","Central Midfield","21","Moldova","FC Veris","Divizia Nationala (-2017)","Moldova",0,FALSE,NA,"Summer",3,1,0,26
"FC Botosani","SuperLiga","Romania","2014","Arrivals","Roussel Ngankam","https://www.transfermarkt.com/roussel-ngankam/profil/spieler/85866","Centre-Forward","20","Germany","Nuremberg II","Regionalliga Bayern","Germany",0,FALSE,NA,"Summer",29,26,2,1525
"FC Botosani","SuperLiga","Romania","2014","Arrivals","Rashid Browne","https://www.transfermarkt.com/rashid-browne/profil/spieler/143157","Left Winger","20","Netherlands","Almere City","Keuken Kampioen Divisie","Netherlands",0,FALSE,NA,"Summer",16,6,0,274
"FC Botosani","SuperLiga","Romania","2014","Arrivals","Calin Tiut","https://www.transfermarkt.com/calin-tiut/profil/spieler/161038","Goalkeeper","22","Romania","CFR Cluj","SuperLiga","Romania",0,FALSE,NA,"Summer",13,1,0,57
"FC Botosani","SuperLiga","Romania","2014","Arrivals","Armand Svichi","https://www.transfermarkt.com/armand-svichi/profil/spieler/293369","Attacking Midfield","18","Romania","Bucov. Radauti",NA,"Romania",0,FALSE,NA,"Summer",11,6,0,181
"FC Botosani","SuperLiga","Romania","2014","Arrivals","Ionut Ursu","https://www.transfermarkt.com/ionut-ursu/profil/spieler/209150","Centre-Back","25","Romania","Dunarea Galati","Liga 2","Romania",NA,TRUE,"End of loan Jun 30, 2014","Summer",NA,NA,NA,NA
"FC Botosani","SuperLiga","Romania","2014","Arrivals","Cătălin Vraciu","https://www.transfermarkt.com/catalin-vraciu/profil/spieler/64085","Centre-Forward","25","Romania","Dunarea Galati","Liga 2","Romania",NA,TRUE,"End of loan Jun 30, 2014","Summer",NA,NA,NA,NA
"FC Botosani","SuperLiga","Romania","2014","Arrivals","Razvan Atudorei","https://www.transfermarkt.com/razvan-atudorei/profil/spieler/210056","Centre-Back","24","Romania","FCM Dorohoi",NA,"Romania",NA,TRUE,"End of loan Jun 30, 2014","Summer",2,0,0,0
"FC Botosani","SuperLiga","Romania","2014","Arrivals","Florin Plămadă","https://www.transfermarkt.com/florin-plamada/profil/spieler/241574","Centre-Back","22","Romania","ACSM Poli Iasi","Liga 2","Romania",NA,TRUE,"End of loan Jun 30, 2014","Summer",NA,NA,NA,NA
"FC Botosani","SuperLiga","Romania","2014","Arrivals","Vlad Gherman","https://www.transfermarkt.com/vlad-gherman/profil/spieler/212854","Left-Back","22","Romania","FCM Dorohoi",NA,"Romania",NA,TRUE,"End of loan Jun 30, 2014","Summer",NA,NA,NA,NA
"FC Botosani","SuperLiga","Romania","2014","Arrivals","Mihai Bordeianu","https://www.transfermarkt.com/mihai-bordeianu/profil/spieler/210059","Central Midfield","22","Romania","FCM Dorohoi",NA,"Romania",NA,TRUE,"End of loan Jun 30, 2014","Summer",19,11,0,620
"FC Botosani","SuperLiga","Romania","2014","Arrivals","Ionut Plamada","https://www.transfermarkt.com/ionut-plamada/profil/spieler/241575","Left Winger","24","Romania","Foresta Suceava","Liga 2","Romania",NA,TRUE,"End of loan Jun 30, 2014","Summer",NA,NA,NA,NA
"FC Botosani","SuperLiga","Romania","2014","Departures","Ionut Ursu","https://www.transfermarkt.com/ionut-ursu/profil/spieler/209150","Centre-Back","25","Romania","Sageata Navodar","Liga 2","Romania",0,FALSE,NA,"Summer",NA,NA,NA,NA
"FC Botosani","SuperLiga","Romania","2014","Departures","Cătălin Vraciu","https://www.transfermarkt.com/catalin-vraciu/profil/spieler/64085","Centre-Forward","25","Romania","Gauss Bacau","Liga 2","Romania",0,FALSE,NA,"Summer",NA,NA,NA,NA
"FC Botosani","SuperLiga","Romania","2014","Departures","George Cîrjan","https://www.transfermarkt.com/george-cirjan/profil/spieler/213640","Centre-Forward","25","Romania","Ceahlaul","SuperLiga","Romania",0,FALSE,NA,"Summer",1,0,0,0
"FC Botosani","SuperLiga","Romania","2014","Departures","Aco Stojkov","https://www.transfermarkt.com/aco-stojkov/profil/spieler/32042","Left Winger","31","North Macedonia","Rabotnicki","Prva liga","North Macedonia",0,FALSE,NA,"Summer",NA,NA,NA,NA
"FC Botosani","SuperLiga","Romania","2014","Departures","Deniss Ivanovs","https://www.transfermarkt.com/deniss-ivanovs/profil/spieler/22675","Centre-Back","30","Latvia","Liepaja","Virsliga","Latvia",0,FALSE,NA,"Summer",NA,NA,NA,NA
"FC Botosani","SuperLiga","Romania","2014","Departures","Dorian Perianu","https://www.transfermarkt.com/dorian-perianu/profil/spieler/212761","Goalkeeper","32","Romania","Daco-Getica",NA,"Romania",0,FALSE,NA,"Summer",NA,NA,NA,NA
"FC Botosani","SuperLiga","Romania","2014","Departures","Vlad Gherman","https://www.transfermarkt.com/vlad-gherman/profil/spieler/212854","Left-Back","22","Romania","Minaur",NA,"Romania",0,FALSE,NA,"Summer",NA,NA,NA,NA
"FC Botosani","SuperLiga","Romania","2014","Departures","Milos Zivkovic","https://www.transfermarkt.com/milos-zivkovic/profil/spieler/44645","Centre-Back","29","Serbia","Novi Pazar","Super liga Srbije","Serbia",0,FALSE,NA,"Summer",NA,NA,NA,NA
"FC Botosani","SuperLiga","Romania","2014","Departures","Eino Puri","https://www.transfermarkt.com/eino-puri/profil/spieler/42791","Central Midfield","26","Estonia","Kalju FC","Premium Liiga","Estonia",0,FALSE,NA,"Summer",NA,NA,NA,NA
"FC Botosani","SuperLiga","Romania","2014","Departures","Silvio Dorrego","https://www.transfermarkt.com/silvio-dorrego/profil/spieler/125073","Left-Back","27","Uruguay","CA Fénix","Liga AUF Clausura","Uruguay",0,FALSE,NA,"Summer",NA,NA,NA,NA
"FC Botosani","SuperLiga","Romania","2014","Departures","Ionut Plamada","https://www.transfermarkt.com/ionut-plamada/profil/spieler/241575","Left Winger","24","Romania","Farul Constanta","Liga 2","Romania",0,FALSE,NA,"Summer",NA,NA,NA,NA
"FC Botosani","SuperLiga","Romania","2014","Departures","Joseph Efford","https://www.transfermarkt.com/joseph-efford/profil/spieler/537467","Left Winger","18","United States","RCD Mallorca","LaLiga2","Spain",0,FALSE,NA,"Summer",NA,NA,NA,NA
"FC Botosani","SuperLiga","Romania","2014","Departures","Razvan Atudorei","https://www.transfermarkt.com/razvan-atudorei/profil/spieler/210056","Centre-Back","24","Romania","FCM Dorohoi","Liga 2","Romania",NA,TRUE,"loan transfer","Summer",2,0,0,0
"FC Botosani","SuperLiga","Romania","2014","Departures","Florin Plămadă","https://www.transfermarkt.com/florin-plamada/profil/spieler/241574","Centre-Back","22","Romania","ACSM Poli Iasi","SuperLiga","Romania",NA,TRUE,"loan transfer","Summer",NA,NA,NA,NA
"FC Botosani","SuperLiga","Romania","2014","Departures","Valeriu Tiron","https://www.transfermarkt.com/valeriu-tiron/profil/spieler/273166","Central Midfield","21","Moldova","Foresta Suceava","Liga 2","Romania",NA,TRUE,"loan transfer","Summer",3,1,0,26
"FC Botosani","SuperLiga","Romania","2014","Departures","Claudiu Juncănaru","https://www.transfermarkt.com/claudiu-juncanaru/profil/spieler/319736","Right-Back","18","Romania","FCM Dorohoi","Liga 2","Romania",NA,TRUE,"loan transfer","Summer",NA,NA,NA,NA
"FC Botosani","SuperLiga","Romania","2014","Departures","Aurimas Vertelis","https://www.transfermarkt.com/aurimas-vertelis/profil/spieler/120048","Left Winger","27","Lithuania",NA,NA,NA,NA,FALSE,"-","Summer",NA,NA,NA,NA
"FC Botosani","SuperLiga","Romania","2014","Departures","Sebastian Ghinga","https://www.transfermarkt.com/sebastian-ghinga/profil/spieler/64166","Centre-Back","27","Romania","Without Club",NA,NA,NA,FALSE,"-","Summer",1,1,0,45
"FC Botosani","SuperLiga","Romania","2014","Departures","Ciprian Dinu","https://www.transfermarkt.com/ciprian-dinu/profil/spieler/46533","Centre-Back","32","Romania","Without Club",NA,NA,NA,FALSE,"-","Summer",NA,NA,NA,NA
"FC Botosani","SuperLiga","Romania","2014","Departures","Valeriu Bordeanu","https://www.transfermarkt.com/valeriu-bordeanu/profil/spieler/25848","Left-Back","37","Romania",NA,NA,NA,NA,FALSE,"-","Summer",NA,NA,NA,NA
"FC Botosani","SuperLiga","Romania","2014","Arrivals","Neluț Roșu","https://www.transfermarkt.com/nelut-rosu/profil/spieler/241310","Central Midfield","21","Romania","Concordia","SuperLiga","Romania",NA,TRUE,"loan transfer","Winter",15,13,1,764
"FC Botosani","SuperLiga","Romania","2014","Arrivals","Jérémy Faug-Porret","https://www.transfermarkt.com/jeremy-faug-porret/profil/spieler/201228","Left-Back","28","France","Without Club",NA,NA,NA,FALSE,"-","Winter",13,6,0,488
"FC Botosani","SuperLiga","Romania","2014","Arrivals","Valeriu Tiron","https://www.transfermarkt.com/valeriu-tiron/profil/spieler/273166","Central Midfield","21","Moldova","Foresta Suceava","Liga 2","Romania",NA,TRUE,"End of loan Dec 31, 2014","Winter",3,1,0,26
"FC Botosani","SuperLiga","Romania","2014","Departures","Marian Anghelina","https://www.transfermarkt.com/marian-anghelina/profil/spieler/209058","Defensive Midfield","23","Romania","FC Olt Slatina","Liga II - Seria II","Romania",0,FALSE,NA,"Winter",5,2,0,48
"FC Botosani","SuperLiga","Romania","2014","Departures","Valeriu Tiron","https://www.transfermarkt.com/valeriu-tiron/profil/spieler/273166","Central Midfield","21","Moldova","Ac. Chisinau","Divizia Nationala (-2017)","Moldova",NA,FALSE,"?","Winter",3,1,0,26
"FC Universitatea Cluj","SuperLiga","Romania","2014","Arrivals","Valentin Lemnaru","https://www.transfermarkt.com/valentin-lemnaru/profil/spieler/48690","Centre-Forward","30","Romania","FCSB","SuperLiga","Romania",0,FALSE,NA,"Summer",28,25,4,1435
"FC Universitatea Cluj","SuperLiga","Romania","2014","Arrivals","Nicolae Musat","https://www.transfermarkt.com/nicolae-musat/profil/spieler/53196","Left-Back","27","Romania","FC Vaslui",NA,"Romania",0,FALSE,NA,"Summer",19,17,2,1537
"FC Universitatea Cluj","SuperLiga","Romania","2014","Arrivals","Raul Costin","https://www.transfermarkt.com/raul-costin/profil/spieler/46523","Central Midfield","29","Romania","Simurq","Premyer Liqa","Azerbaijan",0,FALSE,NA,"Summer",38,31,1,2288
"FC Universitatea Cluj","SuperLiga","Romania","2014","Arrivals","Nuno Viveiros","https://www.transfermarkt.com/nuno-viveiros/profil/spieler/14242","Right Winger","31","Portugal","FC Vaslui",NA,"Romania",0,FALSE,NA,"Summer",36,32,4,2303
"FC Universitatea Cluj","SuperLiga","Romania","2014","Arrivals","Leonidas Panagopoulos","https://www.transfermarkt.com/leonidas-panagopoulos/profil/spieler/36303","Goalkeeper","27","Greece","Sageata Navodar","Liga 2","Romania",0,FALSE,NA,"Summer",21,9,0,832
"FC Universitatea Cluj","SuperLiga","Romania","2014","Arrivals","Narcisse Bambara","https://www.transfermarkt.com/narcisse-bambara/profil/spieler/242878","Left-Back","25","Burkina Faso","Concordia","SuperLiga","Romania",0,FALSE,NA,"Summer",22,20,0,1777
"FC Universitatea Cluj","SuperLiga","Romania","2014","Arrivals","Dino Skvorc","https://www.transfermarkt.com/dino-skvorc/profil/spieler/61860","Centre-Back","24","Croatia","Nea Salamis","Cyprus League","Cyprus",0,FALSE,NA,"Summer",38,33,0,2932
"FC Universitatea Cluj","SuperLiga","Romania","2014","Arrivals","Petar Jovanovic","https://www.transfermarkt.com/petar-jovanovic/profil/spieler/46576","Right-Back","31","Serbia","Radnicki Nis","Super liga Srbije","Serbia",0,FALSE,NA,"Summer",33,23,0,1827
"FC Universitatea Cluj","SuperLiga","Romania","2014","Arrivals","Florin Achim","https://www.transfermarkt.com/florin-achim/profil/spieler/212679","Right-Back","22","Romania","Sageata Navodar","Liga 2","Romania",0,FALSE,NA,"Summer",12,5,0,220
"FC Universitatea Cluj","SuperLiga","Romania","2014","Arrivals","Pablo Ceppelini","https://www.transfermarkt.com/pablo-ceppelini/profil/spieler/159773","Attacking Midfield","22","Uruguay","Cagliari","Serie A","Italy",0,FALSE,NA,"Summer",30,29,5,1991
"FC Universitatea Cluj","SuperLiga","Romania","2014","Arrivals","Vlad Morar","https://www.transfermarkt.com/vlad-morar/profil/spieler/186031","Centre-Forward","21","Romania","Petrolul","SuperLiga","Romania",0,FALSE,NA,"Summer",17,17,3,1079
"FC Universitatea Cluj","SuperLiga","Romania","2014","Arrivals","Sasa Stojanovic","https://www.transfermarkt.com/sasa-stojanovic/profil/spieler/31640","Central Midfield","31","Serbia","Radnicki Nis","Super liga Srbije","Serbia",0,FALSE,NA,"Summer",19,15,0,719
"FC Universitatea Cluj","SuperLiga","Romania","2014","Arrivals","Danzell Gravenberch","https://www.transfermarkt.com/danzell-gravenberch/profil/spieler/186282","Centre-Forward","20","Suriname","Ajax U21","Keuken Kampioen Divisie","Netherlands",0,FALSE,NA,"Summer",22,22,1,1587
"FC Universitatea Cluj","SuperLiga","Romania","2014","Arrivals","Justin Mengolo","https://www.transfermarkt.com/justin-mengolo/profil/spieler/211127","Centre-Forward","21","Cameroon","Omonia Nicosia","Cyprus League","Cyprus",0,FALSE,NA,"Summer",35,34,5,2299
"FC Universitatea Cluj","SuperLiga","Romania","2014","Arrivals","Emil Jula","https://www.transfermarkt.com/emil-jula/profil/spieler/47424","Centre-Forward","34","Romania","Ceahlaul","SuperLiga","Romania",0,FALSE,NA,"Summer",7,5,0,234
"FC Universitatea Cluj","SuperLiga","Romania","2014","Arrivals","Doru Bratu","https://www.transfermarkt.com/doru-bratu/profil/spieler/81724","Centre-Back","25","Romania","Pandurii ","SuperLiga","Romania",0,FALSE,NA,"Summer",3,1,0,25
"FC Universitatea Cluj","SuperLiga","Romania","2014","Arrivals","Paulinho","https://www.transfermarkt.com/paulinho/profil/spieler/333380","Right Midfield","22","Brazil","Mirassol-SP",NA,"Brazil",0,FALSE,NA,"Summer",20,9,0,370
"FC Universitatea Cluj","SuperLiga","Romania","2014","Arrivals","Dan Zdroba","https://www.transfermarkt.com/dan-zdroba/profil/spieler/429552","Centre-Forward","19","Romania","CFR Cluj U19",NA,"Romania",0,FALSE,NA,"Summer",NA,NA,NA,NA
"FC Universitatea Cluj","SuperLiga","Romania","2014","Arrivals","Diaranké Fofana","https://www.transfermarkt.com/diaranke-fofana/profil/spieler/277845","Centre-Back","24","France","Thonon Évian","Ligue 1","France",NA,FALSE,"?","Summer",0,0,0,0
"FC Universitatea Cluj","SuperLiga","Romania","2014","Arrivals","Mateus","https://www.transfermarkt.com/mateus/profil/spieler/74808","Centre-Back","30","Brazil","Boa Esporte","Série B","Brazil",NA,FALSE,"?","Summer",NA,NA,NA,NA
"FC Universitatea Cluj","SuperLiga","Romania","2014","Arrivals","Marian Popescu","https://www.transfermarkt.com/marian-popescu/profil/spieler/244659","Defensive Midfield","19","Romania","FC D. Coman",NA,"Romania",NA,FALSE,"?","Summer",NA,NA,NA,NA
"FC Universitatea Cluj","SuperLiga","Romania","2014","Arrivals","Gil Bahia","https://www.transfermarkt.com/gil-bahia/profil/spieler/183944","Right-Back","22","Brazil","Without Club",NA,NA,NA,FALSE,"-","Summer",0,0,0,0
"FC Universitatea Cluj","SuperLiga","Romania","2014","Arrivals","Alin Mutu","https://www.transfermarkt.com/alin-mutu/profil/spieler/281175","Centre-Back","19","Romania","U Cluj U18",NA,"Romania",NA,FALSE,"-","Summer",NA,NA,NA,NA
"FC Universitatea Cluj","SuperLiga","Romania","2014","Arrivals","Răzvan Dulap","https://www.transfermarkt.com/razvan-dulap/profil/spieler/291455","Centre-Back","18","Romania","U Cluj U18",NA,"Romania",NA,FALSE,"-","Summer",NA,NA,NA,NA
"FC Universitatea Cluj","SuperLiga","Romania","2014","Arrivals","Cornel Coc","https://www.transfermarkt.com/cornel-coc/profil/spieler/313989","Left-Back","18","Romania","U Cluj U18",NA,"Romania",NA,FALSE,"-","Summer",0,0,0,0
"FC Universitatea Cluj","SuperLiga","Romania","2014","Arrivals","Patrick Popescu","https://www.transfermarkt.com/patrick-popescu/profil/spieler/375711","Attacking Midfield","17","Romania","U Cluj U18",NA,"Romania",NA,FALSE,"-","Summer",1,1,0,1
"FC Universitatea Cluj","SuperLiga","Romania","2014","Arrivals","Octavian Ursu","https://www.transfermarkt.com/octavian-ursu/profil/spieler/286549","Right Winger","19","Romania","Unirea Slobozia","Liga 2","Romania",NA,TRUE,"End of loan Jun 30, 2014","Summer",NA,NA,NA,NA
"FC Universitatea Cluj","SuperLiga","Romania","2014","Departures","Valentin Lemnaru","https://www.transfermarkt.com/valentin-lemnaru/profil/spieler/48690","Centre-Forward","30","Romania","FCSB","SuperLiga","Romania",2e+05,FALSE,NA,"Summer",28,25,4,1435
"FC Universitatea Cluj","SuperLiga","Romania","2014","Departures","Ionut Tarnacop","https://www.transfermarkt.com/ionut-tarnacop/profil/spieler/163704","Right Midfield","27","Romania","CS U Craiova","SuperLiga","Romania",0,FALSE,NA,"Summer",5,4,0,142
"FC Universitatea Cluj","SuperLiga","Romania","2014","Departures","Octavian Abrudan","https://www.transfermarkt.com/octavian-abrudan/profil/spieler/46485","Centre-Back","30","Romania","Milsami","Divizia Nationala (-2017)","Moldova",0,FALSE,NA,"Summer",NA,NA,NA,NA
"FC Universitatea Cluj","SuperLiga","Romania","2014","Departures","Maximilian Nicu","https://www.transfermarkt.com/maximilian-nicu/profil/spieler/2345","Centre-Back","31","Romania","Aris Limassol",NA,"Cyprus",0,FALSE,NA,"Summer",NA,NA,NA,NA
"FC Universitatea Cluj","SuperLiga","Romania","2014","Departures","Ronald Gercaliu","https://www.transfermarkt.com/ronald-gercaliu/profil/spieler/15308","Centre-Back","28","Austria","SCR Altach","Bundesliga","Austria",0,FALSE,NA,"Summer",NA,NA,NA,NA
"FC Universitatea Cluj","SuperLiga","Romania","2014","Departures","Marius Ene","https://www.transfermarkt.com/marius-ene/profil/spieler/64272","Centre-Forward","32","Romania","FC Voluntari","Liga 2","Romania",0,FALSE,NA,"Summer",NA,NA,NA,NA
"FC Universitatea Cluj","SuperLiga","Romania","2014","Departures","Emil Jula","https://www.transfermarkt.com/emil-jula/profil/spieler/47424","Centre-Forward","34","Romania","Otelul Galati","SuperLiga","Romania",0,FALSE,NA,"Summer",7,5,0,234
"FC Universitatea Cluj","SuperLiga","Romania","2014","Departures","Andreias Calcan","https://www.transfermarkt.com/andreias-calcan/profil/spieler/244548","Left Winger","20","Romania","Rm. Valcea","Liga II - Seria II","Romania",NA,TRUE,"loan transfer","Summer",20,10,0,228
"FC Universitatea Cluj","SuperLiga","Romania","2014","Departures","Răzvan Greu","https://www.transfermarkt.com/razvan-greu/profil/spieler/326001","Left Winger","19","Romania","CS Mioveni","Liga II - Seria II","Romania",NA,TRUE,"loan transfer","Summer",NA,NA,NA,NA
"FC Universitatea Cluj","SuperLiga","Romania","2014","Departures","Octavian Ursu","https://www.transfermarkt.com/octavian-ursu/profil/spieler/286549","Right Winger","19","Romania","ACS Berceni","Liga 2","Romania",NA,TRUE,"loan transfer","Summer",NA,NA,NA,NA
"FC Universitatea Cluj","SuperLiga","Romania","2014","Departures","Robert Boboc","https://www.transfermarkt.com/robert-boboc/profil/spieler/244542","Defensive Midfield","19","Romania","FC Arges",NA,"Romania",NA,TRUE,"loan transfer","Summer",NA,NA,NA,NA
"FC Universitatea Cluj","SuperLiga","Romania","2014","Departures","Marian Popescu","https://www.transfermarkt.com/marian-popescu/profil/spieler/244659","Defensive Midfield","19","Romania","FC Arges",NA,"Romania",NA,TRUE,"loan transfer","Summer",NA,NA,NA,NA
"FC Universitatea Cluj","SuperLiga","Romania","2014","Departures","Alin Mutu","https://www.transfermarkt.com/alin-mutu/profil/spieler/281175","Centre-Back","19","Romania","Metalurg. Cugir",NA,"Romania",NA,TRUE,"loan transfer","Summer",NA,NA,NA,NA
"FC Universitatea Cluj","SuperLiga","Romania","2014","Departures","Răzvan Dulap","https://www.transfermarkt.com/razvan-dulap/profil/spieler/291455","Centre-Back","18","Romania","Metalurg. Cugir",NA,"Romania",NA,TRUE,"loan transfer","Summer",NA,NA,NA,NA
"FC Universitatea Cluj","SuperLiga","Romania","2014","Departures","Rares Cindea","https://www.transfermarkt.com/rares-cindea/profil/spieler/396878","Defensive Midfield","19","Romania","CS Iernut",NA,"Romania",NA,TRUE,"loan transfer","Summer",NA,NA,NA,NA
"FC Universitatea Cluj","SuperLiga","Romania","2014","Departures","Adrian Borza","https://www.transfermarkt.com/adrian-borza/profil/spieler/203085","Left Midfield","29","Romania","Without Club",NA,NA,NA,FALSE,"-","Summer",NA,NA,NA,NA
"FC Universitatea Cluj","SuperLiga","Romania","2014","Departures","Zsolt Szilagyi","https://www.transfermarkt.com/zsolt-szilagyi/profil/spieler/156900","Centre-Back","33","Romania",NA,NA,NA,NA,FALSE,"-","Summer",NA,NA,NA,NA
"FC Universitatea Cluj","SuperLiga","Romania","2014","Departures","Gabriel Machado","https://www.transfermarkt.com/gabriel-machado/profil/spieler/55487","Centre-Forward","24","Brazil","U Cluj II",NA,"Romania",NA,FALSE,"-","Summer",NA,NA,NA,NA
"FC Universitatea Cluj","SuperLiga","Romania","2014","Departures","Emilian Dolha","https://www.transfermarkt.com/emilian-dolha/profil/spieler/35430","Goalkeeper","34","Romania","Without Club",NA,NA,NA,FALSE,"-","Summer",17,3,0,252
"FC Universitatea Cluj","SuperLiga","Romania","2014","Departures","Rodrigo Menezes","https://www.transfermarkt.com/rodrigo-menezes/profil/spieler/312162","Central Midfield","25","Brazil","Without Club",NA,NA,NA,FALSE,"-","Summer",NA,NA,NA,NA
"FC Universitatea Cluj","SuperLiga","Romania","2014","Departures","Alin Ratiu","https://www.transfermarkt.com/alin-ratiu/profil/spieler/56041","Centre-Back","31","Romania",NA,NA,NA,NA,FALSE,"-","Summer",NA,NA,NA,NA
"FC Universitatea Cluj","SuperLiga","Romania","2014","Departures","Ionut Rada","https://www.transfermarkt.com/ionut-rada/profil/spieler/180870","Centre-Back","24","Romania","Pandurii ","SuperLiga","Romania",NA,TRUE,"End of loan Jun 30, 2014","Summer",NA,NA,NA,NA
"FC Universitatea Cluj","SuperLiga","Romania","2014","Departures","Marian Popescu","https://www.transfermarkt.com/marian-popescu/profil/spieler/244659","Defensive Midfield","19","Romania","FC D. Coman",NA,"Romania",NA,TRUE,"End of loan Jun 30, 2014","Summer",NA,NA,NA,NA
"FC Universitatea Cluj","SuperLiga","Romania","2014","Arrivals","Geoffrey Castillion","https://www.transfermarkt.com/geoffrey-castillion/profil/spieler/84898","Centre-Forward","23","Netherlands","New England","MLS","United States",0,FALSE,NA,"Winter",13,13,1,717
"FC Universitatea Cluj","SuperLiga","Romania","2014","Arrivals","Sergio Zijler","https://www.transfermarkt.com/sergio-zijler/profil/spieler/44544","Right Winger","27","Netherlands","Achilles '29","Keuken Kampioen Divisie","Netherlands",0,FALSE,NA,"Winter",2,2,0,99
"FC Universitatea Cluj","SuperLiga","Romania","2014","Arrivals","Cristian Munteanu","https://www.transfermarkt.com/cristian-munteanu/profil/spieler/54755","Centre-Back","34","Romania","ACSM Poli Iasi","SuperLiga","Romania",0,FALSE,NA,"Winter",12,12,0,950
"FC Universitatea Cluj","SuperLiga","Romania","2014","Arrivals","Benjamin van den Broek","https://www.transfermarkt.com/benjamin-van-den-broek/profil/spieler/71899","Central Midfield","27","New Zealand","FC Den Bosch","Keuken Kampioen Divisie","Netherlands",NA,FALSE,"?","Winter",12,5,0,203
"FC Universitatea Cluj","SuperLiga","Romania","2014","Arrivals","Andrei Cobliș","https://www.transfermarkt.com/andrei-coblis/profil/spieler/123268","Goalkeeper","25","Romania","San Gwann FC",NA,"Malta",NA,FALSE,"?","Winter",0,0,0,0
"FC Universitatea Cluj","SuperLiga","Romania","2014","Arrivals","Daniel Martins","https://www.transfermarkt.com/daniel-martins/profil/spieler/149655","Left-Back","21","Portugal","Belenenses","Liga Portugal","Portugal",NA,TRUE,"loan transfer","Winter",7,2,0,102
"FC Universitatea Cluj","SuperLiga","Romania","2014","Arrivals","Emilian Dolha","https://www.transfermarkt.com/emilian-dolha/profil/spieler/35430","Goalkeeper","35","Romania","Without Club",NA,NA,NA,FALSE,"-","Winter",17,3,0,252
"FC Universitatea Cluj","SuperLiga","Romania","2014","Arrivals","Andreias Calcan","https://www.transfermarkt.com/andreias-calcan/profil/spieler/244548","Left Winger","20","Romania","Rm. Valcea","Liga II - Seria II","Romania",NA,TRUE,"End of loan Dec 31, 2014","Winter",20,10,0,228
"FC Universitatea Cluj","SuperLiga","Romania","2014","Arrivals","Răzvan Greu","https://www.transfermarkt.com/razvan-greu/profil/spieler/326001","Left Winger","19","Romania","CS Mioveni","Liga II - Seria II","Romania",NA,TRUE,"End of loan Dec 31, 2014","Winter",NA,NA,NA,NA
"FC Universitatea Cluj","SuperLiga","Romania","2014","Departures","Ducu Ninu","https://www.transfermarkt.com/ducu-ninu/profil/spieler/42788","Centre-Back","28","Romania","Levski Sofia","efbet Liga","Bulgaria",0,FALSE,NA,"Winter",21,21,1,1925
"FC Universitatea Cluj","SuperLiga","Romania","2014","Departures","Nicolae Musat","https://www.transfermarkt.com/nicolae-musat/profil/spieler/53196","Left-Back","28","Romania","Concordia","SuperLiga","Romania",0,FALSE,NA,"Winter",19,17,2,1537
"FC Universitatea Cluj","SuperLiga","Romania","2014","Departures","Dan Bucsa","https://www.transfermarkt.com/dan-bucsa/profil/spieler/213583","Defensive Midfield","26","Romania","ETO FC Győr ","NB I.","Hungary",0,FALSE,NA,"Winter",19,16,1,1286
"FC Universitatea Cluj","SuperLiga","Romania","2014","Departures","Karim Boutadjine","https://www.transfermarkt.com/karim-boutadjine/profil/spieler/111525","Centre-Forward","25","France","JS Kabylie","Ligue Professionnelle 1","Algeria",0,FALSE,NA,"Winter",11,10,2,858
"FC Universitatea Cluj","SuperLiga","Romania","2014","Departures","Sasa Stojanovic","https://www.transfermarkt.com/sasa-stojanovic/profil/spieler/31640","Central Midfield","31","Serbia","Red Star","Super liga Srbije","Serbia",0,FALSE,NA,"Winter",19,15,0,719
"FC Universitatea Cluj","SuperLiga","Romania","2014","Departures","Gil Bahia","https://www.transfermarkt.com/gil-bahia/profil/spieler/183944","Right-Back","22","Brazil","Marília-SP","Campeonato Paulista","Brazil",0,FALSE,NA,"Winter",0,0,0,0
"FC Universitatea Cluj","SuperLiga","Romania","2014","Departures","Florent Sauvadet","https://www.transfermarkt.com/florent-sauvadet/profil/spieler/154300","Second Striker","26","France","Moulins-Yzeure",NA,"France",0,FALSE,NA,"Winter",1,1,0,27
"FC Universitatea Cluj","SuperLiga","Romania","2014","Departures","Mateus","https://www.transfermarkt.com/mateus/profil/spieler/74808","Centre-Back","30","Brazil","CA Aichinger",NA,"Brazil",NA,FALSE,"?","Winter",NA,NA,NA,NA
"FC Universitatea Cluj","SuperLiga","Romania","2014","Departures","Octavian Ursu","https://www.transfermarkt.com/octavian-ursu/profil/spieler/286549","Right Winger","20","Romania","CS Mioveni","Liga II - Seria II","Romania",NA,TRUE,"loan transfer","Winter",NA,NA,NA,NA
"FC Universitatea Cluj","SuperLiga","Romania","2014","Departures","Răzvan Greu","https://www.transfermarkt.com/razvan-greu/profil/spieler/326001","Left Winger","19","Romania","CSM Sighet",NA,"Romania",NA,TRUE,"loan transfer","Winter",NA,NA,NA,NA
"FC Universitatea Cluj","SuperLiga","Romania","2014","Departures","Doru Bratu","https://www.transfermarkt.com/doru-bratu/profil/spieler/81724","Centre-Back","25","Romania","Without Club",NA,NA,NA,FALSE,"-","Winter",3,1,0,25
"FC Universitatea Cluj","SuperLiga","Romania","2014","Departures","Marius Martac","https://www.transfermarkt.com/marius-martac/profil/spieler/241296","Right-Back","23","Romania","Without Club",NA,NA,NA,FALSE,"-","Winter",NA,NA,NA,NA
"FC Universitatea Cluj","SuperLiga","Romania","2014","Departures","Vladimir Niculescu","https://www.transfermarkt.com/vladimir-niculescu/profil/spieler/64207","Goalkeeper","27","Romania",NA,NA,NA,NA,FALSE,"-","Winter",14,3,0,270
"SC Otelul Galati","SuperLiga","Romania","2014","Arrivals","Benjamin Onwuachi","https://www.transfermarkt.com/benjamin-onwuachi/profil/spieler/28850","Centre-Forward","30","Nigeria","Iraklis","Football League North","Greece",0,FALSE,NA,"Summer",2,2,0,210
"SC Otelul Galati","SuperLiga","Romania","2014","Arrivals","Rúben Brígido","https://www.transfermarkt.com/ruben-brigido/profil/spieler/138267","Left Winger","23","Portugal","Marítimo","Liga Portugal","Portugal",0,FALSE,NA,"Summer",15,12,0,528
"SC Otelul Galati","SuperLiga","Romania","2014","Arrivals","Florin Cernat","https://www.transfermarkt.com/florin-cernat/profil/spieler/3132","Attacking Midfield","34","Romania","C. Rizespor","Süper Lig","Türkiye",0,FALSE,NA,"Summer",27,27,6,2305
"SC Otelul Galati","SuperLiga","Romania","2014","Arrivals","Hélder Tavares","https://www.transfermarkt.com/helder-tavares/profil/spieler/134608","Central Midfield","24","Cape Verde","Beira-Mar","Liga Portugal 2","Portugal",0,FALSE,NA,"Summer",28,28,1,2370
"SC Otelul Galati","SuperLiga","Romania","2014","Arrivals","Iulian Popa","https://www.transfermarkt.com/iulian-popa/profil/spieler/168281","Left Winger","30","Romania","FC Brasov","SuperLiga","Romania",0,FALSE,NA,"Summer",26,22,2,1527
"SC Otelul Galati","SuperLiga","Romania","2014","Arrivals","Vasile Gheorghe","https://www.transfermarkt.com/vasile-gheorghe/profil/spieler/123316","Central Midfield","28","Romania","FC U Craiova",NA,"Romania",0,FALSE,NA,"Summer",7,6,0,388
"SC Otelul Galati","SuperLiga","Romania","2014","Arrivals","Karol Karlik","https://www.transfermarkt.com/karol-karlik/profil/spieler/74942","Defensive Midfield","28","Slovakia","Jihlava","Chance Liga","Czech Republic",0,FALSE,NA,"Summer",16,16,0,1331
"SC Otelul Galati","SuperLiga","Romania","2014","Arrivals","Marcel Avdic","https://www.transfermarkt.com/marcel-avdic/profil/spieler/76628","Attacking Midfield","23","Bosnia-Herzegovina","W. Mannheim","Regionalliga Südwest","Germany",0,FALSE,NA,"Summer",8,8,0,557
"SC Otelul Galati","SuperLiga","Romania","2014","Arrivals","Stelian Cucu","https://www.transfermarkt.com/stelian-cucu/profil/spieler/64140","Defensive Midfield","24","Romania","Dunarea Galati",NA,"Romania",0,FALSE,NA,"Summer",35,30,0,2299
"SC Otelul Galati","SuperLiga","Romania","2014","Arrivals","George Bârlădeanu","https://www.transfermarkt.com/george-barladeanu/profil/spieler/64110","Right Midfield","26","Romania","Dunarea Galati",NA,"Romania",0,FALSE,NA,"Summer",1,1,0,25
"SC Otelul Galati","SuperLiga","Romania","2014","Arrivals","Dumitru Hotoboc","https://www.transfermarkt.com/dumitru-hotoboc/profil/spieler/46563","Goalkeeper","35","Romania","FC U Craiova",NA,"Romania",0,FALSE,NA,"Summer",28,17,0,1560
"SC Otelul Galati","SuperLiga","Romania","2014","Arrivals","Emil Jula","https://www.transfermarkt.com/emil-jula/profil/spieler/47424","Centre-Forward","34","Romania","U Cluj","SuperLiga","Romania",0,FALSE,NA,"Summer",11,11,1,573
"SC Otelul Galati","SuperLiga","Romania","2014","Arrivals","Mihai Adăscăliței","https://www.transfermarkt.com/mihai-adascalitei/profil/spieler/280311","Right-Back","19","Romania","Dunarea Galati",NA,"Romania",0,FALSE,NA,"Summer",4,3,0,95
"SC Otelul Galati","SuperLiga","Romania","2014","Arrivals","Emir Kücükakgül","https://www.transfermarkt.com/emir-kucukakgul/profil/spieler/346650","Left-Back","20",NA,"SV Somborn","VL Hessen-Süd","Germany",0,FALSE,NA,"Summer",NA,NA,NA,NA
"SC Otelul Galati","SuperLiga","Romania","2014","Arrivals","Ciprian Milea","https://www.transfermarkt.com/ciprian-milea/profil/spieler/55547","Central Midfield","30","Romania","Fortuna PC","Liga II - Seria II","Romania",NA,FALSE,"?","Summer",25,13,0,810
"SC Otelul Galati","SuperLiga","Romania","2014","Arrivals","Ivan Pecha","https://www.transfermarkt.com/ivan-pecha/profil/spieler/50323","Centre-Back","28","Slovakia","Liepaja","Virsliga","Latvia",NA,FALSE,"?","Summer",4,2,0,173
"SC Otelul Galati","SuperLiga","Romania","2014","Arrivals","Julius Davies","https://www.transfermarkt.com/julius-davies/profil/spieler/119300","Attacking Midfield","19","Australia","Brisbane Roar","A-League Men","Australia",NA,FALSE,"?","Summer",0,0,0,0
"SC Otelul Galati","SuperLiga","Romania","2014","Arrivals","Răzvan Grădinaru","https://www.transfermarkt.com/razvan-gradinaru/profil/spieler/289256","Right-Back","19","Romania","FCSB","SuperLiga","Romania",NA,TRUE,"loan transfer","Summer",24,20,0,1228
"SC Otelul Galati","SuperLiga","Romania","2014","Arrivals","Mihai Leca","https://www.transfermarkt.com/mihai-leca/profil/spieler/234286","Centre-Back","22","Romania","Concordia","SuperLiga","Romania",NA,FALSE,"-","Summer",19,13,0,954
"SC Otelul Galati","SuperLiga","Romania","2014","Arrivals","Cristian Cristea","https://www.transfermarkt.com/cristian-cristea/profil/spieler/60698","Centre-Forward","26","Romania","Without Club",NA,NA,NA,FALSE,"-","Summer",20,17,5,1161
"SC Otelul Galati","SuperLiga","Romania","2014","Arrivals","Serkan Ciftci","https://www.transfermarkt.com/serkan-ciftci/profil/spieler/57012","Centre-Forward","24","Austria","Without Club",NA,NA,NA,FALSE,"-","Summer",7,7,0,127
"SC Otelul Galati","SuperLiga","Romania","2014","Arrivals","Paulinho","https://www.transfermarkt.com/paulinho/profil/spieler/37577","Attacking Midfield","29","Portugal","Without Club",NA,NA,NA,FALSE,"-","Summer",2,1,0,7
"SC Otelul Galati","SuperLiga","Romania","2014","Arrivals","Tiberiu Stan","https://www.transfermarkt.com/tiberiu-stan/profil/spieler/221584","Attacking Midfield","27","Romania","Without Club",NA,NA,NA,FALSE,"-","Summer",1,0,0,0
"SC Otelul Galati","SuperLiga","Romania","2014","Arrivals","Mihai Plopeanu","https://www.transfermarkt.com/mihai-plopeanu/profil/spieler/243859","Goalkeeper","25","Romania","Without Club",NA,NA,NA,FALSE,"-","Summer",6,6,0,540
"SC Otelul Galati","SuperLiga","Romania","2014","Arrivals","Cosmin Stoian","https://www.transfermarkt.com/cosmin-stoian/profil/spieler/330912","Right Winger","19","Romania","Otelul Galati U19",NA,"Romania",NA,FALSE,"-","Summer",24,12,0,244
"SC Otelul Galati","SuperLiga","Romania","2014","Arrivals","Daniel Dajbog","https://www.transfermarkt.com/daniel-dajbog/profil/spieler/315449","Central Midfield","18","Romania","Otelul II",NA,"Romania",NA,FALSE,"-","Summer",NA,NA,NA,NA
"SC Otelul Galati","SuperLiga","Romania","2014","Arrivals","Sorin Cucu","https://www.transfermarkt.com/sorin-cucu/profil/spieler/98323","Left-Back","24","Romania","Dunarea Galati","Liga 2","Romania",NA,TRUE,"End of loan Jun 30, 2014","Summer",0,0,0,0
"SC Otelul Galati","SuperLiga","Romania","2014","Arrivals","Lucian Murgoci","https://www.transfermarkt.com/lucian-murgoci/profil/spieler/192867","Centre-Back","22","Romania","Sportul Snagov","Liga II - Seria II","Romania",NA,TRUE,"End of loan Jun 30, 2014","Summer",27,23,0,1888
"SC Otelul Galati","SuperLiga","Romania","2014","Arrivals","Cenk Firat","https://www.transfermarkt.com/cenk-firat/profil/spieler/274223","Centre-Forward","21","Türkiye","Dunarea Galati","Liga 2","Romania",NA,TRUE,"End of loan Jun 30, 2014","Summer",0,0,0,0
"SC Otelul Galati","SuperLiga","Romania","2014","Departures","Mauro Goicoechea","https://www.transfermarkt.com/mauro-goicoechea/profil/spieler/72578","Goalkeeper","26","Uruguay","Arouca","Liga Portugal","Portugal",0,FALSE,NA,"Summer",NA,NA,NA,NA
"SC Otelul Galati","SuperLiga","Romania","2014","Departures","Victoraș Astafei","https://www.transfermarkt.com/victoras-astafei/profil/spieler/119671","Left Winger","27","Romania","Petrolul","SuperLiga","Romania",0,FALSE,NA,"Summer",NA,NA,NA,NA
"SC Otelul Galati","SuperLiga","Romania","2014","Departures","Benjamin Onwuachi","https://www.transfermarkt.com/benjamin-onwuachi/profil/spieler/28850","Centre-Forward","30","Nigeria","Salam Zgharta","Leb. Premier League","Lebanon",0,FALSE,NA,"Summer",2,2,0,210
"SC Otelul Galati","SuperLiga","Romania","2014","Departures","Cristian Sîrghi","https://www.transfermarkt.com/cristian-sirghi/profil/spieler/48687","Centre-Back","27","Romania","Maccabi Netanya","Ligat ha'Al","Israel",0,FALSE,NA,"Summer",NA,NA,NA,NA
"SC Otelul Galati","SuperLiga","Romania","2014","Departures","Henrique","https://www.transfermarkt.com/henrique/profil/spieler/101197","Centre-Forward","27","Brazil","ASA Tg. Mures","SuperLiga","Romania",0,FALSE,NA,"Summer",NA,NA,NA,NA
"SC Otelul Galati","SuperLiga","Romania","2014","Departures","Ioan Filip","https://www.transfermarkt.com/ioan-filip/profil/spieler/169272","Defensive Midfield","25","Romania","Petrolul","SuperLiga","Romania",0,FALSE,NA,"Summer",NA,NA,NA,NA
"SC Otelul Galati","SuperLiga","Romania","2014","Departures","Gabriel Giurgiu","https://www.transfermarkt.com/gabriel-giurgiu/profil/spieler/47640","Central Midfield","31","Romania","Maccabi Netanya","Ligat ha'Al","Israel",0,FALSE,NA,"Summer",NA,NA,NA,NA
"SC Otelul Galati","SuperLiga","Romania","2014","Departures","Stéphane Tritz","https://www.transfermarkt.com/stephane-tritz/profil/spieler/56823","Right-Back","27","France","Stade Brestois","Ligue 2","France",0,FALSE,NA,"Summer",NA,NA,NA,NA
"SC Otelul Galati","SuperLiga","Romania","2014","Departures","Florin Lovin","https://www.transfermarkt.com/florin-lovin/profil/spieler/26497","Central Midfield","32","Romania","Concordia","SuperLiga","Romania",0,FALSE,NA,"Summer",NA,NA,NA,NA
"SC Otelul Galati","SuperLiga","Romania","2014","Departures","Liviu Bajenaru","https://www.transfermarkt.com/liviu-bajenaru/profil/spieler/97512","Attacking Midfield","31","Romania","Concordia","SuperLiga","Romania",0,FALSE,NA,"Summer",NA,NA,NA,NA
"SC Otelul Galati","SuperLiga","Romania","2014","Departures","Bogdan Gavrilă","https://www.transfermarkt.com/bogdan-gavrila/profil/spieler/212752","Right Winger","22","Romania","FC Dinamo","SuperLiga","Romania",0,FALSE,NA,"Summer",NA,NA,NA,NA
"SC Otelul Galati","SuperLiga","Romania","2014","Departures","Tadas Simaitis","https://www.transfermarkt.com/tadas-simaitis/profil/spieler/113587","Goalkeeper","23","Lithuania","Kruoja","A Lyga","Lithuania",0,FALSE,NA,"Summer",NA,NA,NA,NA
"SC Otelul Galati","SuperLiga","Romania","2014","Departures","Paulinho","https://www.transfermarkt.com/paulinho/profil/spieler/37577","Attacking Midfield","29","Portugal","Limianos",NA,"Portugal",0,FALSE,NA,"Summer",2,1,0,7
"SC Otelul Galati","SuperLiga","Romania","2014","Departures","Georgel Punga","https://www.transfermarkt.com/georgel-punga/profil/spieler/212835","Left Midfield","20","Romania","Gauss Bacau","Liga 2","Romania",0,FALSE,NA,"Summer",NA,NA,NA,NA
"SC Otelul Galati","SuperLiga","Romania","2014","Departures","Andrei Filimon","https://www.transfermarkt.com/andrei-filimon/profil/spieler/1107516","Centre-Back","18","Romania","Sporting Liesti",NA,"Romania",0,FALSE,NA,"Summer",NA,NA,NA,NA
"SC Otelul Galati","SuperLiga","Romania","2014","Departures","Marquinhos","https://www.transfermarkt.com/marquinhos/profil/spieler/179046","Attacking Midfield","22","Brazil","FK Gabala","Premyer Liqa","Azerbaijan",NA,FALSE,"?","Summer",NA,NA,NA,NA
"SC Otelul Galati","SuperLiga","Romania","2014","Departures","Sergiu Costin","https://www.transfermarkt.com/sergiu-costin/profil/spieler/47409","Centre-Back","35","Romania","FC Bistrita",NA,"Romania",NA,FALSE,"?","Summer",NA,NA,NA,NA
"SC Otelul Galati","SuperLiga","Romania","2014","Departures","Ivan Pecha","https://www.transfermarkt.com/ivan-pecha/profil/spieler/50323","Centre-Back","28","Slovakia","Without Club",NA,NA,NA,FALSE,"-","Summer",4,2,0,173
"SC Otelul Galati","SuperLiga","Romania","2014","Departures","Vasile Gheorghe","https://www.transfermarkt.com/vasile-gheorghe/profil/spieler/123316","Central Midfield","29","Romania","Without Club",NA,NA,NA,FALSE,"-","Summer",7,6,0,388
"SC Otelul Galati","SuperLiga","Romania","2014","Departures","Giuseppe Prestia","https://www.transfermarkt.com/giuseppe-prestia/profil/spieler/163187","Centre-Back","20","Italy","Crotone","Serie B","Italy",NA,TRUE,"End of loan Jun 30, 2014","Summer",NA,NA,NA,NA
"SC Otelul Galati","SuperLiga","Romania","2014","Departures","Ciprian Milea","https://www.transfermarkt.com/ciprian-milea/profil/spieler/55547","Central Midfield","29","Romania","Fortuna PC","Liga II - Seria II","Romania",NA,TRUE,"End of loan Jun 30, 2014","Summer",25,13,0,810
"SC Otelul Galati","SuperLiga","Romania","2014","Departures","Armando Cooper","https://www.transfermarkt.com/armando-cooper/profil/spieler/122016","Central Midfield","26","Panama","Godoy Cruz","Torneo Apertura ","Argentina",NA,TRUE,"End of loan Jun 30, 2014","Summer",NA,NA,NA,NA
"SC Otelul Galati","SuperLiga","Romania","2014","Departures","Diego Sevillano","https://www.transfermarkt.com/diego-sevillano/profil/spieler/217732","Centre-Forward","23","Argentina","Godoy Cruz","Torneo Apertura ","Argentina",NA,TRUE,"End of loan Jun 30, 2014","Summer",NA,NA,NA,NA
"SC Otelul Galati","SuperLiga","Romania","2014","Departures","Bocar Djumo","https://www.transfermarkt.com/bocar-djumo/profil/spieler/236737","Centre-Forward","19","Portugal","Inter U20","Primavera B","Italy",NA,TRUE,"End of loan Jun 30, 2014","Summer",NA,NA,NA,NA
"SC Otelul Galati","SuperLiga","Romania","2014","Departures","Mihai Adăscăliței","https://www.transfermarkt.com/mihai-adascalitei/profil/spieler/280311","Right-Back","19","Romania","Dunarea Galati",NA,"Romania",NA,TRUE,"End of loan Jun 30, 2014","Summer",4,3,0,95
"SC Otelul Galati","SuperLiga","Romania","2014","Arrivals","Athos Solomou","https://www.transfermarkt.com/athos-solomou/profil/spieler/44251","Right-Back","29","Cyprus","EN Paralimniou",NA,"Cyprus",0,FALSE,NA,"Winter",16,16,0,1240
"SC Otelul Galati","SuperLiga","Romania","2014","Arrivals","Emil Dica","https://www.transfermarkt.com/emil-dica/profil/spieler/34509","Defensive Midfield","32","Romania","FC Rapid 1923","SuperLiga","Romania",0,FALSE,NA,"Winter",7,6,0,370
"SC Otelul Galati","SuperLiga","Romania","2014","Arrivals","Yves Makabu-Makalambay","https://www.transfermarkt.com/yves-makabu-makalambay/profil/spieler/6168","Goalkeeper","29","DR Congo","Royal Antwerp","Challenger Pro League","Belgium",0,FALSE,NA,"Winter",11,2,0,180
"SC Otelul Galati","SuperLiga","Romania","2014","Arrivals","Robert Tatar","https://www.transfermarkt.com/robert-tatar/profil/spieler/320070","Midfielder","21","Romania","ACS Berceni","Liga 2","Romania",0,FALSE,NA,"Winter",16,8,0,124
"SC Otelul Galati","SuperLiga","Romania","2014","Arrivals","Jeanvion Yulu-Matondo","https://www.transfermarkt.com/jeanvion-yulu-matondo/profil/spieler/29545","Centre-Forward","29","Belgium","Ittihad Alex","Premier League","Egypt",NA,FALSE,"?","Winter",6,6,0,290
"SC Otelul Galati","SuperLiga","Romania","2014","Arrivals","Laurențiu Iorga","https://www.transfermarkt.com/laurentiu-iorga/profil/spieler/59694","Right Winger","26","Romania","Pandurii ","SuperLiga","Romania",NA,TRUE,"loan transfer","Winter",17,17,1,1269
"SC Otelul Galati","SuperLiga","Romania","2014","Arrivals","Mihai Leca","https://www.transfermarkt.com/mihai-leca/profil/spieler/234286","Centre-Back","22","Romania","Concordia","SuperLiga","Romania",NA,FALSE,"-","Winter",19,13,0,954
"SC Otelul Galati","SuperLiga","Romania","2014","Arrivals","Jugurtha Hamroun","https://www.transfermarkt.com/jugurtha-hamroun/profil/spieler/81563","Left Winger","25","Algeria","Without Club",NA,NA,NA,FALSE,"-","Winter",11,11,4,822
"SC Otelul Galati","SuperLiga","Romania","2014","Arrivals","Mohamadou Sissoko","https://www.transfermarkt.com/mohamadou-sissoko/profil/spieler/16230","Centre-Back","26","France","Without Club",NA,NA,NA,FALSE,"-","Winter",11,10,0,900
"SC Otelul Galati","SuperLiga","Romania","2014","Arrivals","Sanaa Altama","https://www.transfermarkt.com/sanaa-altama/profil/spieler/126663","Defensive Midfield","24","Chad","Without Club",NA,NA,NA,FALSE,"-","Winter",7,5,0,335
"SC Otelul Galati","SuperLiga","Romania","2014","Arrivals","Bryan Ottenhoff","https://www.transfermarkt.com/bryan-ottenhoff/profil/spieler/124876","Centre-Back","23","Netherlands","Without Club",NA,NA,NA,FALSE,"-","Winter",1,1,0,70
"SC Otelul Galati","SuperLiga","Romania","2014","Arrivals","Bogdan Chipirliu","https://www.transfermarkt.com/bogdan-chipirliu/profil/spieler/250134","Centre-Forward","22","Romania","Fortuna PC","Liga II - Seria II","Romania",NA,TRUE,"End of loan Dec 31, 2014","Winter",NA,NA,NA,NA
"SC Otelul Galati","SuperLiga","Romania","2014","Departures","Enes Sipovic","https://www.transfermarkt.com/enes-sipovic/profil/spieler/104219","Centre-Back","24","Bosnia-Herzegovina","KVC Westerlo","Jupiler Pro League","Belgium",0,FALSE,NA,"Winter",13,12,0,1067
"SC Otelul Galati","SuperLiga","Romania","2014","Departures","Karol Karlik","https://www.transfermarkt.com/karol-karlik/profil/spieler/74942","Defensive Midfield","28","Slovakia","Chemnitzer FC","3. Liga","Germany",0,FALSE,NA,"Winter",16,16,0,1331
"SC Otelul Galati","SuperLiga","Romania","2014","Departures","Silviu Ilie","https://www.transfermarkt.com/silviu-ilie/profil/spieler/53362","Left Midfield","26","Romania","ASA Tg. Mures","SuperLiga","Romania",0,FALSE,NA,"Winter",4,1,0,55
"SC Otelul Galati","SuperLiga","Romania","2014","Departures","George Bârlădeanu","https://www.transfermarkt.com/george-barladeanu/profil/spieler/64110","Right Midfield","26","Romania","Sporting Liesti",NA,"Romania",0,FALSE,NA,"Winter",1,1,0,25
"SC Otelul Galati","SuperLiga","Romania","2014","Departures","Robert Ciurea","https://www.transfermarkt.com/robert-ciurea/profil/spieler/394572","Left-Back","19","Romania","Metalosport",NA,"Romania",0,FALSE,NA,"Winter",NA,NA,NA,NA
"SC Otelul Galati","SuperLiga","Romania","2014","Departures","Sorin Cucu","https://www.transfermarkt.com/sorin-cucu/profil/spieler/98323","Left-Back","24","Romania","Pont-de-Roide",NA,"France",NA,FALSE,"?","Winter",0,0,0,0
"SC Otelul Galati","SuperLiga","Romania","2014","Departures","Bogdan Chipirliu","https://www.transfermarkt.com/bogdan-chipirliu/profil/spieler/250134","Centre-Forward","22","Romania","ACS Poli","Liga II - Seria II","Romania",NA,TRUE,"loan transfer","Winter",NA,NA,NA,NA
"SC Otelul Galati","SuperLiga","Romania","2014","Departures","Andrei Marus","https://www.transfermarkt.com/andrei-marus/profil/spieler/297697","Right-Back","22","Romania","Delta Dobrogea",NA,"Romania",NA,TRUE,"loan transfer","Winter",8,6,0,364
"SC Otelul Galati","SuperLiga","Romania","2014","Departures","Alexandru Vlasie","https://www.transfermarkt.com/alexandru-vlasie/profil/spieler/330796","Goalkeeper","24","Romania","Delta Dobrogea",NA,"Romania",NA,TRUE,"loan transfer","Winter",7,3,0,255
"SC Otelul Galati","SuperLiga","Romania","2014","Departures","Eduard Dumitru","https://www.transfermarkt.com/eduard-dumitru/profil/spieler/394574","Centre-Forward","19","Romania","Metalosport",NA,"Romania",NA,TRUE,"loan transfer","Winter",NA,NA,NA,NA
"SC Otelul Galati","SuperLiga","Romania","2014","Departures","Samoel Cojoc","https://www.transfermarkt.com/samoel-cojoc/profil/spieler/69818","Right-Back","25","Romania","Without Club",NA,NA,NA,FALSE,"-","Winter",13,10,0,748
"SC Otelul Galati","SuperLiga","Romania","2014","Departures","Bryan Ottenhoff","https://www.transfermarkt.com/bryan-ottenhoff/profil/spieler/124876","Centre-Back","23","Netherlands","Without Club",NA,NA,NA,FALSE,"-","Winter",1,1,0,70
"SC Otelul Galati","SuperLiga","Romania","2014","Departures","Daniel Dajbog","https://www.transfermarkt.com/daniel-dajbog/profil/spieler/315449","Central Midfield","18","Romania","Otelul II",NA,"Romania",NA,FALSE,"-","Winter",NA,NA,NA,NA
"Concordia Chiajna","Liga 2","Romania","2014","Arrivals","Olberdam","https://www.transfermarkt.com/olberdam/profil/spieler/33537","Central Midfield","29","Brazil","Mogi Mirim","Campeonato Paulista","Brazil",0,FALSE,NA,"Summer",5,4,1,329
"Concordia Chiajna","Liga 2","Romania","2014","Arrivals","Ricardo Alves","https://www.transfermarkt.com/ricardo-alves/profil/spieler/118323","Centre-Back","23","Portugal","Marítimo B","Liga Portugal 2","Portugal",0,FALSE,NA,"Summer",28,28,1,2459
"Concordia Chiajna","Liga 2","Romania","2014","Arrivals","Florin Lovin","https://www.transfermarkt.com/florin-lovin/profil/spieler/26497","Central Midfield","32","Romania","Otelul Galati","SuperLiga","Romania",0,FALSE,NA,"Summer",20,20,0,1767
"Concordia Chiajna","Liga 2","Romania","2014","Arrivals","Marius Pena","https://www.transfermarkt.com/marius-pena/profil/spieler/81495","Centre-Forward","29","Romania","FC Baku","Premyer Liqa","Azerbaijan",0,FALSE,NA,"Summer",24,22,2,1328
"Concordia Chiajna","Liga 2","Romania","2014","Arrivals","Donovan Deekman","https://www.transfermarkt.com/donovan-deekman/profil/spieler/55754","Right Winger","26","Netherlands","Sparta R.","Keuken Kampioen Divisie","Netherlands",0,FALSE,NA,"Summer",6,4,0,121
"Concordia Chiajna","Liga 2","Romania","2014","Arrivals","Vasile Maftei","https://www.transfermarkt.com/vasile-maftei/profil/spieler/34505","Centre-Back","33","Romania","CFR Cluj","SuperLiga","Romania",0,FALSE,NA,"Summer",26,26,3,2311
"Concordia Chiajna","Liga 2","Romania","2014","Arrivals","Liviu Bajenaru","https://www.transfermarkt.com/liviu-bajenaru/profil/spieler/97512","Attacking Midfield","31","Romania","Otelul Galati","SuperLiga","Romania",0,FALSE,NA,"Summer",7,7,0,437
"Concordia Chiajna","Liga 2","Romania","2014","Arrivals","Mihai Dina","https://www.transfermarkt.com/mihai-dina/profil/spieler/47575","Centre-Forward","28","Romania","Aris Limassol",NA,"Cyprus",0,FALSE,NA,"Summer",35,30,9,1686
"Concordia Chiajna","Liga 2","Romania","2014","Arrivals","Stevan Reljic","https://www.transfermarkt.com/stevan-reljic/profil/spieler/46882","Right-Back","28","Montenegro","Vardar","Prva liga","North Macedonia",0,FALSE,NA,"Summer",5,5,0,387
"Concordia Chiajna","Liga 2","Romania","2014","Arrivals","Mario Brlecic","https://www.transfermarkt.com/mario-brlecic/profil/spieler/74281","Central Midfield","25","Croatia","DNŠ Zavrč","Prva Liga","Slovenia",0,FALSE,NA,"Summer",12,8,0,587
"Concordia Chiajna","Liga 2","Romania","2014","Arrivals","Aleksandar Dyulgerov","https://www.transfermarkt.com/aleksandar-dyulgerov/profil/spieler/143956","Centre-Back","24","Bulgaria","Slavia Sofia","efbet Liga","Bulgaria",0,FALSE,NA,"Summer",21,10,1,729
"Concordia Chiajna","Liga 2","Romania","2014","Arrivals","Florin Matache","https://www.transfermarkt.com/florin-matache/profil/spieler/26031","Goalkeeper","31","Romania","Rm. Valcea","Liga II - Seria II","Romania",0,FALSE,NA,"Summer",33,19,0,1710
"Concordia Chiajna","Liga 2","Romania","2014","Arrivals","Alexandru Stan","https://www.transfermarkt.com/alexandru-stan/profil/spieler/97517","Left Midfield","25","Romania","ACS Berceni","Liga 2","Romania",0,FALSE,NA,"Summer",27,26,0,1919
"Concordia Chiajna","Liga 2","Romania","2014","Arrivals","Florin Ilie","https://www.transfermarkt.com/florin-ilie/profil/spieler/192866","Centre-Back","22","Romania","Gaz Metan","SuperLiga","Romania",0,FALSE,NA,"Summer",5,2,0,91
"Concordia Chiajna","Liga 2","Romania","2014","Arrivals","Fernando Boldrin","https://www.transfermarkt.com/fernando-boldrin/profil/spieler/144752","Attacking Midfield","25","Brazil","Velo Clube-SP",NA,"Brazil",0,FALSE,NA,"Summer",33,33,6,2697
"Concordia Chiajna","Liga 2","Romania","2014","Arrivals","Leoh Digbeu","https://www.transfermarkt.com/leoh-digbeu/profil/spieler/208790","Centre-Forward","24","Cote d'Ivoire","National Sebis",NA,"Romania",0,FALSE,NA,"Summer",5,4,0,285
"Concordia Chiajna","Liga 2","Romania","2014","Arrivals","Alex Gudea","https://www.transfermarkt.com/alex-gudea/profil/spieler/341119","Goalkeeper","18","Romania","CS Mioveni","Liga II - Seria II","Romania",0,FALSE,NA,"Summer",8,1,0,90
"Concordia Chiajna","Liga 2","Romania","2014","Arrivals","Filip Timov","https://www.transfermarkt.com/filip-timov/profil/spieler/141950","Right Winger","22","North Macedonia","Aris Limassol",NA,"Cyprus",NA,FALSE,"?","Summer",7,5,0,200
"Concordia Chiajna","Liga 2","Romania","2014","Arrivals","Matej Bagaric","https://www.transfermarkt.com/matej-bagaric/profil/spieler/46497","Centre-Back","25","Croatia","Slaven Belupo","SuperSport HNL","Croatia",NA,FALSE,"?","Summer",23,14,1,1225
"Concordia Chiajna","Liga 2","Romania","2014","Arrivals","Hristijan Dragarski","https://www.transfermarkt.com/hristijan-dragarski/profil/spieler/133894","Centre-Back","22","North Macedonia","Pelister Bitola","Prva liga","North Macedonia",NA,FALSE,"?","Summer",32,14,0,1007
"Concordia Chiajna","Liga 2","Romania","2014","Arrivals","Adrian Cristea","https://www.transfermarkt.com/adrian-cristea/profil/spieler/33440","Left Winger","30","Romania","Without Club",NA,NA,NA,FALSE,"-","Summer",18,14,1,748
"Concordia Chiajna","Liga 2","Romania","2014","Arrivals","Florin Răsdan","https://www.transfermarkt.com/florin-rasdan/profil/spieler/326348","Right-Back","19","Romania","Chiajna II",NA,"Romania",NA,FALSE,"-","Summer",1,0,0,0
"Concordia Chiajna","Liga 2","Romania","2014","Arrivals","Robert Răducanu","https://www.transfermarkt.com/robert-raducanu/profil/spieler/371969","Left Winger","18","Romania","Chiajna II",NA,"Romania",NA,FALSE,"-","Summer",3,1,0,18
"Concordia Chiajna","Liga 2","Romania","2014","Arrivals","Cristian Raiciu","https://www.transfermarkt.com/cristian-raiciu/profil/spieler/315464","Central Midfield","17","Romania","Chiajna II",NA,"Romania",NA,FALSE,"-","Summer",13,2,0,18
"Concordia Chiajna","Liga 2","Romania","2014","Arrivals","Silviu Pană","https://www.transfermarkt.com/silviu-pana/profil/spieler/199686","Central Midfield","22","Romania","Sageata Navodar","SuperLiga","Romania",NA,TRUE,"End of loan Jun 30, 2014","Summer",NA,NA,NA,NA
"Concordia Chiajna","Liga 2","Romania","2014","Arrivals","Radu Ciupitu","https://www.transfermarkt.com/radu-ciupitu/profil/spieler/241133","Midfielder","24","Romania","Cernica",NA,"Romania",NA,TRUE,"End of loan Jun 30, 2014","Summer",NA,NA,NA,NA
"Concordia Chiajna","Liga 2","Romania","2014","Departures","Cristian Melinte","https://www.transfermarkt.com/cristian-melinte/profil/spieler/63461","Centre-Back","26","Romania","ACSM Poli Iasi","SuperLiga","Romania",0,FALSE,NA,"Summer",NA,NA,NA,NA
"Concordia Chiajna","Liga 2","Romania","2014","Departures","Narcisse Bambara","https://www.transfermarkt.com/narcisse-bambara/profil/spieler/242878","Left-Back","25","Burkina Faso","U Cluj","SuperLiga","Romania",0,FALSE,NA,"Summer",NA,NA,NA,NA
"Concordia Chiajna","Liga 2","Romania","2014","Departures","Silviu Pană","https://www.transfermarkt.com/silviu-pana/profil/spieler/199686","Central Midfield","22","Romania","FCV Farul","SuperLiga","Romania",0,FALSE,NA,"Summer",NA,NA,NA,NA
"Concordia Chiajna","Liga 2","Romania","2014","Departures","Manolis Papasterianos","https://www.transfermarkt.com/manolis-papasterianos/profil/spieler/44629","Defensive Midfield","26","Greece","AO Xanthi","Super League 1","Greece",0,FALSE,NA,"Summer",NA,NA,NA,NA
"Concordia Chiajna","Liga 2","Romania","2014","Departures","Valentin Crețu","https://www.transfermarkt.com/valentin-cretu/profil/spieler/79507","Right-Back","25","Romania","Gaz Metan","SuperLiga","Romania",0,FALSE,NA,"Summer",NA,NA,NA,NA
"Concordia Chiajna","Liga 2","Romania","2014","Departures","Sorin Ispir","https://www.transfermarkt.com/sorin-ispir/profil/spieler/156824","Central Midfield","25","Romania","Ac. Clinceni","Liga 2","Romania",0,FALSE,NA,"Summer",NA,NA,NA,NA
"Concordia Chiajna","Liga 2","Romania","2014","Departures","Valentin Dima","https://www.transfermarkt.com/valentin-dima/profil/spieler/200468","Right-Back","25","Romania","ACSM Poli Iasi","SuperLiga","Romania",0,FALSE,NA,"Summer",NA,NA,NA,NA
"Concordia Chiajna","Liga 2","Romania","2014","Departures","Valentin Coșereanu","https://www.transfermarkt.com/valentin-cosereanu/profil/spieler/204181","Right Midfield","23","Romania","ACSM Poli Iasi","SuperLiga","Romania",0,FALSE,NA,"Summer",NA,NA,NA,NA
"Concordia Chiajna","Liga 2","Romania","2014","Departures","Cătălin Savin","https://www.transfermarkt.com/catalin-savin/profil/spieler/81504","Defensive Midfield","23","Romania","FC Rapid 1923","SuperLiga","Romania",0,FALSE,NA,"Summer",NA,NA,NA,NA
"Concordia Chiajna","Liga 2","Romania","2014","Departures","Alberto Cobrea","https://www.transfermarkt.com/alberto-cobrea/profil/spieler/96841","Goalkeeper","23","Romania","Petrolul","SuperLiga","Romania",0,FALSE,NA,"Summer",NA,NA,NA,NA
"Concordia Chiajna","Liga 2","Romania","2014","Departures","Orlando da Costa","https://www.transfermarkt.com/orlando-da-costa/profil/spieler/243658","Centre-Forward","28","Brazil","ACS Berceni","Liga 2","Romania",0,FALSE,NA,"Summer",NA,NA,NA,NA
"Concordia Chiajna","Liga 2","Romania","2014","Departures","Radu Ciupitu","https://www.transfermarkt.com/radu-ciupitu/profil/spieler/241133","Midfielder","24","Romania","FC Zagon",NA,"Romania",0,FALSE,NA,"Summer",NA,NA,NA,NA
"Concordia Chiajna","Liga 2","Romania","2014","Departures","George Apostol","https://www.transfermarkt.com/george-apostol/profil/spieler/221529","Central Midfield","22","Romania","Foresta Suceava","Liga 2","Romania",0,FALSE,NA,"Summer",NA,NA,NA,NA
"Concordia Chiajna","Liga 2","Romania","2014","Departures","Alin Zaharia","https://www.transfermarkt.com/alin-zaharia/profil/spieler/278768","Centre-Forward","27","Romania","FC Voluntari","Liga 2","Romania",NA,TRUE,"loan transfer","Summer",NA,NA,NA,NA
"Concordia Chiajna","Liga 2","Romania","2014","Departures","Marian Neagu","https://www.transfermarkt.com/marian-neagu/profil/spieler/200474","Right Midfield","22","Romania","Othellos Athien","Cyprus League","Cyprus",NA,TRUE,"loan transfer","Summer",0,0,0,0
"Concordia Chiajna","Liga 2","Romania","2014","Departures","Mihai Leca","https://www.transfermarkt.com/mihai-leca/profil/spieler/234286","Centre-Back","22","Romania","Otelul Galati","SuperLiga","Romania",NA,FALSE,"-","Summer",NA,NA,NA,NA
"Concordia Chiajna","Liga 2","Romania","2014","Departures","Gomo Onduku","https://www.transfermarkt.com/gomo-onduku/profil/spieler/184952","Left Winger","20","Nigeria","Bayelsa","NPFL","Nigeria",NA,TRUE,"End of loan Jun 30, 2014","Summer",NA,NA,NA,NA
"Concordia Chiajna","Liga 2","Romania","2014","Departures","Sorin Stratila","https://www.transfermarkt.com/sorin-stratila/profil/spieler/123319","Right Midfield","27","Romania","FC Dinamo","SuperLiga","Romania",NA,TRUE,"End of loan Jun 30, 2014","Summer",NA,NA,NA,NA
"Concordia Chiajna","Liga 2","Romania","2014","Departures","Liviu Ganea","https://www.transfermarkt.com/liviu-ganea/profil/spieler/45267","Centre-Forward","26","Romania","CFR Cluj","SuperLiga","Romania",NA,TRUE,"End of loan Jun 30, 2014","Summer",NA,NA,NA,NA
"Concordia Chiajna","Liga 2","Romania","2014","Departures","Marius Ioniță","https://www.transfermarkt.com/marius-ionita/profil/spieler/177633","Centre-Back","23","Romania","Dinamo II",NA,"Romania",NA,TRUE,"End of loan Jun 30, 2014","Summer",NA,NA,NA,NA
"Concordia Chiajna","Liga 2","Romania","2014","Arrivals","Nicolae Musat","https://www.transfermarkt.com/nicolae-musat/profil/spieler/53196","Left-Back","28","Romania","U Cluj","SuperLiga","Romania",0,FALSE,NA,"Winter",13,7,0,311
"Concordia Chiajna","Liga 2","Romania","2014","Arrivals","Alexandru Vagner","https://www.transfermarkt.com/alexandru-vagner/profil/spieler/48755","Right-Back","25","Romania","FC Brasov","SuperLiga","Romania",0,FALSE,NA,"Winter",14,12,0,971
"Concordia Chiajna","Liga 2","Romania","2014","Arrivals","Bruno Madeira","https://www.transfermarkt.com/bruno-madeira/profil/spieler/35859","Defensive Midfield","30","Portugal","FC Brasov","SuperLiga","Romania",0,FALSE,NA,"Winter",13,13,0,1025
"Concordia Chiajna","Liga 2","Romania","2014","Arrivals","Ștefan Grigorie","https://www.transfermarkt.com/stefan-grigorie/profil/spieler/26037","Attacking Midfield","32","Romania","FC Brasov","SuperLiga","Romania",0,FALSE,NA,"Winter",13,11,1,468
"Concordia Chiajna","Liga 2","Romania","2014","Arrivals","Daniel Lung","https://www.transfermarkt.com/daniel-lung/profil/spieler/64186","Centre-Back","27","Romania","FC Rapid 1923","SuperLiga","Romania",0,FALSE,NA,"Winter",9,3,0,240
"Concordia Chiajna","Liga 2","Romania","2014","Arrivals","Paulo Monteiro","https://www.transfermarkt.com/paulo-monteiro/profil/spieler/35617","Centre-Back","30","Portugal","Chaves","Liga Portugal 2","Portugal",0,FALSE,NA,"Winter",1,0,0,0
"Concordia Chiajna","Liga 2","Romania","2014","Arrivals","Marian Neagu","https://www.transfermarkt.com/marian-neagu/profil/spieler/200474","Right Midfield","23","Romania","Karmiotissa",NA,"Cyprus",NA,TRUE,"End of loan Mar 28, 2015","Winter",0,0,0,0
"Concordia Chiajna","Liga 2","Romania","2014","Arrivals","Marian Neagu","https://www.transfermarkt.com/marian-neagu/profil/spieler/200474","Right Midfield","23","Romania","Othellos Athien","Cyprus League","Cyprus",NA,TRUE,"End of loan Dec 31, 2014","Winter",0,0,0,0
"Concordia Chiajna","Liga 2","Romania","2014","Arrivals","Andrei Damian","https://www.transfermarkt.com/andrei-damian/profil/spieler/241047","Left-Back","22","Romania","Fortuna PC","Liga II - Seria II","Romania",NA,TRUE,"End of loan Jan 31, 2015","Winter",NA,NA,NA,NA
"Concordia Chiajna","Liga 2","Romania","2014","Departures","Stevan Reljic","https://www.transfermarkt.com/stevan-reljic/profil/spieler/46882","Right-Back","28","Montenegro","Rudar Pljevlja","Meridianbet 1. CFL","Montenegro",0,FALSE,NA,"Winter",5,5,0,387
"Concordia Chiajna","Liga 2","Romania","2014","Departures","Mario Brlecic","https://www.transfermarkt.com/mario-brlecic/profil/spieler/74281","Central Midfield","26","Croatia","Travnik","Premijer Liga BiH","Bosnia-Herzegovina",0,FALSE,NA,"Winter",12,8,0,587
"Concordia Chiajna","Liga 2","Romania","2014","Departures","Liviu Bajenaru","https://www.transfermarkt.com/liviu-bajenaru/profil/spieler/97512","Attacking Midfield","31","Romania","Gaz Metan","SuperLiga","Romania",0,FALSE,NA,"Winter",7,7,0,437
"Concordia Chiajna","Liga 2","Romania","2014","Departures","Leoh Digbeu","https://www.transfermarkt.com/leoh-digbeu/profil/spieler/208790","Centre-Forward","24","Cote d'Ivoire","National Sebis",NA,"Romania",0,FALSE,NA,"Winter",5,4,0,285
"Concordia Chiajna","Liga 2","Romania","2014","Departures","Filip Timov","https://www.transfermarkt.com/filip-timov/profil/spieler/141950","Right Winger","22","North Macedonia","FC Urartu ","Premier League","Armenia",0,FALSE,NA,"Winter",7,5,0,200
"Concordia Chiajna","Liga 2","Romania","2014","Departures","Donovan Deekman","https://www.transfermarkt.com/donovan-deekman/profil/spieler/55754","Right Winger","26","Netherlands","Naft Novin","Persian Gulf Pro League","Iran",NA,FALSE,"?","Winter",6,4,0,121
"Concordia Chiajna","Liga 2","Romania","2014","Departures","Neluț Roșu","https://www.transfermarkt.com/nelut-rosu/profil/spieler/241310","Central Midfield","21","Romania","FC Botosani","SuperLiga","Romania",NA,TRUE,"loan transfer","Winter",17,14,0,720
"Concordia Chiajna","Liga 2","Romania","2014","Departures","Marian Neagu","https://www.transfermarkt.com/marian-neagu/profil/spieler/200474","Right Midfield","23","Romania","Karmiotissa",NA,"Cyprus",NA,TRUE,"loan transfer","Winter",0,0,0,0
"Concordia Chiajna","Liga 2","Romania","2014","Departures","Andrei Damian","https://www.transfermarkt.com/andrei-damian/profil/spieler/241047","Left-Back","22","Romania","ACS Berceni","Liga 2","Romania",NA,TRUE,"loan transfer","Winter",NA,NA,NA,NA
"Concordia Chiajna","Liga 2","Romania","2014","Departures","Mihai Leca","https://www.transfermarkt.com/mihai-leca/profil/spieler/234286","Centre-Back","22","Romania","Otelul Galati","SuperLiga","Romania",NA,FALSE,"-","Winter",NA,NA,NA,NA
"Concordia Chiajna","Liga 2","Romania","2014","Departures","Olberdam","https://www.transfermarkt.com/olberdam/profil/spieler/33537","Central Midfield","29","Brazil",NA,NA,NA,NA,FALSE,"-","Winter",5,4,1,329
"ACSM Politehnica Iasi","Liga 2","Romania","2014","Arrivals","Wesley","https://www.transfermarkt.com/wesley/profil/spieler/22560","Second Striker","33","Brazil","Millonarios","Liga DIMAYOR II","Colombia",0,FALSE,NA,"Summer",11,11,3,871
"ACSM Politehnica Iasi","Liga 2","Romania","2014","Arrivals","Cristian Melinte","https://www.transfermarkt.com/cristian-melinte/profil/spieler/63461","Centre-Back","26","Romania","Concordia","SuperLiga","Romania",0,FALSE,NA,"Summer",4,4,0,340
"ACSM Politehnica Iasi","Liga 2","Romania","2014","Arrivals","Alexandru Țigănașu","https://www.transfermarkt.com/alexandru-tiganasu/profil/spieler/177661","Left-Back","24","Romania","Astra Giurgiu","SuperLiga","Romania",0,FALSE,NA,"Summer",21,20,0,1689
"ACSM Politehnica Iasi","Liga 2","Romania","2014","Arrivals","Dulee Johnson","https://www.transfermarkt.com/dulee-johnson/profil/spieler/27288","Central Midfield","29","Liberia","Sageata Navodar","Liga 2","Romania",0,FALSE,NA,"Summer",9,3,0,166
"ACSM Politehnica Iasi","Liga 2","Romania","2014","Arrivals","Valentin Dima","https://www.transfermarkt.com/valentin-dima/profil/spieler/200468","Right-Back","25","Romania","Concordia","SuperLiga","Romania",0,FALSE,NA,"Summer",9,4,0,235
"ACSM Politehnica Iasi","Liga 2","Romania","2014","Arrivals","Valentin Coșereanu","https://www.transfermarkt.com/valentin-cosereanu/profil/spieler/204181","Right Midfield","23","Romania","Concordia","SuperLiga","Romania",0,FALSE,NA,"Summer",16,8,1,391
"ACSM Politehnica Iasi","Liga 2","Romania","2014","Arrivals","Cristian Munteanu","https://www.transfermarkt.com/cristian-munteanu/profil/spieler/54755","Centre-Back","33","Romania","Sageata Navodar","Liga 2","Romania",0,FALSE,NA,"Summer",19,18,1,1549
"ACSM Politehnica Iasi","Liga 2","Romania","2014","Arrivals","Lukács Bőle","https://www.transfermarkt.com/lukacs-bole/profil/spieler/130775","Attacking Midfield","24","Hungary","Kaposvár","NB II.","Hungary",0,FALSE,NA,"Summer",23,21,3,1556
"ACSM Politehnica Iasi","Liga 2","Romania","2014","Arrivals","Gomo Onduku","https://www.transfermarkt.com/gomo-onduku/profil/spieler/184952","Left Winger","20","Nigeria","Bayelsa","NPFL","Nigeria",NA,FALSE,"?","Summer",18,18,1,1417
"ACSM Politehnica Iasi","Liga 2","Romania","2014","Arrivals","Kabiru Akinsola","https://www.transfermarkt.com/kabiru-akinsola/profil/spieler/97213","Centre-Forward","23","Nigeria","Granada CF","LaLiga","Spain",NA,FALSE,"?","Summer",3,3,0,94
"ACSM Politehnica Iasi","Liga 2","Romania","2014","Arrivals","Alexandru Ciucur","https://www.transfermarkt.com/alexandru-ciucur/profil/spieler/123302","Left Winger","24","Romania","Pandurii ","SuperLiga","Romania",NA,TRUE,"loan transfer","Summer",33,33,3,2643
"ACSM Politehnica Iasi","Liga 2","Romania","2014","Arrivals","Ionuț Voicu","https://www.transfermarkt.com/ionut-voicu/profil/spieler/46677","Right-Back","29","Romania","FC Rapid 1923","SuperLiga","Romania",NA,TRUE,"loan transfer","Summer",32,32,0,2822
"ACSM Politehnica Iasi","Liga 2","Romania","2014","Arrivals","Florin Plămadă","https://www.transfermarkt.com/florin-plamada/profil/spieler/241574","Centre-Back","22","Romania","FC Botosani","SuperLiga","Romania",NA,TRUE,"loan transfer","Summer",33,27,1,2284
"ACSM Politehnica Iasi","Liga 2","Romania","2014","Arrivals","Milan Mitic","https://www.transfermarkt.com/milan-mitic/profil/spieler/209648","Defensive Midfield","30","Serbia","Without Club",NA,NA,NA,FALSE,"-","Summer",24,22,0,1705
"ACSM Politehnica Iasi","Liga 2","Romania","2014","Arrivals","Branko Grahovac","https://www.transfermarkt.com/branko-grahovac/profil/spieler/54843","Goalkeeper","30","Bosnia-Herzegovina","Without Club",NA,NA,NA,FALSE,"-","Summer",36,24,0,1990
"ACSM Politehnica Iasi","Liga 2","Romania","2014","Departures","Andrei Hergheligiu","https://www.transfermarkt.com/andrei-hergheligiu/profil/spieler/208799","Left Winger","22","Romania","CS U Craiova","SuperLiga","Romania",0,FALSE,NA,"Summer",NA,NA,NA,NA
"ACSM Politehnica Iasi","Liga 2","Romania","2014","Departures","Aleksandar Radovic","https://www.transfermarkt.com/aleksandar-radovic/profil/spieler/52300","Right-Back","27","Montenegro","FC Olt Slatina","Liga II - Seria II","Romania",0,FALSE,NA,"Summer",NA,NA,NA,NA
"ACSM Politehnica Iasi","Liga 2","Romania","2014","Departures","Adrian Avramia","https://www.transfermarkt.com/adrian-avramia/profil/spieler/192861","Centre-Back","22","Romania","CS U Craiova","SuperLiga","Romania",0,FALSE,NA,"Summer",NA,NA,NA,NA
"ACSM Politehnica Iasi","Liga 2","Romania","2014","Departures","Marius Onofraș","https://www.transfermarkt.com/marius-onofras/profil/spieler/47500","Right Winger","34","Romania","Dacia U. Braila","Liga 2","Romania",0,FALSE,NA,"Summer",NA,NA,NA,NA
"ACSM Politehnica Iasi","Liga 2","Romania","2014","Departures","Codrut Cioranu","https://www.transfermarkt.com/codrut-cioranu/profil/spieler/130341","Centre-Back","23","Romania","ACS Berceni","Liga 2","Romania",0,FALSE,NA,"Summer",NA,NA,NA,NA
"ACSM Politehnica Iasi","Liga 2","Romania","2014","Departures","Radu Miron","https://www.transfermarkt.com/radu-miron/profil/spieler/97526","Left Midfield","23","Romania","Cetatea Tg. Nt.",NA,"Romania",NA,FALSE,"?","Summer",NA,NA,NA,NA
"ACSM Politehnica Iasi","Liga 2","Romania","2014","Departures","Cosmin Vancea","https://www.transfermarkt.com/cosmin-vancea/profil/spieler/123226","Centre-Forward","29","Romania","Unknown",NA,NA,NA,FALSE,"?","Summer",NA,NA,NA,NA
"ACSM Politehnica Iasi","Liga 2","Romania","2014","Departures","Clement Palimaru","https://www.transfermarkt.com/clement-palimaru/profil/spieler/47501","Centre-Forward","28","Romania","Without Club",NA,NA,NA,FALSE,"-","Summer",8,8,1,619
"ACSM Politehnica Iasi","Liga 2","Romania","2014","Departures","Andrei Bălan","https://www.transfermarkt.com/andrei-balan/profil/spieler/208780","Goalkeeper","25","Romania","Without Club",NA,NA,NA,FALSE,"-","Summer",NA,NA,NA,NA
"ACSM Politehnica Iasi","Liga 2","Romania","2014","Departures","Mihnea Firoiu","https://www.transfermarkt.com/mihnea-firoiu/profil/spieler/298275","Right-Back","21","Romania","Without Club",NA,NA,NA,FALSE,"-","Summer",NA,NA,NA,NA
"ACSM Politehnica Iasi","Liga 2","Romania","2014","Departures","Alexandru Țigănașu","https://www.transfermarkt.com/alexandru-tiganasu/profil/spieler/177661","Left-Back","24","Romania","Astra Giurgiu","SuperLiga","Romania",NA,TRUE,"End of loan Jun 30, 2014","Summer",21,20,0,1689
"ACSM Politehnica Iasi","Liga 2","Romania","2014","Departures","Florin Plămadă","https://www.transfermarkt.com/florin-plamada/profil/spieler/241574","Centre-Back","22","Romania","FC Botosani","SuperLiga","Romania",NA,TRUE,"End of loan Jun 30, 2014","Summer",33,27,1,2284
"ACSM Politehnica Iasi","Liga 2","Romania","2014","Arrivals","Bojan Golubovic","https://www.transfermarkt.com/bojan-golubovic/profil/spieler/37290","Centre-Forward","31","Serbia","Sönderjyske","Superliga","Denmark",0,FALSE,NA,"Winter",17,17,4,1530
"ACSM Politehnica Iasi","Liga 2","Romania","2014","Arrivals","Andrei Enescu","https://www.transfermarkt.com/andrei-enescu/profil/spieler/34936","Central Midfield","27","Romania","Gaz Metan","SuperLiga","Romania",0,FALSE,NA,"Winter",16,16,1,1241
"ACSM Politehnica Iasi","Liga 2","Romania","2014","Arrivals","Madalin Ciuca","https://www.transfermarkt.com/madalin-ciuca/profil/spieler/47570","Centre-Back","32","Romania","Sportul Snagov","Liga II - Seria II","Romania",0,FALSE,NA,"Winter",14,11,0,412
"ACSM Politehnica Iasi","Liga 2","Romania","2014","Arrivals","Bojan Markovic","https://www.transfermarkt.com/bojan-markovic/profil/spieler/60789","Centre-Back","29","Bosnia-Herzegovina","Mladost Obarska","Premijer Liga BiH","Bosnia-Herzegovina",NA,FALSE,"?","Winter",7,3,0,4
"ACSM Politehnica Iasi","Liga 2","Romania","2014","Arrivals","Fábio Braga","https://www.transfermarkt.com/fabio-braga/profil/spieler/214074","Defensive Midfield","22","Brazil","Fluminense","Série A","Brazil",NA,TRUE,"loan transfer","Winter",13,10,1,214
"ACSM Politehnica Iasi","Liga 2","Romania","2014","Departures","Wesley","https://www.transfermarkt.com/wesley/profil/spieler/22560","Second Striker","34","Brazil","Barbarense-SP",NA,"Brazil",0,FALSE,NA,"Winter",11,11,3,871
"ACSM Politehnica Iasi","Liga 2","Romania","2014","Departures","Cristian Melinte","https://www.transfermarkt.com/cristian-melinte/profil/spieler/63461","Centre-Back","26","Romania","ACS Poli","Liga II - Seria II","Romania",0,FALSE,NA,"Winter",4,4,0,340
"ACSM Politehnica Iasi","Liga 2","Romania","2014","Departures","Daniel Novac","https://www.transfermarkt.com/daniel-novac/profil/spieler/156372","Central Midfield","27","Romania","FC Voluntari","Liga 2","Romania",0,FALSE,NA,"Winter",21,18,1,1082
"ACSM Politehnica Iasi","Liga 2","Romania","2014","Departures","Cristian Munteanu","https://www.transfermarkt.com/cristian-munteanu/profil/spieler/54755","Centre-Back","34","Romania","U Cluj","SuperLiga","Romania",0,FALSE,NA,"Winter",19,18,1,1549
"ACSM Politehnica Iasi","Liga 2","Romania","2014","Departures","Mugurel Dedu","https://www.transfermarkt.com/mugurel-dedu/profil/spieler/47874","Attacking Midfield","29","Romania","Gloria Buzau","Liga 2","Romania",0,FALSE,NA,"Winter",12,10,1,448
"ACSM Politehnica Iasi","Liga 2","Romania","2014","Departures","Bogdan Vișa","https://www.transfermarkt.com/bogdan-visa/profil/spieler/209098","Centre-Back","28","Romania","Gaz Metan","SuperLiga","Romania",0,FALSE,NA,"Winter",17,4,0,195
"ACSM Politehnica Iasi","Liga 2","Romania","2014","Departures","Kabiru Akinsola","https://www.transfermarkt.com/kabiru-akinsola/profil/spieler/97213","Centre-Forward","24","Nigeria","Sunshine Stars","NPFL","Nigeria",0,FALSE,NA,"Winter",3,3,0,94
"ACSM Politehnica Iasi","Liga 2","Romania","2014","Departures","Sergiu Dani","https://www.transfermarkt.com/sergiu-dani/profil/spieler/185710","Goalkeeper","22","Romania","Unirea Dej",NA,"Romania",0,FALSE,NA,"Winter",NA,NA,NA,NA
"ACSM Politehnica Iasi","Liga 2","Romania","2014","Departures","Eduard Săvoaia","https://www.transfermarkt.com/eduard-savoaia/profil/spieler/365831","Attacking Midfield","19","Romania","Foresta Suceava","Liga 2","Romania",0,FALSE,NA,"Winter",NA,NA,NA,NA
"ACSM Politehnica Iasi","Liga 2","Romania","2014","Departures","Iulian Vladu","https://www.transfermarkt.com/iulian-vladu/profil/spieler/56212","Left-Back","32","Romania","CS Mioveni","Liga II - Seria II","Romania",NA,FALSE,"?","Winter",9,6,0,396
"Gaz Metan Medias (- 2022)",NA,NA,"2014","Arrivals","Alexandru Curtean","https://www.transfermarkt.com/alexandru-curtean/profil/spieler/81477","Left Winger","27","Romania","Botev Plovdiv","efbet Liga","Bulgaria",0,FALSE,NA,"Summer",22,20,2,1251
"Gaz Metan Medias (- 2022)",NA,NA,"2014","Arrivals","Valentin Crețu","https://www.transfermarkt.com/valentin-cretu/profil/spieler/79507","Right-Back","25","Romania","Concordia","SuperLiga","Romania",0,FALSE,NA,"Summer",30,28,0,2559
"Gaz Metan Medias (- 2022)",NA,NA,"2014","Arrivals","Ahmed Mujdragic","https://www.transfermarkt.com/ahmed-mujdragic/profil/spieler/50180","Centre-Back","28","Serbia","FK Celik Niksic",NA,"Montenegro",0,FALSE,NA,"Summer",17,15,0,1272
"Gaz Metan Medias (- 2022)",NA,NA,"2014","Arrivals","Loránd Szilágyi","https://www.transfermarkt.com/lorand-szilagyi/profil/spieler/114593","Left-Back","27","Romania","ASA Tg. Mures","SuperLiga","Romania",0,FALSE,NA,"Summer",24,15,0,1208
"Gaz Metan Medias (- 2022)",NA,NA,"2014","Arrivals","Andrei Enescu","https://www.transfermarkt.com/andrei-enescu/profil/spieler/34936","Central Midfield","26","Romania","FC Vaslui",NA,"Romania",0,FALSE,NA,"Summer",11,5,0,275
"Gaz Metan Medias (- 2022)",NA,NA,"2014","Arrivals","Costin Gheorghe","https://www.transfermarkt.com/costin-gheorghe/profil/spieler/64165","Right Winger","25","Romania","Inter Clinceni",NA,"Romania",0,FALSE,NA,"Summer",4,2,0,23
"Gaz Metan Medias (- 2022)",NA,NA,"2014","Arrivals","Godfred Bekoé","https://www.transfermarkt.com/godfred-bekoe/profil/spieler/314416","Centre-Forward","21","Ghana","Chern. Burgas","Vtora Liga","Bulgaria",0,FALSE,NA,"Summer",7,6,0,120
"Gaz Metan Medias (- 2022)",NA,NA,"2014","Arrivals","Alexandru Buziuc","https://www.transfermarkt.com/alexandru-buziuc/profil/spieler/269786","Centre-Forward","20","Romania","FC Vaslui",NA,"Romania",0,FALSE,NA,"Summer",12,11,0,782
"Gaz Metan Medias (- 2022)",NA,NA,"2014","Arrivals","Alexandru Tarnovan","https://www.transfermarkt.com/alexandru-tarnovan/profil/spieler/262028","Right Winger","18","Romania","FCSB","SuperLiga","Romania",NA,TRUE,"loan transfer","Summer",14,7,0,255
"Gaz Metan Medias (- 2022)",NA,NA,"2014","Arrivals","Simone Giacomini","https://www.transfermarkt.com/simone-giacomini/profil/spieler/339111","Centre-Back","23","Italy","Tamai","Serie D - C","Italy",NA,TRUE,"loan transfer","Summer",4,0,0,0
"Gaz Metan Medias (- 2022)",NA,NA,"2014","Arrivals","Cosimo Figliomeni","https://www.transfermarkt.com/cosimo-figliomeni/profil/spieler/252440","Second Striker","21","Italy","Siderno",NA,"Italy",NA,FALSE,"-","Summer",32,28,3,1415
"Gaz Metan Medias (- 2022)",NA,NA,"2014","Arrivals","Raul Gaspar","https://www.transfermarkt.com/raul-gaspar/profil/spieler/281049","Attacking Midfield","21","Romania","Gloria Bistrita","Liga II - Seria II","Romania",NA,TRUE,"End of loan Jun 30, 2014","Summer",NA,NA,NA,NA
"Gaz Metan Medias (- 2022)",NA,NA,"2014","Arrivals","Ioan Susu","https://www.transfermarkt.com/ioan-susu/profil/spieler/282681","Centre-Forward","20","Romania","Gloria Bistrita","Liga II - Seria II","Romania",NA,TRUE,"End of loan Jun 30, 2014","Summer",NA,NA,NA,NA
"Gaz Metan Medias (- 2022)",NA,NA,"2014","Arrivals","Iulian Cristea","https://www.transfermarkt.com/iulian-cristea/profil/spieler/331971","Centre-Back","19","Romania","Metalurg. Cugir",NA,"Romania",NA,TRUE,"End of loan Jun 30, 2014","Summer",18,16,0,1063
"Gaz Metan Medias (- 2022)",NA,NA,"2014","Departures","Thaer Bawab","https://www.transfermarkt.com/thaer-bawab/profil/spieler/40480","Centre-Forward","29","Jordan","Kalba FC","UAE Pro League","United Arab Emirates",0,FALSE,NA,"Summer",NA,NA,NA,NA
"Gaz Metan Medias (- 2022)",NA,NA,"2014","Departures","Cosmin Frasinescu","https://www.transfermarkt.com/cosmin-frasinescu/profil/spieler/46546","Centre-Back","29","Romania","CS U Craiova","SuperLiga","Romania",0,FALSE,NA,"Summer",NA,NA,NA,NA
"Gaz Metan Medias (- 2022)",NA,NA,"2014","Departures","Jordan Robertson","https://www.transfermarkt.com/jordan-robertson/profil/spieler/30938","Centre-Forward","26","England","Bromley","National League South","England",0,FALSE,NA,"Summer",NA,NA,NA,NA
"Gaz Metan Medias (- 2022)",NA,NA,"2014","Departures","Adrian Markus","https://www.transfermarkt.com/adrian-markus/profil/spieler/208460","Centre-Forward","22","Romania","FCV Farul","SuperLiga","Romania",0,FALSE,NA,"Summer",NA,NA,NA,NA
"Gaz Metan Medias (- 2022)",NA,NA,"2014","Departures","Cosmin Vâtcă","https://www.transfermarkt.com/cosmin-vatca/profil/spieler/47477","Goalkeeper","32","Romania","CFR Cluj","SuperLiga","Romania",0,FALSE,NA,"Summer",NA,NA,NA,NA
"Gaz Metan Medias (- 2022)",NA,NA,"2014","Departures","Sebastian Cojocnean","https://www.transfermarkt.com/sebastian-cojocnean/profil/spieler/104063","Right Winger","26","Romania","FC Rapid 1923","SuperLiga","Romania",0,FALSE,NA,"Summer",NA,NA,NA,NA
"Gaz Metan Medias (- 2022)",NA,NA,"2014","Departures","Florin Ilie","https://www.transfermarkt.com/florin-ilie/profil/spieler/192866","Centre-Back","22","Romania","Concordia","SuperLiga","Romania",0,FALSE,NA,"Summer",4,1,0,120
"Gaz Metan Medias (- 2022)",NA,NA,"2014","Departures","Nikola Antic","https://www.transfermarkt.com/nikola-antic/profil/spieler/139719","Centre-Forward","22","Serbia","Sopot",NA,"Serbia",0,FALSE,NA,"Summer",NA,NA,NA,NA
"Gaz Metan Medias (- 2022)",NA,NA,"2014","Departures","Fabio Bravo","https://www.transfermarkt.com/fabio-bravo/profil/spieler/169132","Attacking Midfield","25","Italy","Vittorio Falmec",NA,"Italy",NA,FALSE,"?","Summer",NA,NA,NA,NA
"Gaz Metan Medias (- 2022)",NA,NA,"2014","Departures","Kaby","https://www.transfermarkt.com/kaby/profil/spieler/129555","Left Winger","22","Guinea-Bissau","Pogon Siedlce","Betclic 1 Liga","Poland",NA,TRUE,"loan transfer","Summer",1,0,0,0
"Gaz Metan Medias (- 2022)",NA,NA,"2014","Departures","Ioan Susu","https://www.transfermarkt.com/ioan-susu/profil/spieler/282681","Centre-Forward","20","Romania","Ac. Clinceni","Liga 2","Romania",NA,TRUE,"loan transfer","Summer",NA,NA,NA,NA
"Gaz Metan Medias (- 2022)",NA,NA,"2014","Departures","Alexandru Munteanu","https://www.transfermarkt.com/alexandru-munteanu/profil/spieler/123307","Right Winger","26","Romania","Without Club",NA,NA,NA,FALSE,"-","Summer",13,13,1,827
"Gaz Metan Medias (- 2022)",NA,NA,"2014","Departures","Petr Mach","https://www.transfermarkt.com/petr-mach/profil/spieler/63741","Left-Back","29","Czech Republic","Without Club",NA,NA,NA,FALSE,"-","Summer",NA,NA,NA,NA
"Gaz Metan Medias (- 2022)",NA,NA,"2014","Departures","Andrei Bozesan","https://www.transfermarkt.com/andrei-bozesan/profil/spieler/46512","Central Midfield","26","Romania","Without Club",NA,NA,NA,FALSE,"-","Summer",NA,NA,NA,NA
"Gaz Metan Medias (- 2022)",NA,NA,"2014","Departures","Florin Sandu","https://www.transfermarkt.com/florin-sandu/profil/spieler/103528","Left-Back","26","Romania","Without Club",NA,NA,NA,FALSE,"-","Summer",0,0,0,0
"Gaz Metan Medias (- 2022)",NA,NA,"2014","Departures","Yoki Kumada","https://www.transfermarkt.com/yoki-kumada/profil/spieler/197352","Right Midfield","21","Japan","Without Club",NA,NA,NA,FALSE,"-","Summer",NA,NA,NA,NA
"Gaz Metan Medias (- 2022)",NA,NA,"2014","Departures","Raul Gaspar","https://www.transfermarkt.com/raul-gaspar/profil/spieler/281049","Attacking Midfield","21","Romania",NA,NA,NA,NA,FALSE,"-","Summer",NA,NA,NA,NA
"Gaz Metan Medias (- 2022)",NA,NA,"2014","Arrivals","Octavian Abrudan","https://www.transfermarkt.com/octavian-abrudan/profil/spieler/46485","Centre-Back","30","Romania","Milsami","Divizia Nationala (-2017)","Moldova",0,FALSE,NA,"Winter",10,8,0,709
"Gaz Metan Medias (- 2022)",NA,NA,"2014","Arrivals","Liviu Bajenaru","https://www.transfermarkt.com/liviu-bajenaru/profil/spieler/97512","Attacking Midfield","31","Romania","Concordia","SuperLiga","Romania",0,FALSE,NA,"Winter",4,4,1,207
"Gaz Metan Medias (- 2022)",NA,NA,"2014","Arrivals","Bogdan Vișa","https://www.transfermarkt.com/bogdan-visa/profil/spieler/209098","Centre-Back","28","Romania","ACSM Poli Iasi","SuperLiga","Romania",0,FALSE,NA,"Winter",15,3,0,243
"Gaz Metan Medias (- 2022)",NA,NA,"2014","Arrivals","Elton","https://www.transfermarkt.com/elton/profil/spieler/363265","Central Midfield","29","Brazil","Atl. Alagoinhas",NA,"Brazil",0,FALSE,NA,"Winter",14,12,0,797
"Gaz Metan Medias (- 2022)",NA,NA,"2014","Arrivals","Ciprian Botoser","https://www.transfermarkt.com/ciprian-botoser/profil/spieler/46511","Goalkeeper","28","Romania","ASA Tg. Mures","SuperLiga","Romania",0,FALSE,NA,"Winter",2,0,0,0
"Gaz Metan Medias (- 2022)",NA,NA,"2014","Arrivals","Julián Velázquez","https://www.transfermarkt.com/julian-velazquez/profil/spieler/124260","Centre-Back","24","Argentina","Palermo","Serie A","Italy",NA,TRUE,"loan transfer","Winter",14,14,0,1157
"Gaz Metan Medias (- 2022)",NA,NA,"2014","Arrivals","Alexandru Munteanu","https://www.transfermarkt.com/alexandru-munteanu/profil/spieler/123307","Right Winger","27","Romania","Without Club",NA,NA,NA,FALSE,"-","Winter",13,13,1,827
"Gaz Metan Medias (- 2022)",NA,NA,"2014","Arrivals","Kaby","https://www.transfermarkt.com/kaby/profil/spieler/129555","Left Winger","22","Guinea-Bissau","Pogon Siedlce","Betclic 1 Liga","Poland",NA,TRUE,"End of loan Feb 4, 2015","Winter",1,0,0,0
"Gaz Metan Medias (- 2022)",NA,NA,"2014","Departures","Andrei Enescu","https://www.transfermarkt.com/andrei-enescu/profil/spieler/34936","Central Midfield","27","Romania","ACSM Poli Iasi","SuperLiga","Romania",0,FALSE,NA,"Winter",11,5,0,275
"Gaz Metan Medias (- 2022)",NA,NA,"2014","Departures","Milos Buchta","https://www.transfermarkt.com/milos-buchta/profil/spieler/34470","Goalkeeper","34","Czech Republic","FC Rapid 1923","SuperLiga","Romania",0,FALSE,NA,"Winter",17,8,0,750
"Gaz Metan Medias (- 2022)",NA,NA,"2014","Departures","Alexandru Buziuc","https://www.transfermarkt.com/alexandru-buziuc/profil/spieler/269786","Centre-Forward","20","Romania","Foresta Suceava","Liga 2","Romania",NA,TRUE,"loan transfer","Winter",12,11,0,782
"Gaz Metan Medias (- 2022)",NA,NA,"2014","Departures","Kaby","https://www.transfermarkt.com/kaby/profil/spieler/129555","Left Winger","23","Guinea-Bissau","PS Kemi","Ykkösliiga","Finland",NA,TRUE,"loan transfer","Winter",1,0,0,0
"Gaz Metan Medias (- 2022)",NA,NA,"2014","Departures","Florin Dan","https://www.transfermarkt.com/florin-dan/profil/spieler/43298","Attacking Midfield","35","Romania","Without Club",NA,NA,NA,FALSE,"-","Winter",13,7,0,353
"FC Brasov (- 2017)",NA,NA,"2014","Arrivals","Daniel Barna","https://www.transfermarkt.com/daniel-barna/profil/spieler/55275","Left-Back","27","Romania","Farul Constanta","Liga 2","Romania",0,FALSE,NA,"Summer",18,9,0,511
"FC Brasov (- 2017)",NA,NA,"2014","Arrivals","Marian Constantinescu","https://www.transfermarkt.com/marian-constantinescu/profil/spieler/46520","Attacking Midfield","32","Romania","Ceahlaul","SuperLiga","Romania",0,FALSE,NA,"Summer",35,35,11,2933
"FC Brasov (- 2017)",NA,NA,"2014","Arrivals","Alexandru Grigoraș","https://www.transfermarkt.com/alexandru-grigoras/profil/spieler/203090","Centre-Forward","25","Romania","Sageata Navodar","Liga 2","Romania",0,FALSE,NA,"Summer",3,3,0,52
"FC Brasov (- 2017)",NA,NA,"2014","Arrivals","Calin Cristea","https://www.transfermarkt.com/calin-cristea/profil/spieler/123284","Central Midfield","26","Romania","Pandurii ","SuperLiga","Romania",0,FALSE,NA,"Summer",10,5,0,395
"FC Brasov (- 2017)",NA,NA,"2014","Arrivals","Liviu Ganea","https://www.transfermarkt.com/liviu-ganea/profil/spieler/45267","Centre-Forward","26","Romania","CFR Cluj","SuperLiga","Romania",0,FALSE,NA,"Summer",27,26,3,1345
"FC Brasov (- 2017)",NA,NA,"2014","Arrivals","Cătălin Țîră","https://www.transfermarkt.com/catalin-tira/profil/spieler/168257","Centre-Forward","20","Romania","ADO Den Haag","Eredivisie","Netherlands",0,FALSE,NA,"Summer",29,20,2,1051
"FC Brasov (- 2017)",NA,NA,"2014","Arrivals","Cătălin Munteanu","https://www.transfermarkt.com/catalin-munteanu/profil/spieler/16615","Attacking Midfield","35","Romania","FC Dinamo","SuperLiga","Romania",0,FALSE,NA,"Summer",18,16,0,924
"FC Brasov (- 2017)",NA,NA,"2014","Arrivals","Sebastian Remes","https://www.transfermarkt.com/sebastian-remes/profil/spieler/160401","Centre-Back","22","Romania","FC U Craiova",NA,"Romania",0,FALSE,NA,"Summer",1,0,0,0
"FC Brasov (- 2017)",NA,NA,"2014","Arrivals","Tiberiu Petriș","https://www.transfermarkt.com/tiberiu-petris/profil/spieler/251585","Central Midfield","20","Romania","ASA Tg. Mures","SuperLiga","Romania",0,FALSE,NA,"Summer",8,1,0,6
"FC Brasov (- 2017)",NA,NA,"2014","Arrivals","Vlad Mihalcea","https://www.transfermarkt.com/vlad-mihalcea/profil/spieler/341143","Attacking Midfield","16","Romania","FC Brasov U19",NA,"Romania",NA,FALSE,"-","Summer",0,0,0,0
"FC Brasov (- 2017)",NA,NA,"2014","Arrivals","Horia Popa","https://www.transfermarkt.com/horia-popa/profil/spieler/247955","Defensive Midfield","20","Romania","FC Brasov-SR","SuperLiga","Romania",NA,TRUE,"End of loan Jun 30, 2014","Summer",8,2,1,57
"FC Brasov (- 2017)",NA,NA,"2014","Arrivals","Florin Dumbravă","https://www.transfermarkt.com/florin-dumbrava/profil/spieler/262115","Left-Back","19","Romania","Tarlungeni","Liga 2","Romania",NA,TRUE,"End of loan Jun 30, 2014","Summer",0,0,0,0
"FC Brasov (- 2017)",NA,NA,"2014","Arrivals","Florin Iacob","https://www.transfermarkt.com/florin-iacob/profil/spieler/186028","Goalkeeper","20","Romania","Tarlungeni","Liga 2","Romania",NA,TRUE,"End of loan Dec 31, 2013","Summer",32,27,0,2331
"FC Brasov (- 2017)",NA,NA,"2014","Arrivals","Gabriel Frincu","https://www.transfermarkt.com/gabriel-frincu/profil/spieler/317495","Centre-Back","26","Romania","Tarlungeni","Liga 2","Romania",NA,TRUE,"End of loan Jun 30, 2014","Summer",5,1,0,90
"FC Brasov (- 2017)",NA,NA,"2014","Arrivals","Alin Damian","https://www.transfermarkt.com/alin-damian/profil/spieler/225671","Centre-Forward","20","Romania","Păpăuţi",NA,"Romania",NA,TRUE,"End of loan Jun 30, 2014","Summer",NA,NA,NA,NA
"FC Brasov (- 2017)",NA,NA,"2014","Arrivals","Alin Babei","https://www.transfermarkt.com/alin-babei/profil/spieler/604058","Right Winger","16","Romania","FC Brasov-SR","SuperLiga","Romania",NA,TRUE,"End of loan Jun 30, 2014","Summer",NA,NA,NA,NA
"FC Brasov (- 2017)",NA,NA,"2014","Departures","Alexandru Mateiu","https://www.transfermarkt.com/alexandru-mateiu/profil/spieler/64193","Central Midfield","24","Romania","CS U Craiova","SuperLiga","Romania",5e+05,FALSE,NA,"Summer",NA,NA,NA,NA
"FC Brasov (- 2017)",NA,NA,"2014","Departures","Andrei Cristea","https://www.transfermarkt.com/andrei-cristea/profil/spieler/26491","Centre-Forward","30","Romania","FK Gabala","Premyer Liqa","Azerbaijan",0,FALSE,NA,"Summer",NA,NA,NA,NA
"FC Brasov (- 2017)",NA,NA,"2014","Departures","Romeo Surdu","https://www.transfermarkt.com/romeo-surdu/profil/spieler/43378","Left Winger","30","Romania","Milsami","Divizia Nationala (-2017)","Moldova",0,FALSE,NA,"Summer",NA,NA,NA,NA
"FC Brasov (- 2017)",NA,NA,"2014","Departures","János Székely","https://www.transfermarkt.com/janos-szekely/profil/spieler/48195","Attacking Midfield","31","Romania","ASA Tg. Mures","SuperLiga","Romania",0,FALSE,NA,"Summer",NA,NA,NA,NA
"FC Brasov (- 2017)",NA,NA,"2014","Departures","Marius Constantin","https://www.transfermarkt.com/marius-constantin/profil/spieler/34503","Centre-Back","29","Romania","ASA Tg. Mures","SuperLiga","Romania",0,FALSE,NA,"Summer",NA,NA,NA,NA
"FC Brasov (- 2017)",NA,NA,"2014","Departures","Davide","https://www.transfermarkt.com/davide/profil/spieler/13199","Right Winger","31","Portugal","Santa Clara","Liga Portugal 2","Portugal",0,FALSE,NA,"Summer",NA,NA,NA,NA
"FC Brasov (- 2017)",NA,NA,"2014","Departures","Iulian Popa","https://www.transfermarkt.com/iulian-popa/profil/spieler/168281","Left Winger","30","Romania","Otelul Galati","SuperLiga","Romania",0,FALSE,NA,"Summer",NA,NA,NA,NA
"FC Brasov (- 2017)",NA,NA,"2014","Departures","Valentin Bordea","https://www.transfermarkt.com/valentin-bordea/profil/spieler/213197","Goalkeeper","27","Romania","Bihor Oradea","Liga II - Seria II","Romania",0,FALSE,NA,"Summer",NA,NA,NA,NA
"FC Brasov (- 2017)",NA,NA,"2014","Departures","Diogo Fonseca","https://www.transfermarkt.com/diogo-fonseca/profil/spieler/25509","Centre-Forward","29","Portugal","Feirense","Liga Portugal 2","Portugal",0,FALSE,NA,"Summer",NA,NA,NA,NA
"FC Brasov (- 2017)",NA,NA,"2014","Departures","Cristian Ionescu","https://www.transfermarkt.com/cristian-ionescu/profil/spieler/64175","Left-Back","36","Romania","ACS Berceni","Liga 2","Romania",0,FALSE,NA,"Summer",NA,NA,NA,NA
"FC Brasov (- 2017)",NA,NA,"2014","Departures","Vlad Potecu","https://www.transfermarkt.com/vlad-potecu/profil/spieler/234247","Centre-Back","21","Romania","Minaur",NA,"Romania",0,FALSE,NA,"Summer",NA,NA,NA,NA
"FC Brasov (- 2017)",NA,NA,"2014","Departures","Alin Damian","https://www.transfermarkt.com/alin-damian/profil/spieler/225671","Centre-Forward","20","Romania","CSM Fagaras",NA,"Romania",0,FALSE,NA,"Summer",NA,NA,NA,NA
"FC Brasov (- 2017)",NA,NA,"2014","Departures","Cosmin Ivan","https://www.transfermarkt.com/cosmin-ivan/profil/spieler/440103","Centre-Forward","19","Romania","Precizia Sacele",NA,"Romania",0,FALSE,NA,"Summer",NA,NA,NA,NA
"FC Brasov (- 2017)",NA,NA,"2014","Departures","Alin Babei","https://www.transfermarkt.com/alin-babei/profil/spieler/604058","Right Winger","16","Romania","FC Sacele",NA,"Romania",0,FALSE,NA,"Summer",NA,NA,NA,NA
"FC Brasov (- 2017)",NA,NA,"2014","Departures","Octavian Poenaru","https://www.transfermarkt.com/octavian-poenaru/profil/spieler/340235","Left-Back","18","Romania","Tarlungeni","Liga II - Seria II","Romania",NA,TRUE,"loan transfer","Summer",NA,NA,NA,NA
"FC Brasov (- 2017)",NA,NA,"2014","Departures","Georgian Păun","https://www.transfermarkt.com/georgian-paun/profil/spieler/74552","Left Winger","29","Romania","Without Club",NA,NA,NA,FALSE,"-","Summer",4,2,0,71
"FC Brasov (- 2017)",NA,NA,"2014","Departures","Cristian Manea","https://www.transfermarkt.com/cristian-manea/profil/spieler/276900","Central Midfield","19","Romania","Dinamo II",NA,"Romania",NA,TRUE,"End of loan Jun 30, 2014","Summer",NA,NA,NA,NA
"FC Brasov (- 2017)",NA,NA,"2014","Arrivals","Lucian Goian","https://www.transfermarkt.com/lucian-goian/profil/spieler/26036","Centre-Back","32","Romania","BJ BSU","League One","China",0,FALSE,NA,"Winter",16,15,0,1169
"FC Brasov (- 2017)",NA,NA,"2014","Arrivals","Sasa Novakovic","https://www.transfermarkt.com/sasa-novakovic/profil/spieler/147130","Centre-Back","23","Croatia","NK Osijek","SuperSport HNL","Croatia",0,FALSE,NA,"Winter",17,16,1,1355
"FC Brasov (- 2017)",NA,NA,"2014","Arrivals","Tomislav Juric","https://www.transfermarkt.com/tomislav-juric/profil/spieler/72401","Central Midfield","24","Croatia","NK Krka","Prva Liga","Slovenia",0,FALSE,NA,"Winter",14,14,0,1212
"FC Brasov (- 2017)",NA,NA,"2014","Arrivals","Artjom Artjunin","https://www.transfermarkt.com/artjom-artjunin/profil/spieler/111558","Centre-Back","24","Estonia","FCI Levadia","Premium Liiga","Estonia",0,FALSE,NA,"Winter",9,3,0,232
"FC Brasov (- 2017)",NA,NA,"2014","Arrivals","Cristian Ganea","https://www.transfermarkt.com/cristian-ganea/profil/spieler/262117","Left-Back","22","Romania","Sageata Navodar","Liga 2","Romania",0,FALSE,NA,"Winter",16,16,2,1238
"FC Brasov (- 2017)",NA,NA,"2014","Arrivals","Alin Șeroni","https://www.transfermarkt.com/alin-seroni/profil/spieler/243846","Centre-Back","27","Romania","FCV Farul","SuperLiga","Romania",0,FALSE,NA,"Winter",NA,NA,NA,NA
"FC Brasov (- 2017)",NA,NA,"2014","Arrivals","Leo Novak","https://www.transfermarkt.com/leo-novak/profil/spieler/138739","Left-Back","24","Croatia","NK Zagreb","SuperSport HNL","Croatia",NA,FALSE,"?","Winter",14,13,0,982
"FC Brasov (- 2017)",NA,NA,"2014","Arrivals","Marko Bencun","https://www.transfermarkt.com/marko-bencun/profil/spieler/214103","Second Striker","22","Croatia","Hajduk Split","SuperSport HNL","Croatia",NA,TRUE,"loan transfer","Winter",14,13,2,951
"FC Brasov (- 2017)",NA,NA,"2014","Arrivals","Damir Zlomislic","https://www.transfermarkt.com/damir-zlomislic/profil/spieler/129549","Defensive Midfield","23","Bosnia-Herzegovina","HNK Rijeka","SuperSport HNL","Croatia",NA,TRUE,"loan transfer","Winter",17,14,0,1075
"FC Brasov (- 2017)",NA,NA,"2014","Arrivals","Gabriel Matei","https://www.transfermarkt.com/gabriel-matei/profil/spieler/131882","Right-Back","24","Romania","FCSB","SuperLiga","Romania",NA,TRUE,"loan transfer","Winter",11,10,0,743
"FC Brasov (- 2017)",NA,NA,"2014","Departures","Rareș Enceanu","https://www.transfermarkt.com/rares-enceanu/profil/spieler/221811","Central Midfield","20","Romania","FCSB","SuperLiga","Romania",250000,FALSE,NA,"Winter",18,16,0,779
"FC Brasov (- 2017)",NA,NA,"2014","Departures","Ricardo Machado","https://www.transfermarkt.com/ricardo-machado/profil/spieler/164198","Centre-Back","26","Portugal","FC Dinamo","SuperLiga","Romania",0,FALSE,NA,"Winter",15,15,2,1323
"FC Brasov (- 2017)",NA,NA,"2014","Departures","Serginho","https://www.transfermarkt.com/serginho/profil/spieler/24943","Left-Back","29","Portugal","FC Dinamo","SuperLiga","Romania",0,FALSE,NA,"Winter",19,19,1,1604
"FC Brasov (- 2017)",NA,NA,"2014","Departures","Alexandru Vagner","https://www.transfermarkt.com/alexandru-vagner/profil/spieler/48755","Right-Back","25","Romania","Concordia","SuperLiga","Romania",0,FALSE,NA,"Winter",17,14,0,1071
"FC Brasov (- 2017)",NA,NA,"2014","Departures","Bruno Madeira","https://www.transfermarkt.com/bruno-madeira/profil/spieler/35859","Defensive Midfield","30","Portugal","Concordia","SuperLiga","Romania",0,FALSE,NA,"Winter",15,14,0,1050
"FC Brasov (- 2017)",NA,NA,"2014","Departures","Ștefan Grigorie","https://www.transfermarkt.com/stefan-grigorie/profil/spieler/26037","Attacking Midfield","32","Romania","Concordia","SuperLiga","Romania",0,FALSE,NA,"Winter",16,16,2,1254
"FC Brasov (- 2017)",NA,NA,"2014","Departures","Horia Popa","https://www.transfermarkt.com/horia-popa/profil/spieler/247955","Defensive Midfield","21","Romania","FC Caransebes","Liga II - Seria II","Romania",0,FALSE,NA,"Winter",8,2,1,57
"FC Brasov (- 2017)",NA,NA,"2014","Departures","Cătălin Munteanu","https://www.transfermarkt.com/catalin-munteanu/profil/spieler/16615","Attacking Midfield","35","Romania","FCV Farul","SuperLiga","Romania",0,FALSE,NA,"Winter",18,16,0,924
"FC Brasov (- 2017)",NA,NA,"2014","Departures","Gabriel Frincu","https://www.transfermarkt.com/gabriel-frincu/profil/spieler/317495","Centre-Back","27","Romania","Tarlungeni","Liga II - Seria II","Romania",0,FALSE,NA,"Winter",5,1,0,90
"FC Brasov (- 2017)",NA,NA,"2014","Departures","Alexandru Grigoraș","https://www.transfermarkt.com/alexandru-grigoras/profil/spieler/203090","Centre-Forward","25","Romania","Farul Constanta","Liga 2","Romania",0,FALSE,NA,"Winter",3,3,0,52
"FC Brasov (- 2017)",NA,NA,"2014","Departures","Andrei Suciu","https://www.transfermarkt.com/andrei-suciu/profil/spieler/322048","Centre-Forward","16","Romania","FC Nöttingen II",NA,"Germany",0,FALSE,NA,"Winter",NA,NA,NA,NA
"FC Brasov (- 2017)",NA,NA,"2014","Departures","Andrei Marinescu","https://www.transfermarkt.com/andrei-marinescu/profil/spieler/45052","Goalkeeper","30","Romania","Without Club",NA,NA,NA,FALSE,"-","Winter",10,6,0,540
"FC Brasov (- 2017)",NA,NA,"2014","Departures","Alin Șeroni","https://www.transfermarkt.com/alin-seroni/profil/spieler/243846","Centre-Back","27","Romania","Without Club",NA,NA,NA,FALSE,"-","Winter",NA,NA,NA,NA
"FC Brasov (- 2017)",NA,NA,"2014","Departures","Calin Cristea","https://www.transfermarkt.com/calin-cristea/profil/spieler/123284","Central Midfield","26","Romania","Without Club",NA,NA,NA,FALSE,"-","Winter",10,5,0,395
"FC Brasov (- 2017)",NA,NA,"2014","Departures","Sebastian Remes","https://www.transfermarkt.com/sebastian-remes/profil/spieler/160401","Centre-Back","23","Romania","Without Club",NA,NA,NA,FALSE,"-","Winter",1,0,0,0
"CSM Ceahlaul Piatra Neamt","Liga 2","Romania","2014","Arrivals","George Cîrjan","https://www.transfermarkt.com/george-cirjan/profil/spieler/213640","Centre-Forward","25","Romania","FC Botosani","SuperLiga","Romania",0,FALSE,NA,"Summer",28,24,3,1503
"CSM Ceahlaul Piatra Neamt","Liga 2","Romania","2014","Arrivals","Tudor Mandrusca","https://www.transfermarkt.com/tudor-mandrusca/profil/spieler/241293","Centre-Forward","25","Romania","CFR Cluj","SuperLiga","Romania",0,FALSE,NA,"Summer",15,11,1,467
"CSM Ceahlaul Piatra Neamt","Liga 2","Romania","2014","Arrivals","Oleg Clonin","https://www.transfermarkt.com/oleg-clonin/profil/spieler/98809","Centre-Back","26","Moldova","Ac. Chisinau","Divizia Nationala (-2017)","Moldova",0,FALSE,NA,"Summer",11,7,0,600
"CSM Ceahlaul Piatra Neamt","Liga 2","Romania","2014","Arrivals","Daniel Stana","https://www.transfermarkt.com/daniel-stana/profil/spieler/200476","Attacking Midfield","32","Romania","Without Club",NA,NA,NA,FALSE,"-","Summer",3,3,1,235
"CSM Ceahlaul Piatra Neamt","Liga 2","Romania","2014","Arrivals","Andrei Pavel","https://www.transfermarkt.com/andrei-pavel/profil/spieler/210372","Centre-Forward","21","Romania","Ceahlaul II",NA,"Romania",NA,FALSE,"-","Summer",18,18,2,942
"CSM Ceahlaul Piatra Neamt","Liga 2","Romania","2014","Arrivals","Gelu Velici","https://www.transfermarkt.com/gelu-velici/profil/spieler/238515","Centre-Forward","22","Romania","FC Dinamo","SuperLiga","Romania",NA,TRUE,"End of loan Jun 30, 2014","Summer",NA,NA,NA,NA
"CSM Ceahlaul Piatra Neamt","Liga 2","Romania","2014","Arrivals","Razvan Gorea","https://www.transfermarkt.com/razvan-gorea/profil/spieler/337667","Centre-Back","21","Romania","Cetatea Tg. Nt.",NA,"Romania",NA,TRUE,"End of loan Jun 30, 2014","Summer",23,13,0,1013
"CSM Ceahlaul Piatra Neamt","Liga 2","Romania","2014","Departures","Gelu Velici","https://www.transfermarkt.com/gelu-velici/profil/spieler/238515","Centre-Forward","22","Romania","FC Dinamo","SuperLiga","Romania",25000,FALSE,NA,"Summer",NA,NA,NA,NA
"CSM Ceahlaul Piatra Neamt","Liga 2","Romania","2014","Departures","Bojan Golubovic","https://www.transfermarkt.com/bojan-golubovic/profil/spieler/37290","Centre-Forward","30","Serbia","Sönderjyske","Superliga","Denmark",0,FALSE,NA,"Summer",NA,NA,NA,NA
"CSM Ceahlaul Piatra Neamt","Liga 2","Romania","2014","Departures","Daniel Stana","https://www.transfermarkt.com/daniel-stana/profil/spieler/200476","Attacking Midfield","31","Romania","CFR Cluj","SuperLiga","Romania",0,FALSE,NA,"Summer",3,3,1,235
"CSM Ceahlaul Piatra Neamt","Liga 2","Romania","2014","Departures","Lucas García","https://www.transfermarkt.com/lucas-garcia/profil/spieler/200470","Left Winger","26","Argentina","FC Honka","Veikkausliiga","Finland",0,FALSE,NA,"Summer",4,4,0,114
"CSM Ceahlaul Piatra Neamt","Liga 2","Romania","2014","Departures","Marian Constantinescu","https://www.transfermarkt.com/marian-constantinescu/profil/spieler/46520","Attacking Midfield","32","Romania","FC Brasov","SuperLiga","Romania",0,FALSE,NA,"Summer",NA,NA,NA,NA
"CSM Ceahlaul Piatra Neamt","Liga 2","Romania","2014","Departures","Gabriel Canu","https://www.transfermarkt.com/gabriel-canu/profil/spieler/25927","Centre-Back","33","Romania","ACS Poli","Liga II - Seria II","Romania",0,FALSE,NA,"Summer",NA,NA,NA,NA
"CSM Ceahlaul Piatra Neamt","Liga 2","Romania","2014","Departures","Emil Jula","https://www.transfermarkt.com/emil-jula/profil/spieler/47424","Centre-Forward","34","Romania","U Cluj","SuperLiga","Romania",0,FALSE,NA,"Summer",NA,NA,NA,NA
"CSM Ceahlaul Piatra Neamt","Liga 2","Romania","2014","Departures","Andre Ntambue","https://www.transfermarkt.com/andre-ntambue/profil/spieler/311702","Centre-Forward","22","Netherlands","Géants Athois",NA,"Belgium",0,FALSE,NA,"Summer",NA,NA,NA,NA
"CSM Ceahlaul Piatra Neamt","Liga 2","Romania","2014","Departures","Justin Jake Lopes","https://www.transfermarkt.com/justin-jake-lopes/profil/spieler/306833","Left-Back","21","Netherlands","Noordwijk",NA,"Netherlands",0,FALSE,NA,"Summer",NA,NA,NA,NA
"CSM Ceahlaul Piatra Neamt","Liga 2","Romania","2014","Departures","Dragos Mateiuc","https://www.transfermarkt.com/dragos-mateiuc/profil/spieler/339651","Midfielder","21","Romania","FCM Dorohoi","Liga 2","Romania",0,FALSE,NA,"Summer",NA,NA,NA,NA
"CSM Ceahlaul Piatra Neamt","Liga 2","Romania","2014","Departures","Catalin Chis","https://www.transfermarkt.com/catalin-chis/profil/spieler/207478","Right Midfield","26","Romania","Without Club",NA,NA,NA,FALSE,"-","Summer",NA,NA,NA,NA
"CSM Ceahlaul Piatra Neamt","Liga 2","Romania","2014","Arrivals","Milos Markovic","https://www.transfermarkt.com/milos-markovic/profil/spieler/106236","Right-Back","28","Serbia","Rad","Super liga Srbije","Serbia",0,FALSE,NA,"Winter",16,15,1,1305
"CSM Ceahlaul Piatra Neamt","Liga 2","Romania","2014","Arrivals","Valentin Balint","https://www.transfermarkt.com/valentin-balint/profil/spieler/220911","Centre-Forward","20","Romania","FC Rapid 1923","SuperLiga","Romania",0,FALSE,NA,"Winter",14,12,1,744
"CSM Ceahlaul Piatra Neamt","Liga 2","Romania","2014","Arrivals","Vinko Buden","https://www.transfermarkt.com/vinko-buden/profil/spieler/58496","Centre-Back","29","Croatia","NK Krka","Prva Liga","Slovenia",NA,FALSE,"?","Winter",13,11,1,857
"CSM Ceahlaul Piatra Neamt","Liga 2","Romania","2014","Arrivals","Francisco Torres","https://www.transfermarkt.com/francisco-torres/profil/spieler/195273","Centre-Forward","25","Brazil","Mikkelin","Ykkösliiga","Finland",NA,FALSE,"?","Winter",8,7,1,403
"CSM Ceahlaul Piatra Neamt","Liga 2","Romania","2014","Arrivals","Olivér Nagy","https://www.transfermarkt.com/oliver-nagy/profil/spieler/110748","Attacking Midfield","26","Hungary","Haladás","NB I.","Hungary",NA,TRUE,"loan transfer","Winter",8,3,0,168
"CSM Ceahlaul Piatra Neamt","Liga 2","Romania","2014","Arrivals","Alexandru Aldea","https://www.transfermarkt.com/alexandru-aldea/profil/spieler/289231","Centre-Back","19","Romania","FCSB","SuperLiga","Romania",NA,TRUE,"loan transfer","Winter",10,5,0,237
"CSM Ceahlaul Piatra Neamt","Liga 2","Romania","2014","Arrivals","Wellyson","https://www.transfermarkt.com/wellyson/profil/spieler/361495","Centre-Back","20","Brazil","Taboão Serra",NA,"Brazil",NA,TRUE,"loan transfer","Winter",14,13,0,1014
"CSM Ceahlaul Piatra Neamt","Liga 2","Romania","2014","Arrivals","Dimitrios Sialmas","https://www.transfermarkt.com/dimitrios-sialmas/profil/spieler/46073","Centre-Forward","28","Greece","Without Club",NA,NA,NA,FALSE,"-","Winter",9,9,3,623
"CSM Ceahlaul Piatra Neamt","Liga 2","Romania","2014","Arrivals","Alessandro Vono","https://www.transfermarkt.com/alessandro-vono/profil/spieler/88880","Goalkeeper","26","Italy","Without Club",NA,NA,NA,FALSE,"-","Winter",1,0,0,0
"CSM Ceahlaul Piatra Neamt","Liga 2","Romania","2014","Arrivals","Rafael Kneif","https://www.transfermarkt.com/rafael-kneif/profil/spieler/252434","Left Winger","22","Brazil","Without Club",NA,NA,NA,FALSE,"-","Winter",17,14,0,1016
"CSM Ceahlaul Piatra Neamt","Liga 2","Romania","2014","Arrivals","Christian Chirieletti","https://www.transfermarkt.com/christian-chirieletti/profil/spieler/268221","Right-Back","26","Italy","Without Club",NA,NA,NA,FALSE,"-","Winter",7,4,0,292
"CSM Ceahlaul Piatra Neamt","Liga 2","Romania","2014","Arrivals","Paul Mateciuc","https://www.transfermarkt.com/paul-mateciuc/profil/spieler/321550","Centre-Back","19","Romania","Ceahlaul II",NA,"Romania",NA,FALSE,"-","Winter",10,1,0,7
"CSM Ceahlaul Piatra Neamt","Liga 2","Romania","2014","Departures","Andrei Dumitraș","https://www.transfermarkt.com/andrei-dumitras/profil/spieler/143833","Right-Back","26","Romania","CS U Craiova","SuperLiga","Romania",1e+05,FALSE,NA,"Winter",14,14,2,1253
"CSM Ceahlaul Piatra Neamt","Liga 2","Romania","2014","Departures","Andrei Marc","https://www.transfermarkt.com/andrei-marc/profil/spieler/129608","Centre-Back","21","Romania","FC Dinamo","SuperLiga","Romania",0,FALSE,NA,"Winter",18,18,1,1677
"CSM Ceahlaul Piatra Neamt","Liga 2","Romania","2014","Departures","Marius Onciu","https://www.transfermarkt.com/marius-onciu/profil/spieler/124143","Central Midfield","27","Romania","Foresta Suceava","Liga 2","Romania",0,FALSE,NA,"Winter",18,16,0,1304
"CSM Ceahlaul Piatra Neamt","Liga 2","Romania","2014","Departures","Andrei Pavel","https://www.transfermarkt.com/andrei-pavel/profil/spieler/210372","Centre-Forward","22","Romania","Gauss Bacau","Liga 2","Romania",0,FALSE,NA,"Winter",18,18,2,942
"CSM Ceahlaul Piatra Neamt","Liga 2","Romania","2014","Departures","Oleg Clonin","https://www.transfermarkt.com/oleg-clonin/profil/spieler/98809","Centre-Back","27","Moldova","Ac. Chisinau","Divizia Nationala (-2017)","Moldova",0,FALSE,NA,"Winter",11,7,0,600
"CSM Ceahlaul Piatra Neamt","Liga 2","Romania","2014","Departures","Tudor Mandrusca","https://www.transfermarkt.com/tudor-mandrusca/profil/spieler/241293","Centre-Forward","26","Romania","Unirea Jucu",NA,"Romania",0,FALSE,NA,"Winter",15,11,1,467
